STARTFONT 2.1
COMMENT
COMMENT Converted from OpenType font "IosevkaCustom-Bold.ttf" by "otf2bdf 3.0".
COMMENT
FONT -FreeType-Iosevka Custom-Bold-R-Normal--24-240-72-72-C-113-ISO10646-1
SIZE 24 72 72
FONTBOUNDINGBOX 58 44 -29 -14
STARTPROPERTIES 19
FOUNDRY "FreeType"
FAMILY_NAME "Iosevka Custom"
WEIGHT_NAME "Bold"
SLANT "R"
SETWIDTH_NAME "Normal"
ADD_STYLE_NAME ""
PIXEL_SIZE 24
POINT_SIZE 240
RESOLUTION_X 72
RESOLUTION_Y 72
SPACING "C"
AVERAGE_WIDTH 113
CHARSET_REGISTRY "ISO10646"
CHARSET_ENCODING "1"
FONT_ASCENT 23
FONT_DESCENT 5
COPYRIGHT "Copyright 2015-2026, Renzhi Li (aka. Belleve Invis, belleve@typeof.net)."
_OTF_FONTFILE "IosevkaCustom-Bold.ttf"
_OTF_PSNAME "Iosevka-Custom-Bold"
ENDPROPERTIES
CHARS 5020
STARTCHAR 000D
ENCODING 13
SWIDTH 0 0
DWIDTH 0 0
BBX 0 0 0 0
BITMAP
ENDCHAR
STARTCHAR 0020
ENCODING 32
SWIDTH 583 0
DWIDTH 14 0
BBX 0 0 0 0
BITMAP
ENDCHAR
STARTCHAR 0021
ENCODING 33
SWIDTH 583 0
DWIDTH 14 0
BBX 4 18 5 0
BITMAP
E0
E0
E0
E0
E0
E0
E0
E0
E0
E0
E0
00
00
00
F0
F0
F0
F0
ENDCHAR
STARTCHAR 0022
ENCODING 34
SWIDTH 583 0
DWIDTH 14 0
BBX 9 8 3 11
BITMAP
E380
E380
E380
E380
E380
E380
E380
E380
ENDCHAR
STARTCHAR 0023
ENCODING 35
SWIDTH 583 0
DWIDTH 14 0
BBX 13 18 1 0
BITMAP
0E30
0E70
0C70
0C70
0C70
7FF8
7FF8
18E0
18E0
38C0
38C0
39C0
FFF0
FFF0
7180
7180
7380
6380
ENDCHAR
STARTCHAR 0024
ENCODING 36
SWIDTH 583 0
DWIDTH 14 0
BBX 10 23 2 -3
BITMAP
0E00
0E00
0E00
3FC0
7FC0
FFC0
EDC0
EDC0
EC00
FC00
7C00
3F00
0F80
0FC0
0DC0
EDC0
EDC0
FFC0
FF80
EF00
0E00
0E00
0E00
ENDCHAR
STARTCHAR 0025
ENCODING 37
SWIDTH 583 0
DWIDTH 14 0
BBX 13 18 1 0
BITMAP
7870
FC70
FCE0
DCE0
DDC0
DDC0
FF80
7B00
0700
07F0
0FF8
0FF8
1FB8
1BB8
33B8
33B8
63F8
E1F0
ENDCHAR
STARTCHAR 0026
ENCODING 38
SWIDTH 583 0
DWIDTH 14 0
BBX 12 18 2 0
BITMAP
1F00
7F80
7FC0
E1C0
E000
E000
E1C0
79C0
3FF0
7FF0
71C0
E1C0
E1C0
E1C0
E1C0
F3C0
7FC0
3DC0
ENDCHAR
STARTCHAR 0027
ENCODING 39
SWIDTH 583 0
DWIDTH 14 0
BBX 3 8 6 11
BITMAP
E0
E0
E0
E0
E0
E0
E0
E0
ENDCHAR
STARTCHAR 0028
ENCODING 40
SWIDTH 583 0
DWIDTH 14 0
BBX 8 24 2 -4
BITMAP
0F
3F
7C
70
F0
E0
E0
E0
E0
E0
E0
E0
E0
E0
E0
E0
E0
E0
E0
70
78
3F
1F
07
ENDCHAR
STARTCHAR 0029
ENCODING 41
SWIDTH 583 0
DWIDTH 14 0
BBX 8 24 4 -4
BITMAP
F0
FC
3C
0E
0E
07
07
07
07
07
07
07
07
07
07
07
07
07
0F
0E
1E
FC
F8
E0
ENDCHAR
STARTCHAR 002A
ENCODING 42
SWIDTH 583 0
DWIDTH 14 0
BBX 11 12 2 6
BITMAP
0E00
0E00
4E40
EEE0
FFE0
3F80
3F80
FFE0
EFE0
4E40
0E00
0E00
ENDCHAR
STARTCHAR 002B
ENCODING 43
SWIDTH 583 0
DWIDTH 14 0
BBX 10 11 2 3
BITMAP
0E00
0E00
0E00
0E00
0E00
FFC0
FFC0
0E00
0E00
0E00
0E00
ENDCHAR
STARTCHAR 002C
ENCODING 44
SWIDTH 583 0
DWIDTH 14 0
BBX 4 9 5 -5
BITMAP
F0
F0
F0
F0
30
30
60
E0
C0
ENDCHAR
STARTCHAR 002D
ENCODING 45
SWIDTH 583 0
DWIDTH 14 0
BBX 10 2 2 7
BITMAP
FFC0
FFC0
ENDCHAR
STARTCHAR 002E
ENCODING 46
SWIDTH 583 0
DWIDTH 14 0
BBX 4 4 5 0
BITMAP
F0
F0
F0
F0
ENDCHAR
STARTCHAR 002F
ENCODING 47
SWIDTH 583 0
DWIDTH 14 0
BBX 10 24 2 -4
BITMAP
01C0
01C0
01C0
0380
0380
0380
0300
0700
0700
0600
0E00
0E00
0E00
1C00
1C00
1C00
3800
3800
3800
7000
7000
7000
E000
E000
ENDCHAR
STARTCHAR 0030
ENCODING 48
SWIDTH 583 0
DWIDTH 14 0
BBX 11 18 2 0
BITMAP
1F00
7FC0
7BC0
E1E0
E0E0
E1E0
E3E0
E7E0
EEE0
ECE0
FCE0
F8E0
F0E0
E0E0
E0E0
7BC0
7FC0
1F00
ENDCHAR
STARTCHAR 0031
ENCODING 49
SWIDTH 583 0
DWIDTH 14 0
BBX 10 18 2 0
BITMAP
1E00
3E00
7E00
EE00
CE00
0E00
0E00
0E00
0E00
0E00
0E00
0E00
0E00
0E00
0E00
0E00
FFC0
FFC0
ENDCHAR
STARTCHAR 0032
ENCODING 50
SWIDTH 583 0
DWIDTH 14 0
BBX 11 18 2 0
BITMAP
1F00
3FC0
7BC0
70E0
E0E0
00E0
00E0
01E0
03C0
0380
0700
0E00
1E00
3C00
78E0
F0E0
FFE0
FFE0
ENDCHAR
STARTCHAR 0033
ENCODING 51
SWIDTH 583 0
DWIDTH 14 0
BBX 11 18 2 0
BITMAP
FFC0
FFC0
01C0
0380
0700
0E00
1C00
1F00
1FC0
01C0
00E0
00E0
00E0
E0E0
E1E0
7FC0
7F80
1F00
ENDCHAR
STARTCHAR 0034
ENCODING 52
SWIDTH 583 0
DWIDTH 14 0
BBX 11 18 2 0
BITMAP
0380
0700
0700
0E00
0E00
1C00
1C00
3800
3B80
7380
7380
E380
FFE0
FFE0
0380
0380
07E0
07E0
ENDCHAR
STARTCHAR 0035
ENCODING 53
SWIDTH 583 0
DWIDTH 14 0
BBX 10 18 3 0
BITMAP
FF80
FF80
E180
E180
E000
E000
E000
FE00
FF80
0780
03C0
01C0
01C0
01C0
E1C0
F780
7F80
3E00
ENDCHAR
STARTCHAR 0036
ENCODING 54
SWIDTH 583 0
DWIDTH 14 0
BBX 11 18 2 0
BITMAP
1F00
7FC0
7BC0
E0E0
E0E0
E000
E000
EF80
FFC0
F1E0
E0E0
E0E0
E0E0
E0E0
E0E0
7FC0
7FC0
1F00
ENDCHAR
STARTCHAR 0037
ENCODING 55
SWIDTH 583 0
DWIDTH 14 0
BBX 10 18 2 0
BITMAP
FFC0
FFC0
E1C0
E1C0
0180
0380
0380
0300
0700
0700
0700
0600
0E00
0E00
0C00
1C00
1C00
1800
ENDCHAR
STARTCHAR 0038
ENCODING 56
SWIDTH 583 0
DWIDTH 14 0
BBX 11 18 2 0
BITMAP
1F00
7F80
7FC0
E1C0
E1C0
E1C0
73C0
7F80
3F00
3F80
7BC0
F1C0
E0E0
E0E0
E0E0
FFC0
7FC0
1F00
ENDCHAR
STARTCHAR 0039
ENCODING 57
SWIDTH 583 0
DWIDTH 14 0
BBX 11 18 2 0
BITMAP
1F00
7FC0
7BC0
E0E0
E0E0
E0E0
E0E0
E0E0
F1E0
7FE0
3EE0
00E0
00E0
E0E0
E0E0
FFC0
7FC0
1F00
ENDCHAR
STARTCHAR 003A
ENCODING 58
SWIDTH 583 0
DWIDTH 14 0
BBX 4 13 5 0
BITMAP
F0
F0
F0
F0
00
00
00
00
00
F0
F0
F0
F0
ENDCHAR
STARTCHAR 003B
ENCODING 59
SWIDTH 583 0
DWIDTH 14 0
BBX 4 18 5 -5
BITMAP
F0
F0
F0
F0
00
00
00
00
00
F0
F0
F0
F0
30
30
60
E0
C0
ENDCHAR
STARTCHAR 003C
ENCODING 60
SWIDTH 583 0
DWIDTH 14 0
BBX 11 15 2 1
BITMAP
0040
00C0
03C0
0F80
1E00
7C00
F000
C000
F000
7800
3E00
0F00
03C0
01E0
0040
ENDCHAR
STARTCHAR 003D
ENCODING 61
SWIDTH 583 0
DWIDTH 14 0
BBX 10 7 2 5
BITMAP
FFC0
FFC0
0000
0000
0000
FFC0
FFC0
ENDCHAR
STARTCHAR 003E
ENCODING 62
SWIDTH 583 0
DWIDTH 14 0
BBX 11 15 1 1
BITMAP
4000
6000
7800
3E00
0F00
07C0
01E0
0060
01E0
03C0
0F80
1E00
7800
F000
4000
ENDCHAR
STARTCHAR 003F
ENCODING 63
SWIDTH 583 0
DWIDTH 14 0
BBX 11 18 2 0
BITMAP
1F00
3FC0
7FC0
70E0
F0E0
00E0
00E0
01E0
0FC0
0F80
0E00
0E00
0000
0000
0F00
0F00
0F00
0F00
ENDCHAR
STARTCHAR 0040
ENCODING 64
SWIDTH 583 0
DWIDTH 14 0
BBX 13 21 1 -2
BITMAP
3FE0
7FF0
F070
E038
C018
CF98
CF98
CD98
CD98
CD98
CD98
CD98
CD98
CD98
CDF8
CFF8
C7F0
E000
7C00
3FF0
1FF0
ENDCHAR
STARTCHAR 0041
ENCODING 65
SWIDTH 583 0
DWIDTH 14 0
BBX 12 18 1 0
BITMAP
0F00
0F00
0F00
0F00
0F00
1F80
1F80
1980
1980
39C0
3FC0
3FC0
38C0
70C0
70E0
70E0
F9F0
F9F0
ENDCHAR
STARTCHAR 0042
ENCODING 66
SWIDTH 583 0
DWIDTH 14 0
BBX 12 18 1 0
BITMAP
FF00
FFC0
73C0
70E0
70E0
70E0
70E0
73C0
7F80
7FC0
70E0
7070
7070
7070
70F0
73E0
FFC0
FF80
ENDCHAR
STARTCHAR 0043
ENCODING 67
SWIDTH 583 0
DWIDTH 14 0
BBX 11 18 2 0
BITMAP
1F80
7FE0
7FE0
E0E0
E0E0
E000
E000
E000
E000
E000
E000
E000
E000
E0E0
E1E0
7FC0
7FC0
1F00
ENDCHAR
STARTCHAR 0044
ENCODING 68
SWIDTH 583 0
DWIDTH 14 0
BBX 11 18 1 0
BITMAP
FF00
FFC0
73C0
70E0
70E0
70E0
70E0
70E0
70E0
70E0
70E0
70E0
70E0
70E0
70E0
77C0
FF80
FF00
ENDCHAR
STARTCHAR 0045
ENCODING 69
SWIDTH 583 0
DWIDTH 14 0
BBX 11 18 1 0
BITMAP
FFE0
FFE0
70E0
70E0
7000
7000
7000
7000
7F00
7F00
7000
7000
7000
7000
70E0
70E0
FFE0
FFE0
ENDCHAR
STARTCHAR 0046
ENCODING 70
SWIDTH 583 0
DWIDTH 14 0
BBX 11 18 2 0
BITMAP
FFE0
FFE0
70E0
70E0
7000
7000
7000
7000
7F00
7F00
7000
7000
7000
7000
7000
7000
FC00
FC00
ENDCHAR
STARTCHAR 0047
ENCODING 71
SWIDTH 583 0
DWIDTH 14 0
BBX 11 18 2 0
BITMAP
3EE0
7FE0
FFE0
E0E0
E0E0
E000
E000
E000
E7E0
E7E0
E0E0
E0E0
E0E0
E0E0
E0E0
F1E0
7EE0
3CE0
ENDCHAR
STARTCHAR 0048
ENCODING 72
SWIDTH 583 0
DWIDTH 14 0
BBX 12 18 1 0
BITMAP
F9F0
F9F0
70E0
70E0
70E0
70E0
70E0
70E0
7FE0
7FE0
70E0
70E0
70E0
70E0
70E0
70E0
F9F0
F9F0
ENDCHAR
STARTCHAR 0049
ENCODING 73
SWIDTH 583 0
DWIDTH 14 0
BBX 10 18 2 0
BITMAP
FFC0
FFC0
1C00
1C00
1C00
1C00
1C00
1C00
1C00
1C00
1C00
1C00
1C00
1C00
1C00
1C00
FFC0
FFC0
ENDCHAR
STARTCHAR 004A
ENCODING 74
SWIDTH 583 0
DWIDTH 14 0
BBX 10 18 2 0
BITMAP
0FC0
0FC0
01C0
01C0
01C0
01C0
01C0
01C0
01C0
01C0
01C0
01C0
01C0
E1C0
E1C0
FF80
7F80
3E00
ENDCHAR
STARTCHAR 004B
ENCODING 75
SWIDTH 583 0
DWIDTH 14 0
BBX 12 18 1 0
BITMAP
F8F0
F9F0
71C0
7380
7380
7700
7600
7E00
7E00
7E00
7F00
7700
7380
7380
71C0
71C0
F8F0
F8F0
ENDCHAR
STARTCHAR 004C
ENCODING 76
SWIDTH 583 0
DWIDTH 14 0
BBX 11 18 2 0
BITMAP
FC00
FC00
7000
7000
7000
7000
7000
7000
7000
7000
7000
7000
7000
7000
70E0
70E0
FFE0
FFE0
ENDCHAR
STARTCHAR 004D
ENCODING 77
SWIDTH 583 0
DWIDTH 14 0
BBX 13 18 1 0
BITMAP
F078
F078
7878
78F8
78F8
78F8
7DF8
7DB8
75B8
77B8
7738
7738
7738
7038
7038
7038
F078
F078
ENDCHAR
STARTCHAR 004E
ENCODING 78
SWIDTH 583 0
DWIDTH 14 0
BBX 12 18 1 0
BITMAP
F1F0
F9F0
78E0
78E0
7CE0
7CE0
7CE0
76E0
76E0
76E0
73E0
73E0
73E0
71E0
71E0
71E0
F9E0
F8E0
ENDCHAR
STARTCHAR 004F
ENCODING 79
SWIDTH 583 0
DWIDTH 14 0
BBX 11 18 2 0
BITMAP
1F00
7FC0
7BC0
E1E0
E0E0
E0E0
E0E0
E0E0
E0E0
E0E0
E0E0
E0E0
E0E0
E0E0
E1E0
7BC0
7FC0
1F00
ENDCHAR
STARTCHAR 0050
ENCODING 80
SWIDTH 583 0
DWIDTH 14 0
BBX 11 18 2 0
BITMAP
FF00
FFC0
73C0
70E0
70E0
70E0
70E0
70E0
73C0
7FC0
7F80
7000
7000
7000
7000
7000
FC00
FC00
ENDCHAR
STARTCHAR 0051
ENCODING 81
SWIDTH 583 0
DWIDTH 14 0
BBX 12 19 2 -1
BITMAP
1F00
7FC0
7BC0
E1E0
E0E0
E0E0
E0E0
E0E0
E0E0
E0E0
E0E0
EEE0
E6E0
E7E0
E3E0
7FC0
7FC0
1FE0
0070
ENDCHAR
STARTCHAR 0052
ENCODING 82
SWIDTH 583 0
DWIDTH 14 0
BBX 13 18 1 0
BITMAP
FF80
FFE0
71E0
7070
7070
7070
7070
7070
71E0
7FE0
7F80
7380
73C0
71C0
71E0
70E0
F8F8
F878
ENDCHAR
STARTCHAR 0053
ENCODING 83
SWIDTH 583 0
DWIDTH 14 0
BBX 10 18 2 0
BITMAP
3DC0
7FC0
FFC0
E1C0
E1C0
E000
F000
7800
3E00
1F00
0780
03C0
01C0
E1C0
E1C0
FFC0
FF80
EF00
ENDCHAR
STARTCHAR 0054
ENCODING 84
SWIDTH 583 0
DWIDTH 14 0
BBX 11 18 2 0
BITMAP
FFE0
FFE0
EEE0
EEE0
0E00
0E00
0E00
0E00
0E00
0E00
0E00
0E00
0E00
0E00
0E00
0E00
3F80
3F80
ENDCHAR
STARTCHAR 0055
ENCODING 85
SWIDTH 583 0
DWIDTH 14 0
BBX 12 18 1 0
BITMAP
F9F0
F9F0
70E0
70E0
70E0
70E0
70E0
70E0
70E0
70E0
70E0
70E0
70E0
70E0
70E0
3FC0
3FC0
0F00
ENDCHAR
STARTCHAR 0056
ENCODING 86
SWIDTH 583 0
DWIDTH 14 0
BBX 13 18 1 0
BITMAP
F8F8
F8F8
7070
3070
38E0
38E0
38E0
38E0
18C0
1DC0
1DC0
1DC0
0D80
0D80
0F80
0F80
0F80
0700
ENDCHAR
STARTCHAR 0057
ENCODING 87
SWIDTH 583 0
DWIDTH 14 0
BBX 13 18 1 0
BITMAP
F078
F078
6030
6030
6030
6730
6730
7770
7770
3560
3DE0
3DE0
3DE0
3DE0
3DE0
38E0
38E0
18C0
ENDCHAR
STARTCHAR 0058
ENCODING 88
SWIDTH 583 0
DWIDTH 14 0
BBX 12 18 1 0
BITMAP
F9F0
F9F0
39C0
39C0
1F80
1F80
0F00
0F00
0600
0600
0F00
0F00
1F80
1F80
39C0
39C0
F9F0
F9F0
ENDCHAR
STARTCHAR 0059
ENCODING 89
SWIDTH 583 0
DWIDTH 14 0
BBX 12 18 1 0
BITMAP
F9F0
F9F0
38E0
38E0
39C0
1DC0
1F80
0F80
0F80
0700
0700
0700
0700
0700
0700
0700
1FC0
1FC0
ENDCHAR
STARTCHAR 005A
ENCODING 90
SWIDTH 583 0
DWIDTH 14 0
BBX 11 18 2 0
BITMAP
FFE0
FFE0
E1E0
E1C0
03C0
0780
0780
0F00
0F00
1E00
1E00
3C00
3800
7800
70E0
F0E0
FFE0
FFE0
ENDCHAR
STARTCHAR 005B
ENCODING 91
SWIDTH 583 0
DWIDTH 14 0
BBX 8 24 4 -4
BITMAP
FF
FF
E0
E0
E0
E0
E0
E0
E0
E0
E0
E0
E0
E0
E0
E0
E0
E0
E0
E0
E0
E0
FF
FF
ENDCHAR
STARTCHAR 005C
ENCODING 92
SWIDTH 583 0
DWIDTH 14 0
BBX 10 24 2 -4
BITMAP
E000
E000
7000
7000
7000
3800
3800
3800
1C00
1C00
1C00
0E00
0E00
0E00
0600
0700
0700
0300
0380
0380
0380
01C0
01C0
01C0
ENDCHAR
STARTCHAR 005D
ENCODING 93
SWIDTH 583 0
DWIDTH 14 0
BBX 8 24 3 -4
BITMAP
FF
FF
07
07
07
07
07
07
07
07
07
07
07
07
07
07
07
07
07
07
07
07
FF
FF
ENDCHAR
STARTCHAR 005E
ENCODING 94
SWIDTH 583 0
DWIDTH 14 0
BBX 12 7 1 11
BITMAP
0F00
0F80
1FC0
39C0
78E0
F070
6060
ENDCHAR
STARTCHAR 005F
ENCODING 95
SWIDTH 583 0
DWIDTH 14 0
BBX 10 2 2 -2
BITMAP
FFC0
FFC0
ENDCHAR
STARTCHAR 0060
ENCODING 96
SWIDTH 583 0
DWIDTH 14 0
BBX 7 7 3 13
BITMAP
40
E0
F0
78
3C
1E
08
ENDCHAR
STARTCHAR 0061
ENCODING 97
SWIDTH 583 0
DWIDTH 14 0
BBX 12 13 2 0
BITMAP
3F00
7FC0
FBC0
E0E0
00E0
1FE0
7FE0
F8E0
E0E0
E0E0
FBE0
7FF0
3CF0
ENDCHAR
STARTCHAR 0062
ENCODING 98
SWIDTH 583 0
DWIDTH 14 0
BBX 12 18 1 0
BITMAP
F000
F000
7000
7000
7000
73C0
77E0
7FE0
7070
7070
7070
7070
7070
7070
7070
7DE0
FFE0
F3C0
ENDCHAR
STARTCHAR 0063
ENCODING 99
SWIDTH 583 0
DWIDTH 14 0
BBX 11 13 2 0
BITMAP
3EE0
7FE0
FFE0
E0E0
E0E0
E000
E000
E000
E0E0
E1E0
7FC0
7FC0
1F00
ENDCHAR
STARTCHAR 0064
ENCODING 100
SWIDTH 583 0
DWIDTH 14 0
BBX 11 18 2 0
BITMAP
03C0
03C0
01C0
01C0
01C0
3DC0
7FC0
FFC0
E1C0
E1C0
E1C0
E1C0
E1C0
E1C0
E1C0
FFC0
7FE0
3DE0
ENDCHAR
STARTCHAR 0065
ENCODING 101
SWIDTH 583 0
DWIDTH 14 0
BBX 11 13 2 0
BITMAP
1F00
7FC0
7BC0
E0E0
E0E0
FFE0
FFE0
E000
E000
E0E0
7FC0
7FC0
1F00
ENDCHAR
STARTCHAR 0066
ENCODING 102
SWIDTH 583 0
DWIDTH 14 0
BBX 11 18 2 0
BITMAP
0780
0FC0
1FC0
1CE0
1C00
1C00
FFC0
FFC0
1C00
1C00
1C00
1C00
1C00
1C00
1C00
1C00
FF80
FF80
ENDCHAR
STARTCHAR 0067
ENCODING 103
SWIDTH 583 0
DWIDTH 14 0
BBX 11 18 2 -5
BITMAP
3FE0
7FE0
FFC0
E1C0
E1C0
FFC0
7F80
7F00
E000
E000
F000
7FC0
3FE0
00E0
00E0
F3E0
FFC0
3F80
ENDCHAR
STARTCHAR 0068
ENCODING 104
SWIDTH 583 0
DWIDTH 14 0
BBX 12 18 1 0
BITMAP
F000
F000
7000
7000
7000
7780
77C0
7FE0
70E0
70E0
70E0
70E0
70E0
70E0
70E0
70E0
F9F0
F9F0
ENDCHAR
STARTCHAR 0069
ENCODING 105
SWIDTH 583 0
DWIDTH 14 0
BBX 10 18 2 0
BITMAP
0C00
1E00
1E00
0C00
0000
FE00
FE00
0E00
0E00
0E00
0E00
0E00
0E00
0E00
0E00
0E00
FFC0
FFC0
ENDCHAR
STARTCHAR 006A
ENCODING 106
SWIDTH 583 0
DWIDTH 14 0
BBX 10 23 1 -5
BITMAP
0180
03C0
03C0
0180
0000
1FC0
1FC0
01C0
01C0
01C0
01C0
01C0
01C0
01C0
01C0
01C0
01C0
01C0
01C0
C1C0
F780
FF80
3E00
ENDCHAR
STARTCHAR 006B
ENCODING 107
SWIDTH 583 0
DWIDTH 14 0
BBX 12 18 1 0
BITMAP
F000
F000
7000
7000
7000
70F0
71F0
73C0
7380
7700
7E00
7E00
7F00
7F80
7380
71C0
F9F0
F8F0
ENDCHAR
STARTCHAR 006C
ENCODING 108
SWIDTH 583 0
DWIDTH 14 0
BBX 10 18 2 0
BITMAP
FE00
FE00
0E00
0E00
0E00
0E00
0E00
0E00
0E00
0E00
0E00
0E00
0E00
0E00
0E00
0E00
FFC0
FFC0
ENDCHAR
STARTCHAR 006D
ENCODING 109
SWIDTH 583 0
DWIDTH 14 0
BBX 14 13 1 0
BITMAP
FE70
FFF0
77F8
7738
7738
7738
7738
7738
7738
7738
7738
F73C
F73C
ENDCHAR
STARTCHAR 006E
ENCODING 110
SWIDTH 583 0
DWIDTH 14 0
BBX 12 13 1 0
BITMAP
F780
FFC0
7FE0
70E0
70E0
70E0
70E0
70E0
70E0
70E0
70E0
F9F0
F9F0
ENDCHAR
STARTCHAR 006F
ENCODING 111
SWIDTH 583 0
DWIDTH 14 0
BBX 11 13 2 0
BITMAP
1F00
7FC0
7BC0
E0E0
E0E0
E0E0
E0E0
E0E0
E0E0
E0E0
7BC0
7FC0
1F00
ENDCHAR
STARTCHAR 0070
ENCODING 112
SWIDTH 583 0
DWIDTH 14 0
BBX 12 18 1 -5
BITMAP
F3C0
FFE0
7FE0
7070
7070
7070
7070
7070
7070
7070
7FE0
77E0
73C0
7000
7000
7000
FC00
FC00
ENDCHAR
STARTCHAR 0071
ENCODING 113
SWIDTH 583 0
DWIDTH 14 0
BBX 12 18 2 -5
BITMAP
3DF0
7FF0
FFC0
E1C0
E1C0
E1C0
E1C0
E1C0
E1C0
E1C0
FFC0
7FC0
3DC0
01C0
01C0
01C0
03F0
03F0
ENDCHAR
STARTCHAR 0072
ENCODING 114
SWIDTH 583 0
DWIDTH 14 0
BBX 10 13 2 0
BITMAP
FB80
FFC0
3FC0
38C0
3800
3800
3800
3800
3800
3800
3800
FE00
FE00
ENDCHAR
STARTCHAR 0073
ENCODING 115
SWIDTH 583 0
DWIDTH 14 0
BBX 10 13 2 0
BITMAP
3DC0
7FC0
FBC0
E1C0
E1C0
7C00
3F00
0F80
E1C0
E1C0
F7C0
FF80
EF00
ENDCHAR
STARTCHAR 0074
ENCODING 116
SWIDTH 583 0
DWIDTH 14 0
BBX 11 18 2 0
BITMAP
3800
3800
3800
3800
3800
FFC0
FFC0
3800
3800
3800
3800
3800
3800
38E0
38E0
1DE0
1FC0
0F80
ENDCHAR
STARTCHAR 0075
ENCODING 117
SWIDTH 583 0
DWIDTH 14 0
BBX 12 13 1 0
BITMAP
F1E0
F1E0
70E0
70E0
70E0
70E0
70E0
70E0
70E0
70E0
7FE0
3FF0
1EF0
ENDCHAR
STARTCHAR 0076
ENCODING 118
SWIDTH 583 0
DWIDTH 14 0
BBX 13 13 1 0
BITMAP
F8F8
F8F8
3060
38E0
38E0
38E0
1DC0
1DC0
1DC0
0D80
0F80
0F80
0700
ENDCHAR
STARTCHAR 0077
ENCODING 119
SWIDTH 583 0
DWIDTH 14 0
BBX 13 13 1 0
BITMAP
F078
F078
6030
6030
6730
7770
3560
3DE0
3DE0
3DE0
3DE0
38E0
18C0
ENDCHAR
STARTCHAR 0078
ENCODING 120
SWIDTH 583 0
DWIDTH 14 0
BBX 12 13 1 0
BITMAP
F9F0
F9F0
39C0
1F80
0F80
0F00
0600
0F00
1F00
1F80
39C0
F9F0
F9F0
ENDCHAR
STARTCHAR 0079
ENCODING 121
SWIDTH 583 0
DWIDTH 14 0
BBX 12 18 1 -5
BITMAP
F9F0
F9F0
30E0
39C0
39C0
39C0
1980
1F80
1F80
0F00
0F00
0F00
0600
0E00
0E00
3C00
7C00
7800
ENDCHAR
STARTCHAR 007A
ENCODING 122
SWIDTH 583 0
DWIDTH 14 0
BBX 11 13 2 0
BITMAP
FFE0
FFE0
E1E0
E3C0
0780
0700
0E00
1C00
3800
70E0
F0E0
FFE0
FFE0
ENDCHAR
STARTCHAR 007B
ENCODING 123
SWIDTH 583 0
DWIDTH 14 0
BBX 9 24 3 -4
BITMAP
0780
0F80
1E00
1C00
1C00
1C00
1C00
1C00
1C00
3C00
F800
F000
F800
3800
1C00
1C00
1C00
1C00
1C00
1C00
1C00
0F80
0F80
0380
ENDCHAR
STARTCHAR 007C
ENCODING 124
SWIDTH 583 0
DWIDTH 14 0
BBX 3 24 6 -4
BITMAP
E0
E0
E0
E0
E0
E0
E0
E0
E0
E0
E0
E0
E0
E0
E0
E0
E0
E0
E0
E0
E0
E0
E0
E0
ENDCHAR
STARTCHAR 007D
ENCODING 125
SWIDTH 583 0
DWIDTH 14 0
BBX 9 24 3 -4
BITMAP
F000
F800
3800
1C00
1C00
1C00
1C00
1C00
1C00
1C00
0F80
0F80
0F80
1E00
1C00
1C00
1C00
1C00
1C00
1C00
3C00
F800
F000
E000
ENDCHAR
STARTCHAR 007E
ENCODING 126
SWIDTH 583 0
DWIDTH 14 0
BBX 12 5 1 6
BITMAP
3C30
7E70
77E0
E3E0
61C0
ENDCHAR
STARTCHAR 00A0
ENCODING 160
SWIDTH 583 0
DWIDTH 14 0
BBX 0 0 0 0
BITMAP
ENDCHAR
STARTCHAR 00A1
ENCODING 161
SWIDTH 583 0
DWIDTH 14 0
BBX 4 18 5 -5
BITMAP
F0
F0
F0
F0
00
00
00
E0
E0
E0
E0
E0
E0
E0
E0
E0
E0
E0
ENDCHAR
STARTCHAR 00A2
ENCODING 162
SWIDTH 583 0
DWIDTH 14 0
BBX 11 18 2 -3
BITMAP
0E00
0E00
3EE0
7FE0
FFE0
ECE0
ECE0
EC00
EC00
EC00
EC00
ECE0
FDE0
7FC0
3F80
0E00
0E00
0E00
ENDCHAR
STARTCHAR 00A3
ENCODING 163
SWIDTH 583 0
DWIDTH 14 0
BBX 11 18 2 0
BITMAP
0F00
1FC0
3FC0
39C0
3800
3800
3800
3800
FE00
FE00
3800
3800
3800
3800
70E0
F0E0
FFE0
FFE0
ENDCHAR
STARTCHAR 00A4
ENCODING 164
SWIDTH 583 0
DWIDTH 14 0
BBX 12 12 1 1
BITMAP
4020
EF70
7FE0
3FC0
70E0
70E0
70E0
70E0
79C0
7FE0
FFF0
E060
ENDCHAR
STARTCHAR 00A5
ENCODING 165
SWIDTH 583 0
DWIDTH 14 0
BBX 12 18 1 0
BITMAP
F9F0
F9F0
38E0
39C0
39C0
1D80
1F80
0F80
0F00
0F00
7FE0
7FE0
0600
7FE0
7FE0
0600
1FC0
1FC0
ENDCHAR
STARTCHAR 00A6
ENCODING 166
SWIDTH 583 0
DWIDTH 14 0
BBX 3 24 6 -4
BITMAP
E0
E0
E0
E0
E0
E0
E0
E0
E0
E0
E0
00
00
E0
E0
E0
E0
E0
E0
E0
E0
E0
E0
E0
ENDCHAR
STARTCHAR 00A7
ENCODING 167
SWIDTH 583 0
DWIDTH 14 0
BBX 10 24 2 -4
BITMAP
1F00
7F80
7FC0
E1C0
E1C0
E000
E000
7C00
7F80
7F80
E3C0
E1C0
E1C0
F1C0
7F80
7F80
0F80
01C0
01C0
E1C0
E1C0
FF80
7F80
3E00
ENDCHAR
STARTCHAR 00A8
ENCODING 168
SWIDTH 583 0
DWIDTH 14 0
BBX 9 4 3 15
BITMAP
6300
F780
F780
6300
ENDCHAR
STARTCHAR 00A9
ENCODING 169
SWIDTH 583 0
DWIDTH 14 0
BBX 12 21 1 -2
BITMAP
1F00
3FC0
70E0
E060
C030
CF30
DFB0
D9B0
D830
D830
D830
D830
D830
D9B0
DFB0
CF30
C030
E070
70E0
3FC0
1F80
ENDCHAR
STARTCHAR 00AA
ENCODING 170
SWIDTH 583 0
DWIDTH 14 0
BBX 8 13 3 4
BITMAP
3C
7F
C7
03
3F
FF
C3
FF
7B
00
00
FF
FF
ENDCHAR
STARTCHAR 00AB
ENCODING 171
SWIDTH 583 0
DWIDTH 14 0
BBX 12 13 1 2
BITMAP
0420
0E70
1CE0
18C0
39C0
7380
E300
7380
31C0
38C0
1CE0
0E70
0420
ENDCHAR
STARTCHAR 00AC
ENCODING 172
SWIDTH 583 0
DWIDTH 14 0
BBX 11 7 2 2
BITMAP
FFE0
FFE0
00E0
00E0
00E0
00E0
00E0
ENDCHAR
STARTCHAR 00AD
ENCODING 173
SWIDTH 583 0
DWIDTH 14 0
BBX 10 2 2 7
BITMAP
FFC0
FFC0
ENDCHAR
STARTCHAR 00AE
ENCODING 174
SWIDTH 583 0
DWIDTH 14 0
BBX 11 11 2 11
BITMAP
1F00
71C0
5E40
9360
9120
9F20
9220
9360
DB40
60C0
3F00
ENDCHAR
STARTCHAR 00AF
ENCODING 175
SWIDTH 583 0
DWIDTH 14 0
BBX 10 2 2 15
BITMAP
FFC0
FFC0
ENDCHAR
STARTCHAR 00B0
ENCODING 176
SWIDTH 583 0
DWIDTH 14 0
BBX 6 6 4 13
BITMAP
78
FC
CC
FC
FC
78
ENDCHAR
STARTCHAR 00B1
ENCODING 177
SWIDTH 583 0
DWIDTH 14 0
BBX 10 14 2 0
BITMAP
0E00
0E00
0E00
0E00
0E00
FFC0
FFC0
0E00
0E00
0E00
0E00
0000
FFC0
FFC0
ENDCHAR
STARTCHAR 00B2
ENCODING 178
SWIDTH 583 0
DWIDTH 14 0
BBX 8 13 3 8
BITMAP
3C
7F
E3
03
03
07
0E
1C
38
30
63
FF
FF
ENDCHAR
STARTCHAR 00B3
ENCODING 179
SWIDTH 583 0
DWIDTH 14 0
BBX 8 13 3 8
BITMAP
FF
FF
06
1C
38
3E
3F
03
03
03
C7
7E
3C
ENDCHAR
STARTCHAR 00B4
ENCODING 180
SWIDTH 583 0
DWIDTH 14 0
BBX 6 7 5 13
BITMAP
08
1C
3C
78
F0
E0
40
ENDCHAR
STARTCHAR 00B5
ENCODING 181
SWIDTH 583 0
DWIDTH 14 0
BBX 12 18 1 -5
BITMAP
F1E0
F1E0
70E0
70E0
70E0
70E0
70E0
70E0
70E0
70E0
7FE0
7FF0
7EF0
7000
7000
7000
7000
7000
ENDCHAR
STARTCHAR 00B6
ENCODING 182
SWIDTH 583 0
DWIDTH 14 0
BBX 11 18 2 0
BITMAP
1FE0
3FE0
7E60
7E60
7E60
FE60
7E60
7E60
3E60
1E60
0660
0660
0660
0660
0660
0660
0660
0660
ENDCHAR
STARTCHAR 00B7
ENCODING 183
SWIDTH 583 0
DWIDTH 14 0
BBX 4 4 5 6
BITMAP
F0
F0
F0
F0
ENDCHAR
STARTCHAR 00B8
ENCODING 184
SWIDTH 583 0
DWIDTH 14 0
BBX 6 5 4 -5
BITMAP
38
3C
0C
FC
F8
ENDCHAR
STARTCHAR 00B9
ENCODING 185
SWIDTH 583 0
DWIDTH 14 0
BBX 7 13 4 8
BITMAP
38
78
F8
D8
18
18
18
18
18
18
18
FE
FE
ENDCHAR
STARTCHAR 00BA
ENCODING 186
SWIDTH 583 0
DWIDTH 14 0
BBX 8 13 3 4
BITMAP
3C
7F
E3
C3
C3
C3
E3
7F
3C
00
00
FF
FF
ENDCHAR
STARTCHAR 00BB
ENCODING 187
SWIDTH 583 0
DWIDTH 14 0
BBX 11 13 2 2
BITMAP
4200
C600
E700
7380
31C0
39C0
1CE0
38C0
39C0
7380
E300
C700
C600
ENDCHAR
STARTCHAR 00BC
ENCODING 188
SWIDTH 583 0
DWIDTH 14 0
BBX 10 25 2 -4
BITMAP
0C00
1C00
1C00
0C00
0C00
0C00
0C00
0C00
1F00
1F00
0000
FFC0
FFC0
0000
0000
0200
0600
0C00
0800
1B00
3300
3F80
3F80
0380
0380
ENDCHAR
STARTCHAR 00BD
ENCODING 189
SWIDTH 583 0
DWIDTH 14 0
BBX 10 25 2 -4
BITMAP
0C00
1C00
1C00
0C00
0C00
0C00
0C00
0C00
1F00
1F00
0000
FFC0
FFC0
0000
0000
1E00
1F00
3300
0300
0700
0600
0C00
1800
3F00
3F00
ENDCHAR
STARTCHAR 00BE
ENCODING 190
SWIDTH 583 0
DWIDTH 14 0
BBX 10 25 2 -4
BITMAP
7F00
7F00
0600
1C00
1F00
0380
0180
7180
7F80
3E00
0000
FFC0
FFC0
0000
0000
0600
0E00
0C00
1800
3B00
7300
7F00
7F00
0700
0700
ENDCHAR
STARTCHAR 00BF
ENCODING 191
SWIDTH 583 0
DWIDTH 14 0
BBX 10 18 2 -5
BITMAP
1E00
1E00
1E00
1E00
0000
0000
0E00
0E00
3E00
7E00
F000
E000
E000
E1C0
E1C0
7FC0
7F80
1F00
ENDCHAR
STARTCHAR 00C0
ENCODING 192
SWIDTH 583 0
DWIDTH 14 0
BBX 12 24 1 0
BITMAP
0800
1C00
0E00
0700
0200
0000
0F00
0F00
0F00
0F00
0F00
1F80
1F80
1980
1980
39C0
3FC0
3FC0
38C0
70C0
70E0
70E0
F9F0
F9F0
ENDCHAR
STARTCHAR 00C1
ENCODING 193
SWIDTH 583 0
DWIDTH 14 0
BBX 12 24 1 0
BITMAP
0100
0380
0700
0E00
0400
0000
0F00
0F00
0F00
0F00
0F00
1F80
1F80
1980
1980
39C0
3FC0
3FC0
38C0
70C0
70E0
70E0
F9F0
F9F0
ENDCHAR
STARTCHAR 00C2
ENCODING 194
SWIDTH 583 0
DWIDTH 14 0
BBX 12 24 1 0
BITMAP
0F00
0F00
1980
30C0
0000
0000
0F00
0F00
0F00
0F00
0F00
1F80
1F80
1980
1980
39C0
3FC0
3FC0
38C0
70C0
70E0
70E0
F9F0
F9F0
ENDCHAR
STARTCHAR 00C3
ENCODING 195
SWIDTH 583 0
DWIDTH 14 0
BBX 12 24 1 0
BITMAP
1C40
3EE0
77C0
2380
0000
0000
0F00
0F00
0F00
0F00
0F00
1F80
1F80
1980
1980
39C0
3FC0
3FC0
38C0
70C0
70E0
70E0
F9F0
F9F0
ENDCHAR
STARTCHAR 00C4
ENCODING 196
SWIDTH 583 0
DWIDTH 14 0
BBX 13 24 1 0
BITMAP
3060
38E0
38E0
3060
0000
0000
0F80
0F80
0F80
0F80
0D80
1DC0
1DC0
1DC0
18C0
38E0
3FE0
3FE0
3060
3060
7070
7070
F8F8
F8F8
ENDCHAR
STARTCHAR 00C5
ENCODING 197
SWIDTH 583 0
DWIDTH 14 0
BBX 12 24 1 0
BITMAP
0F00
0F00
0900
0F00
0600
0000
0F00
0F00
0F00
0F00
0F00
1F80
1F80
1980
1980
39C0
3FC0
3FC0
38C0
70C0
70E0
70E0
F9F0
F9F0
ENDCHAR
STARTCHAR 00C6
ENCODING 198
SWIDTH 583 0
DWIDTH 14 0
BBX 13 18 1 0
BITMAP
1FF8
1FF8
0798
0798
0F80
0F80
0F80
0F80
1BF0
1BF0
1B80
3B80
3F80
3F80
3398
7398
FBF8
FBF8
ENDCHAR
STARTCHAR 00C7
ENCODING 199
SWIDTH 583 0
DWIDTH 14 0
BBX 11 23 2 -5
BITMAP
1F80
7FE0
7FE0
E0E0
E0E0
E000
E000
E000
E000
E000
E000
E000
E000
E0E0
E1E0
7FC0
7FC0
1F00
0E00
0F00
0300
1F00
1E00
ENDCHAR
STARTCHAR 00C8
ENCODING 200
SWIDTH 583 0
DWIDTH 14 0
BBX 11 24 1 0
BITMAP
0800
1C00
0E00
0600
0000
0000
FFE0
FFE0
70E0
70E0
7000
7000
7000
7000
7F00
7F00
7000
7000
7000
7000
70E0
70E0
FFE0
FFE0
ENDCHAR
STARTCHAR 00C9
ENCODING 201
SWIDTH 583 0
DWIDTH 14 0
BBX 11 24 1 0
BITMAP
0300
0380
0700
0E00
0400
0000
FFE0
FFE0
70E0
70E0
7000
7000
7000
7000
7F00
7F00
7000
7000
7000
7000
70E0
70E0
FFE0
FFE0
ENDCHAR
STARTCHAR 00CA
ENCODING 202
SWIDTH 583 0
DWIDTH 14 0
BBX 11 24 1 0
BITMAP
0E00
1F00
3B80
3180
0000
0000
FFE0
FFE0
70E0
70E0
7000
7000
7000
7000
7F00
7F00
7000
7000
7000
7000
70E0
70E0
FFE0
FFE0
ENDCHAR
STARTCHAR 00CB
ENCODING 203
SWIDTH 583 0
DWIDTH 14 0
BBX 11 24 1 0
BITMAP
30C0
79E0
79E0
30C0
0000
0000
FFE0
FFE0
70E0
70E0
7000
7000
7000
7000
7F00
7F00
7000
7000
7000
7000
70E0
70E0
FFE0
FFE0
ENDCHAR
STARTCHAR 00CC
ENCODING 204
SWIDTH 583 0
DWIDTH 14 0
BBX 10 24 2 0
BITMAP
3000
7800
1C00
0C00
0000
0000
FFC0
FFC0
1C00
1C00
1C00
1C00
1C00
1C00
1C00
1C00
1C00
1C00
1C00
1C00
1C00
1C00
FFC0
FFC0
ENDCHAR
STARTCHAR 00CD
ENCODING 205
SWIDTH 583 0
DWIDTH 14 0
BBX 10 24 2 0
BITMAP
0600
0F00
0E00
1C00
0800
0000
FFC0
FFC0
1C00
1C00
1C00
1C00
1C00
1C00
1C00
1C00
1C00
1C00
1C00
1C00
1C00
1C00
FFC0
FFC0
ENDCHAR
STARTCHAR 00CE
ENCODING 206
SWIDTH 583 0
DWIDTH 14 0
BBX 10 24 2 0
BITMAP
1E00
3E00
7700
6380
0000
0000
FFC0
FFC0
1C00
1C00
1C00
1C00
1C00
1C00
1C00
1C00
1C00
1C00
1C00
1C00
1C00
1C00
FFC0
FFC0
ENDCHAR
STARTCHAR 00CF
ENCODING 207
SWIDTH 583 0
DWIDTH 14 0
BBX 10 24 2 0
BITMAP
6180
F3C0
F3C0
6180
0000
0000
FFC0
FFC0
1C00
1C00
1C00
1C00
1C00
1C00
1C00
1C00
1C00
1C00
1C00
1C00
1C00
1C00
FFC0
FFC0
ENDCHAR
STARTCHAR 00D0
ENCODING 208
SWIDTH 583 0
DWIDTH 14 0
BBX 12 18 1 0
BITMAP
FF80
FFC0
73E0
70F0
7070
7070
7070
7070
FE70
FE70
7070
7070
7070
7070
70F0
73E0
FFC0
FF80
ENDCHAR
STARTCHAR 00D1
ENCODING 209
SWIDTH 583 0
DWIDTH 14 0
BBX 12 24 1 0
BITMAP
1C40
3EE0
77C0
2380
0000
0000
F1F0
F9F0
78E0
78E0
7CE0
7CE0
7CE0
76E0
76E0
76E0
73E0
73E0
73E0
71E0
71E0
71E0
F9E0
F8E0
ENDCHAR
STARTCHAR 00D2
ENCODING 210
SWIDTH 583 0
DWIDTH 14 0
BBX 11 24 2 0
BITMAP
1000
3800
1C00
0E00
0400
0000
1F00
7FC0
7BC0
E1E0
E0E0
E0E0
E0E0
E0E0
E0E0
E0E0
E0E0
E0E0
E0E0
E0E0
E1E0
7BC0
7FC0
1F00
ENDCHAR
STARTCHAR 00D3
ENCODING 211
SWIDTH 583 0
DWIDTH 14 0
BBX 11 24 2 0
BITMAP
0300
0780
0700
0E00
0000
0000
1F00
7FC0
7BC0
E1E0
E0E0
E0E0
E0E0
E0E0
E0E0
E0E0
E0E0
E0E0
E0E0
E0E0
E1E0
7BC0
7FC0
1F00
ENDCHAR
STARTCHAR 00D4
ENCODING 212
SWIDTH 583 0
DWIDTH 14 0
BBX 11 25 2 0
BITMAP
0E00
1F00
3B00
3380
2180
0000
0000
1F00
7FC0
7BC0
E1E0
E0E0
E0E0
E0E0
E0E0
E0E0
E0E0
E0E0
E0E0
E0E0
E0E0
E1E0
7BC0
7FC0
1F00
ENDCHAR
STARTCHAR 00D5
ENCODING 213
SWIDTH 583 0
DWIDTH 14 0
BBX 11 24 2 0
BITMAP
3CC0
7EC0
7FC0
6380
0000
0000
1F00
7FC0
7BC0
E1E0
E0E0
E0E0
E0E0
E0E0
E0E0
E0E0
E0E0
E0E0
E0E0
E0E0
E1E0
7BC0
7FC0
1F00
ENDCHAR
STARTCHAR 00D6
ENCODING 214
SWIDTH 583 0
DWIDTH 14 0
BBX 11 24 2 0
BITMAP
3180
7BC0
7BC0
3180
0000
0000
1F00
7FC0
7BC0
E1E0
E0E0
E0E0
E0E0
E0E0
E0E0
E0E0
E0E0
E0E0
E0E0
E0E0
E1E0
7BC0
7FC0
1F00
ENDCHAR
STARTCHAR 00D7
ENCODING 215
SWIDTH 583 0
DWIDTH 14 0
BBX 13 13 1 2
BITMAP
4020
E078
F070
78E0
3DC0
1F80
0F00
0F80
1FC0
39E0
70F0
E078
4030
ENDCHAR
STARTCHAR 00D8
ENCODING 216
SWIDTH 583 0
DWIDTH 14 0
BBX 11 20 2 -1
BITMAP
0040
1FE0
7FC0
7BC0
E1E0
E3E0
E3E0
E7E0
E6E0
EEE0
ECE0
FCE0
FCE0
F8E0
F8E0
F1E0
7BC0
7FC0
FF00
C000
ENDCHAR
STARTCHAR 00D9
ENCODING 217
SWIDTH 583 0
DWIDTH 14 0
BBX 12 24 1 0
BITMAP
0800
1C00
0E00
0700
0200
0000
F9F0
F9F0
70E0
70E0
70E0
70E0
70E0
70E0
70E0
70E0
70E0
70E0
70E0
70E0
70E0
3FC0
3FC0
0F00
ENDCHAR
STARTCHAR 00DA
ENCODING 218
SWIDTH 583 0
DWIDTH 14 0
BBX 12 24 1 0
BITMAP
0100
0380
0700
0600
0000
0000
F9F0
F9F0
70E0
70E0
70E0
70E0
70E0
70E0
70E0
70E0
70E0
70E0
70E0
70E0
70E0
3FC0
3FC0
0F00
ENDCHAR
STARTCHAR 00DB
ENCODING 219
SWIDTH 583 0
DWIDTH 14 0
BBX 12 25 1 0
BITMAP
0600
0F00
1F80
19C0
1080
0000
0000
F9F0
F9F0
70E0
70E0
70E0
70E0
70E0
70E0
70E0
70E0
70E0
70E0
70E0
70E0
70E0
3FC0
3FC0
0F00
ENDCHAR
STARTCHAR 00DC
ENCODING 220
SWIDTH 583 0
DWIDTH 14 0
BBX 13 24 1 0
BITMAP
3060
38E0
38E0
3060
0000
0000
F8F8
F8F8
70E0
70E0
70E0
70E0
70E0
70E0
70E0
70E0
70E0
70E0
70E0
70E0
70E0
3FC0
3FC0
0F00
ENDCHAR
STARTCHAR 00DD
ENCODING 221
SWIDTH 583 0
DWIDTH 14 0
BBX 12 24 1 0
BITMAP
0180
03C0
0780
0600
0000
0000
F9F0
F9F0
38E0
38E0
39C0
1DC0
1F80
0F80
0F80
0700
0700
0700
0700
0700
0700
0700
1FC0
1FC0
ENDCHAR
STARTCHAR 00DE
ENCODING 222
SWIDTH 583 0
DWIDTH 14 0
BBX 11 18 2 0
BITMAP
FC00
FC00
7000
7000
7000
7FC0
7FC0
70E0
70E0
70E0
70E0
7FC0
7FC0
7000
7000
7000
FC00
FC00
ENDCHAR
STARTCHAR 00DF
ENCODING 223
SWIDTH 583 0
DWIDTH 14 0
BBX 11 18 1 0
BITMAP
0F00
3FC0
3FC0
70E0
70E0
70E0
71E0
73C0
7380
73C0
71E0
70E0
70E0
70E0
70E0
73C0
F7C0
F700
ENDCHAR
STARTCHAR 00E0
ENCODING 224
SWIDTH 583 0
DWIDTH 14 0
BBX 12 19 2 0
BITMAP
1000
3800
1C00
0E00
0400
0000
3F00
7FC0
FBC0
E0E0
00E0
1FE0
7FE0
F8E0
E0E0
E0E0
FBE0
7FF0
3CF0
ENDCHAR
STARTCHAR 00E1
ENCODING 225
SWIDTH 583 0
DWIDTH 14 0
BBX 12 19 2 0
BITMAP
0100
0380
0700
0E00
0400
0000
3F00
7FC0
FBC0
E0E0
00E0
1FE0
7FE0
F8E0
E0E0
E0E0
FBE0
7FF0
3CF0
ENDCHAR
STARTCHAR 00E2
ENCODING 226
SWIDTH 583 0
DWIDTH 14 0
BBX 12 19 2 0
BITMAP
1F00
1F00
3B80
71C0
0000
0000
3F00
7FC0
FBC0
E0E0
00E0
1FE0
7FE0
F8E0
E0E0
E0E0
FBE0
7FF0
3CF0
ENDCHAR
STARTCHAR 00E3
ENCODING 227
SWIDTH 583 0
DWIDTH 14 0
BBX 12 18 2 0
BITMAP
1CC0
7EC0
67C0
0100
0000
3F00
7FC0
FBC0
E0E0
00E0
1FE0
7FE0
F8E0
E0E0
E0E0
FBE0
7FF0
3CF0
ENDCHAR
STARTCHAR 00E4
ENCODING 228
SWIDTH 583 0
DWIDTH 14 0
BBX 12 18 2 0
BITMAP
3180
7BC0
7BC0
3180
0000
3F00
7FC0
FFC0
E0E0
00E0
1FE0
7FE0
F8E0
E0E0
E0E0
FBE0
7FF0
3CF0
ENDCHAR
STARTCHAR 00E5
ENCODING 229
SWIDTH 583 0
DWIDTH 14 0
BBX 12 19 2 0
BITMAP
0E00
1F00
1300
1F00
0E00
0000
3F00
7FC0
FBC0
E0E0
00E0
1FE0
7FE0
F8E0
E0E0
E0E0
FBE0
7FF0
3CF0
ENDCHAR
STARTCHAR 00E6
ENCODING 230
SWIDTH 583 0
DWIDTH 14 0
BBX 13 13 1 0
BITMAP
39E0
7FF0
FFF8
E738
0738
3FF8
7FF8
F700
E700
E738
FFF8
FFF0
79E0
ENDCHAR
STARTCHAR 00E7
ENCODING 231
SWIDTH 583 0
DWIDTH 14 0
BBX 11 18 2 -5
BITMAP
3EE0
7FE0
FFE0
E0E0
E0E0
E000
E000
E000
E0E0
E1E0
7FC0
7FC0
1F00
0E00
0F00
0300
1F00
1E00
ENDCHAR
STARTCHAR 00E8
ENCODING 232
SWIDTH 583 0
DWIDTH 14 0
BBX 11 19 2 0
BITMAP
1000
3800
1C00
0E00
0400
0000
1F00
7FC0
7BC0
E0E0
E0E0
FFE0
FFE0
E000
E000
E0E0
7FC0
7FC0
1F00
ENDCHAR
STARTCHAR 00E9
ENCODING 233
SWIDTH 583 0
DWIDTH 14 0
BBX 11 19 2 0
BITMAP
0300
0780
0700
0E00
0000
0000
1F00
7FC0
7BC0
E0E0
E0E0
FFE0
FFE0
E000
E000
E0E0
7FC0
7FC0
1F00
ENDCHAR
STARTCHAR 00EA
ENCODING 234
SWIDTH 583 0
DWIDTH 14 0
BBX 11 19 2 0
BITMAP
1E00
1F00
3B80
71C0
0000
0000
1F00
7FC0
7BC0
E0E0
E0E0
FFE0
FFE0
E000
E000
E0E0
7FC0
7FC0
1F00
ENDCHAR
STARTCHAR 00EB
ENCODING 235
SWIDTH 583 0
DWIDTH 14 0
BBX 11 18 2 0
BITMAP
3180
7BC0
7BC0
3180
0000
1F00
7FC0
7BC0
E0E0
E0E0
FFE0
FFE0
E000
E000
E0E0
7FC0
7FC0
1F00
ENDCHAR
STARTCHAR 00EC
ENCODING 236
SWIDTH 583 0
DWIDTH 14 0
BBX 10 19 2 0
BITMAP
1800
3C00
1C00
0E00
0400
0000
FE00
FE00
0E00
0E00
0E00
0E00
0E00
0E00
0E00
0E00
0E00
FFC0
FFC0
ENDCHAR
STARTCHAR 00ED
ENCODING 237
SWIDTH 583 0
DWIDTH 14 0
BBX 10 19 2 0
BITMAP
0300
0780
0E00
0C00
0000
0000
FE00
FE00
0E00
0E00
0E00
0E00
0E00
0E00
0E00
0E00
0E00
FFC0
FFC0
ENDCHAR
STARTCHAR 00EE
ENCODING 238
SWIDTH 583 0
DWIDTH 14 0
BBX 10 19 2 0
BITMAP
1E00
1F00
3B80
6180
0000
0000
FE00
FE00
0E00
0E00
0E00
0E00
0E00
0E00
0E00
0E00
0E00
FFC0
FFC0
ENDCHAR
STARTCHAR 00EF
ENCODING 239
SWIDTH 583 0
DWIDTH 14 0
BBX 10 18 2 0
BITMAP
3180
73C0
73C0
3180
0000
7E00
7E00
0E00
0E00
0E00
0E00
0E00
0E00
0E00
0E00
0E00
FFC0
FFC0
ENDCHAR
STARTCHAR 00F0
ENCODING 240
SWIDTH 583 0
DWIDTH 14 0
BBX 11 18 2 1
BITMAP
1800
3E00
0FC0
1FC0
7F80
71C0
01C0
3EE0
7FE0
F1E0
E0E0
E0E0
E0E0
E0E0
E1E0
7FC0
7F80
1F00
ENDCHAR
STARTCHAR 00F1
ENCODING 241
SWIDTH 583 0
DWIDTH 14 0
BBX 12 18 1 0
BITMAP
1C40
7EE0
67C0
0000
0000
F780
FFC0
7FE0
70E0
70E0
70E0
70E0
70E0
70E0
70E0
70E0
F9F0
F9F0
ENDCHAR
STARTCHAR 00F2
ENCODING 242
SWIDTH 583 0
DWIDTH 14 0
BBX 11 19 2 0
BITMAP
1000
3800
1C00
0E00
0400
0000
1F00
7FC0
7BC0
E0E0
E0E0
E0E0
E0E0
E0E0
E0E0
E0E0
7BC0
7FC0
1F00
ENDCHAR
STARTCHAR 00F3
ENCODING 243
SWIDTH 583 0
DWIDTH 14 0
BBX 11 19 2 0
BITMAP
0300
0780
0700
0E00
0000
0000
1F00
7FC0
7BC0
E0E0
E0E0
E0E0
E0E0
E0E0
E0E0
E0E0
7BC0
7FC0
1F00
ENDCHAR
STARTCHAR 00F4
ENCODING 244
SWIDTH 583 0
DWIDTH 14 0
BBX 11 19 2 0
BITMAP
1E00
1F00
3B80
71C0
0000
0000
1F00
7FC0
7BC0
E0E0
E0E0
E0E0
E0E0
E0E0
E0E0
E0E0
7BC0
7FC0
1F00
ENDCHAR
STARTCHAR 00F5
ENCODING 245
SWIDTH 583 0
DWIDTH 14 0
BBX 11 18 2 0
BITMAP
3CC0
7FC0
E780
0100
0000
1F00
7FC0
7BC0
E0E0
E0E0
E0E0
E0E0
E0E0
E0E0
E0E0
7BC0
7FC0
1F00
ENDCHAR
STARTCHAR 00F6
ENCODING 246
SWIDTH 583 0
DWIDTH 14 0
BBX 11 18 2 0
BITMAP
3180
7BC0
7BC0
3180
0000
1F00
7FC0
7BC0
E0E0
E0E0
E0E0
E0E0
E0E0
E0E0
E0E0
7BC0
7FC0
1F00
ENDCHAR
STARTCHAR 00F7
ENCODING 247
SWIDTH 583 0
DWIDTH 14 0
BBX 10 14 2 1
BITMAP
0E00
0E00
0E00
0000
0000
0000
FFC0
FFC0
0000
0000
0000
0E00
0E00
0E00
ENDCHAR
STARTCHAR 00F8
ENCODING 248
SWIDTH 583 0
DWIDTH 14 0
BBX 11 15 2 -1
BITMAP
0040
1FE0
7FC0
7BC0
E3E0
E7E0
E6E0
EEE0
FCE0
F8E0
F8E0
7BC0
7FC0
FF00
4000
ENDCHAR
STARTCHAR 00F9
ENCODING 249
SWIDTH 583 0
DWIDTH 14 0
BBX 12 19 1 0
BITMAP
0800
1C00
0E00
0700
0200
0000
F1E0
F1E0
70E0
70E0
70E0
70E0
70E0
70E0
70E0
70E0
7FE0
3FF0
1EF0
ENDCHAR
STARTCHAR 00FA
ENCODING 250
SWIDTH 583 0
DWIDTH 14 0
BBX 12 19 1 0
BITMAP
0100
0380
0700
0E00
0400
0000
F1E0
F1E0
70E0
70E0
70E0
70E0
70E0
70E0
70E0
70E0
7FE0
3FF0
1EF0
ENDCHAR
STARTCHAR 00FB
ENCODING 251
SWIDTH 583 0
DWIDTH 14 0
BBX 12 19 1 0
BITMAP
0F00
1F80
1980
30C0
0000
0000
F1E0
F1E0
70E0
70E0
70E0
70E0
70E0
70E0
70E0
70E0
7FE0
3FF0
1EF0
ENDCHAR
STARTCHAR 00FC
ENCODING 252
SWIDTH 583 0
DWIDTH 14 0
BBX 12 18 1 0
BITMAP
3180
79C0
79C0
3180
0000
F1E0
F1E0
70E0
70E0
70E0
70E0
70E0
70E0
70E0
70E0
7FE0
3FF0
1EF0
ENDCHAR
STARTCHAR 00FD
ENCODING 253
SWIDTH 583 0
DWIDTH 14 0
BBX 12 24 1 -5
BITMAP
0100
0380
0700
0E00
0400
0000
F9F0
F9F0
30E0
39C0
39C0
39C0
1980
1F80
1F80
0F00
0F00
0F00
0600
0E00
0E00
3C00
7C00
7800
ENDCHAR
STARTCHAR 00FE
ENCODING 254
SWIDTH 583 0
DWIDTH 14 0
BBX 12 23 1 -5
BITMAP
F000
F000
7000
7000
7000
73C0
77E0
7DE0
7070
7070
7070
7070
7070
7070
7070
7DE0
77E0
73C0
7000
7000
7000
FC00
FC00
ENDCHAR
STARTCHAR 00FF
ENCODING 255
SWIDTH 583 0
DWIDTH 14 0
BBX 13 23 1 -5
BITMAP
3060
38E0
38E0
3060
0000
F8F8
F8F8
3060
38E0
38E0
18C0
1DC0
1DC0
0D80
0F80
0F80
0F00
0700
0F00
0E00
3E00
7C00
7800
ENDCHAR
STARTCHAR 0100
ENCODING 256
SWIDTH 583 0
DWIDTH 14 0
BBX 12 23 1 0
BITMAP
3FC0
3FC0
0000
0000
0000
0F00
0F00
0F00
0F00
1F00
1F80
1F80
1980
1980
39C0
3FC0
3FC0
30C0
70E0
70E0
70E0
F9F0
F9F0
ENDCHAR
STARTCHAR 0101
ENCODING 257
SWIDTH 583 0
DWIDTH 14 0
BBX 12 18 2 0
BITMAP
7F80
7F80
0000
0000
0000
3F00
7FC0
FBC0
E0E0
00E0
1FE0
7FE0
F8E0
E0E0
E0E0
FBE0
7FF0
3CF0
ENDCHAR
STARTCHAR 0102
ENCODING 258
SWIDTH 583 0
DWIDTH 14 0
BBX 12 24 1 0
BITMAP
30C0
3FC0
3FC0
1F00
0000
0000
0F00
0F00
0F00
0F00
0F00
1F80
1F80
1980
1980
39C0
3FC0
3FC0
38C0
70C0
70E0
70E0
F9F0
F9F0
ENDCHAR
STARTCHAR 0103
ENCODING 259
SWIDTH 583 0
DWIDTH 14 0
BBX 12 18 2 0
BITMAP
70C0
7FC0
3F80
0000
0000
3F00
7FC0
FBC0
E0E0
00E0
1FE0
7FE0
F8E0
E0E0
E0E0
FBE0
7FF0
3CF0
ENDCHAR
STARTCHAR 0104
ENCODING 260
SWIDTH 583 0
DWIDTH 14 0
BBX 12 23 1 -5
BITMAP
0F00
0F00
0F00
0F00
0F80
1F80
1D80
1980
19C0
39C0
3FC0
3FC0
30E0
70E0
70E0
70E0
F9F0
F9F0
00E0
01C0
01E0
01E0
00E0
ENDCHAR
STARTCHAR 0105
ENCODING 261
SWIDTH 583 0
DWIDTH 14 0
BBX 11 18 2 -5
BITMAP
3F00
7F80
FFC0
E1C0
01C0
3FC0
7FC0
F1C0
E1C0
E1C0
FFC0
7FE0
3DE0
00E0
01C0
01E0
01E0
00E0
ENDCHAR
STARTCHAR 0106
ENCODING 262
SWIDTH 583 0
DWIDTH 14 0
BBX 11 24 2 0
BITMAP
0300
0780
0F00
0E00
0000
0000
1F80
7FE0
7FE0
E0E0
E0E0
E000
E000
E000
E000
E000
E000
E000
E000
E0E0
E1E0
7FC0
7FC0
1F00
ENDCHAR
STARTCHAR 0107
ENCODING 263
SWIDTH 583 0
DWIDTH 14 0
BBX 11 19 2 0
BITMAP
0300
0780
0F00
0E00
0000
0000
3EE0
7FE0
FFE0
E0E0
E0E0
E000
E000
E000
E0E0
E1E0
7FC0
7FC0
1F00
ENDCHAR
STARTCHAR 0108
ENCODING 264
SWIDTH 583 0
DWIDTH 14 0
BBX 11 25 2 0
BITMAP
0E00
1F00
3F00
3380
2180
0000
0000
1F80
7FE0
7FE0
E0E0
E0E0
E000
E000
E000
E000
E000
E000
E000
E000
E0E0
E1E0
7FC0
7FC0
1F00
ENDCHAR
STARTCHAR 0109
ENCODING 265
SWIDTH 583 0
DWIDTH 14 0
BBX 11 19 2 0
BITMAP
1E00
1F00
3B80
71C0
0000
0000
3EE0
7FE0
F1E0
E0E0
E0E0
E000
E000
E000
E0E0
E1E0
7FC0
7FC0
1F00
ENDCHAR
STARTCHAR 010A
ENCODING 266
SWIDTH 583 0
DWIDTH 14 0
BBX 11 24 2 0
BITMAP
0C00
1E00
1E00
0C00
0000
0000
1F80
7FE0
7FE0
E0E0
E0E0
E000
E000
E000
E000
E000
E000
E000
E000
E0E0
E1E0
7FC0
7FC0
1F00
ENDCHAR
STARTCHAR 010B
ENCODING 267
SWIDTH 583 0
DWIDTH 14 0
BBX 11 18 2 0
BITMAP
0C00
1E00
1E00
0C00
0000
3EE0
7FE0
FFE0
E0E0
E0E0
E000
E000
E000
E0E0
E1E0
7FC0
7FC0
1F00
ENDCHAR
STARTCHAR 010C
ENCODING 268
SWIDTH 583 0
DWIDTH 14 0
BBX 11 25 2 0
BITMAP
2080
3180
3B80
1F00
0E00
0000
0000
1F80
7FE0
7FE0
E0E0
E0E0
E000
E000
E000
E000
E000
E000
E000
E000
E0E0
E1E0
7FC0
7FC0
1F00
ENDCHAR
STARTCHAR 010D
ENCODING 269
SWIDTH 583 0
DWIDTH 14 0
BBX 11 19 2 0
BITMAP
7180
3B80
1F00
1E00
0000
0000
3EE0
7FE0
FFE0
E0E0
E0E0
E000
E000
E000
E0E0
E1E0
7FC0
7FC0
1F00
ENDCHAR
STARTCHAR 010E
ENCODING 270
SWIDTH 583 0
DWIDTH 14 0
BBX 11 24 1 0
BITMAP
31C0
1980
1F00
0F00
0000
0000
FF00
FFC0
73C0
70E0
70E0
70E0
70E0
70E0
70E0
70E0
70E0
70E0
70E0
70E0
70E0
77C0
FF80
FF00
ENDCHAR
STARTCHAR 010F
ENCODING 271
SWIDTH 583 0
DWIDTH 14 0
BBX 13 19 2 0
BITMAP
0018
03F8
03D8
01D8
01D0
01C0
3DC0
7FC0
FFC0
E1C0
E1C0
E1C0
E1C0
E1C0
E1C0
E1C0
FFC0
7FE0
3DE0
ENDCHAR
STARTCHAR 0110
ENCODING 272
SWIDTH 583 0
DWIDTH 14 0
BBX 12 18 1 0
BITMAP
FF80
FFC0
73E0
70F0
7070
7070
7070
7070
FE70
FE70
7070
7070
7070
7070
70F0
73E0
FFC0
FF80
ENDCHAR
STARTCHAR 0111
ENCODING 273
SWIDTH 583 0
DWIDTH 14 0
BBX 12 18 2 0
BITMAP
03C0
03C0
01C0
07F0
07F0
3DC0
7FC0
FFC0
E1C0
E1C0
E1C0
E1C0
E1C0
E1C0
E1C0
FFC0
7FE0
3DE0
ENDCHAR
STARTCHAR 0112
ENCODING 274
SWIDTH 583 0
DWIDTH 14 0
BBX 11 23 1 0
BITMAP
3FC0
3FC0
0000
0000
0000
FFE0
FFE0
70E0
70E0
7000
7000
7000
7000
7F00
7F00
7000
7000
7000
7000
70E0
70E0
FFE0
FFE0
ENDCHAR
STARTCHAR 0113
ENCODING 275
SWIDTH 583 0
DWIDTH 14 0
BBX 11 18 2 0
BITMAP
7F80
7F80
0000
0000
0000
1F00
7FC0
7BC0
E0E0
E0E0
FFE0
FFE0
E000
E000
E0E0
7FC0
7FC0
1F00
ENDCHAR
STARTCHAR 0114
ENCODING 276
SWIDTH 583 0
DWIDTH 14 0
BBX 11 24 1 0
BITMAP
70C0
3BC0
3FC0
1F00
0000
0000
FFE0
FFE0
70E0
70E0
7000
7000
7000
7000
7F00
7F00
7000
7000
7000
7000
70E0
70E0
FFE0
FFE0
ENDCHAR
STARTCHAR 0115
ENCODING 277
SWIDTH 583 0
DWIDTH 14 0
BBX 11 18 2 0
BITMAP
7BC0
7FC0
1F00
0000
0000
1F00
7FC0
7BC0
E0E0
E0E0
FFE0
FFE0
E000
E000
E0E0
7FC0
7FC0
1F00
ENDCHAR
STARTCHAR 0116
ENCODING 278
SWIDTH 583 0
DWIDTH 14 0
BBX 11 24 1 0
BITMAP
0600
0F00
0F00
0600
0000
0000
FFE0
FFE0
70E0
70E0
7000
7000
7000
7000
7F00
7F00
7000
7000
7000
7000
70E0
70E0
FFE0
FFE0
ENDCHAR
STARTCHAR 0117
ENCODING 279
SWIDTH 583 0
DWIDTH 14 0
BBX 11 18 2 0
BITMAP
0C00
1E00
1E00
0C00
0000
1F00
7FC0
7BC0
E0E0
E0E0
FFE0
FFE0
E000
E000
E0E0
7FC0
7FC0
1F00
ENDCHAR
STARTCHAR 0118
ENCODING 280
SWIDTH 583 0
DWIDTH 14 0
BBX 11 23 1 -5
BITMAP
FFE0
FFE0
70E0
70E0
7000
7000
7000
7F80
7F80
7000
7000
7000
7000
7000
70E0
70E0
FFE0
FFE0
00C0
01C0
01E0
01E0
00E0
ENDCHAR
STARTCHAR 0119
ENCODING 281
SWIDTH 583 0
DWIDTH 14 0
BBX 11 18 2 -5
BITMAP
1F00
7FC0
7BC0
E0E0
E0E0
FFE0
FFE0
E000
E000
E0E0
7FE0
7FC0
1FC0
01C0
0380
0380
03E0
01E0
ENDCHAR
STARTCHAR 011A
ENCODING 282
SWIDTH 583 0
DWIDTH 14 0
BBX 11 24 1 0
BITMAP
3180
1B80
1F00
0E00
0000
0000
FFE0
FFE0
70E0
70E0
7000
7000
7000
7000
7F00
7F00
7000
7000
7000
7000
70E0
70E0
FFE0
FFE0
ENDCHAR
STARTCHAR 011B
ENCODING 283
SWIDTH 583 0
DWIDTH 14 0
BBX 11 19 2 0
BITMAP
7180
3B80
1F00
1E00
0000
0000
1F00
7FC0
7BC0
E0E0
E0E0
FFE0
FFE0
E000
E000
E0E0
7FC0
7FC0
1F00
ENDCHAR
STARTCHAR 011C
ENCODING 284
SWIDTH 583 0
DWIDTH 14 0
BBX 11 24 2 0
BITMAP
1E00
1F00
3B80
71C0
0000
0000
3EE0
7FE0
F1E0
E0E0
E0E0
E000
E000
E000
E7E0
E7E0
E0E0
E0E0
E0E0
E0E0
E0E0
F1E0
7EE0
3CE0
ENDCHAR
STARTCHAR 011D
ENCODING 285
SWIDTH 583 0
DWIDTH 14 0
BBX 11 25 2 -5
BITMAP
0E00
1F00
3F00
3380
2180
0000
0000
3FE0
7FE0
FFC0
E1C0
E1C0
FFC0
7F80
7F00
E000
E000
F000
7FC0
3FE0
00E0
00E0
F3E0
FFC0
3F80
ENDCHAR
STARTCHAR 011E
ENCODING 286
SWIDTH 583 0
DWIDTH 14 0
BBX 11 24 2 0
BITMAP
60C0
7BC0
7FC0
1F00
0000
0000
3EE0
7FE0
FFE0
E0E0
E0E0
E000
E000
E000
E7E0
E7E0
E0E0
E0E0
E0E0
E0E0
E0E0
F1E0
7EE0
3CE0
ENDCHAR
STARTCHAR 011F
ENCODING 287
SWIDTH 583 0
DWIDTH 14 0
BBX 11 23 2 -5
BITMAP
7BC0
7FC0
1F00
0000
0000
3FE0
7FE0
FFC0
E1C0
E1C0
FFC0
7F80
7F00
E000
E000
F000
7FC0
3FE0
00E0
00E0
F3E0
FFC0
3F80
ENDCHAR
STARTCHAR 0120
ENCODING 288
SWIDTH 583 0
DWIDTH 14 0
BBX 11 24 2 0
BITMAP
0C00
1E00
1E00
0C00
0000
0000
3EE0
7FE0
FFE0
E0E0
E0E0
E000
E000
E000
E7E0
E7E0
E0E0
E0E0
E0E0
E0E0
E0E0
F1E0
7EE0
3CE0
ENDCHAR
STARTCHAR 0121
ENCODING 289
SWIDTH 583 0
DWIDTH 14 0
BBX 11 23 2 -5
BITMAP
0C00
1E00
1E00
0C00
0000
3FE0
7FE0
FFC0
E1C0
E1C0
FFC0
7F80
7F00
E000
E000
F000
7FC0
3FE0
00E0
00E0
F3E0
FFC0
3F80
ENDCHAR
STARTCHAR 0122
ENCODING 290
SWIDTH 583 0
DWIDTH 14 0
BBX 11 24 2 -6
BITMAP
3EE0
7FE0
FFE0
E0E0
E0E0
E000
E000
E000
E7E0
E7E0
E0E0
E0E0
E0E0
E0E0
E0E0
F1E0
7EE0
3CE0
0000
0E00
0E00
0E00
0400
0C00
ENDCHAR
STARTCHAR 0123
ENCODING 291
SWIDTH 583 0
DWIDTH 14 0
BBX 11 25 2 -5
BITMAP
0400
0600
0C00
0E00
0E00
0400
0000
3FE0
7FE0
FFC0
E1C0
E1C0
FFC0
7F80
7F00
E000
E000
F000
7FC0
3FE0
00E0
00E0
F3E0
FFC0
3F80
ENDCHAR
STARTCHAR 0124
ENCODING 292
SWIDTH 583 0
DWIDTH 14 0
BBX 12 24 1 0
BITMAP
0F00
0F80
1980
30C0
0000
0000
F9F0
F9F0
70E0
70E0
70E0
70E0
70E0
70E0
7FE0
7FE0
70E0
70E0
70E0
70E0
70E0
70E0
F9F0
F9F0
ENDCHAR
STARTCHAR 0125
ENCODING 293
SWIDTH 583 0
DWIDTH 14 0
BBX 13 24 0 0
BITMAP
3800
7C00
EE00
C600
0000
0000
7800
7800
3800
3800
3800
3BC0
3BE0
3FF0
3870
3870
3870
3870
3870
3870
3870
3870
7CF8
7CF8
ENDCHAR
STARTCHAR 0126
ENCODING 294
SWIDTH 583 0
DWIDTH 14 0
BBX 13 18 1 0
BITMAP
F8F8
F8F8
7070
7070
FFF8
FFF8
7070
7070
7FF0
7FF0
7070
7070
7070
7070
7070
7070
F8F8
F8F8
ENDCHAR
STARTCHAR 0127
ENCODING 295
SWIDTH 583 0
DWIDTH 14 0
BBX 13 18 0 0
BITMAP
7800
7800
3800
FE00
FE00
3BC0
3BE0
3FF0
3870
3870
3870
3870
3870
3870
3870
3870
7CF8
7CF8
ENDCHAR
STARTCHAR 0128
ENCODING 296
SWIDTH 583 0
DWIDTH 14 0
BBX 10 24 2 0
BITMAP
3880
7DC0
EF80
4700
0000
0000
FFC0
FFC0
1C00
1C00
1C00
1C00
1C00
1C00
1C00
1C00
1C00
1C00
1C00
1C00
1C00
1C00
FFC0
FFC0
ENDCHAR
STARTCHAR 0129
ENCODING 297
SWIDTH 583 0
DWIDTH 14 0
BBX 10 18 2 0
BITMAP
3880
7DC0
E780
0000
0000
FE00
FE00
0E00
0E00
0E00
0E00
0E00
0E00
0E00
0E00
0E00
FFC0
FFC0
ENDCHAR
STARTCHAR 012A
ENCODING 298
SWIDTH 583 0
DWIDTH 14 0
BBX 10 23 2 0
BITMAP
7F80
7F80
0000
0000
0000
FFC0
FFC0
1C00
1C00
1C00
1C00
1C00
1C00
1C00
1C00
1C00
1C00
1C00
1C00
1C00
1C00
FFC0
FFC0
ENDCHAR
STARTCHAR 012B
ENCODING 299
SWIDTH 583 0
DWIDTH 14 0
BBX 10 18 2 0
BITMAP
7F80
7F80
0000
0000
0000
7E00
7E00
0E00
0E00
0E00
0E00
0E00
0E00
0E00
0E00
0E00
FFC0
FFC0
ENDCHAR
STARTCHAR 012C
ENCODING 300
SWIDTH 583 0
DWIDTH 14 0
BBX 10 24 2 0
BITMAP
E1C0
F780
7F80
3F00
0000
0000
FFC0
FFC0
1C00
1C00
1C00
1C00
1C00
1C00
1C00
1C00
1C00
1C00
1C00
1C00
1C00
1C00
FFC0
FFC0
ENDCHAR
STARTCHAR 012D
ENCODING 301
SWIDTH 583 0
DWIDTH 14 0
BBX 10 18 2 0
BITMAP
E1C0
7F80
3F80
0000
0000
FE00
FE00
0E00
0E00
0E00
0E00
0E00
0E00
0E00
0E00
0E00
FFC0
FFC0
ENDCHAR
STARTCHAR 012E
ENCODING 302
SWIDTH 583 0
DWIDTH 14 0
BBX 10 23 2 -5
BITMAP
FFC0
FFC0
1C00
1C00
1C00
1C00
1C00
1C00
1C00
1C00
1C00
1C00
1C00
1C00
1C00
1C00
FFC0
FFC0
0380
0700
0780
07C0
01C0
ENDCHAR
STARTCHAR 012F
ENCODING 303
SWIDTH 583 0
DWIDTH 14 0
BBX 10 23 2 -5
BITMAP
0C00
1E00
1E00
0C00
0000
FE00
FE00
0E00
0E00
0E00
0E00
0E00
0E00
0E00
0E00
0E00
FFC0
FFC0
0380
0700
0780
07C0
01C0
ENDCHAR
STARTCHAR 0130
ENCODING 304
SWIDTH 583 0
DWIDTH 14 0
BBX 10 24 2 0
BITMAP
1C00
3C00
3C00
1C00
0000
0000
FFC0
FFC0
1C00
1C00
1C00
1C00
1C00
1C00
1C00
1C00
1C00
1C00
1C00
1C00
1C00
1C00
FFC0
FFC0
ENDCHAR
STARTCHAR 0131
ENCODING 305
SWIDTH 583 0
DWIDTH 14 0
BBX 10 13 2 0
BITMAP
FE00
FE00
0E00
0E00
0E00
0E00
0E00
0E00
0E00
0E00
0E00
FFC0
FFC0
ENDCHAR
STARTCHAR 0132
ENCODING 306
SWIDTH 583 0
DWIDTH 14 0
BBX 13 18 1 0
BITMAP
FCF8
FCF8
3838
3838
3838
3838
3838
3838
3838
3838
3838
3838
3838
3BB8
3BB8
39B8
FDF0
FCE0
ENDCHAR
STARTCHAR 0133
ENCODING 307
SWIDTH 583 0
DWIDTH 14 0
BBX 13 23 1 -5
BITMAP
3030
7878
7878
3030
0000
F8F8
F8F8
3838
3838
3838
3838
3838
3838
3838
3838
3838
FC38
FC38
0038
0738
07F8
03F0
01E0
ENDCHAR
STARTCHAR 0134
ENCODING 308
SWIDTH 583 0
DWIDTH 14 0
BBX 11 25 2 0
BITMAP
0380
03C0
07E0
0E60
0C20
0000
0000
0FC0
0FC0
01C0
01C0
01C0
01C0
01C0
01C0
01C0
01C0
01C0
01C0
01C0
E1C0
E1C0
FF80
7F80
3E00
ENDCHAR
STARTCHAR 0135
ENCODING 309
SWIDTH 583 0
DWIDTH 14 0
BBX 12 25 1 -5
BITMAP
01C0
03C0
07E0
0670
0430
0000
0000
1FC0
1FC0
01C0
01C0
01C0
01C0
01C0
01C0
01C0
01C0
01C0
01C0
01C0
01C0
E1C0
F780
FF80
3E00
ENDCHAR
STARTCHAR 0136
ENCODING 310
SWIDTH 583 0
DWIDTH 14 0
BBX 12 24 1 -6
BITMAP
F8F0
F9F0
71C0
7380
7380
7700
7600
7E00
7C00
7E00
7F00
7700
7380
7380
71C0
71C0
F8F0
F8F0
0000
0600
0E00
0600
0600
0400
ENDCHAR
STARTCHAR 0137
ENCODING 311
SWIDTH 583 0
DWIDTH 14 0
BBX 12 24 1 -6
BITMAP
F000
F000
7000
7000
7000
70F0
71F0
73C0
7380
7700
7E00
7E00
7F00
7F80
7380
71C0
F9F0
F8F0
0000
0600
0E00
0600
0600
0400
ENDCHAR
STARTCHAR 0138
ENCODING 312
SWIDTH 583 0
DWIDTH 14 0
BBX 12 13 1 0
BITMAP
F0F0
F1F0
73C0
7380
7700
7E00
7E00
7F00
7F80
7380
71C0
F9F0
F8F0
ENDCHAR
STARTCHAR 0139
ENCODING 313
SWIDTH 583 0
DWIDTH 14 0
BBX 11 24 2 0
BITMAP
1800
3C00
7800
7000
0000
0000
FC00
FC00
7000
7000
7000
7000
7000
7000
7000
7000
7000
7000
7000
7000
70E0
70E0
FFE0
FFE0
ENDCHAR
STARTCHAR 013A
ENCODING 314
SWIDTH 583 0
DWIDTH 14 0
BBX 10 24 2 0
BITMAP
0300
0780
0E00
0C00
0000
0000
FE00
FE00
0E00
0E00
0E00
0E00
0E00
0E00
0E00
0E00
0E00
0E00
0E00
0E00
0E00
0E00
FFC0
FFC0
ENDCHAR
STARTCHAR 013B
ENCODING 315
SWIDTH 583 0
DWIDTH 14 0
BBX 11 24 2 -6
BITMAP
FC00
FC00
7000
7000
7000
7000
7000
7000
7000
7000
7000
7000
7000
7000
70E0
70E0
FFE0
FFE0
0000
0C00
0E00
0E00
0C00
0C00
ENDCHAR
STARTCHAR 013C
ENCODING 316
SWIDTH 583 0
DWIDTH 14 0
BBX 10 24 2 -6
BITMAP
FE00
FE00
0E00
0E00
0E00
0E00
0E00
0E00
0E00
0E00
0E00
0E00
0E00
0E00
0E00
0E00
FFC0
FFC0
0000
0E00
0E00
0E00
0400
0C00
ENDCHAR
STARTCHAR 013D
ENCODING 317
SWIDTH 583 0
DWIDTH 14 0
BBX 11 19 2 0
BITMAP
00E0
FCE0
FCE0
70C0
70C0
7000
7000
7000
7000
7000
7000
7000
7000
7000
7000
70E0
70E0
FFE0
FFE0
ENDCHAR
STARTCHAR 013E
ENCODING 318
SWIDTH 583 0
DWIDTH 14 0
BBX 10 19 2 0
BITMAP
00C0
FEC0
FEC0
0EC0
0EC0
0E00
0E00
0E00
0E00
0E00
0E00
0E00
0E00
0E00
0E00
0E00
0E00
FFC0
FFC0
ENDCHAR
STARTCHAR 013F
ENCODING 319
SWIDTH 583 0
DWIDTH 14 0
BBX 11 18 2 0
BITMAP
FC00
FC00
7000
7000
7000
7000
7780
7780
7780
7780
7000
7000
7000
7000
70E0
70E0
FFE0
FFE0
ENDCHAR
STARTCHAR 0140
ENCODING 320
SWIDTH 583 0
DWIDTH 14 0
BBX 11 18 1 0
BITMAP
FE00
FE00
0E00
0E00
0E00
0E00
0FE0
0FE0
0FE0
0FE0
0E00
0E00
0E00
0E00
0E00
0E00
FFC0
FFC0
ENDCHAR
STARTCHAR 0141
ENCODING 321
SWIDTH 583 0
DWIDTH 14 0
BBX 12 18 1 0
BITMAP
7E00
7E00
3800
3800
3800
3800
3900
3F00
3F00
F800
F800
B800
3800
3800
3870
3870
7FF0
7FF0
ENDCHAR
STARTCHAR 0142
ENCODING 322
SWIDTH 583 0
DWIDTH 14 0
BBX 10 18 2 0
BITMAP
FE00
FE00
0E00
0E00
0E00
0E00
0E80
0FC0
1F00
7E00
7E00
0E00
0E00
0E00
0E00
0E00
FFC0
FFC0
ENDCHAR
STARTCHAR 0143
ENCODING 323
SWIDTH 583 0
DWIDTH 14 0
BBX 12 24 1 0
BITMAP
0100
0380
0700
0600
0000
0000
F1F0
F9F0
78E0
78E0
7CE0
7CE0
7CE0
76E0
76E0
76E0
73E0
73E0
73E0
71E0
71E0
71E0
F9E0
F8E0
ENDCHAR
STARTCHAR 0144
ENCODING 324
SWIDTH 583 0
DWIDTH 14 0
BBX 12 19 1 0
BITMAP
0100
0380
0700
0600
0000
0000
F780
FFC0
7FE0
70E0
70E0
70E0
70E0
70E0
70E0
70E0
70E0
F9F0
F9F0
ENDCHAR
STARTCHAR 0145
ENCODING 325
SWIDTH 583 0
DWIDTH 14 0
BBX 12 24 1 -6
BITMAP
F1F0
F9F0
78E0
78E0
7CE0
7CE0
7CE0
76E0
76E0
76E0
73E0
73E0
73E0
71E0
71E0
71E0
F9E0
F8E0
0000
0600
0600
0600
0600
0400
ENDCHAR
STARTCHAR 0146
ENCODING 326
SWIDTH 583 0
DWIDTH 14 0
BBX 12 19 1 -6
BITMAP
F780
FFC0
7FE0
70E0
70E0
70E0
70E0
70E0
70E0
70E0
70E0
F9F0
F9F0
0000
0600
0600
0600
0600
0400
ENDCHAR
STARTCHAR 0147
ENCODING 327
SWIDTH 583 0
DWIDTH 14 0
BBX 12 24 1 0
BITMAP
30C0
1980
0F80
0F00
0000
0000
F1F0
F9F0
78E0
78E0
7CE0
7CE0
7CE0
76E0
76E0
76E0
73E0
73E0
73E0
71E0
71E0
71E0
F9E0
F8E0
ENDCHAR
STARTCHAR 0148
ENCODING 328
SWIDTH 583 0
DWIDTH 14 0
BBX 12 19 1 0
BITMAP
30C0
1980
0F80
0F00
0000
0000
F780
FFC0
7FE0
70E0
70E0
70E0
70E0
70E0
70E0
70E0
70E0
F9F0
F9F0
ENDCHAR
STARTCHAR 0149
ENCODING 329
SWIDTH 583 0
DWIDTH 14 0
BBX 12 18 1 0
BITMAP
E000
E000
6000
4000
0000
F780
FFC0
7FE0
70E0
70E0
70E0
70E0
70E0
70E0
70E0
70E0
F9F0
F9F0
ENDCHAR
STARTCHAR 014A
ENCODING 330
SWIDTH 583 0
DWIDTH 14 0
BBX 11 23 1 -5
BITMAP
F780
FFC0
7FE0
70E0
70E0
70E0
70E0
70E0
70E0
70E0
70E0
70E0
70E0
70E0
70E0
70E0
F8E0
F8E0
00E0
00E0
03E0
03C0
0380
ENDCHAR
STARTCHAR 014B
ENCODING 331
SWIDTH 583 0
DWIDTH 14 0
BBX 11 18 1 -5
BITMAP
F780
FFC0
7FE0
70E0
70E0
70E0
70E0
70E0
70E0
70E0
70E0
F8E0
F8E0
00E0
00E0
03E0
03C0
0380
ENDCHAR
STARTCHAR 014C
ENCODING 332
SWIDTH 583 0
DWIDTH 14 0
BBX 11 23 2 0
BITMAP
7F80
7F80
0000
0000
0000
1F00
7FC0
7BC0
E1E0
E0E0
E0E0
E0E0
E0E0
E0E0
E0E0
E0E0
E0E0
E0E0
E0E0
E1E0
7BC0
7FC0
1F00
ENDCHAR
STARTCHAR 014D
ENCODING 333
SWIDTH 583 0
DWIDTH 14 0
BBX 11 18 2 0
BITMAP
7F80
7F80
0000
0000
0000
1F00
7FC0
7BC0
E0E0
E0E0
E0E0
E0E0
E0E0
E0E0
E0E0
7BC0
7FC0
1F00
ENDCHAR
STARTCHAR 014E
ENCODING 334
SWIDTH 583 0
DWIDTH 14 0
BBX 11 24 2 0
BITMAP
60C0
7BC0
7F80
1F00
0000
0000
1F00
7FC0
7BC0
E1E0
E0E0
E0E0
E0E0
E0E0
E0E0
E0E0
E0E0
E0E0
E0E0
E0E0
E1E0
7BC0
7FC0
1F00
ENDCHAR
STARTCHAR 014F
ENCODING 335
SWIDTH 583 0
DWIDTH 14 0
BBX 11 18 2 0
BITMAP
7BC0
7FC0
1F00
0000
0000
1F00
7FC0
7BC0
E0E0
E0E0
E0E0
E0E0
E0E0
E0E0
E0E0
7BC0
7FC0
1F00
ENDCHAR
STARTCHAR 0150
ENCODING 336
SWIDTH 583 0
DWIDTH 14 0
BBX 11 24 2 0
BITMAP
0C40
1EE0
3DC0
7380
2100
0000
1F00
7FC0
7BC0
E1E0
E0E0
E0E0
E0E0
E0E0
E0E0
E0E0
E0E0
E0E0
E0E0
E0E0
E1E0
7BC0
7FC0
1F00
ENDCHAR
STARTCHAR 0151
ENCODING 337
SWIDTH 583 0
DWIDTH 14 0
BBX 11 19 2 0
BITMAP
0C40
1EE0
3DC0
7380
2100
0000
1F00
7FC0
7BC0
E0E0
E0E0
E0E0
E0E0
E0E0
E0E0
E0E0
7BC0
7FC0
1F00
ENDCHAR
STARTCHAR 0152
ENCODING 338
SWIDTH 583 0
DWIDTH 14 0
BBX 12 18 1 0
BITMAP
7FF0
FFF0
FF30
E730
E700
E700
E700
E700
E7E0
E7E0
E700
E700
E700
E700
E730
E730
FFF0
7FF0
ENDCHAR
STARTCHAR 0153
ENCODING 339
SWIDTH 583 0
DWIDTH 14 0
BBX 13 13 1 0
BITMAP
79E0
FFF0
FFF8
E738
E738
E7F8
E7F8
E700
E700
E738
FFF8
FFF0
79E0
ENDCHAR
STARTCHAR 0154
ENCODING 340
SWIDTH 583 0
DWIDTH 14 0
BBX 13 24 1 0
BITMAP
0180
03C0
0780
0600
0000
0000
FF80
FFE0
71E0
7070
7070
7070
7070
7070
71E0
7FE0
7F80
7380
73C0
71C0
71E0
70E0
F8F8
F878
ENDCHAR
STARTCHAR 0155
ENCODING 341
SWIDTH 583 0
DWIDTH 14 0
BBX 10 19 2 0
BITMAP
0200
0700
0E00
1C00
0800
0000
FB80
FFC0
3FC0
38C0
3800
3800
3800
3800
3800
3800
3800
FE00
FE00
ENDCHAR
STARTCHAR 0156
ENCODING 342
SWIDTH 583 0
DWIDTH 14 0
BBX 13 24 1 -6
BITMAP
FF80
FFE0
71E0
7070
7070
7070
7070
7070
71E0
7FE0
7F80
7380
73C0
71C0
71E0
70E0
F8F8
F878
0000
0600
0700
0700
0600
0600
ENDCHAR
STARTCHAR 0157
ENCODING 343
SWIDTH 583 0
DWIDTH 14 0
BBX 10 19 2 -6
BITMAP
FB80
FFC0
3FC0
38C0
3800
3800
3800
3800
3800
3800
3800
FE00
FE00
0000
3800
3800
3800
1000
3000
ENDCHAR
STARTCHAR 0158
ENCODING 344
SWIDTH 583 0
DWIDTH 14 0
BBX 13 24 1 0
BITMAP
38C0
19C0
0F80
0F00
0000
0000
FF80
FFE0
71E0
7070
7070
7070
7070
7070
71E0
7FE0
7F80
7380
73C0
71C0
71E0
70E0
F8F8
F878
ENDCHAR
STARTCHAR 0159
ENCODING 345
SWIDTH 583 0
DWIDTH 14 0
BBX 10 19 2 0
BITMAP
6380
3300
3E00
1E00
0000
0000
FB80
FFC0
3FC0
38C0
3800
3800
3800
3800
3800
3800
3800
FE00
FE00
ENDCHAR
STARTCHAR 015A
ENCODING 346
SWIDTH 583 0
DWIDTH 14 0
BBX 10 24 2 0
BITMAP
0200
0700
0E00
1C00
0800
0000
3DC0
7FC0
FFC0
E1C0
E1C0
E000
F000
7800
3E00
1F00
0780
03C0
01C0
E1C0
E1C0
FFC0
FF80
EF00
ENDCHAR
STARTCHAR 015B
ENCODING 347
SWIDTH 583 0
DWIDTH 14 0
BBX 10 19 2 0
BITMAP
0200
0700
0E00
1C00
0800
0000
3DC0
7FC0
FBC0
E1C0
E1C0
7C00
3F00
0F80
E1C0
E1C0
F7C0
FF80
EF00
ENDCHAR
STARTCHAR 015C
ENCODING 348
SWIDTH 583 0
DWIDTH 14 0
BBX 10 24 2 0
BITMAP
1E00
1E00
3300
6380
2000
0000
3DC0
7FC0
F3C0
E1C0
E1C0
E000
F000
7C00
3E00
1F80
0780
03C0
01C0
E1C0
E1C0
FFC0
FF80
EF00
ENDCHAR
STARTCHAR 015D
ENCODING 349
SWIDTH 583 0
DWIDTH 14 0
BBX 10 19 2 0
BITMAP
1E00
3E00
3300
6380
0000
0000
3DC0
7FC0
FBC0
E1C0
E1C0
7C00
3F00
0F80
E1C0
E1C0
F7C0
FF80
EF00
ENDCHAR
STARTCHAR 015E
ENCODING 350
SWIDTH 583 0
DWIDTH 14 0
BBX 10 23 2 -5
BITMAP
3DC0
7FC0
FFC0
E1C0
E1C0
E000
F000
7800
3E00
1F00
0780
03C0
01C0
E1C0
E1C0
FFC0
FF80
EF00
0E00
0E00
0300
1F00
1E00
ENDCHAR
STARTCHAR 015F
ENCODING 351
SWIDTH 583 0
DWIDTH 14 0
BBX 10 18 2 -5
BITMAP
3DC0
7FC0
FBC0
E1C0
E1C0
7C00
3F00
0F80
E1C0
E1C0
F7C0
FF80
EF00
0E00
0E00
0300
1E00
1E00
ENDCHAR
STARTCHAR 0160
ENCODING 352
SWIDTH 583 0
DWIDTH 14 0
BBX 10 25 2 0
BITMAP
2100
7380
3F00
1E00
0C00
0000
0000
3DC0
7FC0
FFC0
E1C0
E1C0
E000
F000
7800
3E00
1F00
0780
03C0
01C0
E1C0
E1C0
FFC0
FF80
EF00
ENDCHAR
STARTCHAR 0161
ENCODING 353
SWIDTH 583 0
DWIDTH 14 0
BBX 10 19 2 0
BITMAP
7380
3300
3E00
1E00
0000
0000
3DC0
7FC0
FBC0
E1C0
E1C0
7C00
3F00
0F80
E1C0
E1C0
F7C0
FF80
EF00
ENDCHAR
STARTCHAR 0162
ENCODING 354
SWIDTH 583 0
DWIDTH 14 0
BBX 11 23 2 -5
BITMAP
FFE0
FFE0
EEE0
EEE0
0E00
0E00
0E00
0E00
0E00
0E00
0E00
0E00
0E00
0E00
0E00
0E00
3F80
3F80
0E00
0F00
0300
1F00
1E00
ENDCHAR
STARTCHAR 0163
ENCODING 355
SWIDTH 583 0
DWIDTH 14 0
BBX 11 23 2 -5
BITMAP
3800
3800
3800
3800
3800
FFC0
FFC0
3800
3800
3800
3800
3800
3800
38E0
38E0
1FE0
1FC0
0780
0700
0780
0180
1F80
1F00
ENDCHAR
STARTCHAR 0164
ENCODING 356
SWIDTH 583 0
DWIDTH 14 0
BBX 11 24 2 0
BITMAP
3180
3B80
1F00
0E00
0000
0000
FFE0
FFE0
EEE0
EEE0
0E00
0E00
0E00
0E00
0E00
0E00
0E00
0E00
0E00
0E00
0E00
0E00
3F80
3F80
ENDCHAR
STARTCHAR 0165
ENCODING 357
SWIDTH 583 0
DWIDTH 14 0
BBX 11 19 2 0
BITMAP
00C0
38C0
38C0
38C0
3880
3800
FFC0
FFC0
3800
3800
3800
3800
3800
3800
38E0
38E0
1DE0
1FC0
0F80
ENDCHAR
STARTCHAR 0166
ENCODING 358
SWIDTH 583 0
DWIDTH 14 0
BBX 11 18 2 0
BITMAP
FFE0
FFE0
EEE0
EEE0
0E00
0E00
0E00
0E00
0E00
3F80
3F80
0E00
0E00
0E00
0E00
0E00
3F80
3F80
ENDCHAR
STARTCHAR 0167
ENCODING 359
SWIDTH 583 0
DWIDTH 14 0
BBX 11 18 2 0
BITMAP
3800
3800
3800
3800
3800
FFC0
FFC0
3800
3800
FF00
FF00
3800
3800
38E0
38E0
1DE0
1FC0
0F80
ENDCHAR
STARTCHAR 0168
ENCODING 360
SWIDTH 583 0
DWIDTH 14 0
BBX 12 24 1 0
BITMAP
1C40
3EE0
77C0
2380
0000
0000
F9F0
F9F0
70E0
70E0
70E0
70E0
70E0
70E0
70E0
70E0
70E0
70E0
70E0
70E0
70E0
3FC0
3FC0
0F00
ENDCHAR
STARTCHAR 0169
ENCODING 361
SWIDTH 583 0
DWIDTH 14 0
BBX 12 18 1 0
BITMAP
1C40
7EE0
67C0
0000
0000
F1E0
F1E0
70E0
70E0
70E0
70E0
70E0
70E0
70E0
70E0
7FE0
3FF0
1EF0
ENDCHAR
STARTCHAR 016A
ENCODING 362
SWIDTH 583 0
DWIDTH 14 0
BBX 12 23 1 0
BITMAP
3FC0
3FC0
0000
0000
0000
F9F0
F9F0
70E0
70E0
70E0
70E0
70E0
70E0
70E0
70E0
70E0
70E0
70E0
70E0
70E0
3FC0
3FC0
0F00
ENDCHAR
STARTCHAR 016B
ENCODING 363
SWIDTH 583 0
DWIDTH 14 0
BBX 12 18 1 0
BITMAP
3FC0
3FC0
0000
0000
0000
F1E0
F1E0
70E0
70E0
70E0
70E0
70E0
70E0
70E0
70E0
7FE0
3FF0
1EF0
ENDCHAR
STARTCHAR 016C
ENCODING 364
SWIDTH 583 0
DWIDTH 14 0
BBX 12 24 1 0
BITMAP
30C0
3FC0
3FC0
0F80
0000
0000
F9F0
F9F0
70E0
70E0
70E0
70E0
70E0
70E0
70E0
70E0
70E0
70E0
70E0
70E0
70E0
3FC0
3FC0
0F00
ENDCHAR
STARTCHAR 016D
ENCODING 365
SWIDTH 583 0
DWIDTH 14 0
BBX 12 18 1 0
BITMAP
30C0
3FC0
1F80
0000
0000
F1E0
F1E0
70E0
70E0
70E0
70E0
70E0
70E0
70E0
70E0
7FE0
3FF0
1EF0
ENDCHAR
STARTCHAR 016E
ENCODING 366
SWIDTH 583 0
DWIDTH 14 0
BBX 12 25 1 0
BITMAP
0600
0F00
0900
0900
0F00
0600
0000
F9F0
F9F0
70E0
70E0
70E0
70E0
70E0
70E0
70E0
70E0
70E0
70E0
70E0
70E0
70E0
3FC0
3FC0
0F00
ENDCHAR
STARTCHAR 016F
ENCODING 367
SWIDTH 583 0
DWIDTH 14 0
BBX 12 19 1 0
BITMAP
0F00
0F00
0900
0F00
0F00
0000
F1E0
F1E0
70E0
70E0
70E0
70E0
70E0
70E0
70E0
70E0
7FE0
3FF0
1EF0
ENDCHAR
STARTCHAR 0170
ENCODING 368
SWIDTH 583 0
DWIDTH 14 0
BBX 12 24 1 0
BITMAP
0460
0EF0
1DE0
3980
1000
0000
F9F0
F9F0
70E0
70E0
70E0
70E0
70E0
70E0
70E0
70E0
70E0
70E0
70E0
70E0
70E0
3FC0
3FC0
0F00
ENDCHAR
STARTCHAR 0171
ENCODING 369
SWIDTH 583 0
DWIDTH 14 0
BBX 12 19 1 0
BITMAP
0460
0EF0
1DE0
3980
1000
0000
F1E0
F1E0
70E0
70E0
70E0
70E0
70E0
70E0
70E0
70E0
7FE0
3FF0
1EF0
ENDCHAR
STARTCHAR 0172
ENCODING 370
SWIDTH 583 0
DWIDTH 14 0
BBX 12 23 1 -5
BITMAP
F9F0
F9F0
70E0
70E0
70E0
70E0
70E0
70E0
70E0
70E0
70E0
70E0
70E0
70E0
70E0
3FC0
3FC0
0F00
0C00
1C00
1F00
1F00
0F00
ENDCHAR
STARTCHAR 0173
ENCODING 371
SWIDTH 583 0
DWIDTH 14 0
BBX 12 18 1 -5
BITMAP
F1E0
F1E0
70E0
70E0
70E0
70E0
70E0
70E0
70E0
70E0
7FE0
3FF0
1EF0
0070
00E0
00F0
00F0
0070
ENDCHAR
STARTCHAR 0174
ENCODING 372
SWIDTH 583 0
DWIDTH 14 0
BBX 13 24 1 0
BITMAP
0700
0F80
1DC0
18C0
0000
0000
F078
F078
6030
6030
6030
6730
6730
7770
7770
3560
3DE0
3DE0
3DE0
3DE0
3DE0
38E0
38E0
18C0
ENDCHAR
STARTCHAR 0175
ENCODING 373
SWIDTH 583 0
DWIDTH 14 0
BBX 13 19 1 0
BITMAP
0700
0F80
1DC0
18C0
0000
0000
F078
F078
6030
6030
6730
7770
3560
3DE0
3DE0
3DE0
3DE0
38E0
18C0
ENDCHAR
STARTCHAR 0176
ENCODING 374
SWIDTH 583 0
DWIDTH 14 0
BBX 12 24 1 0
BITMAP
0700
0F80
19C0
10C0
0000
0000
F9F0
F9F0
38E0
38E0
39C0
1DC0
1F80
0F80
0F80
0700
0700
0700
0700
0700
0700
0700
1FC0
1FC0
ENDCHAR
STARTCHAR 0177
ENCODING 375
SWIDTH 583 0
DWIDTH 14 0
BBX 12 24 1 -5
BITMAP
0F00
0F00
1980
30C0
0000
0000
F9F0
F9F0
30E0
39C0
39C0
39C0
1980
1F80
1F80
0F00
0F00
0F00
0600
0E00
0E00
3C00
7C00
7800
ENDCHAR
STARTCHAR 0178
ENCODING 376
SWIDTH 583 0
DWIDTH 14 0
BBX 13 24 1 0
BITMAP
3060
38E0
38E0
3060
0000
0000
F8F8
F8F8
38E0
38E0
19C0
1DC0
1DC0
0F80
0F80
0700
0700
0700
0700
0700
0700
0700
1FC0
1FC0
ENDCHAR
STARTCHAR 0179
ENCODING 377
SWIDTH 583 0
DWIDTH 14 0
BBX 11 24 2 0
BITMAP
0300
0780
0F00
0C00
0000
0000
FFE0
FFE0
E1E0
E1C0
03C0
0780
0780
0F00
0F00
1E00
1E00
3C00
3800
7800
70E0
F0E0
FFE0
FFE0
ENDCHAR
STARTCHAR 017A
ENCODING 378
SWIDTH 583 0
DWIDTH 14 0
BBX 11 19 2 0
BITMAP
0300
0780
0F00
0C00
0000
0000
FFE0
FFE0
E1E0
E3C0
0780
0700
0E00
1C00
3800
70E0
F0E0
FFE0
FFE0
ENDCHAR
STARTCHAR 017B
ENCODING 379
SWIDTH 583 0
DWIDTH 14 0
BBX 11 24 2 0
BITMAP
0C00
1E00
1E00
0C00
0000
0000
FFE0
FFE0
E1E0
E3C0
03C0
0780
0700
0F00
0E00
1E00
1C00
3C00
3800
7000
70E0
E0E0
FFE0
FFE0
ENDCHAR
STARTCHAR 017C
ENCODING 380
SWIDTH 583 0
DWIDTH 14 0
BBX 11 18 2 0
BITMAP
0C00
1E00
1E00
0C00
0000
FFE0
FFE0
E1E0
E3C0
0780
0F00
0E00
1C00
3800
70E0
E0E0
FFE0
FFE0
ENDCHAR
STARTCHAR 017D
ENCODING 381
SWIDTH 583 0
DWIDTH 14 0
BBX 11 24 2 0
BITMAP
3180
3B80
1F00
0E00
0000
0000
FFE0
FFE0
E1E0
E1C0
03C0
0780
0780
0F00
0F00
1E00
1E00
3C00
3800
7800
70E0
F0E0
FFE0
FFE0
ENDCHAR
STARTCHAR 017E
ENCODING 382
SWIDTH 583 0
DWIDTH 14 0
BBX 11 19 2 0
BITMAP
3180
3B80
1F00
0E00
0000
0000
FFE0
FFE0
E1E0
E3C0
0780
0700
0E00
1C00
3800
70E0
F0E0
FFE0
FFE0
ENDCHAR
STARTCHAR 017F
ENCODING 383
SWIDTH 583 0
DWIDTH 14 0
BBX 10 18 3 0
BITMAP
0F00
1F80
3FC0
39C0
39C0
3800
3800
3800
3800
3800
3800
3800
3800
3800
3800
3800
FE00
FE00
ENDCHAR
STARTCHAR 0180
ENCODING 384
SWIDTH 583 0
DWIDTH 14 0
BBX 12 18 1 0
BITMAP
F000
F000
7000
FE00
FE00
73C0
77E0
7FE0
7070
7070
7070
7070
7070
7070
7070
7DE0
FFE0
F3C0
ENDCHAR
STARTCHAR 0181
ENCODING 385
SWIDTH 583 0
DWIDTH 14 0
BBX 14 18 -1 0
BITMAP
3FC0
7FF0
DCF0
DC38
1C38
1C38
1C38
1CF0
1FE0
1FF0
1C38
1C1C
1C1C
1C1C
1C3C
1CF8
3FF0
3FE0
ENDCHAR
STARTCHAR 0182
ENCODING 386
SWIDTH 583 0
DWIDTH 14 0
BBX 11 18 1 0
BITMAP
FFE0
FFE0
70E0
70E0
7000
7000
7000
7F80
7FC0
73C0
70E0
70E0
70E0
70E0
70E0
73C0
FFC0
FF80
ENDCHAR
STARTCHAR 0183
ENCODING 387
SWIDTH 583 0
DWIDTH 14 0
BBX 12 18 1 0
BITMAP
FFE0
FFE0
70E0
70E0
7000
73C0
77E0
7FE0
7070
7070
7070
7070
7070
7070
7070
7DE0
FFE0
F3C0
ENDCHAR
STARTCHAR 0184
ENCODING 388
SWIDTH 583 0
DWIDTH 14 0
BBX 12 18 0 0
BITMAP
1E00
3E00
7E00
CE00
0E00
0E00
0E00
0FC0
0FE0
0EF0
0E70
0E70
0E70
0E70
0E70
0EE0
1FE0
1FC0
ENDCHAR
STARTCHAR 0185
ENCODING 389
SWIDTH 583 0
DWIDTH 14 0
BBX 11 13 1 0
BITMAP
3C00
7C00
FC00
9C00
1C00
1FC0
1FE0
1CE0
1CE0
1CE0
1CE0
3FC0
3F80
ENDCHAR
STARTCHAR 0186
ENCODING 390
SWIDTH 583 0
DWIDTH 14 0
BBX 10 18 2 0
BITMAP
3E00
7F80
FF80
E1C0
E1C0
01C0
01C0
01C0
01C0
01C0
01C0
01C0
01C0
E1C0
E1C0
FF80
FF80
3E00
ENDCHAR
STARTCHAR 0187
ENCODING 391
SWIDTH 583 0
DWIDTH 14 0
BBX 13 24 2 0
BITMAP
0038
0078
00F0
00E0
00E0
00E0
1FE0
7FE0
7FE0
E0E0
E0E0
E000
E000
E000
E000
E000
E000
E000
E000
E0E0
E1E0
7FC0
7FC0
1F00
ENDCHAR
STARTCHAR 0188
ENCODING 392
SWIDTH 583 0
DWIDTH 14 0
BBX 13 18 2 0
BITMAP
0038
0078
00F0
00E0
00E0
3EE0
7FE0
FBE0
E0E0
E0E0
E000
E000
E000
E0E0
E1E0
7FC0
7FC0
1F00
ENDCHAR
STARTCHAR 0189
ENCODING 393
SWIDTH 583 0
DWIDTH 14 0
BBX 12 18 1 0
BITMAP
FF80
FFC0
73E0
70F0
7070
7070
7070
7070
FE70
FE70
7070
7070
7070
7070
70F0
73E0
FFC0
FF80
ENDCHAR
STARTCHAR 018A
ENCODING 394
SWIDTH 583 0
DWIDTH 14 0
BBX 13 18 -1 0
BITMAP
7FC0
7FE0
DCF0
DC38
1C38
1C38
1C38
1C38
1C38
1C38
1C38
1C38
1C38
1C38
1C38
1DF0
3FE0
3FC0
ENDCHAR
STARTCHAR 018B
ENCODING 395
SWIDTH 583 0
DWIDTH 14 0
BBX 12 18 2 0
BITMAP
7FF0
7FF0
71C0
71C0
01C0
01C0
01C0
3FC0
7FC0
79C0
E1C0
E1C0
E1C0
E1C0
E1C0
79C0
7FF0
1FF0
ENDCHAR
STARTCHAR 018C
ENCODING 396
SWIDTH 583 0
DWIDTH 14 0
BBX 11 18 2 0
BITMAP
7FE0
7FE0
71C0
71C0
01C0
3DC0
7FC0
FFC0
E1C0
E1C0
E1C0
E1C0
E1C0
E1C0
E1C0
FFC0
7FE0
3DE0
ENDCHAR
STARTCHAR 018D
ENCODING 397
SWIDTH 583 0
DWIDTH 14 0
BBX 11 18 2 -5
BITMAP
1F00
7FC0
7BC0
E0E0
E0E0
E0E0
E0E0
E0E0
E0C0
7FC0
3F80
0FC0
01C0
01C0
01C0
3FC0
7F80
1F00
ENDCHAR
STARTCHAR 018E
ENCODING 398
SWIDTH 583 0
DWIDTH 14 0
BBX 11 18 2 0
BITMAP
FFE0
FFE0
E1C0
E1C0
01C0
01C0
01C0
01C0
1FC0
1FC0
01C0
01C0
01C0
01C0
E1C0
E1C0
FFE0
FFE0
ENDCHAR
STARTCHAR 018F
ENCODING 399
SWIDTH 583 0
DWIDTH 14 0
BBX 11 18 2 0
BITMAP
EF80
FFC0
FBC0
E0E0
E0E0
00E0
00E0
00E0
FFE0
FFE0
E0E0
E0E0
E0E0
E0E0
E1E0
7BC0
7FC0
1F00
ENDCHAR
STARTCHAR 0190
ENCODING 400
SWIDTH 583 0
DWIDTH 14 0
BBX 11 18 2 0
BITMAP
3EE0
7FE0
7FE0
E0E0
E0E0
E000
F000
7E00
3E00
7800
E000
E000
E000
E0E0
E1E0
7FC0
7FC0
1F00
ENDCHAR
STARTCHAR 0191
ENCODING 401
SWIDTH 583 0
DWIDTH 14 0
BBX 12 23 1 -5
BITMAP
7FF0
7FF0
3870
3870
3800
3800
3800
3F80
3F80
3800
3800
3800
3800
3800
3800
3800
3800
3800
3800
3800
F000
F000
E000
ENDCHAR
STARTCHAR 0192
ENCODING 402
SWIDTH 583 0
DWIDTH 14 0
BBX 11 23 2 -5
BITMAP
0780
0FC0
1FE0
1CE0
1C00
1C00
FFC0
FFC0
1C00
1C00
1C00
1C00
1C00
1C00
1C00
1C00
1C00
1C00
1C00
1C00
3C00
F800
F000
ENDCHAR
STARTCHAR 0193
ENCODING 403
SWIDTH 583 0
DWIDTH 14 0
BBX 13 24 2 0
BITMAP
0038
0078
00F0
00E0
00E0
00E0
3EE0
7FE0
FBE0
E0E0
E0E0
E000
E000
E000
E7E0
E7E0
E0E0
E0E0
E0E0
E0E0
E0E0
F1E0
7EE0
3CE0
ENDCHAR
STARTCHAR 0194
ENCODING 404
SWIDTH 583 0
DWIDTH 14 0
BBX 12 23 1 -5
BITMAP
F9F0
F9F0
38C0
39C0
1980
1D80
0D80
0F00
0F00
0F00
0600
0600
0700
0700
0F00
0F00
0D80
0D80
0D80
0D80
0F80
0F80
0700
ENDCHAR
STARTCHAR 0195
ENCODING 405
SWIDTH 583 0
DWIDTH 14 0
BBX 14 18 1 0
BITMAP
F000
F000
7000
7000
7000
7E3C
7F3C
7738
7738
7738
7738
7738
7738
7738
7738
77F8
F3F0
F1E0
ENDCHAR
STARTCHAR 0196
ENCODING 406
SWIDTH 583 0
DWIDTH 14 0
BBX 11 18 2 0
BITMAP
FE00
FE00
0E00
0E00
0E00
0E00
0E00
0E00
0E00
0E00
0E00
0E00
0E00
0E00
0E00
0F00
07E0
03E0
ENDCHAR
STARTCHAR 0197
ENCODING 407
SWIDTH 583 0
DWIDTH 14 0
BBX 10 18 2 0
BITMAP
FFC0
FFC0
1C00
1C00
1C00
1C00
1C00
1C00
7F80
7F80
1C00
1C00
1C00
1C00
1C00
1C00
FFC0
FFC0
ENDCHAR
STARTCHAR 0198
ENCODING 408
SWIDTH 583 0
DWIDTH 14 0
BBX 12 18 1 0
BITMAP
F870
F9F0
71E0
7380
7700
7700
7E00
7E00
7E00
7E00
7F00
7700
7380
7380
71C0
71C0
F8F0
F8F0
ENDCHAR
STARTCHAR 0199
ENCODING 409
SWIDTH 583 0
DWIDTH 14 0
BBX 12 18 1 0
BITMAP
1C00
3C00
3C00
7000
7000
70F0
71F0
73C0
7380
7700
7E00
7E00
7F00
7F80
7380
71C0
F9F0
F8F0
ENDCHAR
STARTCHAR 019A
ENCODING 410
SWIDTH 583 0
DWIDTH 14 0
BBX 10 18 2 0
BITMAP
FE00
FE00
0E00
0E00
0E00
0E00
0E00
0E00
3F80
3F80
0E00
0E00
0E00
0E00
0E00
0E00
FFC0
FFC0
ENDCHAR
STARTCHAR 019B
ENCODING 411
SWIDTH 583 0
DWIDTH 14 0
BBX 12 18 1 0
BITMAP
7800
7C80
1F80
1F00
7E00
3600
0F00
0F00
0F00
1F80
1F80
1980
39C0
39C0
39C0
70E0
F9F0
F9F0
ENDCHAR
STARTCHAR 019C
ENCODING 412
SWIDTH 583 0
DWIDTH 14 0
BBX 13 18 0 0
BITMAP
F738
F738
7738
7738
7738
7738
7738
7738
7738
7738
7738
7738
7738
7738
7738
77F8
7BF8
33B8
ENDCHAR
STARTCHAR 019D
ENCODING 413
SWIDTH 583 0
DWIDTH 14 0
BBX 13 23 1 -5
BITMAP
78F8
7CF8
3C70
3C70
3E70
3E70
3E70
3F70
3B70
3B70
3BF0
39F0
39F0
39F0
38F0
38F0
38F0
3870
3800
3800
F800
F000
E000
ENDCHAR
STARTCHAR 019E
ENCODING 414
SWIDTH 583 0
DWIDTH 14 0
BBX 13 18 1 -5
BITMAP
F780
FFC0
7FE0
70E0
70E0
70E0
70E0
70E0
70E0
70E0
70E0
F8E0
F8E0
00E0
00E0
00E0
01F8
01F8
ENDCHAR
STARTCHAR 019F
ENCODING 415
SWIDTH 583 0
DWIDTH 14 0
BBX 11 18 2 0
BITMAP
1F00
7FC0
7BC0
E0E0
E0E0
E0E0
E0E0
E0E0
FFE0
FFE0
E0E0
E0E0
E0E0
E0E0
E1E0
7BC0
7FC0
1F00
ENDCHAR
STARTCHAR 01A0
ENCODING 416
SWIDTH 583 0
DWIDTH 14 0
BBX 13 22 2 0
BITMAP
0038
0038
0008
0008
1F18
7F90
7BF0
E1E0
E0E0
E0E0
E0E0
E0E0
E0E0
E0E0
E0E0
E0E0
E0E0
E0E0
E1E0
7BC0
7FC0
1F00
ENDCHAR
STARTCHAR 01A1
ENCODING 417
SWIDTH 583 0
DWIDTH 14 0
BBX 13 16 2 0
BITMAP
0038
0038
0008
1F18
7F90
7BF0
E0E0
E0E0
E0E0
E0E0
E0E0
E0E0
E0E0
7BC0
7FC0
1F00
ENDCHAR
STARTCHAR 01A2
ENCODING 418
SWIDTH 583 0
DWIDTH 14 0
BBX 13 23 1 -5
BITMAP
3C70
7EF0
FFF0
E7F0
E770
E770
E770
E770
E770
E770
E770
E770
E770
E770
E770
FF70
7E70
3C70
0070
0070
0070
00F8
00F8
ENDCHAR
STARTCHAR 01A3
ENCODING 419
SWIDTH 583 0
DWIDTH 14 0
BBX 13 18 1 -5
BITMAP
3C70
7EF0
FFF0
E7F0
E770
E770
E770
E770
E770
E770
FF70
7E70
3C70
0070
0070
0070
00F8
00F8
ENDCHAR
STARTCHAR 01A4
ENCODING 420
SWIDTH 583 0
DWIDTH 14 0
BBX 13 18 0 0
BITMAP
3FC0
7FF0
FCF0
DC38
1C38
1C38
1C38
1C38
1CF0
1FF0
1FE0
1C00
1C00
1C00
1C00
1C00
3F00
3F00
ENDCHAR
STARTCHAR 01A5
ENCODING 421
SWIDTH 583 0
DWIDTH 14 0
BBX 12 23 1 -5
BITMAP
0C00
3C00
3C00
7000
7000
73C0
77E0
7DE0
7070
7070
7070
7070
7070
7070
7070
7DE0
77E0
73C0
7000
7000
7000
FC00
FC00
ENDCHAR
STARTCHAR 01A6
ENCODING 422
SWIDTH 583 0
DWIDTH 14 0
BBX 13 23 1 -5
BITMAP
FC00
FC00
7000
7000
7FC0
7FE0
70F0
7070
7070
7070
71E0
7FE0
7FC0
7380
7380
71C0
F9C0
F9C0
00E0
00E0
00E0
0078
0078
ENDCHAR
STARTCHAR 01A7
ENCODING 423
SWIDTH 583 0
DWIDTH 14 0
BBX 11 18 2 0
BITMAP
EF80
FFC0
FBC0
E0E0
E0E0
00E0
01C0
03C0
1F80
3E00
7800
F000
E000
E0E0
E0E0
FBE0
7FE0
3EE0
ENDCHAR
STARTCHAR 01A8
ENCODING 424
SWIDTH 583 0
DWIDTH 14 0
BBX 10 13 2 0
BITMAP
EF00
FF80
FBC0
E1C0
E1C0
0F80
3F00
7C00
E1C0
E1C0
F7C0
7FC0
3DC0
ENDCHAR
STARTCHAR 01A9
ENCODING 425
SWIDTH 583 0
DWIDTH 14 0
BBX 11 18 2 0
BITMAP
FFE0
FFE0
E0E0
60E0
7000
3800
3800
1C00
0C00
0C00
1C00
3800
3800
7000
60E0
E0E0
FFE0
FFE0
ENDCHAR
STARTCHAR 01AA
ENCODING 426
SWIDTH 583 0
DWIDTH 14 0
BBX 10 23 2 -5
BITMAP
3C00
7E00
FE00
7E00
7E00
0E00
0E00
0E00
0E00
0E00
0E00
0E00
0E00
0E00
0E00
0E00
0E00
0E00
0E00
0E00
0F80
07C0
01C0
ENDCHAR
STARTCHAR 01AB
ENCODING 427
SWIDTH 583 0
DWIDTH 14 0
BBX 11 23 2 -5
BITMAP
3800
3800
3800
3800
3800
FFC0
FFC0
3800
3800
3800
3800
3800
3800
38E0
38E0
1FE0
1FE0
0FE0
00E0
00E0
03E0
03C0
0380
ENDCHAR
STARTCHAR 01AC
ENCODING 428
SWIDTH 583 0
DWIDTH 14 0
BBX 11 18 2 0
BITMAP
3FE0
7FE0
6EE0
CEE0
0E00
0E00
0E00
0E00
0E00
0E00
0E00
0E00
0E00
0E00
0E00
0E00
3F80
3F80
ENDCHAR
STARTCHAR 01AD
ENCODING 429
SWIDTH 583 0
DWIDTH 14 0
BBX 11 18 2 0
BITMAP
0E00
1E00
3E00
3800
3800
FFC0
FFC0
3800
3800
3800
3800
3800
3800
38E0
38E0
1DE0
1FC0
0F80
ENDCHAR
STARTCHAR 01AE
ENCODING 430
SWIDTH 583 0
DWIDTH 14 0
BBX 11 23 2 -5
BITMAP
FFE0
FFE0
EEE0
EEE0
0E00
0E00
0E00
0E00
0E00
0E00
0E00
0E00
0E00
0E00
0E00
0E00
0E00
0E00
0E00
0E00
0F80
0780
0380
ENDCHAR
STARTCHAR 01AF
ENCODING 431
SWIDTH 583 0
DWIDTH 14 0
BBX 14 22 1 0
BITMAP
001C
001C
000C
000C
F9F8
F9F0
70E0
70E0
70E0
70E0
70E0
70E0
70E0
70E0
70E0
70E0
70E0
70E0
70E0
3FC0
3FC0
0F00
ENDCHAR
STARTCHAR 01B0
ENCODING 432
SWIDTH 583 0
DWIDTH 14 0
BBX 14 16 1 0
BITMAP
001C
001C
000C
F1F8
F1F0
70E0
70E0
70E0
70E0
70E0
70E0
70E0
70E0
7FE0
3FF0
1EF0
ENDCHAR
STARTCHAR 01B1
ENCODING 433
SWIDTH 583 0
DWIDTH 14 0
BBX 10 18 2 0
BITMAP
F3C0
F3C0
3300
7380
E1C0
E1C0
E1C0
E1C0
E1C0
E1C0
E1C0
E1C0
E1C0
E1C0
E1C0
7F80
7F80
1E00
ENDCHAR
STARTCHAR 01B2
ENCODING 434
SWIDTH 583 0
DWIDTH 14 0
BBX 11 18 1 0
BITMAP
FB80
FBC0
73E0
70E0
70E0
70E0
70E0
70E0
70E0
70E0
70E0
70E0
70E0
70E0
70E0
3FC0
3FC0
0F00
ENDCHAR
STARTCHAR 01B3
ENCODING 435
SWIDTH 583 0
DWIDTH 14 0
BBX 13 18 1 0
BITMAP
F878
F8F8
38F0
38C0
39C0
1DC0
1D80
0D80
0F80
0700
0700
0700
0700
0700
0700
0700
1FC0
1FC0
ENDCHAR
STARTCHAR 01B4
ENCODING 436
SWIDTH 583 0
DWIDTH 14 0
BBX 12 18 1 -5
BITMAP
F830
F870
30F0
38E0
39C0
39C0
19C0
1D80
1F80
0F80
0F00
0F00
0700
0E00
0E00
3E00
7C00
7800
ENDCHAR
STARTCHAR 01B5
ENCODING 437
SWIDTH 583 0
DWIDTH 14 0
BBX 11 18 2 0
BITMAP
FFE0
FFE0
E1E0
E1C0
03C0
0780
0780
0F00
3F80
3F80
1E00
3C00
3800
7800
70E0
F0E0
FFE0
FFE0
ENDCHAR
STARTCHAR 01B6
ENCODING 438
SWIDTH 583 0
DWIDTH 14 0
BBX 11 13 2 0
BITMAP
FFE0
FFE0
E1E0
E3C0
0780
3F80
3F80
1C00
3800
70E0
F0E0
FFE0
FFE0
ENDCHAR
STARTCHAR 01B7
ENCODING 439
SWIDTH 583 0
DWIDTH 14 0
BBX 11 18 2 0
BITMAP
FFC0
FFC0
E1C0
E380
0700
0E00
1C00
1F00
1F80
03C0
01E0
00E0
00E0
E0E0
E1E0
7BC0
7F80
1F00
ENDCHAR
STARTCHAR 01B8
ENCODING 440
SWIDTH 583 0
DWIDTH 14 0
BBX 11 18 2 0
BITMAP
7FE0
7FE0
70E0
38E0
1C00
0E00
0700
1F00
7F00
7800
E000
E000
E000
E0E0
E1E0
7FC0
7FC0
1F00
ENDCHAR
STARTCHAR 01B9
ENCODING 441
SWIDTH 583 0
DWIDTH 14 0
BBX 11 18 2 -5
BITMAP
7FE0
7FE0
70E0
38E0
1C00
0E00
0700
3F00
7F00
F000
E000
E000
E000
E000
E0E0
7BE0
7FC0
1F80
ENDCHAR
STARTCHAR 01BA
ENCODING 442
SWIDTH 583 0
DWIDTH 14 0
BBX 11 18 2 -5
BITMAP
FFC0
FFC0
E3C0
EF00
1E00
1F80
1FC0
01E0
00E0
01E0
0FC0
3F80
7C00
E000
E0E0
FBE0
7FC0
3F00
ENDCHAR
STARTCHAR 01BB
ENCODING 443
SWIDTH 583 0
DWIDTH 14 0
BBX 12 18 1 0
BITMAP
1F00
3FC0
7FC0
70E0
70E0
00E0
00E0
01E0
FFF0
FFF0
0700
0F00
1E00
1C00
38E0
70E0
7FE0
7FE0
ENDCHAR
STARTCHAR 01BC
ENCODING 444
SWIDTH 583 0
DWIDTH 14 0
BBX 11 18 2 0
BITMAP
FFC0
FFC0
70C0
70C0
7000
7000
7000
7F00
7F80
03C0
01C0
00E0
00E0
00E0
E1C0
FFC0
7F80
1F00
ENDCHAR
STARTCHAR 01BD
ENCODING 445
SWIDTH 583 0
DWIDTH 14 0
BBX 11 13 2 0
BITMAP
FFC0
FFC0
70C0
70C0
7000
7F00
7FC0
03C0
00E0
00E0
F3C0
7FC0
3F00
ENDCHAR
STARTCHAR 01BE
ENCODING 446
SWIDTH 583 0
DWIDTH 14 0
BBX 10 18 2 0
BITMAP
1800
1800
1800
1800
1800
FFC0
FFC0
1C00
0E00
0700
0380
03C0
01C0
E1C0
E1C0
FFC0
FF80
EF00
ENDCHAR
STARTCHAR 01BF
ENCODING 447
SWIDTH 583 0
DWIDTH 14 0
BBX 12 18 1 -5
BITMAP
F7C0
FFE0
7FE0
7070
7070
7070
70E0
70E0
71C0
7780
7F00
7E00
7C00
7800
7000
7000
FC00
FC00
ENDCHAR
STARTCHAR 01C0
ENCODING 448
SWIDTH 583 0
DWIDTH 14 0
BBX 3 23 6 -5
BITMAP
E0
E0
E0
E0
E0
E0
E0
E0
E0
E0
E0
E0
E0
E0
E0
E0
E0
E0
E0
E0
E0
E0
E0
ENDCHAR
STARTCHAR 01C1
ENCODING 449
SWIDTH 583 0
DWIDTH 14 0
BBX 7 23 4 -5
BITMAP
EE
EE
EE
EE
EE
EE
EE
EE
EE
EE
EE
EE
EE
EE
EE
EE
EE
EE
EE
EE
EE
EE
EE
ENDCHAR
STARTCHAR 01C2
ENCODING 450
SWIDTH 583 0
DWIDTH 14 0
BBX 10 23 2 -5
BITMAP
0E00
0E00
0E00
0E00
0E00
0E00
0E00
0E00
FFC0
FFC0
0E00
0E00
0E00
FFC0
FFC0
0E00
0E00
0E00
0E00
0E00
0E00
0E00
0E00
ENDCHAR
STARTCHAR 01C3
ENCODING 451
SWIDTH 583 0
DWIDTH 14 0
BBX 4 18 5 0
BITMAP
70
70
70
70
70
70
70
70
70
70
70
00
00
00
60
F0
F0
60
ENDCHAR
STARTCHAR 01C4
ENCODING 452
SWIDTH 583 0
DWIDTH 14 0
BBX 15 24 -1 0
BITMAP
0044
006C
0038
0038
0000
0000
F8FE
FCFE
7ECE
66CE
660C
661C
661C
6618
6638
6638
6630
6670
6670
6660
66E6
7EE6
FCFE
F8FE
ENDCHAR
STARTCHAR 01C5
ENCODING 453
SWIDTH 583 0
DWIDTH 14 0
BBX 15 19 -1 0
BITMAP
0044
F86C
FC28
7E38
6600
6600
66FE
66FE
66CE
66CC
661C
6618
6638
6630
6670
6666
7EE6
FCFE
F8FE
ENDCHAR
STARTCHAR 01C6
ENCODING 454
SWIDTH 583 0
DWIDTH 14 0
BBX 14 19 1 0
BITMAP
0048
1C48
1C78
0C30
0C00
0C00
6CFC
FCFC
FCCC
CCDC
CC18
CC38
CC30
CC70
CC60
CCEC
FCCC
FEFC
6EFC
ENDCHAR
STARTCHAR 01C7
ENCODING 455
SWIDTH 583 0
DWIDTH 14 0
BBX 13 18 1 0
BITMAP
F078
F078
6018
6018
6018
6018
6018
6018
6018
6018
6018
6018
6018
6198
6D98
6DF8
FCF0
FC60
ENDCHAR
STARTCHAR 01C8
ENCODING 456
SWIDTH 583 0
DWIDTH 14 0
BBX 13 23 1 -5
BITMAP
F030
F038
6038
6030
6000
6078
6078
6038
6038
6038
6038
6038
6038
6038
6C38
6C38
FC38
FC38
0038
0338
03F0
01F0
00E0
ENDCHAR
STARTCHAR 01C9
ENCODING 457
SWIDTH 583 0
DWIDTH 14 0
BBX 13 23 1 -5
BITMAP
F018
F038
3038
3018
3000
3078
3078
3038
3038
3038
3038
3038
3038
3038
3038
3038
FC38
FC38
0038
0338
03F8
01F0
00E0
ENDCHAR
STARTCHAR 01CA
ENCODING 458
SWIDTH 583 0
DWIDTH 14 0
BBX 14 18 0 0
BITMAP
EE3C
EE3C
660C
760C
760C
760C
760C
760C
7E0C
7E0C
6E0C
6E0C
6E0C
6ECC
6ECC
66FC
E6F8
E670
ENDCHAR
STARTCHAR 01CB
ENCODING 459
SWIDTH 583 0
DWIDTH 14 0
BBX 14 23 0 -5
BITMAP
EE18
EE1C
661C
7618
7600
767C
767C
761C
7E1C
7E1C
6E1C
6E1C
6E1C
6E1C
6E1C
661C
E61C
E61C
001C
019C
01F8
00F8
0070
ENDCHAR
STARTCHAR 01CC
ENCODING 460
SWIDTH 583 0
DWIDTH 14 0
BBX 14 23 0 -5
BITMAP
0018
001C
001C
0018
0000
E87C
FC7C
7C1C
6C1C
6C1C
6C1C
6C1C
6C1C
6C1C
6C1C
6C1C
EE1C
EE1C
001C
039C
01F8
01F8
00F0
ENDCHAR
STARTCHAR 01CD
ENCODING 461
SWIDTH 583 0
DWIDTH 14 0
BBX 12 24 1 0
BITMAP
30C0
1980
0F00
0F00
0000
0000
0F00
0F00
0F00
0F00
0F00
1F80
1F80
1980
1980
39C0
3FC0
3FC0
38C0
70C0
70E0
70E0
F9F0
F9F0
ENDCHAR
STARTCHAR 01CE
ENCODING 462
SWIDTH 583 0
DWIDTH 14 0
BBX 12 19 2 0
BITMAP
71C0
3B80
1F00
1F00
0000
0000
3F00
7FC0
FBC0
E0E0
00E0
1FE0
7FE0
F8E0
E0E0
E0E0
FBE0
7FF0
3CF0
ENDCHAR
STARTCHAR 01CF
ENCODING 463
SWIDTH 583 0
DWIDTH 14 0
BBX 10 24 2 0
BITMAP
6380
7700
3E00
1E00
0000
0000
FFC0
FFC0
1C00
1C00
1C00
1C00
1C00
1C00
1C00
1C00
1C00
1C00
1C00
1C00
1C00
1C00
FFC0
FFC0
ENDCHAR
STARTCHAR 01D0
ENCODING 464
SWIDTH 583 0
DWIDTH 14 0
BBX 10 19 2 0
BITMAP
7180
3B80
1F00
1E00
0000
0000
FE00
FE00
0E00
0E00
0E00
0E00
0E00
0E00
0E00
0E00
0E00
FFC0
FFC0
ENDCHAR
STARTCHAR 01D1
ENCODING 465
SWIDTH 583 0
DWIDTH 14 0
BBX 11 25 2 0
BITMAP
2080
3180
3B80
1F00
0E00
0000
0000
1F00
7FC0
7BC0
E1E0
E0E0
E0E0
E0E0
E0E0
E0E0
E0E0
E0E0
E0E0
E0E0
E0E0
E1E0
7BC0
7FC0
1F00
ENDCHAR
STARTCHAR 01D2
ENCODING 466
SWIDTH 583 0
DWIDTH 14 0
BBX 11 19 2 0
BITMAP
7180
3B80
1F00
1E00
0000
0000
1F00
7FC0
7BC0
E0E0
E0E0
E0E0
E0E0
E0E0
E0E0
E0E0
7BC0
7FC0
1F00
ENDCHAR
STARTCHAR 01D3
ENCODING 467
SWIDTH 583 0
DWIDTH 14 0
BBX 12 25 1 0
BITMAP
1080
39C0
1F80
0F00
0600
0000
0000
F9F0
F9F0
70E0
70E0
70E0
70E0
70E0
70E0
70E0
70E0
70E0
70E0
70E0
70E0
70E0
3FC0
3FC0
0F00
ENDCHAR
STARTCHAR 01D4
ENCODING 468
SWIDTH 583 0
DWIDTH 14 0
BBX 12 19 1 0
BITMAP
30C0
1980
1F80
0F00
0000
0000
F1E0
F1E0
70E0
70E0
70E0
70E0
70E0
70E0
70E0
70E0
7FE0
3FF0
1EF0
ENDCHAR
STARTCHAR 01D5
ENCODING 469
SWIDTH 583 0
DWIDTH 14 0
BBX 13 28 1 0
BITMAP
3FC0
3FC0
0000
0000
3060
38E0
38E0
3060
0000
0000
F8F8
F8F8
70E0
70E0
70E0
70E0
70E0
70E0
70E0
70E0
70E0
70E0
70E0
70E0
70E0
3FC0
3FC0
0F00
ENDCHAR
STARTCHAR 01D6
ENCODING 470
SWIDTH 583 0
DWIDTH 14 0
BBX 12 23 1 0
BITMAP
3FC0
3FC0
0000
0000
0000
3180
79C0
79C0
3180
0000
F1E0
F1E0
70E0
70E0
70E0
70E0
70E0
70E0
70E0
70E0
7FE0
3FF0
1EF0
ENDCHAR
STARTCHAR 01D7
ENCODING 471
SWIDTH 583 0
DWIDTH 14 0
BBX 13 29 1 1
BITMAP
0180
0380
0700
0600
0000
3060
38E0
38E0
3060
0000
0000
F8F8
F8F8
70E0
70E0
70E0
70E0
70E0
70E0
70E0
70E0
70E0
70E0
70E0
70E0
70E0
3FC0
3FC0
0F00
ENDCHAR
STARTCHAR 01D8
ENCODING 472
SWIDTH 583 0
DWIDTH 14 0
BBX 12 24 1 0
BITMAP
0100
0380
0700
0E00
0400
0000
3180
79C0
79C0
3180
0000
F1E0
F1E0
70E0
70E0
70E0
70E0
70E0
70E0
70E0
70E0
7FE0
3FF0
1EF0
ENDCHAR
STARTCHAR 01D9
ENCODING 473
SWIDTH 583 0
DWIDTH 14 0
BBX 13 30 1 0
BITMAP
1080
18C0
1D80
0F80
0700
0000
3060
38E0
38E0
3060
0000
0000
F8F8
F8F8
70E0
70E0
70E0
70E0
70E0
70E0
70E0
70E0
70E0
70E0
70E0
70E0
70E0
3FC0
3FC0
0F00
ENDCHAR
STARTCHAR 01DA
ENCODING 474
SWIDTH 583 0
DWIDTH 14 0
BBX 12 24 1 0
BITMAP
3080
3980
1F00
0F00
0000
0000
3180
79C0
79C0
3180
0000
F1E0
F1E0
70E0
70E0
70E0
70E0
70E0
70E0
70E0
70E0
7FE0
3FF0
1EF0
ENDCHAR
STARTCHAR 01DB
ENCODING 475
SWIDTH 583 0
DWIDTH 14 0
BBX 13 30 1 0
BITMAP
0800
1C00
0E00
0700
0200
0000
3060
38E0
38E0
3060
0000
0000
F8F8
F8F8
70E0
70E0
70E0
70E0
70E0
70E0
70E0
70E0
70E0
70E0
70E0
70E0
70E0
3FC0
3FC0
0F00
ENDCHAR
STARTCHAR 01DC
ENCODING 476
SWIDTH 583 0
DWIDTH 14 0
BBX 12 24 1 0
BITMAP
0800
1C00
1E00
0E00
0600
0000
3180
79C0
79C0
3180
0000
F1E0
F1E0
70E0
70E0
70E0
70E0
70E0
70E0
70E0
70E0
7FE0
3FF0
1EF0
ENDCHAR
STARTCHAR 01DD
ENCODING 477
SWIDTH 583 0
DWIDTH 14 0
BBX 11 13 2 0
BITMAP
3F00
7FC0
FBC0
E0E0
00E0
FFE0
FFE0
E0E0
E0E0
E1E0
7BC0
7FC0
1F00
ENDCHAR
STARTCHAR 01DE
ENCODING 478
SWIDTH 583 0
DWIDTH 14 0
BBX 13 28 1 0
BITMAP
3FC0
3FC0
0000
0000
3060
38E0
38E0
3060
0000
0000
0F80
0F80
0F80
0F80
1D80
1DC0
1DC0
1DC0
18C0
38C0
3FE0
3FE0
30E0
3060
7070
7070
F8F8
F8F8
ENDCHAR
STARTCHAR 01DF
ENCODING 479
SWIDTH 583 0
DWIDTH 14 0
BBX 12 23 2 0
BITMAP
7F80
7F80
0000
0000
0000
3180
7BC0
7BC0
3180
0000
3F00
7FC0
FFC0
E0E0
00E0
1FE0
7FE0
F8E0
E0E0
E0E0
FBE0
7FF0
3CF0
ENDCHAR
STARTCHAR 01E0
ENCODING 480
SWIDTH 583 0
DWIDTH 14 0
BBX 12 28 1 0
BITMAP
3FC0
3FC0
0000
0000
0600
0F00
0F00
0600
0000
0000
0F00
0F00
0F00
0F00
1F80
1F80
1F80
1980
1980
39C0
3FC0
3FC0
30C0
70E0
70E0
70E0
F9F0
F9F0
ENDCHAR
STARTCHAR 01E1
ENCODING 481
SWIDTH 583 0
DWIDTH 14 0
BBX 12 23 2 0
BITMAP
7F80
7F80
0000
0000
0000
0C00
1E00
1E00
0C00
0000
3F00
7FC0
FBC0
E0E0
00E0
1FE0
7FE0
F8E0
E0E0
E0E0
FBE0
7FF0
3CF0
ENDCHAR
STARTCHAR 01E2
ENCODING 482
SWIDTH 583 0
DWIDTH 14 0
BBX 13 23 1 0
BITMAP
1FE0
1FE0
0000
0000
0000
1FF8
1FF8
0798
0798
0F80
0F80
0F80
0F80
1BF0
1BF0
1B80
3B80
3F80
3F80
3398
7398
FBF8
FBF8
ENDCHAR
STARTCHAR 01E3
ENCODING 483
SWIDTH 583 0
DWIDTH 14 0
BBX 12 18 1 0
BITMAP
3FC0
3FC0
0000
0000
0000
39E0
7FF0
FF70
E770
0770
3FF0
7FF0
F700
E700
E770
FFF0
FFE0
79C0
ENDCHAR
STARTCHAR 01E4
ENCODING 484
SWIDTH 583 0
DWIDTH 14 0
BBX 12 18 2 0
BITMAP
3EE0
7FE0
FFE0
E0E0
E0E0
E000
E000
E000
E7E0
E7E0
E0E0
E0E0
E7F0
E7F0
E0E0
F1E0
7EE0
3CE0
ENDCHAR
STARTCHAR 01E5
ENCODING 485
SWIDTH 583 0
DWIDTH 14 0
BBX 13 18 1 -5
BITMAP
1FF0
3FF0
7DE0
70E0
70E0
7FE0
3FC0
3F80
7000
7000
3800
3FE0
1FF0
FFF8
7070
7DF0
3FE0
1F80
ENDCHAR
STARTCHAR 01E6
ENCODING 486
SWIDTH 583 0
DWIDTH 14 0
BBX 11 24 2 0
BITMAP
71C0
3B80
1F00
1E00
0000
0000
3EE0
7FE0
FFE0
E0E0
E0E0
E000
E000
E000
E7E0
E7E0
E0E0
E0E0
E0E0
E0E0
E0E0
F1E0
7EE0
3CE0
ENDCHAR
STARTCHAR 01E7
ENCODING 487
SWIDTH 583 0
DWIDTH 14 0
BBX 11 25 2 -5
BITMAP
2080
3180
3B00
1F00
0E00
0000
0000
3FE0
7FE0
FFC0
E1C0
E1C0
FFC0
7F80
7F00
E000
E000
F000
7FC0
3FE0
00E0
00E0
F3E0
FFC0
3F80
ENDCHAR
STARTCHAR 01E8
ENCODING 488
SWIDTH 583 0
DWIDTH 14 0
BBX 12 24 1 0
BITMAP
31C0
3980
1F00
0F00
0000
0000
F8F0
F9F0
71C0
7380
7380
7700
7600
7E00
7E00
7E00
7F00
7700
7380
7380
71C0
71C0
F8F0
F8F0
ENDCHAR
STARTCHAR 01E9
ENCODING 489
SWIDTH 583 0
DWIDTH 14 0
BBX 13 24 0 0
BITMAP
C600
EE00
7C00
3800
0000
0000
7800
7800
3800
3800
3800
3878
38F8
39E0
39C0
3B80
3F00
3F00
3F80
3FC0
39C0
38E0
7CF8
7C78
ENDCHAR
STARTCHAR 01EA
ENCODING 490
SWIDTH 583 0
DWIDTH 14 0
BBX 11 23 2 -5
BITMAP
1F00
7FC0
7BC0
E1E0
E0E0
E0E0
E0E0
E0E0
E0E0
E0E0
E0E0
E0E0
E0E0
E0E0
E0E0
7BC0
7FC0
1F00
1C00
3800
3C00
3E00
1E00
ENDCHAR
STARTCHAR 01EB
ENCODING 491
SWIDTH 583 0
DWIDTH 14 0
BBX 11 18 2 -5
BITMAP
1F00
7FC0
7BC0
E0E0
E0E0
E0E0
E0E0
E0E0
E0E0
E0E0
7BC0
7FC0
1F00
1C00
3800
3C00
3E00
1E00
ENDCHAR
STARTCHAR 01EC
ENCODING 492
SWIDTH 583 0
DWIDTH 14 0
BBX 11 28 2 -5
BITMAP
7F80
7F80
0000
0000
0000
1F00
7FC0
7BC0
E1E0
E0E0
E0E0
E0E0
E0E0
E0E0
E0E0
E0E0
E0E0
E0E0
E0E0
E0E0
7BC0
7FC0
1F00
1C00
3800
3C00
3E00
1E00
ENDCHAR
STARTCHAR 01ED
ENCODING 493
SWIDTH 583 0
DWIDTH 14 0
BBX 11 23 2 -5
BITMAP
7F80
7F80
0000
0000
0000
1F00
7FC0
7BC0
E0E0
E0E0
E0E0
E0E0
E0E0
E0E0
E0E0
7BC0
7FC0
1F00
1C00
3800
3C00
3E00
1E00
ENDCHAR
STARTCHAR 01EE
ENCODING 494
SWIDTH 583 0
DWIDTH 14 0
BBX 11 25 2 0
BITMAP
2080
3180
3B00
1F00
0E00
0000
0000
FFC0
FFC0
E1C0
E380
0700
0E00
1C00
1F00
1F80
03C0
01E0
00E0
00E0
E0E0
E1E0
7BC0
7F80
1F00
ENDCHAR
STARTCHAR 01EF
ENCODING 495
SWIDTH 583 0
DWIDTH 14 0
BBX 11 25 2 -5
BITMAP
3080
3180
1B00
1F00
0E00
0000
0000
FFC0
FFC0
E1C0
E380
0700
0E00
1C00
1F80
1FC0
01C0
00E0
00E0
00E0
00E0
E1E0
FBC0
7F80
3F00
ENDCHAR
STARTCHAR 01F0
ENCODING 496
SWIDTH 583 0
DWIDTH 14 0
BBX 12 25 1 -5
BITMAP
0420
0E30
0760
03E0
01C0
0000
0000
1FC0
1FC0
01C0
01C0
01C0
01C0
01C0
01C0
01C0
01C0
01C0
01C0
01C0
01C0
E1C0
F780
FF80
3E00
ENDCHAR
STARTCHAR 01F1
ENCODING 497
SWIDTH 583 0
DWIDTH 14 0
BBX 15 18 -1 0
BITMAP
F8FE
FCFE
7ECE
66CE
660C
661C
661C
6618
6638
6638
6630
6670
6670
6660
66E6
7EE6
FCFE
F8FE
ENDCHAR
STARTCHAR 01F2
ENCODING 498
SWIDTH 583 0
DWIDTH 14 0
BBX 15 18 -1 0
BITMAP
F800
FC00
7E00
6600
6600
66FE
66FE
66CE
66CC
661C
6618
6638
6630
6670
6666
7EE6
FCFE
F8FE
ENDCHAR
STARTCHAR 01F3
ENCODING 499
SWIDTH 583 0
DWIDTH 14 0
BBX 14 18 1 0
BITMAP
1C00
1C00
0C00
0C00
0C00
6CFC
FCFC
FCCC
CCDC
CC18
CC38
CC30
CC70
CC60
CCEC
FEFC
FEFC
6EFC
ENDCHAR
STARTCHAR 01F4
ENCODING 500
SWIDTH 583 0
DWIDTH 14 0
BBX 11 24 2 0
BITMAP
0300
0780
0700
0E00
0000
0000
3EE0
7FE0
FFE0
E0E0
E0E0
E000
E000
E000
E7E0
E7E0
E0E0
E0E0
E0E0
E0E0
E0E0
F1E0
7EE0
3CE0
ENDCHAR
STARTCHAR 01F5
ENCODING 501
SWIDTH 583 0
DWIDTH 14 0
BBX 11 24 2 -5
BITMAP
0200
0780
0F00
1E00
0800
0000
3FE0
7FE0
FFC0
E1C0
E1C0
FFC0
7F80
7F00
E000
E000
F000
7FC0
3FE0
00E0
00E0
F3E0
FFC0
3F80
ENDCHAR
STARTCHAR 01F6
ENCODING 502
SWIDTH 583 0
DWIDTH 14 0
BBX 13 18 1 0
BITMAP
F780
F780
7700
7700
7700
7778
7778
7770
7F70
7F70
7770
7770
7770
7770
7770
77F0
F3F0
F1E0
ENDCHAR
STARTCHAR 01F7
ENCODING 503
SWIDTH 583 0
DWIDTH 14 0
BBX 12 18 1 0
BITMAP
F7C0
FFE0
7FE0
7070
7070
7070
70E0
70E0
71C0
7780
7F00
7E00
7C00
7800
7000
7000
FC00
FC00
ENDCHAR
STARTCHAR 01F8
ENCODING 504
SWIDTH 583 0
DWIDTH 14 0
BBX 12 24 1 0
BITMAP
0800
1C00
0E00
0700
0200
0000
F1F0
F9F0
78E0
78E0
7CE0
7CE0
7CE0
76E0
76E0
76E0
73E0
73E0
73E0
71E0
71E0
71E0
F9E0
F8E0
ENDCHAR
STARTCHAR 01F9
ENCODING 505
SWIDTH 583 0
DWIDTH 14 0
BBX 12 19 1 0
BITMAP
0800
1C00
0E00
0700
0200
0000
F780
FFC0
7FE0
70E0
70E0
70E0
70E0
70E0
70E0
70E0
70E0
F9F0
F9F0
ENDCHAR
STARTCHAR 01FA
ENCODING 506
SWIDTH 583 0
DWIDTH 14 0
BBX 12 29 1 0
BITMAP
0100
0380
0700
0E00
0400
0F00
0F00
0900
0F00
0600
0000
0F00
0F00
0F00
0F00
0F00
1F80
1F80
1980
1980
39C0
3FC0
3FC0
38C0
70C0
70E0
70E0
F9F0
F9F0
ENDCHAR
STARTCHAR 01FB
ENCODING 507
SWIDTH 583 0
DWIDTH 14 0
BBX 12 24 2 0
BITMAP
0100
0380
0700
0E00
0400
0E00
1F00
1300
1F00
0E00
0000
3F00
7FC0
FBC0
E0E0
00E0
1FE0
7FE0
F8E0
E0E0
E0E0
FBE0
7FF0
3CF0
ENDCHAR
STARTCHAR 01FC
ENCODING 508
SWIDTH 583 0
DWIDTH 14 0
BBX 13 24 1 0
BITMAP
0080
01C0
0380
0700
0000
0000
1FF8
1FF8
0798
0798
0F80
0F80
0F80
0F80
1BF0
1BF0
1B80
3B80
3F80
3F80
3398
7398
FBF8
FBF8
ENDCHAR
STARTCHAR 01FD
ENCODING 509
SWIDTH 583 0
DWIDTH 14 0
BBX 13 19 1 0
BITMAP
0080
01C0
0780
0F00
0400
0000
39E0
7FF0
FFF8
E738
0738
3FF8
7FF8
F700
E700
E738
FFF8
FFF0
79E0
ENDCHAR
STARTCHAR 01FE
ENCODING 510
SWIDTH 583 0
DWIDTH 14 0
BBX 11 25 2 -1
BITMAP
0300
0780
0700
0E00
0000
0040
1FE0
7FC0
7BC0
E1E0
E3E0
E3E0
E7E0
E6E0
EEE0
ECE0
FCE0
FCE0
F8E0
F8E0
F1E0
7BC0
7FC0
FF00
C000
ENDCHAR
STARTCHAR 01FF
ENCODING 511
SWIDTH 583 0
DWIDTH 14 0
BBX 11 20 2 -1
BITMAP
0300
0780
0700
0E00
0000
0040
1FE0
7FC0
7BC0
E3E0
E7E0
E6E0
EEE0
FCE0
F8E0
F8E0
7BC0
7FC0
FF00
4000
ENDCHAR
STARTCHAR 0200
ENCODING 512
SWIDTH 583 0
DWIDTH 14 0
BBX 12 24 1 0
BITMAP
6200
F700
7B80
19C0
0080
0000
0F00
0F00
0F00
0F00
0F00
1F80
1F80
1980
1980
39C0
3FC0
3FC0
38C0
70C0
70E0
70E0
F9F0
F9F0
ENDCHAR
STARTCHAR 0201
ENCODING 513
SWIDTH 583 0
DWIDTH 14 0
BBX 13 19 1 0
BITMAP
6300
F780
7BC0
1CE0
0840
0000
1F80
3FE0
7DE0
7070
0070
0FF0
3FF0
7C70
7070
7070
7DF0
3FF8
1E78
ENDCHAR
STARTCHAR 0202
ENCODING 514
SWIDTH 583 0
DWIDTH 14 0
BBX 12 23 1 0
BITMAP
1F80
3FC0
30C0
0000
0000
0F00
0F00
0F00
0F00
0F00
1F80
1F80
1980
1980
39C0
3FC0
3FC0
38C0
70C0
70E0
70E0
F9F0
F9F0
ENDCHAR
STARTCHAR 0203
ENCODING 515
SWIDTH 583 0
DWIDTH 14 0
BBX 12 18 2 0
BITMAP
1F00
7FC0
7FC0
60C0
0000
3F00
7FC0
FBC0
E0E0
00E0
1FE0
7FE0
F8E0
E0E0
E0E0
FBE0
7FF0
3CF0
ENDCHAR
STARTCHAR 0204
ENCODING 516
SWIDTH 583 0
DWIDTH 14 0
BBX 11 24 1 0
BITMAP
4600
E700
7380
39C0
0080
0000
FFE0
FFE0
70E0
70E0
7000
7000
7000
7000
7F00
7F00
7000
7000
7000
7000
70E0
70E0
FFE0
FFE0
ENDCHAR
STARTCHAR 0205
ENCODING 517
SWIDTH 583 0
DWIDTH 14 0
BBX 12 19 1 0
BITMAP
6300
F780
7BC0
1DE0
0840
0000
0F80
3FE0
3DE0
7070
7070
7FF0
7FF0
7000
7000
7070
3FE0
3FE0
0F80
ENDCHAR
STARTCHAR 0206
ENCODING 518
SWIDTH 583 0
DWIDTH 14 0
BBX 11 23 1 0
BITMAP
1F80
3FC0
71C0
0000
0000
FFE0
FFE0
70E0
70E0
7000
7000
7000
7000
7F00
7F00
7000
7000
7000
7000
70E0
70E0
FFE0
FFE0
ENDCHAR
STARTCHAR 0207
ENCODING 519
SWIDTH 583 0
DWIDTH 14 0
BBX 11 18 2 0
BITMAP
1F00
7F80
7BC0
60C0
0000
1F00
7FC0
7BC0
E0E0
E0E0
FFE0
FFE0
E000
E000
E0E0
7FC0
7FC0
1F00
ENDCHAR
STARTCHAR 0208
ENCODING 520
SWIDTH 583 0
DWIDTH 14 0
BBX 11 24 1 0
BITMAP
4600
EF00
7380
39C0
1080
0000
7FE0
7FE0
0E00
0E00
0E00
0E00
0E00
0E00
0E00
0E00
0E00
0E00
0E00
0E00
0E00
0E00
7FE0
7FE0
ENDCHAR
STARTCHAR 0209
ENCODING 521
SWIDTH 583 0
DWIDTH 14 0
BBX 11 19 1 0
BITMAP
6300
F780
7BC0
1DC0
0000
0000
7F00
7F00
0700
0700
0700
0700
0700
0700
0700
0700
0700
7FE0
7FE0
ENDCHAR
STARTCHAR 020A
ENCODING 522
SWIDTH 583 0
DWIDTH 14 0
BBX 10 23 2 0
BITMAP
3F00
7F80
E3C0
0000
0000
FFC0
FFC0
1C00
1C00
1C00
1C00
1C00
1C00
1C00
1C00
1C00
1C00
1C00
1C00
1C00
1C00
FFC0
FFC0
ENDCHAR
STARTCHAR 020B
ENCODING 523
SWIDTH 583 0
DWIDTH 14 0
BBX 10 18 2 0
BITMAP
3F00
7F80
7BC0
E1C0
0000
FE00
FE00
0E00
0E00
0E00
0E00
0E00
0E00
0E00
0E00
0E00
FFC0
FFC0
ENDCHAR
STARTCHAR 020C
ENCODING 524
SWIDTH 583 0
DWIDTH 14 0
BBX 12 24 1 0
BITMAP
6300
F780
7BC0
1DE0
0840
0000
0F80
3FE0
3DE0
70F0
7070
7070
7070
7070
7070
7070
7070
7070
7070
7070
70F0
3DE0
3FE0
0F80
ENDCHAR
STARTCHAR 020D
ENCODING 525
SWIDTH 583 0
DWIDTH 14 0
BBX 12 19 1 0
BITMAP
6300
F780
7BC0
1DE0
0840
0000
0F80
3FE0
3DE0
7070
7070
7070
7070
7070
7070
7070
3DE0
3FE0
0F80
ENDCHAR
STARTCHAR 020E
ENCODING 526
SWIDTH 583 0
DWIDTH 14 0
BBX 11 24 2 0
BITMAP
1F00
3F80
7BC0
61C0
0000
0000
1F00
7FC0
7BC0
E1E0
E0E0
E0E0
E0E0
E0E0
E0E0
E0E0
E0E0
E0E0
E0E0
E0E0
E1E0
7BC0
7FC0
1F00
ENDCHAR
STARTCHAR 020F
ENCODING 527
SWIDTH 583 0
DWIDTH 14 0
BBX 11 18 2 0
BITMAP
1F00
7F80
7BC0
60C0
0000
1F00
7FC0
7BC0
E0E0
E0E0
E0E0
E0E0
E0E0
E0E0
E0E0
7BC0
7FC0
1F00
ENDCHAR
STARTCHAR 0210
ENCODING 528
SWIDTH 583 0
DWIDTH 14 0
BBX 13 24 1 0
BITMAP
6300
F780
3BC0
1CE0
0800
0000
FF80
FFE0
71E0
7070
7070
7070
7070
7070
71E0
7FE0
7F80
7380
73C0
71C0
71E0
70E0
F8F8
F878
ENDCHAR
STARTCHAR 0211
ENCODING 529
SWIDTH 583 0
DWIDTH 14 0
BBX 11 19 1 0
BITMAP
6200
F700
7B80
19C0
0080
0000
7DC0
7FE0
1FE0
1C60
1C00
1C00
1C00
1C00
1C00
1C00
1C00
7F00
7F00
ENDCHAR
STARTCHAR 0212
ENCODING 530
SWIDTH 583 0
DWIDTH 14 0
BBX 13 23 1 0
BITMAP
1FC0
3FE0
30E0
0000
0000
FF80
FFE0
71E0
7070
7070
7070
7070
7070
71E0
7FE0
7F80
7380
73C0
71C0
71E0
70E0
F8F8
F878
ENDCHAR
STARTCHAR 0213
ENCODING 531
SWIDTH 583 0
DWIDTH 14 0
BBX 11 18 2 0
BITMAP
3F00
7F80
7780
61C0
0000
FBC0
FFC0
3FE0
38E0
3800
3800
3800
3800
3800
3800
3800
FE00
FE00
ENDCHAR
STARTCHAR 0214
ENCODING 532
SWIDTH 583 0
DWIDTH 14 0
BBX 12 24 1 0
BITMAP
6200
F700
3B80
19C0
0880
0000
F9F0
F9F0
70E0
70E0
70E0
70E0
70E0
70E0
70E0
70E0
70E0
70E0
70E0
70E0
70E0
3FC0
3FC0
0F00
ENDCHAR
STARTCHAR 0215
ENCODING 533
SWIDTH 583 0
DWIDTH 14 0
BBX 12 19 1 0
BITMAP
6200
F700
7B80
19C0
0080
0000
F1E0
F1E0
70E0
70E0
70E0
70E0
70E0
70E0
70E0
70E0
7FE0
3FF0
1EF0
ENDCHAR
STARTCHAR 0216
ENCODING 534
SWIDTH 583 0
DWIDTH 14 0
BBX 12 24 1 0
BITMAP
0F00
3FC0
3FC0
30C0
0000
0000
F9F0
F9F0
70E0
70E0
70E0
70E0
70E0
70E0
70E0
70E0
70E0
70E0
70E0
70E0
70E0
3FC0
3FC0
0F00
ENDCHAR
STARTCHAR 0217
ENCODING 535
SWIDTH 583 0
DWIDTH 14 0
BBX 12 18 1 0
BITMAP
1F80
3FC0
3FC0
30C0
0000
F1E0
F1E0
70E0
70E0
70E0
70E0
70E0
70E0
70E0
70E0
7FE0
3FF0
1EF0
ENDCHAR
STARTCHAR 0218
ENCODING 536
SWIDTH 583 0
DWIDTH 14 0
BBX 10 24 2 -6
BITMAP
3DC0
7FC0
FFC0
E1C0
E1C0
E000
F000
7800
3E00
1F00
0780
03C0
01C0
E1C0
E1C0
FFC0
FF80
EF00
0000
0C00
0C00
0C00
0C00
0800
ENDCHAR
STARTCHAR 0219
ENCODING 537
SWIDTH 583 0
DWIDTH 14 0
BBX 10 19 2 -6
BITMAP
3DC0
7FC0
FBC0
E1C0
E1C0
7C00
3F00
0F80
E1C0
E1C0
F7C0
FF80
EF00
0000
0C00
0C00
0C00
0C00
0800
ENDCHAR
STARTCHAR 021A
ENCODING 538
SWIDTH 583 0
DWIDTH 14 0
BBX 11 24 2 -6
BITMAP
FFE0
FFE0
EEE0
EEE0
0E00
0E00
0E00
0E00
0E00
0E00
0E00
0E00
0E00
0E00
0E00
0E00
3F80
3F80
0000
0E00
0E00
0E00
0400
0C00
ENDCHAR
STARTCHAR 021B
ENCODING 539
SWIDTH 583 0
DWIDTH 14 0
BBX 11 24 2 -6
BITMAP
3800
3800
3800
3800
3800
FFC0
FFC0
3800
3800
3800
3800
3800
3800
38E0
38E0
1DE0
1FC0
0F80
0000
0600
0E00
0600
0600
0400
ENDCHAR
STARTCHAR 021C
ENCODING 540
SWIDTH 583 0
DWIDTH 14 0
BBX 10 18 2 0
BITMAP
EF00
FF80
FFC0
E1C0
E1C0
01C0
03C0
0780
1F80
7FC0
31C0
01C0
01C0
0380
0780
FF00
FC00
F000
ENDCHAR
STARTCHAR 021D
ENCODING 541
SWIDTH 583 0
DWIDTH 14 0
BBX 10 18 2 -5
BITMAP
EF00
FF80
FFC0
E1C0
E1C0
01C0
03C0
0780
1F80
7FC0
31C0
01C0
01C0
0380
0780
FF00
FC00
F000
ENDCHAR
STARTCHAR 021E
ENCODING 542
SWIDTH 583 0
DWIDTH 14 0
BBX 12 24 1 0
BITMAP
30C0
1980
0F80
0F00
0000
0000
F9F0
F9F0
70E0
70E0
70E0
70E0
70E0
70E0
7FE0
7FE0
70E0
70E0
70E0
70E0
70E0
70E0
F9F0
F9F0
ENDCHAR
STARTCHAR 021F
ENCODING 543
SWIDTH 583 0
DWIDTH 14 0
BBX 13 24 0 0
BITMAP
C600
EE00
7C00
3800
0000
0000
7800
7800
3800
3800
3800
3BC0
3BE0
3FF0
3870
3870
3870
3870
3870
3870
3870
3870
7CF8
7CF8
ENDCHAR
STARTCHAR 0220
ENCODING 544
SWIDTH 583 0
DWIDTH 14 0
BBX 13 23 1 -5
BITMAP
F780
FFC0
7FE0
70E0
70E0
70E0
70E0
70E0
70E0
70E0
70E0
70E0
70E0
70E0
70E0
70E0
F8E0
F8E0
00E0
00E0
00E0
01F8
01F8
ENDCHAR
STARTCHAR 0221
ENCODING 545
SWIDTH 583 0
DWIDTH 14 0
BBX 13 20 2 -2
BITMAP
0780
0780
0380
0380
0380
3B80
7F80
F780
E380
E380
E380
E380
E3F0
E3F0
E7B8
FFF0
7DF0
3CE0
1800
1800
ENDCHAR
STARTCHAR 0222
ENCODING 546
SWIDTH 583 0
DWIDTH 14 0
BBX 10 18 2 0
BITMAP
0300
7380
73C0
E1C0
E1C0
E1C0
E1C0
7F80
3F00
7F80
F3C0
E1C0
E1C0
E1C0
E1C0
7F80
7F80
1F00
ENDCHAR
STARTCHAR 0223
ENCODING 547
SWIDTH 583 0
DWIDTH 14 0
BBX 10 18 2 0
BITMAP
3300
7380
F3C0
E1C0
E1C0
FFC0
7F80
7F80
F3C0
E1C0
E1C0
E1C0
E1C0
E1C0
E1C0
7F80
7F80
1F00
ENDCHAR
STARTCHAR 0224
ENCODING 548
SWIDTH 583 0
DWIDTH 14 0
BBX 10 23 2 -5
BITMAP
FFC0
FFC0
E1C0
E3C0
0380
0780
0700
0F00
0E00
1E00
1C00
3C00
3800
7800
7000
F000
FF00
FF80
01C0
01C0
01C0
01C0
01C0
ENDCHAR
STARTCHAR 0225
ENCODING 549
SWIDTH 583 0
DWIDTH 14 0
BBX 10 18 2 -5
BITMAP
FFC0
FFC0
E1C0
E380
0700
0F00
1E00
1C00
3800
7000
F000
FF00
FF80
01C0
01C0
01C0
01C0
01C0
ENDCHAR
STARTCHAR 0226
ENCODING 550
SWIDTH 583 0
DWIDTH 14 0
BBX 12 24 1 0
BITMAP
0600
0F00
0F00
0600
0000
0000
0F00
0F00
0F00
0F00
1F80
1F80
1F80
1980
1980
39C0
3FC0
3FC0
30C0
70E0
70E0
70E0
F9F0
F9F0
ENDCHAR
STARTCHAR 0227
ENCODING 551
SWIDTH 583 0
DWIDTH 14 0
BBX 12 18 2 0
BITMAP
0C00
1E00
1E00
0C00
0000
3F00
7FC0
FBC0
E0E0
00E0
1FE0
7FE0
F8E0
E0E0
E0E0
FBE0
7FF0
3CF0
ENDCHAR
STARTCHAR 0228
ENCODING 552
SWIDTH 583 0
DWIDTH 14 0
BBX 11 23 1 -5
BITMAP
FFE0
FFE0
70E0
70E0
7000
7000
7000
7F00
7F00
7000
7000
7000
7000
7000
70E0
70E0
FFE0
FFE0
0E00
0F00
0300
1F00
1F00
ENDCHAR
STARTCHAR 0229
ENCODING 553
SWIDTH 583 0
DWIDTH 14 0
BBX 11 18 2 -5
BITMAP
1F00
7FC0
7BC0
E0E0
E0E0
FFE0
FFE0
E000
E000
E0E0
7FC0
7FC0
1F00
0E00
0F00
0300
1F00
1F00
ENDCHAR
STARTCHAR 022A
ENCODING 554
SWIDTH 583 0
DWIDTH 14 0
BBX 11 28 2 0
BITMAP
7F80
7F80
0000
0000
3180
7BC0
7BC0
3180
0000
0000
1F00
7FC0
7BC0
E1E0
E0E0
E0E0
E0E0
E0E0
E0E0
E0E0
E0E0
E0E0
E0E0
E0E0
E1E0
7BC0
7FC0
1F00
ENDCHAR
STARTCHAR 022B
ENCODING 555
SWIDTH 583 0
DWIDTH 14 0
BBX 11 23 2 0
BITMAP
7F80
7F80
0000
0000
0000
3180
7BC0
7BC0
3180
0000
1F00
7FC0
7BC0
E0E0
E0E0
E0E0
E0E0
E0E0
E0E0
E0E0
7BC0
7FC0
1F00
ENDCHAR
STARTCHAR 022C
ENCODING 556
SWIDTH 583 0
DWIDTH 14 0
BBX 11 28 2 0
BITMAP
7F80
7F80
0000
0000
3CC0
7FC0
6FC0
6780
0000
0000
1F00
7FC0
7BC0
E1E0
E0E0
E0E0
E0E0
E0E0
E0E0
E0E0
E0E0
E0E0
E0E0
E0E0
E1E0
7BC0
7FC0
1F00
ENDCHAR
STARTCHAR 022D
ENCODING 557
SWIDTH 583 0
DWIDTH 14 0
BBX 11 23 2 0
BITMAP
7F80
7F80
0000
0000
0000
3CC0
7FC0
E780
0000
0000
1F00
7FC0
7BC0
E0E0
E0E0
E0E0
E0E0
E0E0
E0E0
E0E0
7BC0
7FC0
1F00
ENDCHAR
STARTCHAR 022E
ENCODING 558
SWIDTH 583 0
DWIDTH 14 0
BBX 11 24 2 0
BITMAP
0C00
1E00
1E00
0C00
0000
0000
1F00
7FC0
7BC0
E1E0
E0E0
E0E0
E0E0
E0E0
E0E0
E0E0
E0E0
E0E0
E0E0
E0E0
E1E0
7BC0
7FC0
1F00
ENDCHAR
STARTCHAR 022F
ENCODING 559
SWIDTH 583 0
DWIDTH 14 0
BBX 11 18 2 0
BITMAP
0C00
1E00
1E00
0C00
0000
1F00
7FC0
7BC0
E0E0
E0E0
E0E0
E0E0
E0E0
E0E0
E0E0
7BC0
7FC0
1F00
ENDCHAR
STARTCHAR 0230
ENCODING 560
SWIDTH 583 0
DWIDTH 14 0
BBX 11 28 2 0
BITMAP
7F80
7F80
0000
0000
0C00
1E00
1E00
0C00
0000
0000
1F00
7FC0
7BC0
E1E0
E0E0
E0E0
E0E0
E0E0
E0E0
E0E0
E0E0
E0E0
E0E0
E0E0
E1E0
7BC0
7FC0
1F00
ENDCHAR
STARTCHAR 0231
ENCODING 561
SWIDTH 583 0
DWIDTH 14 0
BBX 11 23 2 0
BITMAP
7F80
7F80
0000
0000
0000
0C00
1E00
1E00
0C00
0000
1F00
7FC0
7BC0
E0E0
E0E0
E0E0
E0E0
E0E0
E0E0
E0E0
7BC0
7FC0
1F00
ENDCHAR
STARTCHAR 0232
ENCODING 562
SWIDTH 583 0
DWIDTH 14 0
BBX 12 23 1 0
BITMAP
3FC0
3FC0
0000
0000
0000
F9F0
F9F0
78E0
38C0
39C0
1DC0
1F80
0F80
0F80
0700
0700
0700
0700
0700
0700
0700
1FC0
1FC0
ENDCHAR
STARTCHAR 0233
ENCODING 563
SWIDTH 583 0
DWIDTH 14 0
BBX 12 23 1 -5
BITMAP
3FC0
3FC0
0000
0000
0000
F9F0
F9F0
70E0
39C0
39C0
39C0
1980
1F80
1F80
0F00
0F00
0F00
0600
0E00
0E00
3C00
7C00
7800
ENDCHAR
STARTCHAR 0234
ENCODING 564
SWIDTH 583 0
DWIDTH 14 0
BBX 12 18 1 -1
BITMAP
FE00
FE00
0E00
0E00
0E00
0E00
0E00
0E00
0E00
0E00
0FC0
0FE0
0FF0
1E70
3E70
7FF0
67E0
E3C0
ENDCHAR
STARTCHAR 0235
ENCODING 565
SWIDTH 583 0
DWIDTH 14 0
BBX 14 13 1 -1
BITMAP
F700
FF80
7BC0
71C0
71C0
71C0
71C0
71F8
71F8
73DC
73F8
FEF8
FE70
ENDCHAR
STARTCHAR 0236
ENCODING 566
SWIDTH 583 0
DWIDTH 14 0
BBX 12 19 0 -1
BITMAP
0E00
0E00
0E00
0E00
0E00
3FF0
3FF0
0E00
0E00
0E00
0FC0
0FE0
1FF0
3E70
3E70
6FF0
E7E0
C3C0
4000
ENDCHAR
STARTCHAR 0237
ENCODING 567
SWIDTH 583 0
DWIDTH 14 0
BBX 10 18 1 -5
BITMAP
1FC0
1FC0
01C0
01C0
01C0
01C0
01C0
01C0
01C0
01C0
01C0
01C0
01C0
01C0
E1C0
F780
FF80
3E00
ENDCHAR
STARTCHAR 0238
ENCODING 568
SWIDTH 583 0
DWIDTH 14 0
BBX 12 18 1 0
BITMAP
0F00
0F00
0700
0700
0700
77E0
FFF0
E770
E770
E770
E770
E770
E770
E770
E770
E770
FFF0
3DE0
ENDCHAR
STARTCHAR 0239
ENCODING 569
SWIDTH 583 0
DWIDTH 14 0
BBX 12 18 1 -5
BITMAP
39E0
7FF0
FFF0
E730
E730
E730
E730
E730
E730
E730
E730
FFF0
77E0
0700
0700
0700
1FC0
1FC0
ENDCHAR
STARTCHAR 023A
ENCODING 570
SWIDTH 583 0
DWIDTH 14 0
BBX 12 22 1 -2
BITMAP
0040
00C0
0FC0
0F80
0F80
0F80
0F00
1F80
1F80
1B80
1F80
3FC0
3FC0
3FC0
3CC0
78C0
78E0
78E0
F9F0
F9F0
3000
2000
ENDCHAR
STARTCHAR 023B
ENCODING 571
SWIDTH 583 0
DWIDTH 14 0
BBX 11 22 2 -2
BITMAP
00C0
00C0
1F80
7FE0
7FE0
E1E0
E3E0
E300
E600
E600
E400
EC00
EC00
E800
F800
F8E0
F1E0
7FC0
7FC0
7F00
6000
4000
ENDCHAR
STARTCHAR 023C
ENCODING 572
SWIDTH 583 0
DWIDTH 14 0
BBX 11 15 2 -1
BITMAP
00C0
3EE0
7FE0
FFE0
E3E0
E2E0
E600
EC00
EC00
F8E0
F9E0
7FC0
7FC0
7F00
6000
ENDCHAR
STARTCHAR 023D
ENCODING 573
SWIDTH 583 0
DWIDTH 14 0
BBX 12 18 1 0
BITMAP
7E00
7E00
3800
3800
3800
3800
3800
3800
FF00
FF00
3800
3800
3800
3800
3870
3870
7FF0
7FF0
ENDCHAR
STARTCHAR 023E
ENCODING 574
SWIDTH 583 0
DWIDTH 14 0
BBX 11 22 2 -2
BITMAP
00C0
0080
FFE0
FFE0
EFE0
EFE0
0F00
0E00
0E00
0E00
0E00
0E00
0E00
0E00
1E00
1E00
3E00
3E00
3F80
7F80
6000
6000
ENDCHAR
STARTCHAR 023F
ENCODING 575
SWIDTH 583 0
DWIDTH 14 0
BBX 10 18 2 -5
BITMAP
3DC0
7FC0
FBC0
E1C0
E1C0
7C00
3F00
0F80
01C0
E1C0
FFC0
FF80
FF00
6000
7000
3F00
1FC0
07C0
ENDCHAR
STARTCHAR 0240
ENCODING 576
SWIDTH 583 0
DWIDTH 14 0
BBX 10 18 2 -5
BITMAP
FFC0
FFC0
E1C0
E180
0380
0700
0600
0E00
1C00
3800
3800
7000
F000
7800
3C00
1F80
07C0
01C0
ENDCHAR
STARTCHAR 0241
ENCODING 577
SWIDTH 583 0
DWIDTH 14 0
BBX 11 18 2 0
BITMAP
1F00
3FC0
7FC0
60E0
E0E0
00E0
00E0
01C0
03C0
0380
0700
0E00
0E00
0E00
0E00
0E00
3F80
3F80
ENDCHAR
STARTCHAR 0242
ENCODING 578
SWIDTH 583 0
DWIDTH 14 0
BBX 11 13 2 0
BITMAP
1F00
7FC0
7FE0
E0E0
00E0
01E0
03C0
0780
0700
0E00
0E00
3F80
3F80
ENDCHAR
STARTCHAR 0243
ENCODING 579
SWIDTH 583 0
DWIDTH 14 0
BBX 12 18 1 0
BITMAP
FF00
FFC0
73E0
70E0
70E0
70E0
70E0
73C0
7FC0
7FE0
70E0
7070
FE70
FE70
7070
73E0
FFE0
FF80
ENDCHAR
STARTCHAR 0244
ENCODING 580
SWIDTH 583 0
DWIDTH 14 0
BBX 12 18 1 0
BITMAP
F9F0
F9F0
70E0
70E0
70E0
70E0
70E0
70E0
FFF0
FFF0
70E0
70E0
70E0
70E0
70E0
3FC0
3FC0
0F00
ENDCHAR
STARTCHAR 0245
ENCODING 581
SWIDTH 583 0
DWIDTH 14 0
BBX 13 18 1 0
BITMAP
0700
0F80
0F80
0F80
0D80
0D80
1DC0
1DC0
1DC0
18C0
38E0
38E0
38E0
38E0
7060
7070
F8F8
F8F8
ENDCHAR
STARTCHAR 0246
ENCODING 582
SWIDTH 583 0
DWIDTH 14 0
BBX 11 22 1 -2
BITMAP
00C0
00C0
FFE0
FFE0
71E0
71E0
7300
7300
7200
7600
7F00
7F00
7C00
7C00
7800
7800
78E0
70E0
FFE0
FFE0
2000
6000
ENDCHAR
STARTCHAR 0247
ENCODING 583
SWIDTH 583 0
DWIDTH 14 0
BBX 11 15 2 -1
BITMAP
00C0
1F80
7FC0
7BC0
E3E0
E2E0
FFE0
FFE0
EC00
F800
F8E0
7FC0
7FC0
7F00
6000
ENDCHAR
STARTCHAR 0248
ENCODING 584
SWIDTH 583 0
DWIDTH 14 0
BBX 12 18 2 0
BITMAP
0FC0
0FC0
01C0
01C0
01C0
01C0
01C0
0FF0
0FF0
01C0
01C0
01C0
01C0
E1C0
E1C0
FF80
7F80
3E00
ENDCHAR
STARTCHAR 0249
ENCODING 585
SWIDTH 583 0
DWIDTH 14 0
BBX 12 23 0 -5
BITMAP
00C0
01E0
01E0
00C0
0000
0FC0
0FC0
01C0
01C0
01C0
07F0
07F0
01C0
01C0
01C0
01C0
01C0
01C0
01C0
E1C0
FF80
7F80
3F00
ENDCHAR
STARTCHAR 024A
ENCODING 586
SWIDTH 583 0
DWIDTH 14 0
BBX 13 23 2 -5
BITMAP
3DE0
7FE0
FFC0
E1C0
E1C0
E1C0
E1C0
E1C0
E1C0
E1C0
E1C0
E1C0
E1C0
E1C0
E1C0
FFC0
7FC0
3DC0
01C0
01C0
00F0
00F8
0038
ENDCHAR
STARTCHAR 024B
ENCODING 587
SWIDTH 583 0
DWIDTH 14 0
BBX 13 18 2 -5
BITMAP
3DE0
7FE0
FFC0
E1C0
E1C0
E1C0
E1C0
E1C0
E1C0
E1C0
FFC0
7FC0
3DC0
01C0
01C0
00F0
00F8
0038
ENDCHAR
STARTCHAR 024C
ENCODING 588
SWIDTH 583 0
DWIDTH 14 0
BBX 14 18 0 0
BITMAP
7FC0
7FF0
38F0
3838
3838
3838
3838
3838
38F0
FFF0
FFC0
39C0
39E0
38E0
38F0
3870
7C7C
7C3C
ENDCHAR
STARTCHAR 024D
ENCODING 589
SWIDTH 583 0
DWIDTH 14 0
BBX 11 13 2 0
BITMAP
FBC0
FFC0
3FE0
38E0
3800
3800
FE00
FE00
3800
3800
3800
FE00
FE00
ENDCHAR
STARTCHAR 024E
ENCODING 590
SWIDTH 583 0
DWIDTH 14 0
BBX 12 18 1 0
BITMAP
F9F0
F9F0
38E0
FFF0
FFF0
1DC0
1F80
0F80
0F80
0700
0700
0700
0700
0700
0700
0700
1FC0
1FC0
ENDCHAR
STARTCHAR 024F
ENCODING 591
SWIDTH 583 0
DWIDTH 14 0
BBX 12 18 1 -5
BITMAP
F9F0
F9F0
30E0
39C0
39C0
FFF0
FFF0
1F80
1F80
0F00
0F00
0F00
0600
0E00
0E00
3C00
7C00
7800
ENDCHAR
STARTCHAR 0250
ENCODING 592
SWIDTH 583 0
DWIDTH 14 0
BBX 12 13 1 0
BITMAP
F7C0
FFE0
7FF0
7070
7070
71E0
7FE0
7F80
7000
7070
3DF0
3FE0
0FC0
ENDCHAR
STARTCHAR 0251
ENCODING 593
SWIDTH 583 0
DWIDTH 14 0
BBX 11 13 2 0
BITMAP
3DE0
7FE0
FFC0
E1C0
E1C0
E1C0
E1C0
E1C0
E1C0
E1C0
FFC0
7FE0
3DE0
ENDCHAR
STARTCHAR 0252
ENCODING 594
SWIDTH 583 0
DWIDTH 14 0
BBX 12 13 1 0
BITMAP
F3C0
FFE0
7FE0
7070
7070
7070
7070
7070
7070
7070
7DE0
FFE0
F3C0
ENDCHAR
STARTCHAR 0253
ENCODING 595
SWIDTH 583 0
DWIDTH 14 0
BBX 12 18 1 0
BITMAP
0C00
3C00
3C00
7000
7000
73C0
77E0
7FE0
7070
7070
7070
7070
7070
7070
7070
7DE0
FFE0
F3C0
ENDCHAR
STARTCHAR 0254
ENCODING 596
SWIDTH 583 0
DWIDTH 14 0
BBX 10 13 2 0
BITMAP
3E00
7F80
FF80
E1C0
E1C0
01C0
01C0
01C0
E1C0
E1C0
FFC0
FF80
EF00
ENDCHAR
STARTCHAR 0255
ENCODING 597
SWIDTH 583 0
DWIDTH 14 0
BBX 13 14 0 -1
BITMAP
0FB8
1FF8
3FF8
3838
3838
3800
3800
3FF0
3FF8
3C38
3C78
7FF0
E7E0
6000
ENDCHAR
STARTCHAR 0256
ENCODING 598
SWIDTH 583 0
DWIDTH 14 0
BBX 13 23 2 -5
BITMAP
03C0
03C0
01C0
01C0
01C0
3DC0
7FC0
F7C0
E1C0
E1C0
E1C0
E1C0
E1C0
E1C0
E1C0
FFC0
7FC0
3DC0
01C0
01C0
00F0
00F8
0038
ENDCHAR
STARTCHAR 0257
ENCODING 599
SWIDTH 583 0
DWIDTH 14 0
BBX 13 18 2 0
BITMAP
0038
00F8
00F0
01C0
01C0
3DC0
7FC0
FFC0
E1C0
E1C0
E1C0
E1C0
E1C0
E1C0
E1C0
FFC0
7FE0
3DE0
ENDCHAR
STARTCHAR 0258
ENCODING 600
SWIDTH 583 0
DWIDTH 14 0
BBX 11 13 2 0
BITMAP
1F00
7FC0
7BC0
E0E0
E0E0
FFE0
FFE0
00E0
00E0
E1E0
FBC0
7FC0
1F00
ENDCHAR
STARTCHAR 0259
ENCODING 601
SWIDTH 583 0
DWIDTH 14 0
BBX 11 13 2 0
BITMAP
EF80
FFC0
F3C0
E0E0
00E0
FFE0
FFE0
E0E0
E0E0
E1E0
7BC0
7FC0
1F00
ENDCHAR
STARTCHAR 025A
ENCODING 602
SWIDTH 583 0
DWIDTH 14 0
BBX 13 13 1 0
BITMAP
FE00
FF00
E700
E700
07E0
FFE0
FF60
E770
E738
E718
FF00
7E00
3C00
ENDCHAR
STARTCHAR 025B
ENCODING 603
SWIDTH 583 0
DWIDTH 14 0
BBX 11 13 2 0
BITMAP
3EE0
7FE0
7BE0
E0E0
F000
7E00
7E00
F800
E000
E0E0
FBE0
7FC0
3F80
ENDCHAR
STARTCHAR 025C
ENCODING 604
SWIDTH 583 0
DWIDTH 14 0
BBX 11 13 2 0
BITMAP
EF80
FFC0
FBC0
E0C0
01C0
0FC0
0F80
03C0
00E0
E0E0
FBE0
7FC0
3F00
ENDCHAR
STARTCHAR 025D
ENCODING 605
SWIDTH 583 0
DWIDTH 14 0
BBX 13 13 1 0
BITMAP
FEE0
FFE0
E7A0
E730
0738
1F08
1E00
0700
0380
E380
FF80
7F00
3E00
ENDCHAR
STARTCHAR 025E
ENCODING 606
SWIDTH 583 0
DWIDTH 14 0
BBX 11 13 2 0
BITMAP
1F80
7FC0
7BE0
E0E0
E0E0
E7C0
E7C0
E3E0
E0E0
E0E0
7BE0
7FC0
1F00
ENDCHAR
STARTCHAR 025F
ENCODING 607
SWIDTH 583 0
DWIDTH 14 0
BBX 12 18 0 -5
BITMAP
0FC0
0FC0
01C0
01C0
01C0
07F0
07F0
01C0
01C0
01C0
01C0
01C0
01C0
01C0
E1C0
FF80
7F80
3F00
ENDCHAR
STARTCHAR 0260
ENCODING 608
SWIDTH 583 0
DWIDTH 14 0
BBX 13 23 2 -5
BITMAP
0038
00F8
00F0
01C0
01C0
3DC0
7FC0
F7C0
E1C0
E1C0
E1C0
E1C0
E1C0
E1C0
E1C0
FFC0
7FC0
3DC0
01C0
E1C0
FF80
7F80
3E00
ENDCHAR
STARTCHAR 0261
ENCODING 609
SWIDTH 583 0
DWIDTH 14 0
BBX 11 18 2 -5
BITMAP
3DE0
7FE0
FFC0
E1C0
E1C0
E1C0
E1C0
E1C0
E1C0
E1C0
FFC0
7FC0
3DC0
01C0
E1C0
FF80
7F80
3F00
ENDCHAR
STARTCHAR 0262
ENCODING 610
SWIDTH 583 0
DWIDTH 14 0
BBX 11 13 2 0
BITMAP
3EE0
7FE0
7FE0
E0E0
E000
E000
E7E0
E7E0
E0E0
E1E0
FBE0
7EE0
3CE0
ENDCHAR
STARTCHAR 0263
ENCODING 611
SWIDTH 583 0
DWIDTH 14 0
BBX 12 18 1 -5
BITMAP
F9F0
F9F0
39C0
1980
1D80
0F00
0F00
0600
0600
0700
0F00
0F00
0D80
0D80
0D80
0F80
0F80
0700
ENDCHAR
STARTCHAR 0264
ENCODING 612
SWIDTH 583 0
DWIDTH 14 0
BBX 10 13 2 0
BITMAP
F1C0
FBC0
DF40
0E00
1F00
1B00
3B80
3B80
3B80
3B80
3F80
1F00
0E00
ENDCHAR
STARTCHAR 0265
ENCODING 613
SWIDTH 583 0
DWIDTH 14 0
BBX 12 18 1 -5
BITMAP
F1E0
F1E0
70E0
70E0
70E0
70E0
70E0
70E0
70E0
70E0
7FE0
3FE0
1EE0
00E0
00E0
00E0
03F0
03F0
ENDCHAR
STARTCHAR 0266
ENCODING 614
SWIDTH 583 0
DWIDTH 14 0
BBX 12 18 1 0
BITMAP
1C00
3C00
7C00
7000
7000
7780
77C0
7FE0
70E0
70E0
70E0
70E0
70E0
70E0
70E0
70E0
F9F0
F9F0
ENDCHAR
STARTCHAR 0267
ENCODING 615
SWIDTH 583 0
DWIDTH 14 0
BBX 11 23 1 -5
BITMAP
1C00
3C00
7C00
7000
7000
7780
77C0
7FE0
70E0
70E0
70E0
70E0
70E0
70E0
70E0
70E0
F8E0
F8E0
00E0
00E0
03E0
03C0
0380
ENDCHAR
STARTCHAR 0268
ENCODING 616
SWIDTH 583 0
DWIDTH 14 0
BBX 10 18 2 0
BITMAP
0C00
1E00
1E00
0C00
0000
FE00
FE00
0E00
0E00
0E00
7F80
7F80
0E00
0E00
0E00
0E00
FFC0
FFC0
ENDCHAR
STARTCHAR 0269
ENCODING 617
SWIDTH 583 0
DWIDTH 14 0
BBX 11 13 2 0
BITMAP
FE00
FE00
0E00
0E00
0E00
0E00
0E00
0E00
0E00
0E00
0F00
07E0
03E0
ENDCHAR
STARTCHAR 026A
ENCODING 618
SWIDTH 583 0
DWIDTH 14 0
BBX 7 13 4 0
BITMAP
FE
FE
38
38
38
38
38
38
38
38
38
FE
FE
ENDCHAR
STARTCHAR 026B
ENCODING 619
SWIDTH 583 0
DWIDTH 14 0
BBX 10 18 2 0
BITMAP
FE00
FE00
0E00
0E00
0E00
0E00
0E00
3EC0
7FC0
EF80
0E00
0E00
0E00
0E00
0E00
0E00
FFC0
FFC0
ENDCHAR
STARTCHAR 026C
ENCODING 620
SWIDTH 583 0
DWIDTH 14 0
BBX 10 18 2 0
BITMAP
FE00
FE00
0E00
0E00
0E00
0E00
7E00
FE00
EE00
FF80
7F80
0E00
0E00
0E00
0E00
0E00
FFC0
FFC0
ENDCHAR
STARTCHAR 026D
ENCODING 621
SWIDTH 583 0
DWIDTH 14 0
BBX 9 23 2 -5
BITMAP
FE00
FE00
0E00
0E00
0E00
0E00
0E00
0E00
0E00
0E00
0E00
0E00
0E00
0E00
0E00
0E00
0E00
0E00
0E00
0E00
0F80
0780
0380
ENDCHAR
STARTCHAR 026E
ENCODING 622
SWIDTH 583 0
DWIDTH 14 0
BBX 12 23 1 -5
BITMAP
F000
F000
7000
7000
7000
7FE0
7FE0
70E0
71C0
71C0
7380
7700
7780
77C0
77E0
70F0
7070
7070
0070
70F0
79E0
3FC0
1F80
ENDCHAR
STARTCHAR 026F
ENCODING 623
SWIDTH 583 0
DWIDTH 14 0
BBX 13 13 0 0
BITMAP
F738
F738
7738
7738
7738
7738
7738
7738
7738
7738
7738
7FF8
3BB8
ENDCHAR
STARTCHAR 0270
ENCODING 624
SWIDTH 583 0
DWIDTH 14 0
BBX 14 18 0 -5
BITMAP
F738
F738
7738
7738
7738
7738
7738
7738
7738
7738
7738
7BF8
3BB8
0038
0038
0038
007C
007C
ENDCHAR
STARTCHAR 0271
ENCODING 625
SWIDTH 583 0
DWIDTH 14 0
BBX 13 18 1 -5
BITMAP
FE70
FFF0
77F8
7738
7738
7738
7738
7738
7738
7738
7738
F738
F738
0038
0038
00F0
01F0
01C0
ENDCHAR
STARTCHAR 0272
ENCODING 626
SWIDTH 583 0
DWIDTH 14 0
BBX 13 18 1 -5
BITMAP
7BC0
7FE0
3FF0
3870
3870
3870
3870
3870
3870
3870
3870
38F8
38F8
3800
3800
F800
F000
E000
ENDCHAR
STARTCHAR 0273
ENCODING 627
SWIDTH 583 0
DWIDTH 14 0
BBX 14 18 1 -5
BITMAP
F780
FFC0
7FE0
70E0
70E0
70E0
70E0
70E0
70E0
70E0
70E0
F8E0
F8E0
00E0
00E0
0078
007C
001C
ENDCHAR
STARTCHAR 0274
ENCODING 628
SWIDTH 583 0
DWIDTH 14 0
BBX 12 13 1 0
BITMAP
F1F0
F9F0
78E0
7CE0
7CE0
76E0
76E0
77E0
73E0
73E0
71E0
F9E0
F8E0
ENDCHAR
STARTCHAR 0275
ENCODING 629
SWIDTH 583 0
DWIDTH 14 0
BBX 11 13 2 0
BITMAP
1F00
7FC0
7BC0
E0E0
E0E0
FFE0
FFE0
E0E0
E0E0
E1E0
7BC0
7FC0
1F00
ENDCHAR
STARTCHAR 0276
ENCODING 630
SWIDTH 583 0
DWIDTH 14 0
BBX 12 13 1 0
BITMAP
7FF0
FFF0
FF30
E730
E700
E7E0
E7E0
E700
E700
E730
E730
FFF0
7FF0
ENDCHAR
STARTCHAR 0277
ENCODING 631
SWIDTH 583 0
DWIDTH 14 0
BBX 13 13 1 0
BITMAP
0F80
3FE0
7DF0
7070
E078
E738
E738
E738
E738
E738
FFF0
7DF0
38E0
ENDCHAR
STARTCHAR 0278
ENCODING 632
SWIDTH 583 0
DWIDTH 14 0
BBX 12 23 1 -5
BITMAP
1FC0
1FC0
0700
0700
0700
1F80
3FE0
77E0
E730
E730
E730
E730
E730
E730
E730
7FE0
3FE0
1F80
0700
0700
0700
1FC0
1FC0
ENDCHAR
STARTCHAR 0279
ENCODING 633
SWIDTH 583 0
DWIDTH 14 0
BBX 10 13 2 0
BITMAP
1FC0
1FC0
0700
0700
0700
0700
0700
0700
0700
C700
FF00
FFC0
77C0
ENDCHAR
STARTCHAR 027A
ENCODING 634
SWIDTH 583 0
DWIDTH 14 0
BBX 10 18 2 0
BITMAP
1FC0
1FC0
0700
0700
0700
0700
0700
0700
0700
0700
0700
0700
0700
0700
C700
FF00
FFC0
77C0
ENDCHAR
STARTCHAR 027B
ENCODING 635
SWIDTH 583 0
DWIDTH 14 0
BBX 10 18 2 -5
BITMAP
1FC0
1FC0
0700
0700
0700
0700
0700
0700
0700
C700
EF00
FF00
7700
0700
0700
07C0
03C0
01C0
ENDCHAR
STARTCHAR 027C
ENCODING 636
SWIDTH 583 0
DWIDTH 14 0
BBX 10 18 2 -5
BITMAP
FB80
FFC0
3FC0
38C0
3800
3800
3800
3800
3800
3800
3800
3800
3800
3800
3800
3800
FE00
FE00
ENDCHAR
STARTCHAR 027D
ENCODING 637
SWIDTH 583 0
DWIDTH 14 0
BBX 11 18 2 -5
BITMAP
FBC0
FFC0
3FE0
38E0
3800
3800
3800
3800
3800
3800
3800
3800
3800
3800
3800
3E00
1E00
0E00
ENDCHAR
STARTCHAR 027E
ENCODING 638
SWIDTH 583 0
DWIDTH 14 0
BBX 8 13 3 0
BITMAP
07
1F
1E
38
38
38
38
38
38
38
38
FE
FE
ENDCHAR
STARTCHAR 027F
ENCODING 639
SWIDTH 583 0
DWIDTH 14 0
BBX 8 18 3 -5
BITMAP
F0
F8
7C
1C
1C
1C
1C
1C
1C
1C
1C
1C
1C
1C
1C
1C
7F
7F
ENDCHAR
STARTCHAR 0280
ENCODING 640
SWIDTH 583 0
DWIDTH 14 0
BBX 13 13 1 0
BITMAP
FFC0
FFE0
70F0
7070
7070
7070
7FE0
7FE0
7380
73C0
71C0
F8F8
F8F8
ENDCHAR
STARTCHAR 0281
ENCODING 641
SWIDTH 583 0
DWIDTH 14 0
BBX 13 13 1 0
BITMAP
F8F8
F8F8
71E0
73C0
7380
7FE0
7FE0
7070
7070
7070
71F0
FFE0
FFC0
ENDCHAR
STARTCHAR 0282
ENCODING 642
SWIDTH 583 0
DWIDTH 14 0
BBX 10 18 2 -5
BITMAP
3DC0
7FC0
FBC0
E1C0
E1C0
7C00
3F00
0F80
E1C0
E1C0
F7C0
FF80
EF00
E000
E000
F000
7800
3800
ENDCHAR
STARTCHAR 0283
ENCODING 643
SWIDTH 583 0
DWIDTH 14 0
BBX 10 23 2 -5
BITMAP
03C0
07C0
0780
0E00
0E00
0E00
0E00
0E00
0E00
0E00
0E00
0E00
0E00
0E00
0E00
0E00
0E00
0E00
0E00
0E00
3C00
FC00
F000
ENDCHAR
STARTCHAR 0284
ENCODING 644
SWIDTH 583 0
DWIDTH 14 0
BBX 12 23 0 -5
BITMAP
0070
00F0
01F0
01C0
01C0
03C0
03C0
01C0
01C0
01C0
07F0
07F0
01C0
01C0
01C0
01C0
01C0
01C0
01C0
E1C0
FF80
7F80
3F00
ENDCHAR
STARTCHAR 0285
ENCODING 645
SWIDTH 583 0
DWIDTH 14 0
BBX 10 18 2 -5
BITMAP
F000
FC00
3C00
0E00
0E00
0E00
0E00
0E00
0E00
0E00
0E00
0E00
0E00
0E00
0E00
0780
07C0
03C0
ENDCHAR
STARTCHAR 0286
ENCODING 646
SWIDTH 583 0
DWIDTH 14 0
BBX 13 23 1 -5
BITMAP
01E0
03E0
03C0
0700
0700
0700
0700
0700
0700
0700
0700
0700
0700
0700
0700
0700
7F00
FF80
E7C0
E7E0
FF70
7E38
3C10
ENDCHAR
STARTCHAR 0287
ENCODING 647
SWIDTH 583 0
DWIDTH 14 0
BBX 11 18 1 -5
BITMAP
3C00
7E00
FF00
E700
E700
0700
0700
0700
0700
0700
0700
7FE0
7FE0
0700
0700
0700
0700
0700
ENDCHAR
STARTCHAR 0288
ENCODING 648
SWIDTH 583 0
DWIDTH 14 0
BBX 12 23 1 -5
BITMAP
0E00
0E00
0E00
0E00
0E00
FFF0
FFF0
0E00
0E00
0E00
0E00
0E00
0E00
0E00
0E00
0E00
0E00
0E00
0E00
0E00
0780
0780
0180
ENDCHAR
STARTCHAR 0289
ENCODING 649
SWIDTH 583 0
DWIDTH 14 0
BBX 12 13 1 0
BITMAP
F1E0
F1E0
70E0
70E0
70E0
70E0
FFF0
FFF0
70E0
70E0
7FE0
3FF0
1EF0
ENDCHAR
STARTCHAR 028A
ENCODING 650
SWIDTH 583 0
DWIDTH 14 0
BBX 10 13 2 0
BITMAP
F3C0
F3C0
7380
7380
E1C0
E1C0
E1C0
E1C0
E1C0
E1C0
7F80
7F80
1F00
ENDCHAR
STARTCHAR 028B
ENCODING 651
SWIDTH 583 0
DWIDTH 14 0
BBX 11 13 1 0
BITMAP
FB80
FBC0
73E0
70E0
70E0
70E0
70E0
70E0
70E0
70E0
3FC0
3FC0
0F00
ENDCHAR
STARTCHAR 028C
ENCODING 652
SWIDTH 583 0
DWIDTH 14 0
BBX 13 13 1 0
BITMAP
0700
0F80
0F80
0D80
1DC0
1DC0
1DC0
38E0
38E0
38E0
3060
F8F8
F8F8
ENDCHAR
STARTCHAR 028D
ENCODING 653
SWIDTH 583 0
DWIDTH 14 0
BBX 13 13 1 0
BITMAP
18C0
38E0
3DE0
3DE0
3DE0
3DE0
3560
7770
6730
6030
6030
F078
F078
ENDCHAR
STARTCHAR 028E
ENCODING 654
SWIDTH 583 0
DWIDTH 14 0
BBX 12 18 1 0
BITMAP
01E0
03E0
0380
0700
0700
0600
0F00
0F00
0F00
1F80
1F80
1980
39C0
39C0
39C0
70C0
F9F0
F9F0
ENDCHAR
STARTCHAR 028F
ENCODING 655
SWIDTH 583 0
DWIDTH 14 0
BBX 12 13 1 0
BITMAP
F9F0
F9F0
39E0
19C0
1FC0
0F80
0F00
0700
0700
0700
0700
1FC0
1FC0
ENDCHAR
STARTCHAR 0290
ENCODING 656
SWIDTH 583 0
DWIDTH 14 0
BBX 13 18 2 -5
BITMAP
FFE0
FFE0
E1E0
E3C0
0780
0700
0E00
1C00
3800
70E0
F0E0
FFE0
FFE0
00E0
00E0
00F0
0078
0038
ENDCHAR
STARTCHAR 0291
ENCODING 657
SWIDTH 583 0
DWIDTH 14 0
BBX 11 15 2 -3
BITMAP
FFC0
FFC0
E1C0
E380
0700
0F00
0E00
1CC0
3BE0
7360
F6E0
FFE0
FFC0
0C00
0800
ENDCHAR
STARTCHAR 0292
ENCODING 658
SWIDTH 583 0
DWIDTH 14 0
BBX 11 18 2 -5
BITMAP
FFC0
FFC0
E1C0
E380
0700
0E00
1C00
1F80
1FC0
01C0
00E0
00E0
00E0
00E0
E1E0
FBC0
7F80
3F00
ENDCHAR
STARTCHAR 0293
ENCODING 659
SWIDTH 583 0
DWIDTH 14 0
BBX 13 18 2 -5
BITMAP
FFC0
FFC0
C3C0
C780
0F00
1C00
3800
3F80
3FC0
01C0
00E0
00E0
7FE0
FFE0
C1E0
F7F0
7FB8
3F20
ENDCHAR
STARTCHAR 0294
ENCODING 660
SWIDTH 583 0
DWIDTH 14 0
BBX 11 18 2 0
BITMAP
1F00
3FC0
7FC0
60E0
E0E0
00E0
00E0
01C0
03C0
0380
0700
0E00
0E00
0E00
0E00
0E00
3F80
3F80
ENDCHAR
STARTCHAR 0295
ENCODING 661
SWIDTH 583 0
DWIDTH 14 0
BBX 11 18 2 0
BITMAP
1F00
7F80
7FC0
E1C0
E0E0
E000
E000
F000
7000
3800
1C00
1C00
0E00
0E00
0E00
0E00
3F80
3F80
ENDCHAR
STARTCHAR 0296
ENCODING 662
SWIDTH 583 0
DWIDTH 14 0
BBX 11 18 2 0
BITMAP
3F80
3F80
0E00
0E00
0E00
0E00
0E00
0700
0380
03C0
01C0
00E0
00E0
E0E0
60E0
7BC0
3FC0
1F00
ENDCHAR
STARTCHAR 0297
ENCODING 663
SWIDTH 583 0
DWIDTH 14 0
BBX 11 18 2 -5
BITMAP
3EE0
7FE0
FFE0
E0E0
E0E0
E000
E000
E000
E000
E000
E000
E000
E000
E0E0
E1E0
7FC0
7FC0
1F00
ENDCHAR
STARTCHAR 0298
ENCODING 664
SWIDTH 583 0
DWIDTH 14 0
BBX 11 18 2 0
BITMAP
1F00
7FC0
7BC0
E1E0
E0E0
E0E0
E0E0
EEE0
EEE0
EEE0
EEE0
E0E0
E0E0
E0E0
E1E0
7BC0
7FC0
1F00
ENDCHAR
STARTCHAR 0299
ENCODING 665
SWIDTH 583 0
DWIDTH 14 0
BBX 12 13 1 0
BITMAP
FF80
FFC0
71E0
70E0
70E0
7FC0
7FC0
71E0
7070
7070
71F0
FFE0
FFC0
ENDCHAR
STARTCHAR 029A
ENCODING 666
SWIDTH 583 0
DWIDTH 14 0
BBX 11 13 2 0
BITMAP
3F00
7FC0
FBC0
E0E0
E0E0
7CE0
7CE0
F8E0
E0E0
E0E0
FBC0
7FC0
3F00
ENDCHAR
STARTCHAR 029B
ENCODING 667
SWIDTH 583 0
DWIDTH 14 0
BBX 13 18 2 0
BITMAP
0038
0078
00F0
00E0
00E0
3EE0
7FE0
79E0
E0E0
E000
E000
E7E0
E7E0
E0E0
E1E0
FBE0
7EE0
3CE0
ENDCHAR
STARTCHAR 029C
ENCODING 668
SWIDTH 583 0
DWIDTH 14 0
BBX 12 13 1 0
BITMAP
F9F0
F9F0
70E0
70E0
70E0
7FE0
7FE0
70E0
70E0
70E0
70E0
F9F0
F9F0
ENDCHAR
STARTCHAR 029D
ENCODING 669
SWIDTH 583 0
DWIDTH 14 0
BBX 12 23 2 -5
BITMAP
0600
0F00
0F00
0600
0000
3F00
3F00
0700
0700
0700
0700
0700
0700
0700
0700
0700
7F00
FF80
E7C0
E7E0
FF70
7E30
3C20
ENDCHAR
STARTCHAR 029E
ENCODING 670
SWIDTH 583 0
DWIDTH 14 0
BBX 13 18 0 -5
BITMAP
F078
F878
1C70
1C70
0EF0
07F0
07F0
07F0
0770
0E70
1C70
FC70
F870
0070
0070
0070
01F8
01F8
ENDCHAR
STARTCHAR 029F
ENCODING 671
SWIDTH 583 0
DWIDTH 14 0
BBX 11 13 2 0
BITMAP
FC00
FC00
7000
7000
7000
7000
7000
7000
7000
70E0
70E0
FFE0
FFE0
ENDCHAR
STARTCHAR 02A0
ENCODING 672
SWIDTH 583 0
DWIDTH 14 0
BBX 13 23 2 -5
BITMAP
0038
00F8
00F0
01C0
01C0
3DC0
7FC0
F7C0
E1C0
E1C0
E1C0
E1C0
E1C0
E1C0
E1C0
FFC0
7FC0
3DC0
01C0
01C0
01C0
03F0
03F0
ENDCHAR
STARTCHAR 02A1
ENCODING 673
SWIDTH 583 0
DWIDTH 14 0
BBX 11 18 2 0
BITMAP
1F00
3FC0
7FC0
60E0
E0E0
00E0
00E0
01C0
03C0
0780
0700
3F80
3F80
0E00
0E00
0E00
3F80
3F80
ENDCHAR
STARTCHAR 02A2
ENCODING 674
SWIDTH 583 0
DWIDTH 14 0
BBX 11 18 2 0
BITMAP
1F00
7F80
7FC0
E1C0
E0E0
E000
E000
7000
7800
3C00
1C00
3F80
3F80
0E00
0E00
0E00
3F80
3F80
ENDCHAR
STARTCHAR 02A3
ENCODING 675
SWIDTH 583 0
DWIDTH 14 0
BBX 12 18 1 0
BITMAP
1C00
1C00
0C00
0C00
0C00
6FF0
FFF0
FC70
CC60
CCE0
CCC0
CDC0
CD80
CF80
CF30
FF30
FFF0
6FF0
ENDCHAR
STARTCHAR 02A4
ENCODING 676
SWIDTH 583 0
DWIDTH 14 0
BBX 12 23 1 -5
BITMAP
1C00
1C00
0C00
0C00
0C00
6FE0
FFE0
FC60
CC60
CCC0
CCC0
CDC0
CDC0
CDE0
CDF0
FC30
FC30
6C30
0030
0730
07F0
03E0
01C0
ENDCHAR
STARTCHAR 02A5
ENCODING 677
SWIDTH 583 0
DWIDTH 14 0
BBX 12 21 1 -3
BITMAP
1C00
1C00
0C00
0C00
0C00
6FF0
FFF0
FC70
CC60
CCE0
CCC0
CDC0
CD80
CFE0
CF50
FFB0
FFF0
6FE0
0080
0180
0080
ENDCHAR
STARTCHAR 02A6
ENCODING 678
SWIDTH 583 0
DWIDTH 14 0
BBX 12 18 1 0
BITMAP
3000
3000
3000
3000
3000
FFF0
FFF0
33F0
3330
3330
33C0
31E0
30F0
3070
3030
3870
1FF0
1FE0
ENDCHAR
STARTCHAR 02A7
ENCODING 679
SWIDTH 583 0
DWIDTH 14 0
BBX 12 23 1 -5
BITMAP
6070
60F0
61E0
6180
6180
FF80
FF80
6180
6180
6180
6180
6180
6180
6D80
6D80
7D80
7980
3980
0180
0180
0380
0700
0600
ENDCHAR
STARTCHAR 02A8
ENCODING 680
SWIDTH 583 0
DWIDTH 14 0
BBX 12 18 1 -1
BITMAP
3000
3000
3000
3000
3000
FFF0
FFF0
33F0
3330
3330
3300
3300
33E0
33F0
3330
3F30
1FF0
0EE0
ENDCHAR
STARTCHAR 02A9
ENCODING 681
SWIDTH 583 0
DWIDTH 14 0
BBX 11 23 2 -5
BITMAP
1800
3C00
3C00
3C00
3000
FEC0
FFE0
37E0
3660
3660
3660
3660
3660
3660
3660
3660
FF60
FF60
0060
0060
01E0
01C0
0180
ENDCHAR
STARTCHAR 02AA
ENCODING 682
SWIDTH 583 0
DWIDTH 14 0
BBX 13 18 0 0
BITMAP
F000
F000
3000
3000
3000
30F8
31F8
31F8
3198
3198
31E0
30F0
3078
3038
3018
3838
1FF8
0FF0
ENDCHAR
STARTCHAR 02AB
ENCODING 683
SWIDTH 583 0
DWIDTH 14 0
BBX 13 18 0 0
BITMAP
F000
F000
3000
3000
3000
31F8
31F8
3198
31B8
3030
3070
3060
30E0
30C0
30D8
3998
1FF8
0FF8
ENDCHAR
STARTCHAR 02AC
ENCODING 684
SWIDTH 583 0
DWIDTH 14 0
BBX 13 18 1 0
BITMAP
F078
F078
6730
7770
3560
3DE0
3DE0
38E0
0000
0000
F078
F078
6730
7770
3DE0
3DE0
38E0
18C0
ENDCHAR
STARTCHAR 02AD
ENCODING 685
SWIDTH 583 0
DWIDTH 14 0
BBX 10 14 2 2
BITMAP
FFC0
FFC0
E1C0
E1C0
E1C0
0000
0000
0000
0000
FFC0
FFC0
E1C0
E1C0
E1C0
ENDCHAR
STARTCHAR 02AE
ENCODING 686
SWIDTH 583 0
DWIDTH 14 0
BBX 13 18 1 -5
BITMAP
E0F0
F0F0
F070
3870
3870
3870
3870
3870
3870
3870
3FF0
1FF0
0F70
0070
0070
0070
01F8
01F8
ENDCHAR
STARTCHAR 02AF
ENCODING 687
SWIDTH 583 0
DWIDTH 14 0
BBX 15 19 1 -6
BITMAP
E0F0
F0F0
F070
3870
3870
3870
3870
3870
3870
3870
3FF0
1FF0
0F70
0070
0070
0070
003C
003E
000E
ENDCHAR
STARTCHAR 02B0
ENCODING 688
SWIDTH 583 0
DWIDTH 14 0
BBX 9 13 3 8
BITMAP
E000
E000
6000
6000
6F00
7F80
6380
6180
6180
6180
6180
F780
F780
ENDCHAR
STARTCHAR 02B1
ENCODING 689
SWIDTH 583 0
DWIDTH 14 0
BBX 9 13 3 8
BITMAP
3000
7000
6000
6000
6F00
7F80
6380
6180
6180
6180
6180
F780
F780
ENDCHAR
STARTCHAR 02B2
ENCODING 690
SWIDTH 583 0
DWIDTH 14 0
BBX 7 17 3 4
BITMAP
0E
0E
0E
00
3E
3E
06
06
06
06
06
06
06
06
CE
FC
78
ENDCHAR
STARTCHAR 02B3
ENCODING 691
SWIDTH 583 0
DWIDTH 14 0
BBX 8 9 3 8
BITMAP
EE
FF
73
60
60
60
60
F8
F8
ENDCHAR
STARTCHAR 02B4
ENCODING 692
SWIDTH 583 0
DWIDTH 14 0
BBX 9 9 3 8
BITMAP
1F80
1F80
0600
0600
0600
0600
CE00
FF80
7780
ENDCHAR
STARTCHAR 02B5
ENCODING 693
SWIDTH 583 0
DWIDTH 14 0
BBX 8 13 3 4
BITMAP
1F
1F
06
06
06
06
CE
FE
76
06
06
07
03
ENDCHAR
STARTCHAR 02B6
ENCODING 694
SWIDTH 583 0
DWIDTH 14 0
BBX 10 9 3 8
BITMAP
E3C0
E7C0
6E00
7E00
7F00
6100
6100
FF00
FE00
ENDCHAR
STARTCHAR 02B7
ENCODING 695
SWIDTH 583 0
DWIDTH 14 0
BBX 9 9 3 8
BITMAP
E380
E380
6B00
7F00
7F00
7700
7700
3600
3600
ENDCHAR
STARTCHAR 02B8
ENCODING 696
SWIDTH 583 0
DWIDTH 14 0
BBX 9 13 3 4
BITMAP
F780
F780
3700
3600
3600
1600
1C00
1C00
0C00
0800
1800
7800
7000
ENDCHAR
STARTCHAR 02B9
ENCODING 697
SWIDTH 583 0
DWIDTH 14 0
BBX 6 8 4 11
BITMAP
1C
3C
38
38
78
70
70
E0
ENDCHAR
STARTCHAR 02BA
ENCODING 698
SWIDTH 583 0
DWIDTH 14 0
BBX 11 8 2 11
BITMAP
3DE0
39C0
39C0
73C0
7380
7380
E700
E700
ENDCHAR
STARTCHAR 02BB
ENCODING 699
SWIDTH 583 0
DWIDTH 14 0
BBX 4 8 5 12
BITMAP
30
70
60
C0
E0
F0
F0
60
ENDCHAR
STARTCHAR 02BC
ENCODING 700
SWIDTH 583 0
DWIDTH 14 0
BBX 4 8 5 10
BITMAP
60
F0
F0
70
30
60
E0
C0
ENDCHAR
STARTCHAR 02BD
ENCODING 701
SWIDTH 583 0
DWIDTH 14 0
BBX 4 8 5 10
BITMAP
60
F0
F0
F0
C0
60
70
30
ENDCHAR
STARTCHAR 02BE
ENCODING 702
SWIDTH 583 0
DWIDTH 14 0
BBX 5 8 5 11
BITMAP
E0
F0
38
38
38
F8
F0
E0
ENDCHAR
STARTCHAR 02BF
ENCODING 703
SWIDTH 583 0
DWIDTH 14 0
BBX 4 8 5 11
BITMAP
70
F0
E0
E0
E0
F0
70
30
ENDCHAR
STARTCHAR 02C0
ENCODING 704
SWIDTH 583 0
DWIDTH 14 0
BBX 8 8 3 12
BITMAP
7E
FF
E3
03
03
0F
1E
18
ENDCHAR
STARTCHAR 02C1
ENCODING 705
SWIDTH 583 0
DWIDTH 14 0
BBX 8 8 3 12
BITMAP
7E
FF
E7
C0
C0
F0
78
18
ENDCHAR
STARTCHAR 02C2
ENCODING 706
SWIDTH 583 0
DWIDTH 14 0
BBX 6 5 4 14
BITMAP
18
7C
E0
7C
18
ENDCHAR
STARTCHAR 02C3
ENCODING 707
SWIDTH 583 0
DWIDTH 14 0
BBX 6 5 4 14
BITMAP
60
F8
1C
F8
60
ENDCHAR
STARTCHAR 02C4
ENCODING 708
SWIDTH 583 0
DWIDTH 14 0
BBX 7 4 4 14
BITMAP
78
7C
EE
C4
ENDCHAR
STARTCHAR 02C5
ENCODING 709
SWIDTH 583 0
DWIDTH 14 0
BBX 7 4 4 15
BITMAP
C4
EE
7C
78
ENDCHAR
STARTCHAR 02C6
ENCODING 710
SWIDTH 583 0
DWIDTH 14 0
BBX 8 4 3 15
BITMAP
3C
3E
67
C3
ENDCHAR
STARTCHAR 02C7
ENCODING 711
SWIDTH 583 0
DWIDTH 14 0
BBX 8 4 3 15
BITMAP
C3
67
3E
3C
ENDCHAR
STARTCHAR 02C8
ENCODING 712
SWIDTH 583 0
DWIDTH 14 0
BBX 3 8 6 11
BITMAP
E0
E0
E0
E0
E0
E0
E0
E0
ENDCHAR
STARTCHAR 02C9
ENCODING 713
SWIDTH 583 0
DWIDTH 14 0
BBX 8 2 3 15
BITMAP
FF
FF
ENDCHAR
STARTCHAR 02CA
ENCODING 714
SWIDTH 583 0
DWIDTH 14 0
BBX 5 5 5 14
BITMAP
10
38
78
E0
40
ENDCHAR
STARTCHAR 02CB
ENCODING 715
SWIDTH 583 0
DWIDTH 14 0
BBX 5 5 4 14
BITMAP
40
E0
70
38
10
ENDCHAR
STARTCHAR 02CC
ENCODING 716
SWIDTH 583 0
DWIDTH 14 0
BBX 3 8 6 -6
BITMAP
E0
E0
E0
E0
E0
E0
E0
E0
ENDCHAR
STARTCHAR 02CD
ENCODING 717
SWIDTH 583 0
DWIDTH 14 0
BBX 8 2 3 -5
BITMAP
FF
FF
ENDCHAR
STARTCHAR 02CE
ENCODING 718
SWIDTH 583 0
DWIDTH 14 0
BBX 5 4 5 -5
BITMAP
E0
70
38
18
ENDCHAR
STARTCHAR 02CF
ENCODING 719
SWIDTH 583 0
DWIDTH 14 0
BBX 5 5 4 -6
BITMAP
10
38
70
E0
40
ENDCHAR
STARTCHAR 02D0
ENCODING 720
SWIDTH 583 0
DWIDTH 14 0
BBX 5 13 5 0
BITMAP
F8
F0
70
60
20
00
00
00
20
60
70
F0
F8
ENDCHAR
STARTCHAR 02D1
ENCODING 721
SWIDTH 583 0
DWIDTH 14 0
BBX 5 5 5 7
BITMAP
F8
F0
70
60
20
ENDCHAR
STARTCHAR 02D2
ENCODING 722
SWIDTH 583 0
DWIDTH 14 0
BBX 3 5 6 4
BITMAP
C0
C0
60
C0
C0
ENDCHAR
STARTCHAR 02D3
ENCODING 723
SWIDTH 583 0
DWIDTH 14 0
BBX 3 5 6 4
BITMAP
60
E0
C0
E0
60
ENDCHAR
STARTCHAR 02D4
ENCODING 724
SWIDTH 583 0
DWIDTH 14 0
BBX 6 6 4 4
BITMAP
30
30
30
30
FC
FC
ENDCHAR
STARTCHAR 02D5
ENCODING 725
SWIDTH 583 0
DWIDTH 14 0
BBX 6 6 4 4
BITMAP
FC
FC
30
30
30
30
ENDCHAR
STARTCHAR 02D6
ENCODING 726
SWIDTH 583 0
DWIDTH 14 0
BBX 6 6 4 4
BITMAP
30
30
FC
FC
30
30
ENDCHAR
STARTCHAR 02D7
ENCODING 727
SWIDTH 583 0
DWIDTH 14 0
BBX 6 2 4 6
BITMAP
FC
FC
ENDCHAR
STARTCHAR 02D8
ENCODING 728
SWIDTH 583 0
DWIDTH 14 0
BBX 9 4 3 15
BITMAP
C180
F780
7F00
3E00
ENDCHAR
STARTCHAR 02D9
ENCODING 729
SWIDTH 583 0
DWIDTH 14 0
BBX 4 4 5 15
BITMAP
60
F0
F0
60
ENDCHAR
STARTCHAR 02DA
ENCODING 730
SWIDTH 583 0
DWIDTH 14 0
BBX 5 5 5 14
BITMAP
70
F8
98
F8
70
ENDCHAR
STARTCHAR 02DB
ENCODING 731
SWIDTH 583 0
DWIDTH 14 0
BBX 5 6 4 -6
BITMAP
30
60
E0
F8
F8
78
ENDCHAR
STARTCHAR 02DC
ENCODING 732
SWIDTH 583 0
DWIDTH 14 0
BBX 10 4 2 15
BITMAP
3880
7DC0
EF80
4700
ENDCHAR
STARTCHAR 02DD
ENCODING 733
SWIDTH 583 0
DWIDTH 14 0
BBX 10 5 3 14
BITMAP
1080
39C0
7380
E700
4200
ENDCHAR
STARTCHAR 02DE
ENCODING 734
SWIDTH 583 0
DWIDTH 14 0
BBX 17 9 -4 1
BITMAP
01E000
0FE000
3FE000
FCE000
F0E000
80E380
00F780
007F00
003E00
ENDCHAR
STARTCHAR 02DF
ENCODING 735
SWIDTH 583 0
DWIDTH 14 0
BBX 6 5 4 14
BITMAP
44
FC
78
FC
44
ENDCHAR
STARTCHAR 02E0
ENCODING 736
SWIDTH 583 0
DWIDTH 14 0
BBX 9 13 3 4
BITMAP
F780
F780
3600
3E00
1C00
0800
0800
1C00
3C00
3600
3600
3E00
1C00
ENDCHAR
STARTCHAR 02E1
ENCODING 737
SWIDTH 583 0
DWIDTH 14 0
BBX 7 13 4 8
BITMAP
F8
F8
18
18
18
18
18
18
18
18
18
FE
FE
ENDCHAR
STARTCHAR 02E2
ENCODING 738
SWIDTH 583 0
DWIDTH 14 0
BBX 8 9 3 8
BITMAP
7F
FF
C3
F0
7E
0F
C3
FF
FE
ENDCHAR
STARTCHAR 02E3
ENCODING 739
SWIDTH 583 0
DWIDTH 14 0
BBX 9 9 3 8
BITMAP
F780
F780
3600
1C00
0800
1C00
3600
F780
F780
ENDCHAR
STARTCHAR 02E4
ENCODING 740
SWIDTH 583 0
DWIDTH 14 0
BBX 7 13 3 8
BITMAP
3C
7E
E6
C0
C0
E0
70
30
38
18
18
7C
7C
ENDCHAR
STARTCHAR 02E5
ENCODING 741
SWIDTH 583 0
DWIDTH 14 0
BBX 9 18 3 0
BITMAP
FF80
FF80
0380
0380
0380
0380
0380
0380
0380
0380
0380
0380
0380
0380
0380
0380
0380
0380
ENDCHAR
STARTCHAR 02E6
ENCODING 742
SWIDTH 583 0
DWIDTH 14 0
BBX 9 18 3 0
BITMAP
0380
0380
0380
0380
FF80
FF80
0380
0380
0380
0380
0380
0380
0380
0380
0380
0380
0380
0380
ENDCHAR
STARTCHAR 02E7
ENCODING 743
SWIDTH 583 0
DWIDTH 14 0
BBX 9 18 3 0
BITMAP
0380
0380
0380
0380
0380
0380
0380
0380
FF80
FF80
0380
0380
0380
0380
0380
0380
0380
0380
ENDCHAR
STARTCHAR 02E8
ENCODING 744
SWIDTH 583 0
DWIDTH 14 0
BBX 9 18 3 0
BITMAP
0380
0380
0380
0380
0380
0380
0380
0380
0380
0380
0380
0380
FF80
FF80
0380
0380
0380
0380
ENDCHAR
STARTCHAR 02E9
ENCODING 745
SWIDTH 583 0
DWIDTH 14 0
BBX 9 18 3 0
BITMAP
0380
0380
0380
0380
0380
0380
0380
0380
0380
0380
0380
0380
0380
0380
0380
0380
FF80
FF80
ENDCHAR
STARTCHAR 02EA
ENCODING 746
SWIDTH 583 0
DWIDTH 14 0
BBX 8 9 3 0
BITMAP
E0
E0
E0
E0
E0
E0
E0
FF
FF
ENDCHAR
STARTCHAR 02EB
ENCODING 747
SWIDTH 583 0
DWIDTH 14 0
BBX 8 9 3 0
BITMAP
E0
E0
E0
FF
FF
E0
E0
E0
E0
ENDCHAR
STARTCHAR 02EC
ENCODING 748
SWIDTH 583 0
DWIDTH 14 0
BBX 8 4 3 -6
BITMAP
C3
67
3E
3C
ENDCHAR
STARTCHAR 02ED
ENCODING 749
SWIDTH 583 0
DWIDTH 14 0
BBX 10 3 2 15
BITMAP
FFC0
0000
FFC0
ENDCHAR
STARTCHAR 02EE
ENCODING 750
SWIDTH 583 0
DWIDTH 14 0
BBX 11 8 2 10
BITMAP
60C0
F1E0
F1E0
70E0
3060
60C0
E1C0
C180
ENDCHAR
STARTCHAR 02EF
ENCODING 751
SWIDTH 583 0
DWIDTH 14 0
BBX 7 4 4 -5
BITMAP
C4
EE
7C
78
ENDCHAR
STARTCHAR 02F0
ENCODING 752
SWIDTH 583 0
DWIDTH 14 0
BBX 7 4 4 -6
BITMAP
78
7C
EE
C4
ENDCHAR
STARTCHAR 02F1
ENCODING 753
SWIDTH 583 0
DWIDTH 14 0
BBX 6 5 4 -6
BITMAP
08
7C
E0
FC
1C
ENDCHAR
STARTCHAR 02F2
ENCODING 754
SWIDTH 583 0
DWIDTH 14 0
BBX 6 5 4 -6
BITMAP
40
F8
1C
FC
60
ENDCHAR
STARTCHAR 02F3
ENCODING 755
SWIDTH 583 0
DWIDTH 14 0
BBX 5 5 5 -6
BITMAP
70
F8
98
F8
70
ENDCHAR
STARTCHAR 02F4
ENCODING 756
SWIDTH 583 0
DWIDTH 14 0
BBX 5 5 4 6
BITMAP
40
E0
70
38
10
ENDCHAR
STARTCHAR 02F5
ENCODING 757
SWIDTH 583 0
DWIDTH 14 0
BBX 10 5 1 6
BITMAP
4200
E700
7B80
3DC0
08C0
ENDCHAR
STARTCHAR 02F6
ENCODING 758
SWIDTH 583 0
DWIDTH 14 0
BBX 10 5 3 6
BITMAP
1080
39C0
7B80
E700
4200
ENDCHAR
STARTCHAR 02F7
ENCODING 759
SWIDTH 583 0
DWIDTH 14 0
BBX 10 4 2 -6
BITMAP
3880
7DC0
EF80
4700
ENDCHAR
STARTCHAR 02F8
ENCODING 760
SWIDTH 583 0
DWIDTH 14 0
BBX 4 11 5 6
BITMAP
60
F0
F0
60
00
00
00
60
F0
F0
60
ENDCHAR
STARTCHAR 02F9
ENCODING 761
SWIDTH 583 0
DWIDTH 14 0
BBX 8 7 3 11
BITMAP
FF
FF
E0
E0
E0
E0
E0
ENDCHAR
STARTCHAR 02FA
ENCODING 762
SWIDTH 583 0
DWIDTH 14 0
BBX 9 7 3 11
BITMAP
FF80
FF80
0380
0380
0380
0380
0380
ENDCHAR
STARTCHAR 02FB
ENCODING 763
SWIDTH 583 0
DWIDTH 14 0
BBX 8 7 3 0
BITMAP
E0
E0
E0
E0
E0
FF
FF
ENDCHAR
STARTCHAR 02FC
ENCODING 764
SWIDTH 583 0
DWIDTH 14 0
BBX 9 7 3 0
BITMAP
0380
0380
0380
0380
0380
FF80
FF80
ENDCHAR
STARTCHAR 02FD
ENCODING 765
SWIDTH 583 0
DWIDTH 14 0
BBX 10 4 2 -5
BITMAP
C0C0
C0C0
FFC0
FFC0
ENDCHAR
STARTCHAR 02FE
ENCODING 766
SWIDTH 583 0
DWIDTH 14 0
BBX 10 4 2 -5
BITMAP
C000
C000
FFC0
FFC0
ENDCHAR
STARTCHAR 02FF
ENCODING 767
SWIDTH 583 0
DWIDTH 14 0
BBX 9 3 2 -6
BITMAP
6000
FF80
6000
ENDCHAR
STARTCHAR 0300
ENCODING 768
SWIDTH 0 0
DWIDTH 0 0
BBX 5 5 -10 14
BITMAP
40
E0
F0
38
10
ENDCHAR
STARTCHAR 0301
ENCODING 769
SWIDTH 0 0
DWIDTH 0 0
BBX 5 5 -9 14
BITMAP
10
38
70
E0
40
ENDCHAR
STARTCHAR 0302
ENCODING 770
SWIDTH 0 0
DWIDTH 0 0
BBX 8 4 -11 15
BITMAP
3C
7C
E6
C3
ENDCHAR
STARTCHAR 0303
ENCODING 771
SWIDTH 0 0
DWIDTH 0 0
BBX 10 4 -12 15
BITMAP
3880
7DC0
EF80
4700
ENDCHAR
STARTCHAR 0304
ENCODING 772
SWIDTH 0 0
DWIDTH 0 0
BBX 8 2 -11 15
BITMAP
FF
FF
ENDCHAR
STARTCHAR 0305
ENCODING 773
SWIDTH 0 0
DWIDTH 0 0
BBX 14 2 -14 15
BITMAP
FFFC
FFFC
ENDCHAR
STARTCHAR 0306
ENCODING 774
SWIDTH 0 0
DWIDTH 0 0
BBX 9 4 -12 15
BITMAP
C180
F780
7F00
3E00
ENDCHAR
STARTCHAR 0307
ENCODING 775
SWIDTH 0 0
DWIDTH 0 0
BBX 4 4 -9 15
BITMAP
60
F0
F0
60
ENDCHAR
STARTCHAR 0308
ENCODING 776
SWIDTH 0 0
DWIDTH 0 0
BBX 9 4 -12 15
BITMAP
6300
F780
F780
6300
ENDCHAR
STARTCHAR 0309
ENCODING 777
SWIDTH 0 0
DWIDTH 0 0
BBX 5 4 -9 15
BITMAP
F0
18
08
70
ENDCHAR
STARTCHAR 030A
ENCODING 778
SWIDTH 0 0
DWIDTH 0 0
BBX 5 5 -10 14
BITMAP
70
F8
C8
F8
70
ENDCHAR
STARTCHAR 030B
ENCODING 779
SWIDTH 0 0
DWIDTH 0 0
BBX 10 5 -11 14
BITMAP
1180
3BC0
7780
EF00
4400
ENDCHAR
STARTCHAR 030C
ENCODING 780
SWIDTH 0 0
DWIDTH 0 0
BBX 8 4 -11 15
BITMAP
C3
E6
7C
3C
ENDCHAR
STARTCHAR 030D
ENCODING 781
SWIDTH 0 0
DWIDTH 0 0
BBX 2 3 -8 15
BITMAP
C0
C0
C0
ENDCHAR
STARTCHAR 030E
ENCODING 782
SWIDTH 0 0
DWIDTH 0 0
BBX 6 3 -10 15
BITMAP
CC
CC
CC
ENDCHAR
STARTCHAR 030F
ENCODING 783
SWIDTH 0 0
DWIDTH 0 0
BBX 10 5 -13 14
BITMAP
4200
E700
7380
39C0
1080
ENDCHAR
STARTCHAR 0310
ENCODING 784
SWIDTH 0 0
DWIDTH 0 0
BBX 7 4 -10 14
BITMAP
38
FE
FE
7C
ENDCHAR
STARTCHAR 0311
ENCODING 785
SWIDTH 0 0
DWIDTH 0 0
BBX 9 4 -12 14
BITMAP
7F00
FF80
E380
C180
ENDCHAR
STARTCHAR 0312
ENCODING 786
SWIDTH 0 0
DWIDTH 0 0
BBX 3 5 -9 14
BITMAP
40
C0
C0
E0
C0
ENDCHAR
STARTCHAR 0313
ENCODING 787
SWIDTH 0 0
DWIDTH 0 0
BBX 3 5 -9 14
BITMAP
60
E0
60
60
40
ENDCHAR
STARTCHAR 0314
ENCODING 788
SWIDTH 0 0
DWIDTH 0 0
BBX 3 5 -9 14
BITMAP
C0
E0
C0
C0
40
ENDCHAR
STARTCHAR 0315
ENCODING 789
SWIDTH 0 0
DWIDTH 0 0
BBX 3 5 -2 14
BITMAP
60
E0
60
60
40
ENDCHAR
STARTCHAR 0316
ENCODING 790
SWIDTH 0 0
DWIDTH 0 0
BBX 5 5 -9 -6
BITMAP
40
E0
70
38
10
ENDCHAR
STARTCHAR 0317
ENCODING 791
SWIDTH 0 0
DWIDTH 0 0
BBX 5 4 -10 -5
BITMAP
38
70
E0
C0
ENDCHAR
STARTCHAR 0318
ENCODING 792
SWIDTH 0 0
DWIDTH 0 0
BBX 6 3 -10 -5
BITMAP
FC
FC
1C
ENDCHAR
STARTCHAR 0319
ENCODING 793
SWIDTH 0 0
DWIDTH 0 0
BBX 6 3 -10 -5
BITMAP
FC
FC
C0
ENDCHAR
STARTCHAR 031A
ENCODING 794
SWIDTH 0 0
DWIDTH 0 0
BBX 6 4 -4 14
BITMAP
FC
FC
0C
0C
ENDCHAR
STARTCHAR 031B
ENCODING 795
SWIDTH 0 0
DWIDTH 0 0
BBX 5 5 -2 10
BITMAP
38
38
18
30
E0
ENDCHAR
STARTCHAR 031C
ENCODING 796
SWIDTH 0 0
DWIDTH 0 0
BBX 3 5 -8 -6
BITMAP
60
E0
C0
E0
60
ENDCHAR
STARTCHAR 031D
ENCODING 797
SWIDTH 0 0
DWIDTH 0 0
BBX 6 4 -10 -5
BITMAP
30
30
FC
FC
ENDCHAR
STARTCHAR 031E
ENCODING 798
SWIDTH 0 0
DWIDTH 0 0
BBX 6 4 -10 -6
BITMAP
FC
FC
30
30
ENDCHAR
STARTCHAR 031F
ENCODING 799
SWIDTH 0 0
DWIDTH 0 0
BBX 6 3 -10 -5
BITMAP
FC
FC
30
ENDCHAR
STARTCHAR 0320
ENCODING 800
SWIDTH 0 0
DWIDTH 0 0
BBX 6 2 -10 -5
BITMAP
FC
FC
ENDCHAR
STARTCHAR 0321
ENCODING 801
SWIDTH 0 0
DWIDTH 0 0
BBX 6 6 -6 -6
BITMAP
1C
1C
1C
78
F8
E0
ENDCHAR
STARTCHAR 0322
ENCODING 802
SWIDTH 0 0
DWIDTH 0 0
BBX 6 6 -3 -6
BITMAP
E0
E0
E0
78
7C
3C
ENDCHAR
STARTCHAR 0323
ENCODING 803
SWIDTH 0 0
DWIDTH 0 0
BBX 4 4 -9 -6
BITMAP
60
F0
F0
60
ENDCHAR
STARTCHAR 0324
ENCODING 804
SWIDTH 0 0
DWIDTH 0 0
BBX 9 4 -12 -6
BITMAP
6300
F780
F780
6300
ENDCHAR
STARTCHAR 0325
ENCODING 805
SWIDTH 0 0
DWIDTH 0 0
BBX 5 5 -10 -6
BITMAP
70
F8
C8
F8
70
ENDCHAR
STARTCHAR 0326
ENCODING 806
SWIDTH 0 0
DWIDTH 0 0
BBX 3 5 -9 -6
BITMAP
60
E0
60
60
40
ENDCHAR
STARTCHAR 0327
ENCODING 807
SWIDTH 0 0
DWIDTH 0 0
BBX 6 5 -10 -5
BITMAP
38
3C
0C
FC
F8
ENDCHAR
STARTCHAR 0328
ENCODING 808
SWIDTH 0 0
DWIDTH 0 0
BBX 5 6 -10 -6
BITMAP
30
60
E0
F8
F8
78
ENDCHAR
STARTCHAR 0329
ENCODING 809
SWIDTH 0 0
DWIDTH 0 0
BBX 2 3 -8 -5
BITMAP
C0
C0
C0
ENDCHAR
STARTCHAR 032A
ENCODING 810
SWIDTH 0 0
DWIDTH 0 0
BBX 8 4 -11 -6
BITMAP
FF
FF
C3
C3
ENDCHAR
STARTCHAR 032B
ENCODING 811
SWIDTH 0 0
DWIDTH 0 0
BBX 5 5 -10 -7
BITMAP
98
A8
A8
A8
D0
ENDCHAR
STARTCHAR 032C
ENCODING 812
SWIDTH 0 0
DWIDTH 0 0
BBX 8 4 -11 -6
BITMAP
C3
E6
7C
3C
ENDCHAR
STARTCHAR 032D
ENCODING 813
SWIDTH 0 0
DWIDTH 0 0
BBX 8 4 -11 -6
BITMAP
3C
7C
E6
C3
ENDCHAR
STARTCHAR 032E
ENCODING 814
SWIDTH 0 0
DWIDTH 0 0
BBX 9 4 -12 -5
BITMAP
C180
F780
7F00
3E00
ENDCHAR
STARTCHAR 032F
ENCODING 815
SWIDTH 0 0
DWIDTH 0 0
BBX 9 4 -12 -6
BITMAP
7F00
FF80
E380
C180
ENDCHAR
STARTCHAR 0330
ENCODING 816
SWIDTH 0 0
DWIDTH 0 0
BBX 10 4 -12 -6
BITMAP
3880
7DC0
EF80
4700
ENDCHAR
STARTCHAR 0331
ENCODING 817
SWIDTH 0 0
DWIDTH 0 0
BBX 8 2 -11 -5
BITMAP
FF
FF
ENDCHAR
STARTCHAR 0332
ENCODING 818
SWIDTH 0 0
DWIDTH 0 0
BBX 14 2 -14 -5
BITMAP
FFFC
FFFC
ENDCHAR
STARTCHAR 0333
ENCODING 819
SWIDTH 0 0
DWIDTH 0 0
BBX 14 3 -14 -5
BITMAP
FFFC
0000
FFFC
ENDCHAR
STARTCHAR 0334
ENCODING 820
SWIDTH 0 0
DWIDTH 0 0
BBX 10 3 -12 6
BITMAP
79C0
EF80
4700
ENDCHAR
STARTCHAR 0335
ENCODING 821
SWIDTH 0 0
DWIDTH 0 0
BBX 7 2 -11 5
BITMAP
FE
FE
ENDCHAR
STARTCHAR 0336
ENCODING 822
SWIDTH 0 0
DWIDTH 0 0
BBX 14 2 -14 5
BITMAP
FFFC
FFFC
ENDCHAR
STARTCHAR 0337
ENCODING 823
SWIDTH 0 0
DWIDTH 0 0
BBX 9 16 -12 -2
BITMAP
0180
0180
0300
0300
0600
0600
0C00
0C00
1800
1800
3000
3000
6000
6000
C000
4000
ENDCHAR
STARTCHAR 0338
ENCODING 824
SWIDTH 0 0
DWIDTH 0 0
BBX 9 22 -12 -4
BITMAP
0080
0180
0180
0300
0300
0200
0600
0600
0400
0C00
0C00
0800
1800
1800
1000
3000
3000
6000
6000
6000
C000
4000
ENDCHAR
STARTCHAR 0339
ENCODING 825
SWIDTH 0 0
DWIDTH 0 0
BBX 3 5 -8 -6
BITMAP
C0
C0
60
C0
C0
ENDCHAR
STARTCHAR 033A
ENCODING 826
SWIDTH 0 0
DWIDTH 0 0
BBX 8 4 -11 -5
BITMAP
C3
C3
FF
FF
ENDCHAR
STARTCHAR 033B
ENCODING 827
SWIDTH 0 0
DWIDTH 0 0
BBX 8 3 -11 -5
BITMAP
FF
C3
FF
ENDCHAR
STARTCHAR 033C
ENCODING 828
SWIDTH 0 0
DWIDTH 0 0
BBX 8 4 -11 -6
BITMAP
6E
FF
DB
DB
ENDCHAR
STARTCHAR 033D
ENCODING 829
SWIDTH 0 0
DWIDTH 0 0
BBX 6 5 -10 14
BITMAP
88
FC
78
FC
88
ENDCHAR
STARTCHAR 033E
ENCODING 830
SWIDTH 0 0
DWIDTH 0 0
BBX 3 3 -9 15
BITMAP
C0
60
60
ENDCHAR
STARTCHAR 033F
ENCODING 831
SWIDTH 0 0
DWIDTH 0 0
BBX 14 3 -14 15
BITMAP
FFFC
0000
FFFC
ENDCHAR
STARTCHAR 0340
ENCODING 832
SWIDTH 0 0
DWIDTH 0 0
BBX 5 5 -10 14
BITMAP
40
E0
F0
38
10
ENDCHAR
STARTCHAR 0341
ENCODING 833
SWIDTH 0 0
DWIDTH 0 0
BBX 5 5 -9 14
BITMAP
10
38
70
E0
40
ENDCHAR
STARTCHAR 0342
ENCODING 834
SWIDTH 0 0
DWIDTH 0 0
BBX 9 4 -12 14
BITMAP
7F00
FF80
E380
C180
ENDCHAR
STARTCHAR 0343
ENCODING 835
SWIDTH 0 0
DWIDTH 0 0
BBX 3 5 -9 14
BITMAP
60
E0
60
60
40
ENDCHAR
STARTCHAR 0344
ENCODING 836
SWIDTH 0 0
DWIDTH 0 0
BBX 10 4 -12 15
BITMAP
0C00
0C00
EDC0
EDC0
ENDCHAR
STARTCHAR 0345
ENCODING 837
SWIDTH 0 0
DWIDTH 0 0
BBX 3 3 -8 -5
BITMAP
E0
E0
E0
ENDCHAR
STARTCHAR 0346
ENCODING 838
SWIDTH 0 0
DWIDTH 0 0
BBX 8 4 -11 14
BITMAP
FF
FF
C3
C3
ENDCHAR
STARTCHAR 0347
ENCODING 839
SWIDTH 0 0
DWIDTH 0 0
BBX 6 3 -10 -5
BITMAP
FC
00
FC
ENDCHAR
STARTCHAR 0348
ENCODING 840
SWIDTH 0 0
DWIDTH 0 0
BBX 6 3 -10 -5
BITMAP
CC
CC
CC
ENDCHAR
STARTCHAR 0349
ENCODING 841
SWIDTH 0 0
DWIDTH 0 0
BBX 6 4 -10 -6
BITMAP
FC
FC
0C
0C
ENDCHAR
STARTCHAR 034A
ENCODING 842
SWIDTH 0 0
DWIDTH 0 0
BBX 9 5 -12 14
BITMAP
0800
3C80
FF80
5F00
0800
ENDCHAR
STARTCHAR 034B
ENCODING 843
SWIDTH 0 0
DWIDTH 0 0
BBX 10 6 -12 13
BITMAP
0C00
1C00
7DC0
EF80
4E00
0C00
ENDCHAR
STARTCHAR 034C
ENCODING 844
SWIDTH 0 0
DWIDTH 0 0
BBX 9 6 -12 13
BITMAP
3000
7D80
CF80
7F80
FF80
C700
ENDCHAR
STARTCHAR 034D
ENCODING 845
SWIDTH 0 0
DWIDTH 0 0
BBX 9 3 -12 -6
BITMAP
6100
FF80
6100
ENDCHAR
STARTCHAR 034E
ENCODING 846
SWIDTH 0 0
DWIDTH 0 0
BBX 4 4 -10 -6
BITMAP
60
F0
A0
20
ENDCHAR
STARTCHAR 034F
ENCODING 847
SWIDTH 0 0
DWIDTH 0 0
BBX 0 0 0 0
BITMAP
ENDCHAR
STARTCHAR 0350
ENCODING 848
SWIDTH 0 0
DWIDTH 0 0
BBX 6 5 -10 14
BITMAP
60
F8
1C
F8
60
ENDCHAR
STARTCHAR 0351
ENCODING 849
SWIDTH 0 0
DWIDTH 0 0
BBX 3 5 -8 14
BITMAP
60
E0
C0
E0
60
ENDCHAR
STARTCHAR 0352
ENCODING 850
SWIDTH 0 0
DWIDTH 0 0
BBX 8 5 -11 14
BITMAP
3C
7E
63
FF
1C
ENDCHAR
STARTCHAR 0353
ENCODING 851
SWIDTH 0 0
DWIDTH 0 0
BBX 6 5 -10 -6
BITMAP
88
FC
78
FC
CC
ENDCHAR
STARTCHAR 0354
ENCODING 852
SWIDTH 0 0
DWIDTH 0 0
BBX 6 5 -10 -6
BITMAP
08
7C
E0
FC
1C
ENDCHAR
STARTCHAR 0355
ENCODING 853
SWIDTH 0 0
DWIDTH 0 0
BBX 6 5 -10 -6
BITMAP
40
F8
1C
FC
60
ENDCHAR
STARTCHAR 0356
ENCODING 854
SWIDTH 0 0
DWIDTH 0 0
BBX 12 5 -13 -6
BITMAP
4000
F9E0
3FE0
FF70
E220
ENDCHAR
STARTCHAR 0357
ENCODING 855
SWIDTH 0 0
DWIDTH 0 0
BBX 3 5 -8 14
BITMAP
C0
C0
60
C0
C0
ENDCHAR
STARTCHAR 0358
ENCODING 856
SWIDTH 0 0
DWIDTH 0 0
BBX 3 3 0 14
BITMAP
E0
E0
E0
ENDCHAR
STARTCHAR 0359
ENCODING 857
SWIDTH 0 0
DWIDTH 0 0
BBX 5 5 -10 -7
BITMAP
20
F8
60
F8
20
ENDCHAR
STARTCHAR 035A
ENCODING 858
SWIDTH 0 0
DWIDTH 0 0
BBX 9 5 -12 -6
BITMAP
7700
FF80
CC80
FF80
7700
ENDCHAR
STARTCHAR 035B
ENCODING 859
SWIDTH 0 0
DWIDTH 0 0
BBX 6 3 -10 15
BITMAP
C0
FC
18
ENDCHAR
STARTCHAR 035C
ENCODING 860
SWIDTH 0 0
DWIDTH 0 0
BBX 22 5 -11 -14
BITMAP
C0000C
F8007C
7FCFF8
0FFFC0
01FE00
ENDCHAR
STARTCHAR 035D
ENCODING 861
SWIDTH 0 0
DWIDTH 0 0
BBX 22 5 -11 20
BITMAP
C0000C
F8007C
7FCFF8
0FFFC0
01FE00
ENDCHAR
STARTCHAR 035E
ENCODING 862
SWIDTH 0 0
DWIDTH 0 0
BBX 22 2 -11 21
BITMAP
FFFFFC
FFFFFC
ENDCHAR
STARTCHAR 035F
ENCODING 863
SWIDTH 0 0
DWIDTH 0 0
BBX 22 2 -11 -13
BITMAP
FFFFFC
FFFFFC
ENDCHAR
STARTCHAR 0360
ENCODING 864
SWIDTH 0 0
DWIDTH 0 0
BBX 22 5 -11 19
BITMAP
1FC008
7FF01C
F07FFC
E01FF0
0007C0
ENDCHAR
STARTCHAR 0361
ENCODING 865
SWIDTH 0 0
DWIDTH 0 0
BBX 22 5 -11 20
BITMAP
07FF80
3FFFF0
7E01F8
F0003C
000008
ENDCHAR
STARTCHAR 0362
ENCODING 866
SWIDTH 0 0
DWIDTH 0 0
BBX 23 7 -11 -14
BITMAP
000020
000070
000038
FFFFFE
FFFFFC
000038
000060
ENDCHAR
STARTCHAR 0363
ENCODING 867
SWIDTH 0 0
DWIDTH 0 0
BBX 5 5 -9 16
BITMAP
F0
90
70
90
F8
ENDCHAR
STARTCHAR 0364
ENCODING 868
SWIDTH 0 0
DWIDTH 0 0
BBX 4 5 -9 15
BITMAP
60
90
F0
90
70
ENDCHAR
STARTCHAR 0365
ENCODING 869
SWIDTH 0 0
DWIDTH 0 0
BBX 4 7 -9 15
BITMAP
60
60
E0
20
20
20
F0
ENDCHAR
STARTCHAR 0366
ENCODING 870
SWIDTH 0 0
DWIDTH 0 0
BBX 4 5 -9 15
BITMAP
E0
90
90
90
E0
ENDCHAR
STARTCHAR 0367
ENCODING 871
SWIDTH 0 0
DWIDTH 0 0
BBX 5 5 -10 15
BITMAP
D8
48
48
48
78
ENDCHAR
STARTCHAR 0368
ENCODING 872
SWIDTH 0 0
DWIDTH 0 0
BBX 4 5 -9 15
BITMAP
F0
90
80
90
E0
ENDCHAR
STARTCHAR 0369
ENCODING 873
SWIDTH 0 0
DWIDTH 0 0
BBX 4 7 -9 15
BITMAP
30
10
F0
90
90
90
F0
ENDCHAR
STARTCHAR 036A
ENCODING 874
SWIDTH 0 0
DWIDTH 0 0
BBX 5 7 -10 15
BITMAP
C0
40
70
50
50
50
D8
ENDCHAR
STARTCHAR 036B
ENCODING 875
SWIDTH 0 0
DWIDTH 0 0
BBX 6 5 -10 15
BITMAP
F8
58
58
58
DC
ENDCHAR
STARTCHAR 036C
ENCODING 876
SWIDTH 0 0
DWIDTH 0 0
BBX 4 5 -9 15
BITMAP
F0
50
40
40
E0
ENDCHAR
STARTCHAR 036D
ENCODING 877
SWIDTH 0 0
DWIDTH 0 0
BBX 4 8 -9 15
BITMAP
40
40
40
F0
40
40
50
70
ENDCHAR
STARTCHAR 036E
ENCODING 878
SWIDTH 0 0
DWIDTH 0 0
BBX 5 5 -10 15
BITMAP
D8
50
50
50
20
ENDCHAR
STARTCHAR 036F
ENCODING 879
SWIDTH 0 0
DWIDTH 0 0
BBX 5 5 -10 15
BITMAP
D8
70
20
70
D8
ENDCHAR
STARTCHAR 0370
ENCODING 880
SWIDTH 583 0
DWIDTH 14 0
BBX 8 18 3 0
BITMAP
FC
FC
70
70
70
70
70
73
7F
7F
73
70
70
70
70
70
FC
FC
ENDCHAR
STARTCHAR 0371
ENCODING 881
SWIDTH 583 0
DWIDTH 14 0
BBX 9 13 3 0
BITMAP
F000
F000
7000
7000
7000
7F80
7F80
7000
7000
7000
7000
7000
7000
ENDCHAR
STARTCHAR 0372
ENCODING 882
SWIDTH 583 0
DWIDTH 14 0
BBX 11 18 2 0
BITMAP
FFE0
FFE0
EEE0
EEE0
EEE0
EEE0
EEE0
EEE0
EEE0
0E00
0E00
0E00
0E00
0E00
0E00
0E00
3F80
3F80
ENDCHAR
STARTCHAR 0373
ENCODING 883
SWIDTH 583 0
DWIDTH 14 0
BBX 11 18 2 -5
BITMAP
FFE0
FFE0
EEE0
EEE0
EEE0
EEE0
EEE0
EEE0
EEE0
0E00
0E00
0E00
0E00
0E00
0E00
0E00
0E00
0E00
ENDCHAR
STARTCHAR 0374
ENCODING 884
SWIDTH 583 0
DWIDTH 14 0
BBX 6 8 4 11
BITMAP
1C
3C
38
38
78
70
70
E0
ENDCHAR
STARTCHAR 0375
ENCODING 885
SWIDTH 583 0
DWIDTH 14 0
BBX 6 8 4 -4
BITMAP
1C
3C
38
38
78
70
70
E0
ENDCHAR
STARTCHAR 0376
ENCODING 886
SWIDTH 583 0
DWIDTH 14 0
BBX 12 18 1 0
BITMAP
F8E0
F9E0
71E0
71E0
73E0
73E0
73E0
77E0
76E0
76E0
7EE0
7CE0
7CE0
7CE0
78E0
78E0
79F0
71F0
ENDCHAR
STARTCHAR 0377
ENCODING 887
SWIDTH 583 0
DWIDTH 14 0
BBX 11 13 1 0
BITMAP
F0E0
F1E0
71E0
73E0
73E0
77E0
76E0
7EE0
7CE0
7CE0
78E0
78E0
70E0
ENDCHAR
STARTCHAR 037A
ENCODING 890
SWIDTH 583 0
DWIDTH 14 0
BBX 3 3 6 -5
BITMAP
E0
E0
E0
ENDCHAR
STARTCHAR 037B
ENCODING 891
SWIDTH 583 0
DWIDTH 14 0
BBX 11 13 2 0
BITMAP
1F00
3FC0
7BC0
70E0
E0E0
00E0
00E0
00E0
E0E0
70E0
7BC0
3FC0
1F00
ENDCHAR
STARTCHAR 037C
ENCODING 892
SWIDTH 583 0
DWIDTH 14 0
BBX 10 13 2 0
BITMAP
1F00
7FC0
7BC0
E0C0
EE00
EE00
EE00
EE00
E0C0
E1C0
7FC0
7F80
1F00
ENDCHAR
STARTCHAR 037D
ENCODING 893
SWIDTH 583 0
DWIDTH 14 0
BBX 11 13 2 0
BITMAP
3F00
7FC0
FBC0
E0E0
0EE0
0EE0
0EE0
0EE0
E0E0
E0E0
7BC0
7FC0
1F00
ENDCHAR
STARTCHAR 037E
ENCODING 894
SWIDTH 583 0
DWIDTH 14 0
BBX 4 18 5 -5
BITMAP
F0
F0
F0
F0
00
00
00
00
00
F0
F0
F0
F0
30
30
60
E0
C0
ENDCHAR
STARTCHAR 037F
ENCODING 895
SWIDTH 583 0
DWIDTH 14 0
BBX 10 18 2 0
BITMAP
0FC0
0FC0
01C0
01C0
01C0
01C0
01C0
01C0
01C0
01C0
01C0
01C0
01C0
E1C0
E1C0
FF80
7F80
3E00
ENDCHAR
STARTCHAR 0384
ENCODING 900
SWIDTH 583 0
DWIDTH 14 0
BBX 3 4 6 15
BITMAP
E0
E0
C0
C0
ENDCHAR
STARTCHAR 0385
ENCODING 901
SWIDTH 583 0
DWIDTH 14 0
BBX 10 4 2 15
BITMAP
0C00
0C00
EDC0
EDC0
ENDCHAR
STARTCHAR 0386
ENCODING 902
SWIDTH 583 0
DWIDTH 14 0
BBX 12 20 1 0
BITMAP
E000
C000
CF00
CF00
0F00
0F00
0F00
1F80
1F80
1980
1980
39C0
3FC0
3FC0
38C0
70C0
70E0
70E0
F9F0
F9F0
ENDCHAR
STARTCHAR 0387
ENCODING 903
SWIDTH 583 0
DWIDTH 14 0
BBX 4 4 5 6
BITMAP
F0
F0
F0
F0
ENDCHAR
STARTCHAR 0388
ENCODING 904
SWIDTH 583 0
DWIDTH 14 0
BBX 15 20 -3 0
BITMAP
6000
6000
6FFE
EFFE
070E
070E
0700
0700
0700
0700
07F0
07F0
0700
0700
0700
0700
070E
070E
0FFE
0FFE
ENDCHAR
STARTCHAR 0389
ENCODING 905
SWIDTH 583 0
DWIDTH 14 0
BBX 15 20 -2 0
BITMAP
E000
C000
DF3E
DF3E
0E1C
0E1C
0E1C
0E1C
0E1C
0E1C
0FFC
0FFC
0E1C
0E1C
0E1C
0E1C
0E1C
0E1C
1F3E
1F3E
ENDCHAR
STARTCHAR 038A
ENCODING 906
SWIDTH 583 0
DWIDTH 14 0
BBX 14 20 -2 0
BITMAP
6000
6000
EFFC
EFFC
01C0
01C0
01C0
01C0
01C0
01C0
01C0
01C0
01C0
01C0
01C0
01C0
01C0
01C0
0FFC
0FFC
ENDCHAR
STARTCHAR 038C
ENCODING 908
SWIDTH 583 0
DWIDTH 14 0
BBX 14 20 -1 0
BITMAP
E000
E000
C3E0
CFF8
0F78
1C3C
1C1C
1C1C
1C1C
1C1C
1C1C
1C1C
1C1C
1C1C
1C1C
1C1C
1C3C
0F78
0FF8
03E0
ENDCHAR
STARTCHAR 038E
ENCODING 910
SWIDTH 583 0
DWIDTH 14 0
BBX 16 20 -3 0
BITMAP
6000
6000
6F9F
EF9F
038E
038E
039C
01DC
01F8
00F8
00F8
0070
0070
0070
0070
0070
0070
0070
01FC
01FC
ENDCHAR
STARTCHAR 038F
ENCODING 911
SWIDTH 583 0
DWIDTH 14 0
BBX 13 20 -1 0
BITMAP
E000
C000
C3C0
CFF0
0FF0
1C38
1C38
1C38
1C38
1C38
1C38
1C38
1C38
1C38
1C38
1C38
0E70
0660
1E78
1E78
ENDCHAR
STARTCHAR 0390
ENCODING 912
SWIDTH 583 0
DWIDTH 14 0
BBX 10 19 2 0
BITMAP
0C00
1C00
FDC0
FDC0
0000
0000
FC00
FC00
1C00
1C00
1C00
1C00
1C00
1C00
1C00
1C00
1E00
0FC0
07C0
ENDCHAR
STARTCHAR 0391
ENCODING 913
SWIDTH 583 0
DWIDTH 14 0
BBX 12 18 1 0
BITMAP
0F00
0F00
0F00
0F00
0F00
1F80
1F80
1980
1980
39C0
3FC0
3FC0
38C0
70C0
70E0
70E0
F9F0
F9F0
ENDCHAR
STARTCHAR 0392
ENCODING 914
SWIDTH 583 0
DWIDTH 14 0
BBX 12 18 1 0
BITMAP
FF00
FFC0
73C0
70E0
70E0
70E0
70E0
73C0
7F80
7FC0
70E0
7070
7070
7070
70F0
73E0
FFC0
FF80
ENDCHAR
STARTCHAR 0393
ENCODING 915
SWIDTH 583 0
DWIDTH 14 0
BBX 11 18 2 0
BITMAP
FFE0
FFE0
70E0
70E0
7000
7000
7000
7000
7000
7000
7000
7000
7000
7000
7000
7000
FC00
FC00
ENDCHAR
STARTCHAR 0394
ENCODING 916
SWIDTH 583 0
DWIDTH 14 0
BBX 11 18 2 0
BITMAP
1E00
1E00
1E00
1F00
1F00
3F00
3B00
3B80
3380
7380
7380
7180
71C0
61C0
E1C0
E1C0
FFE0
FFE0
ENDCHAR
STARTCHAR 0395
ENCODING 917
SWIDTH 583 0
DWIDTH 14 0
BBX 11 18 1 0
BITMAP
FFE0
FFE0
70E0
70E0
7000
7000
7000
7000
7F00
7F00
7000
7000
7000
7000
70E0
70E0
FFE0
FFE0
ENDCHAR
STARTCHAR 0396
ENCODING 918
SWIDTH 583 0
DWIDTH 14 0
BBX 11 18 2 0
BITMAP
FFE0
FFE0
E1E0
E1C0
03C0
0780
0780
0F00
0F00
1E00
1E00
3C00
3800
7800
70E0
F0E0
FFE0
FFE0
ENDCHAR
STARTCHAR 0397
ENCODING 919
SWIDTH 583 0
DWIDTH 14 0
BBX 12 18 1 0
BITMAP
F9F0
F9F0
70E0
70E0
70E0
70E0
70E0
70E0
7FE0
7FE0
70E0
70E0
70E0
70E0
70E0
70E0
F9F0
F9F0
ENDCHAR
STARTCHAR 0398
ENCODING 920
SWIDTH 583 0
DWIDTH 14 0
BBX 11 18 2 0
BITMAP
1F00
7FC0
7BC0
E1E0
E0E0
E0E0
E0E0
EAE0
EEE0
EEE0
EAE0
E0E0
E0E0
E0E0
E1E0
7BC0
7FC0
1F00
ENDCHAR
STARTCHAR 0399
ENCODING 921
SWIDTH 583 0
DWIDTH 14 0
BBX 10 18 2 0
BITMAP
FFC0
FFC0
1C00
1C00
1C00
1C00
1C00
1C00
1C00
1C00
1C00
1C00
1C00
1C00
1C00
1C00
FFC0
FFC0
ENDCHAR
STARTCHAR 039A
ENCODING 922
SWIDTH 583 0
DWIDTH 14 0
BBX 12 18 1 0
BITMAP
F8F0
F9F0
71C0
7380
7380
7700
7600
7E00
7E00
7E00
7F00
7700
7380
7380
71C0
71C0
F8F0
F8F0
ENDCHAR
STARTCHAR 039B
ENCODING 923
SWIDTH 583 0
DWIDTH 14 0
BBX 12 18 1 0
BITMAP
0F00
0F00
0F00
0F00
0F00
1F80
1F80
1980
1980
39C0
39C0
39C0
30C0
70C0
70E0
70E0
F9F0
F9F0
ENDCHAR
STARTCHAR 039C
ENCODING 924
SWIDTH 583 0
DWIDTH 14 0
BBX 13 18 1 0
BITMAP
F078
F078
7878
78F8
78F8
78F8
7DF8
7DB8
75B8
77B8
7738
7738
7738
7038
7038
7038
F078
F078
ENDCHAR
STARTCHAR 039D
ENCODING 925
SWIDTH 583 0
DWIDTH 14 0
BBX 12 18 1 0
BITMAP
F1F0
F9F0
78E0
78E0
7CE0
7CE0
7CE0
76E0
76E0
76E0
73E0
73E0
73E0
71E0
71E0
71E0
F9E0
F8E0
ENDCHAR
STARTCHAR 039E
ENCODING 926
SWIDTH 583 0
DWIDTH 14 0
BBX 11 18 2 0
BITMAP
FFE0
FFE0
E0E0
E0E0
0000
0000
0000
3180
3F80
3F80
3180
0000
0000
0000
E0E0
E0E0
FFE0
FFE0
ENDCHAR
STARTCHAR 039F
ENCODING 927
SWIDTH 583 0
DWIDTH 14 0
BBX 11 18 2 0
BITMAP
1F00
7FC0
7BC0
E1E0
E0E0
E0E0
E0E0
E0E0
E0E0
E0E0
E0E0
E0E0
E0E0
E0E0
E1E0
7BC0
7FC0
1F00
ENDCHAR
STARTCHAR 03A0
ENCODING 928
SWIDTH 583 0
DWIDTH 14 0
BBX 12 18 1 0
BITMAP
FFF0
FFF0
70E0
70E0
70E0
70E0
70E0
70E0
70E0
70E0
70E0
70E0
70E0
70E0
70E0
70E0
F9F0
F9F0
ENDCHAR
STARTCHAR 03A1
ENCODING 929
SWIDTH 583 0
DWIDTH 14 0
BBX 11 18 2 0
BITMAP
FF00
FFC0
73C0
70E0
70E0
70E0
70E0
70E0
73C0
7FC0
7F80
7000
7000
7000
7000
7000
FC00
FC00
ENDCHAR
STARTCHAR 03A3
ENCODING 931
SWIDTH 583 0
DWIDTH 14 0
BBX 11 18 2 0
BITMAP
FFE0
FFE0
E0E0
60E0
7000
3800
3800
1C00
0C00
0C00
1C00
3800
3800
7000
60E0
E0E0
FFE0
FFE0
ENDCHAR
STARTCHAR 03A4
ENCODING 932
SWIDTH 583 0
DWIDTH 14 0
BBX 11 18 2 0
BITMAP
FFE0
FFE0
EEE0
EEE0
0E00
0E00
0E00
0E00
0E00
0E00
0E00
0E00
0E00
0E00
0E00
0E00
3F80
3F80
ENDCHAR
STARTCHAR 03A5
ENCODING 933
SWIDTH 583 0
DWIDTH 14 0
BBX 12 18 1 0
BITMAP
F9F0
F9F0
38E0
38E0
39C0
1DC0
1F80
0F80
0F80
0700
0700
0700
0700
0700
0700
0700
1FC0
1FC0
ENDCHAR
STARTCHAR 03A6
ENCODING 934
SWIDTH 583 0
DWIDTH 14 0
BBX 12 18 1 0
BITMAP
1FC0
1FC0
0700
0700
1F80
7FE0
7760
E730
E730
E730
E730
7760
7FE0
1FC0
0700
0700
1FC0
1FC0
ENDCHAR
STARTCHAR 03A7
ENCODING 935
SWIDTH 583 0
DWIDTH 14 0
BBX 12 18 1 0
BITMAP
F9F0
F9F0
39C0
39C0
1F80
1F80
0F00
0F00
0600
0600
0F00
0F00
1F80
1F80
39C0
39C0
F9F0
F9F0
ENDCHAR
STARTCHAR 03A8
ENCODING 936
SWIDTH 583 0
DWIDTH 14 0
BBX 14 18 1 0
BITMAP
F73C
F73C
7738
7738
7738
7738
7738
7738
7738
7770
3FF0
1FE0
0F80
0700
0700
0700
1FC0
1FC0
ENDCHAR
STARTCHAR 03A9
ENCODING 937
SWIDTH 583 0
DWIDTH 14 0
BBX 10 18 2 0
BITMAP
1E00
7F80
7F80
E1C0
E1C0
E1C0
E1C0
E1C0
E1C0
E1C0
E1C0
E1C0
E1C0
E1C0
7380
3300
F3C0
F3C0
ENDCHAR
STARTCHAR 03AA
ENCODING 938
SWIDTH 583 0
DWIDTH 14 0
BBX 10 24 2 0
BITMAP
6180
F3C0
F3C0
6180
0000
0000
FFC0
FFC0
1C00
1C00
1C00
1C00
1C00
1C00
1C00
1C00
1C00
1C00
1C00
1C00
1C00
1C00
FFC0
FFC0
ENDCHAR
STARTCHAR 03AB
ENCODING 939
SWIDTH 583 0
DWIDTH 14 0
BBX 13 24 1 0
BITMAP
3060
38E0
38E0
3060
0000
0000
F8F8
F8F8
38E0
38E0
19C0
1DC0
1DC0
0F80
0F80
0700
0700
0700
0700
0700
0700
0700
1FC0
1FC0
ENDCHAR
STARTCHAR 03AC
ENCODING 940
SWIDTH 583 0
DWIDTH 14 0
BBX 11 19 2 0
BITMAP
0600
0E00
0E00
0E00
0000
0000
3CE0
7EE0
7FC0
E3C0
E1C0
E1C0
E1C0
E1C0
E1C0
E3C0
7FC0
7EE0
3CE0
ENDCHAR
STARTCHAR 03AD
ENCODING 941
SWIDTH 583 0
DWIDTH 14 0
BBX 11 19 2 0
BITMAP
0E00
0E00
0E00
0C00
0000
0000
3F00
7FC0
FBC0
E0E0
E000
7E00
7E00
F800
E000
E0E0
FBE0
7FC0
3F80
ENDCHAR
STARTCHAR 03AE
ENCODING 942
SWIDTH 583 0
DWIDTH 14 0
BBX 11 24 1 -5
BITMAP
0700
0600
0600
0600
0000
0000
F780
FFC0
7FE0
70E0
70E0
70E0
70E0
70E0
70E0
70E0
70E0
70E0
70E0
00E0
00E0
00E0
00E0
00E0
ENDCHAR
STARTCHAR 03AF
ENCODING 943
SWIDTH 583 0
DWIDTH 14 0
BBX 11 19 2 0
BITMAP
0E00
0E00
0E00
0C00
0000
0000
FE00
FE00
0E00
0E00
0E00
0E00
0E00
0E00
0E00
0E00
0F00
07E0
03E0
ENDCHAR
STARTCHAR 03B0
ENCODING 944
SWIDTH 583 0
DWIDTH 14 0
BBX 11 19 1 0
BITMAP
0700
0600
76E0
76E0
0000
0000
F1E0
F0E0
70E0
70E0
70E0
70E0
70E0
70E0
70E0
71C0
3FC0
3F80
0F00
ENDCHAR
STARTCHAR 03B1
ENCODING 945
SWIDTH 583 0
DWIDTH 14 0
BBX 11 13 2 0
BITMAP
3CE0
7EE0
7FC0
E3C0
E1C0
E1C0
E1C0
E1C0
E1C0
E3C0
7FC0
7EE0
3CE0
ENDCHAR
STARTCHAR 03B2
ENCODING 946
SWIDTH 583 0
DWIDTH 14 0
BBX 11 23 2 -5
BITMAP
3E00
7F80
FF80
E1C0
E1C0
E1C0
E3C0
EF80
EF80
E7C0
E1E0
E0E0
E0E0
E0E0
E1E0
FFC0
FFC0
E780
E000
E000
E000
E000
E000
ENDCHAR
STARTCHAR 03B3
ENCODING 947
SWIDTH 583 0
DWIDTH 14 0
BBX 12 18 0 -5
BITMAP
F070
F870
3870
3C70
1C60
1CE0
0EE0
0FC0
0FC0
0780
0780
0780
0700
0700
0700
0700
0700
0700
ENDCHAR
STARTCHAR 03B4
ENCODING 948
SWIDTH 583 0
DWIDTH 14 0
BBX 11 18 2 0
BITMAP
3F00
7FC0
7F80
E000
E000
E000
7C00
7F80
7FC0
E1E0
E0E0
E0E0
E0E0
E0E0
E0E0
7BC0
7FC0
1F00
ENDCHAR
STARTCHAR 03B5
ENCODING 949
SWIDTH 583 0
DWIDTH 14 0
BBX 11 13 2 0
BITMAP
3F00
7FC0
FBC0
E0E0
E000
7E00
7E00
F800
E000
E0E0
FBE0
7FC0
3F80
ENDCHAR
STARTCHAR 03B6
ENCODING 950
SWIDTH 583 0
DWIDTH 14 0
BBX 10 23 2 -5
BITMAP
FFC0
FFC0
03C0
0780
0E00
1C00
3C00
3800
7000
7000
E000
E000
E000
E000
E000
F800
7F80
1FC0
01C0
01C0
03C0
0780
0700
ENDCHAR
STARTCHAR 03B7
ENCODING 951
SWIDTH 583 0
DWIDTH 14 0
BBX 11 18 1 -5
BITMAP
F780
FFC0
7FE0
70E0
70E0
70E0
70E0
70E0
70E0
70E0
70E0
70E0
70E0
00E0
00E0
00E0
00E0
00E0
ENDCHAR
STARTCHAR 03B8
ENCODING 952
SWIDTH 583 0
DWIDTH 14 0
BBX 11 18 2 0
BITMAP
1E00
3F80
7F80
71C0
E1C0
E1C0
E0C0
E0E0
FFE0
FFE0
E0C0
E0C0
E1C0
E1C0
71C0
7F80
3F80
1E00
ENDCHAR
STARTCHAR 03B9
ENCODING 953
SWIDTH 583 0
DWIDTH 14 0
BBX 11 13 2 0
BITMAP
FE00
FE00
0E00
0E00
0E00
0E00
0E00
0E00
0E00
0E00
0F00
07E0
03E0
ENDCHAR
STARTCHAR 03BA
ENCODING 954
SWIDTH 583 0
DWIDTH 14 0
BBX 12 13 2 0
BITMAP
F0F0
F1F0
73C0
7380
7700
7E00
7E00
7F00
7F80
7380
71C0
71F0
70F0
ENDCHAR
STARTCHAR 03BB
ENCODING 955
SWIDTH 583 0
DWIDTH 14 0
BBX 10 18 2 0
BITMAP
F000
F800
7C00
1C00
1C00
0E00
1E00
1E00
1F00
3F00
3B00
3380
7380
7380
7180
E1C0
E1C0
E0C0
ENDCHAR
STARTCHAR 03BC
ENCODING 956
SWIDTH 583 0
DWIDTH 14 0
BBX 13 18 1 -5
BITMAP
F1E0
F1E0
70E0
70E0
70E0
70E0
70E0
70E0
70E0
70E0
7FF0
7F78
7E38
7000
7000
7000
7000
7000
ENDCHAR
STARTCHAR 03BD
ENCODING 957
SWIDTH 583 0
DWIDTH 14 0
BBX 12 13 0 0
BITMAP
F070
F070
3870
3870
1CE0
1CE0
1CE0
0FC0
0FC0
0F80
0F80
0700
0700
ENDCHAR
STARTCHAR 03BE
ENCODING 958
SWIDTH 583 0
DWIDTH 14 0
BBX 10 23 2 -5
BITMAP
FFC0
FFC0
3E00
7000
7000
7000
3800
1F00
1F00
3F00
7000
E000
E000
E000
E000
F800
7F80
3FC0
01C0
01C0
03C0
0780
0700
ENDCHAR
STARTCHAR 03BF
ENCODING 959
SWIDTH 583 0
DWIDTH 14 0
BBX 11 13 2 0
BITMAP
1F00
7FC0
7BC0
E0E0
E0E0
E0E0
E0E0
E0E0
E0E0
E0E0
7BC0
7FC0
1F00
ENDCHAR
STARTCHAR 03C0
ENCODING 960
SWIDTH 583 0
DWIDTH 14 0
BBX 11 13 2 0
BITMAP
FFE0
FFE0
71C0
71C0
71C0
71C0
71C0
71C0
71C0
71C0
71C0
71E0
70E0
ENDCHAR
STARTCHAR 03C1
ENCODING 961
SWIDTH 583 0
DWIDTH 14 0
BBX 10 18 2 -5
BITMAP
1E00
7F80
7F80
E1C0
E1C0
E1C0
E1C0
E1C0
E1C0
E1C0
FFC0
FF80
EF00
E000
E000
E000
E000
E000
ENDCHAR
STARTCHAR 03C2
ENCODING 962
SWIDTH 583 0
DWIDTH 14 0
BBX 11 18 2 -5
BITMAP
1F00
7F80
7FC0
E1C0
E1E0
E000
E000
E000
E000
E000
F800
7F00
3F80
01C0
01C0
03C0
0380
0300
ENDCHAR
STARTCHAR 03C3
ENCODING 963
SWIDTH 583 0
DWIDTH 14 0
BBX 12 13 2 0
BITMAP
1FF0
7FF0
7F80
E1C0
E1C0
E1C0
E1C0
E1C0
E1C0
E1C0
7F80
7F80
1E00
ENDCHAR
STARTCHAR 03C4
ENCODING 964
SWIDTH 583 0
DWIDTH 14 0
BBX 10 13 2 0
BITMAP
FFC0
FFC0
1C00
1C00
1C00
1C00
1C00
1C00
1C00
1C00
1E00
0F80
0780
ENDCHAR
STARTCHAR 03C5
ENCODING 965
SWIDTH 583 0
DWIDTH 14 0
BBX 11 13 1 0
BITMAP
F1C0
F0C0
70E0
70E0
70E0
70E0
70E0
70E0
70E0
71C0
3FC0
3F80
0F00
ENDCHAR
STARTCHAR 03C6
ENCODING 966
SWIDTH 583 0
DWIDTH 14 0
BBX 13 18 1 -5
BITMAP
61E0
73F0
67F0
E738
E738
E738
E738
E738
E738
7770
7FF0
3FE0
0F80
0700
0700
0700
0700
0700
ENDCHAR
STARTCHAR 03C7
ENCODING 967
SWIDTH 583 0
DWIDTH 14 0
BBX 13 18 1 -5
BITMAP
F0F0
F0E0
38E0
39C0
1DC0
1F80
0F80
0F00
0700
0700
0F00
0F80
1F80
1DC0
39C0
38E0
70F8
7078
ENDCHAR
STARTCHAR 03C8
ENCODING 968
SWIDTH 583 0
DWIDTH 14 0
BBX 13 23 1 -5
BITMAP
0700
0700
0700
0700
0700
F738
F738
7738
7738
7738
7738
7738
7738
7738
7778
3FF0
3FE0
0FC0
0700
0700
0700
0700
0700
ENDCHAR
STARTCHAR 03C9
ENCODING 969
SWIDTH 583 0
DWIDTH 14 0
BBX 13 13 1 0
BITMAP
7070
7070
6070
E038
E738
E738
E738
E738
E738
E738
7FF0
7DF0
38E0
ENDCHAR
STARTCHAR 03CA
ENCODING 970
SWIDTH 583 0
DWIDTH 14 0
BBX 11 18 2 0
BITMAP
3180
7BC0
7BC0
3180
0000
FE00
FE00
0E00
0E00
0E00
0E00
0E00
0E00
0E00
0E00
0F00
07E0
03E0
ENDCHAR
STARTCHAR 03CB
ENCODING 971
SWIDTH 583 0
DWIDTH 14 0
BBX 11 18 1 0
BITMAP
30C0
79E0
79E0
30C0
0000
F1E0
F0E0
70E0
70E0
70E0
70E0
70E0
70E0
70E0
71C0
3FC0
3F80
0F00
ENDCHAR
STARTCHAR 03CC
ENCODING 972
SWIDTH 583 0
DWIDTH 14 0
BBX 11 19 2 0
BITMAP
0E00
0E00
0E00
0C00
0000
0000
1F00
7FC0
7BC0
E0E0
E0E0
E0E0
E0E0
E0E0
E0E0
E0E0
7BC0
7FC0
1F00
ENDCHAR
STARTCHAR 03CD
ENCODING 973
SWIDTH 583 0
DWIDTH 14 0
BBX 11 19 1 0
BITMAP
0600
0600
0600
0600
0000
0000
F1C0
F0C0
70E0
70E0
70E0
70E0
70E0
70E0
70E0
71C0
3FC0
3F80
0F00
ENDCHAR
STARTCHAR 03CE
ENCODING 974
SWIDTH 583 0
DWIDTH 14 0
BBX 13 19 1 0
BITMAP
0700
0700
0700
0700
0000
0000
7070
7070
6070
E038
E738
E738
E738
E738
E738
E738
7FF0
7DF0
38E0
ENDCHAR
STARTCHAR 03CF
ENCODING 975
SWIDTH 583 0
DWIDTH 14 0
BBX 12 25 1 -7
BITMAP
F8F0
F9F0
71C0
7380
7380
7700
7600
7E00
7E00
7E00
7F00
7700
7380
7380
71C0
71C0
F8E0
F8E0
01E0
03C0
0F80
0F00
0700
0300
0200
ENDCHAR
STARTCHAR 03D0
ENCODING 976
SWIDTH 583 0
DWIDTH 14 0
BBX 11 18 2 0
BITMAP
3E00
7F80
FF80
E1C0
E1C0
E1C0
E3C0
EF80
EF80
E7C0
E1E0
E0E0
E0E0
E0E0
E1E0
FBC0
7F80
1F00
ENDCHAR
STARTCHAR 03D1
ENCODING 977
SWIDTH 583 0
DWIDTH 14 0
BBX 12 18 2 0
BITMAP
0F80
1FC0
3DE0
38E0
38E0
38E0
1CE0
1EE0
0FF0
03F0
E0E0
E0E0
E0E0
E0E0
E0E0
7BC0
7FC0
1F00
ENDCHAR
STARTCHAR 03D2
ENCODING 978
SWIDTH 583 0
DWIDTH 14 0
BBX 12 18 1 0
BITMAP
E070
F0F0
F8F0
38C0
19C0
1DC0
1D80
0D80
0F80
0F00
0700
0700
0700
0700
0700
0700
1FC0
1FC0
ENDCHAR
STARTCHAR 03D3
ENCODING 979
SWIDTH 583 0
DWIDTH 14 0
BBX 16 20 -3 0
BITMAP
7000
7000
EE07
CF0F
4F8F
038C
019C
01DC
01D8
00D8
00F8
00F0
0070
0070
0070
0070
0070
0070
01FC
01FC
ENDCHAR
STARTCHAR 03D4
ENCODING 980
SWIDTH 583 0
DWIDTH 14 0
BBX 12 24 1 0
BITMAP
30C0
79E0
79E0
30C0
0000
0000
E070
F0F0
F0F0
39C0
19C0
19C0
1980
0F80
0F80
0F00
0700
0700
0700
0700
0700
0700
1FC0
1FC0
ENDCHAR
STARTCHAR 03D5
ENCODING 981
SWIDTH 583 0
DWIDTH 14 0
BBX 12 23 1 -5
BITMAP
0700
0700
0700
0700
0700
1F80
3FE0
77E0
E770
E770
E770
E770
E770
E770
E770
77E0
3FE0
1F80
0700
0700
0700
0700
0700
ENDCHAR
STARTCHAR 03D6
ENCODING 982
SWIDTH 583 0
DWIDTH 14 0
BBX 13 13 1 0
BITMAP
FFF8
FFF8
6078
E038
E738
E738
E738
E738
E738
E738
7FF0
7DF0
38E0
ENDCHAR
STARTCHAR 03D7
ENCODING 983
SWIDTH 583 0
DWIDTH 14 0
BBX 13 18 1 -5
BITMAP
E030
F078
78F0
38F0
39E0
3BE0
3FE0
3EE0
3CE0
78F0
7078
6038
0038
0038
0038
00F0
01F0
01C0
ENDCHAR
STARTCHAR 03D8
ENCODING 984
SWIDTH 583 0
DWIDTH 14 0
BBX 11 18 2 0
BITMAP
1F00
7FC0
7BC0
E1E0
E0E0
E0E0
E0E0
E0E0
E0E0
E0E0
71C0
7FC0
3F80
0E00
0E00
0E00
3F80
3F80
ENDCHAR
STARTCHAR 03D9
ENCODING 985
SWIDTH 583 0
DWIDTH 14 0
BBX 11 18 2 -5
BITMAP
1F00
7FC0
7BC0
E0E0
E0E0
E0E0
E0E0
E0E0
E0E0
F1E0
7FC0
3F80
0E00
0E00
0E00
0E00
0E00
0E00
ENDCHAR
STARTCHAR 03DA
ENCODING 986
SWIDTH 583 0
DWIDTH 14 0
BBX 11 18 2 0
BITMAP
1F00
7F80
7FC0
E1C0
E0E0
E000
E000
E000
E000
E000
7000
7E00
3E00
0E00
0E00
0E00
3F80
3F80
ENDCHAR
STARTCHAR 03DB
ENCODING 987
SWIDTH 583 0
DWIDTH 14 0
BBX 10 19 2 -5
BITMAP
00C0
1FC0
7FC0
7800
E000
E000
E000
E000
E000
E000
E000
F800
7F80
3FC0
01C0
01C0
03C0
0380
0300
ENDCHAR
STARTCHAR 03DC
ENCODING 988
SWIDTH 583 0
DWIDTH 14 0
BBX 11 18 2 0
BITMAP
FFE0
FFE0
70E0
70E0
7000
7000
7000
7000
7F00
7F00
7300
7000
7000
7000
7000
7000
FC00
FC00
ENDCHAR
STARTCHAR 03DD
ENCODING 989
SWIDTH 583 0
DWIDTH 14 0
BBX 10 18 3 -5
BITMAP
FFC0
FFC0
E000
E000
E000
FE00
FE00
E600
E000
E000
E000
E000
E000
E000
E000
E000
E000
E000
ENDCHAR
STARTCHAR 03DE
ENCODING 990
SWIDTH 583 0
DWIDTH 14 0
BBX 12 18 1 0
BITMAP
7C00
7C00
3800
3800
7800
7000
7000
7000
7FF0
FFE0
00E0
00E0
00E0
01E0
01C0
01C0
03E0
03E0
ENDCHAR
STARTCHAR 03DF
ENCODING 991
SWIDTH 583 0
DWIDTH 14 0
BBX 10 18 2 0
BITMAP
E000
E000
E000
E000
E000
E000
E0C0
E3C0
FFC0
FFC0
F1C0
C1C0
01C0
01C0
01C0
01C0
01C0
01C0
ENDCHAR
STARTCHAR 03E0
ENCODING 992
SWIDTH 583 0
DWIDTH 14 0
BBX 12 18 2 0
BITMAP
0E00
0E00
0E00
0F00
0F00
1B00
1B00
1B80
1B80
3B80
3380
3380
37C0
77C0
66C0
66C0
6EF0
ECF0
ENDCHAR
STARTCHAR 03E1
ENCODING 993
SWIDTH 583 0
DWIDTH 14 0
BBX 11 18 2 -5
BITMAP
C000
F000
FC00
3E00
0F00
1F00
7F80
7BC0
61C0
01C0
01E0
07E0
1FE0
0EE0
08E0
00E0
00E0
00C0
ENDCHAR
STARTCHAR 03F0
ENCODING 1008
SWIDTH 583 0
DWIDTH 14 0
BBX 13 13 1 0
BITMAP
E030
F078
70F0
38F0
39E0
3BE0
3FE0
3EE0
3CE0
78E0
7070
E078
6038
ENDCHAR
STARTCHAR 03F1
ENCODING 1009
SWIDTH 583 0
DWIDTH 14 0
BBX 10 18 2 -5
BITMAP
3E00
7F80
7F80
E1C0
E1C0
E1C0
E1C0
E1C0
E1C0
E1C0
FFC0
FF80
EF00
E000
E000
7800
7FC0
3FC0
ENDCHAR
STARTCHAR 03F2
ENCODING 1010
SWIDTH 583 0
DWIDTH 14 0
BBX 11 13 2 0
BITMAP
1F00
7F80
7FC0
E1C0
E0E0
E000
E000
E000
E0C0
E1C0
7FC0
7F80
1F00
ENDCHAR
STARTCHAR 03F3
ENCODING 1011
SWIDTH 583 0
DWIDTH 14 0
BBX 10 23 1 -5
BITMAP
0180
03C0
03C0
0180
0000
1FC0
1FC0
01C0
01C0
01C0
01C0
01C0
01C0
01C0
01C0
01C0
01C0
01C0
01C0
C1C0
F780
FF80
3E00
ENDCHAR
STARTCHAR 03F4
ENCODING 1012
SWIDTH 583 0
DWIDTH 14 0
BBX 11 18 2 0
BITMAP
1F00
7FC0
7BC0
E0E0
E0E0
E0E0
E0E0
E0E0
FFE0
FFE0
E0E0
E0E0
E0E0
E0E0
E1E0
7BC0
7FC0
1F00
ENDCHAR
STARTCHAR 03F5
ENCODING 1013
SWIDTH 583 0
DWIDTH 14 0
BBX 11 13 2 0
BITMAP
0FE0
3FE0
7E00
7000
E000
E000
FF00
FF00
E000
7000
7C00
3FE0
0FE0
ENDCHAR
STARTCHAR 03F6
ENCODING 1014
SWIDTH 583 0
DWIDTH 14 0
BBX 10 13 2 0
BITMAP
FE00
FF00
0F80
03C0
01C0
01C0
3FC0
3FC0
01C0
0380
0F80
FF00
FE00
ENDCHAR
STARTCHAR 03F7
ENCODING 1015
SWIDTH 583 0
DWIDTH 14 0
BBX 11 18 2 0
BITMAP
FC00
FC00
7000
7000
7F80
7FC0
71E0
70E0
70E0
70E0
70E0
73E0
7FC0
7F80
7000
7000
FC00
FC00
ENDCHAR
STARTCHAR 03F8
ENCODING 1016
SWIDTH 583 0
DWIDTH 14 0
BBX 10 23 2 -5
BITMAP
E000
E000
E000
E000
E000
EF00
FF80
F7C0
E1C0
E1C0
E1C0
E1C0
E1C0
E1C0
E1C0
FFC0
FF80
EF00
E000
E000
E000
E000
E000
ENDCHAR
STARTCHAR 03F9
ENCODING 1017
SWIDTH 583 0
DWIDTH 14 0
BBX 11 18 2 0
BITMAP
1F80
7FE0
7FE0
E0E0
E0E0
E000
E000
E000
E000
E000
E000
E000
E000
E0E0
E1E0
7FC0
7FC0
1F00
ENDCHAR
STARTCHAR 03FA
ENCODING 1018
SWIDTH 583 0
DWIDTH 14 0
BBX 13 18 1 0
BITMAP
F078
F878
78F8
78F8
7DB8
75B8
7738
7738
7038
7038
7038
7038
7038
7038
7038
7038
F078
F078
ENDCHAR
STARTCHAR 03FB
ENCODING 1019
SWIDTH 583 0
DWIDTH 14 0
BBX 12 18 1 -5
BITMAP
F0F0
F1F0
F9F0
EF70
EF70
E670
E070
E070
E070
E070
E070
E070
E070
E000
E000
E000
E000
E000
ENDCHAR
STARTCHAR 03FC
ENCODING 1020
SWIDTH 583 0
DWIDTH 14 0
BBX 12 18 1 -5
BITMAP
0F80
3FE0
3FE0
7070
7070
7070
7070
7070
7070
7070
7DE0
77E0
73C0
7000
FE00
FE00
7000
7000
ENDCHAR
STARTCHAR 03FD
ENCODING 1021
SWIDTH 583 0
DWIDTH 14 0
BBX 11 18 2 0
BITMAP
3F00
FF80
FBC0
E1E0
E0E0
00E0
00E0
00E0
00E0
00E0
00E0
00E0
00E0
E0E0
F0E0
FBC0
7FC0
1F00
ENDCHAR
STARTCHAR 03FE
ENCODING 1022
SWIDTH 583 0
DWIDTH 14 0
BBX 11 18 2 0
BITMAP
1F80
7FE0
7FE0
E0E0
E0E0
E000
E000
EE00
EE00
EE00
EE00
E000
E000
E0E0
E1E0
7FC0
7FC0
1F00
ENDCHAR
STARTCHAR 03FF
ENCODING 1023
SWIDTH 583 0
DWIDTH 14 0
BBX 11 18 2 0
BITMAP
3F00
FF80
FBC0
E1E0
E0E0
00E0
00E0
0EE0
0EE0
0EE0
0EE0
00E0
00E0
E0E0
E0E0
FBC0
7FC0
1F00
ENDCHAR
STARTCHAR 0400
ENCODING 1024
SWIDTH 583 0
DWIDTH 14 0
BBX 11 24 1 0
BITMAP
0800
1C00
0E00
0600
0000
0000
FFE0
FFE0
70E0
70E0
7000
7000
7000
7000
7F00
7F00
7000
7000
7000
7000
70E0
70E0
FFE0
FFE0
ENDCHAR
STARTCHAR 0401
ENCODING 1025
SWIDTH 583 0
DWIDTH 14 0
BBX 11 24 1 0
BITMAP
30C0
79E0
79E0
30C0
0000
0000
FFE0
FFE0
70E0
70E0
7000
7000
7000
7000
7F00
7F00
7000
7000
7000
7000
70E0
70E0
FFE0
FFE0
ENDCHAR
STARTCHAR 0402
ENCODING 1026
SWIDTH 583 0
DWIDTH 14 0
BBX 12 23 1 -5
BITMAP
FFC0
FFC0
CEC0
CEC0
0E00
0E00
0E00
0FE0
0FE0
0E70
0E70
0E70
0E70
0E70
0E70
0E70
1F70
1F70
0070
0070
01E0
01E0
01C0
ENDCHAR
STARTCHAR 0403
ENCODING 1027
SWIDTH 583 0
DWIDTH 14 0
BBX 11 24 2 0
BITMAP
0300
0700
0E00
0C00
0000
0000
FFE0
FFE0
70E0
70E0
7000
7000
7000
7000
7000
7000
7000
7000
7000
7000
7000
7000
FC00
FC00
ENDCHAR
STARTCHAR 0404
ENCODING 1028
SWIDTH 583 0
DWIDTH 14 0
BBX 11 18 2 0
BITMAP
3EE0
7FE0
FFE0
E0E0
E0E0
E000
E000
E000
FE00
FE00
E000
E000
E000
E0E0
E1E0
7FC0
7FC0
1F00
ENDCHAR
STARTCHAR 0405
ENCODING 1029
SWIDTH 583 0
DWIDTH 14 0
BBX 10 18 2 0
BITMAP
3DC0
7FC0
FFC0
E1C0
E1C0
E000
F000
7800
3E00
1F00
0780
03C0
01C0
E1C0
E1C0
FFC0
FF80
EF00
ENDCHAR
STARTCHAR 0406
ENCODING 1030
SWIDTH 583 0
DWIDTH 14 0
BBX 10 18 2 0
BITMAP
FFC0
FFC0
1C00
1C00
1C00
1C00
1C00
1C00
1C00
1C00
1C00
1C00
1C00
1C00
1C00
1C00
FFC0
FFC0
ENDCHAR
STARTCHAR 0407
ENCODING 1031
SWIDTH 583 0
DWIDTH 14 0
BBX 10 24 2 0
BITMAP
6180
F3C0
F3C0
6180
0000
0000
FFC0
FFC0
1C00
1C00
1C00
1C00
1C00
1C00
1C00
1C00
1C00
1C00
1C00
1C00
1C00
1C00
FFC0
FFC0
ENDCHAR
STARTCHAR 0408
ENCODING 1032
SWIDTH 583 0
DWIDTH 14 0
BBX 10 18 2 0
BITMAP
0FC0
0FC0
01C0
01C0
01C0
01C0
01C0
01C0
01C0
01C0
01C0
01C0
01C0
E1C0
E1C0
FF80
7F80
3E00
ENDCHAR
STARTCHAR 0409
ENCODING 1033
SWIDTH 583 0
DWIDTH 14 0
BBX 14 18 0 0
BITMAP
7FC0
7FC0
3B80
3B80
3B80
3B80
3B80
3BF0
3BF8
3BB8
3B9C
3B9C
3B9C
3B9C
7B9C
F3B8
F7F8
C7F0
ENDCHAR
STARTCHAR 040A
ENCODING 1034
SWIDTH 583 0
DWIDTH 14 0
BBX 13 18 0 0
BITMAP
F780
F780
7700
7700
7700
7700
7700
77E0
7FF0
7F78
7738
7738
7738
7738
7738
7770
F7F0
F7E0
ENDCHAR
STARTCHAR 040B
ENCODING 1035
SWIDTH 583 0
DWIDTH 14 0
BBX 13 18 1 0
BITMAP
FFC0
FFC0
CEC0
CEC0
0E00
0E00
0E00
0FE0
0FE0
0E70
0E70
0E70
0E70
0E70
0E70
0E70
1FF8
1FF8
ENDCHAR
STARTCHAR 040C
ENCODING 1036
SWIDTH 583 0
DWIDTH 14 0
BBX 12 24 1 0
BITMAP
0100
0380
0700
0E00
0400
0000
F8F0
F8F0
71C0
71C0
7380
7380
7700
7700
7E00
7F00
7700
7300
7380
7380
71C0
71C0
F8F0
F8F0
ENDCHAR
STARTCHAR 040D
ENCODING 1037
SWIDTH 583 0
DWIDTH 14 0
BBX 12 24 1 0
BITMAP
0800
1C00
0E00
0700
0200
0000
F9F0
F9F0
70E0
70E0
71E0
71E0
73E0
73E0
76E0
76E0
7CE0
7CE0
78E0
78E0
78E0
70E0
F9F0
F9F0
ENDCHAR
STARTCHAR 040E
ENCODING 1038
SWIDTH 583 0
DWIDTH 14 0
BBX 12 24 1 0
BITMAP
30C0
3FC0
3FC0
1F00
0000
0000
F9F0
F9F0
30E0
39C0
39C0
39C0
1980
1F80
1F80
0F00
0F00
0F00
0600
0E00
0E00
1C00
7C00
7800
ENDCHAR
STARTCHAR 040F
ENCODING 1039
SWIDTH 583 0
DWIDTH 14 0
BBX 12 22 1 -4
BITMAP
F9F0
F9F0
70E0
70E0
70E0
70E0
70E0
70E0
70E0
70E0
70E0
70E0
70E0
70E0
70E0
70E0
FFF0
FFF0
0700
0700
0700
0700
ENDCHAR
STARTCHAR 0410
ENCODING 1040
SWIDTH 583 0
DWIDTH 14 0
BBX 12 18 1 0
BITMAP
0F00
0F00
0F00
0F00
0F00
1F80
1F80
1980
1980
39C0
3FC0
3FC0
38C0
70C0
70E0
70E0
F9F0
F9F0
ENDCHAR
STARTCHAR 0411
ENCODING 1041
SWIDTH 583 0
DWIDTH 14 0
BBX 11 18 1 0
BITMAP
FFE0
FFE0
70E0
70E0
7000
7000
7000
7F80
7FC0
73C0
70E0
70E0
70E0
70E0
70E0
73C0
FFC0
FF80
ENDCHAR
STARTCHAR 0412
ENCODING 1042
SWIDTH 583 0
DWIDTH 14 0
BBX 12 18 1 0
BITMAP
FF00
FFC0
73C0
70E0
70E0
70E0
70E0
73C0
7F80
7FC0
70E0
7070
7070
7070
70F0
73E0
FFC0
FF80
ENDCHAR
STARTCHAR 0413
ENCODING 1043
SWIDTH 583 0
DWIDTH 14 0
BBX 11 18 2 0
BITMAP
FFE0
FFE0
70E0
70E0
7000
7000
7000
7000
7000
7000
7000
7000
7000
7000
7000
7000
FC00
FC00
ENDCHAR
STARTCHAR 0414
ENCODING 1044
SWIDTH 583 0
DWIDTH 14 0
BBX 13 22 1 -4
BITMAP
7FF0
7FF0
38E0
38E0
38E0
38E0
38E0
38E0
38E0
38E0
38E0
38E0
38E0
38E0
70E0
70E0
FFF8
FFF8
E038
E038
E038
E038
ENDCHAR
STARTCHAR 0415
ENCODING 1045
SWIDTH 583 0
DWIDTH 14 0
BBX 11 18 1 0
BITMAP
FFE0
FFE0
70E0
70E0
7000
7000
7000
7000
7F00
7F00
7000
7000
7000
7000
70E0
70E0
FFE0
FFE0
ENDCHAR
STARTCHAR 0416
ENCODING 1046
SWIDTH 583 0
DWIDTH 14 0
BBX 14 18 0 0
BITMAP
F39C
F39C
33B8
3BB8
3BB0
3BB0
1BB0
1BF0
1FF0
1FF0
1BB0
1BB0
3BB0
3BB0
33B8
33B8
F39C
F39C
ENDCHAR
STARTCHAR 0417
ENCODING 1047
SWIDTH 583 0
DWIDTH 14 0
BBX 11 18 2 0
BITMAP
EF80
FFC0
FBC0
E0E0
E0E0
00E0
01C0
0FC0
0F80
03C0
01E0
00E0
00E0
E0E0
E1E0
7BC0
7F80
1F00
ENDCHAR
STARTCHAR 0418
ENCODING 1048
SWIDTH 583 0
DWIDTH 14 0
BBX 12 18 1 0
BITMAP
F9F0
F9F0
70E0
70E0
71E0
71E0
73E0
73E0
76E0
76E0
7CE0
7CE0
78E0
78E0
78E0
70E0
F9F0
F9F0
ENDCHAR
STARTCHAR 0419
ENCODING 1049
SWIDTH 583 0
DWIDTH 14 0
BBX 12 24 1 0
BITMAP
30C0
3FC0
3FC0
0F80
0000
0000
F9F0
F9F0
70E0
70E0
71E0
71E0
73E0
73E0
76E0
76E0
7CE0
7CE0
78E0
78E0
78E0
70E0
F9F0
F9F0
ENDCHAR
STARTCHAR 041A
ENCODING 1050
SWIDTH 583 0
DWIDTH 14 0
BBX 12 18 1 0
BITMAP
F8F0
F8F0
71C0
71C0
7380
7380
7700
7700
7E00
7F00
7700
7300
7380
7380
71C0
71C0
F8F0
F8F0
ENDCHAR
STARTCHAR 041B
ENCODING 1051
SWIDTH 583 0
DWIDTH 14 0
BBX 14 18 0 0
BITMAP
3FFC
3FFC
1C38
1C38
1C38
1C38
1C38
1C38
1C38
1C38
1C38
1C38
1C38
1C38
3C38
7838
F87C
E07C
ENDCHAR
STARTCHAR 041C
ENCODING 1052
SWIDTH 583 0
DWIDTH 14 0
BBX 13 18 1 0
BITMAP
F078
F078
7878
78F8
78F8
78F8
7DF8
7DB8
75B8
77B8
7738
7738
7738
7038
7038
7038
F078
F078
ENDCHAR
STARTCHAR 041D
ENCODING 1053
SWIDTH 583 0
DWIDTH 14 0
BBX 12 18 1 0
BITMAP
F9F0
F9F0
70E0
70E0
70E0
70E0
70E0
70E0
7FE0
7FE0
70E0
70E0
70E0
70E0
70E0
70E0
F9F0
F9F0
ENDCHAR
STARTCHAR 041E
ENCODING 1054
SWIDTH 583 0
DWIDTH 14 0
BBX 11 18 2 0
BITMAP
1F00
7FC0
7BC0
E1E0
E0E0
E0E0
E0E0
E0E0
E0E0
E0E0
E0E0
E0E0
E0E0
E0E0
E1E0
7BC0
7FC0
1F00
ENDCHAR
STARTCHAR 041F
ENCODING 1055
SWIDTH 583 0
DWIDTH 14 0
BBX 12 18 1 0
BITMAP
FFF0
FFF0
70E0
70E0
70E0
70E0
70E0
70E0
70E0
70E0
70E0
70E0
70E0
70E0
70E0
70E0
F9F0
F9F0
ENDCHAR
STARTCHAR 0420
ENCODING 1056
SWIDTH 583 0
DWIDTH 14 0
BBX 11 18 2 0
BITMAP
FF00
FFC0
73C0
70E0
70E0
70E0
70E0
70E0
73C0
7FC0
7F80
7000
7000
7000
7000
7000
FC00
FC00
ENDCHAR
STARTCHAR 0421
ENCODING 1057
SWIDTH 583 0
DWIDTH 14 0
BBX 11 18 2 0
BITMAP
1F80
7FE0
7FE0
E0E0
E0E0
E000
E000
E000
E000
E000
E000
E000
E000
E0E0
E1E0
7FC0
7FC0
1F00
ENDCHAR
STARTCHAR 0422
ENCODING 1058
SWIDTH 583 0
DWIDTH 14 0
BBX 11 18 2 0
BITMAP
FFE0
FFE0
EEE0
EEE0
0E00
0E00
0E00
0E00
0E00
0E00
0E00
0E00
0E00
0E00
0E00
0E00
3F80
3F80
ENDCHAR
STARTCHAR 0423
ENCODING 1059
SWIDTH 583 0
DWIDTH 14 0
BBX 12 18 1 0
BITMAP
F9F0
F9F0
30E0
39C0
39C0
39C0
1980
1F80
1F80
0F00
0F00
0F00
0600
0E00
0E00
3C00
7C00
7800
ENDCHAR
STARTCHAR 0424
ENCODING 1060
SWIDTH 583 0
DWIDTH 14 0
BBX 12 18 1 0
BITMAP
1FC0
1FC0
0700
0700
3FC0
7FE0
F770
E730
E730
E730
E730
F770
7FE0
3FC0
0700
0700
1FC0
1FC0
ENDCHAR
STARTCHAR 0425
ENCODING 1061
SWIDTH 583 0
DWIDTH 14 0
BBX 12 18 1 0
BITMAP
F9F0
F9F0
39C0
39C0
1F80
1F80
0F00
0F00
0600
0600
0F00
0F00
1F80
1F80
39C0
39C0
F9F0
F9F0
ENDCHAR
STARTCHAR 0426
ENCODING 1062
SWIDTH 583 0
DWIDTH 14 0
BBX 12 22 1 -4
BITMAP
F9F0
F9F0
70E0
70E0
70E0
70E0
70E0
70E0
70E0
70E0
70E0
70E0
70E0
70E0
70E0
70E0
FFF0
FFF0
0070
0070
0070
0070
ENDCHAR
STARTCHAR 0427
ENCODING 1063
SWIDTH 583 0
DWIDTH 14 0
BBX 13 18 1 0
BITMAP
F8F8
F8F8
70E0
70E0
70E0
70E0
70E0
70E0
78E0
3FE0
1FE0
00E0
00E0
00E0
00E0
00E0
01F8
01F8
ENDCHAR
STARTCHAR 0428
ENCODING 1064
SWIDTH 583 0
DWIDTH 14 0
BBX 14 18 1 0
BITMAP
F73C
F73C
7738
7738
7738
7738
7738
7738
7738
7738
7738
7738
7738
7738
7738
7738
FFFC
FFFC
ENDCHAR
STARTCHAR 0429
ENCODING 1065
SWIDTH 583 0
DWIDTH 14 0
BBX 14 22 0 -4
BITMAP
F73C
F73C
7738
7738
7738
7738
7738
7738
7738
7738
7738
7738
7738
7738
7738
7738
FFFC
FFFC
001C
001C
001C
001C
ENDCHAR
STARTCHAR 042A
ENCODING 1066
SWIDTH 583 0
DWIDTH 14 0
BBX 12 18 1 0
BITMAP
FF00
FF00
CE00
CE00
0E00
0E00
0E00
0FC0
0FE0
0EF0
0E70
0E70
0E70
0E70
0E70
0EF0
1FE0
1FC0
ENDCHAR
STARTCHAR 042B
ENCODING 1067
SWIDTH 583 0
DWIDTH 14 0
BBX 14 18 1 0
BITMAP
F87C
F87C
7038
7038
7038
7038
7038
7E38
7F38
77B8
73B8
73B8
73B8
73B8
73B8
7738
FF7C
FE7C
ENDCHAR
STARTCHAR 042C
ENCODING 1068
SWIDTH 583 0
DWIDTH 14 0
BBX 12 18 1 0
BITMAP
F800
F800
7000
7000
7000
7000
7000
7F80
7FE0
71E0
7070
7070
7070
7070
7070
71E0
FFE0
FF80
ENDCHAR
STARTCHAR 042D
ENCODING 1069
SWIDTH 583 0
DWIDTH 14 0
BBX 11 18 2 0
BITMAP
EF80
FFC0
FBC0
E0E0
E0E0
00E0
00E0
00E0
0FE0
0FE0
00E0
00E0
00E0
E0E0
F0E0
7BC0
7FC0
1F00
ENDCHAR
STARTCHAR 042E
ENCODING 1070
SWIDTH 583 0
DWIDTH 14 0
BBX 13 18 1 0
BITMAP
F1E0
F3F0
77F8
7738
7738
7738
7738
7738
7F38
7F38
7738
7738
7738
7738
7738
77F8
F3F0
F1E0
ENDCHAR
STARTCHAR 042F
ENCODING 1071
SWIDTH 583 0
DWIDTH 14 0
BBX 13 18 1 0
BITMAP
0FF8
3FF8
38E0
70E0
70E0
70E0
70E0
70E0
3CE0
3FE0
0FE0
0EE0
1EE0
1CE0
3CE0
38E0
F8F8
F0F8
ENDCHAR
STARTCHAR 0430
ENCODING 1072
SWIDTH 583 0
DWIDTH 14 0
BBX 12 13 2 0
BITMAP
3F00
7FC0
FBC0
E0E0
00E0
1FE0
7FE0
F8E0
E0E0
E0E0
FBE0
7FF0
3CF0
ENDCHAR
STARTCHAR 0431
ENCODING 1073
SWIDTH 583 0
DWIDTH 14 0
BBX 11 18 2 0
BITMAP
01E0
1FE0
3FC0
7800
E000
E780
EFC0
FFC0
E1E0
E0E0
E0E0
E0E0
E0E0
E0E0
E0E0
7FC0
7FC0
1F00
ENDCHAR
STARTCHAR 0432
ENCODING 1074
SWIDTH 583 0
DWIDTH 14 0
BBX 12 13 1 0
BITMAP
FF80
FFC0
71E0
70E0
70E0
7FC0
7FC0
71E0
7070
7070
71F0
FFE0
FFC0
ENDCHAR
STARTCHAR 0433
ENCODING 1075
SWIDTH 583 0
DWIDTH 14 0
BBX 11 13 2 0
BITMAP
FFE0
FFE0
70E0
70E0
7000
7000
7000
7000
7000
7000
7000
FC00
FC00
ENDCHAR
STARTCHAR 0434
ENCODING 1076
SWIDTH 583 0
DWIDTH 14 0
BBX 13 17 1 -4
BITMAP
7FF0
7FF0
38E0
38E0
38E0
38E0
38E0
38E0
38E0
38E0
70E0
FFF8
FFF8
E038
E038
E038
E038
ENDCHAR
STARTCHAR 0435
ENCODING 1077
SWIDTH 583 0
DWIDTH 14 0
BBX 11 13 2 0
BITMAP
1F00
7FC0
7BC0
E0E0
E0E0
FFE0
FFE0
E000
E000
E0E0
7FC0
7FC0
1F00
ENDCHAR
STARTCHAR 0436
ENCODING 1078
SWIDTH 583 0
DWIDTH 14 0
BBX 14 13 0 0
BITMAP
F39C
F39C
33B8
3BB0
3BB0
1BB0
1FF0
1FF0
3BB0
3BB0
33B8
F39C
F39C
ENDCHAR
STARTCHAR 0437
ENCODING 1079
SWIDTH 583 0
DWIDTH 14 0
BBX 11 13 2 0
BITMAP
EF80
FFC0
FBC0
E0C0
01C0
0FC0
0F80
03C0
00E0
E0E0
FBE0
7FC0
3F00
ENDCHAR
STARTCHAR 0438
ENCODING 1080
SWIDTH 583 0
DWIDTH 14 0
BBX 12 13 1 0
BITMAP
F9F0
F9F0
70E0
71E0
73E0
73E0
76E0
7EE0
7CE0
78E0
70E0
F9F0
F9F0
ENDCHAR
STARTCHAR 0439
ENCODING 1081
SWIDTH 583 0
DWIDTH 14 0
BBX 12 18 1 0
BITMAP
30C0
3FC0
1F80
0000
0000
F9F0
F9F0
70E0
71E0
73E0
73E0
76E0
7EE0
7CE0
78E0
70E0
F9F0
F9F0
ENDCHAR
STARTCHAR 043A
ENCODING 1082
SWIDTH 583 0
DWIDTH 14 0
BBX 12 13 1 0
BITMAP
F8F0
F8F0
71C0
73C0
7380
7700
7F00
7F00
7380
7380
71C0
F9F0
F8F0
ENDCHAR
STARTCHAR 043B
ENCODING 1083
SWIDTH 583 0
DWIDTH 14 0
BBX 14 13 0 0
BITMAP
3FFC
3FFC
1C38
1C38
1C38
1C38
1C38
1C38
1C38
1C38
7838
F87C
E07C
ENDCHAR
STARTCHAR 043C
ENCODING 1084
SWIDTH 583 0
DWIDTH 14 0
BBX 13 13 1 0
BITMAP
F078
F8F8
78F8
78F8
78F8
7DF8
7DB8
7DB8
75B8
7738
7738
F778
F778
ENDCHAR
STARTCHAR 043D
ENCODING 1085
SWIDTH 583 0
DWIDTH 14 0
BBX 12 13 1 0
BITMAP
F9F0
F9F0
70E0
70E0
70E0
7FE0
7FE0
70E0
70E0
70E0
70E0
F9F0
F9F0
ENDCHAR
STARTCHAR 043E
ENCODING 1086
SWIDTH 583 0
DWIDTH 14 0
BBX 11 13 2 0
BITMAP
1F00
7FC0
7BC0
E0E0
E0E0
E0E0
E0E0
E0E0
E0E0
E0E0
7BC0
7FC0
1F00
ENDCHAR
STARTCHAR 043F
ENCODING 1087
SWIDTH 583 0
DWIDTH 14 0
BBX 12 13 1 0
BITMAP
FFF0
FFF0
70E0
70E0
70E0
70E0
70E0
70E0
70E0
70E0
70E0
F9F0
F9F0
ENDCHAR
STARTCHAR 0440
ENCODING 1088
SWIDTH 583 0
DWIDTH 14 0
BBX 12 18 1 -5
BITMAP
F3C0
FFE0
7FE0
7070
7070
7070
7070
7070
7070
7070
7FE0
77E0
73C0
7000
7000
7000
FC00
FC00
ENDCHAR
STARTCHAR 0441
ENCODING 1089
SWIDTH 583 0
DWIDTH 14 0
BBX 11 13 2 0
BITMAP
3EE0
7FE0
FFE0
E0E0
E0E0
E000
E000
E000
E0E0
E1E0
7FC0
7FC0
1F00
ENDCHAR
STARTCHAR 0442
ENCODING 1090
SWIDTH 583 0
DWIDTH 14 0
BBX 11 13 2 0
BITMAP
FFE0
FFE0
EEE0
EEE0
0E00
0E00
0E00
0E00
0E00
0E00
0E00
3F80
3F80
ENDCHAR
STARTCHAR 0443
ENCODING 1091
SWIDTH 583 0
DWIDTH 14 0
BBX 12 18 1 -5
BITMAP
F9F0
F9F0
30E0
39C0
39C0
39C0
1980
1F80
1F80
0F00
0F00
0F00
0600
0E00
0E00
3C00
7C00
7800
ENDCHAR
STARTCHAR 0444
ENCODING 1092
SWIDTH 583 0
DWIDTH 14 0
BBX 12 23 1 -5
BITMAP
1E00
1E00
0E00
0E00
0E00
3FC0
7FE0
FEE0
EE30
EE30
EE30
EE30
EE30
EE30
EE30
FFE0
7FE0
3FC0
0E00
0E00
0E00
1FC0
1FC0
ENDCHAR
STARTCHAR 0445
ENCODING 1093
SWIDTH 583 0
DWIDTH 14 0
BBX 12 13 1 0
BITMAP
F9F0
F9F0
39C0
1F80
0F80
0F00
0600
0F00
1F00
1F80
39C0
F9F0
F9F0
ENDCHAR
STARTCHAR 0446
ENCODING 1094
SWIDTH 583 0
DWIDTH 14 0
BBX 12 17 1 -4
BITMAP
F9F0
F9F0
70E0
70E0
70E0
70E0
70E0
70E0
70E0
70E0
70E0
FFF0
FFF0
0070
0070
0070
0070
ENDCHAR
STARTCHAR 0447
ENCODING 1095
SWIDTH 583 0
DWIDTH 14 0
BBX 13 13 1 0
BITMAP
F8F8
F8F8
70E0
70E0
70E0
78E0
3FE0
1FE0
00E0
00E0
00E0
01F8
01F8
ENDCHAR
STARTCHAR 0448
ENCODING 1096
SWIDTH 583 0
DWIDTH 14 0
BBX 14 13 1 0
BITMAP
F73C
F73C
7738
7738
7738
7738
7738
7738
7738
7738
7738
FFFC
FFFC
ENDCHAR
STARTCHAR 0449
ENCODING 1097
SWIDTH 583 0
DWIDTH 14 0
BBX 14 17 0 -4
BITMAP
F73C
F73C
7738
7738
7738
7738
7738
7738
7738
7738
7738
FFFC
FFFC
001C
001C
001C
001C
ENDCHAR
STARTCHAR 044A
ENCODING 1098
SWIDTH 583 0
DWIDTH 14 0
BBX 12 13 1 0
BITMAP
FF00
FF00
CE00
CE00
0E00
0FE0
0FF0
0E70
0E70
0E70
0EF0
1FE0
1FC0
ENDCHAR
STARTCHAR 044B
ENCODING 1099
SWIDTH 583 0
DWIDTH 14 0
BBX 14 13 1 0
BITMAP
F87C
F87C
7038
7038
7038
7F38
7FB8
73B8
73B8
73B8
77B8
FF7C
FE7C
ENDCHAR
STARTCHAR 044C
ENCODING 1100
SWIDTH 583 0
DWIDTH 14 0
BBX 12 13 1 0
BITMAP
F800
F800
7000
7000
7000
7FE0
7FE0
7070
7070
7070
71F0
FFE0
FFC0
ENDCHAR
STARTCHAR 044D
ENCODING 1101
SWIDTH 583 0
DWIDTH 14 0
BBX 11 13 2 0
BITMAP
EF80
FFC0
FBC0
E0E0
E0E0
0FE0
0FE0
00E0
E0E0
F0E0
7BC0
7FC0
1F00
ENDCHAR
STARTCHAR 044E
ENCODING 1102
SWIDTH 583 0
DWIDTH 14 0
BBX 13 13 1 0
BITMAP
F1E0
F3F0
77F8
7738
7738
7F38
7F38
7738
7738
7738
77F8
F3F0
F1E0
ENDCHAR
STARTCHAR 044F
ENCODING 1103
SWIDTH 583 0
DWIDTH 14 0
BBX 13 13 1 0
BITMAP
1FF8
3FF8
7870
7070
7070
7070
7FF0
3FF0
0E70
1C70
3C70
F8F8
F0F8
ENDCHAR
STARTCHAR 0450
ENCODING 1104
SWIDTH 583 0
DWIDTH 14 0
BBX 11 19 2 0
BITMAP
1000
3800
1C00
0E00
0400
0000
1F00
7FC0
7BC0
E0E0
E0E0
FFE0
FFE0
E000
E000
E0E0
7FC0
7FC0
1F00
ENDCHAR
STARTCHAR 0451
ENCODING 1105
SWIDTH 583 0
DWIDTH 14 0
BBX 11 18 2 0
BITMAP
3180
7BC0
7BC0
3180
0000
1F00
7FC0
7BC0
E0E0
E0E0
FFE0
FFE0
E000
E000
E0E0
7FC0
7FC0
1F00
ENDCHAR
STARTCHAR 0452
ENCODING 1106
SWIDTH 583 0
DWIDTH 14 0
BBX 12 23 0 -5
BITMAP
7800
7800
3800
FE00
FE00
3BC0
3BE0
3FF0
3870
3870
3870
3870
3870
3870
3870
3870
7C70
7C70
0070
0070
01F0
01E0
01C0
ENDCHAR
STARTCHAR 0453
ENCODING 1107
SWIDTH 583 0
DWIDTH 14 0
BBX 11 19 2 0
BITMAP
0300
0700
0E00
0C00
0000
0000
FFE0
FFE0
70E0
70E0
7000
7000
7000
7000
7000
7000
7000
FC00
FC00
ENDCHAR
STARTCHAR 0454
ENCODING 1108
SWIDTH 583 0
DWIDTH 14 0
BBX 11 13 2 0
BITMAP
3EE0
7FE0
FFE0
E0E0
E0E0
FE00
FE00
E000
E0E0
E1E0
7FC0
7FC0
1F00
ENDCHAR
STARTCHAR 0455
ENCODING 1109
SWIDTH 583 0
DWIDTH 14 0
BBX 10 13 2 0
BITMAP
3DC0
7FC0
FBC0
E1C0
E1C0
7C00
3F00
0F80
E1C0
E1C0
F7C0
FF80
EF00
ENDCHAR
STARTCHAR 0456
ENCODING 1110
SWIDTH 583 0
DWIDTH 14 0
BBX 10 18 2 0
BITMAP
0C00
1E00
1E00
0C00
0000
FE00
FE00
0E00
0E00
0E00
0E00
0E00
0E00
0E00
0E00
0E00
FFC0
FFC0
ENDCHAR
STARTCHAR 0457
ENCODING 1111
SWIDTH 583 0
DWIDTH 14 0
BBX 10 18 2 0
BITMAP
3180
73C0
73C0
3180
0000
7E00
7E00
0E00
0E00
0E00
0E00
0E00
0E00
0E00
0E00
0E00
FFC0
FFC0
ENDCHAR
STARTCHAR 0458
ENCODING 1112
SWIDTH 583 0
DWIDTH 14 0
BBX 10 23 1 -5
BITMAP
0180
03C0
03C0
0180
0000
1FC0
1FC0
01C0
01C0
01C0
01C0
01C0
01C0
01C0
01C0
01C0
01C0
01C0
01C0
C1C0
F780
FF80
3E00
ENDCHAR
STARTCHAR 0459
ENCODING 1113
SWIDTH 583 0
DWIDTH 14 0
BBX 14 13 0 0
BITMAP
7FC0
7FC0
3B80
3B80
3B80
3BF8
3BF8
3B9C
3B9C
3B9C
F3BC
F7F8
E7F0
ENDCHAR
STARTCHAR 045A
ENCODING 1114
SWIDTH 583 0
DWIDTH 14 0
BBX 13 13 0 0
BITMAP
F780
F780
7700
7700
7700
7FF0
7FF8
7738
7738
7738
7778
F7F0
F7E0
ENDCHAR
STARTCHAR 045B
ENCODING 1115
SWIDTH 583 0
DWIDTH 14 0
BBX 13 18 0 0
BITMAP
7800
7800
3800
FE00
FE00
3BC0
3BE0
3FF0
3870
3870
3870
3870
3870
3870
3870
3870
7CF8
7CF8
ENDCHAR
STARTCHAR 045C
ENCODING 1116
SWIDTH 583 0
DWIDTH 14 0
BBX 12 19 1 0
BITMAP
0100
0380
0700
0E00
0400
0000
F8F0
F8F0
71C0
73C0
7380
7700
7F00
7F00
7380
7380
71C0
F9F0
F8F0
ENDCHAR
STARTCHAR 045D
ENCODING 1117
SWIDTH 583 0
DWIDTH 14 0
BBX 12 19 1 0
BITMAP
0800
1C00
0E00
0700
0200
0000
F9F0
F9F0
70E0
71E0
73E0
73E0
76E0
7EE0
7CE0
78E0
70E0
F9F0
F9F0
ENDCHAR
STARTCHAR 045E
ENCODING 1118
SWIDTH 583 0
DWIDTH 14 0
BBX 12 23 1 -5
BITMAP
3BC0
3FC0
1F80
0000
0000
F9F0
F9F0
30E0
39C0
39C0
39C0
1980
1F80
1F80
0F00
0F00
0F00
0600
0E00
0E00
1C00
7C00
7800
ENDCHAR
STARTCHAR 045F
ENCODING 1119
SWIDTH 583 0
DWIDTH 14 0
BBX 12 17 1 -4
BITMAP
F9F0
F9F0
70E0
70E0
70E0
70E0
70E0
70E0
70E0
70E0
70E0
FFF0
FFF0
0700
0700
0700
0700
ENDCHAR
STARTCHAR 0460
ENCODING 1120
SWIDTH 583 0
DWIDTH 14 0
BBX 13 18 1 0
BITMAP
FF38
FF38
7638
7638
7638
7738
7730
7730
3F30
3F70
3F70
3F70
3FE0
1FE0
1DE0
19E0
19E0
19C0
ENDCHAR
STARTCHAR 0461
ENCODING 1121
SWIDTH 583 0
DWIDTH 14 0
BBX 13 13 1 0
BITMAP
FF38
FF38
6638
6738
7730
7730
7F70
3F70
3F60
3FE0
3DE0
19E0
19C0
ENDCHAR
STARTCHAR 0462
ENCODING 1122
SWIDTH 583 0
DWIDTH 14 0
BBX 12 18 1 0
BITMAP
1F00
1F00
0E00
FFC0
FFC0
CEC0
CEC0
0E00
0FE0
0FE0
0E70
0E70
0E70
0E70
0E70
0EF0
1FE0
1FC0
ENDCHAR
STARTCHAR 0463
ENCODING 1123
SWIDTH 583 0
DWIDTH 14 0
BBX 12 18 1 0
BITMAP
1E00
1E00
0E00
0E00
0E00
FFC0
FFC0
CEC0
0E00
0E00
0FE0
0FF0
0E70
0E70
0E70
0EF0
1FE0
1FC0
ENDCHAR
STARTCHAR 0464
ENCODING 1124
SWIDTH 583 0
DWIDTH 14 0
BBX 13 18 1 0
BITMAP
F3F8
F3F8
77F8
7738
7738
7700
7700
7700
7FC0
7FC0
7700
7700
7700
7738
7738
77F8
F3F0
F1E0
ENDCHAR
STARTCHAR 0465
ENCODING 1125
SWIDTH 583 0
DWIDTH 14 0
BBX 13 13 1 0
BITMAP
F3F8
F7F8
77F8
7738
7738
7FC0
7FC0
7700
7738
7738
77F0
F3F0
F1E0
ENDCHAR
STARTCHAR 0466
ENCODING 1126
SWIDTH 583 0
DWIDTH 14 0
BBX 14 18 0 0
BITMAP
0380
0780
07C0
06C0
06C0
0EC0
0CE0
0C60
0C60
1FE0
1FF0
1BB0
3BB0
3BB0
33B8
3398
F39C
F39C
ENDCHAR
STARTCHAR 0467
ENCODING 1127
SWIDTH 583 0
DWIDTH 14 0
BBX 14 13 0 0
BITMAP
0380
07C0
07C0
0EC0
0EE0
0C60
1C60
1FF0
1FF0
3BB0
3BB8
F39C
F39C
ENDCHAR
STARTCHAR 0468
ENCODING 1128
SWIDTH 583 0
DWIDTH 14 0
BBX 15 18 0 0
BITMAP
F0C0
F0C0
61E0
61E0
61E0
61E0
6130
6130
6330
7FF0
7FF0
63F8
62D8
66D8
66D8
66D8
EEDE
EECE
ENDCHAR
STARTCHAR 0469
ENCODING 1129
SWIDTH 583 0
DWIDTH 14 0
BBX 15 13 0 0
BITMAP
F0C0
F0E0
61E0
61E0
61A0
6130
7FF0
7FF0
63D8
62D8
66D8
EEDE
EECE
ENDCHAR
STARTCHAR 046A
ENCODING 1130
SWIDTH 583 0
DWIDTH 14 0
BBX 14 18 0 0
BITMAP
7FF8
3FF8
3030
1830
1C60
0C60
0EE0
06C0
1FF0
1FF0
1BB0
3BB0
3BB0
33B8
3398
3398
F39C
F39C
ENDCHAR
STARTCHAR 046B
ENCODING 1131
SWIDTH 583 0
DWIDTH 14 0
BBX 14 13 0 0
BITMAP
7FF8
3FF8
1830
1C60
0C60
0EC0
1FF0
1FF0
3BB0
33B8
3398
F39C
F39C
ENDCHAR
STARTCHAR 046C
ENCODING 1132
SWIDTH 583 0
DWIDTH 14 0
BBX 15 18 0 0
BITMAP
E7FC
E7F8
6618
6218
6330
6330
61A0
7FF0
7FF0
63F8
66D8
66D8
66D8
66D8
66D8
66DC
EECE
ECCE
ENDCHAR
STARTCHAR 046D
ENCODING 1133
SWIDTH 583 0
DWIDTH 14 0
BBX 15 13 0 0
BITMAP
E7FC
E7F8
6218
6330
6130
61E0
7FF0
7FF8
62D8
66D8
66D8
EECE
ECCE
ENDCHAR
STARTCHAR 046E
ENCODING 1134
SWIDTH 583 0
DWIDTH 14 0
BBX 11 30 2 -5
BITMAP
2100
7380
3F00
1E00
0C00
0000
0000
EF00
FF80
FFC0
E1C0
E1C0
01C0
03C0
0F80
0F80
07C0
01E0
00E0
00E0
00E0
01E0
07C0
7F80
FF00
E000
E000
F000
7800
3800
ENDCHAR
STARTCHAR 046F
ENCODING 1135
SWIDTH 583 0
DWIDTH 14 0
BBX 11 24 2 -5
BITMAP
7180
3B80
1F00
1E00
0000
0000
EF80
FFC0
F3C0
E1C0
01C0
0FC0
0F80
03C0
00E0
00E0
03E0
7FC0
FF00
E000
E000
F000
7800
3800
ENDCHAR
STARTCHAR 0470
ENCODING 1136
SWIDTH 583 0
DWIDTH 14 0
BBX 15 18 0 0
BITMAP
F38E
F39E
3398
3B98
1B98
1BB0
0FB0
0FB0
0FE0
07E0
07C0
03C0
0380
0380
0380
0380
0FE0
0FE0
ENDCHAR
STARTCHAR 0471
ENCODING 1137
SWIDTH 583 0
DWIDTH 14 0
BBX 15 23 0 -5
BITMAP
0780
0780
0380
0380
0380
F38E
F39E
3398
3B98
1B98
1BB0
0FB0
0FB0
0FF0
07E0
07E0
03C0
0380
0380
0380
0380
0FE0
0FE0
ENDCHAR
STARTCHAR 0472
ENCODING 1138
SWIDTH 583 0
DWIDTH 14 0
BBX 11 18 2 0
BITMAP
1F00
7FC0
7BC0
E1E0
E0E0
E0E0
E0E0
F8E0
FCE0
E7E0
E3E0
E0E0
E0E0
E0E0
E0E0
7BC0
7FC0
1F00
ENDCHAR
STARTCHAR 0473
ENCODING 1139
SWIDTH 583 0
DWIDTH 14 0
BBX 11 13 2 0
BITMAP
1F00
7FC0
7BC0
E0E0
E0E0
FCE0
EFE0
E3E0
E0E0
E0E0
7BC0
7FC0
1F00
ENDCHAR
STARTCHAR 0474
ENCODING 1140
SWIDTH 583 0
DWIDTH 14 0
BBX 13 18 1 0
BITMAP
F838
F8F8
70F0
30E0
39C0
39C0
39C0
39C0
19C0
1DC0
1DC0
1D80
0D80
0F80
0F80
0F80
0F00
0700
ENDCHAR
STARTCHAR 0475
ENCODING 1141
SWIDTH 583 0
DWIDTH 14 0
BBX 13 13 1 0
BITMAP
F838
F8F8
30F0
38E0
39C0
39C0
1DC0
1DC0
1DC0
0D80
0F80
0F80
0700
ENDCHAR
STARTCHAR 0476
ENCODING 1142
SWIDTH 583 0
DWIDTH 14 0
BBX 13 24 1 0
BITMAP
6300
F780
3BC0
1CC0
0800
0000
F838
F8F8
70F0
30E0
39C0
39C0
39C0
39C0
19C0
1DC0
1DC0
1D80
0D80
0F80
0F80
0F80
0F00
0700
ENDCHAR
STARTCHAR 0477
ENCODING 1143
SWIDTH 583 0
DWIDTH 14 0
BBX 13 19 1 0
BITMAP
6300
F780
3BC0
1CC0
0800
0000
F838
F8F8
30F0
38E0
39C0
39C0
1DC0
1DC0
1DC0
0D80
0F80
0F80
0700
ENDCHAR
STARTCHAR 0478
ENCODING 1144
SWIDTH 583 0
DWIDTH 14 0
BBX 15 23 1 -5
BITMAP
3000
7800
FC00
CC00
CC00
CDC6
CDCE
CCDC
CCD8
CCD8
CCD8
CCD8
CC78
CC78
CC70
FC70
7870
3830
0070
0060
00E0
01E0
01C0
ENDCHAR
STARTCHAR 0479
ENCODING 1145
SWIDTH 583 0
DWIDTH 14 0
BBX 14 18 1 -5
BITMAP
71CC
79DC
FC9C
CCD8
CCD8
CCF8
CCF0
CCF0
CC70
CC70
FC70
7870
7060
0060
0060
00E0
01E0
01C0
ENDCHAR
STARTCHAR 047A
ENCODING 1146
SWIDTH 583 0
DWIDTH 14 0
BBX 12 20 1 -1
BITMAP
0600
3FC0
7FE0
F6F0
E070
E070
E070
E070
E070
E070
E070
E070
E070
E070
E070
E070
E6F0
7FE0
3FC0
0600
ENDCHAR
STARTCHAR 047B
ENCODING 1147
SWIDTH 583 0
DWIDTH 14 0
BBX 12 15 1 -1
BITMAP
0600
3FC0
7FE0
F6F0
E070
E070
E070
E070
E070
E070
E070
E6F0
7FE0
3FC0
0600
ENDCHAR
STARTCHAR 047C
ENCODING 1148
SWIDTH 583 0
DWIDTH 14 0
BBX 12 27 1 0
BITMAP
0700
1F80
1AE0
1F20
0700
0300
0600
0200
0000
38C0
78E0
F8F0
E070
E070
E070
E070
E070
E070
E070
E070
E070
E770
E770
E770
FFF0
7FE0
3DE0
ENDCHAR
STARTCHAR 047D
ENCODING 1149
SWIDTH 583 0
DWIDTH 14 0
BBX 12 21 1 0
BITMAP
0F80
18E0
1E20
0600
0200
0600
0400
0000
39C0
79E0
F1F0
E070
E070
E070
E070
E070
E070
E670
FFF0
7FE0
39C0
ENDCHAR
STARTCHAR 047E
ENCODING 1150
SWIDTH 583 0
DWIDTH 14 0
BBX 13 24 1 0
BITMAP
3FF0
3FF0
3330
3330
0000
0000
FF38
FF38
7738
7738
7738
7738
7730
7730
3730
3770
3F70
3FF0
3FE0
1DE0
1DE0
1DE0
1CE0
1CC0
ENDCHAR
STARTCHAR 047F
ENCODING 1151
SWIDTH 583 0
DWIDTH 14 0
BBX 13 18 1 0
BITMAP
7FF0
7FF0
6330
6330
0000
FF38
FF38
6738
6738
6730
6730
6770
7FF0
3FE0
3DE0
3DE0
3CE0
1CC0
ENDCHAR
STARTCHAR 0480
ENCODING 1152
SWIDTH 583 0
DWIDTH 14 0
BBX 10 23 2 -5
BITMAP
1F00
7FC0
7FC0
E1C0
E1C0
E000
E000
E000
E000
E000
E000
E000
E000
E000
E100
7F00
7F00
1F00
0700
0700
0700
1FC0
1FC0
ENDCHAR
STARTCHAR 0481
ENCODING 1153
SWIDTH 583 0
DWIDTH 14 0
BBX 10 18 2 -5
BITMAP
3DC0
7FC0
FFC0
E1C0
E1C0
E000
E000
E000
E000
E100
7F00
7F00
1F00
0700
0700
0700
1FC0
1FC0
ENDCHAR
STARTCHAR 0482
ENCODING 1154
SWIDTH 583 0
DWIDTH 14 0
BBX 10 15 2 -3
BITMAP
00C0
01C0
3B80
3F80
0F80
07C0
0FC0
CC40
FC00
7C00
3F00
7780
7100
E000
6000
ENDCHAR
STARTCHAR 0483
ENCODING 1155
SWIDTH 0 0
DWIDTH 0 0
BBX 8 4 -11 15
BITMAP
07
FF
FF
C0
ENDCHAR
STARTCHAR 0484
ENCODING 1156
SWIDTH 0 0
DWIDTH 0 0
BBX 10 4 -13 14
BITMAP
1F00
FF80
FBC0
C0C0
ENDCHAR
STARTCHAR 0485
ENCODING 1157
SWIDTH 0 0
DWIDTH 0 0
BBX 3 5 -9 14
BITMAP
C0
E0
C0
C0
40
ENDCHAR
STARTCHAR 0486
ENCODING 1158
SWIDTH 0 0
DWIDTH 0 0
BBX 3 5 -9 14
BITMAP
60
E0
60
60
40
ENDCHAR
STARTCHAR 0487
ENCODING 1159
SWIDTH 0 0
DWIDTH 0 0
BBX 10 4 -12 14
BITMAP
3E00
7FC0
F7C0
C0C0
ENDCHAR
STARTCHAR 0488
ENCODING 1160
SWIDTH 0 0
DWIDTH 0 0
BBX 34 32 -24 -9
BITMAP
0001C00000
0003600000
00E221C000
0130026000
0130022000
0000000000
0000000000
1C00000E00
2600001300
2200001100
0000000000
0000000000
0000000000
0000000000
0000000000
7000000700
C800000C80
8C000008C0
0000000000
0000000000
0000000000
0000000000
0000000000
1C00000E00
2600001300
0000000000
0000000000
00E001C000
0130036000
0131C22000
0003200000
0002300000
ENDCHAR
STARTCHAR 0489
ENCODING 1161
SWIDTH 0 0
DWIDTH 0 0
BBX 32 32 -23 -9
BITMAP
00010000
00018000
01018180
01800100
00C00300
00000000
00000000
2000000C
38000018
08000010
00000000
00000000
00000000
00000000
00000000
B000000E
F000000F
00000000
00000000
00000000
00000000
00000000
08000010
1800001C
30000004
00000000
00000000
00C00300
00C00380
00818180
01818080
00008000
ENDCHAR
STARTCHAR 048A
ENCODING 1162
SWIDTH 583 0
DWIDTH 14 0
BBX 12 28 1 -4
BITMAP
30C0
3FC0
3FC0
0F80
0000
0000
F9F0
F9F0
70E0
70E0
71E0
71E0
73E0
73E0
76E0
76E0
7CE0
7CE0
78E0
78E0
78E0
70E0
F9F0
F9F0
0070
0070
0060
00E0
ENDCHAR
STARTCHAR 048B
ENCODING 1163
SWIDTH 583 0
DWIDTH 14 0
BBX 12 22 1 -4
BITMAP
30C0
3FC0
1F80
0000
0000
F9F0
F9F0
70E0
71E0
73E0
73E0
76E0
7EE0
7CE0
78E0
70E0
F9F0
F9F0
0070
0070
0060
00E0
ENDCHAR
STARTCHAR 048C
ENCODING 1164
SWIDTH 583 0
DWIDTH 14 0
BBX 12 18 1 0
BITMAP
F800
F800
7000
7000
FE00
FE00
7000
7F80
7FE0
71E0
7070
7070
7070
7070
7070
71E0
FFE0
FF80
ENDCHAR
STARTCHAR 048D
ENCODING 1165
SWIDTH 583 0
DWIDTH 14 0
BBX 12 13 1 0
BITMAP
F800
F800
7000
FE00
7000
7FE0
7FE0
7070
7070
7070
71F0
FFE0
FFC0
ENDCHAR
STARTCHAR 048E
ENCODING 1166
SWIDTH 583 0
DWIDTH 14 0
BBX 11 18 2 0
BITMAP
FF00
FFC0
73C0
70E0
70E0
70E0
76E0
73E0
73C0
7FC0
7F80
70C0
7080
7000
7000
7000
FC00
FC00
ENDCHAR
STARTCHAR 048F
ENCODING 1167
SWIDTH 583 0
DWIDTH 14 0
BBX 12 18 1 -5
BITMAP
F3C0
FFE0
7FE0
7070
7070
7070
7070
7070
7370
7B70
7FE0
77E0
73C0
70E0
7060
7000
FC00
FC00
ENDCHAR
STARTCHAR 0490
ENCODING 1168
SWIDTH 583 0
DWIDTH 14 0
BBX 11 22 2 0
BITMAP
00E0
00E0
00E0
00E0
FFE0
FFE0
7000
7000
7000
7000
7000
7000
7000
7000
7000
7000
7000
7000
7000
7000
FC00
FC00
ENDCHAR
STARTCHAR 0491
ENCODING 1169
SWIDTH 583 0
DWIDTH 14 0
BBX 11 17 2 0
BITMAP
00E0
00E0
00E0
00E0
FFE0
FFE0
7000
7000
7000
7000
7000
7000
7000
7000
7000
FC00
FC00
ENDCHAR
STARTCHAR 0492
ENCODING 1170
SWIDTH 583 0
DWIDTH 14 0
BBX 12 18 1 0
BITMAP
7FF0
7FF0
3870
3870
3800
3800
3800
3800
FE00
FE00
3800
3800
3800
3800
3800
3800
7E00
7E00
ENDCHAR
STARTCHAR 0493
ENCODING 1171
SWIDTH 583 0
DWIDTH 14 0
BBX 12 13 1 0
BITMAP
7FF0
7FF0
3870
3870
3800
3800
FE00
FE00
3800
3800
3800
7E00
7E00
ENDCHAR
STARTCHAR 0494
ENCODING 1172
SWIDTH 583 0
DWIDTH 14 0
BBX 10 24 2 -6
BITMAP
FFC0
FFC0
71C0
71C0
7000
7000
7000
7000
7700
7F80
7BC0
71C0
71C0
71C0
71C0
71C0
FDC0
FDC0
01C0
01C0
01C0
07C0
0780
0700
ENDCHAR
STARTCHAR 0495
ENCODING 1173
SWIDTH 583 0
DWIDTH 14 0
BBX 10 19 2 -6
BITMAP
FFC0
FFC0
71C0
71C0
7000
7200
7780
7FC0
79C0
71C0
71C0
FDC0
FDC0
01C0
01C0
01C0
07C0
0780
0700
ENDCHAR
STARTCHAR 0496
ENCODING 1174
SWIDTH 583 0
DWIDTH 14 0
BBX 14 22 0 -4
BITMAP
F3BC
F3BC
33B0
3BB0
3BB0
3BB0
1BE0
1BE0
1FE0
1FE0
1BE0
1BA0
3BB0
3BB0
33B0
33B0
F3BC
F3BC
001C
001C
001C
001C
ENDCHAR
STARTCHAR 0497
ENCODING 1175
SWIDTH 583 0
DWIDTH 14 0
BBX 14 17 0 -4
BITMAP
F3BC
F3BC
33B0
3BB0
3BB0
1BE0
1FE0
1FE0
3BB0
3BB0
33B0
F3BC
F3BC
001C
001C
001C
001C
ENDCHAR
STARTCHAR 0498
ENCODING 1176
SWIDTH 583 0
DWIDTH 14 0
BBX 11 22 2 -4
BITMAP
EF80
FFC0
FBC0
E0E0
E0E0
00E0
00E0
01C0
0FC0
0F80
03C0
00E0
00E0
00E0
E0E0
F1E0
7FC0
3F80
0E00
0E00
0E00
0E00
ENDCHAR
STARTCHAR 0499
ENCODING 1177
SWIDTH 583 0
DWIDTH 14 0
BBX 11 17 2 -4
BITMAP
EF80
FFC0
FBC0
E1C0
01C0
07C0
0F80
0FC0
00E0
00E0
E1E0
FFC0
7F80
0E00
0E00
0E00
0E00
ENDCHAR
STARTCHAR 049A
ENCODING 1178
SWIDTH 583 0
DWIDTH 14 0
BBX 12 22 1 -4
BITMAP
F8F0
F9F0
71C0
71C0
7380
7380
7700
7700
7E00
7E00
7700
7700
7380
7380
71C0
71C0
F8F0
F8F0
0070
0070
0070
0070
ENDCHAR
STARTCHAR 049B
ENCODING 1179
SWIDTH 583 0
DWIDTH 14 0
BBX 12 17 1 -4
BITMAP
F8F0
F9F0
71C0
7380
7380
7700
7F00
7F00
7380
7380
71C0
F9F0
F8F0
0070
0070
0070
0070
ENDCHAR
STARTCHAR 049C
ENCODING 1180
SWIDTH 583 0
DWIDTH 14 0
BBX 12 18 1 0
BITMAP
F870
F8F0
70E0
70C0
7DC0
7DC0
7D80
7F80
7F80
7F80
7D80
7D80
7DC0
71C0
70C0
70E0
F8F0
F870
ENDCHAR
STARTCHAR 049D
ENCODING 1181
SWIDTH 583 0
DWIDTH 14 0
BBX 12 13 1 0
BITMAP
F870
F8F0
70E0
7CC0
7DC0
7D80
7F80
7F80
7DC0
7DC0
70E0
F8F0
F870
ENDCHAR
STARTCHAR 049E
ENCODING 1182
SWIDTH 583 0
DWIDTH 14 0
BBX 13 18 1 0
BITMAP
7C78
7CF8
38E0
FFC0
FFC0
3980
3B80
3B00
3F00
3F00
3B80
3B80
3980
39C0
38C0
38E0
7CF8
7C78
ENDCHAR
STARTCHAR 049F
ENCODING 1183
SWIDTH 583 0
DWIDTH 14 0
BBX 13 18 1 0
BITMAP
7800
7800
3800
FE00
FE00
3878
38F8
38E0
39C0
3980
3B80
3F00
3F80
3B80
39C0
38E0
7CF8
7C78
ENDCHAR
STARTCHAR 04A0
ENCODING 1184
SWIDTH 583 0
DWIDTH 14 0
BBX 13 18 1 0
BITMAP
FF38
FF78
CE70
CE60
0EE0
0EE0
0EC0
0FC0
0FC0
0FC0
0EC0
0EC0
0EE0
0E60
0E60
0E70
1F78
1F38
ENDCHAR
STARTCHAR 04A1
ENCODING 1185
SWIDTH 583 0
DWIDTH 14 0
BBX 13 13 1 0
BITMAP
FF38
FF78
CE70
CE60
0EE0
0EC0
0FC0
0FC0
0EE0
0EE0
0E70
1F78
1F38
ENDCHAR
STARTCHAR 04A2
ENCODING 1186
SWIDTH 583 0
DWIDTH 14 0
BBX 12 22 1 -4
BITMAP
F9F0
F9F0
70E0
70E0
70E0
70E0
70E0
70E0
7FE0
7FE0
70E0
70E0
70E0
70E0
70E0
70E0
F9F0
F9F0
0070
0070
0070
0070
ENDCHAR
STARTCHAR 04A3
ENCODING 1187
SWIDTH 583 0
DWIDTH 14 0
BBX 12 17 1 -4
BITMAP
F9F0
F9F0
70E0
70E0
70E0
7FE0
7FE0
70E0
70E0
70E0
70E0
F9F0
F9F0
0070
0070
0070
0070
ENDCHAR
STARTCHAR 04A4
ENCODING 1188
SWIDTH 583 0
DWIDTH 14 0
BBX 14 18 1 0
BITMAP
FFFC
FFFC
738C
738C
7380
7380
7380
7380
7F80
7F80
7380
7380
7380
7380
7380
7380
FFC0
FFC0
ENDCHAR
STARTCHAR 04A5
ENCODING 1189
SWIDTH 583 0
DWIDTH 14 0
BBX 14 13 1 0
BITMAP
FFFC
FFFC
738C
738C
7380
7F80
7F80
7380
7380
7380
7380
FFC0
FFC0
ENDCHAR
STARTCHAR 04A6
ENCODING 1190
SWIDTH 583 0
DWIDTH 14 0
BBX 13 23 1 -5
BITMAP
FF80
FF80
7700
7700
7700
7700
7760
77F0
77B8
7738
7738
7738
7738
7738
7738
7738
F7B8
F7B8
0038
0038
00F8
00F0
00E0
ENDCHAR
STARTCHAR 04A7
ENCODING 1191
SWIDTH 583 0
DWIDTH 14 0
BBX 13 18 1 -5
BITMAP
FF80
FF80
7700
7700
7760
77F0
77F8
7738
7738
7738
7738
F7B8
F7B8
0038
0038
00F8
00F0
00E0
ENDCHAR
STARTCHAR 04A8
ENCODING 1192
SWIDTH 583 0
DWIDTH 14 0
BBX 12 18 1 0
BITMAP
1C00
3C00
7C00
F000
E1C0
E3E0
E770
E770
E770
E770
E770
E770
E770
E770
F360
7FE0
7FF0
1F70
ENDCHAR
STARTCHAR 04A9
ENCODING 1193
SWIDTH 583 0
DWIDTH 14 0
BBX 12 13 1 0
BITMAP
1C00
3C00
7C00
F1C0
E3E0
E770
E770
E770
E770
F770
7FE0
7FF0
1FF0
ENDCHAR
STARTCHAR 04AA
ENCODING 1194
SWIDTH 583 0
DWIDTH 14 0
BBX 11 22 2 -4
BITMAP
1F80
7FE0
7FE0
E0E0
E0E0
E000
E000
E000
E000
E000
E000
E000
E000
E000
E0E0
F1E0
7FC0
3F80
0E00
0E00
0E00
0E00
ENDCHAR
STARTCHAR 04AB
ENCODING 1195
SWIDTH 583 0
DWIDTH 14 0
BBX 11 17 2 -4
BITMAP
3EE0
7FE0
7FE0
E0E0
E0E0
E000
E000
E000
E000
E0E0
F1E0
7FC0
3F80
0E00
0E00
0E00
0E00
ENDCHAR
STARTCHAR 04AC
ENCODING 1196
SWIDTH 583 0
DWIDTH 14 0
BBX 11 22 2 -4
BITMAP
FFE0
FFE0
EEE0
EEE0
0E00
0E00
0E00
0E00
0E00
0E00
0E00
0E00
0E00
0E00
0E00
0E00
3F80
3F80
0380
0380
0380
0380
ENDCHAR
STARTCHAR 04AD
ENCODING 1197
SWIDTH 583 0
DWIDTH 14 0
BBX 11 17 2 -4
BITMAP
FFE0
FFE0
EEE0
EEE0
0E00
0E00
0E00
0E00
0E00
0E00
0E00
3F80
3F80
0380
0380
0380
0380
ENDCHAR
STARTCHAR 04AE
ENCODING 1198
SWIDTH 583 0
DWIDTH 14 0
BBX 12 18 1 0
BITMAP
F9F0
F9F0
38E0
38E0
39C0
1DC0
1F80
0F80
0F80
0700
0700
0700
0700
0700
0700
0700
1FC0
1FC0
ENDCHAR
STARTCHAR 04AF
ENCODING 1199
SWIDTH 583 0
DWIDTH 14 0
BBX 12 18 1 -5
BITMAP
F9F0
F9F0
70E0
38E0
38C0
39C0
19C0
1F80
0F80
0F80
0F00
0700
0700
0700
0700
0700
1FC0
1FC0
ENDCHAR
STARTCHAR 04B0
ENCODING 1200
SWIDTH 583 0
DWIDTH 14 0
BBX 12 18 1 0
BITMAP
F9F0
F9F0
38E0
38E0
39C0
1DC0
1F80
0F80
0F80
0700
1FC0
1FC0
0700
0700
0700
0700
1FC0
1FC0
ENDCHAR
STARTCHAR 04B1
ENCODING 1201
SWIDTH 583 0
DWIDTH 14 0
BBX 12 18 1 -5
BITMAP
F9F0
F9F0
70E0
38E0
38C0
39C0
19C0
1F80
0F80
0F80
0F00
0700
1FC0
1FC0
0700
0700
1FC0
1FC0
ENDCHAR
STARTCHAR 04B2
ENCODING 1202
SWIDTH 583 0
DWIDTH 14 0
BBX 12 22 1 -4
BITMAP
F9F0
F9F0
39C0
39C0
1F80
1F80
0F00
0F00
0600
0600
0F00
0F00
1F80
1F80
39C0
39C0
F9F0
F9F0
0070
0070
0070
0070
ENDCHAR
STARTCHAR 04B3
ENCODING 1203
SWIDTH 583 0
DWIDTH 14 0
BBX 12 17 1 -4
BITMAP
F9F0
F9F0
3980
1F80
0F00
0F00
0600
0F00
1F00
1F80
3980
F9F0
F9F0
0070
0070
0070
0070
ENDCHAR
STARTCHAR 04B4
ENCODING 1204
SWIDTH 583 0
DWIDTH 14 0
BBX 13 22 1 -4
BITMAP
FE78
FE78
BA70
BA70
3870
3870
3870
3870
3870
3870
3870
3870
3870
3870
3870
3870
7FF8
7FF8
0038
0038
0038
0038
ENDCHAR
STARTCHAR 04B5
ENCODING 1205
SWIDTH 583 0
DWIDTH 14 0
BBX 13 17 1 -4
BITMAP
FE78
FE78
BA70
BA70
3870
3870
3870
3870
3870
3870
3870
7FF8
7FF8
0038
0038
0038
0038
ENDCHAR
STARTCHAR 04B6
ENCODING 1206
SWIDTH 583 0
DWIDTH 14 0
BBX 12 22 1 -4
BITMAP
F9F0
F9F0
70E0
70E0
70E0
70E0
70E0
70E0
78E0
3FE0
1FE0
00E0
00E0
00E0
00E0
00E0
03F0
03F0
0070
0070
0070
0070
ENDCHAR
STARTCHAR 04B7
ENCODING 1207
SWIDTH 583 0
DWIDTH 14 0
BBX 12 17 1 -4
BITMAP
F9F0
F9F0
70E0
70E0
70E0
78E0
3FE0
1FE0
00E0
00E0
00E0
03F0
03F0
0070
0070
0070
0070
ENDCHAR
STARTCHAR 04B8
ENCODING 1208
SWIDTH 583 0
DWIDTH 14 0
BBX 13 18 1 0
BITMAP
F8F8
F8F8
70E0
70E0
70E0
70E0
77E0
77E0
7FE0
3FE0
1FE0
07E0
07E0
00E0
00E0
00E0
01F8
01F8
ENDCHAR
STARTCHAR 04B9
ENCODING 1209
SWIDTH 583 0
DWIDTH 14 0
BBX 13 13 1 0
BITMAP
F8F8
F8F8
70E0
70E0
77E0
77E0
3FE0
3FE0
0FE0
07E0
07E0
01F8
01F8
ENDCHAR
STARTCHAR 04BA
ENCODING 1210
SWIDTH 583 0
DWIDTH 14 0
BBX 12 18 1 0
BITMAP
F800
F800
7000
7000
7000
7000
7000
7F80
7FC0
71E0
70E0
70E0
70E0
70E0
70E0
70E0
F9F0
F9F0
ENDCHAR
STARTCHAR 04BB
ENCODING 1211
SWIDTH 583 0
DWIDTH 14 0
BBX 12 18 1 0
BITMAP
F000
F000
7000
7000
7000
7780
77C0
7FE0
70E0
70E0
70E0
70E0
70E0
70E0
70E0
70E0
F9F0
F9F0
ENDCHAR
STARTCHAR 04BC
ENCODING 1212
SWIDTH 583 0
DWIDTH 14 0
BBX 13 18 1 0
BITMAP
03E0
07F0
0F78
0E38
0E38
EE38
EE38
FE38
7FF8
7FF8
0E00
0E00
0E00
0E38
0E38
0FF0
07F0
03E0
ENDCHAR
STARTCHAR 04BD
ENCODING 1213
SWIDTH 583 0
DWIDTH 14 0
BBX 13 13 1 0
BITMAP
03E0
07F0
0F78
EE38
EE38
FFF8
7FF8
0E00
0E00
0E38
0FF8
07F0
03E0
ENDCHAR
STARTCHAR 04BE
ENCODING 1214
SWIDTH 583 0
DWIDTH 14 0
BBX 13 21 1 -3
BITMAP
03E0
07F0
0F78
0E38
0E38
EE38
EE38
FE38
7FF8
7FF8
0E00
0E00
0E00
0E38
0E78
07F0
07E0
0180
0180
0180
0180
ENDCHAR
STARTCHAR 04BF
ENCODING 1215
SWIDTH 583 0
DWIDTH 14 0
BBX 13 17 1 -4
BITMAP
03E0
07F0
0F78
EE38
EE38
FE38
7FF8
7FF8
0E00
0E38
0E38
07F0
07E0
0180
0180
0180
0180
ENDCHAR
STARTCHAR 04C0
ENCODING 1216
SWIDTH 583 0
DWIDTH 14 0
BBX 10 18 2 0
BITMAP
FFC0
FFC0
1C00
1C00
1C00
1C00
1C00
1C00
1C00
1C00
1C00
1C00
1C00
1C00
1C00
1C00
FFC0
FFC0
ENDCHAR
STARTCHAR 04C1
ENCODING 1217
SWIDTH 583 0
DWIDTH 14 0
BBX 14 24 0 0
BITMAP
1830
1EE0
1FE0
07C0
0000
0000
F39C
F3BC
33B8
3BB0
3BB0
3BB0
1BB0
1BE0
1FE0
1FE0
1BE0
1BB0
3BB0
3BB0
33B0
33B0
F3BC
F39C
ENDCHAR
STARTCHAR 04C2
ENCODING 1218
SWIDTH 583 0
DWIDTH 14 0
BBX 14 18 0 0
BITMAP
1860
1FE0
0FC0
0000
0000
F39C
F3BC
33B0
3BB0
3BB0
1BB0
1FE0
1FF0
3BB0
3BB0
33B0
F3BC
F39C
ENDCHAR
STARTCHAR 04C3
ENCODING 1219
SWIDTH 583 0
DWIDTH 14 0
BBX 12 23 1 -5
BITMAP
F8F0
F8F0
71C0
71C0
7380
7380
7700
7700
7F80
7FC0
71E0
70E0
70E0
70E0
70E0
70E0
F8E0
F8E0
00E0
01E0
07C0
0780
0700
ENDCHAR
STARTCHAR 04C4
ENCODING 1220
SWIDTH 583 0
DWIDTH 14 0
BBX 12 18 1 -5
BITMAP
F8F0
F9F0
71C0
7380
7380
7F00
7FC0
73C0
70E0
70E0
70E0
F8E0
F8E0
00E0
01E0
07C0
0780
0700
ENDCHAR
STARTCHAR 04C5
ENCODING 1221
SWIDTH 583 0
DWIDTH 14 0
BBX 14 22 0 -4
BITMAP
3FFC
3FFC
1C38
1C38
1C38
1C38
1C38
1C38
1C38
1C38
1C38
1C38
1C38
1C38
3C38
7838
F87C
E07C
001C
001C
0018
0038
ENDCHAR
STARTCHAR 04C6
ENCODING 1222
SWIDTH 583 0
DWIDTH 14 0
BBX 14 17 0 -4
BITMAP
3FFC
3FFC
1C38
1C38
1C38
1C38
1C38
1C38
1C38
1C38
7838
F87C
E07C
001C
001C
0018
0038
ENDCHAR
STARTCHAR 04C7
ENCODING 1223
SWIDTH 583 0
DWIDTH 14 0
BBX 12 23 1 -5
BITMAP
F9F0
F9F0
70E0
70E0
70E0
70E0
70E0
7FE0
7FE0
70E0
70E0
70E0
70E0
70E0
70E0
70E0
F8E0
F8E0
00E0
00E0
03E0
03C0
0380
ENDCHAR
STARTCHAR 04C8
ENCODING 1224
SWIDTH 583 0
DWIDTH 14 0
BBX 12 18 1 -5
BITMAP
F9F0
F9F0
70E0
70E0
70E0
7FE0
7FE0
70E0
70E0
70E0
70E0
F8E0
F8E0
00E0
00E0
03E0
03C0
0380
ENDCHAR
STARTCHAR 04C9
ENCODING 1225
SWIDTH 583 0
DWIDTH 14 0
BBX 12 22 1 -4
BITMAP
F9F0
F9F0
70E0
70E0
70E0
70E0
70E0
70E0
7FE0
7FE0
70E0
70E0
70E0
70E0
70E0
70E0
F9F0
F9F0
0070
0070
0060
00E0
ENDCHAR
STARTCHAR 04CA
ENCODING 1226
SWIDTH 583 0
DWIDTH 14 0
BBX 12 17 1 -4
BITMAP
F9F0
F9F0
70E0
70E0
70E0
7FE0
7FE0
70E0
70E0
70E0
70E0
F9F0
F9F0
0070
0070
0060
00E0
ENDCHAR
STARTCHAR 04CB
ENCODING 1227
SWIDTH 583 0
DWIDTH 14 0
BBX 12 22 1 -4
BITMAP
F9F0
F9F0
70E0
70E0
70E0
70E0
70E0
70E0
78E0
3FE0
1FE0
00E0
00E0
00E0
00E0
00E0
01F0
01F0
01C0
01C0
01C0
01C0
ENDCHAR
STARTCHAR 04CC
ENCODING 1228
SWIDTH 583 0
DWIDTH 14 0
BBX 12 17 1 -4
BITMAP
F9F0
F9F0
70E0
70E0
70E0
78E0
3FE0
1FE0
00E0
00E0
00E0
01F0
01F0
01C0
01C0
01C0
01C0
ENDCHAR
STARTCHAR 04CD
ENCODING 1229
SWIDTH 583 0
DWIDTH 14 0
BBX 14 22 1 -4
BITMAP
F078
F078
7878
78F8
78F8
78F8
7DF8
7DB8
75B8
77B8
7738
7738
7738
7038
7038
7038
F07C
F07C
0018
0018
0038
0038
ENDCHAR
STARTCHAR 04CE
ENCODING 1230
SWIDTH 583 0
DWIDTH 14 0
BBX 15 17 1 -4
BITMAP
F07C
F8FC
78F8
78F8
78F8
7DF8
7DB8
75B8
77B8
77B8
7738
F77E
F77C
001C
001C
0038
0038
ENDCHAR
STARTCHAR 04CF
ENCODING 1231
SWIDTH 583 0
DWIDTH 14 0
BBX 10 18 2 0
BITMAP
FE00
FE00
0E00
0E00
0E00
0E00
0E00
0E00
0E00
0E00
0E00
0E00
0E00
0E00
0E00
0E00
FFC0
FFC0
ENDCHAR
STARTCHAR 04D0
ENCODING 1232
SWIDTH 583 0
DWIDTH 14 0
BBX 12 24 1 0
BITMAP
30C0
3FC0
3FC0
1F00
0000
0000
0F00
0F00
0F00
0F00
0F00
1F80
1F80
1980
1980
39C0
3FC0
3FC0
38C0
70C0
70E0
70E0
F9F0
F9F0
ENDCHAR
STARTCHAR 04D1
ENCODING 1233
SWIDTH 583 0
DWIDTH 14 0
BBX 12 18 2 0
BITMAP
70C0
7FC0
3F80
0000
0000
3F00
7FC0
FBC0
E0E0
00E0
1FE0
7FE0
F8E0
E0E0
E0E0
FBE0
7FF0
3CF0
ENDCHAR
STARTCHAR 04D2
ENCODING 1234
SWIDTH 583 0
DWIDTH 14 0
BBX 13 24 1 0
BITMAP
3060
38E0
38E0
3060
0000
0000
0F80
0F80
0F80
0F80
0D80
1DC0
1DC0
1DC0
18C0
38E0
3FE0
3FE0
3060
3060
7070
7070
F8F8
F8F8
ENDCHAR
STARTCHAR 04D3
ENCODING 1235
SWIDTH 583 0
DWIDTH 14 0
BBX 12 18 2 0
BITMAP
3180
7BC0
7BC0
3180
0000
3F00
7FC0
FFC0
E0E0
00E0
1FE0
7FE0
F8E0
E0E0
E0E0
FBE0
7FF0
3CF0
ENDCHAR
STARTCHAR 04D4
ENCODING 1236
SWIDTH 583 0
DWIDTH 14 0
BBX 13 18 1 0
BITMAP
1FF8
1FF8
0798
0798
0F80
0F80
0F80
0F80
1BF0
1BF0
1B80
3B80
3F80
3F80
3398
7398
FBF8
FBF8
ENDCHAR
STARTCHAR 04D5
ENCODING 1237
SWIDTH 583 0
DWIDTH 14 0
BBX 13 13 1 0
BITMAP
39E0
7FF0
FFF8
E738
0738
3FF8
7FF8
F700
E700
E738
FFF8
FFF0
79E0
ENDCHAR
STARTCHAR 04D6
ENCODING 1238
SWIDTH 583 0
DWIDTH 14 0
BBX 11 24 1 0
BITMAP
70C0
3BC0
3FC0
1F00
0000
0000
FFE0
FFE0
70E0
70E0
7000
7000
7000
7000
7F00
7F00
7000
7000
7000
7000
70E0
70E0
FFE0
FFE0
ENDCHAR
STARTCHAR 04D7
ENCODING 1239
SWIDTH 583 0
DWIDTH 14 0
BBX 11 18 2 0
BITMAP
7BC0
7FC0
1F00
0000
0000
1F00
7FC0
7BC0
E0E0
E0E0
FFE0
FFE0
E000
E000
E0E0
7FC0
7FC0
1F00
ENDCHAR
STARTCHAR 04D8
ENCODING 1240
SWIDTH 583 0
DWIDTH 14 0
BBX 11 18 2 0
BITMAP
EF80
FFC0
FBC0
E0E0
E0E0
00E0
00E0
00E0
FFE0
FFE0
E0E0
E0E0
E0E0
E0E0
E1E0
7BC0
7FC0
1F00
ENDCHAR
STARTCHAR 04D9
ENCODING 1241
SWIDTH 583 0
DWIDTH 14 0
BBX 11 13 2 0
BITMAP
EF80
FFC0
F3C0
E0E0
00E0
FFE0
FFE0
E0E0
E0E0
E1E0
7BC0
7FC0
1F00
ENDCHAR
STARTCHAR 04DA
ENCODING 1242
SWIDTH 583 0
DWIDTH 14 0
BBX 11 24 2 0
BITMAP
3180
7BC0
7BC0
3180
0000
0000
EF80
FFC0
FBC0
E0E0
E0E0
00E0
00E0
00E0
FFE0
FFE0
E0E0
E0E0
E0E0
E0E0
E1E0
7BC0
7FC0
1F00
ENDCHAR
STARTCHAR 04DB
ENCODING 1243
SWIDTH 583 0
DWIDTH 14 0
BBX 11 18 2 0
BITMAP
3180
7BC0
7BC0
3180
0000
EF80
FFC0
F3C0
E0E0
00E0
FFE0
FFE0
E0E0
E0E0
E1E0
7BC0
7FC0
1F00
ENDCHAR
STARTCHAR 04DC
ENCODING 1244
SWIDTH 583 0
DWIDTH 14 0
BBX 14 24 1 0
BITMAP
18C0
3DE0
3DE0
18C0
0000
0000
E73C
E73C
7730
7770
3770
3760
3760
3F60
3FE0
3FE0
3760
3760
3760
3770
7770
7730
E73C
E73C
ENDCHAR
STARTCHAR 04DD
ENCODING 1245
SWIDTH 583 0
DWIDTH 14 0
BBX 14 18 1 0
BITMAP
18C0
3DE0
3DE0
18C0
0000
E73C
E73C
7770
7770
3760
3760
3FE0
3FE0
3760
3770
7770
E73C
E73C
ENDCHAR
STARTCHAR 04DE
ENCODING 1246
SWIDTH 583 0
DWIDTH 14 0
BBX 11 24 2 0
BITMAP
3180
7BC0
7BC0
3180
0000
0000
EF80
FFC0
FBC0
E0E0
E0E0
00E0
01C0
0FC0
0F80
03C0
01E0
00E0
00E0
E0E0
E1E0
7BC0
7F80
1F00
ENDCHAR
STARTCHAR 04DF
ENCODING 1247
SWIDTH 583 0
DWIDTH 14 0
BBX 11 18 2 0
BITMAP
6180
F3C0
F3C0
6180
0000
EF80
FFC0
F3C0
E1E0
01C0
0FC0
0F80
03C0
00E0
E0E0
FBE0
7FC0
3F00
ENDCHAR
STARTCHAR 04E0
ENCODING 1248
SWIDTH 583 0
DWIDTH 14 0
BBX 11 18 2 0
BITMAP
FFC0
FFC0
E1C0
E380
0700
0E00
1C00
1F00
1F80
03C0
01E0
00E0
00E0
E0E0
E1E0
7BC0
7F80
1F00
ENDCHAR
STARTCHAR 04E1
ENCODING 1249
SWIDTH 583 0
DWIDTH 14 0
BBX 11 18 2 -5
BITMAP
FFC0
FFC0
E1C0
E380
0700
0E00
1C00
1F80
1FC0
01C0
00E0
00E0
00E0
00E0
E1E0
FBC0
7F80
3F00
ENDCHAR
STARTCHAR 04E2
ENCODING 1250
SWIDTH 583 0
DWIDTH 14 0
BBX 12 23 1 0
BITMAP
3FC0
3FC0
0000
0000
0000
F9F0
F9F0
70E0
70E0
71E0
71E0
73E0
73E0
76E0
76E0
7CE0
7CE0
78E0
78E0
78E0
70E0
F9F0
F9F0
ENDCHAR
STARTCHAR 04E3
ENCODING 1251
SWIDTH 583 0
DWIDTH 14 0
BBX 12 18 1 0
BITMAP
3FC0
3FC0
0000
0000
0000
F9F0
F9F0
70E0
71E0
73E0
73E0
76E0
7EE0
7CE0
78E0
70E0
F9F0
F9F0
ENDCHAR
STARTCHAR 04E4
ENCODING 1252
SWIDTH 583 0
DWIDTH 14 0
BBX 13 24 1 0
BITMAP
3060
38E0
38E0
3060
0000
0000
F8F8
F8F8
70E0
70E0
71E0
71E0
73E0
73E0
76E0
76E0
7CE0
7CE0
78E0
78E0
78E0
70E0
F8F8
F8F8
ENDCHAR
STARTCHAR 04E5
ENCODING 1253
SWIDTH 583 0
DWIDTH 14 0
BBX 13 18 1 0
BITMAP
3060
38E0
38E0
3060
0000
F8F8
F8F8
70E0
71E0
73E0
73E0
76E0
7EE0
7CE0
78E0
70E0
F8F8
F8F8
ENDCHAR
STARTCHAR 04E6
ENCODING 1254
SWIDTH 583 0
DWIDTH 14 0
BBX 11 24 2 0
BITMAP
3180
7BC0
7BC0
3180
0000
0000
1F00
7FC0
7BC0
E1E0
E0E0
E0E0
E0E0
E0E0
E0E0
E0E0
E0E0
E0E0
E0E0
E0E0
E1E0
7BC0
7FC0
1F00
ENDCHAR
STARTCHAR 04E7
ENCODING 1255
SWIDTH 583 0
DWIDTH 14 0
BBX 11 18 2 0
BITMAP
3180
7BC0
7BC0
3180
0000
1F00
7FC0
7BC0
E0E0
E0E0
E0E0
E0E0
E0E0
E0E0
E0E0
7BC0
7FC0
1F00
ENDCHAR
STARTCHAR 04E8
ENCODING 1256
SWIDTH 583 0
DWIDTH 14 0
BBX 11 18 2 0
BITMAP
1F00
7FC0
7BC0
E0E0
E0E0
E0E0
E0E0
E0E0
FFE0
FFE0
E0E0
E0E0
E0E0
E0E0
E1E0
7BC0
7FC0
1F00
ENDCHAR
STARTCHAR 04E9
ENCODING 1257
SWIDTH 583 0
DWIDTH 14 0
BBX 11 13 2 0
BITMAP
1F00
7FC0
7BC0
E0E0
E0E0
FFE0
FFE0
E0E0
E0E0
E1E0
7BC0
7FC0
1F00
ENDCHAR
STARTCHAR 04EA
ENCODING 1258
SWIDTH 583 0
DWIDTH 14 0
BBX 11 24 2 0
BITMAP
3180
7BC0
7BC0
3180
0000
0000
1F00
7FC0
7BC0
E0E0
E0E0
E0E0
E0E0
E0E0
FFE0
FFE0
E0E0
E0E0
E0E0
E0E0
E1E0
7BC0
7FC0
1F00
ENDCHAR
STARTCHAR 04EB
ENCODING 1259
SWIDTH 583 0
DWIDTH 14 0
BBX 11 18 2 0
BITMAP
3180
7BC0
7BC0
3180
0000
1F00
7FC0
7BC0
E0E0
E0E0
FFE0
FFE0
E0E0
E0E0
E1E0
7BC0
7FC0
1F00
ENDCHAR
STARTCHAR 04EC
ENCODING 1260
SWIDTH 583 0
DWIDTH 14 0
BBX 11 24 2 0
BITMAP
6180
F3C0
F3C0
6180
0000
0000
EF80
FFC0
FBC0
E0E0
E0E0
00E0
00E0
00E0
0FE0
0FE0
00E0
00E0
00E0
E0E0
E0E0
7BC0
7FC0
1F00
ENDCHAR
STARTCHAR 04ED
ENCODING 1261
SWIDTH 583 0
DWIDTH 14 0
BBX 11 18 2 0
BITMAP
6180
F3C0
F3C0
6180
0000
EF80
FFC0
FBC0
E0E0
E0E0
0FE0
0FE0
00E0
E0E0
E1E0
7BC0
7FC0
1F00
ENDCHAR
STARTCHAR 04EE
ENCODING 1262
SWIDTH 583 0
DWIDTH 14 0
BBX 12 23 1 0
BITMAP
3FC0
3FC0
0000
0000
0000
F9F0
F9F0
70E0
39C0
39C0
39C0
1980
1F80
1F80
0F00
0F00
0F00
0600
0E00
0E00
3C00
7C00
7800
ENDCHAR
STARTCHAR 04EF
ENCODING 1263
SWIDTH 583 0
DWIDTH 14 0
BBX 12 23 1 -5
BITMAP
3FC0
3FC0
0000
0000
0000
F9F0
F9F0
70E0
39C0
39C0
39C0
1980
1F80
1F80
0F00
0F00
0F00
0600
0E00
0E00
3C00
7C00
7800
ENDCHAR
STARTCHAR 04F0
ENCODING 1264
SWIDTH 583 0
DWIDTH 14 0
BBX 13 24 1 0
BITMAP
3060
38E0
38E0
3060
0000
0000
F8F8
F8F8
3060
38E0
38E0
18C0
1DC0
1DC0
0D80
0F80
0F80
0F00
0700
0F00
0E00
3E00
7C00
7800
ENDCHAR
STARTCHAR 04F1
ENCODING 1265
SWIDTH 583 0
DWIDTH 14 0
BBX 13 23 1 -5
BITMAP
3060
38E0
38E0
3060
0000
F8F8
F8F8
3060
38E0
38E0
18C0
1DC0
1DC0
0D80
0F80
0F80
0F00
0700
0F00
0E00
3E00
7C00
7800
ENDCHAR
STARTCHAR 04F2
ENCODING 1266
SWIDTH 583 0
DWIDTH 14 0
BBX 12 24 1 0
BITMAP
0460
0EF0
1DE0
3980
1000
0000
F9F0
F9F0
30E0
39C0
39C0
39C0
1980
1F80
1F80
0F00
0F00
0F00
0600
0E00
0E00
3C00
7C00
7800
ENDCHAR
STARTCHAR 04F3
ENCODING 1267
SWIDTH 583 0
DWIDTH 14 0
BBX 12 24 1 -5
BITMAP
0460
0EF0
1DE0
3980
1000
0000
F9F0
F9F0
30E0
39C0
39C0
39C0
1980
1F80
1F80
0F00
0F00
0F00
0600
0E00
0E00
3C00
7C00
7800
ENDCHAR
STARTCHAR 04F4
ENCODING 1268
SWIDTH 583 0
DWIDTH 14 0
BBX 13 24 1 0
BITMAP
3060
38E0
38E0
3060
0000
0000
F8F8
F8F8
70E0
70E0
70E0
70E0
70E0
70E0
78E0
3FE0
1FE0
00E0
00E0
00E0
00E0
00E0
01F8
01F8
ENDCHAR
STARTCHAR 04F5
ENCODING 1269
SWIDTH 583 0
DWIDTH 14 0
BBX 13 18 1 0
BITMAP
3060
38E0
38E0
3060
0000
F8F8
F8F8
70E0
70E0
70E0
78E0
3FE0
1FE0
00E0
00E0
00E0
01F8
01F8
ENDCHAR
STARTCHAR 04F6
ENCODING 1270
SWIDTH 583 0
DWIDTH 14 0
BBX 11 22 2 -4
BITMAP
FFE0
FFE0
70E0
70E0
7000
7000
7000
7000
7000
7000
7000
7000
7000
7000
7000
7000
FC00
FC00
1C00
1C00
1C00
1C00
ENDCHAR
STARTCHAR 04F7
ENCODING 1271
SWIDTH 583 0
DWIDTH 14 0
BBX 11 17 2 -4
BITMAP
FFE0
FFE0
70E0
70E0
7000
7000
7000
7000
7000
7000
7000
FC00
FC00
1C00
1C00
1C00
1C00
ENDCHAR
STARTCHAR 04F8
ENCODING 1272
SWIDTH 583 0
DWIDTH 14 0
BBX 14 24 1 0
BITMAP
1860
3CF0
3CF0
1860
0000
0000
F87C
F87C
7038
7038
7038
7038
7038
7E38
7F38
77B8
73B8
73B8
73B8
73B8
73B8
7738
FF7C
FE7C
ENDCHAR
STARTCHAR 04F9
ENCODING 1273
SWIDTH 583 0
DWIDTH 14 0
BBX 14 18 1 0
BITMAP
1860
3CF0
3CF0
1860
0000
F87C
F87C
7038
7038
7038
7F38
7FB8
73B8
73B8
73B8
77B8
FF7C
FE7C
ENDCHAR
STARTCHAR 04FA
ENCODING 1274
SWIDTH 583 0
DWIDTH 14 0
BBX 12 23 1 -5
BITMAP
7FF0
7FF0
3870
3870
3800
3800
3800
3800
FE00
FE00
3800
3800
3800
3800
3800
3800
7E00
7E00
0E00
0E00
3E00
3C00
3800
ENDCHAR
STARTCHAR 04FB
ENCODING 1275
SWIDTH 583 0
DWIDTH 14 0
BBX 12 18 1 -5
BITMAP
7FF0
7FF0
3870
3870
3800
FE00
FE00
3800
3800
3800
3800
7E00
7E00
0E00
0E00
3E00
3C00
3800
ENDCHAR
STARTCHAR 04FC
ENCODING 1276
SWIDTH 583 0
DWIDTH 14 0
BBX 12 23 1 -5
BITMAP
F9F0
F9F0
39C0
39C0
1F80
1F80
0F00
0F00
0600
0600
0F00
0F00
1F80
1F80
39C0
39C0
F9F0
F9F0
0070
0070
01F0
01E0
01C0
ENDCHAR
STARTCHAR 04FD
ENCODING 1277
SWIDTH 583 0
DWIDTH 14 0
BBX 12 18 1 -5
BITMAP
F9F0
F9F0
3980
1F80
0F00
0F00
0600
0F00
1F00
1F80
3980
F9F0
F9F0
0070
0070
01F0
01E0
01C0
ENDCHAR
STARTCHAR 04FE
ENCODING 1278
SWIDTH 583 0
DWIDTH 14 0
BBX 12 18 1 0
BITMAP
F9F0
F9F0
39E0
39C0
1FC0
1F80
0F80
0F00
3FE0
3FE0
0F00
0F80
1F80
1DC0
39C0
39E0
F9F0
F9F0
ENDCHAR
STARTCHAR 04FF
ENCODING 1279
SWIDTH 583 0
DWIDTH 14 0
BBX 12 13 1 0
BITMAP
F9F0
F9F0
39C0
1FC0
0F80
0F00
3FE0
3FE0
0F80
1FC0
39C0
F9F0
F9F0
ENDCHAR
STARTCHAR 0500
ENCODING 1280
SWIDTH 583 0
DWIDTH 14 0
BBX 12 18 2 0
BITMAP
01F0
01F0
01C0
01C0
01C0
01C0
01C0
3FC0
7FC0
79C0
E1C0
E1C0
E1C0
E1C0
E1C0
79C0
7FF0
1FF0
ENDCHAR
STARTCHAR 0501
ENCODING 1281
SWIDTH 583 0
DWIDTH 14 0
BBX 11 18 2 0
BITMAP
03C0
03C0
01C0
01C0
01C0
3DC0
7FC0
FFC0
E1C0
E1C0
E1C0
E1C0
E1C0
E1C0
E1C0
FFC0
7FE0
3DE0
ENDCHAR
STARTCHAR 0502
ENCODING 1282
SWIDTH 583 0
DWIDTH 14 0
BBX 13 18 1 0
BITMAP
0F80
0F80
0700
0700
0700
0700
0700
3F00
7F78
F778
E770
E770
E770
E770
E770
FF70
7FE0
39E0
ENDCHAR
STARTCHAR 0503
ENCODING 1283
SWIDTH 583 0
DWIDTH 14 0
BBX 13 18 1 0
BITMAP
0F00
0F00
0700
0700
0700
7700
FF00
E700
E700
E700
E778
E778
E770
E770
E770
FF70
FFF0
79E0
ENDCHAR
STARTCHAR 0504
ENCODING 1284
SWIDTH 583 0
DWIDTH 14 0
BBX 13 18 1 0
BITMAP
FC00
FE00
EE00
EE00
EE00
0E00
0E00
1C78
1C78
0E70
0770
0770
0770
0770
0770
07F0
07E0
03C0
ENDCHAR
STARTCHAR 0505
ENCODING 1285
SWIDTH 583 0
DWIDTH 14 0
BBX 13 13 1 0
BITMAP
FE00
FE00
E700
E700
0700
1E78
1E78
0770
0770
0770
07F0
03E0
01C0
ENDCHAR
STARTCHAR 0506
ENCODING 1286
SWIDTH 583 0
DWIDTH 14 0
BBX 12 22 2 -4
BITMAP
EF00
FF80
FFC0
E1C0
E1C0
01C0
01C0
0780
0F80
0F80
01C0
00E0
00E0
00E0
00E0
00E0
00F0
00F0
0070
0070
0070
0070
ENDCHAR
STARTCHAR 0507
ENCODING 1287
SWIDTH 583 0
DWIDTH 14 0
BBX 12 17 2 -4
BITMAP
EF80
FFC0
FBC0
E0C0
01C0
0FC0
0F80
03C0
00E0
00E0
00E0
00F0
00F0
0070
0070
0070
0070
ENDCHAR
STARTCHAR 0508
ENCODING 1288
SWIDTH 583 0
DWIDTH 14 0
BBX 14 18 0 0
BITMAP
7FC0
7FC0
3B80
3B80
3B80
3B80
3B80
3B80
3BBC
3BBC
3B9C
3B9C
3B9C
3B9C
3B9C
F3FC
F1F8
E0F0
ENDCHAR
STARTCHAR 0509
ENCODING 1289
SWIDTH 583 0
DWIDTH 14 0
BBX 14 13 0 0
BITMAP
7FC0
7FC0
3B80
3B80
3B80
3BBC
3BBC
3B9C
3B9C
3B9C
F3FC
F1F8
E0F0
ENDCHAR
STARTCHAR 050A
ENCODING 1290
SWIDTH 583 0
DWIDTH 14 0
BBX 13 18 1 0
BITMAP
F780
F780
7700
7700
7700
7700
7700
7700
7F78
7F78
7770
7770
7770
7770
7770
77F0
F3F0
F1E0
ENDCHAR
STARTCHAR 050B
ENCODING 1291
SWIDTH 583 0
DWIDTH 14 0
BBX 13 13 1 0
BITMAP
F780
F780
7700
7700
7700
7F78
7F78
7770
7770
7770
77F0
F3F0
F1E0
ENDCHAR
STARTCHAR 050C
ENCODING 1292
SWIDTH 583 0
DWIDTH 14 0
BBX 12 18 2 0
BITMAP
1F00
7FC0
7FC0
E1C0
E1C0
E000
E000
E000
E1F0
E1F0
E1C0
E1C0
E1C0
E1C0
E1C0
7F80
7F80
1E00
ENDCHAR
STARTCHAR 050D
ENCODING 1293
SWIDTH 583 0
DWIDTH 14 0
BBX 12 13 2 0
BITMAP
3DC0
7FC0
FFC0
E1C0
E000
E1F0
E1F0
E1C0
E1C0
E1C0
7F80
7F80
1E00
ENDCHAR
STARTCHAR 050E
ENCODING 1294
SWIDTH 583 0
DWIDTH 14 0
BBX 14 18 1 0
BITMAP
FFE0
FFE0
CE60
CE60
0E00
0E00
0E00
0E00
0E7C
0E7C
0E38
0E38
0E38
0E38
0E38
0F78
07F0
03E0
ENDCHAR
STARTCHAR 050F
ENCODING 1295
SWIDTH 583 0
DWIDTH 14 0
BBX 14 13 1 0
BITMAP
FFE0
FFE0
CE60
CE60
0E00
0E7C
0E7C
0E38
0E38
0E38
0F78
07F0
03E0
ENDCHAR
STARTCHAR 0510
ENCODING 1296
SWIDTH 583 0
DWIDTH 14 0
BBX 11 18 2 0
BITMAP
3EE0
7FE0
7FE0
E0E0
E0E0
E000
F000
7E00
3E00
7800
E000
E000
E000
E0E0
E1E0
7FC0
7FC0
1F00
ENDCHAR
STARTCHAR 0511
ENCODING 1297
SWIDTH 583 0
DWIDTH 14 0
BBX 11 13 2 0
BITMAP
3EE0
7FE0
7BE0
E0E0
F000
7E00
7E00
F800
E000
E0E0
FBE0
7FC0
3F80
ENDCHAR
STARTCHAR 0512
ENCODING 1298
SWIDTH 583 0
DWIDTH 14 0
BBX 14 23 0 -5
BITMAP
3FFC
3FFC
1C38
1C38
1C38
1C38
1C38
1C38
1C38
1C38
1C38
1C38
1C38
1C38
3C38
7838
F87C
E07C
001C
001C
007C
0078
0070
ENDCHAR
STARTCHAR 0513
ENCODING 1299
SWIDTH 583 0
DWIDTH 14 0
BBX 14 18 0 -5
BITMAP
3FFC
3FFC
1C38
1C38
1C38
1C38
1C38
1C38
1C38
1C38
7838
F87C
E07C
001C
001C
007C
0078
0070
ENDCHAR
STARTCHAR 0514
ENCODING 1300
SWIDTH 583 0
DWIDTH 14 0
BBX 14 18 0 0
BITMAP
7F1C
7F1C
3B18
3BB8
39B0
39B0
39F0
38E0
38E0
38E0
38E0
39F0
39B0
39B0
3BB8
7318
F71C
E71C
ENDCHAR
STARTCHAR 0515
ENCODING 1301
SWIDTH 583 0
DWIDTH 14 0
BBX 14 13 0 0
BITMAP
7F1C
7F3C
3BB8
39B0
39F0
38E0
38E0
38E0
39F0
39B0
73B8
F79C
E71C
ENDCHAR
STARTCHAR 0516
ENCODING 1302
SWIDTH 583 0
DWIDTH 14 0
BBX 13 18 1 0
BITMAP
FC78
FE78
7F60
77E0
73C0
73C0
7380
7300
7F00
7F00
7F80
7380
71C0
70C0
70E0
7060
F878
F878
ENDCHAR
STARTCHAR 0517
ENCODING 1303
SWIDTH 583 0
DWIDTH 14 0
BBX 14 18 1 -5
BITMAP
F63C
FF7C
7F70
77E0
77C0
7780
7780
7780
77C0
77E0
7F70
7F7C
763C
7000
7000
7000
F800
F800
ENDCHAR
STARTCHAR 0518
ENCODING 1304
SWIDTH 583 0
DWIDTH 14 0
BBX 13 18 0 0
BITMAP
1FF8
3FF8
3B98
7398
7380
7380
7380
7380
3BF0
3FF0
1F80
1F80
1B80
1B80
3B98
3398
F3F8
F3F8
ENDCHAR
STARTCHAR 0519
ENCODING 1305
SWIDTH 583 0
DWIDTH 14 0
BBX 13 13 0 0
BITMAP
1FF0
3FF8
7BB8
73B8
73B8
73F8
3FF8
3F80
1F80
3BB8
3BF8
F3F0
F1E0
ENDCHAR
STARTCHAR 051A
ENCODING 1306
SWIDTH 583 0
DWIDTH 14 0
BBX 12 19 2 -1
BITMAP
1F00
7FC0
7BC0
E1E0
E0E0
E0E0
E0E0
E0E0
E0E0
E0E0
E0E0
EEE0
E6E0
E7E0
E3E0
7FC0
7FC0
1FE0
0070
ENDCHAR
STARTCHAR 051B
ENCODING 1307
SWIDTH 583 0
DWIDTH 14 0
BBX 12 18 2 -5
BITMAP
3DF0
7FF0
FFC0
E1C0
E1C0
E1C0
E1C0
E1C0
E1C0
E1C0
FFC0
7FC0
3DC0
01C0
01C0
01C0
03F0
03F0
ENDCHAR
STARTCHAR 051C
ENCODING 1308
SWIDTH 583 0
DWIDTH 14 0
BBX 13 18 1 0
BITMAP
F078
F078
6030
6030
6030
6730
6730
7770
7770
3560
3DE0
3DE0
3DE0
3DE0
3DE0
38E0
38E0
18C0
ENDCHAR
STARTCHAR 051D
ENCODING 1309
SWIDTH 583 0
DWIDTH 14 0
BBX 13 13 1 0
BITMAP
F078
F078
6030
6030
6730
7770
3560
3DE0
3DE0
3DE0
3DE0
38E0
18C0
ENDCHAR
STARTCHAR 051E
ENCODING 1310
SWIDTH 583 0
DWIDTH 14 0
BBX 12 18 1 0
BITMAP
F8F0
FCF0
7FC0
77C0
7380
73C0
77E0
7740
7E00
7F00
7700
7300
7380
7380
71C0
71C0
F8F0
F8F0
ENDCHAR
STARTCHAR 051F
ENCODING 1311
SWIDTH 583 0
DWIDTH 14 0
BBX 12 13 1 0
BITMAP
FCF0
FEF0
77C0
73C0
73C0
77E0
7F40
7F00
7380
7380
71C0
F9F0
F8F0
ENDCHAR
STARTCHAR 0520
ENCODING 1312
SWIDTH 583 0
DWIDTH 14 0
BBX 14 23 0 -5
BITMAP
7FC0
7FC0
3B80
3B80
3B80
3B80
3BB0
3BF8
3BBC
3B9C
3B9C
3B9C
3B9C
3B9C
3B9C
F39C
F7DC
E7DC
001C
001C
0078
0078
0060
ENDCHAR
STARTCHAR 0521
ENCODING 1313
SWIDTH 583 0
DWIDTH 14 0
BBX 14 18 0 -5
BITMAP
7FC0
7FC0
3B80
3B80
3BB0
3BF8
3BFC
3B9C
3B9C
3B9C
F39C
F7DC
E7DC
001C
001C
0078
0078
0060
ENDCHAR
STARTCHAR 0522
ENCODING 1314
SWIDTH 583 0
DWIDTH 14 0
BBX 13 23 1 -5
BITMAP
F780
F780
7700
7700
7700
7760
77F0
7F30
7F38
7738
7738
7738
7738
7738
7738
7738
F7B8
F7B8
0038
0038
00F0
00F0
00E0
ENDCHAR
STARTCHAR 0523
ENCODING 1315
SWIDTH 583 0
DWIDTH 14 0
BBX 13 18 1 -5
BITMAP
F780
F780
7700
7700
7770
7FF0
7F38
7738
7738
7738
7738
F7B8
F7B8
0038
0038
00F0
00F0
00E0
ENDCHAR
STARTCHAR 0524
ENCODING 1316
SWIDTH 583 0
DWIDTH 14 0
BBX 13 22 1 -4
BITMAP
FFF8
FFF8
70E0
70E0
70E0
70E0
70E0
70E0
70E0
70E0
70E0
70E0
70E0
70E0
70E0
70E0
F9F8
F9F8
0038
0038
0038
0038
ENDCHAR
STARTCHAR 0525
ENCODING 1317
SWIDTH 583 0
DWIDTH 14 0
BBX 13 17 1 -4
BITMAP
FFF8
FFF8
70E0
70E0
70E0
70E0
70E0
70E0
70E0
70E0
70E0
F9F8
F9F8
0038
0038
0038
0038
ENDCHAR
STARTCHAR 0526
ENCODING 1318
SWIDTH 583 0
DWIDTH 14 0
BBX 13 22 1 -4
BITMAP
F800
F800
7000
7000
7000
7000
7000
7F80
7FC0
71E0
70E0
70E0
70E0
70E0
70E0
70E0
F9F8
F9F8
0038
0038
0038
0038
ENDCHAR
STARTCHAR 0527
ENCODING 1319
SWIDTH 583 0
DWIDTH 14 0
BBX 13 22 1 -4
BITMAP
F000
F000
7000
7000
7000
7780
77C0
7FE0
70E0
70E0
70E0
70E0
70E0
70E0
70E0
70E0
F9F8
F9F8
0038
0038
0038
0038
ENDCHAR
STARTCHAR 0528
ENCODING 1320
SWIDTH 583 0
DWIDTH 14 0
BBX 13 23 1 -5
BITMAP
7CF8
7CF8
3870
3870
3870
3870
3870
3FF0
3FF0
3870
3870
3870
3870
3870
3870
3870
38F8
38F8
3800
3800
F800
F000
E000
ENDCHAR
STARTCHAR 0529
ENCODING 1321
SWIDTH 583 0
DWIDTH 14 0
BBX 13 18 1 -5
BITMAP
7CF8
7CF8
3870
3870
3870
3FF0
3FF0
3870
3870
3870
3870
38F8
38F8
3800
3800
F800
F000
E000
ENDCHAR
STARTCHAR 052A
ENCODING 1322
SWIDTH 583 0
DWIDTH 14 0
BBX 14 21 1 -3
BITMAP
7F9C
7F9C
6DB8
6DB0
6DB0
6DB0
6DB0
6DF0
6FF0
6FF0
6DF0
6DB0
6DB0
6DB0
6DB0
6DB8
FF9C
FF9C
C200
C200
C200
ENDCHAR
STARTCHAR 052B
ENCODING 1323
SWIDTH 583 0
DWIDTH 14 0
BBX 14 16 1 -3
BITMAP
7F9C
7FBC
2DB0
2DB0
2DB0
2DB0
2FF0
2FF0
2DB0
2DB0
2DB0
FFBC
FF9C
C200
C200
C200
ENDCHAR
STARTCHAR 052C
ENCODING 1324
SWIDTH 583 0
DWIDTH 14 0
BBX 12 22 1 -4
BITMAP
F9F0
F9F0
70E0
70E0
71E0
71E0
73E0
73E0
7EE0
3FE0
1FE0
1CE0
18E0
38E0
30E0
70E0
FFF0
FFF0
E070
E070
E070
E070
ENDCHAR
STARTCHAR 052D
ENCODING 1325
SWIDTH 583 0
DWIDTH 14 0
BBX 12 17 1 -4
BITMAP
F9F0
F9F0
70E0
71E0
73E0
7BE0
3FE0
1FE0
1FE0
38E0
70E0
FFF0
FFF0
E070
E070
E070
E070
ENDCHAR
STARTCHAR 052E
ENCODING 1326
SWIDTH 583 0
DWIDTH 14 0
BBX 14 22 0 -4
BITMAP
3FFC
3FFC
1C38
1C38
1C38
1C38
1C38
1C38
1C38
1C38
1C38
1C38
1C38
1C38
3C38
7838
F87C
E07C
001C
001C
001C
001C
ENDCHAR
STARTCHAR 052F
ENCODING 1327
SWIDTH 583 0
DWIDTH 14 0
BBX 14 17 0 -4
BITMAP
3FFC
3FFC
1C38
1C38
1C38
1C38
1C38
1C38
1C38
1C38
7838
F87C
E07C
001C
001C
001C
001C
ENDCHAR
STARTCHAR 0531
ENCODING 1329
SWIDTH 583 0
DWIDTH 14 0
BBX 12 19 1 -1
BITMAP
F9F0
F9F0
70E0
70E0
70E0
70E0
70E0
70E0
70E0
70E0
70E0
76E0
77E0
73E0
71E0
3FC0
3FE0
0F60
0070
ENDCHAR
STARTCHAR 0532
ENCODING 1330
SWIDTH 583 0
DWIDTH 14 0
BBX 12 18 1 0
BITMAP
0F80
3FC0
3FE0
70E0
7070
7000
7000
7000
7000
7000
7000
7FF0
7FF0
7000
7000
7000
F800
F800
ENDCHAR
STARTCHAR 0533
ENCODING 1331
SWIDTH 583 0
DWIDTH 14 0
BBX 13 18 2 0
BITMAP
1E00
7F80
7F80
E1C0
E1C0
E1C0
E1C0
E1C0
E1C0
E1C0
79C0
7FF8
3FF8
01C0
01C0
01C0
01F0
01F0
ENDCHAR
STARTCHAR 0534
ENCODING 1332
SWIDTH 583 0
DWIDTH 14 0
BBX 14 18 2 0
BITMAP
1F00
3FC0
7FC0
70E0
E0E0
00E0
00E0
00E0
00E0
00E0
00E0
00FC
00FC
00E0
00E0
00E0
01F0
01F0
ENDCHAR
STARTCHAR 0535
ENCODING 1333
SWIDTH 583 0
DWIDTH 14 0
BBX 12 18 1 0
BITMAP
F800
F800
7000
7000
7000
7FF0
7FF0
7000
7000
7000
7000
7000
7000
7060
70E0
3FE0
3FC0
0F80
ENDCHAR
STARTCHAR 0536
ENCODING 1334
SWIDTH 583 0
DWIDTH 14 0
BBX 10 18 2 0
BITMAP
3E00
7F80
FF80
E1C0
E1C0
01C0
01C0
01C0
01C0
01C0
01C0
01C0
01C0
0380
C600
F800
FFC0
FFC0
ENDCHAR
STARTCHAR 0537
ENCODING 1335
SWIDTH 583 0
DWIDTH 14 0
BBX 12 18 1 0
BITMAP
F800
F800
7000
7000
7000
7FF0
7FF0
7000
7000
7000
7000
7000
7000
7000
7000
7000
FF80
FF80
ENDCHAR
STARTCHAR 0538
ENCODING 1336
SWIDTH 583 0
DWIDTH 14 0
BBX 11 18 1 0
BITMAP
0F80
3FC0
3FE0
70E0
70E0
7000
7000
7000
7000
7000
7000
7000
7000
7000
7000
7000
FFE0
FFE0
ENDCHAR
STARTCHAR 0539
ENCODING 1337
SWIDTH 583 0
DWIDTH 14 0
BBX 14 18 1 0
BITMAP
0F80
3FC0
3FE0
70E0
70E0
70E0
70E0
70E0
70E0
70E0
73FC
77FC
77E0
77E0
77E0
77E0
FBC0
FB80
ENDCHAR
STARTCHAR 053A
ENCODING 1338
SWIDTH 583 0
DWIDTH 14 0
BBX 13 18 2 0
BITMAP
01F0
01F0
01C0
01C0
01C0
1FF8
7FF8
79C0
E1C0
E1C0
E1C0
E1C0
E1C0
E1C0
E1C0
7F80
7F80
1E00
ENDCHAR
STARTCHAR 053B
ENCODING 1339
SWIDTH 583 0
DWIDTH 14 0
BBX 12 18 1 0
BITMAP
F800
F800
7000
7000
7000
7380
77C0
7FE0
70E0
70E0
70E0
71F0
71F0
7000
7000
7000
F800
F800
ENDCHAR
STARTCHAR 053C
ENCODING 1340
SWIDTH 583 0
DWIDTH 14 0
BBX 11 18 1 0
BITMAP
F800
F800
7000
7000
7000
7000
7000
7000
7000
7000
7000
7000
7000
7000
7000
7000
FFE0
FFE0
ENDCHAR
STARTCHAR 053D
ENCODING 1341
SWIDTH 583 0
DWIDTH 14 0
BBX 14 18 1 0
BITMAP
F000
F000
7000
7000
7000
7F3C
7F3C
7738
7738
7738
7738
7738
7738
7738
7738
77F8
F3F0
F1E0
ENDCHAR
STARTCHAR 053E
ENCODING 1342
SWIDTH 583 0
DWIDTH 14 0
BBX 13 18 1 0
BITMAP
E1F8
EFF8
FFC0
FFC0
79E0
70E0
70E0
70E0
70E0
70E0
70E0
70E0
70E0
70E0
70E0
3FC0
3FC0
0F00
ENDCHAR
STARTCHAR 053F
ENCODING 1343
SWIDTH 583 0
DWIDTH 14 0
BBX 12 18 1 0
BITMAP
F800
F800
7000
7000
7000
71F0
71F0
70E0
70E0
70E0
3FE0
3FE0
1EE0
00E0
00E0
00E0
01F0
01F0
ENDCHAR
STARTCHAR 0540
ENCODING 1344
SWIDTH 583 0
DWIDTH 14 0
BBX 13 18 0 0
BITMAP
1F80
1FE0
01E0
0070
0070
0070
0070
01E0
FFE0
FFE0
00F0
0070
0070
0070
0070
0070
00F8
00F8
ENDCHAR
STARTCHAR 0541
ENCODING 1345
SWIDTH 583 0
DWIDTH 14 0
BBX 11 19 2 -1
BITMAP
1F00
3FC0
7BC0
70E0
E0E0
00E0
00E0
00E0
00E0
00E0
00E0
3CE0
7EE0
7FC0
E3C0
7FC0
7FC0
1FE0
0080
ENDCHAR
STARTCHAR 0542
ENCODING 1346
SWIDTH 583 0
DWIDTH 14 0
BBX 13 18 2 0
BITMAP
1F00
3FC0
7FC0
70E0
E0E0
00E0
00E0
00E0
00E0
00E0
00E0
00E0
00E0
00E0
00E0
00E0
01F8
01F8
ENDCHAR
STARTCHAR 0543
ENCODING 1347
SWIDTH 583 0
DWIDTH 14 0
BBX 11 18 1 0
BITMAP
1F00
3F00
7C00
7000
7000
FF80
FFC0
73C0
70E0
70E0
70E0
70E0
70E0
70E0
70E0
3CE0
3FE0
0FE0
ENDCHAR
STARTCHAR 0544
ENCODING 1348
SWIDTH 583 0
DWIDTH 14 0
BBX 14 18 1 0
BITMAP
F8FC
F8FC
70E0
70E0
70E0
70E0
70E0
70E0
70E0
70E0
70E0
70E0
70E0
70E0
70E0
3FC0
3FC0
0F00
ENDCHAR
STARTCHAR 0545
ENCODING 1349
SWIDTH 583 0
DWIDTH 14 0
BBX 11 18 2 0
BITMAP
1F00
3FC0
7FC0
70E0
E0E0
00E0
00E0
63C0
7F80
7FC0
61C0
00E0
00E0
E0E0
E0E0
FBC0
7F80
1F00
ENDCHAR
STARTCHAR 0546
ENCODING 1350
SWIDTH 583 0
DWIDTH 14 0
BBX 12 18 0 0
BITMAP
FC00
FC00
3800
3800
3800
3800
3800
3800
3800
3800
3800
3800
3800
3830
3870
1FF0
1FE0
07C0
ENDCHAR
STARTCHAR 0547
ENCODING 1351
SWIDTH 583 0
DWIDTH 14 0
BBX 11 18 2 0
BITMAP
F000
FE00
BF80
1BE0
70E0
6000
E000
E000
E000
E000
E000
E000
E000
E0C0
E1C0
7FC0
7F80
1F00
ENDCHAR
STARTCHAR 0548
ENCODING 1352
SWIDTH 583 0
DWIDTH 14 0
BBX 12 18 1 0
BITMAP
0F00
3FC0
3FC0
70E0
70E0
70E0
70E0
70E0
70E0
70E0
70E0
70E0
70E0
70E0
70E0
70E0
F9F0
F9F0
ENDCHAR
STARTCHAR 0549
ENCODING 1353
SWIDTH 583 0
DWIDTH 14 0
BBX 11 18 2 0
BITMAP
1F00
3FC0
7BC0
70E0
E0E0
00E0
00E0
00E0
00E0
00E0
00E0
00C0
20C0
3980
3E00
0F80
03C0
00C0
ENDCHAR
STARTCHAR 054A
ENCODING 1354
SWIDTH 583 0
DWIDTH 14 0
BBX 13 18 1 0
BITMAP
1F80
3FE0
7FE0
6770
E770
0770
0770
0770
0770
0770
0770
0770
0070
0070
0070
0070
0078
0078
ENDCHAR
STARTCHAR 054B
ENCODING 1355
SWIDTH 583 0
DWIDTH 14 0
BBX 10 18 2 0
BITMAP
1E00
7F80
7F80
E1C0
E1C0
E1C0
E1C0
E1C0
E1C0
71C0
71C0
39C0
19C0
0F80
CE00
F800
FFC0
FFC0
ENDCHAR
STARTCHAR 054C
ENCODING 1356
SWIDTH 583 0
DWIDTH 14 0
BBX 14 18 1 0
BITMAP
0F00
3FC0
3FC0
70E0
70E0
70E0
70E0
70E0
70E0
70E0
70E0
70FC
70FC
70E0
70E0
70E0
F9F0
F9F0
ENDCHAR
STARTCHAR 054D
ENCODING 1357
SWIDTH 583 0
DWIDTH 14 0
BBX 12 18 1 0
BITMAP
F9F0
F9F0
70E0
70E0
70E0
70E0
70E0
70E0
70E0
70E0
70E0
70E0
70E0
70E0
70E0
3FC0
3FC0
0F80
ENDCHAR
STARTCHAR 054E
ENCODING 1358
SWIDTH 583 0
DWIDTH 14 0
BBX 13 18 1 0
BITMAP
01F0
01F0
00E0
00E0
00E0
F8E0
F8E0
70E0
70E0
78E0
3FE0
3FE0
1EE0
00E0
00E0
00E0
01F8
01F8
ENDCHAR
STARTCHAR 054F
ENCODING 1359
SWIDTH 583 0
DWIDTH 14 0
BBX 11 18 2 0
BITMAP
1F00
7FC0
7FC0
E0E0
E0E0
E000
7000
7800
3F00
1F80
03C0
01C0
00E0
E0E0
E0E0
FFC0
7FC0
1F00
ENDCHAR
STARTCHAR 0550
ENCODING 1360
SWIDTH 583 0
DWIDTH 14 0
BBX 12 18 1 0
BITMAP
0F80
3FC0
3FE0
70E0
7070
7000
7000
7000
7000
7000
7000
7000
7000
7000
7000
7000
F800
F800
ENDCHAR
STARTCHAR 0551
ENCODING 1361
SWIDTH 583 0
DWIDTH 14 0
BBX 11 18 1 0
BITMAP
1F80
3FC0
7FE0
70E0
70E0
70E0
70E0
7FE0
FFC0
FFC0
01E0
00E0
00E0
70E0
70E0
7FC0
3FC0
1F00
ENDCHAR
STARTCHAR 0552
ENCODING 1362
SWIDTH 583 0
DWIDTH 14 0
BBX 12 18 1 0
BITMAP
F800
F800
7000
7000
7000
7FF0
7FF0
7000
7000
7000
7000
7000
7000
7000
7000
7000
F800
F800
ENDCHAR
STARTCHAR 0553
ENCODING 1363
SWIDTH 583 0
DWIDTH 14 0
BBX 12 18 1 0
BITMAP
1FC0
1FC0
0700
0700
1F80
7FE0
7760
E730
E730
E730
E730
7760
7FE0
1FC0
0700
0700
1FC0
1FC0
ENDCHAR
STARTCHAR 0554
ENCODING 1364
SWIDTH 583 0
DWIDTH 14 0
BBX 12 18 1 0
BITMAP
0F80
3FE0
3FE0
7870
7070
7070
7070
78F0
7FE0
77C0
7000
7000
FFF0
FFF0
7000
7000
F800
F800
ENDCHAR
STARTCHAR 0555
ENCODING 1365
SWIDTH 583 0
DWIDTH 14 0
BBX 11 18 2 0
BITMAP
1F00
7FC0
7BC0
E1E0
E0E0
E0E0
E0E0
E0E0
E0E0
E0E0
E0E0
E0E0
E0E0
E0E0
E1E0
7BC0
7FC0
1F00
ENDCHAR
STARTCHAR 0556
ENCODING 1366
SWIDTH 583 0
DWIDTH 14 0
BBX 12 18 1 0
BITMAP
3F00
7F00
FE00
EE00
EE00
EE00
EE00
7E00
7F80
1FE0
0EF0
0E70
0E70
EE70
EE70
7EE0
7FE0
1F80
ENDCHAR
STARTCHAR 0559
ENCODING 1369
SWIDTH 583 0
DWIDTH 14 0
BBX 4 8 5 11
BITMAP
70
F0
E0
E0
E0
F0
70
30
ENDCHAR
STARTCHAR 055A
ENCODING 1370
SWIDTH 583 0
DWIDTH 14 0
BBX 5 8 5 11
BITMAP
E0
F0
38
38
38
F8
F0
E0
ENDCHAR
STARTCHAR 055B
ENCODING 1371
SWIDTH 583 0
DWIDTH 14 0
BBX 6 8 4 11
BITMAP
1C
3C
38
38
78
70
70
E0
ENDCHAR
STARTCHAR 055C
ENCODING 1372
SWIDTH 583 0
DWIDTH 14 0
BBX 7 8 4 11
BITMAP
0E
0E
1C
3C
78
70
E0
E0
ENDCHAR
STARTCHAR 055D
ENCODING 1373
SWIDTH 583 0
DWIDTH 14 0
BBX 6 8 4 11
BITMAP
F0
70
70
78
38
38
1C
1C
ENDCHAR
STARTCHAR 055E
ENCODING 1374
SWIDTH 583 0
DWIDTH 14 0
BBX 8 6 3 13
BITMAP
3E
7F
63
E3
C7
C6
ENDCHAR
STARTCHAR 055F
ENCODING 1375
SWIDTH 0 0
DWIDTH 0 0
BBX 9 4 -11 15
BITMAP
C000
C000
FF80
FF80
ENDCHAR
STARTCHAR 0560
ENCODING 1376
SWIDTH 583 0
DWIDTH 14 0
BBX 14 13 1 0
BITMAP
FE70
FFF0
77F8
7738
7738
7738
7738
7738
7738
7738
7738
F73C
F73C
ENDCHAR
STARTCHAR 0561
ENCODING 1377
SWIDTH 583 0
DWIDTH 14 0
BBX 13 13 0 0
BITMAP
F738
F738
7738
7738
7738
7738
7738
7738
7738
7738
7738
7FF8
3BB8
ENDCHAR
STARTCHAR 0562
ENCODING 1378
SWIDTH 583 0
DWIDTH 14 0
BBX 11 18 1 -5
BITMAP
F780
FFC0
7FE0
70E0
70E0
70E0
70E0
70E0
7000
7000
7000
7FE0
7FE0
7000
7000
7000
FC00
FC00
ENDCHAR
STARTCHAR 0563
ENCODING 1379
SWIDTH 583 0
DWIDTH 14 0
BBX 13 18 2 -5
BITMAP
3DF0
7FF0
FFC0
E1C0
E1C0
E1C0
E1C0
E1C0
E1C0
E1C0
FFC0
7FF8
3DF8
01C0
01C0
01C0
03F0
03F0
ENDCHAR
STARTCHAR 0564
ENCODING 1380
SWIDTH 583 0
DWIDTH 14 0
BBX 14 18 1 -5
BITMAP
F780
FFC0
7FE0
70E0
70E0
70E0
70E0
70E0
70E0
70E0
70E0
F8FC
F8FC
00E0
00E0
00E0
01F8
01F8
ENDCHAR
STARTCHAR 0565
ENCODING 1381
SWIDTH 583 0
DWIDTH 14 0
BBX 12 18 1 0
BITMAP
F000
F000
7000
7000
7000
7FE0
7FE0
7000
7000
7000
70E0
70E0
70E0
70E0
70E0
79E0
3FF0
1EF0
ENDCHAR
STARTCHAR 0566
ENCODING 1382
SWIDTH 583 0
DWIDTH 14 0
BBX 13 18 2 -5
BITMAP
3DE0
7FE0
FFC0
E1C0
E1C0
E1C0
E1C0
E1C0
E1C0
E1C0
FFC0
7FC0
3DC0
01C0
01C0
01C0
01F8
01F8
ENDCHAR
STARTCHAR 0567
ENCODING 1383
SWIDTH 583 0
DWIDTH 14 0
BBX 12 18 1 0
BITMAP
F000
F000
7000
7000
7000
7FF0
7FF0
7000
7000
7000
7000
7000
7000
7000
7000
7000
FF80
FF80
ENDCHAR
STARTCHAR 0568
ENCODING 1384
SWIDTH 583 0
DWIDTH 14 0
BBX 12 18 1 -5
BITMAP
F780
F7C0
7FE0
70E0
70E0
70E0
70E0
70E0
70E0
70E0
70E0
71F0
71F0
7000
7000
7000
7FE0
7FE0
ENDCHAR
STARTCHAR 0569
ENCODING 1385
SWIDTH 583 0
DWIDTH 14 0
BBX 14 18 1 -5
BITMAP
F780
FFC0
7FE0
70E0
70E0
73FC
77FC
77E0
77E0
77E0
77E0
73C0
7380
7000
7000
7000
FC00
FC00
ENDCHAR
STARTCHAR 056A
ENCODING 1386
SWIDTH 583 0
DWIDTH 14 0
BBX 13 18 2 0
BITMAP
03C0
03C0
01C0
01C0
01C0
3FF8
7FF8
79C0
E1C0
E1C0
E1C0
E1C0
E1C0
E1C0
E1C0
7F80
7F80
1E00
ENDCHAR
STARTCHAR 056B
ENCODING 1387
SWIDTH 583 0
DWIDTH 14 0
BBX 12 23 1 -5
BITMAP
F000
F000
7000
7000
7000
7780
77C0
7FE0
70E0
70E0
70E0
70E0
70E0
70E0
70E0
70E0
71F0
71F0
7000
7000
7000
FC00
FC00
ENDCHAR
STARTCHAR 056C
ENCODING 1388
SWIDTH 583 0
DWIDTH 14 0
BBX 8 18 4 -5
BITMAP
F0
F0
70
70
70
70
70
70
70
70
70
70
70
70
70
70
7F
7F
ENDCHAR
STARTCHAR 056D
ENCODING 1389
SWIDTH 583 0
DWIDTH 14 0
BBX 13 23 1 -5
BITMAP
F000
F000
7000
7000
7000
7678
7F78
7738
7738
7738
7738
7738
7738
7738
7738
77F8
77F8
73B8
7000
7000
7000
F800
F800
ENDCHAR
STARTCHAR 056E
ENCODING 1390
SWIDTH 583 0
DWIDTH 14 0
BBX 12 18 2 0
BITMAP
1C00
3800
3800
3E00
0F00
1FF0
7FF0
7FF0
F0E0
E0E0
E0E0
E0E0
E0E0
E0E0
E0E0
7BC0
7FC0
1F00
ENDCHAR
STARTCHAR 056F
ENCODING 1391
SWIDTH 583 0
DWIDTH 14 0
BBX 12 23 1 -5
BITMAP
F000
F000
7000
7000
7000
71E0
71E0
70E0
70E0
70E0
70E0
70E0
70E0
70E0
70E0
7FE0
3FE0
1EE0
00E0
00E0
00E0
03F0
03F0
ENDCHAR
STARTCHAR 0570
ENCODING 1392
SWIDTH 583 0
DWIDTH 14 0
BBX 12 18 1 0
BITMAP
F000
F000
7000
7000
7000
7780
77C0
7FE0
70E0
70E0
70E0
70E0
70E0
70E0
70E0
70E0
F9F0
F9F0
ENDCHAR
STARTCHAR 0571
ENCODING 1393
SWIDTH 583 0
DWIDTH 14 0
BBX 11 18 2 0
BITMAP
7000
7800
3E00
3E00
7800
7E00
FF80
E780
E1C0
E1C0
E1C0
E1C0
E1C0
E1C0
E1C0
FFC0
7FE0
3DE0
ENDCHAR
STARTCHAR 0572
ENCODING 1394
SWIDTH 583 0
DWIDTH 14 0
BBX 14 18 1 -5
BITMAP
F780
FFC0
7FE0
70E0
70E0
70E0
70E0
70E0
70E0
70E0
70E0
F8E0
F8E0
00E0
00E0
00E0
00FC
00FC
ENDCHAR
STARTCHAR 0573
ENCODING 1395
SWIDTH 583 0
DWIDTH 14 0
BBX 12 18 1 0
BITMAP
1F00
3F00
7C00
7000
7000
FF00
FFC0
73C0
70E0
70E0
70E0
70E0
70E0
70E0
70E0
7FE0
3FF0
1EF0
ENDCHAR
STARTCHAR 0574
ENCODING 1396
SWIDTH 583 0
DWIDTH 14 0
BBX 14 18 1 0
BITMAP
00FC
00FC
00E0
00E0
00E0
F0E0
F0E0
70E0
70E0
70E0
70E0
70E0
70E0
70E0
70E0
7FE0
3FF0
1EF0
ENDCHAR
STARTCHAR 0575
ENCODING 1397
SWIDTH 583 0
DWIDTH 14 0
BBX 7 18 2 -5
BITMAP
1E
1E
0E
0E
0E
0E
0E
0E
0E
0E
0E
0E
0E
0E
0E
1E
FC
F8
ENDCHAR
STARTCHAR 0576
ENCODING 1398
SWIDTH 583 0
DWIDTH 14 0
BBX 14 18 -1 0
BITMAP
FC00
FC00
1C00
1C00
1C00
1C78
1C78
1C38
1C38
1C38
1C38
1C38
1C38
1C38
1C38
1FF8
0FFC
07BC
ENDCHAR
STARTCHAR 0577
ENCODING 1399
SWIDTH 583 0
DWIDTH 14 0
BBX 10 18 2 -5
BITMAP
3E00
7F80
F780
E1C0
01C0
01C0
01C0
01C0
0380
0700
0F00
1E00
3C00
3800
7000
E000
FFC0
FFC0
ENDCHAR
STARTCHAR 0578
ENCODING 1400
SWIDTH 583 0
DWIDTH 14 0
BBX 12 13 1 0
BITMAP
F780
FFC0
7FE0
70E0
70E0
70E0
70E0
70E0
70E0
70E0
70E0
F9F0
F9F0
ENDCHAR
STARTCHAR 0579
ENCODING 1401
SWIDTH 583 0
DWIDTH 14 0
BBX 10 18 2 -5
BITMAP
7000
7000
7000
7000
7000
7F80
3F80
0380
0700
0F00
0E00
1C00
3800
7800
7000
E000
FFC0
FFC0
ENDCHAR
STARTCHAR 057A
ENCODING 1402
SWIDTH 583 0
DWIDTH 14 0
BBX 14 18 0 -5
BITMAP
F738
F738
7738
7738
7738
7738
7738
7738
7738
7738
7738
7BF8
3BB8
0038
0038
0038
007C
007C
ENDCHAR
STARTCHAR 057B
ENCODING 1403
SWIDTH 583 0
DWIDTH 14 0
BBX 10 18 2 -5
BITMAP
3E00
7F80
FF80
E1C0
E1C0
E1C0
F1C0
79C0
3B80
1F00
1F00
1E00
1C00
3800
7000
F000
FFC0
FFC0
ENDCHAR
STARTCHAR 057C
ENCODING 1404
SWIDTH 583 0
DWIDTH 14 0
BBX 11 13 1 0
BITMAP
F780
FFC0
7FE0
70E0
70E0
70E0
70E0
70E0
71C0
71C0
7380
F3E0
F3E0
ENDCHAR
STARTCHAR 057D
ENCODING 1405
SWIDTH 583 0
DWIDTH 14 0
BBX 12 13 1 0
BITMAP
F1E0
F1E0
70E0
70E0
70E0
70E0
70E0
70E0
70E0
70E0
7FE0
3FF0
1EF0
ENDCHAR
STARTCHAR 057E
ENCODING 1406
SWIDTH 583 0
DWIDTH 14 0
BBX 14 23 1 -5
BITMAP
01E0
01E0
00E0
00E0
00E0
F0E0
F0E0
70E0
70E0
70E0
70E0
70E0
70E0
70E0
70E0
7FE0
3FE0
1EE0
00E0
00E0
00E0
00FC
00FC
ENDCHAR
STARTCHAR 057F
ENCODING 1407
SWIDTH 583 0
DWIDTH 14 0
BBX 14 13 0 0
BITMAP
F770
F7F0
77F8
7738
7738
7738
7738
7738
7738
7738
7738
7F3C
3F3C
ENDCHAR
STARTCHAR 0580
ENCODING 1408
SWIDTH 583 0
DWIDTH 14 0
BBX 12 18 1 -5
BITMAP
F780
FFC0
7FE0
70E0
70E0
70E0
70E0
70E0
70E0
70E0
70E0
71F0
71F0
7000
7000
7000
FC00
FC00
ENDCHAR
STARTCHAR 0581
ENCODING 1409
SWIDTH 583 0
DWIDTH 14 0
BBX 11 18 2 -5
BITMAP
3DE0
7FE0
FFC0
E1C0
E1C0
E1C0
E1C0
E1C0
E1C0
E1C0
FFC0
7FC0
3DC0
01C0
01C0
07C0
3F80
3F00
ENDCHAR
STARTCHAR 0582
ENCODING 1410
SWIDTH 583 0
DWIDTH 14 0
BBX 11 13 1 0
BITMAP
F000
F000
7000
7000
7000
7000
7000
7000
7000
7000
7000
FFE0
FFE0
ENDCHAR
STARTCHAR 0583
ENCODING 1411
SWIDTH 583 0
DWIDTH 14 0
BBX 14 23 0 -5
BITMAP
0F00
0F00
0700
0700
0700
F770
F7F0
77F8
7738
7738
7738
7738
7738
7738
7738
7738
7F3C
3F3C
0700
0700
0700
0FC0
0FC0
ENDCHAR
STARTCHAR 0584
ENCODING 1412
SWIDTH 583 0
DWIDTH 14 0
BBX 12 18 1 -5
BITMAP
F3C0
FFE0
7DE0
7070
7070
7070
7070
7FE0
77E0
73C0
7000
FFF0
FFF0
7000
7000
7000
FC00
FC00
ENDCHAR
STARTCHAR 0585
ENCODING 1413
SWIDTH 583 0
DWIDTH 14 0
BBX 11 13 2 0
BITMAP
1F00
7FC0
7BC0
E0E0
E0E0
E0E0
E0E0
E0E0
E0E0
E0E0
7BC0
7FC0
1F00
ENDCHAR
STARTCHAR 0586
ENCODING 1414
SWIDTH 583 0
DWIDTH 14 0
BBX 12 23 1 -5
BITMAP
3E00
7E00
FE00
EE00
EE00
EE00
EE00
7E00
7FC0
1FE0
0EF0
0E70
0E70
EE70
EE70
FFE0
7FC0
1F80
0E00
0E00
0E00
1F80
1F80
ENDCHAR
STARTCHAR 0587
ENCODING 1415
SWIDTH 583 0
DWIDTH 14 0
BBX 12 18 1 0
BITMAP
F000
F000
7000
7000
7000
7780
7780
7380
7380
7380
7380
7380
7380
7380
7380
7F80
7FF0
3BF0
ENDCHAR
STARTCHAR 0588
ENCODING 1416
SWIDTH 583 0
DWIDTH 14 0
BBX 9 18 2 -5
BITMAP
1E00
1E00
0E00
0E00
0E00
3F80
3F80
0E00
0E00
0E00
0E00
0E00
0E00
0E00
0E00
1E00
FC00
F800
ENDCHAR
STARTCHAR 0589
ENCODING 1417
SWIDTH 583 0
DWIDTH 14 0
BBX 4 13 5 0
BITMAP
F0
F0
F0
F0
00
00
00
00
00
F0
F0
F0
F0
ENDCHAR
STARTCHAR 058A
ENCODING 1418
SWIDTH 583 0
DWIDTH 14 0
BBX 10 3 2 7
BITMAP
F3C0
FFC0
FFC0
ENDCHAR
STARTCHAR 058D
ENCODING 1421
SWIDTH 583 0
DWIDTH 14 0
BBX 10 10 2 4
BITMAP
0E00
3F80
74C0
57C0
DE40
BFC0
CEC0
7F40
65C0
3F80
ENDCHAR
STARTCHAR 058E
ENCODING 1422
SWIDTH 583 0
DWIDTH 14 0
BBX 10 10 2 4
BITMAP
0E00
3B80
6DC0
7540
DFC0
FFC0
DE40
57C0
74C0
3F80
ENDCHAR
STARTCHAR 058F
ENCODING 1423
SWIDTH 583 0
DWIDTH 14 0
BBX 12 18 2 0
BITMAP
1F00
7FC0
FBC0
E0E0
E0E0
00E0
00E0
07F0
07F0
00E0
07F0
07F0
00E0
00E0
00E0
00E0
01F0
01F0
ENDCHAR
STARTCHAR 0E3F
ENCODING 3647
SWIDTH 583 0
DWIDTH 14 0
BBX 12 23 1 -3
BITMAP
0600
0600
FE00
FFC0
E7C0
66E0
6660
6660
66E0
67C0
7F80
7FC0
66E0
6670
6670
6670
6670
66E0
FFC0
FF80
0600
0600
0600
ENDCHAR
STARTCHAR 10FB
ENCODING 4347
SWIDTH 583 0
DWIDTH 14 0
BBX 10 12 2 0
BITMAP
F000
F000
F000
0000
01C0
01C0
01C0
01C0
F000
F000
F000
F000
ENDCHAR
STARTCHAR 1AB0
ENCODING 6832
SWIDTH 0 0
DWIDTH 0 0
BBX 13 4 -14 15
BITMAP
3CE0
7FF0
67B8
C318
ENDCHAR
STARTCHAR 1AB1
ENCODING 6833
SWIDTH 0 0
DWIDTH 0 0
BBX 13 5 -14 14
BITMAP
0700
67B0
FCF8
F7F8
6730
ENDCHAR
STARTCHAR 1AB2
ENCODING 6834
SWIDTH 0 0
DWIDTH 0 0
BBX 9 5 -12 14
BITMAP
7700
FF80
CC80
FF80
7700
ENDCHAR
STARTCHAR 1AB3
ENCODING 6835
SWIDTH 0 0
DWIDTH 0 0
BBX 4 4 -10 15
BITMAP
20
A0
F0
60
ENDCHAR
STARTCHAR 1AB4
ENCODING 6836
SWIDTH 0 0
DWIDTH 0 0
BBX 9 9 -12 15
BITMAP
0C00
1E00
1E00
0C00
0000
6300
F780
F780
6300
ENDCHAR
STARTCHAR 1AB5
ENCODING 6837
SWIDTH 0 0
DWIDTH 0 0
BBX 12 5 -13 -6
BITMAP
0220
FFF0
7BE0
FFF0
CF20
ENDCHAR
STARTCHAR 1AB7
ENCODING 6839
SWIDTH 0 0
DWIDTH 0 0
BBX 3 5 -9 -6
BITMAP
40
C0
C0
E0
C0
ENDCHAR
STARTCHAR 1AB8
ENCODING 6840
SWIDTH 0 0
DWIDTH 0 0
BBX 8 5 -11 -6
BITMAP
41
C3
C3
E7
C3
ENDCHAR
STARTCHAR 1ABB
ENCODING 6843
SWIDTH 0 0
DWIDTH 0 0
BBX 9 5 -11 14
BITMAP
C180
8080
8080
8080
C180
ENDCHAR
STARTCHAR 1ABC
ENCODING 6844
SWIDTH 0 0
DWIDTH 0 0
BBX 14 5 -14 14
BITMAP
B06C
A024
A024
A024
F06C
ENDCHAR
STARTCHAR 1ABD
ENCODING 6845
SWIDTH 0 0
DWIDTH 0 0
BBX 9 5 -11 -6
BITMAP
4100
8080
8080
8080
C180
ENDCHAR
STARTCHAR 1ABF
ENCODING 6847
SWIDTH 0 0
DWIDTH 0 0
BBX 6 5 -10 -7
BITMAP
CC
F8
78
78
58
ENDCHAR
STARTCHAR 1AC0
ENCODING 6848
SWIDTH 0 0
DWIDTH 0 0
BBX 6 5 -10 -7
BITMAP
58
78
78
F8
CC
ENDCHAR
STARTCHAR 1AC1
ENCODING 6849
SWIDTH 0 0
DWIDTH 0 0
BBX 1 4 -11 14
BITMAP
80
80
80
80
ENDCHAR
STARTCHAR 1AC2
ENCODING 6850
SWIDTH 0 0
DWIDTH 0 0
BBX 1 4 -4 14
BITMAP
80
80
80
80
ENDCHAR
STARTCHAR 1AC3
ENCODING 6851
SWIDTH 0 0
DWIDTH 0 0
BBX 2 5 -11 -6
BITMAP
C0
80
80
80
C0
ENDCHAR
STARTCHAR 1AC4
ENCODING 6852
SWIDTH 0 0
DWIDTH 0 0
BBX 2 5 -5 -6
BITMAP
C0
40
40
40
C0
ENDCHAR
STARTCHAR 1AC5
ENCODING 6853
SWIDTH 0 0
DWIDTH 0 0
BBX 10 4 -12 14
BITMAP
C0C0
8040
8040
C0C0
ENDCHAR
STARTCHAR 1AC6
ENCODING 6854
SWIDTH 0 0
DWIDTH 0 0
BBX 6 7 -10 14
BITMAP
28
FC
58
50
F8
50
90
ENDCHAR
STARTCHAR 1AC7
ENCODING 6855
SWIDTH 0 0
DWIDTH 0 0
BBX 5 5 -10 14
BITMAP
98
88
A8
A8
50
ENDCHAR
STARTCHAR 1AC8
ENCODING 6856
SWIDTH 0 0
DWIDTH 0 0
BBX 6 3 -10 15
BITMAP
30
FC
FC
ENDCHAR
STARTCHAR 1AC9
ENCODING 6857
SWIDTH 0 0
DWIDTH 0 0
BBX 12 3 -13 15
BITMAP
30C0
FFF0
FFF0
ENDCHAR
STARTCHAR 1ACA
ENCODING 6858
SWIDTH 0 0
DWIDTH 0 0
BBX 11 3 -13 -5
BITMAP
3180
FFE0
FFE0
ENDCHAR
STARTCHAR 1ACB
ENCODING 6859
SWIDTH 0 0
DWIDTH 0 0
BBX 11 4 -12 14
BITMAP
3360
76E0
EDC0
8980
ENDCHAR
STARTCHAR 1ACC
ENCODING 6860
SWIDTH 0 0
DWIDTH 0 0
BBX 4 7 -9 14
BITMAP
F0
E0
40
60
90
90
F0
ENDCHAR
STARTCHAR 1ACD
ENCODING 6861
SWIDTH 0 0
DWIDTH 0 0
BBX 6 7 -10 14
BITMAP
F8
48
48
48
4C
40
40
ENDCHAR
STARTCHAR 1ACE
ENCODING 6862
SWIDTH 0 0
DWIDTH 0 0
BBX 4 5 -9 14
BITMAP
F0
80
80
90
E0
ENDCHAR
STARTCHAR 1ACF
ENCODING 6863
SWIDTH 0 0
DWIDTH 0 0
BBX 13 5 -14 14
BITMAP
4200
E718
77B8
3DF0
3CE0
ENDCHAR
STARTCHAR 1AD9
ENCODING 6873
SWIDTH 0 0
DWIDTH 0 0
BBX 3 10 -9 13
BITMAP
20
A0
A0
E0
A0
A0
E0
A0
A0
80
ENDCHAR
STARTCHAR 1ADA
ENCODING 6874
SWIDTH 0 0
DWIDTH 0 0
BBX 4 9 -9 13
BITMAP
80
80
80
E0
90
90
A0
C0
80
ENDCHAR
STARTCHAR 1ADB
ENCODING 6875
SWIDTH 0 0
DWIDTH 0 0
BBX 6 4 -10 14
BITMAP
FC
FC
30
30
ENDCHAR
STARTCHAR 1ADC
ENCODING 6876
SWIDTH 0 0
DWIDTH 0 0
BBX 7 8 -11 14
BITMAP
60
F0
E0
60
0E
0E
0E
04
ENDCHAR
STARTCHAR 1ADD
ENCODING 6877
SWIDTH 0 0
DWIDTH 0 0
BBX 10 5 -12 -6
BITMAP
0380
73C0
F6C0
73C0
0380
ENDCHAR
STARTCHAR 1AE0
ENCODING 6880
SWIDTH 0 0
DWIDTH 0 0
BBX 6 3 -10 15
BITMAP
0C
FC
FC
ENDCHAR
STARTCHAR 1AE1
ENCODING 6881
SWIDTH 0 0
DWIDTH 0 0
BBX 6 3 -10 15
BITMAP
C0
FC
FC
ENDCHAR
STARTCHAR 1AE2
ENCODING 6882
SWIDTH 0 0
DWIDTH 0 0
BBX 6 2 -10 15
BITMAP
FC
FC
ENDCHAR
STARTCHAR 1AE3
ENCODING 6883
SWIDTH 0 0
DWIDTH 0 0
BBX 8 4 -11 14
BITMAP
C3
C3
FF
FF
ENDCHAR
STARTCHAR 1AE4
ENCODING 6884
SWIDTH 0 0
DWIDTH 0 0
BBX 8 4 -11 14
BITMAP
FF
C3
C3
FF
ENDCHAR
STARTCHAR 1AE5
ENCODING 6885
SWIDTH 0 0
DWIDTH 0 0
BBX 8 4 -11 14
BITMAP
66
FF
DB
DB
ENDCHAR
STARTCHAR 1AE6
ENCODING 6886
SWIDTH 0 0
DWIDTH 0 0
BBX 5 5 -10 -7
BITMAP
D0
A8
A8
88
98
ENDCHAR
STARTCHAR 1AE7
ENCODING 6887
SWIDTH 0 0
DWIDTH 0 0
BBX 5 5 -10 15
BITMAP
50
A8
A8
88
98
ENDCHAR
STARTCHAR 1AE8
ENCODING 6888
SWIDTH 0 0
DWIDTH 0 0
BBX 6 4 -10 14
BITMAP
FC
00
00
FC
ENDCHAR
STARTCHAR 1AE9
ENCODING 6889
SWIDTH 0 0
DWIDTH 0 0
BBX 6 4 -10 14
BITMAP
FC
FC
0C
0C
ENDCHAR
STARTCHAR 1AEA
ENCODING 6890
SWIDTH 0 0
DWIDTH 0 0
BBX 4 4 -9 14
BITMAP
60
F0
40
40
ENDCHAR
STARTCHAR 1AEB
ENCODING 6891
SWIDTH 0 0
DWIDTH 0 0
BBX 23 6 -11 19
BITMAP
000020
000078
FFFFFC
FFFFFE
000038
000030
ENDCHAR
STARTCHAR 1C80
ENCODING 7296
SWIDTH 583 0
DWIDTH 14 0
BBX 10 13 2 0
BITMAP
1F00
7FC0
77C0
E6C0
E7C0
E3C0
E380
E7C0
E7C0
E6C0
7FC0
7FC0
1F00
ENDCHAR
STARTCHAR 1C81
ENCODING 7297
SWIDTH 583 0
DWIDTH 14 0
BBX 13 18 1 -5
BITMAP
7FF0
7FF0
38E0
38E0
38E0
38E0
38E0
38E0
38E0
38E0
70E0
FFF8
FFF8
E038
E038
E038
E038
E038
ENDCHAR
STARTCHAR 1C82
ENCODING 7298
SWIDTH 583 0
DWIDTH 14 0
BBX 9 13 3 0
BITMAP
3E00
7F00
F780
E380
E380
E380
E380
E380
E380
E380
FF80
7F00
3E00
ENDCHAR
STARTCHAR 1C83
ENCODING 7299
SWIDTH 583 0
DWIDTH 14 0
BBX 12 17 1 -4
BITMAP
3F70
7FF0
7FF0
F070
E070
E000
E000
E000
E000
E000
E000
E000
E070
F070
7FE0
7FE0
1F80
ENDCHAR
STARTCHAR 1C84
ENCODING 7300
SWIDTH 583 0
DWIDTH 14 0
BBX 11 18 2 0
BITMAP
FFE0
FFE0
E380
E380
0380
0380
0380
0380
0380
0380
0380
0380
0380
0380
0380
0380
07E0
07E0
ENDCHAR
STARTCHAR 1C85
ENCODING 7301
SWIDTH 583 0
DWIDTH 14 0
BBX 14 13 1 0
BITMAP
FFFC
FFFC
7738
7738
7738
7738
7738
7738
7738
7738
7738
F73C
F73C
ENDCHAR
STARTCHAR 1C86
ENCODING 7302
SWIDTH 583 0
DWIDTH 14 0
BBX 12 18 1 0
BITMAP
FF00
FF00
CE00
CE00
0E00
0E00
0E00
0E00
0E00
0E00
0FE0
0FF0
0E70
0E70
0E70
0EF0
1FE0
1FC0
ENDCHAR
STARTCHAR 1C87
ENCODING 7303
SWIDTH 583 0
DWIDTH 14 0
BBX 12 23 1 0
BITMAP
1E00
1E00
0E00
0E00
0E00
FFC0
FFC0
CEC0
CEC0
0E00
0E00
0E00
0E00
0E00
0E00
0FE0
0FF0
0E70
0E70
0E70
0EF0
1FE0
1FC0
ENDCHAR
STARTCHAR 1C88
ENCODING 7304
SWIDTH 583 0
DWIDTH 14 0
BBX 13 18 1 0
BITMAP
F838
F8F8
38F0
38E0
1DC0
1DC0
0DC0
0F80
1FC0
39E0
38E0
38E0
38E0
38E0
38E0
3FE0
1FC0
0F80
ENDCHAR
STARTCHAR 1C89
ENCODING 7305
SWIDTH 583 0
DWIDTH 14 0
BBX 13 18 1 0
BITMAP
FFE0
FFE0
CE60
CE60
0E00
0E00
0E00
0FE0
0FF0
0E70
0E38
0E38
0E38
0E38
0E38
0EF0
1FF0
1FE0
ENDCHAR
STARTCHAR 1C8A
ENCODING 7306
SWIDTH 583 0
DWIDTH 14 0
BBX 13 13 1 0
BITMAP
FFE0
FFE0
CE60
CE60
0E00
0FF0
0FF8
0E38
0E38
0E38
0E78
1FF0
1FE0
ENDCHAR
STARTCHAR 1D00
ENCODING 7424
SWIDTH 583 0
DWIDTH 14 0
BBX 12 13 1 0
BITMAP
0F00
0F00
0F00
1F80
1F80
1F80
1980
3FC0
3FC0
39C0
70E0
F9F0
F9F0
ENDCHAR
STARTCHAR 1D01
ENCODING 7425
SWIDTH 583 0
DWIDTH 14 0
BBX 13 13 1 0
BITMAP
1FF8
1FF8
0798
0F98
0F80
0FF0
1BF0
1F80
3F80
3B98
3398
FBF8
FBF8
ENDCHAR
STARTCHAR 1D02
ENCODING 7426
SWIDTH 583 0
DWIDTH 14 0
BBX 13 13 1 0
BITMAP
3CE0
7FF0
FFF8
E738
0738
0778
FFF0
FFE0
E700
E738
FFF8
7FF0
3CE0
ENDCHAR
STARTCHAR 1D03
ENCODING 7427
SWIDTH 583 0
DWIDTH 14 0
BBX 13 13 1 0
BITMAP
FF80
FFC0
71E0
70E0
70E0
FFF8
FFF8
71E0
7070
7070
71F0
FFE0
FFC0
ENDCHAR
STARTCHAR 1D04
ENCODING 7428
SWIDTH 583 0
DWIDTH 14 0
BBX 11 13 2 0
BITMAP
1F80
7FE0
7FE0
E0E0
E0E0
E000
E000
E000
E0E0
E1E0
7FC0
7FC0
1F00
ENDCHAR
STARTCHAR 1D05
ENCODING 7429
SWIDTH 583 0
DWIDTH 14 0
BBX 11 13 1 0
BITMAP
FF00
FF80
77C0
71E0
70E0
70E0
70E0
70E0
70E0
71E0
77C0
FF80
FF00
ENDCHAR
STARTCHAR 1D06
ENCODING 7430
SWIDTH 583 0
DWIDTH 14 0
BBX 12 13 1 0
BITMAP
FF00
FFC0
77E0
70E0
7070
7070
FE70
FE70
7070
70E0
77E0
FFC0
FF00
ENDCHAR
STARTCHAR 1D07
ENCODING 7431
SWIDTH 583 0
DWIDTH 14 0
BBX 11 13 1 0
BITMAP
FFE0
FFE0
70E0
70E0
7000
7F00
7F00
7000
7000
70E0
70E0
FFE0
FFE0
ENDCHAR
STARTCHAR 1D08
ENCODING 7432
SWIDTH 583 0
DWIDTH 14 0
BBX 11 13 2 0
BITMAP
3F00
7FC0
FBE0
E0E0
00E0
03C0
0F80
0FC0
01C0
E0C0
FBC0
FFC0
EF80
ENDCHAR
STARTCHAR 1D09
ENCODING 7433
SWIDTH 583 0
DWIDTH 14 0
BBX 10 18 2 -5
BITMAP
FFC0
FFC0
1C00
1C00
1C00
1C00
1C00
1C00
1C00
1C00
1C00
1FC0
1FC0
0000
0C00
1E00
1E00
0C00
ENDCHAR
STARTCHAR 1D0A
ENCODING 7434
SWIDTH 583 0
DWIDTH 14 0
BBX 10 13 2 0
BITMAP
0FC0
0FC0
01C0
01C0
01C0
01C0
01C0
01C0
E1C0
E1C0
FF80
7F80
3E00
ENDCHAR
STARTCHAR 1D0B
ENCODING 7435
SWIDTH 583 0
DWIDTH 14 0
BBX 12 13 1 0
BITMAP
F8F0
F9F0
73C0
7380
7700
7E00
7E00
7F00
7F80
7380
71C0
F9F0
F8F0
ENDCHAR
STARTCHAR 1D0C
ENCODING 7436
SWIDTH 583 0
DWIDTH 14 0
BBX 12 13 1 0
BITMAP
7E00
7E00
3800
3800
3B00
3F00
7C00
F800
F800
3870
3870
7FF0
7FF0
ENDCHAR
STARTCHAR 1D0D
ENCODING 7437
SWIDTH 583 0
DWIDTH 14 0
BBX 13 13 1 0
BITMAP
F078
F878
78F8
68F8
7DF8
7DB8
75B8
7738
7738
7038
7038
F078
F078
ENDCHAR
STARTCHAR 1D0E
ENCODING 7438
SWIDTH 583 0
DWIDTH 14 0
BBX 12 13 1 0
BITMAP
F8F0
F9F0
71E0
73E0
73E0
77E0
76E0
76E0
7CE0
7CE0
78E0
79F0
71F0
ENDCHAR
STARTCHAR 1D0F
ENCODING 7439
SWIDTH 583 0
DWIDTH 14 0
BBX 11 13 2 0
BITMAP
1F00
7FC0
7BC0
E1E0
E0E0
E0E0
E0E0
E0E0
E0E0
E1E0
7BC0
7FC0
1F00
ENDCHAR
STARTCHAR 1D10
ENCODING 7440
SWIDTH 583 0
DWIDTH 14 0
BBX 10 13 2 0
BITMAP
3E00
7F80
FF80
E1C0
E1C0
01C0
01C0
01C0
E1C0
E1C0
FF80
FF80
3E00
ENDCHAR
STARTCHAR 1D11
ENCODING 7441
SWIDTH 583 0
DWIDTH 14 0
BBX 13 10 1 1
BITMAP
3FE0
7FF0
F078
E038
E038
E038
E038
79F0
7FF0
1FC0
ENDCHAR
STARTCHAR 1D12
ENCODING 7442
SWIDTH 583 0
DWIDTH 14 0
BBX 13 10 1 1
BITMAP
3FE0
7FF0
F078
E038
E038
E038
E030
F070
7078
3078
ENDCHAR
STARTCHAR 1D13
ENCODING 7443
SWIDTH 583 0
DWIDTH 14 0
BBX 17 10 -1 1
BITMAP
4FF800
FFFC00
7E1C00
3F8E00
3FEE00
39FE00
387E00
1E3F80
1FFF00
07F000
ENDCHAR
STARTCHAR 1D14
ENCODING 7444
SWIDTH 583 0
DWIDTH 14 0
BBX 13 13 1 0
BITMAP
3CF0
7FF0
FFF8
E738
0738
FF38
FF38
E738
E738
E738
FFF8
7FF0
3CE0
ENDCHAR
STARTCHAR 1D15
ENCODING 7445
SWIDTH 583 0
DWIDTH 14 0
BBX 11 13 2 0
BITMAP
3B80
7BC0
F9E0
E0E0
E0E0
7FC0
7FC0
FBE0
E0E0
E0E0
FBE0
7FC0
3F80
ENDCHAR
STARTCHAR 1D16
ENCODING 7446
SWIDTH 583 0
DWIDTH 14 0
BBX 11 6 2 7
BITMAP
1F00
7FC0
7BC0
E0E0
E0E0
E0E0
ENDCHAR
STARTCHAR 1D17
ENCODING 7447
SWIDTH 583 0
DWIDTH 14 0
BBX 11 7 2 0
BITMAP
E0E0
E0E0
E0E0
E0E0
7BC0
7FC0
1F00
ENDCHAR
STARTCHAR 1D18
ENCODING 7448
SWIDTH 583 0
DWIDTH 14 0
BBX 11 13 2 0
BITMAP
FF80
FFC0
71E0
70E0
70E0
70E0
7FE0
7FC0
7000
7000
7000
FC00
FC00
ENDCHAR
STARTCHAR 1D19
ENCODING 7449
SWIDTH 583 0
DWIDTH 14 0
BBX 13 13 1 0
BITMAP
1FF8
3FF8
7870
7070
7070
7070
7FF0
3FF0
0E70
1C70
3C70
F8F8
F0F8
ENDCHAR
STARTCHAR 1D1A
ENCODING 7450
SWIDTH 583 0
DWIDTH 14 0
BBX 13 13 1 0
BITMAP
F0F8
F8F8
3C70
1C70
0E70
3FF0
7FF0
7070
7070
7070
7870
3FF8
1FF8
ENDCHAR
STARTCHAR 1D1B
ENCODING 7451
SWIDTH 583 0
DWIDTH 14 0
BBX 11 13 2 0
BITMAP
FFE0
FFE0
EEE0
EEE0
0E00
0E00
0E00
0E00
0E00
0E00
0E00
3F80
3F80
ENDCHAR
STARTCHAR 1D1C
ENCODING 7452
SWIDTH 583 0
DWIDTH 14 0
BBX 12 13 1 0
BITMAP
F9F0
F9F0
70E0
70E0
70E0
70E0
70E0
70E0
70E0
70E0
3FC0
3FC0
0F00
ENDCHAR
STARTCHAR 1D1D
ENCODING 7453
SWIDTH 583 0
DWIDTH 14 0
BBX 12 13 1 0
BITMAP
0030
0030
FFF0
FFF0
E060
0030
0030
0030
0070
FFF0
FFE0
E000
E000
ENDCHAR
STARTCHAR 1D1E
ENCODING 7454
SWIDTH 583 0
DWIDTH 14 0
BBX 14 13 -1 0
BITMAP
000C
000C
6FFC
FFFC
FE18
6E0C
000C
000C
F01C
FFFC
FFF8
0E00
0E00
ENDCHAR
STARTCHAR 1D1F
ENCODING 7455
SWIDTH 583 0
DWIDTH 14 0
BBX 12 13 1 0
BITMAP
0030
FFF0
FFF0
0020
0030
0070
FFF0
FFE0
0030
0070
FFF0
FFE0
C000
ENDCHAR
STARTCHAR 1D20
ENCODING 7456
SWIDTH 583 0
DWIDTH 14 0
BBX 13 13 1 0
BITMAP
F8F8
F8F8
3060
38E0
38E0
38E0
1DC0
1DC0
1DC0
0D80
0F80
0F80
0700
ENDCHAR
STARTCHAR 1D21
ENCODING 7457
SWIDTH 583 0
DWIDTH 14 0
BBX 13 13 1 0
BITMAP
F078
F078
6030
6030
6730
7770
3560
3DE0
3DE0
3DE0
3DE0
38E0
18C0
ENDCHAR
STARTCHAR 1D22
ENCODING 7458
SWIDTH 583 0
DWIDTH 14 0
BBX 11 13 2 0
BITMAP
FFE0
FFE0
E1E0
E3C0
0780
0700
0E00
1C00
3800
70E0
F0E0
FFE0
FFE0
ENDCHAR
STARTCHAR 1D23
ENCODING 7459
SWIDTH 583 0
DWIDTH 14 0
BBX 11 13 2 0
BITMAP
FFC0
FFC0
E3C0
E700
1E00
1F80
1FC0
03E0
00E0
E0E0
FBE0
7FC0
3F00
ENDCHAR
STARTCHAR 1D24
ENCODING 7460
SWIDTH 583 0
DWIDTH 14 0
BBX 11 18 2 0
BITMAP
1F00
3FC0
7BE0
70E0
00E0
01E0
07C0
0700
1E00
7E00
F000
E000
E000
E0E0
E0E0
7BC0
7FC0
1F00
ENDCHAR
STARTCHAR 1D25
ENCODING 7461
SWIDTH 583 0
DWIDTH 14 0
BBX 10 13 2 0
BITMAP
1E00
3F00
3F00
3F00
3F00
3F00
3F00
1E00
1E00
DEC0
FFC0
F3C0
E1C0
ENDCHAR
STARTCHAR 1D26
ENCODING 7462
SWIDTH 583 0
DWIDTH 14 0
BBX 11 13 2 0
BITMAP
FFE0
FFE0
70E0
70E0
7000
7000
7000
7000
7000
7000
7000
FC00
FC00
ENDCHAR
STARTCHAR 1D27
ENCODING 7463
SWIDTH 583 0
DWIDTH 14 0
BBX 12 13 1 0
BITMAP
0F00
0F00
0F00
1F80
1F80
1980
1980
39C0
39C0
30C0
70E0
F9F0
F9F0
ENDCHAR
STARTCHAR 1D28
ENCODING 7464
SWIDTH 583 0
DWIDTH 14 0
BBX 12 13 1 0
BITMAP
FFF0
FFF0
70E0
70E0
70E0
70E0
70E0
70E0
70E0
70E0
70E0
F9F0
F9F0
ENDCHAR
STARTCHAR 1D29
ENCODING 7465
SWIDTH 583 0
DWIDTH 14 0
BBX 11 13 2 0
BITMAP
FF80
FFC0
71E0
70E0
70E0
70E0
7FE0
7FC0
7000
7000
7000
FC00
FC00
ENDCHAR
STARTCHAR 1D2A
ENCODING 7466
SWIDTH 583 0
DWIDTH 14 0
BBX 14 13 1 0
BITMAP
F73C
F73C
7738
7738
7738
7738
7F70
3FF0
1FC0
0700
0700
1FC0
1FC0
ENDCHAR
STARTCHAR 1D2B
ENCODING 7467
SWIDTH 583 0
DWIDTH 14 0
BBX 14 13 0 0
BITMAP
3FFC
3FFC
1C38
1C38
1C38
1C38
1C38
1C38
1C38
1C38
7838
F87C
E07C
ENDCHAR
STARTCHAR 1D2C
ENCODING 7468
SWIDTH 583 0
DWIDTH 14 0
BBX 9 13 3 8
BITMAP
0800
1C00
1C00
1400
1400
3600
3600
3E00
3E00
7700
7700
F780
F780
ENDCHAR
STARTCHAR 1D2D
ENCODING 7469
SWIDTH 583 0
DWIDTH 14 0
BBX 9 13 2 8
BITMAP
3F80
3F80
1D80
3C00
3C00
3F80
2F80
2C00
7C00
7C00
6D80
EF80
EF80
ENDCHAR
STARTCHAR 1D2E
ENCODING 7470
SWIDTH 583 0
DWIDTH 14 0
BBX 9 13 2 8
BITMAP
FE00
FF00
6180
6180
6180
7F00
7F00
6380
6180
6180
6180
FF00
FE00
ENDCHAR
STARTCHAR 1D2F
ENCODING 7471
SWIDTH 583 0
DWIDTH 14 0
BBX 9 13 3 8
BITMAP
FE00
FF00
6300
6300
6300
FF80
FF80
6380
6180
6180
6380
FF00
FE00
ENDCHAR
STARTCHAR 1D30
ENCODING 7472
SWIDTH 583 0
DWIDTH 14 0
BBX 9 13 2 8
BITMAP
FE00
FF00
6380
6180
6180
6180
6180
6180
6180
6180
6380
FF00
FE00
ENDCHAR
STARTCHAR 1D31
ENCODING 7473
SWIDTH 583 0
DWIDTH 14 0
BBX 9 13 2 8
BITMAP
FF80
FF80
6180
6000
6000
7E00
7E00
6000
6000
6000
6180
FF80
FF80
ENDCHAR
STARTCHAR 1D32
ENCODING 7474
SWIDTH 583 0
DWIDTH 14 0
BBX 9 13 3 8
BITMAP
FF80
FF80
C300
0300
0300
3F00
3F00
0300
0300
0300
C300
FF80
FF80
ENDCHAR
STARTCHAR 1D33
ENCODING 7475
SWIDTH 583 0
DWIDTH 14 0
BBX 8 13 3 8
BITMAP
7B
FF
E3
C0
C0
C0
CF
CF
C3
C3
E7
FB
7B
ENDCHAR
STARTCHAR 1D34
ENCODING 7476
SWIDTH 583 0
DWIDTH 14 0
BBX 9 13 3 8
BITMAP
F780
F780
6180
6180
6180
6180
7F80
7F80
6180
6180
6180
F780
F780
ENDCHAR
STARTCHAR 1D35
ENCODING 7477
SWIDTH 583 0
DWIDTH 14 0
BBX 7 13 4 8
BITMAP
FE
FE
30
30
30
30
30
30
30
30
30
FE
FE
ENDCHAR
STARTCHAR 1D36
ENCODING 7478
SWIDTH 583 0
DWIDTH 14 0
BBX 7 13 3 8
BITMAP
1E
1E
06
06
06
06
06
06
06
06
C6
FE
78
ENDCHAR
STARTCHAR 1D37
ENCODING 7479
SWIDTH 583 0
DWIDTH 14 0
BBX 9 13 3 8
BITMAP
F380
F380
6600
6E00
6C00
7800
7C00
7C00
6C00
6600
6600
F380
F380
ENDCHAR
STARTCHAR 1D38
ENCODING 7480
SWIDTH 583 0
DWIDTH 14 0
BBX 8 13 3 8
BITMAP
F0
F0
60
60
60
60
60
60
60
60
63
FF
FF
ENDCHAR
STARTCHAR 1D39
ENCODING 7481
SWIDTH 583 0
DWIDTH 14 0
BBX 9 13 2 8
BITMAP
E380
E380
7380
7780
7780
7580
7D80
7D80
6980
6180
6180
E380
E380
ENDCHAR
STARTCHAR 1D3A
ENCODING 7482
SWIDTH 583 0
DWIDTH 14 0
BBX 9 13 3 8
BITMAP
E780
F780
7180
7980
7980
6980
6D80
6D80
6780
6780
6780
F380
F380
ENDCHAR
STARTCHAR 1D3B
ENCODING 7483
SWIDTH 583 0
DWIDTH 14 0
BBX 9 13 3 8
BITMAP
F380
F380
6780
6780
6780
6D80
6D80
6980
7980
7980
7180
7780
6780
ENDCHAR
STARTCHAR 1D3C
ENCODING 7484
SWIDTH 583 0
DWIDTH 14 0
BBX 8 13 3 8
BITMAP
3C
7F
E3
C3
C3
C3
C3
C3
C3
C3
E3
7E
3C
ENDCHAR
STARTCHAR 1D3D
ENCODING 7485
SWIDTH 583 0
DWIDTH 14 0
BBX 8 13 3 8
BITMAP
06
77
F3
C3
C3
7E
7E
E7
C3
C3
E7
7E
3C
ENDCHAR
STARTCHAR 1D3E
ENCODING 7486
SWIDTH 583 0
DWIDTH 14 0
BBX 8 13 3 8
BITMAP
FE
FF
63
63
63
63
7F
7E
60
60
60
F0
F0
ENDCHAR
STARTCHAR 1D3F
ENCODING 7487
SWIDTH 583 0
DWIDTH 14 0
BBX 10 13 3 8
BITMAP
FE00
FF00
6380
6180
6180
6380
7F00
7E00
6600
6700
6300
F3C0
F1C0
ENDCHAR
STARTCHAR 1D40
ENCODING 7488
SWIDTH 583 0
DWIDTH 14 0
BBX 8 13 3 8
BITMAP
FF
FF
DB
18
18
18
18
18
18
18
18
3E
3E
ENDCHAR
STARTCHAR 1D41
ENCODING 7489
SWIDTH 583 0
DWIDTH 14 0
BBX 9 13 3 8
BITMAP
F780
F780
6180
6180
6180
6180
6180
6180
6180
6180
6380
7F00
1E00
ENDCHAR
STARTCHAR 1D42
ENCODING 7490
SWIDTH 583 0
DWIDTH 14 0
BBX 9 13 3 8
BITMAP
E380
E380
4100
6300
6B00
7F00
7F00
7700
7700
7700
3600
3600
3600
ENDCHAR
STARTCHAR 1D43
ENCODING 7491
SWIDTH 583 0
DWIDTH 14 0
BBX 8 9 3 8
BITMAP
7E
FF
C3
3F
7F
E3
C3
FF
7B
ENDCHAR
STARTCHAR 1D44
ENCODING 7492
SWIDTH 583 0
DWIDTH 14 0
BBX 9 9 3 8
BITMAP
EE00
FF00
6180
6100
7F00
7E00
6300
7F00
3E00
ENDCHAR
STARTCHAR 1D45
ENCODING 7493
SWIDTH 583 0
DWIDTH 14 0
BBX 9 9 3 8
BITMAP
7B80
FF80
E700
C300
C300
C300
E700
FF80
7B80
ENDCHAR
STARTCHAR 1D46
ENCODING 7494
SWIDTH 583 0
DWIDTH 14 0
BBX 8 9 3 8
BITMAP
77
FF
D9
FF
FE
D8
DB
FF
77
ENDCHAR
STARTCHAR 1D47
ENCODING 7495
SWIDTH 583 0
DWIDTH 14 0
BBX 9 13 3 8
BITMAP
E000
E000
6000
6000
6F00
7F80
6380
6180
6180
6180
6380
FF80
EF00
ENDCHAR
STARTCHAR 1D48
ENCODING 7496
SWIDTH 583 0
DWIDTH 14 0
BBX 9 13 3 8
BITMAP
0700
0700
0300
0300
7B00
FF00
E700
C300
C300
C300
E700
FF80
7B80
ENDCHAR
STARTCHAR 1D49
ENCODING 7497
SWIDTH 583 0
DWIDTH 14 0
BBX 8 9 3 8
BITMAP
3C
7E
C3
FF
FF
C0
E3
7E
3C
ENDCHAR
STARTCHAR 1D4A
ENCODING 7498
SWIDTH 583 0
DWIDTH 14 0
BBX 8 9 3 8
BITMAP
FE
FF
C3
FF
FF
C3
E7
7E
3C
ENDCHAR
STARTCHAR 1D4B
ENCODING 7499
SWIDTH 583 0
DWIDTH 14 0
BBX 8 9 3 8
BITMAP
7F
FF
C3
7C
7C
C0
C3
FF
3E
ENDCHAR
STARTCHAR 1D4C
ENCODING 7500
SWIDTH 583 0
DWIDTH 14 0
BBX 8 9 3 8
BITMAP
7E
FF
C3
03
1E
1E
C3
FF
FE
ENDCHAR
STARTCHAR 1D4D
ENCODING 7501
SWIDTH 583 0
DWIDTH 14 0
BBX 8 13 3 4
BITMAP
7F
FF
C3
C3
FF
FE
C0
FE
7F
03
C3
FF
7E
ENDCHAR
STARTCHAR 1D4E
ENCODING 7502
SWIDTH 583 0
DWIDTH 14 0
BBX 7 13 4 4
BITMAP
FE
FE
30
30
30
30
30
3E
3E
00
38
38
38
ENDCHAR
STARTCHAR 1D4F
ENCODING 7503
SWIDTH 583 0
DWIDTH 14 0
BBX 9 13 3 8
BITMAP
E000
E000
6000
6000
6380
6780
6E00
7C00
7C00
7C00
6600
F380
F380
ENDCHAR
STARTCHAR 1D50
ENCODING 7504
SWIDTH 583 0
DWIDTH 14 0
BBX 10 9 2 8
BITMAP
FF80
FF80
6D80
6D80
6D80
6D80
6D80
EDC0
EDC0
ENDCHAR
STARTCHAR 1D51
ENCODING 7505
SWIDTH 583 0
DWIDTH 14 0
BBX 9 13 3 4
BITMAP
EF00
FF80
6380
6180
6180
6180
6180
F180
F180
0180
0180
0700
0700
ENDCHAR
STARTCHAR 1D52
ENCODING 7506
SWIDTH 583 0
DWIDTH 14 0
BBX 8 9 3 8
BITMAP
3C
7F
E3
C3
C3
C3
E3
7F
3C
ENDCHAR
STARTCHAR 1D53
ENCODING 7507
SWIDTH 583 0
DWIDTH 14 0
BBX 8 9 3 8
BITMAP
3C
7E
E7
03
03
03
C3
FF
DE
ENDCHAR
STARTCHAR 1D54
ENCODING 7508
SWIDTH 583 0
DWIDTH 14 0
BBX 8 4 3 13
BITMAP
3C
7F
E3
C3
ENDCHAR
STARTCHAR 1D55
ENCODING 7509
SWIDTH 583 0
DWIDTH 14 0
BBX 8 5 3 8
BITMAP
C3
C3
E3
7F
3C
ENDCHAR
STARTCHAR 1D56
ENCODING 7510
SWIDTH 583 0
DWIDTH 14 0
BBX 9 13 3 4
BITMAP
EF00
FF80
6380
6180
6180
6180
6380
7F80
6F00
6000
6000
F000
F000
ENDCHAR
STARTCHAR 1D57
ENCODING 7511
SWIDTH 583 0
DWIDTH 14 0
BBX 8 13 4 8
BITMAP
30
30
30
30
FE
FE
30
30
30
30
33
3F
1E
ENDCHAR
STARTCHAR 1D58
ENCODING 7512
SWIDTH 583 0
DWIDTH 14 0
BBX 10 9 2 8
BITMAP
E380
E380
6180
6180
6180
6180
7380
7FC0
3DC0
ENDCHAR
STARTCHAR 1D59
ENCODING 7513
SWIDTH 583 0
DWIDTH 14 0
BBX 9 9 3 8
BITMAP
0180
FF80
FF80
C100
0180
0180
FF80
FF00
C000
ENDCHAR
STARTCHAR 1D5A
ENCODING 7514
SWIDTH 583 0
DWIDTH 14 0
BBX 10 9 2 8
BITMAP
ED80
ED80
6D80
6D80
6D80
6D80
6D80
7FC0
37C0
ENDCHAR
STARTCHAR 1D5B
ENCODING 7515
SWIDTH 583 0
DWIDTH 14 0
BBX 10 9 3 8
BITMAP
F3C0
F3C0
7380
3300
3300
1E00
1E00
1E00
0C00
ENDCHAR
STARTCHAR 1D5C
ENCODING 7516
SWIDTH 583 0
DWIDTH 14 0
BBX 9 9 3 8
BITMAP
1C00
3E00
3E00
3E00
3E00
3C00
1C00
FF80
F780
ENDCHAR
STARTCHAR 1D5D
ENCODING 7517
SWIDTH 583 0
DWIDTH 14 0
BBX 8 17 3 4
BITMAP
3C
7E
E7
C3
C3
C7
DE
DE
C3
C3
E3
FF
DE
C0
C0
C0
C0
ENDCHAR
STARTCHAR 1D5E
ENCODING 7518
SWIDTH 583 0
DWIDTH 14 0
BBX 8 13 3 4
BITMAP
C3
E3
73
33
36
3E
1C
1C
1C
18
18
18
18
ENDCHAR
STARTCHAR 1D5F
ENCODING 7519
SWIDTH 583 0
DWIDTH 14 0
BBX 8 13 3 8
BITMAP
7E
FE
C2
C0
F0
7E
EF
C3
C3
C3
E3
7F
3C
ENDCHAR
STARTCHAR 1D60
ENCODING 7520
SWIDTH 583 0
DWIDTH 14 0
BBX 8 13 3 4
BITMAP
4E
5F
DB
DB
DB
DB
DB
7E
7E
18
18
18
18
ENDCHAR
STARTCHAR 1D61
ENCODING 7521
SWIDTH 583 0
DWIDTH 14 0
BBX 10 13 3 4
BITMAP
E380
F300
3700
3600
1E00
1C00
0C00
1C00
1E00
3600
3700
73C0
63C0
ENDCHAR
STARTCHAR 1D62
ENCODING 7522
SWIDTH 583 0
DWIDTH 14 0
BBX 7 11 4 -2
BITMAP
38
38
38
F8
F8
18
18
18
18
FE
FE
ENDCHAR
STARTCHAR 1D63
ENCODING 7523
SWIDTH 583 0
DWIDTH 14 0
BBX 8 8 3 -2
BITMAP
EE
FF
73
60
60
60
F8
F8
ENDCHAR
STARTCHAR 1D64
ENCODING 7524
SWIDTH 583 0
DWIDTH 14 0
BBX 10 8 2 -2
BITMAP
E380
E380
6180
6180
6180
6180
7FC0
3DC0
ENDCHAR
STARTCHAR 1D65
ENCODING 7525
SWIDTH 583 0
DWIDTH 14 0
BBX 10 8 3 -2
BITMAP
F3C0
F3C0
3300
3300
3F00
1E00
1E00
0C00
ENDCHAR
STARTCHAR 1D66
ENCODING 7526
SWIDTH 583 0
DWIDTH 14 0
BBX 8 15 3 -6
BITMAP
3C
FF
C3
C3
DE
DE
C3
C3
C3
FF
DE
C0
C0
C0
C0
ENDCHAR
STARTCHAR 1D67
ENCODING 7527
SWIDTH 583 0
DWIDTH 14 0
BBX 8 12 3 -6
BITMAP
C3
E3
73
37
36
3E
1C
1C
18
18
18
18
ENDCHAR
STARTCHAR 1D68
ENCODING 7528
SWIDTH 583 0
DWIDTH 14 0
BBX 8 12 3 -6
BITMAP
3C
7F
C3
C3
C3
C3
FF
DE
C0
C0
C0
C0
ENDCHAR
STARTCHAR 1D69
ENCODING 7529
SWIDTH 583 0
DWIDTH 14 0
BBX 8 12 3 -6
BITMAP
4E
DF
DB
DB
DB
DB
FB
7E
18
18
18
18
ENDCHAR
STARTCHAR 1D6A
ENCODING 7530
SWIDTH 583 0
DWIDTH 14 0
BBX 10 12 3 -6
BITMAP
E380
F300
3700
3E00
1E00
1C00
1C00
1E00
3E00
3700
73C0
63C0
ENDCHAR
STARTCHAR 1D6B
ENCODING 7531
SWIDTH 583 0
DWIDTH 14 0
BBX 13 13 0 0
BITMAP
F1E0
F3F0
77F8
7738
7738
77F8
77F8
7700
7700
7738
77F8
7FF0
39E0
ENDCHAR
STARTCHAR 1D6C
ENCODING 7532
SWIDTH 583 0
DWIDTH 14 0
BBX 14 18 -1 0
BITMAP
3C00
3C00
3C00
FF80
DF80
1CF0
1DF8
1FF8
1E3C
1C1C
1C1C
1C1C
1C1C
1C1C
1C1C
1F78
3FF8
3CF0
ENDCHAR
STARTCHAR 1D6D
ENCODING 7533
SWIDTH 583 0
DWIDTH 14 0
BBX 13 18 2 0
BITMAP
03C0
03C0
01D0
0FF8
05F0
3DC0
7FC0
FFC0
E1C0
E1C0
E1C0
E1C0
E1C0
E1C0
E1C0
FFC0
7FE0
3DE0
ENDCHAR
STARTCHAR 1D6E
ENCODING 7534
SWIDTH 583 0
DWIDTH 14 0
BBX 12 18 1 0
BITMAP
03C0
07E0
0FE0
0E70
0E00
0E00
7FE0
7FE0
0E00
0E00
1E80
7FC0
EF80
0F00
0E00
0E00
7FC0
7FC0
ENDCHAR
STARTCHAR 1D6F
ENCODING 7535
SWIDTH 583 0
DWIDTH 14 0
BBX 16 13 0 0
BITMAP
7F38
7FF8
3BFC
3B9C
3F9E
3F9F
7F9E
FBFC
7BFC
3B9C
3B9C
7B9E
7B9E
ENDCHAR
STARTCHAR 1D70
ENCODING 7536
SWIDTH 583 0
DWIDTH 14 0
BBX 14 13 0 0
BITMAP
7BC0
7FE0
3FF0
3870
3C74
7F7C
FFFC
FBF8
B8F0
3870
3870
7CF8
7CF8
ENDCHAR
STARTCHAR 1D71
ENCODING 7537
SWIDTH 583 0
DWIDTH 14 0
BBX 14 18 -1 -5
BITMAP
3CF0
3FF8
1FF8
1C1C
1C1C
1C1C
1C1C
1C1C
1C1C
1E3C
1FF8
1DF8
1CF0
7D80
FF80
5E00
3F00
3F00
ENDCHAR
STARTCHAR 1D72
ENCODING 7538
SWIDTH 583 0
DWIDTH 14 0
BBX 11 13 1 0
BITMAP
7DC0
7FE0
1FE0
1C60
1C00
7D80
FF80
DF00
1C00
1C00
1C00
7F00
7F00
ENDCHAR
STARTCHAR 1D73
ENCODING 7539
SWIDTH 583 0
DWIDTH 14 0
BBX 9 13 2 0
BITMAP
0380
0F80
0F00
1C00
1C00
7D80
FF80
DF00
1C00
1C00
1C00
7F00
7F00
ENDCHAR
STARTCHAR 1D74
ENCODING 7540
SWIDTH 583 0
DWIDTH 14 0
BBX 15 13 0 0
BITMAP
0F70
1FF0
3EF0
3870
3C70
7F0C
FFFE
C3F8
38F0
3870
3DF0
3FE0
3BC0
ENDCHAR
STARTCHAR 1D75
ENCODING 7541
SWIDTH 583 0
DWIDTH 14 0
BBX 11 18 2 0
BITMAP
3800
3800
3800
3800
3800
FFC0
FFC0
3800
3800
7B80
FF00
FE00
3800
38E0
38E0
1DE0
1FC0
0F80
ENDCHAR
STARTCHAR 1D76
ENCODING 7542
SWIDTH 583 0
DWIDTH 14 0
BBX 12 13 1 0
BITMAP
7FF0
7FF0
70F0
71E0
03C0
3FB0
7F70
EFE0
1D80
3870
7870
7FF0
7FF0
ENDCHAR
STARTCHAR 1D77
ENCODING 7543
SWIDTH 583 0
DWIDTH 14 0
BBX 12 18 2 -5
BITMAP
1F80
7FE0
FDE0
E0F0
E000
F800
7FC0
3FE0
00E0
00E0
3FC0
3FC0
70E0
70E0
70E0
7FE0
FFC0
FF80
ENDCHAR
STARTCHAR 1D78
ENCODING 7544
SWIDTH 583 0
DWIDTH 14 0
BBX 9 9 3 8
BITMAP
F780
F780
6180
7F80
7F80
6180
6180
F780
F780
ENDCHAR
STARTCHAR 1D79
ENCODING 7545
SWIDTH 583 0
DWIDTH 14 0
BBX 11 18 2 -5
BITMAP
FFE0
FFE0
E3E0
EF00
1C00
1800
1800
1C00
1F00
3F80
73C0
E0E0
E0E0
E0E0
E0E0
FFC0
7FC0
1F00
ENDCHAR
STARTCHAR 1D7A
ENCODING 7546
SWIDTH 583 0
DWIDTH 14 0
BBX 13 18 1 0
BITMAP
3700
3718
3330
3370
3360
FFE0
FFF0
33F0
3330
3730
3F30
3B30
3B30
3330
7330
7B30
5FB8
1FB8
ENDCHAR
STARTCHAR 1D7B
ENCODING 7547
SWIDTH 583 0
DWIDTH 14 0
BBX 7 13 4 0
BITMAP
FE
FE
38
38
38
FE
FE
38
38
38
38
FE
FE
ENDCHAR
STARTCHAR 1D7C
ENCODING 7548
SWIDTH 583 0
DWIDTH 14 0
BBX 11 13 2 0
BITMAP
FE00
FE00
0E00
0E00
0E00
3F80
3F80
0E00
0E00
0E00
0F00
07E0
03E0
ENDCHAR
STARTCHAR 1D7D
ENCODING 7549
SWIDTH 583 0
DWIDTH 14 0
BBX 13 18 1 -5
BITMAP
F3C0
FFE0
7FE0
7070
7070
FFF8
FFF8
7070
7070
78F0
7FE0
77E0
73C0
7000
7000
7000
FC00
FC00
ENDCHAR
STARTCHAR 1D7E
ENCODING 7550
SWIDTH 583 0
DWIDTH 14 0
BBX 12 13 1 0
BITMAP
F9F0
F9F0
70E0
70E0
70E0
FFF0
FFF0
70E0
70E0
70E0
3FC0
3FC0
0F00
ENDCHAR
STARTCHAR 1D7F
ENCODING 7551
SWIDTH 583 0
DWIDTH 14 0
BBX 12 13 1 0
BITMAP
79E0
79E0
39C0
39C0
70E0
FFF0
FFF0
70E0
70E0
70E0
3FC0
3FC0
0F80
ENDCHAR
STARTCHAR 1D80
ENCODING 7552
SWIDTH 583 0
DWIDTH 14 0
BBX 12 23 1 -5
BITMAP
F000
F000
7000
7000
7000
73C0
77E0
7FE0
7070
7070
7070
7070
7070
7070
7070
7DE0
FFE0
F7C0
01C0
01C0
03C0
0780
0700
ENDCHAR
STARTCHAR 1D81
ENCODING 7553
SWIDTH 583 0
DWIDTH 14 0
BBX 12 23 2 -5
BITMAP
03C0
03C0
01C0
01C0
01C0
3DC0
7FC0
FFC0
E1C0
E1C0
E1C0
E1C0
E1C0
E1C0
E1C0
FFC0
7FF0
3DF0
0070
0070
01E0
03E0
0380
ENDCHAR
STARTCHAR 1D82
ENCODING 7554
SWIDTH 583 0
DWIDTH 14 0
BBX 10 23 2 -5
BITMAP
0780
0FC0
1FC0
1C00
1C00
1C00
FFC0
FFC0
1C00
1C00
1C00
1C00
1C00
1C00
1C00
1C00
FF80
FF80
0380
0380
0F80
0F00
0E00
ENDCHAR
STARTCHAR 1D83
ENCODING 7555
SWIDTH 583 0
DWIDTH 14 0
BBX 11 18 1 -5
BITMAP
7780
FF80
FF00
E700
E700
E700
E700
E700
E700
E700
E700
FFE0
77E0
07E0
E7E0
E7E0
7EC0
3C80
ENDCHAR
STARTCHAR 1D84
ENCODING 7556
SWIDTH 583 0
DWIDTH 14 0
BBX 12 23 1 -5
BITMAP
F000
F000
7000
7000
7000
70F0
71F0
7380
7380
7700
7E00
7E00
7F00
7F00
7380
71C0
F9F0
F8F0
0070
0070
01F0
01E0
01C0
ENDCHAR
STARTCHAR 1D85
ENCODING 7557
SWIDTH 583 0
DWIDTH 14 0
BBX 11 23 2 -5
BITMAP
7E00
7E00
0E00
0E00
0E00
0E00
0E00
0E00
0E00
0E00
0E00
0E00
0E00
0E00
0E00
0E00
FFE0
FFE0
00E0
00E0
01E0
01C0
0180
ENDCHAR
STARTCHAR 1D86
ENCODING 7558
SWIDTH 583 0
DWIDTH 14 0
BBX 14 18 1 -5
BITMAP
FE70
FFF0
77F8
7738
7738
7738
7738
7738
7738
7738
773C
F73C
F73C
001C
001C
007C
0078
0070
ENDCHAR
STARTCHAR 1D87
ENCODING 7559
SWIDTH 583 0
DWIDTH 14 0
BBX 13 18 1 -5
BITMAP
F780
FFC0
7FE0
70E0
70E0
70E0
70E0
70E0
70E0
70E0
70E0
F9F8
F9F8
0038
0038
00F0
01F0
01C0
ENDCHAR
STARTCHAR 1D88
ENCODING 7560
SWIDTH 583 0
DWIDTH 14 0
BBX 12 18 1 -5
BITMAP
F3C0
FFE0
7FE0
7070
7070
7070
7070
7070
7070
7070
7FE0
7FE0
77C0
71C0
71C0
71C0
FF80
FF00
ENDCHAR
STARTCHAR 1D89
ENCODING 7561
SWIDTH 583 0
DWIDTH 14 0
BBX 11 18 2 -5
BITMAP
F9C0
FFE0
3FE0
38E0
3800
3800
3800
3800
3800
3800
3800
FF00
FF00
0700
0700
1F00
1E00
1800
ENDCHAR
STARTCHAR 1D8A
ENCODING 7562
SWIDTH 583 0
DWIDTH 14 0
BBX 10 18 2 -5
BITMAP
3DC0
7FC0
FBC0
E1C0
E1C0
7C00
3F00
0F80
E1C0
E1C0
F7C0
FF80
EF80
0380
0380
0F80
0F00
0E00
ENDCHAR
STARTCHAR 1D8B
ENCODING 7563
SWIDTH 583 0
DWIDTH 14 0
BBX 11 23 2 -5
BITMAP
01C0
07C0
0780
0E00
0E00
0E00
0E00
0E00
0E00
0E00
0E00
0E00
0E00
0E00
0E00
0E00
0FE0
0FE0
0EE0
0EE0
3DE0
FDC0
F180
ENDCHAR
STARTCHAR 1D8C
ENCODING 7564
SWIDTH 583 0
DWIDTH 14 0
BBX 13 18 1 -5
BITMAP
F8F8
F8F8
3070
38F0
38E0
38E0
1DE0
1DC0
1DC0
0D80
0FF0
0FF0
07F0
0070
0070
01E0
01E0
0180
ENDCHAR
STARTCHAR 1D8D
ENCODING 7565
SWIDTH 583 0
DWIDTH 14 0
BBX 12 18 1 -5
BITMAP
F9F0
F9F0
3980
1F80
0F00
0F00
0600
0F00
1F00
1F80
3980
F9F0
F9F0
0070
0070
01F0
01E0
01C0
ENDCHAR
STARTCHAR 1D8E
ENCODING 7566
SWIDTH 583 0
DWIDTH 14 0
BBX 11 18 2 -5
BITMAP
FFE0
FFE0
E1E0
E3C0
0780
0700
0E00
1C00
3800
70E0
F0E0
FFE0
FFE0
00E0
00E0
03E0
03C0
0380
ENDCHAR
STARTCHAR 1D8F
ENCODING 7567
SWIDTH 583 0
DWIDTH 14 0
BBX 14 18 2 -5
BITMAP
3F00
7FC0
FBC0
E0E0
00E0
3FE0
7FE0
F0E0
E0E0
E1E0
FFF0
7EF0
3CF0
0070
0070
007C
003C
001C
ENDCHAR
STARTCHAR 1D90
ENCODING 7568
SWIDTH 583 0
DWIDTH 14 0
BBX 14 18 2 -5
BITMAP
3DF0
7FF0
FFC0
E1C0
E1C0
E1C0
E1C0
E1C0
E1C0
E1C0
FFF0
7FF0
3DF0
0070
0070
007C
003C
001C
ENDCHAR
STARTCHAR 1D91
ENCODING 7569
SWIDTH 583 0
DWIDTH 14 0
BBX 13 23 2 -5
BITMAP
0038
00F8
00F0
01C0
01C0
3DC0
7FC0
F7C0
E1C0
E1C0
E1C0
E1C0
E1C0
E1C0
E1C0
FFC0
7FC0
3DC0
01C0
01C0
00F0
00F8
0038
ENDCHAR
STARTCHAR 1D92
ENCODING 7570
SWIDTH 583 0
DWIDTH 14 0
BBX 13 18 2 -5
BITMAP
1F00
7FC0
7BC0
E0E0
E0E0
FFE0
FFE0
E000
E000
E0E0
FFE0
7FE0
3EE0
00E0
00E0
00F0
0078
0038
ENDCHAR
STARTCHAR 1D93
ENCODING 7571
SWIDTH 583 0
DWIDTH 14 0
BBX 13 18 2 -5
BITMAP
3EE0
7FE0
FBE0
E0E0
7800
3E00
7E00
E000
E000
E0E0
FFE0
7FE0
3EE0
00E0
00E0
00F8
0078
0038
ENDCHAR
STARTCHAR 1D94
ENCODING 7572
SWIDTH 583 0
DWIDTH 14 0
BBX 11 18 2 -5
BITMAP
EF80
FFC0
FBC0
E0C0
07C0
0F80
0FC0
01E0
00E0
E0E0
FFE0
FFC0
EF80
E000
E000
F000
7800
3800
ENDCHAR
STARTCHAR 1D95
ENCODING 7573
SWIDTH 583 0
DWIDTH 14 0
BBX 15 18 1 -5
BITMAP
FE00
FF00
E700
E700
0700
FFF0
FFF0
E730
E730
E730
FF30
7E30
3C30
0030
0030
003C
001E
000E
ENDCHAR
STARTCHAR 1D96
ENCODING 7574
SWIDTH 583 0
DWIDTH 14 0
BBX 13 23 2 -5
BITMAP
0C00
1E00
1E00
0C00
0000
FC00
FC00
1C00
1C00
1C00
1C00
1C00
1C00
1C00
1C00
1C00
FFE0
FFE0
00E0
00E0
00F8
0078
0038
ENDCHAR
STARTCHAR 1D97
ENCODING 7575
SWIDTH 583 0
DWIDTH 14 0
BBX 10 18 2 -5
BITMAP
3E00
7F80
FF80
E1C0
E1C0
01C0
01C0
01C0
E1C0
E1C0
FFC0
FF80
EF00
E000
E000
F000
7800
3800
ENDCHAR
STARTCHAR 1D98
ENCODING 7576
SWIDTH 583 0
DWIDTH 14 0
BBX 10 23 3 -5
BITMAP
03C0
0FC0
0F00
1C00
1C00
1C00
1C00
1C00
1C00
1C00
1C00
1C00
1C00
1C00
3C00
F800
F000
E000
E000
E000
F800
7800
3800
ENDCHAR
STARTCHAR 1D99
ENCODING 7577
SWIDTH 583 0
DWIDTH 14 0
BBX 15 18 1 -5
BITMAP
F1E0
F1E0
70E0
70E0
70E0
70E0
70E0
70E0
70E0
70E0
79E0
3FF8
1EF8
0038
0038
003C
001E
000E
ENDCHAR
STARTCHAR 1D9A
ENCODING 7578
SWIDTH 583 0
DWIDTH 14 0
BBX 11 18 2 -5
BITMAP
FFC0
FFC0
C3C0
CF00
3C00
3F80
3FC0
01E0
00E0
E0E0
FFE0
FFC0
EF80
E000
E000
F000
7800
3800
ENDCHAR
STARTCHAR 1D9B
ENCODING 7579
SWIDTH 583 0
DWIDTH 14 0
BBX 9 9 3 8
BITMAP
EF00
FF80
6380
6180
6180
6180
6380
FF80
EF00
ENDCHAR
STARTCHAR 1D9C
ENCODING 7580
SWIDTH 583 0
DWIDTH 14 0
BBX 8 9 3 8
BITMAP
7B
FF
C3
C0
C0
C0
E7
7F
3C
ENDCHAR
STARTCHAR 1D9D
ENCODING 7581
SWIDTH 583 0
DWIDTH 14 0
BBX 9 10 2 7
BITMAP
3D80
7F80
6180
6000
6000
6F00
7F80
7F80
FF00
4000
ENDCHAR
STARTCHAR 1D9E
ENCODING 7582
SWIDTH 583 0
DWIDTH 14 0
BBX 8 13 3 8
BITMAP
30
38
1F
7E
47
7B
7F
E7
C3
C3
E3
7F
3C
ENDCHAR
STARTCHAR 1D9F
ENCODING 7583
SWIDTH 583 0
DWIDTH 14 0
BBX 8 9 3 8
BITMAP
FE
FF
03
1F
1E
03
C3
FF
7E
ENDCHAR
STARTCHAR 1DA0
ENCODING 7584
SWIDTH 583 0
DWIDTH 14 0
BBX 8 13 3 8
BITMAP
1E
3F
33
30
30
FE
FE
30
30
30
30
FE
FE
ENDCHAR
STARTCHAR 1DA1
ENCODING 7585
SWIDTH 583 0
DWIDTH 14 0
BBX 9 13 2 4
BITMAP
1F00
1F00
0300
0300
0F80
0F80
0300
0300
0300
0300
E700
7E00
3C00
ENDCHAR
STARTCHAR 1DA2
ENCODING 7586
SWIDTH 583 0
DWIDTH 14 0
BBX 9 13 3 4
BITMAP
7B80
FF80
E700
C300
C300
C300
E700
FF00
7B00
0300
C700
FE00
3C00
ENDCHAR
STARTCHAR 1DA3
ENCODING 7587
SWIDTH 583 0
DWIDTH 14 0
BBX 10 13 2 4
BITMAP
E380
E380
6180
6180
6180
6180
7380
7F80
3D80
0180
0180
03C0
03C0
ENDCHAR
STARTCHAR 1DA4
ENCODING 7588
SWIDTH 583 0
DWIDTH 14 0
BBX 7 13 4 8
BITMAP
38
38
38
00
F8
F8
18
7C
7C
18
18
FE
FE
ENDCHAR
STARTCHAR 1DA5
ENCODING 7589
SWIDTH 583 0
DWIDTH 14 0
BBX 8 9 3 8
BITMAP
F8
F8
18
18
18
18
18
1F
0F
ENDCHAR
STARTCHAR 1DA6
ENCODING 7590
SWIDTH 583 0
DWIDTH 14 0
BBX 5 9 5 8
BITMAP
F8
F8
60
60
60
60
60
F8
F8
ENDCHAR
STARTCHAR 1DA7
ENCODING 7591
SWIDTH 583 0
DWIDTH 14 0
BBX 5 9 5 8
BITMAP
F8
F8
60
F8
F8
60
60
F8
F8
ENDCHAR
STARTCHAR 1DA8
ENCODING 7592
SWIDTH 583 0
DWIDTH 14 0
BBX 9 17 4 4
BITMAP
1C00
1C00
1C00
0000
7800
7800
1800
1800
1800
1800
1800
7800
FC00
DE00
DB00
F980
7180
ENDCHAR
STARTCHAR 1DA9
ENCODING 7593
SWIDTH 583 0
DWIDTH 14 0
BBX 7 17 3 4
BITMAP
F8
F8
18
18
18
18
18
18
18
18
18
18
18
18
18
1E
0E
ENDCHAR
STARTCHAR 1DAA
ENCODING 7594
SWIDTH 583 0
DWIDTH 14 0
BBX 8 17 3 4
BITMAP
78
78
18
18
18
18
18
18
18
18
18
FF
FF
03
03
07
06
ENDCHAR
STARTCHAR 1DAB
ENCODING 7595
SWIDTH 583 0
DWIDTH 14 0
BBX 8 9 3 8
BITMAP
F0
F0
60
60
60
60
63
FF
FF
ENDCHAR
STARTCHAR 1DAC
ENCODING 7596
SWIDTH 583 0
DWIDTH 14 0
BBX 9 13 2 4
BITMAP
FF80
FF80
6D80
6D80
6D80
6D80
6D80
ED80
ED80
0180
0180
0380
0300
ENDCHAR
STARTCHAR 1DAD
ENCODING 7597
SWIDTH 583 0
DWIDTH 14 0
BBX 10 13 2 4
BITMAP
ED80
ED80
6D80
6D80
6D80
6D80
6D80
7F80
3780
0180
0180
03C0
03C0
ENDCHAR
STARTCHAR 1DAE
ENCODING 7598
SWIDTH 583 0
DWIDTH 14 0
BBX 10 13 1 4
BITMAP
7780
7FC0
31C0
30C0
30C0
30C0
30C0
33C0
33C0
3000
3000
F000
E000
ENDCHAR
STARTCHAR 1DAF
ENCODING 7599
SWIDTH 583 0
DWIDTH 14 0
BBX 10 13 3 4
BITMAP
EF00
FF80
6380
6180
6180
6180
6180
F180
F180
0180
0180
01C0
00C0
ENDCHAR
STARTCHAR 1DB0
ENCODING 7600
SWIDTH 583 0
DWIDTH 14 0
BBX 9 9 3 8
BITMAP
F780
F780
7980
7980
6D80
6D80
6780
F380
F380
ENDCHAR
STARTCHAR 1DB1
ENCODING 7601
SWIDTH 583 0
DWIDTH 14 0
BBX 8 9 3 8
BITMAP
3C
7E
C3
FF
FF
C3
E7
7E
3C
ENDCHAR
STARTCHAR 1DB2
ENCODING 7602
SWIDTH 583 0
DWIDTH 14 0
BBX 9 17 3 4
BITMAP
3E00
3E00
1800
1800
7E00
FF00
D980
D980
D980
D980
D980
FF00
7E00
1800
1800
3E00
3E00
ENDCHAR
STARTCHAR 1DB3
ENCODING 7603
SWIDTH 583 0
DWIDTH 14 0
BBX 8 13 3 4
BITMAP
7F
FF
C3
F0
3E
C7
C3
FF
DE
C0
C0
F0
70
ENDCHAR
STARTCHAR 1DB4
ENCODING 7604
SWIDTH 583 0
DWIDTH 14 0
BBX 7 17 4 4
BITMAP
0E
1E
38
30
30
30
30
30
30
30
30
30
30
30
30
F0
E0
ENDCHAR
STARTCHAR 1DB5
ENCODING 7605
SWIDTH 583 0
DWIDTH 14 0
BBX 8 17 4 4
BITMAP
30
30
30
30
FE
FE
30
30
30
30
33
3F
1F
03
03
07
06
ENDCHAR
STARTCHAR 1DB6
ENCODING 7606
SWIDTH 583 0
DWIDTH 14 0
BBX 8 9 3 8
BITMAP
E7
E7
63
63
FF
FF
63
7F
3B
ENDCHAR
STARTCHAR 1DB7
ENCODING 7607
SWIDTH 583 0
DWIDTH 14 0
BBX 8 9 3 8
BITMAP
E7
E7
E7
C3
C3
C3
E7
7E
3C
ENDCHAR
STARTCHAR 1DB8
ENCODING 7608
SWIDTH 583 0
DWIDTH 14 0
BBX 9 9 3 8
BITMAP
F780
F780
6180
6180
6180
6180
6380
7F00
1E00
ENDCHAR
STARTCHAR 1DB9
ENCODING 7609
SWIDTH 583 0
DWIDTH 14 0
BBX 9 9 3 8
BITMAP
F700
F780
6180
6180
6180
6180
6380
7F00
1E00
ENDCHAR
STARTCHAR 1DBA
ENCODING 7610
SWIDTH 583 0
DWIDTH 14 0
BBX 10 9 3 8
BITMAP
0C00
1E00
1E00
1E00
3300
3300
7380
F3C0
F3C0
ENDCHAR
STARTCHAR 1DBB
ENCODING 7611
SWIDTH 583 0
DWIDTH 14 0
BBX 8 9 3 8
BITMAP
FF
FF
C6
0C
18
30
63
FF
FF
ENDCHAR
STARTCHAR 1DBC
ENCODING 7612
SWIDTH 583 0
DWIDTH 14 0
BBX 10 13 3 4
BITMAP
FF00
FF00
C600
0C00
1800
3000
6300
FF00
FF00
0300
0300
03C0
01C0
ENDCHAR
STARTCHAR 1DBD
ENCODING 7613
SWIDTH 583 0
DWIDTH 14 0
BBX 8 11 3 6
BITMAP
FF
FF
C6
0C
18
37
6D
FF
FF
10
10
ENDCHAR
STARTCHAR 1DBE
ENCODING 7614
SWIDTH 583 0
DWIDTH 14 0
BBX 8 13 3 4
BITMAP
FE
FE
CE
1C
38
3C
3F
03
03
03
E3
FE
7C
ENDCHAR
STARTCHAR 1DBF
ENCODING 7615
SWIDTH 583 0
DWIDTH 14 0
BBX 8 13 3 8
BITMAP
3C
7E
66
E7
C3
C3
FF
FF
C3
C3
66
7E
3C
ENDCHAR
STARTCHAR 1DC3
ENCODING 7619
SWIDTH 0 0
DWIDTH 0 0
BBX 10 3 -12 15
BITMAP
F7C0
7FC0
3E00
ENDCHAR
STARTCHAR 1DC4
ENCODING 7620
SWIDTH 0 0
DWIDTH 0 0
BBX 7 5 -11 15
BITMAP
06
0E
0C
FC
F8
ENDCHAR
STARTCHAR 1DC5
ENCODING 7621
SWIDTH 0 0
DWIDTH 0 0
BBX 7 5 -11 15
BITMAP
C0
E0
60
7E
3E
ENDCHAR
STARTCHAR 1DC6
ENCODING 7622
SWIDTH 0 0
DWIDTH 0 0
BBX 7 4 -11 14
BITMAP
F8
FC
0E
06
ENDCHAR
STARTCHAR 1DC7
ENCODING 7623
SWIDTH 0 0
DWIDTH 0 0
BBX 7 4 -11 14
BITMAP
3E
7E
E0
C0
ENDCHAR
STARTCHAR 1DCA
ENCODING 7626
SWIDTH 0 0
DWIDTH 0 0
BBX 4 5 -9 -7
BITMAP
F0
50
40
40
E0
ENDCHAR
STARTCHAR 1DCB
ENCODING 7627
SWIDTH 0 0
DWIDTH 0 0
BBX 8 4 -11 15
BITMAP
DF
DF
78
70
ENDCHAR
STARTCHAR 1DCC
ENCODING 7628
SWIDTH 0 0
DWIDTH 0 0
BBX 8 4 -11 15
BITMAP
FB
FB
1E
0E
ENDCHAR
STARTCHAR 1DCD
ENCODING 7629
SWIDTH 0 0
DWIDTH 0 0
BBX 22 5 -11 20
BITMAP
007800
03FF00
1FFFE0
FE01FC
E0001C
ENDCHAR
STARTCHAR 1DCE
ENCODING 7630
SWIDTH 0 0
DWIDTH 0 0
BBX 5 6 -9 12
BITMAP
F0
F8
38
38
70
E0
ENDCHAR
STARTCHAR 1DCF
ENCODING 7631
SWIDTH 0 0
DWIDTH 0 0
BBX 6 3 -10 -5
BITMAP
C0
FC
18
ENDCHAR
STARTCHAR 1DD3
ENCODING 7635
SWIDTH 0 0
DWIDTH 0 0
BBX 5 3 -10 15
BITMAP
A8
A8
F8
ENDCHAR
STARTCHAR 1DD4
ENCODING 7636
SWIDTH 0 0
DWIDTH 0 0
BBX 5 6 -10 15
BITMAP
50
E8
28
78
A0
F8
ENDCHAR
STARTCHAR 1DD5
ENCODING 7637
SWIDTH 0 0
DWIDTH 0 0
BBX 5 5 -9 15
BITMAP
F8
A8
E8
A8
F8
ENDCHAR
STARTCHAR 1DD7
ENCODING 7639
SWIDTH 0 0
DWIDTH 0 0
BBX 4 7 -9 15
BITMAP
F0
90
80
F0
E0
40
60
ENDCHAR
STARTCHAR 1DD8
ENCODING 7640
SWIDTH 0 0
DWIDTH 0 0
BBX 4 7 -9 15
BITMAP
40
20
30
F0
90
90
F0
ENDCHAR
STARTCHAR 1DD9
ENCODING 7641
SWIDTH 0 0
DWIDTH 0 0
BBX 4 7 -9 15
BITMAP
40
70
30
F0
90
90
F0
ENDCHAR
STARTCHAR 1DDA
ENCODING 7642
SWIDTH 0 0
DWIDTH 0 0
BBX 5 7 -9 15
BITMAP
F8
90
F0
80
F0
10
F0
ENDCHAR
STARTCHAR 1DDB
ENCODING 7643
SWIDTH 0 0
DWIDTH 0 0
BBX 4 5 -9 15
BITMAP
F0
90
80
B0
F0
ENDCHAR
STARTCHAR 1DDC
ENCODING 7644
SWIDTH 0 0
DWIDTH 0 0
BBX 5 7 -9 15
BITMAP
C0
40
58
70
60
70
D8
ENDCHAR
STARTCHAR 1DDD
ENCODING 7645
SWIDTH 0 0
DWIDTH 0 0
BBX 4 7 -9 15
BITMAP
E0
20
20
20
20
20
F0
ENDCHAR
STARTCHAR 1DDE
ENCODING 7646
SWIDTH 0 0
DWIDTH 0 0
BBX 4 5 -9 15
BITMAP
E0
40
40
50
F0
ENDCHAR
STARTCHAR 1DDF
ENCODING 7647
SWIDTH 0 0
DWIDTH 0 0
BBX 5 5 -10 15
BITMAP
D8
D8
E8
A8
D8
ENDCHAR
STARTCHAR 1DE0
ENCODING 7648
SWIDTH 0 0
DWIDTH 0 0
BBX 5 5 -10 15
BITMAP
F0
50
50
50
D8
ENDCHAR
STARTCHAR 1DE1
ENCODING 7649
SWIDTH 0 0
DWIDTH 0 0
BBX 5 5 -10 15
BITMAP
D8
50
70
70
D0
ENDCHAR
STARTCHAR 1DE2
ENCODING 7650
SWIDTH 0 0
DWIDTH 0 0
BBX 5 5 -10 15
BITMAP
F0
58
70
70
D8
ENDCHAR
STARTCHAR 1DE3
ENCODING 7651
SWIDTH 0 0
DWIDTH 0 0
BBX 4 5 -9 15
BITMAP
E0
30
60
20
30
ENDCHAR
STARTCHAR 1DE4
ENCODING 7652
SWIDTH 0 0
DWIDTH 0 0
BBX 4 5 -9 15
BITMAP
F0
90
70
90
F0
ENDCHAR
STARTCHAR 1DE5
ENCODING 7653
SWIDTH 0 0
DWIDTH 0 0
BBX 4 7 -9 15
BITMAP
70
50
40
40
40
40
E0
ENDCHAR
STARTCHAR 1DE6
ENCODING 7654
SWIDTH 0 0
DWIDTH 0 0
BBX 4 5 -9 15
BITMAP
F0
B0
60
D0
F0
ENDCHAR
STARTCHAR 1DE7
ENCODING 7655
SWIDTH 0 0
DWIDTH 0 0
BBX 4 5 -9 15
BITMAP
F0
90
90
90
F0
ENDCHAR
STARTCHAR 1DE8
ENCODING 7656
SWIDTH 0 0
DWIDTH 0 0
BBX 5 7 -10 15
BITMAP
C0
40
78
48
48
48
F8
ENDCHAR
STARTCHAR 1DE9
ENCODING 7657
SWIDTH 0 0
DWIDTH 0 0
BBX 4 9 -10 15
BITMAP
70
50
50
50
50
50
70
40
E0
ENDCHAR
STARTCHAR 1DEA
ENCODING 7658
SWIDTH 0 0
DWIDTH 0 0
BBX 4 5 -9 15
BITMAP
F0
90
F0
90
60
ENDCHAR
STARTCHAR 1DEB
ENCODING 7659
SWIDTH 0 0
DWIDTH 0 0
BBX 4 7 -9 15
BITMAP
70
40
F0
40
40
40
F0
ENDCHAR
STARTCHAR 1DEC
ENCODING 7660
SWIDTH 0 0
DWIDTH 0 0
BBX 4 7 -9 15
BITMAP
E0
20
70
70
B0
20
F0
ENDCHAR
STARTCHAR 1DED
ENCODING 7661
SWIDTH 0 0
DWIDTH 0 0
BBX 4 6 -9 15
BITMAP
E0
90
90
90
E0
80
ENDCHAR
STARTCHAR 1DEE
ENCODING 7662
SWIDTH 0 0
DWIDTH 0 0
BBX 5 7 -10 15
BITMAP
F8
48
48
48
78
40
E0
ENDCHAR
STARTCHAR 1DEF
ENCODING 7663
SWIDTH 0 0
DWIDTH 0 0
BBX 4 9 -9 15
BITMAP
30
20
20
20
20
20
20
20
C0
ENDCHAR
STARTCHAR 1DF0
ENCODING 7664
SWIDTH 0 0
DWIDTH 0 0
BBX 5 6 -10 15
BITMAP
D8
48
48
48
78
80
ENDCHAR
STARTCHAR 1DF1
ENCODING 7665
SWIDTH 0 0
DWIDTH 0 0
BBX 5 5 -10 15
BITMAP
D8
F8
70
50
50
ENDCHAR
STARTCHAR 1DF2
ENCODING 7666
SWIDTH 0 0
DWIDTH 0 0
BBX 5 8 -9 15
BITMAP
B0
B0
00
F0
90
70
90
F8
ENDCHAR
STARTCHAR 1DF3
ENCODING 7667
SWIDTH 0 0
DWIDTH 0 0
BBX 4 8 -9 15
BITMAP
B0
B0
00
E0
90
90
90
E0
ENDCHAR
STARTCHAR 1DF4
ENCODING 7668
SWIDTH 0 0
DWIDTH 0 0
BBX 5 8 -10 15
BITMAP
58
58
00
D8
48
48
48
78
ENDCHAR
STARTCHAR 1DF5
ENCODING 7669
SWIDTH 0 0
DWIDTH 0 0
BBX 6 4 -10 15
BITMAP
30
30
FC
FC
ENDCHAR
STARTCHAR 1DF6
ENCODING 7670
SWIDTH 0 0
DWIDTH 0 0
BBX 9 4 -4 15
BITMAP
C380
F700
7F00
3E00
ENDCHAR
STARTCHAR 1DF7
ENCODING 7671
SWIDTH 0 0
DWIDTH 0 0
BBX 9 4 -4 15
BITMAP
C380
F700
7F00
3E00
ENDCHAR
STARTCHAR 1DF8
ENCODING 7672
SWIDTH 0 0
DWIDTH 0 0
BBX 3 3 -3 14
BITMAP
E0
E0
E0
ENDCHAR
STARTCHAR 1DF9
ENCODING 7673
SWIDTH 0 0
DWIDTH 0 0
BBX 14 4 -14 -5
BITMAP
C00C
C00C
FFFC
FFFC
ENDCHAR
STARTCHAR 1DFA
ENCODING 7674
SWIDTH 0 0
DWIDTH 0 0
BBX 3 3 -3 -4
BITMAP
E0
E0
E0
ENDCHAR
STARTCHAR 1DFB
ENCODING 7675
SWIDTH 0 0
DWIDTH 0 0
BBX 6 3 -10 15
BITMAP
54
A8
A8
ENDCHAR
STARTCHAR 1DFC
ENCODING 7676
SWIDTH 0 0
DWIDTH 0 0
BBX 22 5 -11 -14
BITMAP
07FF80
3FFFF0
7E01F8
F0003C
400008
ENDCHAR
STARTCHAR 1DFD
ENCODING 7677
SWIDTH 0 0
DWIDTH 0 0
BBX 10 6 -12 -6
BITMAP
3000
7DC0
CF80
7F80
FF80
C700
ENDCHAR
STARTCHAR 1DFE
ENCODING 7678
SWIDTH 0 0
DWIDTH 0 0
BBX 6 5 -10 14
BITMAP
18
7C
E0
7C
18
ENDCHAR
STARTCHAR 1DFF
ENCODING 7679
SWIDTH 0 0
DWIDTH 0 0
BBX 12 5 -13 -6
BITMAP
E220
FF70
3FE0
F9E0
4000
ENDCHAR
STARTCHAR 1E00
ENCODING 7680
SWIDTH 583 0
DWIDTH 14 0
BBX 12 24 1 -6
BITMAP
0F00
0F00
0F00
0F00
0F00
1F80
1F80
1980
1980
39C0
3FC0
3FC0
38C0
70C0
70E0
70E0
F9F0
F9F0
0000
0600
0F00
0900
0F00
0F00
ENDCHAR
STARTCHAR 1E01
ENCODING 7681
SWIDTH 583 0
DWIDTH 14 0
BBX 12 19 2 -6
BITMAP
3F00
7FC0
FBC0
E0E0
00E0
1FE0
7FE0
F8E0
E0E0
E0E0
FBE0
7FF0
3CF0
0000
0E00
1F00
1300
1F00
0E00
ENDCHAR
STARTCHAR 1E02
ENCODING 7682
SWIDTH 583 0
DWIDTH 14 0
BBX 12 24 1 0
BITMAP
0600
0F00
0F00
0600
0000
0000
FF00
FFC0
73C0
70E0
70E0
70E0
70E0
73C0
7F80
7FC0
70E0
7070
7070
7070
70F0
73E0
FFC0
FF80
ENDCHAR
STARTCHAR 1E03
ENCODING 7683
SWIDTH 583 0
DWIDTH 14 0
BBX 12 18 1 0
BITMAP
F180
F3C0
73C0
7180
7000
73C0
77E0
7FE0
7070
7070
7070
7070
7070
7070
7070
7DE0
FFE0
F3C0
ENDCHAR
STARTCHAR 1E04
ENCODING 7684
SWIDTH 583 0
DWIDTH 14 0
BBX 12 23 1 -5
BITMAP
FF00
FFC0
73E0
70E0
70E0
70E0
73C0
7F80
7FC0
70E0
7070
7070
7070
7070
70F0
73E0
FFC0
FF80
0000
0600
0F00
0F00
0600
ENDCHAR
STARTCHAR 1E05
ENCODING 7685
SWIDTH 583 0
DWIDTH 14 0
BBX 12 23 1 -5
BITMAP
F000
F000
7000
7000
7000
73C0
77E0
7FE0
7070
7070
7070
7070
7070
7070
7070
7DE0
FFE0
F3C0
0000
0600
0F00
0F00
0600
ENDCHAR
STARTCHAR 1E06
ENCODING 7686
SWIDTH 583 0
DWIDTH 14 0
BBX 12 23 1 -5
BITMAP
FF00
FFC0
73C0
70E0
70E0
70E0
70E0
73C0
7F80
7FC0
70E0
7070
7070
7070
70F0
73E0
FFC0
FF80
0000
0000
0000
3FC0
3FC0
ENDCHAR
STARTCHAR 1E07
ENCODING 7687
SWIDTH 583 0
DWIDTH 14 0
BBX 12 22 1 -4
BITMAP
F000
F000
7000
7000
7000
73C0
77E0
7FE0
7070
7070
7070
7070
7070
7070
7070
7DE0
FFE0
F3C0
0000
0000
3FC0
3FC0
ENDCHAR
STARTCHAR 1E08
ENCODING 7688
SWIDTH 583 0
DWIDTH 14 0
BBX 11 29 2 -5
BITMAP
0100
0380
0F00
1E00
0800
0000
1F80
7FE0
7FE0
E0E0
E0E0
E000
E000
E000
E000
E000
E000
E000
E000
E0E0
E1E0
7FC0
7FC0
1F00
0E00
0F00
0300
1F00
1E00
ENDCHAR
STARTCHAR 1E09
ENCODING 7689
SWIDTH 583 0
DWIDTH 14 0
BBX 11 24 2 -5
BITMAP
0100
0780
0F00
1E00
0800
0000
3EE0
7FE0
FFE0
E0E0
E0E0
E000
E000
E000
E0E0
E1E0
7FC0
7FC0
1F00
0E00
0F00
0300
1F00
1E00
ENDCHAR
STARTCHAR 1E0A
ENCODING 7690
SWIDTH 583 0
DWIDTH 14 0
BBX 11 24 1 0
BITMAP
0600
0F00
0F00
0600
0000
0000
FF00
FFC0
73C0
70E0
70E0
70E0
70E0
70E0
70E0
70E0
70E0
70E0
70E0
70E0
70E0
77C0
FF80
FF00
ENDCHAR
STARTCHAR 1E0B
ENCODING 7691
SWIDTH 583 0
DWIDTH 14 0
BBX 11 18 2 0
BITMAP
1BC0
3FC0
3DC0
19C0
01C0
3DC0
7FC0
FFC0
E1C0
E1C0
E1C0
E1C0
E1C0
E1C0
E1C0
FFC0
7FE0
3DE0
ENDCHAR
STARTCHAR 1E0C
ENCODING 7692
SWIDTH 583 0
DWIDTH 14 0
BBX 11 23 1 -5
BITMAP
FF00
FFC0
73C0
70E0
70E0
70E0
70E0
70E0
70E0
70E0
70E0
70E0
70E0
70E0
70E0
77C0
FF80
FF00
0000
0600
0F00
0F00
0600
ENDCHAR
STARTCHAR 1E0D
ENCODING 7693
SWIDTH 583 0
DWIDTH 14 0
BBX 11 23 2 -5
BITMAP
03C0
03C0
01C0
01C0
01C0
3DC0
7FC0
FFC0
E1C0
E1C0
E1C0
E1C0
E1C0
E1C0
E1C0
FFC0
7FE0
3DE0
0000
0C00
1E00
1E00
0C00
ENDCHAR
STARTCHAR 1E0E
ENCODING 7694
SWIDTH 583 0
DWIDTH 14 0
BBX 11 23 1 -5
BITMAP
FF00
FFC0
73C0
70E0
70E0
70E0
70E0
70E0
70E0
70E0
70E0
70E0
70E0
70E0
70E0
77C0
FF80
FF00
0000
0000
0000
3FC0
3FC0
ENDCHAR
STARTCHAR 1E0F
ENCODING 7695
SWIDTH 583 0
DWIDTH 14 0
BBX 11 23 2 -5
BITMAP
03C0
03C0
01C0
01C0
01C0
3DC0
7FC0
FFC0
E1C0
E1C0
E1C0
E1C0
E1C0
E1C0
E1C0
FFC0
7FE0
3DE0
0000
0000
0000
7F80
7F80
ENDCHAR
STARTCHAR 1E10
ENCODING 7696
SWIDTH 583 0
DWIDTH 14 0
BBX 11 24 1 -6
BITMAP
FF00
FFC0
73C0
70E0
70E0
70E0
70E0
70E0
70E0
70E0
70E0
70E0
70E0
70E0
70E0
77C0
FF80
FF00
0000
0600
0600
0600
0600
0400
ENDCHAR
STARTCHAR 1E11
ENCODING 7697
SWIDTH 583 0
DWIDTH 14 0
BBX 11 24 2 -6
BITMAP
03C0
03C0
01C0
01C0
01C0
3DC0
7FC0
FFC0
E1C0
E1C0
E1C0
E1C0
E1C0
E1C0
E1C0
FFC0
7FE0
3DE0
0000
0C00
0C00
0C00
0C00
0800
ENDCHAR
STARTCHAR 1E12
ENCODING 7698
SWIDTH 583 0
DWIDTH 14 0
BBX 11 24 1 -6
BITMAP
FF00
FFC0
73C0
70E0
70E0
70E0
70E0
70E0
70E0
70E0
70E0
70E0
70E0
70E0
70E0
77C0
FF80
FF00
0000
0000
0F00
1F00
1980
31C0
ENDCHAR
STARTCHAR 1E13
ENCODING 7699
SWIDTH 583 0
DWIDTH 14 0
BBX 11 24 2 -6
BITMAP
03C0
03C0
01C0
01C0
01C0
3DC0
7FC0
FFC0
E1C0
E1C0
E1C0
E1C0
E1C0
E1C0
E1C0
FFC0
7FE0
3DE0
0000
0000
1E00
1F00
3300
6180
ENDCHAR
STARTCHAR 1E14
ENCODING 7700
SWIDTH 583 0
DWIDTH 14 0
BBX 11 29 1 1
BITMAP
1800
1C00
0E00
0600
0000
0000
3FC0
3FC0
0000
0000
0000
FFE0
FFE0
70E0
70E0
7000
7000
7000
7000
7F00
7F00
7000
7000
7000
7000
70E0
70E0
FFE0
FFE0
ENDCHAR
STARTCHAR 1E15
ENCODING 7701
SWIDTH 583 0
DWIDTH 14 0
BBX 11 24 2 1
BITMAP
1800
3C00
0E00
0600
0000
0000
7F80
7F80
0000
0000
0000
1F00
7FC0
7BC0
E0E0
E0E0
FFE0
FFE0
E000
E000
E0E0
7FC0
7FC0
1F00
ENDCHAR
STARTCHAR 1E16
ENCODING 7702
SWIDTH 583 0
DWIDTH 14 0
BBX 11 29 1 1
BITMAP
0300
0700
0E00
0C00
0000
0000
3FC0
3FC0
0000
0000
0000
FFE0
FFE0
70E0
70E0
7000
7000
7000
7000
7F00
7F00
7000
7000
7000
7000
70E0
70E0
FFE0
FFE0
ENDCHAR
STARTCHAR 1E17
ENCODING 7703
SWIDTH 583 0
DWIDTH 14 0
BBX 11 24 2 1
BITMAP
0300
0700
0E00
0C00
0000
0000
7F80
7F80
0000
0000
0000
1F00
7FC0
7BC0
E0E0
E0E0
FFE0
FFE0
E000
E000
E0E0
7FC0
7FC0
1F00
ENDCHAR
STARTCHAR 1E18
ENCODING 7704
SWIDTH 583 0
DWIDTH 14 0
BBX 11 24 1 -6
BITMAP
FFE0
FFE0
70E0
70E0
7000
7000
7000
7000
7F00
7F00
7000
7000
7000
7000
70E0
70E0
FFE0
FFE0
0000
0000
0E00
1F00
3B80
3180
ENDCHAR
STARTCHAR 1E19
ENCODING 7705
SWIDTH 583 0
DWIDTH 14 0
BBX 11 19 2 -6
BITMAP
1F00
7FC0
7BC0
E0E0
E0E0
FFE0
FFE0
E000
E000
E0E0
7FC0
7FC0
1F00
0000
0000
1E00
1F00
3B80
7180
ENDCHAR
STARTCHAR 1E1A
ENCODING 7706
SWIDTH 583 0
DWIDTH 14 0
BBX 11 23 1 -5
BITMAP
FFE0
FFE0
70E0
70E0
7000
7000
7000
7F00
7F00
7000
7000
7000
7000
70E0
70E0
70E0
FFE0
FFE0
0000
0000
3EE0
7FC0
2380
ENDCHAR
STARTCHAR 1E1B
ENCODING 7707
SWIDTH 583 0
DWIDTH 14 0
BBX 11 18 2 -5
BITMAP
1F00
7FC0
7BC0
E0E0
E0E0
FFE0
FFE0
E000
E000
E0E0
7FC0
7FC0
1F00
0000
0000
3CE0
7FC0
6780
ENDCHAR
STARTCHAR 1E1C
ENCODING 7708
SWIDTH 583 0
DWIDTH 14 0
BBX 11 29 1 -5
BITMAP
71C0
3FC0
3F80
0000
0000
0000
FFE0
FFE0
70E0
70E0
7000
7000
7000
7F00
7F00
7000
7000
7000
7000
7000
70E0
70E0
FFE0
FFE0
0E00
0F00
0300
1F00
1F00
ENDCHAR
STARTCHAR 1E1D
ENCODING 7709
SWIDTH 583 0
DWIDTH 14 0
BBX 11 23 2 -5
BITMAP
7BC0
7FC0
1F00
0000
0000
1F00
7FC0
7BC0
E0E0
E0E0
FFE0
FFE0
E000
E000
E0E0
7FC0
7FC0
1F00
0E00
0F00
0300
1F00
1F00
ENDCHAR
STARTCHAR 1E1E
ENCODING 7710
SWIDTH 583 0
DWIDTH 14 0
BBX 11 24 2 0
BITMAP
0C00
1E00
1E00
0C00
0000
0000
FFE0
FFE0
70E0
70E0
7000
7000
7000
7000
7F00
7F00
7000
7000
7000
7000
7000
7000
FC00
FC00
ENDCHAR
STARTCHAR 1E1F
ENCODING 7711
SWIDTH 583 0
DWIDTH 14 0
BBX 11 24 2 0
BITMAP
0600
0F00
0F00
0600
0000
0000
0780
0FC0
1FC0
1CE0
1C00
1C00
FFC0
FFC0
1C00
1C00
1C00
1C00
1C00
1C00
1C00
1C00
FF80
FF80
ENDCHAR
STARTCHAR 1E20
ENCODING 7712
SWIDTH 583 0
DWIDTH 14 0
BBX 11 23 2 0
BITMAP
7F80
7F80
0000
0000
0000
3EE0
7FE0
FFE0
E0E0
E0E0
E000
E000
E000
E7E0
E7E0
E0E0
E0E0
E0E0
E0E0
E0E0
F1E0
7EE0
3CE0
ENDCHAR
STARTCHAR 1E21
ENCODING 7713
SWIDTH 583 0
DWIDTH 14 0
BBX 11 23 2 -5
BITMAP
7F80
7F80
0000
0000
0000
3FE0
7FE0
FFC0
E1C0
E1C0
FFC0
7F80
7F00
E000
E000
F000
7FC0
3FE0
00E0
00E0
F3E0
FFC0
3F80
ENDCHAR
STARTCHAR 1E22
ENCODING 7714
SWIDTH 583 0
DWIDTH 14 0
BBX 12 24 1 0
BITMAP
0600
0F00
0F00
0600
0000
0000
F9F0
F9F0
70E0
70E0
70E0
70E0
70E0
70E0
7FE0
7FE0
70E0
70E0
70E0
70E0
70E0
70E0
F9F0
F9F0
ENDCHAR
STARTCHAR 1E23
ENCODING 7715
SWIDTH 583 0
DWIDTH 14 0
BBX 12 18 1 0
BITMAP
F180
F3C0
73C0
7180
7000
7780
77C0
7FE0
70E0
70E0
70E0
70E0
70E0
70E0
70E0
70E0
F9F0
F9F0
ENDCHAR
STARTCHAR 1E24
ENCODING 7716
SWIDTH 583 0
DWIDTH 14 0
BBX 12 23 1 -5
BITMAP
F9F0
F9F0
70E0
70E0
70E0
70E0
70E0
7FE0
7FE0
70E0
70E0
70E0
70E0
70E0
70E0
70E0
F9F0
F9F0
0000
0600
0F00
0F00
0600
ENDCHAR
STARTCHAR 1E25
ENCODING 7717
SWIDTH 583 0
DWIDTH 14 0
BBX 12 23 1 -5
BITMAP
F000
F000
7000
7000
7000
7780
77C0
7FE0
70E0
70E0
70E0
70E0
70E0
70E0
70E0
70E0
F9F0
F9F0
0000
0600
0F00
0F00
0600
ENDCHAR
STARTCHAR 1E26
ENCODING 7718
SWIDTH 583 0
DWIDTH 14 0
BBX 13 24 1 0
BITMAP
3060
38E0
38E0
3060
0000
0000
F8F8
F8F8
70E0
70E0
70E0
70E0
70E0
70E0
7FE0
7FE0
70E0
70E0
70E0
70E0
70E0
70E0
F8F8
F8F8
ENDCHAR
STARTCHAR 1E27
ENCODING 7719
SWIDTH 583 0
DWIDTH 14 0
BBX 13 24 1 0
BITMAP
3060
38E0
38E0
3060
0000
0000
F000
F000
7000
7000
7000
7780
77C0
7FE0
70E0
70E0
70E0
70E0
70E0
70E0
70E0
70E0
F8F8
F8F8
ENDCHAR
STARTCHAR 1E28
ENCODING 7720
SWIDTH 583 0
DWIDTH 14 0
BBX 12 23 1 -5
BITMAP
F9F0
F9F0
70E0
70E0
70E0
70E0
70E0
7FE0
7FE0
70E0
70E0
70E0
70E0
70E0
70E0
70E0
F9F0
F9F0
7000
7800
1800
F800
F800
ENDCHAR
STARTCHAR 1E29
ENCODING 7721
SWIDTH 583 0
DWIDTH 14 0
BBX 12 23 1 -5
BITMAP
F000
F000
7000
7000
7000
7780
77C0
7FE0
70E0
70E0
70E0
70E0
70E0
70E0
70E0
70E0
F9F0
F9F0
7000
7800
1800
F800
F800
ENDCHAR
STARTCHAR 1E2A
ENCODING 7722
SWIDTH 583 0
DWIDTH 14 0
BBX 12 23 1 -5
BITMAP
F9F0
F9F0
70E0
70E0
70E0
70E0
70E0
7FE0
7FE0
70E0
70E0
70E0
70E0
70E0
70E0
70E0
F9F0
F9F0
0000
30C0
3FC0
3FC0
0F80
ENDCHAR
STARTCHAR 1E2B
ENCODING 7723
SWIDTH 583 0
DWIDTH 14 0
BBX 12 23 1 -5
BITMAP
F000
F000
7000
7000
7000
7780
77C0
7FE0
70E0
70E0
70E0
70E0
70E0
70E0
70E0
70E0
F9F0
F9F0
0000
30C0
3FC0
3FC0
0F80
ENDCHAR
STARTCHAR 1E2C
ENCODING 7724
SWIDTH 583 0
DWIDTH 14 0
BBX 10 23 2 -5
BITMAP
FFC0
FFC0
1C00
1C00
1C00
1C00
1C00
1C00
1C00
1C00
1C00
1C00
1C00
1C00
1C00
1C00
FFC0
FFC0
0000
0000
7CC0
EFC0
4700
ENDCHAR
STARTCHAR 1E2D
ENCODING 7725
SWIDTH 583 0
DWIDTH 14 0
BBX 10 23 2 -5
BITMAP
0C00
1E00
1E00
0C00
0000
FE00
FE00
0E00
0E00
0E00
0E00
0E00
0E00
0E00
0E00
0E00
FFC0
FFC0
0000
0000
7CC0
EFC0
4700
ENDCHAR
STARTCHAR 1E2E
ENCODING 7726
SWIDTH 583 0
DWIDTH 14 0
BBX 10 30 2 0
BITMAP
0200
0700
0F00
1C00
1800
0000
6180
F3C0
F3C0
6180
0000
0000
FFC0
FFC0
1C00
1C00
1C00
1C00
1C00
1C00
1C00
1C00
1C00
1C00
1C00
1C00
1C00
1C00
FFC0
FFC0
ENDCHAR
STARTCHAR 1E2F
ENCODING 7727
SWIDTH 583 0
DWIDTH 14 0
BBX 10 24 2 0
BITMAP
0200
0300
0700
0E00
0C00
0000
3180
73C0
73C0
3180
0000
7E00
7E00
0E00
0E00
0E00
0E00
0E00
0E00
0E00
0E00
0E00
FFC0
FFC0
ENDCHAR
STARTCHAR 1E30
ENCODING 7728
SWIDTH 583 0
DWIDTH 14 0
BBX 12 24 1 0
BITMAP
0100
0380
0700
0E00
0400
0000
F8F0
F9F0
71C0
7380
7380
7700
7600
7E00
7E00
7E00
7F00
7700
7380
7380
71C0
71C0
F8F0
F8F0
ENDCHAR
STARTCHAR 1E31
ENCODING 7729
SWIDTH 583 0
DWIDTH 14 0
BBX 12 24 1 0
BITMAP
1800
3C00
7800
6000
0000
0000
F000
F000
7000
7000
7000
70F0
71F0
73C0
7380
7700
7E00
7E00
7F00
7F80
7380
71C0
F9F0
F8F0
ENDCHAR
STARTCHAR 1E32
ENCODING 7730
SWIDTH 583 0
DWIDTH 14 0
BBX 12 23 1 -5
BITMAP
F8F0
F8F0
71C0
7380
7380
7700
7700
7E00
7E00
7E00
7F00
7700
7380
7380
71C0
71C0
F8F0
F8F0
0000
0600
0F00
0F00
0600
ENDCHAR
STARTCHAR 1E33
ENCODING 7731
SWIDTH 583 0
DWIDTH 14 0
BBX 12 23 1 -5
BITMAP
F000
F000
7000
7000
7000
70F0
71F0
71C0
7380
7700
7E00
7E00
7F00
7B80
7380
71C0
F8F0
F8F0
0000
0600
0F00
0F00
0600
ENDCHAR
STARTCHAR 1E34
ENCODING 7732
SWIDTH 583 0
DWIDTH 14 0
BBX 12 23 1 -5
BITMAP
F8F0
F9F0
71C0
7380
7380
7700
7600
7E00
7E00
7E00
7F00
7700
7380
7380
71C0
71C0
F8F0
F8F0
0000
0000
0000
3FC0
3FC0
ENDCHAR
STARTCHAR 1E35
ENCODING 7733
SWIDTH 583 0
DWIDTH 14 0
BBX 12 23 1 -5
BITMAP
F000
F000
7000
7000
7000
70F0
71F0
73C0
7380
7700
7E00
7E00
7F00
7B80
7380
71C0
F9F0
F8F0
0000
0000
0000
3FC0
3FC0
ENDCHAR
STARTCHAR 1E36
ENCODING 7734
SWIDTH 583 0
DWIDTH 14 0
BBX 11 23 2 -5
BITMAP
FC00
FC00
7000
7000
7000
7000
7000
7000
7000
7000
7000
7000
7000
7000
70E0
70E0
FFE0
FFE0
0000
0C00
1E00
1E00
0C00
ENDCHAR
STARTCHAR 1E37
ENCODING 7735
SWIDTH 583 0
DWIDTH 14 0
BBX 10 23 2 -5
BITMAP
FE00
FE00
0E00
0E00
0E00
0E00
0E00
0E00
0E00
0E00
0E00
0E00
0E00
0E00
0E00
0E00
FFC0
FFC0
0000
0C00
1E00
1E00
0C00
ENDCHAR
STARTCHAR 1E38
ENCODING 7736
SWIDTH 583 0
DWIDTH 14 0
BBX 11 28 2 -5
BITMAP
7F80
7F80
0000
0000
0000
FC00
FC00
7000
7000
7000
7000
7000
7000
7000
7000
7000
7000
7000
7000
70E0
70E0
FFE0
FFE0
0000
0C00
1E00
1E00
0C00
ENDCHAR
STARTCHAR 1E39
ENCODING 7737
SWIDTH 583 0
DWIDTH 14 0
BBX 10 28 2 -5
BITMAP
7F80
7F80
0000
0000
0000
7E00
7E00
0E00
0E00
0E00
0E00
0E00
0E00
0E00
0E00
0E00
0E00
0E00
0E00
0E00
0E00
FFC0
FFC0
0000
0C00
1E00
1E00
0C00
ENDCHAR
STARTCHAR 1E3A
ENCODING 7738
SWIDTH 583 0
DWIDTH 14 0
BBX 11 23 2 -5
BITMAP
FC00
FC00
7000
7000
7000
7000
7000
7000
7000
7000
7000
7000
7000
7000
70E0
70E0
FFE0
FFE0
0000
0000
0000
7F80
7F80
ENDCHAR
STARTCHAR 1E3B
ENCODING 7739
SWIDTH 583 0
DWIDTH 14 0
BBX 10 23 2 -5
BITMAP
7E00
7E00
0E00
0E00
0E00
0E00
0E00
0E00
0E00
0E00
0E00
0E00
0E00
0E00
0E00
0E00
FFC0
FFC0
0000
0000
0000
7F80
7F80
ENDCHAR
STARTCHAR 1E3C
ENCODING 7740
SWIDTH 583 0
DWIDTH 14 0
BBX 11 24 2 -6
BITMAP
FC00
FC00
7000
7000
7000
7000
7000
7000
7000
7000
7000
7000
7000
7000
70E0
70E0
FFE0
FFE0
0000
0000
1E00
1F00
3B80
7180
ENDCHAR
STARTCHAR 1E3D
ENCODING 7741
SWIDTH 583 0
DWIDTH 14 0
BBX 10 24 2 -6
BITMAP
FE00
FE00
0E00
0E00
0E00
0E00
0E00
0E00
0E00
0E00
0E00
0E00
0E00
0E00
0E00
0E00
FFC0
FFC0
0000
0000
1E00
1F00
3B80
7180
ENDCHAR
STARTCHAR 1E3E
ENCODING 7742
SWIDTH 583 0
DWIDTH 14 0
BBX 13 24 1 0
BITMAP
0180
03C0
0780
0700
0000
0000
F078
F078
7878
78F8
78F8
78F8
7DF8
7DB8
75B8
77B8
7738
7738
7738
7038
7038
7038
F078
F078
ENDCHAR
STARTCHAR 1E3F
ENCODING 7743
SWIDTH 583 0
DWIDTH 14 0
BBX 14 19 1 0
BITMAP
0080
01C0
0380
0700
0000
0000
FE70
FFF0
77F8
7738
7738
7738
7738
7738
7738
7738
7738
F73C
F73C
ENDCHAR
STARTCHAR 1E40
ENCODING 7744
SWIDTH 583 0
DWIDTH 14 0
BBX 13 24 1 0
BITMAP
0300
0780
0780
0300
0000
0000
F078
F078
7878
7878
78F8
7CF8
7CF8
75B8
77B8
77B8
77B8
7338
7338
7038
7038
7038
F078
F078
ENDCHAR
STARTCHAR 1E41
ENCODING 7745
SWIDTH 583 0
DWIDTH 14 0
BBX 14 18 1 0
BITMAP
0300
0780
0780
0300
0000
FE70
FFF0
77F8
7738
7738
7738
7738
7738
7738
7738
7738
F73C
F73C
ENDCHAR
STARTCHAR 1E42
ENCODING 7746
SWIDTH 583 0
DWIDTH 14 0
BBX 13 23 1 -5
BITMAP
F078
F078
7878
7878
78F8
7CF8
7CF8
75B8
77B8
77B8
77B8
7338
7338
7038
7038
7038
F078
F078
0000
0300
0780
0780
0300
ENDCHAR
STARTCHAR 1E43
ENCODING 7747
SWIDTH 583 0
DWIDTH 14 0
BBX 14 18 1 -5
BITMAP
FE70
FFF0
77F8
7738
7738
7738
7738
7738
7738
7738
7738
F73C
F73C
0000
0300
0780
0780
0300
ENDCHAR
STARTCHAR 1E44
ENCODING 7748
SWIDTH 583 0
DWIDTH 14 0
BBX 12 24 1 0
BITMAP
0600
0F00
0F00
0600
0000
0000
F1F0
F9F0
78E0
78E0
7CE0
7CE0
7CE0
76E0
76E0
76E0
73E0
73E0
73E0
71E0
71E0
71E0
F8E0
F8E0
ENDCHAR
STARTCHAR 1E45
ENCODING 7749
SWIDTH 583 0
DWIDTH 14 0
BBX 12 18 1 0
BITMAP
0600
0F00
0F00
0600
0000
F780
FFC0
7FE0
70E0
70E0
70E0
70E0
70E0
70E0
70E0
70E0
F9F0
F9F0
ENDCHAR
STARTCHAR 1E46
ENCODING 7750
SWIDTH 583 0
DWIDTH 14 0
BBX 12 23 1 -5
BITMAP
F1F0
F9F0
78E0
78E0
7CE0
7CE0
7CE0
76E0
76E0
76E0
73E0
73E0
73E0
71E0
71E0
71E0
F8E0
F8E0
0000
0600
0F00
0F00
0600
ENDCHAR
STARTCHAR 1E47
ENCODING 7751
SWIDTH 583 0
DWIDTH 14 0
BBX 12 18 1 -5
BITMAP
F780
FFC0
7FE0
70E0
70E0
70E0
70E0
70E0
70E0
70E0
70E0
F9F0
F9F0
0000
0600
0F00
0F00
0600
ENDCHAR
STARTCHAR 1E48
ENCODING 7752
SWIDTH 583 0
DWIDTH 14 0
BBX 12 23 1 -5
BITMAP
F1F0
F9F0
78E0
78E0
7CE0
7CE0
7CE0
7EE0
76E0
76E0
77E0
73E0
73E0
73E0
71E0
71E0
F9E0
F8E0
0000
0000
0000
3FC0
3FC0
ENDCHAR
STARTCHAR 1E49
ENCODING 7753
SWIDTH 583 0
DWIDTH 14 0
BBX 12 18 1 -5
BITMAP
F780
FFC0
7FE0
70E0
70E0
70E0
70E0
70E0
70E0
70E0
70E0
F9F0
F9F0
0000
0000
0000
3FC0
3FC0
ENDCHAR
STARTCHAR 1E4A
ENCODING 7754
SWIDTH 583 0
DWIDTH 14 0
BBX 12 24 1 -6
BITMAP
F1F0
F9F0
78E0
78E0
7CE0
7CE0
7CE0
76E0
76E0
76E0
73E0
73E0
73E0
71E0
71E0
71E0
F9E0
F8E0
0000
0000
0F00
0F80
1980
30C0
ENDCHAR
STARTCHAR 1E4B
ENCODING 7755
SWIDTH 583 0
DWIDTH 14 0
BBX 12 19 1 -6
BITMAP
F780
FFC0
7FE0
70E0
70E0
70E0
70E0
70E0
70E0
70E0
70E0
F9F0
F9F0
0000
0000
0F00
0F80
1980
30C0
ENDCHAR
STARTCHAR 1E4C
ENCODING 7756
SWIDTH 583 0
DWIDTH 14 0
BBX 11 29 2 0
BITMAP
0300
0780
0E00
0C00
0000
3CC0
7EC0
7FC0
6380
0000
0000
1F00
7FC0
7BC0
E1E0
E0E0
E0E0
E0E0
E0E0
E0E0
E0E0
E0E0
E0E0
E0E0
E0E0
E1E0
7BC0
7FC0
1F00
ENDCHAR
STARTCHAR 1E4D
ENCODING 7757
SWIDTH 583 0
DWIDTH 14 0
BBX 11 23 2 0
BITMAP
0300
0780
0E00
0C00
0000
3CC0
7FC0
E780
0100
0000
1F00
7FC0
7BC0
E0E0
E0E0
E0E0
E0E0
E0E0
E0E0
E0E0
7BC0
7FC0
1F00
ENDCHAR
STARTCHAR 1E4E
ENCODING 7758
SWIDTH 583 0
DWIDTH 14 0
BBX 11 29 2 0
BITMAP
3180
7BC0
7BC0
3180
0000
18C0
7EC0
7FC0
6780
0000
0000
1F00
7FC0
7BC0
E1E0
E0E0
E0E0
E0E0
E0E0
E0E0
E0E0
E0E0
E0E0
E0E0
E0E0
E1E0
7BC0
7FC0
1F00
ENDCHAR
STARTCHAR 1E4F
ENCODING 7759
SWIDTH 583 0
DWIDTH 14 0
BBX 11 24 2 0
BITMAP
3180
7BC0
7BC0
3180
0000
0000
3CC0
7FC0
E780
0100
0000
1F00
7FC0
7BC0
E0E0
E0E0
E0E0
E0E0
E0E0
E0E0
E0E0
7BC0
7FC0
1F00
ENDCHAR
STARTCHAR 1E50
ENCODING 7760
SWIDTH 583 0
DWIDTH 14 0
BBX 11 29 2 1
BITMAP
1800
3C00
0E00
0600
0000
0000
7F80
7F80
0000
0000
0000
1F00
7FC0
7BC0
E1E0
E0E0
E0E0
E0E0
E0E0
E0E0
E0E0
E0E0
E0E0
E0E0
E0E0
E1E0
7BC0
7FC0
1F00
ENDCHAR
STARTCHAR 1E51
ENCODING 7761
SWIDTH 583 0
DWIDTH 14 0
BBX 11 24 2 1
BITMAP
1800
3C00
0E00
0600
0000
0000
7F80
7F80
0000
0000
0000
1F00
7FC0
7BC0
E0E0
E0E0
E0E0
E0E0
E0E0
E0E0
E0E0
7BC0
7FC0
1F00
ENDCHAR
STARTCHAR 1E52
ENCODING 7762
SWIDTH 583 0
DWIDTH 14 0
BBX 11 29 2 1
BITMAP
0300
0700
0E00
0C00
0000
0000
7F80
7F80
0000
0000
0000
1F00
7FC0
7BC0
E1E0
E0E0
E0E0
E0E0
E0E0
E0E0
E0E0
E0E0
E0E0
E0E0
E0E0
E1E0
7BC0
7FC0
1F00
ENDCHAR
STARTCHAR 1E53
ENCODING 7763
SWIDTH 583 0
DWIDTH 14 0
BBX 11 24 2 1
BITMAP
0300
0700
0E00
0C00
0000
0000
7F80
7F80
0000
0000
0000
1F00
7FC0
7BC0
E0E0
E0E0
E0E0
E0E0
E0E0
E0E0
E0E0
7BC0
7FC0
1F00
ENDCHAR
STARTCHAR 1E54
ENCODING 7764
SWIDTH 583 0
DWIDTH 14 0
BBX 11 24 2 0
BITMAP
0100
0380
0700
0E00
0000
0000
FF00
FFC0
73C0
70E0
70E0
70E0
70E0
70E0
73C0
7FC0
7F80
7000
7000
7000
7000
7000
FC00
FC00
ENDCHAR
STARTCHAR 1E55
ENCODING 7765
SWIDTH 583 0
DWIDTH 14 0
BBX 12 24 1 -5
BITMAP
0180
03C0
0780
0600
0000
0000
F3C0
FFE0
7FE0
7070
7070
7070
7070
7070
7070
7070
7FE0
77E0
73C0
7000
7000
7000
FC00
FC00
ENDCHAR
STARTCHAR 1E56
ENCODING 7766
SWIDTH 583 0
DWIDTH 14 0
BBX 11 24 2 0
BITMAP
0600
0F00
0F00
0600
0000
0000
FF00
FFC0
73C0
70E0
70E0
70E0
70E0
70E0
73C0
7FC0
7F80
7000
7000
7000
7000
7000
FC00
FC00
ENDCHAR
STARTCHAR 1E57
ENCODING 7767
SWIDTH 583 0
DWIDTH 14 0
BBX 12 23 1 -5
BITMAP
0600
0F00
0F00
0600
0000
F3C0
FFE0
7FE0
7070
7070
7070
7070
7070
7070
7070
7FE0
77E0
73C0
7000
7000
7000
FC00
FC00
ENDCHAR
STARTCHAR 1E58
ENCODING 7768
SWIDTH 583 0
DWIDTH 14 0
BBX 13 24 1 0
BITMAP
0600
0F00
0F00
0600
0000
0000
FF80
FFE0
71E0
7070
7070
7070
7070
7070
71E0
7FE0
7F80
7380
7380
71C0
71C0
70E0
F8F8
F878
ENDCHAR
STARTCHAR 1E59
ENCODING 7769
SWIDTH 583 0
DWIDTH 14 0
BBX 10 18 2 0
BITMAP
0C00
1E00
1E00
0C00
0000
FB80
FFC0
3FC0
38C0
3800
3800
3800
3800
3800
3800
3800
FE00
FE00
ENDCHAR
STARTCHAR 1E5A
ENCODING 7770
SWIDTH 583 0
DWIDTH 14 0
BBX 13 23 1 -5
BITMAP
FF80
FFE0
71E0
7070
7070
7070
7070
70F0
7FE0
7FC0
7780
7380
73C0
71C0
71E0
70E0
F8F8
F878
0000
0600
0F00
0F00
0600
ENDCHAR
STARTCHAR 1E5B
ENCODING 7771
SWIDTH 583 0
DWIDTH 14 0
BBX 10 18 2 -5
BITMAP
FB80
FFC0
3FC0
38C0
3800
3800
3800
3800
3800
3800
3800
FE00
FE00
0000
3000
7800
7800
3000
ENDCHAR
STARTCHAR 1E5C
ENCODING 7772
SWIDTH 583 0
DWIDTH 14 0
BBX 13 28 1 -5
BITMAP
3FC0
3FC0
0000
0000
0000
FF80
FFE0
71E0
7070
7070
7070
7070
70F0
7FE0
7FC0
7780
7380
7380
71C0
71C0
70C0
F8F8
F878
0000
0600
0F00
0F00
0600
ENDCHAR
STARTCHAR 1E5D
ENCODING 7773
SWIDTH 583 0
DWIDTH 14 0
BBX 11 23 2 -5
BITMAP
7F80
7F80
0000
0000
0000
FB80
FFC0
3FC0
38E0
3800
3800
3800
3800
3800
3800
3800
FE00
FE00
0000
3000
7800
7800
3000
ENDCHAR
STARTCHAR 1E5E
ENCODING 7774
SWIDTH 583 0
DWIDTH 14 0
BBX 13 23 1 -5
BITMAP
FF80
FFE0
71E0
7070
7070
7070
7070
7070
71E0
7FE0
7F80
7380
7380
71C0
71C0
70C0
F8F8
F878
0000
0000
0000
3FC0
3FC0
ENDCHAR
STARTCHAR 1E5F
ENCODING 7775
SWIDTH 583 0
DWIDTH 14 0
BBX 11 18 2 -5
BITMAP
FB80
FFC0
3FC0
38E0
3800
3800
3800
3800
3800
3800
3800
FE00
FE00
0000
0000
0000
7F80
7F80
ENDCHAR
STARTCHAR 1E60
ENCODING 7776
SWIDTH 583 0
DWIDTH 14 0
BBX 10 24 2 0
BITMAP
0C00
1E00
1E00
0C00
0000
0000
3DC0
7FC0
FFC0
E1C0
E1C0
E000
F000
7800
3E00
1F00
0780
03C0
01C0
E1C0
E1C0
FFC0
FF80
EF00
ENDCHAR
STARTCHAR 1E61
ENCODING 7777
SWIDTH 583 0
DWIDTH 14 0
BBX 10 18 2 0
BITMAP
0C00
1E00
1E00
0C00
0000
3DC0
7FC0
FBC0
E1C0
E1C0
7C00
3F00
0F80
E1C0
E1C0
F7C0
FF80
EF00
ENDCHAR
STARTCHAR 1E62
ENCODING 7778
SWIDTH 583 0
DWIDTH 14 0
BBX 10 23 2 -5
BITMAP
3DC0
7FC0
FFC0
E1C0
E1C0
E000
F000
7800
3E00
1F00
0780
03C0
01C0
E1C0
E1C0
FFC0
FF80
EF00
0000
0C00
1E00
1E00
0C00
ENDCHAR
STARTCHAR 1E63
ENCODING 7779
SWIDTH 583 0
DWIDTH 14 0
BBX 10 18 2 -5
BITMAP
3DC0
7FC0
FBC0
E1C0
E1C0
7C00
3F00
0F80
E1C0
E1C0
F7C0
FF80
EF00
0000
0C00
1E00
1E00
0C00
ENDCHAR
STARTCHAR 1E64
ENCODING 7780
SWIDTH 583 0
DWIDTH 14 0
BBX 10 29 2 0
BITMAP
0C00
1E00
1E00
0C00
0000
0200
0700
0E00
1C00
0800
0000
3DC0
7FC0
FFC0
E1C0
E1C0
E000
F000
7800
3E00
1F00
0780
03C0
01C0
E1C0
E1C0
FFC0
FF80
EF00
ENDCHAR
STARTCHAR 1E65
ENCODING 7781
SWIDTH 583 0
DWIDTH 14 0
BBX 10 24 2 0
BITMAP
0C00
1E00
1E00
0C00
0000
0200
0700
0E00
1C00
0800
0000
3DC0
7FC0
FBC0
E1C0
E1C0
7C00
3F00
0F80
E1C0
E1C0
F7C0
FF80
EF00
ENDCHAR
STARTCHAR 1E66
ENCODING 7782
SWIDTH 583 0
DWIDTH 14 0
BBX 10 29 2 0
BITMAP
0C00
1E00
1E00
0C00
0000
7380
3300
3F00
1E00
0000
0000
3DC0
7FC0
FFC0
E1C0
E1C0
E000
F000
7800
3E00
1F00
0780
03C0
01C0
E1C0
E1C0
FFC0
FF80
EF00
ENDCHAR
STARTCHAR 1E67
ENCODING 7783
SWIDTH 583 0
DWIDTH 14 0
BBX 10 24 2 0
BITMAP
0C00
1E00
1E00
0C00
0000
7380
3300
3F00
1E00
0000
0000
3DC0
7FC0
FBC0
E1C0
E1C0
7C00
3F00
0F80
E1C0
E1C0
F7C0
FF80
EF00
ENDCHAR
STARTCHAR 1E68
ENCODING 7784
SWIDTH 583 0
DWIDTH 14 0
BBX 10 29 2 -5
BITMAP
0C00
1E00
1E00
0C00
0000
0000
3DC0
7FC0
FFC0
E1C0
E1C0
E000
F000
7800
3E00
1F00
0780
03C0
01C0
E1C0
E1C0
FFC0
FF80
EF00
0000
0C00
1E00
1E00
0C00
ENDCHAR
STARTCHAR 1E69
ENCODING 7785
SWIDTH 583 0
DWIDTH 14 0
BBX 10 23 2 -5
BITMAP
0C00
1E00
1E00
0C00
0000
3DC0
7FC0
FBC0
E1C0
E1C0
7C00
3F00
0F80
E1C0
E1C0
F7C0
FF80
EF00
0000
0C00
1E00
1E00
0C00
ENDCHAR
STARTCHAR 1E6A
ENCODING 7786
SWIDTH 583 0
DWIDTH 14 0
BBX 11 24 2 0
BITMAP
0C00
1E00
1E00
0C00
0000
0000
FFE0
FFE0
EEE0
EEE0
0E00
0E00
0E00
0E00
0E00
0E00
0E00
0E00
0E00
0E00
0E00
0E00
3F80
3F80
ENDCHAR
STARTCHAR 1E6B
ENCODING 7787
SWIDTH 583 0
DWIDTH 14 0
BBX 11 24 2 0
BITMAP
1800
3C00
3C00
1800
0000
0000
3800
3800
3800
3800
3800
FFC0
FFC0
3800
3800
3800
3800
3800
3800
38E0
38E0
1FE0
1FC0
0F80
ENDCHAR
STARTCHAR 1E6C
ENCODING 7788
SWIDTH 583 0
DWIDTH 14 0
BBX 11 23 2 -5
BITMAP
FFE0
FFE0
EEE0
EEE0
0E00
0E00
0E00
0E00
0E00
0E00
0E00
0E00
0E00
0E00
0E00
0E00
3F80
3F80
0000
0C00
1E00
1E00
0C00
ENDCHAR
STARTCHAR 1E6D
ENCODING 7789
SWIDTH 583 0
DWIDTH 14 0
BBX 11 23 2 -5
BITMAP
3800
3800
3800
3800
3800
FFC0
FFC0
3800
3800
3800
3800
3800
3800
38E0
38E0
1FE0
1FC0
0F80
0000
0600
0F00
0F00
0600
ENDCHAR
STARTCHAR 1E6E
ENCODING 7790
SWIDTH 583 0
DWIDTH 14 0
BBX 11 23 2 -5
BITMAP
FFE0
FFE0
EEE0
EEE0
0E00
0E00
0E00
0E00
0E00
0E00
0E00
0E00
0E00
0E00
0E00
0E00
3F80
3F80
0000
0000
0000
7F80
7F80
ENDCHAR
STARTCHAR 1E6F
ENCODING 7791
SWIDTH 583 0
DWIDTH 14 0
BBX 11 22 2 -4
BITMAP
3800
3800
3800
3800
3800
FFC0
FFC0
3800
3800
3800
3800
3800
3800
38E0
38E0
1FE0
1FC0
0F80
0000
0000
7F80
7F80
ENDCHAR
STARTCHAR 1E70
ENCODING 7792
SWIDTH 583 0
DWIDTH 14 0
BBX 11 24 2 -6
BITMAP
FFE0
FFE0
EEE0
EEE0
0E00
0E00
0E00
0E00
0E00
0E00
0E00
0E00
0E00
0E00
0E00
0E00
3F80
3F80
0000
0000
0E00
1F00
3B80
3180
ENDCHAR
STARTCHAR 1E71
ENCODING 7793
SWIDTH 583 0
DWIDTH 14 0
BBX 11 24 2 -6
BITMAP
3800
3800
3800
3800
3800
FFC0
FFC0
3800
3800
3800
3800
3800
3800
38E0
38E0
1DE0
1FC0
0F80
0000
0000
0F00
1F80
39C0
30C0
ENDCHAR
STARTCHAR 1E72
ENCODING 7794
SWIDTH 583 0
DWIDTH 14 0
BBX 13 23 1 -5
BITMAP
F8F8
F8F8
70E0
70E0
70E0
70E0
70E0
70E0
70E0
70E0
70E0
70E0
70E0
70E0
70E0
3FC0
3FC0
0F00
0000
3060
38E0
38E0
3060
ENDCHAR
STARTCHAR 1E73
ENCODING 7795
SWIDTH 583 0
DWIDTH 14 0
BBX 12 18 1 -5
BITMAP
F1E0
F1E0
70E0
70E0
70E0
70E0
70E0
70E0
70E0
70E0
7FE0
3FF0
1EF0
0000
3180
79C0
79C0
3180
ENDCHAR
STARTCHAR 1E74
ENCODING 7796
SWIDTH 583 0
DWIDTH 14 0
BBX 12 23 1 -5
BITMAP
F9F0
F9F0
70E0
70E0
70E0
70E0
70E0
70E0
70E0
70E0
70E0
70E0
70E0
70E0
70E0
3FC0
3FC0
0F00
0000
0800
3EE0
77C0
2380
ENDCHAR
STARTCHAR 1E75
ENCODING 7797
SWIDTH 583 0
DWIDTH 14 0
BBX 12 18 1 -5
BITMAP
F1E0
F1E0
70E0
70E0
70E0
70E0
70E0
70E0
70E0
70E0
7FE0
3FF0
1EF0
0000
0000
3EE0
7FC0
2380
ENDCHAR
STARTCHAR 1E76
ENCODING 7798
SWIDTH 583 0
DWIDTH 14 0
BBX 12 24 1 -6
BITMAP
F9F0
F9F0
70E0
70E0
70E0
70E0
70E0
70E0
70E0
70E0
70E0
70E0
70E0
70E0
70E0
3FC0
3FC0
0F00
0000
0000
0F00
0F80
1980
30C0
ENDCHAR
STARTCHAR 1E77
ENCODING 7799
SWIDTH 583 0
DWIDTH 14 0
BBX 12 19 1 -6
BITMAP
F1E0
F1E0
70E0
70E0
70E0
70E0
70E0
70E0
70E0
70E0
7FE0
3FF0
1EF0
0000
0000
0F00
1F80
1980
30C0
ENDCHAR
STARTCHAR 1E78
ENCODING 7800
SWIDTH 583 0
DWIDTH 14 0
BBX 12 29 1 0
BITMAP
0100
0380
0700
0600
0000
1C40
3EE0
77C0
2380
0000
0000
F9F0
F9F0
70E0
70E0
70E0
70E0
70E0
70E0
70E0
70E0
70E0
70E0
70E0
70E0
70E0
3FC0
3FC0
0F00
ENDCHAR
STARTCHAR 1E79
ENCODING 7801
SWIDTH 583 0
DWIDTH 14 0
BBX 12 23 1 0
BITMAP
0100
0380
0700
0E00
0000
1C40
7EE0
67C0
0000
0000
F1E0
F1E0
70E0
70E0
70E0
70E0
70E0
70E0
70E0
70E0
7FE0
3FF0
1EF0
ENDCHAR
STARTCHAR 1E7A
ENCODING 7802
SWIDTH 583 0
DWIDTH 14 0
BBX 13 29 1 0
BITMAP
3060
38E0
38E0
3060
0000
0000
3FC0
3FC0
0000
0000
0000
F8F8
F8F8
70E0
70E0
70E0
70E0
70E0
70E0
70E0
70E0
70E0
70E0
70E0
70E0
70E0
3FC0
3FC0
0F00
ENDCHAR
STARTCHAR 1E7B
ENCODING 7803
SWIDTH 583 0
DWIDTH 14 0
BBX 12 24 1 0
BITMAP
3180
79C0
79C0
3180
0000
0000
3FC0
3FC0
0000
0000
0000
F1E0
F1E0
70E0
70E0
70E0
70E0
70E0
70E0
70E0
70E0
7FE0
3FF0
1EF0
ENDCHAR
STARTCHAR 1E7C
ENCODING 7804
SWIDTH 583 0
DWIDTH 14 0
BBX 13 24 1 0
BITMAP
1E60
3F60
3FE0
31C0
0000
0000
F8F8
F8F8
7070
3070
38E0
38E0
38E0
38E0
18C0
1DC0
1DC0
1DC0
0D80
0D80
0F80
0F80
0F80
0700
ENDCHAR
STARTCHAR 1E7D
ENCODING 7805
SWIDTH 583 0
DWIDTH 14 0
BBX 13 18 1 0
BITMAP
1E60
3FE0
73C0
0000
0000
F8F8
F8F8
3060
38E0
38E0
38E0
1DC0
1DC0
1DC0
0D80
0F80
0F80
0700
ENDCHAR
STARTCHAR 1E7E
ENCODING 7806
SWIDTH 583 0
DWIDTH 14 0
BBX 13 23 1 -5
BITMAP
F8F8
F8F8
70F0
70E0
30E0
30E0
38E0
38C0
39C0
19C0
1DC0
1DC0
1D80
0D80
0F80
0F80
0F00
0F00
0000
0600
0F00
0F00
0600
ENDCHAR
STARTCHAR 1E7F
ENCODING 7807
SWIDTH 583 0
DWIDTH 14 0
BBX 13 18 1 -5
BITMAP
F8F8
F8F8
70E0
30E0
38E0
39C0
19C0
1DC0
1D80
1D80
0F80
0F00
0F00
0000
0600
0F00
0F00
0600
ENDCHAR
STARTCHAR 1E80
ENCODING 7808
SWIDTH 583 0
DWIDTH 14 0
BBX 13 24 1 0
BITMAP
0C00
1E00
0F00
0300
0000
0000
F078
F078
6030
6030
6030
6730
6730
7770
7770
3560
3DE0
3DE0
3DE0
3DE0
3DE0
38E0
38E0
18C0
ENDCHAR
STARTCHAR 1E81
ENCODING 7809
SWIDTH 583 0
DWIDTH 14 0
BBX 13 19 1 0
BITMAP
0C00
1E00
0F00
0300
0000
0000
F078
F078
6030
6030
6730
7770
3560
3DE0
3DE0
3DE0
3DE0
38E0
18C0
ENDCHAR
STARTCHAR 1E82
ENCODING 7810
SWIDTH 583 0
DWIDTH 14 0
BBX 13 24 1 0
BITMAP
0180
03C0
0780
0600
0000
0000
F078
F078
6030
6030
6030
6730
6730
7770
7770
3560
3DE0
3DE0
3DE0
3DE0
3DE0
38E0
38E0
18C0
ENDCHAR
STARTCHAR 1E83
ENCODING 7811
SWIDTH 583 0
DWIDTH 14 0
BBX 13 19 1 0
BITMAP
0180
03C0
0780
0600
0000
0000
F078
F078
6030
6030
6730
7770
3560
3DE0
3DE0
3DE0
3DE0
38E0
18C0
ENDCHAR
STARTCHAR 1E84
ENCODING 7812
SWIDTH 583 0
DWIDTH 14 0
BBX 13 24 1 0
BITMAP
18C0
3DE0
3DE0
18C0
0000
0000
F078
F078
6030
6030
6030
6230
6730
6770
7770
3560
3560
3DE0
3DE0
3DE0
3DE0
3DE0
38E0
18C0
ENDCHAR
STARTCHAR 1E85
ENCODING 7813
SWIDTH 583 0
DWIDTH 14 0
BBX 13 18 1 0
BITMAP
18C0
3DE0
3DE0
18C0
0000
F078
F078
6030
6030
6730
7770
3560
3560
3DE0
3DE0
3DE0
3DE0
18C0
ENDCHAR
STARTCHAR 1E86
ENCODING 7814
SWIDTH 583 0
DWIDTH 14 0
BBX 13 24 1 0
BITMAP
0300
0780
0780
0300
0000
0000
F078
F078
6030
6030
6030
6330
6730
7770
77F0
37E0
37E0
3FE0
3CE0
3CE0
3CE0
3CE0
3CE0
1CC0
ENDCHAR
STARTCHAR 1E87
ENCODING 7815
SWIDTH 583 0
DWIDTH 14 0
BBX 13 18 1 0
BITMAP
0300
0780
0780
0300
0000
F078
F078
6030
6030
6730
7770
37E0
37E0
3CE0
3CE0
3CE0
3CE0
1CC0
ENDCHAR
STARTCHAR 1E88
ENCODING 7816
SWIDTH 583 0
DWIDTH 14 0
BBX 13 23 1 -5
BITMAP
F078
F078
6030
6030
6030
6330
6730
7770
77F0
37E0
37E0
3FE0
3CE0
3CE0
3CE0
3CE0
3CE0
1CC0
0000
0300
0780
0780
0300
ENDCHAR
STARTCHAR 1E89
ENCODING 7817
SWIDTH 583 0
DWIDTH 14 0
BBX 13 18 1 -5
BITMAP
F078
F078
6030
6030
6730
7770
37E0
37E0
3CE0
3CE0
3CE0
3CE0
1CC0
0000
0300
0780
0780
0300
ENDCHAR
STARTCHAR 1E8A
ENCODING 7818
SWIDTH 583 0
DWIDTH 14 0
BBX 12 24 1 0
BITMAP
0600
0F00
0F00
0600
0000
0000
F9F0
F9F0
39C0
39C0
1980
1F80
0F00
0F00
0600
0F00
0F00
0F00
1F80
1980
39C0
39C0
F9F0
F9F0
ENDCHAR
STARTCHAR 1E8B
ENCODING 7819
SWIDTH 583 0
DWIDTH 14 0
BBX 12 18 1 0
BITMAP
0600
0F00
0F00
0600
0000
F9F0
F9F0
39C0
1F80
1F80
0F00
0600
0F00
1F80
1F80
39C0
F9F0
F9F0
ENDCHAR
STARTCHAR 1E8C
ENCODING 7820
SWIDTH 583 0
DWIDTH 14 0
BBX 13 24 1 0
BITMAP
3060
38E0
38E0
3060
0000
0000
F8F8
F8F8
38E0
38E0
1DC0
1DC0
0F80
0F80
0780
0F80
0F80
0F80
1DC0
1DC0
38E0
38E0
F8F8
F8F8
ENDCHAR
STARTCHAR 1E8D
ENCODING 7821
SWIDTH 583 0
DWIDTH 14 0
BBX 13 18 1 0
BITMAP
3060
38E0
38E0
3060
0000
F8F8
F8F8
18C0
1DC0
0F80
0F80
0700
0F80
0F80
1DC0
18C0
F8F8
F8F8
ENDCHAR
STARTCHAR 1E8E
ENCODING 7822
SWIDTH 583 0
DWIDTH 14 0
BBX 12 24 1 0
BITMAP
0600
0F00
0F00
0600
0000
0000
F9F0
F9F0
30E0
38E0
39C0
19C0
1F80
0F80
0F80
0700
0700
0700
0700
0700
0700
0700
1FC0
1FC0
ENDCHAR
STARTCHAR 1E8F
ENCODING 7823
SWIDTH 583 0
DWIDTH 14 0
BBX 12 23 1 -5
BITMAP
0600
0F00
0F00
0600
0000
F9F0
F9F0
70E0
30C0
39C0
39C0
1980
1D80
1F80
0F00
0F00
0F00
0600
0E00
0E00
3C00
7C00
7800
ENDCHAR
STARTCHAR 1E90
ENCODING 7824
SWIDTH 583 0
DWIDTH 14 0
BBX 11 24 2 0
BITMAP
0E00
1F00
3B80
3180
0000
0000
FFE0
FFE0
E1E0
E1C0
03C0
0780
0780
0F00
0F00
1E00
1E00
3C00
3800
7800
70E0
F0E0
FFE0
FFE0
ENDCHAR
STARTCHAR 1E91
ENCODING 7825
SWIDTH 583 0
DWIDTH 14 0
BBX 11 19 2 0
BITMAP
0E00
1F00
3B80
3180
0000
0000
FFE0
FFE0
E1E0
E3C0
0780
0700
0E00
1C00
3800
70E0
F0E0
FFE0
FFE0
ENDCHAR
STARTCHAR 1E92
ENCODING 7826
SWIDTH 583 0
DWIDTH 14 0
BBX 11 23 2 -5
BITMAP
FFE0
FFE0
E1E0
E3C0
03C0
0780
0700
0F00
0E00
1E00
1C00
3C00
3800
7000
70E0
E0E0
FFE0
FFE0
0000
0C00
1E00
1E00
0C00
ENDCHAR
STARTCHAR 1E93
ENCODING 7827
SWIDTH 583 0
DWIDTH 14 0
BBX 11 18 2 -5
BITMAP
FFE0
FFE0
E1E0
E3C0
0780
0F00
0E00
1C00
3800
70E0
E0E0
FFE0
FFE0
0000
0C00
1E00
1E00
0C00
ENDCHAR
STARTCHAR 1E94
ENCODING 7828
SWIDTH 583 0
DWIDTH 14 0
BBX 11 23 2 -5
BITMAP
FFE0
FFE0
E1E0
E1C0
03C0
0780
0780
0F00
0F00
1E00
1E00
3C00
3800
7800
70E0
F0E0
FFE0
FFE0
0000
0000
0000
7F80
7F80
ENDCHAR
STARTCHAR 1E95
ENCODING 7829
SWIDTH 583 0
DWIDTH 14 0
BBX 11 18 2 -5
BITMAP
FFE0
FFE0
E1E0
E3C0
0780
0700
0E00
1C00
3800
70E0
F0E0
FFE0
FFE0
0000
0000
0000
7F80
7F80
ENDCHAR
STARTCHAR 1E96
ENCODING 7830
SWIDTH 583 0
DWIDTH 14 0
BBX 12 23 1 -5
BITMAP
F000
F000
7000
7000
7000
7780
77C0
7FE0
70E0
70E0
70E0
70E0
70E0
70E0
70E0
70E0
F9F0
F9F0
0000
0000
0000
3FC0
3FC0
ENDCHAR
STARTCHAR 1E97
ENCODING 7831
SWIDTH 583 0
DWIDTH 14 0
BBX 11 24 2 0
BITMAP
6180
F3C0
F3C0
6180
0000
0000
3800
3800
3800
3800
3800
FFC0
FFC0
3800
3800
3800
3800
3800
3800
38E0
38E0
1DE0
1FC0
0F80
ENDCHAR
STARTCHAR 1E98
ENCODING 7832
SWIDTH 583 0
DWIDTH 14 0
BBX 13 19 1 0
BITMAP
0700
0F80
0980
0F80
0700
0000
F078
F078
6030
6030
6730
7770
3560
3DE0
3DE0
3DE0
3DE0
38E0
18C0
ENDCHAR
STARTCHAR 1E99
ENCODING 7833
SWIDTH 583 0
DWIDTH 14 0
BBX 12 24 1 -5
BITMAP
0F00
0F00
0900
0F00
0600
0000
F9F0
F9F0
30E0
39C0
39C0
39C0
1980
1F80
1F80
0F00
0F00
0F00
0600
0E00
0E00
3C00
7C00
7800
ENDCHAR
STARTCHAR 1E9A
ENCODING 7834
SWIDTH 583 0
DWIDTH 14 0
BBX 12 19 2 0
BITMAP
0020
0030
0030
0030
0020
0000
3F00
7FC0
FBC0
E0E0
00E0
1FE0
7FE0
F8E0
E0E0
E0E0
FBE0
7FF0
3CF0
ENDCHAR
STARTCHAR 1E9B
ENCODING 7835
SWIDTH 583 0
DWIDTH 14 0
BBX 10 24 3 0
BITMAP
0C00
1E00
1E00
0C00
0000
0000
0F00
1F80
3FC0
39C0
39C0
3800
3800
3800
3800
3800
3800
3800
3800
3800
3800
3800
FE00
FE00
ENDCHAR
STARTCHAR 1E9C
ENCODING 7836
SWIDTH 583 0
DWIDTH 14 0
BBX 11 18 2 0
BITMAP
0780
0FC0
1FE0
1CE0
1CE0
1C00
1D00
1F80
1F00
FC00
7C00
1C00
1C00
1C00
1C00
1C00
7F00
7F00
ENDCHAR
STARTCHAR 1E9D
ENCODING 7837
SWIDTH 583 0
DWIDTH 14 0
BBX 10 18 2 0
BITMAP
0F80
1FC0
3FC0
39C0
3800
FE00
FE00
3800
3800
3800
3800
3800
3800
3800
3800
3800
FE00
FE00
ENDCHAR
STARTCHAR 1E9E
ENCODING 7838
SWIDTH 583 0
DWIDTH 14 0
BBX 12 18 1 0
BITMAP
0FE0
3FE0
3CE0
70E0
71C0
71C0
7380
7380
73C0
73E0
70F0
7070
7070
7070
70F0
73E0
F7C0
F780
ENDCHAR
STARTCHAR 1E9F
ENCODING 7839
SWIDTH 583 0
DWIDTH 14 0
BBX 11 18 2 0
BITMAP
3F00
7FC0
7F80
E000
E000
E000
7C00
7F80
7FC0
E1E0
E0E0
E0E0
E0E0
E0E0
E0E0
7BC0
7FC0
1F00
ENDCHAR
STARTCHAR 1EA0
ENCODING 7840
SWIDTH 583 0
DWIDTH 14 0
BBX 12 23 1 -5
BITMAP
0F00
0F00
0F00
0F00
1F80
1F80
1F80
1980
1980
39C0
3FC0
3FC0
30C0
70E0
70E0
70E0
F9F0
F9F0
0000
0600
0F00
0F00
0600
ENDCHAR
STARTCHAR 1EA1
ENCODING 7841
SWIDTH 583 0
DWIDTH 14 0
BBX 12 18 2 -5
BITMAP
3F00
7FC0
FBC0
E0E0
00E0
3FE0
7FE0
F0E0
E0E0
E0E0
FBE0
7FF0
3CF0
0000
0C00
1E00
1E00
0C00
ENDCHAR
STARTCHAR 1EA2
ENCODING 7842
SWIDTH 583 0
DWIDTH 14 0
BBX 12 23 1 0
BITMAP
0F00
0180
0700
0000
0000
0F00
0F00
0F00
0F00
0F00
1F80
1F80
1980
1980
39C0
3FC0
3FC0
38C0
70C0
70E0
70E0
F9F0
F9F0
ENDCHAR
STARTCHAR 1EA3
ENCODING 7843
SWIDTH 583 0
DWIDTH 14 0
BBX 12 18 2 0
BITMAP
1F00
0180
0700
0000
0000
3F00
7FC0
FBC0
E0E0
00E0
1FE0
7FE0
F8E0
E0E0
E0E0
FBE0
7FF0
3CF0
ENDCHAR
STARTCHAR 1EA4
ENCODING 7844
SWIDTH 583 0
DWIDTH 14 0
BBX 12 29 1 0
BITMAP
0100
0380
0700
0E00
0400
0F00
0F00
1980
30C0
0000
0000
0F00
0F00
0F00
0F00
0F00
1F80
1F80
1980
1980
39C0
3FC0
3FC0
38C0
70C0
70E0
70E0
F9F0
F9F0
ENDCHAR
STARTCHAR 1EA5
ENCODING 7845
SWIDTH 583 0
DWIDTH 14 0
BBX 12 24 2 0
BITMAP
0300
0780
0F00
0E00
0000
1F00
1F00
3B80
71C0
0000
0000
3F00
7FC0
FBC0
E0E0
00E0
1FE0
7FE0
F8E0
E0E0
E0E0
FBE0
7FF0
3CF0
ENDCHAR
STARTCHAR 1EA6
ENCODING 7846
SWIDTH 583 0
DWIDTH 14 0
BBX 12 29 1 0
BITMAP
0800
1C00
0E00
0700
0200
0F00
0F00
1980
30C0
0000
0000
0F00
0F00
0F00
0F00
0F00
1F80
1F80
1980
1980
39C0
3FC0
3FC0
38C0
70C0
70E0
70E0
F9F0
F9F0
ENDCHAR
STARTCHAR 1EA7
ENCODING 7847
SWIDTH 583 0
DWIDTH 14 0
BBX 12 24 2 0
BITMAP
1800
3C00
1E00
0E00
0000
1F00
1F00
3B80
71C0
0000
0000
3F00
7FC0
FBC0
E0E0
00E0
1FE0
7FE0
F8E0
E0E0
E0E0
FBE0
7FF0
3CF0
ENDCHAR
STARTCHAR 1EA8
ENCODING 7848
SWIDTH 583 0
DWIDTH 14 0
BBX 12 28 1 0
BITMAP
0F00
0180
0700
0000
0F00
1F80
1980
30C0
0000
0000
0F00
0F00
0F00
0F00
0F00
1F80
1F80
1980
1980
39C0
3FC0
3FC0
38C0
70C0
70E0
70E0
F9F0
F9F0
ENDCHAR
STARTCHAR 1EA9
ENCODING 7849
SWIDTH 583 0
DWIDTH 14 0
BBX 12 23 2 0
BITMAP
1F00
0180
0700
0000
1F00
1F00
3B80
71C0
0000
0000
3F00
7FC0
FBC0
E0E0
00E0
1FE0
7FE0
F8E0
E0E0
E0E0
FBE0
7FF0
3CF0
ENDCHAR
STARTCHAR 1EAA
ENCODING 7850
SWIDTH 583 0
DWIDTH 14 0
BBX 12 29 1 0
BITMAP
1C40
3EE0
77C0
2380
0000
0F00
0F00
1980
30C0
0000
0000
0F00
0F00
0F00
0F00
0F00
1F80
1F80
1980
1980
39C0
3FC0
3FC0
38C0
70C0
70E0
70E0
F9F0
F9F0
ENDCHAR
STARTCHAR 1EAB
ENCODING 7851
SWIDTH 583 0
DWIDTH 14 0
BBX 12 24 2 0
BITMAP
1C40
3EE0
77C0
2380
0000
1F00
1F00
3B80
71C0
0000
0000
3F00
7FC0
FBC0
E0E0
00E0
1FE0
7FE0
F8E0
E0E0
E0E0
FBE0
7FF0
3CF0
ENDCHAR
STARTCHAR 1EAC
ENCODING 7852
SWIDTH 583 0
DWIDTH 14 0
BBX 12 30 1 -5
BITMAP
0F00
0F00
1F80
39C0
1080
0000
0000
0F00
0F00
0F00
0F00
1F80
1F80
1F80
1980
1980
39C0
3FC0
3FC0
30C0
70E0
70E0
70E0
F9F0
F9F0
0000
0600
0F00
0F00
0600
ENDCHAR
STARTCHAR 1EAD
ENCODING 7853
SWIDTH 583 0
DWIDTH 14 0
BBX 12 25 2 -5
BITMAP
1E00
1E00
3F00
3380
2180
0000
0000
3F00
7FC0
FBC0
E0E0
00E0
3FE0
7FE0
F0E0
E0E0
E0E0
FBE0
7FF0
3CF0
0000
0C00
1E00
1E00
0C00
ENDCHAR
STARTCHAR 1EAE
ENCODING 7854
SWIDTH 583 0
DWIDTH 14 0
BBX 12 29 1 0
BITMAP
0100
0380
0700
0600
0000
30C0
3FC0
3FC0
1F00
0000
0000
0F00
0F00
0F00
0F00
0F00
1F80
1F80
1980
1980
39C0
3FC0
3FC0
38C0
70C0
70E0
70E0
F9F0
F9F0
ENDCHAR
STARTCHAR 1EAF
ENCODING 7855
SWIDTH 583 0
DWIDTH 14 0
BBX 12 24 2 0
BITMAP
0100
0380
0700
0E00
0C00
0000
70C0
7FC0
3F80
0000
0000
3F00
7FC0
FBC0
E0E0
00E0
1FE0
7FE0
F8E0
E0E0
E0E0
FBE0
7FF0
3CF0
ENDCHAR
STARTCHAR 1EB0
ENCODING 7856
SWIDTH 583 0
DWIDTH 14 0
BBX 12 29 1 0
BITMAP
0800
1C00
0E00
0600
0000
30C0
3FC0
3FC0
1F00
0000
0000
0F00
0F00
0F00
0F00
0F00
1F80
1F80
1980
1980
39C0
3FC0
3FC0
38C0
70C0
70E0
70E0
F9F0
F9F0
ENDCHAR
STARTCHAR 1EB1
ENCODING 7857
SWIDTH 583 0
DWIDTH 14 0
BBX 12 24 2 0
BITMAP
1000
3800
1C00
0E00
0600
0000
70C0
7FC0
3F80
0000
0000
3F00
7FC0
FBC0
E0E0
00E0
1FE0
7FE0
F8E0
E0E0
E0E0
FBE0
7FF0
3CF0
ENDCHAR
STARTCHAR 1EB2
ENCODING 7858
SWIDTH 583 0
DWIDTH 14 0
BBX 12 28 1 0
BITMAP
0F00
0180
0700
0000
30C0
3FC0
3FC0
0F00
0000
0000
0F00
0F00
0F00
0F00
0F00
1F80
1F80
1980
1980
39C0
3FC0
3FC0
38C0
70C0
70E0
70E0
F9F0
F9F0
ENDCHAR
STARTCHAR 1EB3
ENCODING 7859
SWIDTH 583 0
DWIDTH 14 0
BBX 12 23 2 0
BITMAP
1F00
0180
0700
0000
0000
60C0
7FC0
3F80
0000
0000
3F00
7FC0
FBC0
E0E0
00E0
1FE0
7FE0
F8E0
E0E0
E0E0
FBE0
7FF0
3CF0
ENDCHAR
STARTCHAR 1EB4
ENCODING 7860
SWIDTH 583 0
DWIDTH 14 0
BBX 12 29 1 0
BITMAP
1C40
3EE0
77C0
2380
0000
30C0
3FC0
3FC0
1F00
0000
0000
0F00
0F00
0F00
0F00
0F00
1F80
1F80
1980
1980
39C0
3FC0
3FC0
38C0
70C0
70E0
70E0
F9F0
F9F0
ENDCHAR
STARTCHAR 1EB5
ENCODING 7861
SWIDTH 583 0
DWIDTH 14 0
BBX 12 24 2 0
BITMAP
1C40
3EE0
7FC0
6780
0000
0000
70C0
7FC0
3F80
0000
0000
3F00
7FC0
FBC0
E0E0
00E0
1FE0
7FE0
F8E0
E0E0
E0E0
FBE0
7FF0
3CF0
ENDCHAR
STARTCHAR 1EB6
ENCODING 7862
SWIDTH 583 0
DWIDTH 14 0
BBX 12 29 1 -5
BITMAP
30C0
3FC0
1F80
0000
0000
0000
0F00
0F00
0F00
0F00
1F80
1F80
1F80
1980
1980
39C0
3FC0
3FC0
30C0
70E0
70E0
70E0
F9F0
F9F0
0000
0600
0F00
0F00
0600
ENDCHAR
STARTCHAR 1EB7
ENCODING 7863
SWIDTH 583 0
DWIDTH 14 0
BBX 12 23 2 -5
BITMAP
73C0
7FC0
1F00
0000
0000
3F00
7FC0
FBC0
E0E0
00E0
3FE0
7FE0
F0E0
E0E0
E0E0
FBE0
7FF0
3CF0
0000
0C00
1E00
1E00
0C00
ENDCHAR
STARTCHAR 1EB8
ENCODING 7864
SWIDTH 583 0
DWIDTH 14 0
BBX 11 23 1 -5
BITMAP
FFE0
FFE0
70E0
70E0
7000
7000
7000
7F00
7F00
7000
7000
7000
7000
70E0
70E0
70E0
FFE0
FFE0
0000
0600
0F00
0F00
0600
ENDCHAR
STARTCHAR 1EB9
ENCODING 7865
SWIDTH 583 0
DWIDTH 14 0
BBX 11 18 2 -5
BITMAP
1F00
7FC0
7BC0
E0E0
E0E0
FFE0
FFE0
E000
E000
E0E0
7FC0
7FC0
1F00
0000
0C00
1E00
1E00
0C00
ENDCHAR
STARTCHAR 1EBA
ENCODING 7866
SWIDTH 583 0
DWIDTH 14 0
BBX 11 23 1 0
BITMAP
0F00
0100
0700
0000
0000
FFE0
FFE0
70E0
70E0
7000
7000
7000
7000
7F00
7F00
7000
7000
7000
7000
70E0
70E0
FFE0
FFE0
ENDCHAR
STARTCHAR 1EBB
ENCODING 7867
SWIDTH 583 0
DWIDTH 14 0
BBX 11 18 2 0
BITMAP
1F00
0100
0700
0000
0000
1F00
7FC0
7BC0
E0E0
E0E0
FFE0
FFE0
E000
E000
E0E0
7FC0
7FC0
1F00
ENDCHAR
STARTCHAR 1EBC
ENCODING 7868
SWIDTH 583 0
DWIDTH 14 0
BBX 11 24 1 0
BITMAP
1C40
3EE0
77C0
2380
0000
0000
FFE0
FFE0
70E0
70E0
7000
7000
7000
7000
7F00
7F00
7000
7000
7000
7000
70E0
70E0
FFE0
FFE0
ENDCHAR
STARTCHAR 1EBD
ENCODING 7869
SWIDTH 583 0
DWIDTH 14 0
BBX 11 18 2 0
BITMAP
3CC0
7FC0
E780
0100
0000
1F00
7FC0
7BC0
E0E0
E0E0
FFE0
FFE0
E000
E000
E0E0
7FC0
7FC0
1F00
ENDCHAR
STARTCHAR 1EBE
ENCODING 7870
SWIDTH 583 0
DWIDTH 14 0
BBX 11 29 1 0
BITMAP
0300
0380
0700
0E00
0400
0E00
1F00
3B80
3180
0000
0000
FFE0
FFE0
70E0
70E0
7000
7000
7000
7000
7F00
7F00
7000
7000
7000
7000
70E0
70E0
FFE0
FFE0
ENDCHAR
STARTCHAR 1EBF
ENCODING 7871
SWIDTH 583 0
DWIDTH 14 0
BBX 11 24 2 0
BITMAP
0300
0780
0F00
0C00
0000
1E00
1F00
3B80
71C0
0000
0000
1F00
7FC0
7BC0
E0E0
E0E0
FFE0
FFE0
E000
E000
E0E0
7FC0
7FC0
1F00
ENDCHAR
STARTCHAR 1EC0
ENCODING 7872
SWIDTH 583 0
DWIDTH 14 0
BBX 11 29 1 0
BITMAP
0800
1C00
0E00
0600
0000
0E00
1F00
3B80
3180
0000
0000
FFE0
FFE0
70E0
70E0
7000
7000
7000
7000
7F00
7F00
7000
7000
7000
7000
70E0
70E0
FFE0
FFE0
ENDCHAR
STARTCHAR 1EC1
ENCODING 7873
SWIDTH 583 0
DWIDTH 14 0
BBX 11 24 2 0
BITMAP
1800
3C00
1C00
0E00
0000
1E00
1F00
3B80
71C0
0000
0000
1F00
7FC0
7BC0
E0E0
E0E0
FFE0
FFE0
E000
E000
E0E0
7FC0
7FC0
1F00
ENDCHAR
STARTCHAR 1EC2
ENCODING 7874
SWIDTH 583 0
DWIDTH 14 0
BBX 11 28 1 0
BITMAP
0F00
0100
0700
0000
0F00
1F00
1980
3180
0000
0000
FFE0
FFE0
70E0
70E0
7000
7000
7000
7000
7F00
7F00
7000
7000
7000
7000
70E0
70E0
FFE0
FFE0
ENDCHAR
STARTCHAR 1EC3
ENCODING 7875
SWIDTH 583 0
DWIDTH 14 0
BBX 11 23 2 0
BITMAP
1F00
0100
0700
0000
1F00
1F00
3B80
7180
0000
0000
1F00
7FC0
7BC0
E0E0
E0E0
FFE0
FFE0
E000
E000
E0E0
7FC0
7FC0
1F00
ENDCHAR
STARTCHAR 1EC4
ENCODING 7876
SWIDTH 583 0
DWIDTH 14 0
BBX 11 29 1 0
BITMAP
1C40
3EE0
77C0
2380
0000
0E00
1F00
3B80
3180
0000
0000
FFE0
FFE0
70E0
70E0
7000
7000
7000
7000
7F00
7F00
7000
7000
7000
7000
70E0
70E0
FFE0
FFE0
ENDCHAR
STARTCHAR 1EC5
ENCODING 7877
SWIDTH 583 0
DWIDTH 14 0
BBX 11 24 2 0
BITMAP
3CC0
7EC0
7FC0
6380
0000
1E00
1F00
3B80
71C0
0000
0000
1F00
7FC0
7BC0
E0E0
E0E0
FFE0
FFE0
E000
E000
E0E0
7FC0
7FC0
1F00
ENDCHAR
STARTCHAR 1EC6
ENCODING 7878
SWIDTH 583 0
DWIDTH 14 0
BBX 11 30 1 -5
BITMAP
0F00
1F00
1B80
3980
1080
0000
0000
FFE0
FFE0
70E0
70E0
7000
7000
7000
7F00
7F00
7000
7000
7000
7000
70E0
70E0
70E0
FFE0
FFE0
0000
0600
0F00
0F00
0600
ENDCHAR
STARTCHAR 1EC7
ENCODING 7879
SWIDTH 583 0
DWIDTH 14 0
BBX 11 25 2 -5
BITMAP
1E00
1E00
3F00
3380
2180
0000
0000
1F00
7FC0
7BC0
E0E0
E0E0
FFE0
FFE0
E000
E000
E0E0
7FC0
7FC0
1F00
0000
0C00
1E00
1E00
0C00
ENDCHAR
STARTCHAR 1EC8
ENCODING 7880
SWIDTH 583 0
DWIDTH 14 0
BBX 10 23 2 0
BITMAP
1E00
0300
0E00
0000
0000
FFC0
FFC0
1C00
1C00
1C00
1C00
1C00
1C00
1C00
1C00
1C00
1C00
1C00
1C00
1C00
1C00
FFC0
FFC0
ENDCHAR
STARTCHAR 1EC9
ENCODING 7881
SWIDTH 583 0
DWIDTH 14 0
BBX 10 18 2 0
BITMAP
1F00
0100
0700
0000
0000
FE00
FE00
0E00
0E00
0E00
0E00
0E00
0E00
0E00
0E00
0E00
FFC0
FFC0
ENDCHAR
STARTCHAR 1ECA
ENCODING 7882
SWIDTH 583 0
DWIDTH 14 0
BBX 10 23 2 -5
BITMAP
FFC0
FFC0
1C00
1C00
1C00
1C00
1C00
1C00
1C00
1C00
1C00
1C00
1C00
1C00
1C00
1C00
FFC0
FFC0
0000
1C00
3C00
3C00
1C00
ENDCHAR
STARTCHAR 1ECB
ENCODING 7883
SWIDTH 583 0
DWIDTH 14 0
BBX 10 23 2 -5
BITMAP
0C00
1E00
1E00
0C00
0000
FE00
FE00
0E00
0E00
0E00
0E00
0E00
0E00
0E00
0E00
0E00
FFC0
FFC0
0000
0C00
1E00
1E00
0C00
ENDCHAR
STARTCHAR 1ECC
ENCODING 7884
SWIDTH 583 0
DWIDTH 14 0
BBX 11 23 2 -5
BITMAP
1F00
7FC0
7BC0
E1E0
E0E0
E0E0
E0E0
E0E0
E0E0
E0E0
E0E0
E0E0
E0E0
E0E0
E1E0
7BC0
7FC0
1F00
0000
0C00
1E00
1E00
0C00
ENDCHAR
STARTCHAR 1ECD
ENCODING 7885
SWIDTH 583 0
DWIDTH 14 0
BBX 11 18 2 -5
BITMAP
1F00
7FC0
7BC0
E0E0
E0E0
E0E0
E0E0
E0E0
E0E0
E0E0
7BC0
7FC0
1F00
0000
0C00
1E00
1E00
0C00
ENDCHAR
STARTCHAR 1ECE
ENCODING 7886
SWIDTH 583 0
DWIDTH 14 0
BBX 11 24 2 0
BITMAP
1F00
0300
0100
0700
0000
0000
1F00
7FC0
7BC0
E1E0
E0E0
E0E0
E0E0
E0E0
E0E0
E0E0
E0E0
E0E0
E0E0
E0E0
E1E0
7BC0
7FC0
1F00
ENDCHAR
STARTCHAR 1ECF
ENCODING 7887
SWIDTH 583 0
DWIDTH 14 0
BBX 11 18 2 0
BITMAP
1F00
0180
0700
0000
0000
1F00
7FC0
7BC0
E0E0
E0E0
E0E0
E0E0
E0E0
E0E0
E0E0
7BC0
7FC0
1F00
ENDCHAR
STARTCHAR 1ED0
ENCODING 7888
SWIDTH 583 0
DWIDTH 14 0
BBX 11 29 2 1
BITMAP
0300
0700
0E00
0C00
0E00
1F00
3B00
3380
2180
0000
0000
1F00
7FC0
7BC0
E1E0
E0E0
E0E0
E0E0
E0E0
E0E0
E0E0
E0E0
E0E0
E0E0
E0E0
E1E0
7BC0
7FC0
1F00
ENDCHAR
STARTCHAR 1ED1
ENCODING 7889
SWIDTH 583 0
DWIDTH 14 0
BBX 11 24 2 0
BITMAP
0300
0780
0F00
0C00
0000
1E00
1F00
3B80
71C0
0000
0000
1F00
7FC0
7BC0
E0E0
E0E0
E0E0
E0E0
E0E0
E0E0
E0E0
7BC0
7FC0
1F00
ENDCHAR
STARTCHAR 1ED2
ENCODING 7890
SWIDTH 583 0
DWIDTH 14 0
BBX 11 29 2 1
BITMAP
3800
1C00
0E00
0600
0E00
1F00
3B00
3380
2180
0000
0000
1F00
7FC0
7BC0
E1E0
E0E0
E0E0
E0E0
E0E0
E0E0
E0E0
E0E0
E0E0
E0E0
E0E0
E1E0
7BC0
7FC0
1F00
ENDCHAR
STARTCHAR 1ED3
ENCODING 7891
SWIDTH 583 0
DWIDTH 14 0
BBX 11 24 2 0
BITMAP
1800
3C00
1E00
0E00
0000
1E00
1F00
3B80
71C0
0000
0000
1F00
7FC0
7BC0
E0E0
E0E0
E0E0
E0E0
E0E0
E0E0
E0E0
7BC0
7FC0
1F00
ENDCHAR
STARTCHAR 1ED4
ENCODING 7892
SWIDTH 583 0
DWIDTH 14 0
BBX 11 29 2 0
BITMAP
1F00
0300
0100
0700
0000
1F00
1F00
3B80
7180
0000
0000
1F00
7FC0
7BC0
E1E0
E0E0
E0E0
E0E0
E0E0
E0E0
E0E0
E0E0
E0E0
E0E0
E0E0
E1E0
7BC0
7FC0
1F00
ENDCHAR
STARTCHAR 1ED5
ENCODING 7893
SWIDTH 583 0
DWIDTH 14 0
BBX 11 23 2 0
BITMAP
1F00
0180
0700
0000
1F00
1F00
3B80
7180
0000
0000
1F00
7FC0
7BC0
E0E0
E0E0
E0E0
E0E0
E0E0
E0E0
E0E0
7BC0
7FC0
1F00
ENDCHAR
STARTCHAR 1ED6
ENCODING 7894
SWIDTH 583 0
DWIDTH 14 0
BBX 11 29 2 1
BITMAP
3CE0
7FC0
E780
0000
0E00
1F00
3B00
3380
2180
0000
0000
1F00
7FC0
7BC0
E1E0
E0E0
E0E0
E0E0
E0E0
E0E0
E0E0
E0E0
E0E0
E0E0
E0E0
E1E0
7BC0
7FC0
1F00
ENDCHAR
STARTCHAR 1ED7
ENCODING 7895
SWIDTH 583 0
DWIDTH 14 0
BBX 11 24 2 0
BITMAP
3CC0
7EC0
7FC0
6380
0000
1E00
1F00
3B80
71C0
0000
0000
1F00
7FC0
7BC0
E0E0
E0E0
E0E0
E0E0
E0E0
E0E0
E0E0
7BC0
7FC0
1F00
ENDCHAR
STARTCHAR 1ED8
ENCODING 7896
SWIDTH 583 0
DWIDTH 14 0
BBX 11 30 2 -5
BITMAP
1E00
1F00
3F00
3380
2180
0000
0000
1F00
7FC0
7BC0
E1E0
E0E0
E0E0
E0E0
E0E0
E0E0
E0E0
E0E0
E0E0
E0E0
E0E0
E1E0
7BC0
7FC0
1F00
0000
0C00
1E00
1E00
0C00
ENDCHAR
STARTCHAR 1ED9
ENCODING 7897
SWIDTH 583 0
DWIDTH 14 0
BBX 11 25 2 -5
BITMAP
1E00
1E00
3F00
3380
2180
0000
0000
1F00
7FC0
7BC0
E0E0
E0E0
E0E0
E0E0
E0E0
E0E0
E0E0
7BC0
7FC0
1F00
0000
0C00
1E00
1E00
0C00
ENDCHAR
STARTCHAR 1EDA
ENCODING 7898
SWIDTH 583 0
DWIDTH 14 0
BBX 13 24 2 0
BITMAP
0300
0700
0E38
0C38
0008
0008
1F18
7F90
7BF0
E1E0
E0E0
E0E0
E0E0
E0E0
E0E0
E0E0
E0E0
E0E0
E0E0
E0E0
E1E0
7BC0
7FC0
1F00
ENDCHAR
STARTCHAR 1EDB
ENCODING 7899
SWIDTH 583 0
DWIDTH 14 0
BBX 13 18 2 1
BITMAP
0300
0700
0E38
0838
0008
1F18
7F90
7BF0
E0E0
E0E0
E0E0
E0E0
E0E0
E0E0
E0E0
7BC0
7FC0
1F00
ENDCHAR
STARTCHAR 1EDC
ENCODING 7900
SWIDTH 583 0
DWIDTH 14 0
BBX 13 24 2 0
BITMAP
1800
3C00
0E38
0638
0008
0008
1F18
7F90
7BF0
E1E0
E0E0
E0E0
E0E0
E0E0
E0E0
E0E0
E0E0
E0E0
E0E0
E0E0
E1E0
7BC0
7FC0
1F00
ENDCHAR
STARTCHAR 1EDD
ENCODING 7901
SWIDTH 583 0
DWIDTH 14 0
BBX 13 19 2 0
BITMAP
1000
3800
1C00
0E38
0438
0008
1F18
7F90
7BF0
E0E0
E0E0
E0E0
E0E0
E0E0
E0E0
E0E0
7BC0
7FC0
1F00
ENDCHAR
STARTCHAR 1EDE
ENCODING 7902
SWIDTH 583 0
DWIDTH 14 0
BBX 13 24 2 0
BITMAP
1F00
0300
0138
0738
0008
0008
1F18
7F90
7BF0
E1E0
E0E0
E0E0
E0E0
E0E0
E0E0
E0E0
E0E0
E0E0
E0E0
E0E0
E1E0
7BC0
7FC0
1F00
ENDCHAR
STARTCHAR 1EDF
ENCODING 7903
SWIDTH 583 0
DWIDTH 14 0
BBX 13 18 2 0
BITMAP
1F00
0100
0738
0038
0008
1F18
7F90
7BF0
E0E0
E0E0
E0E0
E0E0
E0E0
E0E0
E0E0
7BC0
7FC0
1F00
ENDCHAR
STARTCHAR 1EE0
ENCODING 7904
SWIDTH 583 0
DWIDTH 14 0
BBX 13 24 2 0
BITMAP
3880
7DC0
EFB8
0338
0008
0008
1F18
7F90
7BF0
E1E0
E0E0
E0E0
E0E0
E0E0
E0E0
E0E0
E0E0
E0E0
E0E0
E0E0
E1E0
7BC0
7FC0
1F00
ENDCHAR
STARTCHAR 1EE1
ENCODING 7905
SWIDTH 583 0
DWIDTH 14 0
BBX 13 18 2 0
BITMAP
38C0
7FC0
E7B8
0038
0008
1F18
7F90
7BF0
E0E0
E0E0
E0E0
E0E0
E0E0
E0E0
E0E0
7BC0
7FC0
1F00
ENDCHAR
STARTCHAR 1EE2
ENCODING 7906
SWIDTH 583 0
DWIDTH 14 0
BBX 13 27 2 -5
BITMAP
0038
0038
0008
0018
1F10
7F90
7BE0
E1E0
E0E0
E0E0
E0E0
E0E0
E0E0
E0E0
E0E0
E0E0
E0E0
E0E0
E1E0
7BC0
7F80
1F00
0000
0C00
1E00
1E00
0C00
ENDCHAR
STARTCHAR 1EE3
ENCODING 7907
SWIDTH 583 0
DWIDTH 14 0
BBX 13 22 2 -5
BITMAP
0038
0038
0008
0008
1F18
7F90
7BF0
E0E0
E0E0
E0E0
E0E0
E0E0
E0E0
E0E0
7BC0
7F80
1F00
0000
0C00
1E00
1E00
0C00
ENDCHAR
STARTCHAR 1EE4
ENCODING 7908
SWIDTH 583 0
DWIDTH 14 0
BBX 12 23 1 -5
BITMAP
F9F0
F9F0
70E0
70E0
70E0
70E0
70E0
70E0
70E0
70E0
70E0
70E0
70E0
70E0
70E0
3FC0
3FC0
0F00
0000
0600
0F00
0F00
0600
ENDCHAR
STARTCHAR 1EE5
ENCODING 7909
SWIDTH 583 0
DWIDTH 14 0
BBX 12 18 1 -5
BITMAP
F1E0
F1E0
70E0
70E0
70E0
70E0
70E0
70E0
70E0
70E0
7FE0
3FF0
1EF0
0000
0600
0F00
0F00
0600
ENDCHAR
STARTCHAR 1EE6
ENCODING 7910
SWIDTH 583 0
DWIDTH 14 0
BBX 12 24 1 0
BITMAP
0F00
0180
0180
0700
0000
0000
F9F0
F9F0
70E0
70E0
70E0
70E0
70E0
70E0
70E0
70E0
70E0
70E0
70E0
70E0
70E0
3FC0
3FC0
0F00
ENDCHAR
STARTCHAR 1EE7
ENCODING 7911
SWIDTH 583 0
DWIDTH 14 0
BBX 12 18 1 0
BITMAP
0F00
0180
0700
0000
0000
F1E0
F1E0
70E0
70E0
70E0
70E0
70E0
70E0
70E0
70E0
7FE0
3FF0
1EF0
ENDCHAR
STARTCHAR 1EE8
ENCODING 7912
SWIDTH 583 0
DWIDTH 14 0
BBX 14 24 1 0
BITMAP
0100
0380
071C
061C
000C
000C
F9F8
F9F0
70E0
70E0
70E0
70E0
70E0
70E0
70E0
70E0
70E0
70E0
70E0
70E0
70E0
3FC0
3FC0
0F00
ENDCHAR
STARTCHAR 1EE9
ENCODING 7913
SWIDTH 583 0
DWIDTH 14 0
BBX 14 19 1 0
BITMAP
0100
0380
0700
0E1C
041C
000C
F1F8
F1F0
70E0
70E0
70E0
70E0
70E0
70E0
70E0
70E0
7FE0
3FF0
1EF0
ENDCHAR
STARTCHAR 1EEA
ENCODING 7914
SWIDTH 583 0
DWIDTH 14 0
BBX 14 24 1 0
BITMAP
0C00
1C00
0E1C
061C
000C
000C
F9F8
F9F0
70E0
70E0
70E0
70E0
70E0
70E0
70E0
70E0
70E0
70E0
70E0
70E0
70E0
3FC0
3FC0
0F00
ENDCHAR
STARTCHAR 1EEB
ENCODING 7915
SWIDTH 583 0
DWIDTH 14 0
BBX 14 19 1 0
BITMAP
0800
1C00
0E00
071C
021C
000C
F1F8
F1F0
70E0
70E0
70E0
70E0
70E0
70E0
70E0
70E0
7FE0
3FF0
1EF0
ENDCHAR
STARTCHAR 1EEC
ENCODING 7916
SWIDTH 583 0
DWIDTH 14 0
BBX 14 24 1 0
BITMAP
0F00
0180
019C
071C
000C
000C
F9F8
F9F0
70E0
70E0
70E0
70E0
70E0
70E0
70E0
70E0
70E0
70E0
70E0
70E0
70E0
3FC0
3FC0
0F00
ENDCHAR
STARTCHAR 1EED
ENCODING 7917
SWIDTH 583 0
DWIDTH 14 0
BBX 14 18 1 0
BITMAP
0F00
0180
071C
001C
000C
F1F8
F1F0
70E0
70E0
70E0
70E0
70E0
70E0
70E0
70E0
7FE0
3FF0
1EF0
ENDCHAR
STARTCHAR 1EEE
ENCODING 7918
SWIDTH 583 0
DWIDTH 14 0
BBX 14 24 1 0
BITMAP
1C40
3EE0
77DC
239C
000C
000C
F9F8
F9F0
70E0
70E0
70E0
70E0
70E0
70E0
70E0
70E0
70E0
70E0
70E0
70E0
70E0
3FC0
3FC0
0F00
ENDCHAR
STARTCHAR 1EEF
ENCODING 7919
SWIDTH 583 0
DWIDTH 14 0
BBX 14 18 1 0
BITMAP
1C60
3EE0
73DC
001C
000C
F1F8
F1F0
70E0
70E0
70E0
70E0
70E0
70E0
70E0
70E0
7FE0
3FF0
1EF0
ENDCHAR
STARTCHAR 1EF0
ENCODING 7920
SWIDTH 583 0
DWIDTH 14 0
BBX 14 27 1 -5
BITMAP
001C
001C
000C
001C
F9F8
F9F0
70E0
70E0
70E0
70E0
70E0
70E0
70E0
70E0
70E0
70E0
70E0
70E0
70E0
3FC0
3FC0
0F00
0000
0600
0F00
0F00
0600
ENDCHAR
STARTCHAR 1EF1
ENCODING 7921
SWIDTH 583 0
DWIDTH 14 0
BBX 14 22 1 -5
BITMAP
001C
001C
000C
000C
F1F8
F1F0
70E0
70E0
70E0
70E0
70E0
70E0
70E0
70E0
7FE0
3FF0
1EF0
0000
0600
0F00
0F00
0600
ENDCHAR
STARTCHAR 1EF2
ENCODING 7922
SWIDTH 583 0
DWIDTH 14 0
BBX 12 24 1 0
BITMAP
0C00
1E00
0F00
0700
0000
0000
F9F0
F9F0
38E0
38E0
39C0
1DC0
1F80
0F80
0F80
0700
0700
0700
0700
0700
0700
0700
1FC0
1FC0
ENDCHAR
STARTCHAR 1EF3
ENCODING 7923
SWIDTH 583 0
DWIDTH 14 0
BBX 12 24 1 -5
BITMAP
0800
1C00
0E00
0700
0200
0000
F9F0
F9F0
30E0
39C0
39C0
39C0
1980
1F80
1F80
0F00
0F00
0F00
0600
0E00
0E00
3C00
7C00
7800
ENDCHAR
STARTCHAR 1EF4
ENCODING 7924
SWIDTH 583 0
DWIDTH 14 0
BBX 12 23 1 -5
BITMAP
F9F0
F9F0
30E0
38E0
39C0
19C0
1F80
0F80
0F80
0700
0700
0700
0700
0700
0700
0700
1FC0
1FC0
0000
0600
0F00
0F00
0600
ENDCHAR
STARTCHAR 1EF5
ENCODING 7925
SWIDTH 583 0
DWIDTH 14 0
BBX 12 18 1 -5
BITMAP
F9F0
F9F0
30E0
39C0
39C0
39C0
1980
1F80
1F80
0F00
0F00
0F00
0600
0E00
0E60
3CF0
7CF0
7860
ENDCHAR
STARTCHAR 1EF6
ENCODING 7926
SWIDTH 583 0
DWIDTH 14 0
BBX 12 23 1 0
BITMAP
0F80
0180
0780
0000
0000
F9F0
F9F0
38E0
38E0
39C0
1DC0
1F80
0F80
0F80
0700
0700
0700
0700
0700
0700
0700
1FC0
1FC0
ENDCHAR
STARTCHAR 1EF7
ENCODING 7927
SWIDTH 583 0
DWIDTH 14 0
BBX 12 23 1 -5
BITMAP
0F00
0180
0700
0000
0000
F9F0
F9F0
30E0
39C0
39C0
39C0
1980
1F80
1F80
0F00
0F00
0F00
0600
0E00
0E00
3C00
7C00
7800
ENDCHAR
STARTCHAR 1EF8
ENCODING 7928
SWIDTH 583 0
DWIDTH 14 0
BBX 12 24 1 0
BITMAP
1C40
3EE0
77C0
2380
0000
0000
F9F0
F9F0
38E0
38E0
39C0
1DC0
1F80
0F80
0F80
0700
0700
0700
0700
0700
0700
0700
1FC0
1FC0
ENDCHAR
STARTCHAR 1EF9
ENCODING 7929
SWIDTH 583 0
DWIDTH 14 0
BBX 12 23 1 -5
BITMAP
1C40
7EC0
67C0
0000
0000
F9F0
F9F0
30E0
39C0
39C0
39C0
1980
1F80
1F80
0F00
0F00
0F00
0600
0E00
0E00
3C00
7C00
7800
ENDCHAR
STARTCHAR 1EFA
ENCODING 7930
SWIDTH 583 0
DWIDTH 14 0
BBX 11 18 2 0
BITMAP
FF80
FF80
6600
6600
6600
6600
6600
6600
6600
6600
6600
6600
6600
6600
66E0
66E0
FFE0
FFE0
ENDCHAR
STARTCHAR 1EFB
ENCODING 7931
SWIDTH 583 0
DWIDTH 14 0
BBX 13 18 1 0
BITMAP
7BE0
7BE0
38E0
38E0
38E0
38E0
FFF8
FFF8
38E0
38E0
38E0
38E0
38E0
38E0
38E0
38E0
7FF8
7FF8
ENDCHAR
STARTCHAR 1EFC
ENCODING 7932
SWIDTH 583 0
DWIDTH 14 0
BBX 11 18 2 0
BITMAP
0C00
1E00
1C00
3800
7800
7000
7000
E180
E3C0
E1C0
E0E0
E0E0
E0E0
E0E0
71E0
7FC0
3F80
1F00
ENDCHAR
STARTCHAR 1EFD
ENCODING 7933
SWIDTH 583 0
DWIDTH 14 0
BBX 11 18 2 0
BITMAP
0600
0E00
1E00
1C00
3C00
3800
7000
7180
73C0
E1C0
E0E0
E0E0
E0E0
E0E0
E1E0
7FC0
7F80
1F00
ENDCHAR
STARTCHAR 1EFE
ENCODING 7934
SWIDTH 583 0
DWIDTH 14 0
BBX 13 18 1 0
BITMAP
F8F8
F8F8
3870
38E0
18E0
18E0
1DC0
0DC0
0DC0
0F80
3F80
7F80
F700
EF00
EF00
FE00
7E00
3C00
ENDCHAR
STARTCHAR 1EFF
ENCODING 7935
SWIDTH 583 0
DWIDTH 14 0
BBX 13 18 1 -5
BITMAP
F8F8
F8F8
3870
38E0
18E0
18E0
1DC0
1DC0
0DC0
0F80
0F80
7F80
FF00
E700
EF00
FE00
7E00
3C00
ENDCHAR
STARTCHAR 1F00
ENCODING 7936
SWIDTH 583 0
DWIDTH 14 0
BBX 11 19 2 0
BITMAP
0E00
0E00
0600
0600
0400
0000
3E60
7FE0
7FE0
E1C0
E1C0
E1C0
E0C0
E1C0
E1C0
E1C0
7FE0
7FE0
3E60
ENDCHAR
STARTCHAR 1F01
ENCODING 7937
SWIDTH 583 0
DWIDTH 14 0
BBX 11 19 2 0
BITMAP
0C00
0E00
0C00
0C00
0400
0000
3CE0
7EC0
FFC0
E3C0
E1C0
E1C0
E180
E1C0
E1C0
E3C0
FFC0
7EE0
3CE0
ENDCHAR
STARTCHAR 1F02
ENCODING 7938
SWIDTH 583 0
DWIDTH 14 0
BBX 11 19 2 0
BITMAP
3300
3700
3380
3180
3180
0000
3CE0
7EC0
F7C0
E3C0
E1C0
E1C0
E180
E1C0
E1C0
E3C0
FFC0
7EC0
3CE0
ENDCHAR
STARTCHAR 1F03
ENCODING 7939
SWIDTH 583 0
DWIDTH 14 0
BBX 11 19 2 0
BITMAP
3300
3F00
3380
3180
1180
0000
3CE0
7EE0
7FC0
E3C0
E1C0
E1C0
E1C0
E1C0
E1C0
E3C0
7FC0
7EE0
3CE0
ENDCHAR
STARTCHAR 1F04
ENCODING 7940
SWIDTH 583 0
DWIDTH 14 0
BBX 11 19 2 0
BITMAP
3180
31C0
3380
3300
3300
0000
3CE0
7EC0
F7C0
E3C0
E1C0
E1C0
E180
E1C0
E1C0
E3C0
FFC0
7EC0
3CE0
ENDCHAR
STARTCHAR 1F05
ENCODING 7941
SWIDTH 583 0
DWIDTH 14 0
BBX 11 19 2 0
BITMAP
3080
39C0
3180
3380
1300
0000
3CE0
7EE0
7FC0
E3C0
E1C0
E1C0
E1C0
E1C0
E1C0
E3C0
7FC0
7EE0
3CE0
ENDCHAR
STARTCHAR 1F06
ENCODING 7942
SWIDTH 583 0
DWIDTH 14 0
BBX 11 21 2 0
BITMAP
1F00
3F80
3780
3F80
0600
0600
0400
0000
3CE0
7EC0
7FC0
E3C0
E1C0
E1C0
E080
E1C0
E1C0
E3C0
7FC0
7EE0
3CE0
ENDCHAR
STARTCHAR 1F07
ENCODING 7943
SWIDTH 583 0
DWIDTH 14 0
BBX 11 21 2 0
BITMAP
1F00
3F80
3D80
3F80
0C00
0C00
0400
0000
3CE0
7EC0
FFC0
E3C0
E1C0
E1C0
E180
E1C0
E1C0
E3C0
FFC0
7EE0
3CE0
ENDCHAR
STARTCHAR 1F08
ENCODING 7944
SWIDTH 583 0
DWIDTH 14 0
BBX 12 20 1 1
BITMAP
C000
C000
4F00
CF00
8F00
0F00
0F00
1F80
1F80
1980
1980
39C0
3FC0
3FC0
38C0
70C0
70E0
70E0
F9F0
F9F0
ENDCHAR
STARTCHAR 1F09
ENCODING 7945
SWIDTH 583 0
DWIDTH 14 0
BBX 12 20 1 1
BITMAP
C000
C000
CF00
CF00
4F00
0F00
0F00
1F80
1F80
1980
1980
39C0
3FC0
3FC0
38C0
70C0
70E0
70E0
F9F0
F9F0
ENDCHAR
STARTCHAR 1F0A
ENCODING 7946
SWIDTH 583 0
DWIDTH 14 0
BBX 17 21 -4 0
BITMAP
400000
EC0000
EE0000
667800
C77800
427800
007800
007800
00FC00
00FC00
00CC00
00CC00
01CE00
01FE00
01FE00
01C600
038600
038700
038700
07CF80
07CF80
ENDCHAR
STARTCHAR 1F0B
ENCODING 7947
SWIDTH 583 0
DWIDTH 14 0
BBX 16 20 -3 1
BITMAP
D800
DC00
8CF0
CEF0
04F0
00F0
00F0
01F8
01F8
0198
0198
039C
03FC
03FC
038C
070C
070E
070E
0F9F
0F9F
ENDCHAR
STARTCHAR 1F0C
ENCODING 7948
SWIDTH 583 0
DWIDTH 14 0
BBX 17 21 -4 0
BITMAP
420000
E30000
E70000
667800
CE7800
447800
007800
007800
00FC00
00FC00
00CC00
00CC00
01CE00
01FE00
01FE00
01C600
038600
038700
038700
07CF80
07CF80
ENDCHAR
STARTCHAR 1F0D
ENCODING 7949
SWIDTH 583 0
DWIDTH 14 0
BBX 16 21 -3 0
BITMAP
0400
C600
CE00
8CF0
DCF0
08F0
00F0
00F0
01F8
01F8
0198
0198
039C
03FC
03FC
038C
070C
070E
070E
0F9F
0F9F
ENDCHAR
STARTCHAR 1F0E
ENCODING 7950
SWIDTH 583 0
DWIDTH 14 0
BBX 14 23 -1 0
BITMAP
7800
FC00
FC00
B600
3000
13C0
33C0
23C0
03C0
07C0
07E0
07E0
0660
0660
0E70
0FF0
0FF0
0E30
1C30
1C38
1C38
3E7C
3E7C
ENDCHAR
STARTCHAR 1F0F
ENCODING 7951
SWIDTH 583 0
DWIDTH 14 0
BBX 14 23 -1 0
BITMAP
7800
FC00
FC00
B600
3000
33C0
33C0
13C0
03C0
07C0
07E0
07E0
0660
0660
0E70
0FF0
0FF0
0E30
1C30
1C38
1C38
3E7C
3E7C
ENDCHAR
STARTCHAR 1F10
ENCODING 7952
SWIDTH 583 0
DWIDTH 14 0
BBX 11 19 2 0
BITMAP
0E00
0E00
0E00
0E00
0C00
0000
3F00
7FC0
FBC0
E0E0
E000
7E00
7E00
F800
E000
E0E0
FBE0
7FC0
3F80
ENDCHAR
STARTCHAR 1F11
ENCODING 7953
SWIDTH 583 0
DWIDTH 14 0
BBX 11 19 2 0
BITMAP
0E00
0E00
0C00
0C00
0400
0000
3F00
7FC0
FBC0
E0E0
E000
7E00
7E00
F800
E000
E0E0
FBE0
7FC0
3F80
ENDCHAR
STARTCHAR 1F12
ENCODING 7954
SWIDTH 583 0
DWIDTH 14 0
BBX 11 19 2 0
BITMAP
3300
3700
3380
3180
3180
0000
3F00
7FC0
FBC0
E0E0
E000
7E00
7E00
F800
E000
E0E0
FBE0
7FC0
3F80
ENDCHAR
STARTCHAR 1F13
ENCODING 7955
SWIDTH 583 0
DWIDTH 14 0
BBX 11 19 2 0
BITMAP
3300
3700
3380
3180
1180
0000
3F00
7FC0
FBC0
E0E0
E000
7E00
7E00
F800
E000
E0E0
FBE0
7FC0
3F80
ENDCHAR
STARTCHAR 1F14
ENCODING 7956
SWIDTH 583 0
DWIDTH 14 0
BBX 11 19 2 0
BITMAP
3080
31C0
3380
3380
3300
0000
3F00
7FC0
FBC0
E0E0
E000
7E00
7E00
F800
E000
E0E0
FBE0
7FC0
3F80
ENDCHAR
STARTCHAR 1F15
ENCODING 7957
SWIDTH 583 0
DWIDTH 14 0
BBX 11 19 2 0
BITMAP
3080
31C0
3380
3380
1300
0000
3F00
7FC0
FBC0
E0E0
E000
7E00
7E00
F800
E000
E0E0
FBE0
7FC0
3F80
ENDCHAR
STARTCHAR 1F18
ENCODING 7960
SWIDTH 583 0
DWIDTH 14 0
BBX 15 21 -2 0
BITMAP
4000
E000
E000
6FFE
CFFE
470E
070E
0700
0700
0700
0700
07F0
07F0
0700
0700
0700
0700
070E
070E
0FFE
0FFE
ENDCHAR
STARTCHAR 1F19
ENCODING 7961
SWIDTH 583 0
DWIDTH 14 0
BBX 14 20 -2 1
BITMAP
C000
C000
9FFC
DFFC
0E1C
0E1C
0E00
0E00
0E00
0E00
0FE0
0FE0
0E00
0E00
0E00
0E00
0E1C
0E1C
1FFC
1FFC
ENDCHAR
STARTCHAR 1F1A
ENCODING 7962
SWIDTH 583 0
DWIDTH 14 0
BBX 19 20 -6 1
BITMAP
DC0000
CC0000
4EFFE0
C6FFE0
0070E0
0070E0
007000
007000
007000
007000
007F00
007F00
007000
007000
007000
007000
0070E0
0070E0
00FFE0
00FFE0
ENDCHAR
STARTCHAR 1F1B
ENCODING 7963
SWIDTH 583 0
DWIDTH 14 0
BBX 19 20 -7 1
BITMAP
FC0000
EC0000
CEFFE0
46FFE0
4070E0
0070E0
007000
007000
007000
007000
007F00
007F00
007000
007000
007000
007000
0070E0
0070E0
00FFE0
00FFE0
ENDCHAR
STARTCHAR 1F1C
ENCODING 7964
SWIDTH 583 0
DWIDTH 14 0
BBX 19 20 -6 1
BITMAP
C70000
C70000
4EFFE0
CCFFE0
0470E0
0070E0
007000
007000
007000
007000
007F00
007F00
007000
007000
007000
007000
0070E0
0070E0
00FFE0
00FFE0
ENDCHAR
STARTCHAR 1F1D
ENCODING 7965
SWIDTH 583 0
DWIDTH 14 0
BBX 19 20 -7 1
BITMAP
E70000
E70000
CEFFE0
4CFFE0
4470E0
0070E0
007000
007000
007000
007000
007F00
007F00
007000
007000
007000
007000
0070E0
0070E0
00FFE0
00FFE0
ENDCHAR
STARTCHAR 1F20
ENCODING 7968
SWIDTH 583 0
DWIDTH 14 0
BBX 11 24 1 -4
BITMAP
0600
0600
0200
0600
0400
0000
F780
FFC0
7FE0
70E0
70E0
70E0
70E0
70E0
70E0
70E0
70E0
70E0
70E0
00E0
00E0
00E0
00E0
00E0
ENDCHAR
STARTCHAR 1F21
ENCODING 7969
SWIDTH 583 0
DWIDTH 14 0
BBX 11 24 1 -4
BITMAP
0600
0600
0600
0600
0200
0000
F780
FFC0
7FE0
70E0
70E0
70E0
70E0
70E0
70E0
70E0
70E0
70E0
70E0
00E0
00E0
00E0
00E0
00E0
ENDCHAR
STARTCHAR 1F22
ENCODING 7970
SWIDTH 583 0
DWIDTH 14 0
BBX 11 24 1 -4
BITMAP
1B00
1B80
0980
19C0
1080
0000
F780
FFC0
7FE0
70E0
70E0
70E0
70E0
70E0
70E0
70E0
70E0
70E0
70E0
00E0
00E0
00E0
00E0
00E0
ENDCHAR
STARTCHAR 1F23
ENCODING 7971
SWIDTH 583 0
DWIDTH 14 0
BBX 11 24 1 -4
BITMAP
1B00
1B80
1980
19C0
0880
0000
F780
FFC0
7FE0
70E0
70E0
70E0
70E0
70E0
70E0
70E0
70E0
70E0
70E0
00E0
00E0
00E0
00E0
00E0
ENDCHAR
STARTCHAR 1F24
ENCODING 7972
SWIDTH 583 0
DWIDTH 14 0
BBX 11 25 1 -5
BITMAP
0080
18C0
19C0
0980
1B80
1100
0000
F780
FFC0
7FE0
70E0
70E0
70E0
70E0
70E0
70E0
70E0
70E0
70E0
70E0
00E0
00E0
00E0
00E0
00E0
ENDCHAR
STARTCHAR 1F25
ENCODING 7973
SWIDTH 583 0
DWIDTH 14 0
BBX 11 25 1 -5
BITMAP
0080
18C0
19C0
1980
1B80
0900
0000
F780
FFC0
7FE0
70E0
70E0
70E0
70E0
70E0
70E0
70E0
70E0
70E0
70E0
00E0
00E0
00E0
00E0
00E0
ENDCHAR
STARTCHAR 1F26
ENCODING 7974
SWIDTH 583 0
DWIDTH 14 0
BBX 11 26 1 -5
BITMAP
0F00
1F80
1E80
0600
0200
0600
0400
0000
F780
FFC0
7FE0
70E0
70E0
70E0
70E0
70E0
70E0
70E0
70E0
70E0
70E0
00E0
00E0
00E0
00E0
00E0
ENDCHAR
STARTCHAR 1F27
ENCODING 7975
SWIDTH 583 0
DWIDTH 14 0
BBX 11 26 1 -5
BITMAP
0F00
1F80
1E80
0600
0600
0600
0200
0000
F780
FFC0
7FE0
70E0
70E0
70E0
70E0
70E0
70E0
70E0
70E0
70E0
70E0
00E0
00E0
00E0
00E0
00E0
ENDCHAR
STARTCHAR 1F28
ENCODING 7976
SWIDTH 583 0
DWIDTH 14 0
BBX 15 20 -2 1
BITMAP
C000
C000
5F3E
DF3E
0E1C
0E1C
0E1C
0E1C
0E1C
0E1C
0FFC
0FFC
0E1C
0E1C
0E1C
0E1C
0E1C
0E1C
1F3E
1F3E
ENDCHAR
STARTCHAR 1F29
ENCODING 7977
SWIDTH 583 0
DWIDTH 14 0
BBX 15 20 -2 1
BITMAP
C000
C000
9F3E
DF3E
0E1C
0E1C
0E1C
0E1C
0E1C
0E1C
0FFC
0FFC
0E1C
0E1C
0E1C
0E1C
0E1C
0E1C
1F3E
1F3E
ENDCHAR
STARTCHAR 1F2A
ENCODING 7978
SWIDTH 583 0
DWIDTH 14 0
BBX 20 21 -7 0
BITMAP
040000
EC0000
EE0000
66F9F0
C7F9F0
4270E0
0070E0
0070E0
0070E0
0070E0
0070E0
007FE0
007FE0
0070E0
0070E0
0070E0
0070E0
0070E0
0070E0
00F9F0
00F9F0
ENDCHAR
STARTCHAR 1F2B
ENCODING 7979
SWIDTH 583 0
DWIDTH 14 0
BBX 20 21 -7 0
BITMAP
040000
EC0000
EE0000
C6F9F0
67F9F0
4270E0
0070E0
0070E0
0070E0
0070E0
0070E0
007FE0
007FE0
0070E0
0070E0
0070E0
0070E0
0070E0
0070E0
00F9F0
00F9F0
ENDCHAR
STARTCHAR 1F2C
ENCODING 7980
SWIDTH 583 0
DWIDTH 14 0
BBX 20 20 -7 1
BITMAP
E30000
E70000
66F9F0
CEF9F0
4470E0
0070E0
0070E0
0070E0
0070E0
0070E0
007FE0
007FE0
0070E0
0070E0
0070E0
0070E0
0070E0
0070E0
00F9F0
00F9F0
ENDCHAR
STARTCHAR 1F2D
ENCODING 7981
SWIDTH 583 0
DWIDTH 14 0
BBX 20 20 -7 1
BITMAP
E30000
E70000
CEF9F0
6EF9F0
4470E0
0070E0
0070E0
0070E0
0070E0
0070E0
007FE0
007FE0
0070E0
0070E0
0070E0
0070E0
0070E0
0070E0
00F9F0
00F9F0
ENDCHAR
STARTCHAR 1F2E
ENCODING 7982
SWIDTH 583 0
DWIDTH 14 0
BBX 17 23 -4 0
BITMAP
780000
FC0000
FC0000
B60000
300000
37CF80
37CF80
238700
038700
038700
038700
038700
038700
03FF00
03FF00
038700
038700
038700
038700
038700
038700
07CF80
07CF80
ENDCHAR
STARTCHAR 1F2F
ENCODING 7983
SWIDTH 583 0
DWIDTH 14 0
BBX 17 23 -4 0
BITMAP
780000
FC0000
FC0000
B60000
300000
37CF80
37CF80
138700
038700
038700
038700
038700
038700
03FF00
03FF00
038700
038700
038700
038700
038700
038700
07CF80
07CF80
ENDCHAR
STARTCHAR 1F30
ENCODING 7984
SWIDTH 583 0
DWIDTH 14 0
BBX 11 19 2 0
BITMAP
0E00
0E00
0600
0C00
0400
0000
FE00
FE00
0E00
0E00
0E00
0E00
0E00
0E00
0E00
0E00
0F00
07E0
03E0
ENDCHAR
STARTCHAR 1F31
ENCODING 7985
SWIDTH 583 0
DWIDTH 14 0
BBX 11 19 2 0
BITMAP
0E00
0E00
0C00
0C00
0400
0000
FE00
FE00
0E00
0E00
0E00
0E00
0E00
0E00
0E00
0E00
0F00
07E0
03E0
ENDCHAR
STARTCHAR 1F32
ENCODING 7986
SWIDTH 583 0
DWIDTH 14 0
BBX 11 19 2 0
BITMAP
3300
3F00
3380
3180
2180
0000
FE00
FE00
0E00
0E00
0E00
0E00
0E00
0E00
0E00
0E00
0F00
07E0
03E0
ENDCHAR
STARTCHAR 1F33
ENCODING 7987
SWIDTH 583 0
DWIDTH 14 0
BBX 11 19 2 0
BITMAP
3300
3F00
3380
3180
1180
0000
FE00
FE00
0E00
0E00
0E00
0E00
0E00
0E00
0E00
0E00
0F00
07E0
03E0
ENDCHAR
STARTCHAR 1F34
ENCODING 7988
SWIDTH 583 0
DWIDTH 14 0
BBX 11 19 2 0
BITMAP
3080
39C0
3380
3300
2300
0000
FE00
FE00
0E00
0E00
0E00
0E00
0E00
0E00
0E00
0E00
0F00
07E0
03E0
ENDCHAR
STARTCHAR 1F35
ENCODING 7989
SWIDTH 583 0
DWIDTH 14 0
BBX 11 19 2 0
BITMAP
3080
39C0
3380
3300
1300
0000
FE00
FE00
0E00
0E00
0E00
0E00
0E00
0E00
0E00
0E00
0F00
07E0
03E0
ENDCHAR
STARTCHAR 1F36
ENCODING 7990
SWIDTH 583 0
DWIDTH 14 0
BBX 11 21 2 0
BITMAP
1E00
3F80
3D80
0E00
0E00
0400
0400
0000
FE00
FE00
0E00
0E00
0E00
0E00
0E00
0E00
0E00
0E00
0F00
07E0
03E0
ENDCHAR
STARTCHAR 1F37
ENCODING 7991
SWIDTH 583 0
DWIDTH 14 0
BBX 11 21 2 0
BITMAP
1E00
3F80
3D80
0E00
0C00
0C00
0400
0000
FE00
FE00
0E00
0E00
0E00
0E00
0E00
0E00
0E00
0E00
0F00
07E0
03E0
ENDCHAR
STARTCHAR 1F38
ENCODING 7992
SWIDTH 583 0
DWIDTH 14 0
BBX 14 21 -2 0
BITMAP
4000
E000
E000
6FFC
CFFC
41C0
01C0
01C0
01C0
01C0
01C0
01C0
01C0
01C0
01C0
01C0
01C0
01C0
01C0
0FFC
0FFC
ENDCHAR
STARTCHAR 1F39
ENCODING 7993
SWIDTH 583 0
DWIDTH 14 0
BBX 13 20 -1 1
BITMAP
C000
C000
9FF8
DFF8
0380
0380
0380
0380
0380
0380
0380
0380
0380
0380
0380
0380
0380
0380
1FF8
1FF8
ENDCHAR
STARTCHAR 1F3A
ENCODING 7994
SWIDTH 583 0
DWIDTH 14 0
BBX 18 20 -5 1
BITMAP
DC0000
CC0000
4EFFC0
C6FFC0
001C00
001C00
001C00
001C00
001C00
001C00
001C00
001C00
001C00
001C00
001C00
001C00
001C00
001C00
00FFC0
00FFC0
ENDCHAR
STARTCHAR 1F3B
ENCODING 7995
SWIDTH 583 0
DWIDTH 14 0
BBX 18 20 -6 1
BITMAP
FC0000
EC0000
CEFFC0
46FFC0
401C00
001C00
001C00
001C00
001C00
001C00
001C00
001C00
001C00
001C00
001C00
001C00
001C00
001C00
00FFC0
00FFC0
ENDCHAR
STARTCHAR 1F3C
ENCODING 7996
SWIDTH 583 0
DWIDTH 14 0
BBX 18 20 -5 1
BITMAP
C70000
C70000
4EFFC0
CCFFC0
041C00
001C00
001C00
001C00
001C00
001C00
001C00
001C00
001C00
001C00
001C00
001C00
001C00
001C00
00FFC0
00FFC0
ENDCHAR
STARTCHAR 1F3D
ENCODING 7997
SWIDTH 583 0
DWIDTH 14 0
BBX 18 20 -6 1
BITMAP
E70000
E70000
CEFFC0
4CFFC0
441C00
001C00
001C00
001C00
001C00
001C00
001C00
001C00
001C00
001C00
001C00
001C00
001C00
001C00
00FFC0
00FFC0
ENDCHAR
STARTCHAR 1F3E
ENCODING 7998
SWIDTH 583 0
DWIDTH 14 0
BBX 16 23 -3 0
BITMAP
3800
7C00
D600
FE00
3800
1BFF
33FF
1070
0070
0070
0070
0070
0070
0070
0070
0070
0070
0070
0070
0070
0070
03FF
03FF
ENDCHAR
STARTCHAR 1F3F
ENCODING 7999
SWIDTH 583 0
DWIDTH 14 0
BBX 16 23 -3 0
BITMAP
3800
7C00
D600
FE00
3800
33FF
1BFF
0070
0070
0070
0070
0070
0070
0070
0070
0070
0070
0070
0070
0070
0070
03FF
03FF
ENDCHAR
STARTCHAR 1F40
ENCODING 8000
SWIDTH 583 0
DWIDTH 14 0
BBX 11 19 2 0
BITMAP
0E00
0E00
0E00
0400
0C00
0000
1F00
7FC0
7BC0
E0E0
E0E0
E0E0
E0E0
E0E0
E0E0
E0E0
7BC0
7FC0
1F00
ENDCHAR
STARTCHAR 1F41
ENCODING 8001
SWIDTH 583 0
DWIDTH 14 0
BBX 11 19 2 0
BITMAP
0E00
0E00
0C00
0C00
0400
0000
1F00
7FC0
7BC0
E0E0
E0E0
E0E0
E0E0
E0E0
E0E0
E0E0
7BC0
7FC0
1F00
ENDCHAR
STARTCHAR 1F42
ENCODING 8002
SWIDTH 583 0
DWIDTH 14 0
BBX 11 19 2 0
BITMAP
3300
3F00
3380
3180
3180
0000
1F00
7FC0
7BC0
E0E0
E0E0
E0E0
E0E0
E0E0
E0E0
E0E0
7BC0
7FC0
1F00
ENDCHAR
STARTCHAR 1F43
ENCODING 8003
SWIDTH 583 0
DWIDTH 14 0
BBX 11 19 2 0
BITMAP
3300
3F00
3380
3180
1180
0000
1F00
7FC0
7BC0
E0E0
E0E0
E0E0
E0E0
E0E0
E0E0
E0E0
7BC0
7FC0
1F00
ENDCHAR
STARTCHAR 1F44
ENCODING 8004
SWIDTH 583 0
DWIDTH 14 0
BBX 11 19 2 0
BITMAP
3080
39C0
3180
3380
3300
0000
1F00
7FC0
7BC0
E0E0
E0E0
E0E0
E0E0
E0E0
E0E0
E0E0
7BC0
7FC0
1F00
ENDCHAR
STARTCHAR 1F45
ENCODING 8005
SWIDTH 583 0
DWIDTH 14 0
BBX 11 19 2 0
BITMAP
3080
39C0
3180
3380
1300
0000
1F00
7FC0
7BC0
E0E0
E0E0
E0E0
E0E0
E0E0
E0E0
E0E0
7BC0
7FC0
1F00
ENDCHAR
STARTCHAR 1F48
ENCODING 8008
SWIDTH 583 0
DWIDTH 14 0
BBX 14 20 -1 1
BITMAP
C000
C000
43E0
CFF8
8F78
1C3C
1C1C
1C1C
1C1C
1C1C
1C1C
1C1C
1C1C
1C1C
1C1C
1C1C
1C3C
0F78
0FF8
03E0
ENDCHAR
STARTCHAR 1F49
ENCODING 8009
SWIDTH 583 0
DWIDTH 14 0
BBX 15 20 -2 1
BITMAP
6000
E000
61F0
67FC
27BC
0E1E
0E0E
0E0E
0E0E
0E0E
0E0E
0E0E
0E0E
0E0E
0E0E
0E0E
0E1E
07BC
07FC
01F0
ENDCHAR
STARTCHAR 1F4A
ENCODING 8010
SWIDTH 583 0
DWIDTH 14 0
BBX 19 20 -6 1
BITMAP
EC0000
EE0000
661F00
477FC0
427BC0
00E1E0
00E0E0
00E0E0
00E0E0
00E0E0
00E0E0
00E0E0
00E0E0
00E0E0
00E0E0
00E0E0
00E1E0
007BC0
007FC0
001F00
ENDCHAR
STARTCHAR 1F4B
ENCODING 8011
SWIDTH 583 0
DWIDTH 14 0
BBX 19 20 -6 1
BITMAP
6C0000
EE0000
461F00
677FC0
227BC0
00E1E0
00E0E0
00E0E0
00E0E0
00E0E0
00E0E0
00E0E0
00E0E0
00E0E0
00E0E0
00E0E0
00E1E0
007BC0
007FC0
001F00
ENDCHAR
STARTCHAR 1F4C
ENCODING 8012
SWIDTH 583 0
DWIDTH 14 0
BBX 19 21 -6 0
BITMAP
020000
E30000
E70000
661F00
4E7FC0
447BC0
00E1E0
00E0E0
00E0E0
00E0E0
00E0E0
00E0E0
00E0E0
00E0E0
00E0E0
00E0E0
00E0E0
00E1E0
007BC0
007FC0
001F00
ENDCHAR
STARTCHAR 1F4D
ENCODING 8013
SWIDTH 583 0
DWIDTH 14 0
BBX 19 21 -6 0
BITMAP
020000
630000
E70000
471F00
6E7FC0
247BC0
00E1E0
00E0E0
00E0E0
00E0E0
00E0E0
00E0E0
00E0E0
00E0E0
00E0E0
00E0E0
00E0E0
00E1E0
007BC0
007FC0
001F00
ENDCHAR
STARTCHAR 1F50
ENCODING 8016
SWIDTH 583 0
DWIDTH 14 0
BBX 11 19 1 0
BITMAP
0600
0600
0600
0600
0400
0000
F1C0
F0C0
70E0
70E0
70E0
70E0
70E0
70E0
70E0
71C0
3FC0
3F80
0F00
ENDCHAR
STARTCHAR 1F51
ENCODING 8017
SWIDTH 583 0
DWIDTH 14 0
BBX 11 19 1 0
BITMAP
0600
0600
0600
0600
0200
0000
F1C0
F0C0
70E0
70E0
70E0
70E0
70E0
70E0
70E0
71C0
3FC0
3F80
0F00
ENDCHAR
STARTCHAR 1F52
ENCODING 8018
SWIDTH 583 0
DWIDTH 14 0
BBX 11 19 1 0
BITMAP
1900
1B80
1980
19C0
1080
0000
F1C0
F0C0
70E0
70E0
70E0
70E0
70E0
70E0
70E0
71C0
3FC0
3F80
0F00
ENDCHAR
STARTCHAR 1F53
ENCODING 8019
SWIDTH 583 0
DWIDTH 14 0
BBX 11 19 1 0
BITMAP
1900
1B80
1980
19C0
0880
0000
F1C0
F0C0
70E0
70E0
70E0
70E0
70E0
70E0
70E0
71C0
3FC0
3F80
0F00
ENDCHAR
STARTCHAR 1F54
ENCODING 8020
SWIDTH 583 0
DWIDTH 14 0
BBX 11 19 1 0
BITMAP
1880
19C0
1980
1B80
1100
0000
F1C0
F0C0
70E0
70E0
70E0
70E0
70E0
70E0
70E0
71C0
3FC0
3F80
0F00
ENDCHAR
STARTCHAR 1F55
ENCODING 8021
SWIDTH 583 0
DWIDTH 14 0
BBX 11 19 1 0
BITMAP
1880
19C0
1980
1B80
0900
0000
F1C0
F0C0
70E0
70E0
70E0
70E0
70E0
70E0
70E0
71C0
3FC0
3F80
0F00
ENDCHAR
STARTCHAR 1F56
ENCODING 8022
SWIDTH 583 0
DWIDTH 14 0
BBX 11 21 1 0
BITMAP
0F00
1F80
1F80
0600
0600
0600
0400
0000
F1C0
F0C0
70E0
70E0
70E0
70E0
70E0
70E0
70E0
71C0
3FC0
3F80
0F00
ENDCHAR
STARTCHAR 1F57
ENCODING 8023
SWIDTH 583 0
DWIDTH 14 0
BBX 11 21 1 0
BITMAP
0F00
1F80
1F80
0600
0600
0600
0200
0000
F1C0
F0C0
70E0
70E0
70E0
70E0
70E0
70E0
70E0
71C0
3FC0
3F80
0F00
ENDCHAR
STARTCHAR 1F59
ENCODING 8025
SWIDTH 583 0
DWIDTH 14 0
BBX 15 20 -2 1
BITMAP
C000
C000
9F3E
DF3E
071C
071C
0738
03B8
03F0
01F0
01F0
00E0
00E0
00E0
00E0
00E0
00E0
00E0
03F8
03F8
ENDCHAR
STARTCHAR 1F5B
ENCODING 8027
SWIDTH 583 0
DWIDTH 14 0
BBX 20 21 -7 0
BITMAP
040000
FC0000
EE0000
CEF9F0
67F9F0
4038E0
0038E0
0039C0
001DC0
001F80
000F80
000F80
000700
000700
000700
000700
000700
000700
000700
001FC0
001FC0
ENDCHAR
STARTCHAR 1F5D
ENCODING 8029
SWIDTH 583 0
DWIDTH 14 0
BBX 20 20 -7 1
BITMAP
E70000
E70000
CEF9F0
6CF9F0
4438E0
0038E0
0039C0
001DC0
001F80
000F80
000F80
000700
000700
000700
000700
000700
000700
000700
001FC0
001FC0
ENDCHAR
STARTCHAR 1F5F
ENCODING 8031
SWIDTH 583 0
DWIDTH 14 0
BBX 18 23 -5 0
BITMAP
3C0000
7E0000
D60000
FE0000
380000
33E7C0
1BE7C0
00E380
00E380
00E700
007700
007E00
003E00
003E00
001C00
001C00
001C00
001C00
001C00
001C00
001C00
007F00
007F00
ENDCHAR
STARTCHAR 1F60
ENCODING 8032
SWIDTH 583 0
DWIDTH 14 0
BBX 13 19 1 0
BITMAP
0700
0700
0700
0600
0600
0000
6070
7070
6070
E038
E738
E738
E738
E738
E738
E738
7FF0
7DF0
38E0
ENDCHAR
STARTCHAR 1F61
ENCODING 8033
SWIDTH 583 0
DWIDTH 14 0
BBX 13 19 1 0
BITMAP
0700
0700
0600
0600
0300
0000
6070
7070
6070
E038
E738
E738
E738
E738
E738
E738
7FF0
7DF0
38E0
ENDCHAR
STARTCHAR 1F62
ENCODING 8034
SWIDTH 583 0
DWIDTH 14 0
BBX 12 19 1 0
BITMAP
1900
1F80
1980
19C0
1880
0000
6060
7060
6060
E070
E770
E770
E770
E770
E770
E770
6F60
7DE0
38C0
ENDCHAR
STARTCHAR 1F63
ENCODING 8035
SWIDTH 583 0
DWIDTH 14 0
BBX 12 19 1 0
BITMAP
1900
1B80
1980
19C0
0880
0000
6060
7060
6060
E070
E770
E770
E770
E770
E770
E770
6F60
7DE0
38C0
ENDCHAR
STARTCHAR 1F64
ENCODING 8036
SWIDTH 583 0
DWIDTH 14 0
BBX 12 19 1 0
BITMAP
18C0
1CC0
19C0
1980
1980
0000
6060
7060
6060
E070
E770
E770
E770
E770
E770
E770
6F60
7DE0
38C0
ENDCHAR
STARTCHAR 1F65
ENCODING 8037
SWIDTH 583 0
DWIDTH 14 0
BBX 12 19 1 0
BITMAP
18C0
18C0
19C0
1980
0980
0000
6060
7060
6060
E070
E770
E770
E770
E770
E770
E770
6F60
7DE0
38C0
ENDCHAR
STARTCHAR 1F66
ENCODING 8038
SWIDTH 583 0
DWIDTH 14 0
BBX 12 21 1 0
BITMAP
0F00
1F80
1E80
1F80
0700
0200
0600
0000
6060
7060
6060
E070
E770
E770
E770
E770
E770
E770
7FE0
7DE0
38C0
ENDCHAR
STARTCHAR 1F67
ENCODING 8039
SWIDTH 583 0
DWIDTH 14 0
BBX 12 21 1 0
BITMAP
0F00
1F80
1E80
1F80
0700
0600
0300
0000
6060
7060
6060
E070
E770
E770
E770
E770
E770
E770
7FE0
7DE0
38C0
ENDCHAR
STARTCHAR 1F68
ENCODING 8040
SWIDTH 583 0
DWIDTH 14 0
BBX 13 20 -1 1
BITMAP
C000
C000
43C0
CFF0
8FF0
1C38
1C38
1C38
1C38
1C38
1C38
1C38
1C38
1C38
1C38
1C38
0E70
0660
1E78
1E78
ENDCHAR
STARTCHAR 1F69
ENCODING 8041
SWIDTH 583 0
DWIDTH 14 0
BBX 14 20 -2 1
BITMAP
6000
E000
41E0
67F8
27F8
0E1C
0E1C
0E1C
0E1C
0E1C
0E1C
0E1C
0E1C
0E1C
0E1C
0E1C
0738
0330
0F3C
0F3C
ENDCHAR
STARTCHAR 1F6A
ENCODING 8042
SWIDTH 583 0
DWIDTH 14 0
BBX 18 21 -6 0
BITMAP
040000
EC0000
EE0000
661E00
477F80
427F80
00E1C0
00E1C0
00E1C0
00E1C0
00E1C0
00E1C0
00E1C0
00E1C0
00E1C0
00E1C0
00E1C0
007380
003300
00F3C0
00F3C0
ENDCHAR
STARTCHAR 1F6B
ENCODING 8043
SWIDTH 583 0
DWIDTH 14 0
BBX 18 21 -6 0
BITMAP
040000
EC0000
EE0000
CE1E00
477F80
427F80
00E1C0
00E1C0
00E1C0
00E1C0
00E1C0
00E1C0
00E1C0
00E1C0
00E1C0
00E1C0
00E1C0
007380
003300
00F3C0
00F3C0
ENDCHAR
STARTCHAR 1F6C
ENCODING 8044
SWIDTH 583 0
DWIDTH 14 0
BBX 18 20 -6 1
BITMAP
E30000
E70000
661E00
4E7F80
447F80
00E1C0
00E1C0
00E1C0
00E1C0
00E1C0
00E1C0
00E1C0
00E1C0
00E1C0
00E1C0
00E1C0
007380
003300
00F3C0
00F3C0
ENDCHAR
STARTCHAR 1F6D
ENCODING 8045
SWIDTH 583 0
DWIDTH 14 0
BBX 18 20 -6 1
BITMAP
E30000
E70000
C61E00
4E7F80
447F80
00E1C0
00E1C0
00E1C0
00E1C0
00E1C0
00E1C0
00E1C0
00E1C0
00E1C0
00E1C0
00E1C0
007380
003300
00F3C0
00F3C0
ENDCHAR
STARTCHAR 1F6E
ENCODING 8046
SWIDTH 583 0
DWIDTH 14 0
BBX 15 23 -3 0
BITMAP
7800
FC00
EC00
B400
3000
30F0
33FC
23FC
070E
070E
070E
070E
070E
070E
070E
070E
070E
070E
070E
039C
0198
079E
079E
ENDCHAR
STARTCHAR 1F6F
ENCODING 8047
SWIDTH 583 0
DWIDTH 14 0
BBX 15 23 -3 0
BITMAP
7800
FC00
EC00
B400
3000
30F0
33FC
13FC
070E
070E
070E
070E
070E
070E
070E
070E
070E
070E
070E
039C
0198
079E
079E
ENDCHAR
STARTCHAR 1F70
ENCODING 8048
SWIDTH 583 0
DWIDTH 14 0
BBX 11 19 2 0
BITMAP
1800
3800
1C00
0E00
0400
0000
3CE0
7EE0
7FC0
E3C0
E1C0
E1C0
E1C0
E1C0
E1C0
E3C0
7FC0
7EE0
3CE0
ENDCHAR
STARTCHAR 1F71
ENCODING 8049
SWIDTH 583 0
DWIDTH 14 0
BBX 11 19 2 0
BITMAP
0300
0380
0700
0E00
0400
0000
3CE0
7EE0
7FC0
E3C0
E1C0
E1C0
E1C0
E1C0
E1C0
E3C0
7FC0
7EE0
3CE0
ENDCHAR
STARTCHAR 1F72
ENCODING 8050
SWIDTH 583 0
DWIDTH 14 0
BBX 11 19 2 0
BITMAP
1000
3800
1C00
0E00
0400
0000
3F00
7FC0
FBC0
E0E0
E000
7E00
7E00
F800
E000
E0E0
FBE0
7FC0
3F80
ENDCHAR
STARTCHAR 1F73
ENCODING 8051
SWIDTH 583 0
DWIDTH 14 0
BBX 11 19 2 0
BITMAP
0300
0780
0F00
1E00
0800
0000
3F00
7FC0
FBC0
E0E0
E000
7E00
7E00
F800
E000
E0E0
FBE0
7FC0
3F80
ENDCHAR
STARTCHAR 1F74
ENCODING 8052
SWIDTH 583 0
DWIDTH 14 0
BBX 11 24 1 -5
BITMAP
0800
1C00
0E00
0700
0200
0000
F780
FFC0
7FE0
70E0
70E0
70E0
70E0
70E0
70E0
70E0
70E0
70E0
70E0
00E0
00E0
00E0
00E0
00E0
ENDCHAR
STARTCHAR 1F75
ENCODING 8053
SWIDTH 583 0
DWIDTH 14 0
BBX 11 24 1 -5
BITMAP
0100
0380
0700
0600
0000
0000
F780
FFC0
7FE0
70E0
70E0
70E0
70E0
70E0
70E0
70E0
70E0
70E0
70E0
00E0
00E0
00E0
00E0
00E0
ENDCHAR
STARTCHAR 1F76
ENCODING 8054
SWIDTH 583 0
DWIDTH 14 0
BBX 11 19 2 0
BITMAP
1800
3C00
1E00
0E00
0000
0000
FE00
FE00
0E00
0E00
0E00
0E00
0E00
0E00
0E00
0E00
0F00
07E0
03E0
ENDCHAR
STARTCHAR 1F77
ENCODING 8055
SWIDTH 583 0
DWIDTH 14 0
BBX 11 19 2 0
BITMAP
0300
0780
0F00
0C00
0000
0000
FE00
FE00
0E00
0E00
0E00
0E00
0E00
0E00
0E00
0E00
0F00
07E0
03E0
ENDCHAR
STARTCHAR 1F78
ENCODING 8056
SWIDTH 583 0
DWIDTH 14 0
BBX 11 19 2 0
BITMAP
1000
3800
1C00
0E00
0400
0000
1F00
7FC0
7BC0
E0E0
E0E0
E0E0
E0E0
E0E0
E0E0
E0E0
7BC0
7FC0
1F00
ENDCHAR
STARTCHAR 1F79
ENCODING 8057
SWIDTH 583 0
DWIDTH 14 0
BBX 11 19 2 0
BITMAP
0300
0780
0700
0E00
0000
0000
1F00
7FC0
7BC0
E0E0
E0E0
E0E0
E0E0
E0E0
E0E0
E0E0
7BC0
7FC0
1F00
ENDCHAR
STARTCHAR 1F7A
ENCODING 8058
SWIDTH 583 0
DWIDTH 14 0
BBX 11 19 1 0
BITMAP
0800
1C00
0E00
0600
0000
0000
F1C0
F0C0
70E0
70E0
70E0
70E0
70E0
70E0
70E0
71C0
3FC0
3F80
0F00
ENDCHAR
STARTCHAR 1F7B
ENCODING 8059
SWIDTH 583 0
DWIDTH 14 0
BBX 11 19 1 0
BITMAP
0100
0380
0700
0E00
0400
0000
F1C0
F0C0
70E0
70E0
70E0
70E0
70E0
70E0
70E0
71C0
3FC0
3F80
0F00
ENDCHAR
STARTCHAR 1F7C
ENCODING 8060
SWIDTH 583 0
DWIDTH 14 0
BBX 13 19 1 0
BITMAP
0C00
1E00
0F00
0700
0000
0000
7070
7070
6070
E038
E738
E738
E738
E738
E738
E738
7FF0
7DF0
38E0
ENDCHAR
STARTCHAR 1F7D
ENCODING 8061
SWIDTH 583 0
DWIDTH 14 0
BBX 13 19 1 0
BITMAP
0180
03C0
0780
0600
0000
0000
7070
7070
6070
E038
E738
E738
E738
E738
E738
E738
7FF0
7DF0
38E0
ENDCHAR
STARTCHAR 1F80
ENCODING 8064
SWIDTH 583 0
DWIDTH 14 0
BBX 11 24 2 -4
BITMAP
0E00
0E00
0600
0C00
0400
0000
3E60
7FE0
7FE0
E1C0
E1C0
E1C0
E0C0
E1C0
E1C0
E1C0
7FE0
7FE0
3E60
0000
0000
0E00
0E00
0E00
ENDCHAR
STARTCHAR 1F81
ENCODING 8065
SWIDTH 583 0
DWIDTH 14 0
BBX 11 25 2 -5
BITMAP
0400
0E00
0E00
0C00
0600
0400
0000
3E60
7FE0
7FE0
E1C0
E1C0
E1C0
E0C0
E1C0
E1C0
E1C0
7FE0
7FE0
3E60
0000
0000
0E00
0E00
0E00
ENDCHAR
STARTCHAR 1F82
ENCODING 8066
SWIDTH 583 0
DWIDTH 14 0
BBX 11 25 2 -5
BITMAP
0100
3F00
3B80
1380
31C0
3080
0000
3E60
7F60
7FE0
E1C0
E1C0
E1C0
E0C0
E1C0
E1C0
E1E0
7FE0
7F60
3E60
0000
0000
0E00
0E00
0E00
ENDCHAR
STARTCHAR 1F83
ENCODING 8067
SWIDTH 583 0
DWIDTH 14 0
BBX 11 25 2 -5
BITMAP
0100
3F00
3B80
3380
31C0
1080
0000
3E60
7F60
7FE0
E1C0
E1C0
E1C0
E0C0
E1C0
E1C0
E1E0
7FE0
7F60
3E60
0000
0000
0E00
0E00
0E00
ENDCHAR
STARTCHAR 1F84
ENCODING 8068
SWIDTH 583 0
DWIDTH 14 0
BBX 11 24 2 -4
BITMAP
38C0
39C0
1180
3380
3100
0000
3E60
7F60
7FE0
E1C0
E1C0
E1C0
E0C0
E1C0
E1C0
E1E0
7FE0
7F60
3E60
0000
0000
0E00
0E00
0E00
ENDCHAR
STARTCHAR 1F85
ENCODING 8069
SWIDTH 583 0
DWIDTH 14 0
BBX 11 24 2 -4
BITMAP
38C0
39C0
3180
3380
1100
0000
3E60
7F60
7FE0
E1C0
E1C0
E1C0
E0C0
E1C0
E1C0
E1E0
7FE0
7F60
3E60
0000
0000
0E00
0E00
0E00
ENDCHAR
STARTCHAR 1F86
ENCODING 8070
SWIDTH 583 0
DWIDTH 14 0
BBX 11 27 2 -5
BITMAP
0E00
1F00
3580
3F80
0E00
0600
0C00
0400
0000
3CE0
7EC0
7FC0
E3C0
E1C0
E1C0
E080
E1C0
E1C0
E3C0
7FC0
7EE0
3CE0
0000
0000
0E00
0E00
0E00
ENDCHAR
STARTCHAR 1F87
ENCODING 8071
SWIDTH 583 0
DWIDTH 14 0
BBX 11 27 2 -5
BITMAP
0E00
1F00
3580
3F80
0E00
0C00
0600
0400
0000
3CE0
7EC0
7FC0
E3C0
E1C0
E1C0
E080
E1C0
E1C0
E3C0
7FC0
7EE0
3CE0
0000
0000
0E00
0E00
0E00
ENDCHAR
STARTCHAR 1F88
ENCODING 8072
SWIDTH 583 0
DWIDTH 14 0
BBX 12 26 1 -5
BITMAP
C000
C000
C000
4F00
CF80
0F80
0F80
0F80
1F80
1D80
19C0
19C0
39C0
3FC0
3FC0
30E0
30E0
7060
7060
F9F0
F9F0
0000
0000
0700
0700
0700
ENDCHAR
STARTCHAR 1F89
ENCODING 8073
SWIDTH 583 0
DWIDTH 14 0
BBX 12 26 1 -5
BITMAP
C000
C000
C000
CF00
CF80
0F80
0F80
0F80
1F80
1D80
19C0
19C0
39C0
3FC0
3FC0
30E0
30E0
7060
7060
F9F0
F9F0
0000
0000
0700
0700
0700
ENDCHAR
STARTCHAR 1F8A
ENCODING 8074
SWIDTH 583 0
DWIDTH 14 0
BBX 17 26 -4 -5
BITMAP
640000
EE0000
EE0000
677800
C77C00
427C00
007C00
007C00
00FC00
00EC00
00CE00
00CE00
01CE00
01FE00
01FE00
018700
018700
038300
038300
07CF80
07CF80
000000
000000
003800
003800
003800
ENDCHAR
STARTCHAR 1F8B
ENCODING 8075
SWIDTH 583 0
DWIDTH 14 0
BBX 16 26 -3 -5
BITMAP
C800
DC00
DC00
8EF0
C6F8
04F8
00F8
00F8
01F8
01D8
019C
019C
039C
03FC
03FC
030E
030E
0706
0706
0F9F
0F9F
0000
0000
0070
0070
0070
ENDCHAR
STARTCHAR 1F8C
ENCODING 8076
SWIDTH 583 0
DWIDTH 14 0
BBX 17 26 -4 -5
BITMAP
620000
E30000
E70000
667800
CE7C00
447C00
007C00
007C00
00FC00
00EC00
00CE00
00CE00
01CE00
01FE00
01FE00
018700
018700
038300
038300
07CF80
07CF80
000000
000000
003800
003800
003800
ENDCHAR
STARTCHAR 1F8D
ENCODING 8077
SWIDTH 583 0
DWIDTH 14 0
BBX 16 26 -3 -5
BITMAP
C400
C600
CE00
8CF0
DCF8
00F8
00F8
00F8
01F8
01D8
019C
019C
039C
03FC
03FC
030E
030E
0706
0706
0F9F
0F9F
0000
0000
0070
0070
0070
ENDCHAR
STARTCHAR 1F8E
ENCODING 8078
SWIDTH 583 0
DWIDTH 14 0
BBX 15 28 -2 -5
BITMAP
3C00
7E00
7E00
DB00
1800
09E0
19F0
01F0
01F0
01F0
03F0
03B0
0338
0338
0738
07F8
07F8
061C
061C
0E0C
0E0C
1F3E
1F3E
0000
0000
00E0
00E0
00E0
ENDCHAR
STARTCHAR 1F8F
ENCODING 8079
SWIDTH 583 0
DWIDTH 14 0
BBX 15 28 -2 -5
BITMAP
3C00
7E00
7E00
DB00
1800
19E0
19F0
01F0
01F0
01F0
03F0
03B0
0338
0338
0738
07F8
07F8
061C
061C
0E0C
0E0C
1F3E
1F3E
0000
0000
00E0
00E0
00E0
ENDCHAR
STARTCHAR 1F90
ENCODING 8080
SWIDTH 583 0
DWIDTH 14 0
BBX 11 24 1 -4
BITMAP
0600
0600
0600
0600
0400
0000
F780
FFC0
7FE0
70E0
70E0
70E0
70E0
70E0
70E0
70E0
70E0
70E0
70E0
00E0
00E0
70E0
70E0
70E0
ENDCHAR
STARTCHAR 1F91
ENCODING 8081
SWIDTH 583 0
DWIDTH 14 0
BBX 11 24 1 -4
BITMAP
0600
0600
0600
0600
0200
0000
F780
FFC0
7FE0
70E0
70E0
70E0
70E0
70E0
70E0
70E0
70E0
70E0
70E0
00E0
00E0
70E0
70E0
70E0
ENDCHAR
STARTCHAR 1F92
ENCODING 8082
SWIDTH 583 0
DWIDTH 14 0
BBX 11 24 1 -4
BITMAP
1B00
1B80
0980
19C0
1080
0000
F780
FFC0
7FE0
70E0
70E0
70E0
70E0
70E0
70E0
70E0
70E0
70E0
70E0
00E0
00E0
70E0
70E0
70E0
ENDCHAR
STARTCHAR 1F93
ENCODING 8083
SWIDTH 583 0
DWIDTH 14 0
BBX 11 24 1 -4
BITMAP
1B00
1B80
1180
19C0
0880
0000
F780
FFC0
7FE0
70E0
70E0
70E0
70E0
70E0
70E0
70E0
70E0
70E0
70E0
00E0
00E0
70E0
70E0
70E0
ENDCHAR
STARTCHAR 1F94
ENCODING 8084
SWIDTH 583 0
DWIDTH 14 0
BBX 11 25 1 -5
BITMAP
0080
18C0
19C0
0980
1B80
1100
0000
F780
FFC0
7FE0
70E0
70E0
70E0
70E0
70E0
70E0
70E0
70E0
70E0
70E0
00E0
00E0
70E0
70E0
70E0
ENDCHAR
STARTCHAR 1F95
ENCODING 8085
SWIDTH 583 0
DWIDTH 14 0
BBX 11 25 1 -5
BITMAP
0080
18C0
19C0
1180
1B80
0900
0000
F780
FFC0
7FE0
70E0
70E0
70E0
70E0
70E0
70E0
70E0
70E0
70E0
70E0
00E0
00E0
70E0
70E0
70E0
ENDCHAR
STARTCHAR 1F96
ENCODING 8086
SWIDTH 583 0
DWIDTH 14 0
BBX 11 26 1 -5
BITMAP
0F00
1F80
1680
0600
0600
0600
0400
0000
F780
FFC0
7FE0
70E0
70E0
70E0
70E0
70E0
70E0
70E0
70E0
70E0
70E0
00E0
00E0
70E0
70E0
70E0
ENDCHAR
STARTCHAR 1F97
ENCODING 8087
SWIDTH 583 0
DWIDTH 14 0
BBX 11 26 1 -5
BITMAP
0F00
1F80
1680
0600
0600
0600
0200
0000
F780
FFC0
7FE0
70E0
70E0
70E0
70E0
70E0
70E0
70E0
70E0
70E0
70E0
00E0
00E0
70E0
70E0
70E0
ENDCHAR
STARTCHAR 1F98
ENCODING 8088
SWIDTH 583 0
DWIDTH 14 0
BBX 15 26 -2 -5
BITMAP
C000
E000
C000
5F3E
DF3E
0E1C
0E1C
0E1C
0E1C
0E1C
0FFC
0FFC
0E1C
0E1C
0E1C
0E1C
0E1C
0E1C
0E1C
1F3E
1F3E
0000
0000
00E0
00E0
00E0
ENDCHAR
STARTCHAR 1F99
ENCODING 8089
SWIDTH 583 0
DWIDTH 14 0
BBX 15 26 -2 -5
BITMAP
C000
C000
C000
9F3E
DF3E
0E1C
0E1C
0E1C
0E1C
0E1C
0FFC
0FFC
0E1C
0E1C
0E1C
0E1C
0E1C
0E1C
0E1C
1F3E
1F3E
0000
0000
00E0
00E0
00E0
ENDCHAR
STARTCHAR 1F9A
ENCODING 8090
SWIDTH 583 0
DWIDTH 14 0
BBX 20 26 -7 -5
BITMAP
640000
EC0000
EE0000
66F9F0
C7F9F0
4270E0
0070E0
0070E0
0070E0
0070E0
007FE0
007FE0
0070E0
0070E0
0070E0
0070E0
0070E0
0070E0
0070E0
00F9F0
00F9F0
000000
000000
000700
000700
000700
ENDCHAR
STARTCHAR 1F9B
ENCODING 8091
SWIDTH 583 0
DWIDTH 14 0
BBX 20 26 -7 -5
BITMAP
C40000
FC0000
EE0000
C6F9F0
67F9F0
4270E0
0070E0
0070E0
0070E0
0070E0
007FE0
007FE0
0070E0
0070E0
0070E0
0070E0
0070E0
0070E0
0070E0
00F9F0
00F9F0
000000
000000
000700
000700
000700
ENDCHAR
STARTCHAR 1F9C
ENCODING 8092
SWIDTH 583 0
DWIDTH 14 0
BBX 20 26 -7 -5
BITMAP
620000
E70000
E70000
66F9F0
CEF9F0
4470E0
0070E0
0070E0
0070E0
0070E0
007FE0
007FE0
0070E0
0070E0
0070E0
0070E0
0070E0
0070E0
0070E0
00F9F0
00F9F0
000000
000000
000700
000700
000700
ENDCHAR
STARTCHAR 1F9D
ENCODING 8093
SWIDTH 583 0
DWIDTH 14 0
BBX 20 26 -7 -5
BITMAP
C20000
E70000
E70000
CEF9F0
6CF9F0
4470E0
0070E0
0070E0
0070E0
0070E0
007FE0
007FE0
0070E0
0070E0
0070E0
0070E0
0070E0
0070E0
0070E0
00F9F0
00F9F0
000000
000000
000700
000700
000700
ENDCHAR
STARTCHAR 1F9E
ENCODING 8094
SWIDTH 583 0
DWIDTH 14 0
BBX 18 28 -5 -5
BITMAP
3C0000
7E0000
7E0000
DB0000
180000
1BE7C0
1BE7C0
11C380
01C380
01C380
01C380
01C380
01FF80
01FF80
01C380
01C380
01C380
01C380
01C380
01C380
01C380
03E7C0
03E7C0
000000
000000
001C00
001C00
001C00
ENDCHAR
STARTCHAR 1F9F
ENCODING 8095
SWIDTH 583 0
DWIDTH 14 0
BBX 18 28 -5 -5
BITMAP
3C0000
7E0000
7E0000
DB0000
180000
1BE7C0
1BE7C0
09C380
01C380
01C380
01C380
01C380
01FF80
01FF80
01C380
01C380
01C380
01C380
01C380
01C380
01C380
03E7C0
03E7C0
000000
000000
001C00
001C00
001C00
ENDCHAR
STARTCHAR 1FA0
ENCODING 8096
SWIDTH 583 0
DWIDTH 14 0
BBX 13 24 1 -4
BITMAP
0700
0700
0300
0600
0000
4000
7070
7070
6030
E038
E738
E738
E738
E738
E738
E738
7FF0
7DF0
38E0
0000
0000
0700
0700
0700
ENDCHAR
STARTCHAR 1FA1
ENCODING 8097
SWIDTH 583 0
DWIDTH 14 0
BBX 13 24 1 -4
BITMAP
0700
0700
0600
0300
0000
4000
7070
7070
6030
E038
E738
E738
E738
E738
E738
E738
7FF0
7DF0
38E0
0000
0000
0700
0700
0700
ENDCHAR
STARTCHAR 1FA2
ENCODING 8098
SWIDTH 583 0
DWIDTH 14 0
BBX 12 24 1 -4
BITMAP
1F80
1980
0980
18C0
0080
4020
7060
7060
6070
E070
E770
E770
E770
E770
E770
E770
6F60
7DE0
38C0
0000
0000
0700
0700
0700
ENDCHAR
STARTCHAR 1FA3
ENCODING 8099
SWIDTH 583 0
DWIDTH 14 0
BBX 12 24 1 -4
BITMAP
1B80
1980
1980
08C0
0880
4020
7060
7060
6070
E070
E770
E770
E770
E770
E770
E770
6F60
7DE0
38C0
0000
0000
0700
0700
0700
ENDCHAR
STARTCHAR 1FA4
ENCODING 8100
SWIDTH 583 0
DWIDTH 14 0
BBX 12 25 1 -5
BITMAP
0080
1CC0
18C0
0980
1980
0000
4020
7060
7060
6070
E070
E770
E770
E770
E770
E770
E770
6F60
7DE0
38C0
0000
0000
0700
0700
0700
ENDCHAR
STARTCHAR 1FA5
ENCODING 8101
SWIDTH 583 0
DWIDTH 14 0
BBX 12 25 1 -5
BITMAP
0080
18C0
18C0
1980
0980
0800
4020
7060
7060
6070
E070
E770
E770
E770
E770
E770
E770
6F60
7DE0
38C0
0000
0000
0700
0700
0700
ENDCHAR
STARTCHAR 1FA6
ENCODING 8102
SWIDTH 583 0
DWIDTH 14 0
BBX 12 27 1 -5
BITMAP
0F00
1F80
1A80
1F80
0700
0300
0600
0000
4020
7060
7060
6060
E070
E770
E770
E770
E770
E770
E770
7FE0
7DE0
38C0
0000
0000
0700
0700
0700
ENDCHAR
STARTCHAR 1FA7
ENCODING 8103
SWIDTH 583 0
DWIDTH 14 0
BBX 12 27 1 -5
BITMAP
0F00
1F80
1A80
1F80
0700
0600
0300
0000
4020
7060
7060
6060
E070
E770
E770
E770
E770
E770
E770
7FE0
7DE0
38C0
0000
0000
0700
0700
0700
ENDCHAR
STARTCHAR 1FA8
ENCODING 8104
SWIDTH 583 0
DWIDTH 14 0
BBX 13 26 -1 -5
BITMAP
C000
C000
C000
43C0
CFF0
8FF0
1C38
1C38
1C38
1C38
1C38
1C38
1C38
1C38
1C38
1C38
1C38
0E70
0660
1E78
1E78
0000
0000
01C0
01C0
01C0
ENDCHAR
STARTCHAR 1FA9
ENCODING 8105
SWIDTH 583 0
DWIDTH 14 0
BBX 13 26 -1 -5
BITMAP
C000
C000
C000
83C0
CFF0
4FF0
1C38
1C38
1C38
1C38
1C38
1C38
1C38
1C38
1C38
1C38
1C38
0E70
0660
1E78
1E78
0000
0000
01C0
01C0
01C0
ENDCHAR
STARTCHAR 1FAA
ENCODING 8106
SWIDTH 583 0
DWIDTH 14 0
BBX 18 26 -6 -5
BITMAP
640000
FC0000
EE0000
661E00
477F80
427F80
00E1C0
00E1C0
00E1C0
00E1C0
00E1C0
00E1C0
00E1C0
00E1C0
00E1C0
00E1C0
00E1C0
007380
003300
00F3C0
00F3C0
000000
000000
000E00
000E00
000E00
ENDCHAR
STARTCHAR 1FAB
ENCODING 8107
SWIDTH 583 0
DWIDTH 14 0
BBX 18 26 -6 -5
BITMAP
C40000
FC0000
EE0000
C61E00
477F80
427F80
00E1C0
00E1C0
00E1C0
00E1C0
00E1C0
00E1C0
00E1C0
00E1C0
00E1C0
00E1C0
00E1C0
007380
003300
00F3C0
00F3C0
000000
000000
000E00
000E00
000E00
ENDCHAR
STARTCHAR 1FAC
ENCODING 8108
SWIDTH 583 0
DWIDTH 14 0
BBX 18 26 -6 -5
BITMAP
620000
E70000
E70000
661E00
4E7F80
447F80
00E1C0
00E1C0
00E1C0
00E1C0
00E1C0
00E1C0
00E1C0
00E1C0
00E1C0
00E1C0
00E1C0
007380
003300
00F3C0
00F3C0
000000
000000
000E00
000E00
000E00
ENDCHAR
STARTCHAR 1FAD
ENCODING 8109
SWIDTH 583 0
DWIDTH 14 0
BBX 18 26 -6 -5
BITMAP
C20000
E70000
E70000
CE1E00
4E7F80
447F80
00E1C0
00E1C0
00E1C0
00E1C0
00E1C0
00E1C0
00E1C0
00E1C0
00E1C0
00E1C0
00E1C0
007380
003300
00F3C0
00F3C0
000000
000000
000E00
000E00
000E00
ENDCHAR
STARTCHAR 1FAE
ENCODING 8110
SWIDTH 583 0
DWIDTH 14 0
BBX 15 28 -3 -5
BITMAP
7800
FC00
FC00
B600
3000
30F0
33FC
23FC
070E
070E
070E
070E
070E
070E
070E
070E
070E
070E
070E
039C
0198
079E
079E
0000
0000
0070
0070
0070
ENDCHAR
STARTCHAR 1FAF
ENCODING 8111
SWIDTH 583 0
DWIDTH 14 0
BBX 15 28 -3 -5
BITMAP
7800
FC00
FC00
B600
3000
30F0
33FC
13FC
070E
070E
070E
070E
070E
070E
070E
070E
070E
070E
070E
039C
0198
079E
079E
0000
0000
0070
0070
0070
ENDCHAR
STARTCHAR 1FB0
ENCODING 8112
SWIDTH 583 0
DWIDTH 14 0
BBX 11 18 2 0
BITMAP
71C0
7FC0
3F80
0000
0000
3CE0
7EE0
7FC0
E3C0
E1C0
E1C0
E1C0
E1C0
E1C0
E3C0
7FC0
7EE0
3CE0
ENDCHAR
STARTCHAR 1FB1
ENCODING 8113
SWIDTH 583 0
DWIDTH 14 0
BBX 11 18 2 0
BITMAP
3FC0
3FC0
0000
0000
0000
3E60
7F60
7FE0
E1E0
E1C0
E1C0
E0C0
E1C0
E1C0
E1E0
7FE0
7F60
3E60
ENDCHAR
STARTCHAR 1FB2
ENCODING 8114
SWIDTH 583 0
DWIDTH 14 0
BBX 11 24 2 -5
BITMAP
1000
3C00
1E00
0F00
0200
0000
3E60
7F60
7FE0
E1C0
E1C0
E1C0
E0C0
E1C0
E1C0
E1E0
7FE0
7F60
3E60
0000
0000
0E00
0E00
0E00
ENDCHAR
STARTCHAR 1FB3
ENCODING 8115
SWIDTH 583 0
DWIDTH 14 0
BBX 11 18 2 -5
BITMAP
3E60
7F60
7FE0
E1C0
E1C0
E1C0
E0C0
E1C0
E1C0
E1E0
7FE0
7F60
3E60
0000
0000
0E00
0E00
0E00
ENDCHAR
STARTCHAR 1FB4
ENCODING 8116
SWIDTH 583 0
DWIDTH 14 0
BBX 11 24 2 -5
BITMAP
0100
0380
0700
0E00
0400
0000
3E60
7F60
7FE0
E1C0
E1C0
E1C0
E0C0
E1C0
E1C0
E1E0
7FE0
7F60
3E60
0000
0000
0E00
0E00
0E00
ENDCHAR
STARTCHAR 1FB6
ENCODING 8118
SWIDTH 583 0
DWIDTH 14 0
BBX 11 18 2 0
BITMAP
1F00
3F80
7BC0
60C0
0000
3CE0
7EE0
7FC0
E3C0
E1C0
E1C0
E1C0
E1C0
E1C0
E3C0
7FC0
7EE0
3CE0
ENDCHAR
STARTCHAR 1FB7
ENCODING 8119
SWIDTH 583 0
DWIDTH 14 0
BBX 11 23 2 -5
BITMAP
1F00
3F80
7FC0
60C0
0000
3E60
7FE0
7FC0
E1C0
E1C0
E1C0
E0C0
E1C0
E1C0
E1C0
7FC0
7FE0
3E60
0000
0000
0E00
0E00
0E00
ENDCHAR
STARTCHAR 1FB8
ENCODING 8120
SWIDTH 583 0
DWIDTH 14 0
BBX 12 24 1 0
BITMAP
30C0
3FC0
3FC0
1F00
0000
0000
0F00
0F00
0F00
0F00
0F00
1F80
1F80
1980
1980
39C0
3FC0
3FC0
38C0
70C0
70E0
70E0
F9F0
F9F0
ENDCHAR
STARTCHAR 1FB9
ENCODING 8121
SWIDTH 583 0
DWIDTH 14 0
BBX 12 23 1 0
BITMAP
3FC0
3FC0
0000
0000
0000
0F00
0F00
0F00
0F00
1F00
1F80
1F80
1980
1980
39C0
3FC0
3FC0
30C0
70E0
70E0
70E0
F9F0
F9F0
ENDCHAR
STARTCHAR 1FBA
ENCODING 8122
SWIDTH 583 0
DWIDTH 14 0
BBX 13 20 0 1
BITMAP
C000
E000
6780
7780
2780
0780
0780
0FC0
0FC0
0CC0
0CC0
1CE0
1FE0
1FE0
1C60
3860
3870
3870
7CF8
7CF8
ENDCHAR
STARTCHAR 1FBB
ENCODING 8123
SWIDTH 583 0
DWIDTH 14 0
BBX 13 20 0 1
BITMAP
3000
7000
6780
E780
4780
0780
0780
0FC0
0FC0
0CC0
0CC0
1CE0
1FE0
1FE0
1C60
3860
3870
3870
7CF8
7CF8
ENDCHAR
STARTCHAR 1FBC
ENCODING 8124
SWIDTH 583 0
DWIDTH 14 0
BBX 12 23 1 -5
BITMAP
0F00
0F80
0F80
0F80
0F80
1F80
1D80
19C0
19C0
39C0
3FC0
3FC0
30E0
30E0
7060
7060
F9F0
F9F0
0000
0000
0700
0700
0700
ENDCHAR
STARTCHAR 1FBD
ENCODING 8125
SWIDTH 583 0
DWIDTH 14 0
BBX 3 5 6 14
BITMAP
60
E0
60
60
40
ENDCHAR
STARTCHAR 1FBE
ENCODING 8126
SWIDTH 583 0
DWIDTH 14 0
BBX 3 3 6 -5
BITMAP
E0
E0
E0
ENDCHAR
STARTCHAR 1FBF
ENCODING 8127
SWIDTH 583 0
DWIDTH 14 0
BBX 3 5 6 14
BITMAP
60
E0
60
60
40
ENDCHAR
STARTCHAR 1FC0
ENCODING 8128
SWIDTH 583 0
DWIDTH 14 0
BBX 9 4 3 14
BITMAP
7F00
FF80
E380
C180
ENDCHAR
STARTCHAR 1FC1
ENCODING 8129
SWIDTH 583 0
DWIDTH 14 0
BBX 9 9 3 15
BITMAP
3E00
7F00
F780
E380
0000
6300
F780
F780
6300
ENDCHAR
STARTCHAR 1FC2
ENCODING 8130
SWIDTH 583 0
DWIDTH 14 0
BBX 11 24 1 -5
BITMAP
0800
1C00
0E00
0700
0200
0000
F780
FFC0
7FE0
70E0
70E0
70E0
70E0
70E0
70E0
70E0
70E0
70E0
70E0
00E0
00E0
70E0
70E0
70E0
ENDCHAR
STARTCHAR 1FC3
ENCODING 8131
SWIDTH 583 0
DWIDTH 14 0
BBX 11 18 1 -5
BITMAP
F780
FFC0
7FE0
70E0
70E0
70E0
70E0
70E0
70E0
70E0
70E0
70E0
70E0
00E0
00E0
70E0
70E0
70E0
ENDCHAR
STARTCHAR 1FC4
ENCODING 8132
SWIDTH 583 0
DWIDTH 14 0
BBX 11 24 1 -5
BITMAP
0100
0380
0700
0E00
0400
0000
F780
FFC0
7FE0
70E0
70E0
70E0
70E0
70E0
70E0
70E0
70E0
70E0
70E0
00E0
00E0
70E0
70E0
70E0
ENDCHAR
STARTCHAR 1FC6
ENCODING 8134
SWIDTH 583 0
DWIDTH 14 0
BBX 11 23 1 -5
BITMAP
0F80
3FC0
3FC0
30C0
0000
F780
FFC0
7FE0
70E0
70E0
70E0
70E0
70E0
70E0
70E0
70E0
70E0
70E0
00E0
00E0
00E0
00E0
00E0
ENDCHAR
STARTCHAR 1FC7
ENCODING 8135
SWIDTH 583 0
DWIDTH 14 0
BBX 11 23 1 -5
BITMAP
1F80
3FC0
3FC0
30C0
0000
F780
FFC0
7FE0
70E0
70E0
70E0
70E0
70E0
70E0
70E0
70E0
70E0
70E0
00E0
00E0
70E0
70E0
70E0
ENDCHAR
STARTCHAR 1FC8
ENCODING 8136
SWIDTH 583 0
DWIDTH 14 0
BBX 15 20 -3 1
BITMAP
C000
E000
EFFE
7FFE
070E
070E
0700
0700
0700
0700
07F0
07F0
0700
0700
0700
0700
070E
070E
0FFE
0FFE
ENDCHAR
STARTCHAR 1FC9
ENCODING 8137
SWIDTH 583 0
DWIDTH 14 0
BBX 15 20 -3 1
BITMAP
7000
7000
EFFE
CFFE
470E
070E
0700
0700
0700
0700
07F0
07F0
0700
0700
0700
0700
070E
070E
0FFE
0FFE
ENDCHAR
STARTCHAR 1FCA
ENCODING 8138
SWIDTH 583 0
DWIDTH 14 0
BBX 16 20 -3 1
BITMAP
C000
E000
6F9F
7F9F
270E
070E
070E
070E
070E
070E
07FE
07FE
070E
070E
070E
070E
070E
070E
0F9F
0F9F
ENDCHAR
STARTCHAR 1FCB
ENCODING 8139
SWIDTH 583 0
DWIDTH 14 0
BBX 16 20 -3 1
BITMAP
3000
7000
6F9F
EF9F
470E
070E
070E
070E
070E
070E
07FE
07FE
070E
070E
070E
070E
070E
070E
0F9F
0F9F
ENDCHAR
STARTCHAR 1FCC
ENCODING 8140
SWIDTH 583 0
DWIDTH 14 0
BBX 12 23 1 -5
BITMAP
F9F0
F9F0
70E0
70E0
70E0
70E0
70E0
7FE0
7FE0
70E0
70E0
70E0
70E0
70E0
70E0
70E0
F9F0
F9F0
0000
0000
0700
0700
0700
ENDCHAR
STARTCHAR 1FCD
ENCODING 8141
SWIDTH 583 0
DWIDTH 14 0
BBX 8 5 3 14
BITMAP
64
EE
6E
67
42
ENDCHAR
STARTCHAR 1FCE
ENCODING 8142
SWIDTH 583 0
DWIDTH 14 0
BBX 8 5 3 14
BITMAP
62
E7
67
6E
4C
ENDCHAR
STARTCHAR 1FCF
ENCODING 8143
SWIDTH 583 0
DWIDTH 14 0
BBX 7 7 4 14
BITMAP
38
7C
D6
FE
18
18
10
ENDCHAR
STARTCHAR 1FD0
ENCODING 8144
SWIDTH 583 0
DWIDTH 14 0
BBX 11 18 2 0
BITMAP
71C0
7FC0
3F80
0000
0000
FE00
FE00
0E00
0E00
0E00
0E00
0E00
0E00
0E00
0E00
0F00
07E0
03E0
ENDCHAR
STARTCHAR 1FD1
ENCODING 8145
SWIDTH 583 0
DWIDTH 14 0
BBX 10 18 2 0
BITMAP
7F80
7F80
0000
0000
0000
FE00
FE00
0E00
0E00
0E00
0E00
0E00
0E00
0E00
0E00
0F00
07C0
03C0
ENDCHAR
STARTCHAR 1FD2
ENCODING 8146
SWIDTH 583 0
DWIDTH 14 0
BBX 10 19 2 0
BITMAP
1800
1C00
EDC0
EFC0
0400
0000
FC00
FC00
1C00
1C00
1C00
1C00
1C00
1C00
1C00
1C00
1E00
0FC0
07C0
ENDCHAR
STARTCHAR 1FD3
ENCODING 8147
SWIDTH 583 0
DWIDTH 14 0
BBX 10 19 2 0
BITMAP
0C00
0E00
FDC0
FDC0
0800
0000
FC00
FC00
1C00
1C00
1C00
1C00
1C00
1C00
1C00
1C00
1E00
0FC0
07C0
ENDCHAR
STARTCHAR 1FD6
ENCODING 8150
SWIDTH 583 0
DWIDTH 14 0
BBX 11 18 2 0
BITMAP
1F00
7F80
7BC0
60C0
0000
FE00
FE00
0E00
0E00
0E00
0E00
0E00
0E00
0E00
0E00
0F00
07E0
03E0
ENDCHAR
STARTCHAR 1FD7
ENCODING 8151
SWIDTH 583 0
DWIDTH 14 0
BBX 11 23 2 0
BITMAP
3F80
7FC0
71C0
0000
0000
3180
7BC0
7BC0
3180
0000
FE00
FE00
0E00
0E00
0E00
0E00
0E00
0E00
0E00
0E00
0F00
07E0
03E0
ENDCHAR
STARTCHAR 1FD8
ENCODING 8152
SWIDTH 583 0
DWIDTH 14 0
BBX 10 24 2 0
BITMAP
E1C0
F780
7F80
3F00
0000
0000
FFC0
FFC0
1C00
1C00
1C00
1C00
1C00
1C00
1C00
1C00
1C00
1C00
1C00
1C00
1C00
1C00
FFC0
FFC0
ENDCHAR
STARTCHAR 1FD9
ENCODING 8153
SWIDTH 583 0
DWIDTH 14 0
BBX 10 23 2 0
BITMAP
7F80
7F80
0000
0000
0000
FFC0
FFC0
1C00
1C00
1C00
1C00
1C00
1C00
1C00
1C00
1C00
1C00
1C00
1C00
1C00
1C00
FFC0
FFC0
ENDCHAR
STARTCHAR 1FDA
ENCODING 8154
SWIDTH 583 0
DWIDTH 14 0
BBX 15 20 -3 1
BITMAP
E000
6000
77FE
37FE
00E0
00E0
00E0
00E0
00E0
00E0
00E0
00E0
00E0
00E0
00E0
00E0
00E0
00E0
07FE
07FE
ENDCHAR
STARTCHAR 1FDB
ENCODING 8155
SWIDTH 583 0
DWIDTH 14 0
BBX 14 20 -2 1
BITMAP
7000
7000
EFFC
CFFC
41C0
01C0
01C0
01C0
01C0
01C0
01C0
01C0
01C0
01C0
01C0
01C0
01C0
01C0
0FFC
0FFC
ENDCHAR
STARTCHAR 1FDD
ENCODING 8157
SWIDTH 583 0
DWIDTH 14 0
BBX 7 5 4 14
BITMAP
CC
FC
CE
C6
46
ENDCHAR
STARTCHAR 1FDE
ENCODING 8158
SWIDTH 583 0
DWIDTH 14 0
BBX 8 5 4 14
BITMAP
C2
E7
C6
CE
4C
ENDCHAR
STARTCHAR 1FDF
ENCODING 8159
SWIDTH 583 0
DWIDTH 14 0
BBX 7 7 4 14
BITMAP
38
7C
D6
FE
30
30
18
ENDCHAR
STARTCHAR 1FE0
ENCODING 8160
SWIDTH 583 0
DWIDTH 14 0
BBX 11 18 1 0
BITMAP
3BC0
3FC0
1F80
0000
0000
F1C0
F0C0
70E0
70E0
70E0
70E0
70E0
70E0
70E0
71C0
3FC0
3F80
0F00
ENDCHAR
STARTCHAR 1FE1
ENCODING 8161
SWIDTH 583 0
DWIDTH 14 0
BBX 11 18 1 0
BITMAP
3FC0
3FC0
0000
0000
0000
F1C0
F0E0
70E0
70E0
70E0
70E0
70E0
70E0
70E0
71C0
3FC0
3F80
0F00
ENDCHAR
STARTCHAR 1FE2
ENCODING 8162
SWIDTH 583 0
DWIDTH 14 0
BBX 11 19 1 0
BITMAP
0400
0E00
76E0
73E0
0200
0000
F1E0
F0E0
70E0
70E0
70E0
70E0
70E0
70E0
70E0
71C0
3FC0
3F80
0F00
ENDCHAR
STARTCHAR 1FE3
ENCODING 8163
SWIDTH 583 0
DWIDTH 14 0
BBX 11 19 1 0
BITMAP
0200
0700
76E0
7EE0
0400
0000
F1E0
F0E0
70E0
70E0
70E0
70E0
70E0
70E0
70E0
71C0
3FC0
3F80
0F00
ENDCHAR
STARTCHAR 1FE4
ENCODING 8164
SWIDTH 583 0
DWIDTH 14 0
BBX 10 24 2 -4
BITMAP
0C00
0C00
0C00
0C00
0800
0000
1E00
7F80
7F80
E1C0
E1C0
E1C0
E1C0
E1C0
E1C0
E1C0
FFC0
FF80
EF00
E000
E000
E000
E000
E000
ENDCHAR
STARTCHAR 1FE5
ENCODING 8165
SWIDTH 583 0
DWIDTH 14 0
BBX 10 24 2 -4
BITMAP
0C00
0C00
0800
0C00
0400
0000
1E00
7F80
7F80
E1C0
E1C0
E1C0
E1C0
E1C0
E1C0
E1C0
FFC0
FF80
EF00
E000
E000
E000
E000
E000
ENDCHAR
STARTCHAR 1FE6
ENCODING 8166
SWIDTH 583 0
DWIDTH 14 0
BBX 11 18 1 0
BITMAP
1F00
3FC0
3BC0
30C0
0000
F1C0
F0C0
70E0
70E0
70E0
70E0
70E0
70E0
70E0
71C0
3FC0
3F80
0F00
ENDCHAR
STARTCHAR 1FE7
ENCODING 8167
SWIDTH 583 0
DWIDTH 14 0
BBX 11 23 1 0
BITMAP
3FC0
7FE0
71E0
0000
0000
30C0
79E0
79E0
30C0
0000
F1E0
F0E0
70E0
70E0
70E0
70E0
70E0
70E0
70E0
71C0
3FC0
3F80
0F00
ENDCHAR
STARTCHAR 1FE8
ENCODING 8168
SWIDTH 583 0
DWIDTH 14 0
BBX 12 24 1 0
BITMAP
3060
3DE0
3FC0
0F80
0000
0000
F9F0
F9F0
38E0
38E0
39C0
1DC0
1F80
0F80
0F80
0700
0700
0700
0700
0700
0700
0700
1FC0
1FC0
ENDCHAR
STARTCHAR 1FE9
ENCODING 8169
SWIDTH 583 0
DWIDTH 14 0
BBX 12 23 1 0
BITMAP
3FC0
3FC0
0000
0000
0000
F9F0
F9F0
78E0
38C0
39C0
1DC0
1F80
0F80
0F80
0700
0700
0700
0700
0700
0700
0700
1FC0
1FC0
ENDCHAR
STARTCHAR 1FEA
ENCODING 8170
SWIDTH 583 0
DWIDTH 14 0
BBX 16 20 -3 1
BITMAP
C000
E000
EF9F
7F9F
038E
038E
039C
01DC
01F8
00F8
00F8
0070
0070
0070
0070
0070
0070
0070
01FC
01FC
ENDCHAR
STARTCHAR 1FEB
ENCODING 8171
SWIDTH 583 0
DWIDTH 14 0
BBX 16 20 -3 1
BITMAP
7000
7000
EF9F
CF9F
438E
038E
039C
01DC
01F8
00F8
00F8
0070
0070
0070
0070
0070
0070
0070
01FC
01FC
ENDCHAR
STARTCHAR 1FEC
ENCODING 8172
SWIDTH 583 0
DWIDTH 14 0
BBX 15 20 -2 1
BITMAP
E000
E000
CFF0
6FFC
473C
070E
070E
070E
070E
070E
073C
07FC
07F8
0700
0700
0700
0700
0700
0FC0
0FC0
ENDCHAR
STARTCHAR 1FED
ENCODING 8173
SWIDTH 583 0
DWIDTH 14 0
BBX 10 5 2 14
BITMAP
0800
1C00
EDC0
EFC0
0400
ENDCHAR
STARTCHAR 1FEE
ENCODING 8174
SWIDTH 583 0
DWIDTH 14 0
BBX 10 5 2 14
BITMAP
0400
0E00
EDC0
FDC0
0800
ENDCHAR
STARTCHAR 1FEF
ENCODING 8175
SWIDTH 583 0
DWIDTH 14 0
BBX 5 5 4 14
BITMAP
40
E0
70
38
10
ENDCHAR
STARTCHAR 1FF2
ENCODING 8178
SWIDTH 583 0
DWIDTH 14 0
BBX 13 24 1 -4
BITMAP
0C00
0E00
0700
0300
0000
4000
7070
7070
E030
E038
E738
E738
E738
E738
E738
E738
7FF0
7DF0
38E0
0000
0000
0700
0700
0700
ENDCHAR
STARTCHAR 1FF3
ENCODING 8179
SWIDTH 583 0
DWIDTH 14 0
BBX 13 19 1 -5
BITMAP
4000
7070
7070
E030
E038
E738
E738
E738
E738
E738
E738
7FF0
7DF0
38E0
0000
0000
0700
0700
0700
ENDCHAR
STARTCHAR 1FF4
ENCODING 8180
SWIDTH 583 0
DWIDTH 14 0
BBX 13 24 1 -4
BITMAP
0180
0380
0700
0600
0000
4000
7070
7070
E030
E038
E738
E738
E738
E738
E738
E738
7FF0
7DF0
38E0
0000
0000
0700
0700
0700
ENDCHAR
STARTCHAR 1FF6
ENCODING 8182
SWIDTH 583 0
DWIDTH 14 0
BBX 12 18 1 0
BITMAP
0F00
3FC0
3DC0
30C0
0000
4020
7060
6060
E070
E070
E770
E770
E770
E770
E770
7FF0
7DE0
38C0
ENDCHAR
STARTCHAR 1FF7
ENCODING 8183
SWIDTH 583 0
DWIDTH 14 0
BBX 12 23 1 -5
BITMAP
0F00
3FC0
3DC0
30C0
0000
4020
7060
6060
E070
E070
E770
E770
E770
E770
E770
7FF0
7DE0
38C0
0000
0000
0700
0700
0700
ENDCHAR
STARTCHAR 1FF8
ENCODING 8184
SWIDTH 583 0
DWIDTH 14 0
BBX 15 20 -2 0
BITMAP
C000
E000
61F0
77FC
27BC
0E1E
0E0E
0E0E
0E0E
0E0E
0E0E
0E0E
0E0E
0E0E
0E0E
0E0E
0E1E
07BC
07FC
01F0
ENDCHAR
STARTCHAR 1FF9
ENCODING 8185
SWIDTH 583 0
DWIDTH 14 0
BBX 15 20 -2 0
BITMAP
3000
7000
71F0
E7FC
47BC
0E1E
0E0E
0E0E
0E0E
0E0E
0E0E
0E0E
0E0E
0E0E
0E0E
0E0E
0E1E
07BC
07FC
01F0
ENDCHAR
STARTCHAR 1FFA
ENCODING 8186
SWIDTH 583 0
DWIDTH 14 0
BBX 14 20 -2 0
BITMAP
C000
E000
E1E0
77F8
27F8
0E1C
0E1C
0E1C
0E1C
0E1C
0E1C
0E1C
0E1C
0E1C
0E1C
0E1C
0738
0330
0F3C
0F3C
ENDCHAR
STARTCHAR 1FFB
ENCODING 8187
SWIDTH 583 0
DWIDTH 14 0
BBX 14 20 -2 0
BITMAP
3000
7000
61E0
E7F8
47F8
0E1C
0E1C
0E1C
0E1C
0E1C
0E1C
0E1C
0E1C
0E1C
0E1C
0E1C
0738
0330
0F3C
0F3C
ENDCHAR
STARTCHAR 1FFC
ENCODING 8188
SWIDTH 583 0
DWIDTH 14 0
BBX 10 23 2 -5
BITMAP
1E00
7F80
7F80
E1C0
E1C0
E1C0
E1C0
E1C0
E1C0
E1C0
E1C0
E1C0
E1C0
E1C0
7380
3300
F3C0
F3C0
0000
0000
0E00
0E00
0E00
ENDCHAR
STARTCHAR 1FFD
ENCODING 8189
SWIDTH 583 0
DWIDTH 14 0
BBX 5 5 5 14
BITMAP
10
38
78
E0
40
ENDCHAR
STARTCHAR 1FFE
ENCODING 8190
SWIDTH 583 0
DWIDTH 14 0
BBX 3 5 6 14
BITMAP
C0
E0
C0
C0
40
ENDCHAR
STARTCHAR 2000
ENCODING 8192
SWIDTH 583 0
DWIDTH 14 0
BBX 0 0 0 0
BITMAP
ENDCHAR
STARTCHAR 2001
ENCODING 8193
SWIDTH 583 0
DWIDTH 14 0
BBX 0 0 0 0
BITMAP
ENDCHAR
STARTCHAR 2002
ENCODING 8194
SWIDTH 583 0
DWIDTH 14 0
BBX 0 0 0 0
BITMAP
ENDCHAR
STARTCHAR 2003
ENCODING 8195
SWIDTH 583 0
DWIDTH 14 0
BBX 0 0 0 0
BITMAP
ENDCHAR
STARTCHAR 2004
ENCODING 8196
SWIDTH 583 0
DWIDTH 14 0
BBX 0 0 0 0
BITMAP
ENDCHAR
STARTCHAR 2005
ENCODING 8197
SWIDTH 583 0
DWIDTH 14 0
BBX 0 0 0 0
BITMAP
ENDCHAR
STARTCHAR 2006
ENCODING 8198
SWIDTH 583 0
DWIDTH 14 0
BBX 0 0 0 0
BITMAP
ENDCHAR
STARTCHAR 2007
ENCODING 8199
SWIDTH 583 0
DWIDTH 14 0
BBX 0 0 0 0
BITMAP
ENDCHAR
STARTCHAR 2008
ENCODING 8200
SWIDTH 583 0
DWIDTH 14 0
BBX 0 0 0 0
BITMAP
ENDCHAR
STARTCHAR 2009
ENCODING 8201
SWIDTH 583 0
DWIDTH 14 0
BBX 0 0 0 0
BITMAP
ENDCHAR
STARTCHAR 200A
ENCODING 8202
SWIDTH 583 0
DWIDTH 14 0
BBX 0 0 0 0
BITMAP
ENDCHAR
STARTCHAR 200B
ENCODING 8203
SWIDTH 0 0
DWIDTH 0 0
BBX 0 0 0 0
BITMAP
ENDCHAR
STARTCHAR 200C
ENCODING 8204
SWIDTH 0 0
DWIDTH 0 0
BBX 8 31 -4 -4
BITMAP
18
3C
66
C3
C3
66
3C
18
18
18
18
18
18
18
18
18
18
18
18
18
18
18
18
18
18
18
18
18
18
18
18
ENDCHAR
STARTCHAR 200D
ENCODING 8205
SWIDTH 0 0
DWIDTH 0 0
BBX 8 31 -4 -5
BITMAP
81
C3
66
3C
18
3C
66
C3
18
18
18
18
18
18
18
18
18
18
18
18
18
18
18
18
18
18
18
18
18
18
18
ENDCHAR
STARTCHAR 2010
ENCODING 8208
SWIDTH 583 0
DWIDTH 14 0
BBX 10 2 2 7
BITMAP
FFC0
FFC0
ENDCHAR
STARTCHAR 2011
ENCODING 8209
SWIDTH 583 0
DWIDTH 14 0
BBX 10 2 2 7
BITMAP
FFC0
FFC0
ENDCHAR
STARTCHAR 2012
ENCODING 8210
SWIDTH 583 0
DWIDTH 14 0
BBX 10 2 2 7
BITMAP
FFC0
FFC0
ENDCHAR
STARTCHAR 2013
ENCODING 8211
SWIDTH 583 0
DWIDTH 14 0
BBX 12 2 1 7
BITMAP
FFF0
FFF0
ENDCHAR
STARTCHAR 2014
ENCODING 8212
SWIDTH 583 0
DWIDTH 14 0
BBX 14 2 0 7
BITMAP
FFFC
FFFC
ENDCHAR
STARTCHAR 2015
ENCODING 8213
SWIDTH 583 0
DWIDTH 14 0
BBX 14 2 0 7
BITMAP
FFFC
FFFC
ENDCHAR
STARTCHAR 2016
ENCODING 8214
SWIDTH 583 0
DWIDTH 14 0
BBX 7 24 4 -4
BITMAP
EE
EE
EE
EE
EE
EE
EE
EE
EE
EE
EE
EE
EE
EE
EE
EE
EE
EE
EE
EE
EE
EE
EE
EE
ENDCHAR
STARTCHAR 2017
ENCODING 8215
SWIDTH 583 0
DWIDTH 14 0
BBX 10 5 2 -6
BITMAP
FFC0
FFC0
0000
FFC0
FFC0
ENDCHAR
STARTCHAR 2018
ENCODING 8216
SWIDTH 583 0
DWIDTH 14 0
BBX 4 8 5 12
BITMAP
30
60
C0
C0
F0
F0
F0
F0
ENDCHAR
STARTCHAR 2019
ENCODING 8217
SWIDTH 583 0
DWIDTH 14 0
BBX 4 8 5 10
BITMAP
F0
F0
F0
F0
30
30
60
C0
ENDCHAR
STARTCHAR 201A
ENCODING 8218
SWIDTH 583 0
DWIDTH 14 0
BBX 4 8 5 -5
BITMAP
F0
F0
F0
F0
30
30
60
C0
ENDCHAR
STARTCHAR 201B
ENCODING 8219
SWIDTH 583 0
DWIDTH 14 0
BBX 4 8 5 10
BITMAP
F0
F0
F0
F0
C0
C0
60
30
ENDCHAR
STARTCHAR 201C
ENCODING 8220
SWIDTH 583 0
DWIDTH 14 0
BBX 10 8 2 12
BITMAP
30C0
6180
C300
C300
F3C0
F3C0
F3C0
F3C0
ENDCHAR
STARTCHAR 201D
ENCODING 8221
SWIDTH 583 0
DWIDTH 14 0
BBX 10 8 2 10
BITMAP
F3C0
F3C0
F3C0
F3C0
30C0
30C0
6180
C300
ENDCHAR
STARTCHAR 201E
ENCODING 8222
SWIDTH 583 0
DWIDTH 14 0
BBX 10 8 2 -5
BITMAP
F3C0
F3C0
F3C0
F3C0
30C0
30C0
6180
C300
ENDCHAR
STARTCHAR 201F
ENCODING 8223
SWIDTH 583 0
DWIDTH 14 0
BBX 10 8 2 10
BITMAP
F3C0
F3C0
F3C0
F3C0
C300
C300
6180
30C0
ENDCHAR
STARTCHAR 2020
ENCODING 8224
SWIDTH 583 0
DWIDTH 14 0
BBX 10 24 2 -4
BITMAP
0E00
0E00
0E00
0E00
0E00
0E00
0E00
FFC0
FFC0
0E00
0E00
0E00
0E00
0E00
0E00
0E00
0E00
0E00
0E00
0E00
0E00
0E00
0E00
0E00
ENDCHAR
STARTCHAR 2021
ENCODING 8225
SWIDTH 583 0
DWIDTH 14 0
BBX 10 24 2 -4
BITMAP
0E00
0E00
0E00
0E00
0E00
0E00
0E00
FFC0
FFC0
0E00
0E00
0E00
0E00
0E00
0E00
FFC0
FFC0
0E00
0E00
0E00
0E00
0E00
0E00
0E00
ENDCHAR
STARTCHAR 2022
ENCODING 8226
SWIDTH 583 0
DWIDTH 14 0
BBX 9 9 3 4
BITMAP
3E00
7F00
FF80
FF80
FF80
FF80
FF80
7F00
3E00
ENDCHAR
STARTCHAR 2023
ENCODING 8227
SWIDTH 583 0
DWIDTH 14 0
BBX 9 11 3 3
BITMAP
8000
C000
F000
FC00
FF00
FF80
FF00
FC00
F800
E000
8000
ENDCHAR
STARTCHAR 2024
ENCODING 8228
SWIDTH 583 0
DWIDTH 14 0
BBX 3 3 6 0
BITMAP
E0
E0
E0
ENDCHAR
STARTCHAR 2025
ENCODING 8229
SWIDTH 583 0
DWIDTH 14 0
BBX 10 3 2 0
BITMAP
E1C0
E1C0
E1C0
ENDCHAR
STARTCHAR 2026
ENCODING 8230
SWIDTH 583 0
DWIDTH 14 0
BBX 13 2 1 0
BITMAP
E738
E738
ENDCHAR
STARTCHAR 2027
ENCODING 8231
SWIDTH 583 0
DWIDTH 14 0
BBX 4 4 5 6
BITMAP
F0
F0
F0
F0
ENDCHAR
STARTCHAR 2028
ENCODING 8232
SWIDTH 0 0
DWIDTH 0 0
BBX 0 0 0 0
BITMAP
ENDCHAR
STARTCHAR 2029
ENCODING 8233
SWIDTH 0 0
DWIDTH 0 0
BBX 0 0 0 0
BITMAP
ENDCHAR
STARTCHAR 202F
ENCODING 8239
SWIDTH 583 0
DWIDTH 14 0
BBX 0 0 0 0
BITMAP
ENDCHAR
STARTCHAR 2030
ENCODING 8240
SWIDTH 583 0
DWIDTH 14 0
BBX 13 18 1 0
BITMAP
7800
FC00
FC00
CC00
CC00
FC00
7C38
03F8
7FE0
F800
78F0
FDF8
FDF8
CD98
CD98
FDF8
FDF8
78F0
ENDCHAR
STARTCHAR 2031
ENCODING 8241
SWIDTH 583 0
DWIDTH 14 0
BBX 13 18 1 0
BITMAP
7800
FC00
FC00
CC00
CC00
FC00
7C30
07F8
7FC0
F800
6630
FF78
FF78
FF78
FF78
FF78
FF78
6630
ENDCHAR
STARTCHAR 2032
ENCODING 8242
SWIDTH 583 0
DWIDTH 14 0
BBX 6 8 4 11
BITMAP
1C
3C
38
38
78
70
70
E0
ENDCHAR
STARTCHAR 2033
ENCODING 8243
SWIDTH 583 0
DWIDTH 14 0
BBX 11 8 2 11
BITMAP
3DE0
39C0
39C0
73C0
7380
7380
E700
E700
ENDCHAR
STARTCHAR 2034
ENCODING 8244
SWIDTH 583 0
DWIDTH 14 0
BBX 14 8 0 11
BITMAP
1DDC
399C
3B98
33B8
7338
7730
6770
E660
ENDCHAR
STARTCHAR 2035
ENCODING 8245
SWIDTH 583 0
DWIDTH 14 0
BBX 6 8 4 11
BITMAP
F0
70
70
78
38
38
1C
1C
ENDCHAR
STARTCHAR 2036
ENCODING 8246
SWIDTH 583 0
DWIDTH 14 0
BBX 10 8 2 11
BITMAP
E700
E780
7380
7380
7380
39C0
39C0
38C0
ENDCHAR
STARTCHAR 2037
ENCODING 8247
SWIDTH 583 0
DWIDTH 14 0
BBX 14 8 0 11
BITMAP
E670
6770
7730
7338
33B8
3B98
199C
19CC
ENDCHAR
STARTCHAR 2038
ENCODING 8248
SWIDTH 583 0
DWIDTH 14 0
BBX 12 7 1 -5
BITMAP
0F00
0F80
1FC0
39C0
78E0
F070
6060
ENDCHAR
STARTCHAR 2039
ENCODING 8249
SWIDTH 583 0
DWIDTH 14 0
BBX 6 13 4 2
BITMAP
08
0C
1C
38
70
70
E0
60
70
38
18
1C
0C
ENDCHAR
STARTCHAR 203A
ENCODING 8250
SWIDTH 583 0
DWIDTH 14 0
BBX 6 13 4 2
BITMAP
40
E0
70
30
38
1C
0C
1C
38
30
70
E0
40
ENDCHAR
STARTCHAR 203B
ENCODING 8251
SWIDTH 583 0
DWIDTH 14 0
BBX 11 11 1 2
BITMAP
EE60
7FE0
7BC0
3F80
FFE0
EEE0
1F00
3B80
71C0
EEE0
4E40
ENDCHAR
STARTCHAR 203C
ENCODING 8252
SWIDTH 583 0
DWIDTH 14 0
BBX 9 18 3 0
BITMAP
E380
E380
E380
E380
E380
E380
E380
E380
E380
E380
E380
0000
0000
0000
E380
E380
E380
E380
ENDCHAR
STARTCHAR 203D
ENCODING 8253
SWIDTH 583 0
DWIDTH 14 0
BBX 12 18 2 0
BITMAP
47C0
EFE0
FFF0
FC70
E070
7070
7070
70F0
3FE0
3FC0
3F00
3F00
0000
0000
1E00
1E00
1E00
1E00
ENDCHAR
STARTCHAR 203E
ENCODING 8254
SWIDTH 583 0
DWIDTH 14 0
BBX 10 2 2 16
BITMAP
FFC0
FFC0
ENDCHAR
STARTCHAR 203F
ENCODING 8255
SWIDTH 583 0
DWIDTH 14 0
BBX 10 4 2 -2
BITMAP
4080
FFC0
FFC0
3F00
ENDCHAR
STARTCHAR 2040
ENCODING 8256
SWIDTH 583 0
DWIDTH 14 0
BBX 10 3 2 17
BITMAP
7F80
FFC0
61C0
ENDCHAR
STARTCHAR 2041
ENCODING 8257
SWIDTH 583 0
DWIDTH 14 0
BBX 12 12 1 -6
BITMAP
0020
0070
00E0
01C0
0380
0700
0F00
1F80
39C0
78E0
F070
6020
ENDCHAR
STARTCHAR 2042
ENCODING 8258
SWIDTH 583 0
DWIDTH 14 0
BBX 16 17 0 0
BITMAP
0180
0990
0FF0
07E0
07E0
0FF0
0990
0180
0000
1818
1998
FFFF
7E7C
7E7C
FFFF
1998
1818
ENDCHAR
STARTCHAR 2043
ENCODING 8259
SWIDTH 583 0
DWIDTH 14 0
BBX 10 2 2 7
BITMAP
FFC0
FFC0
ENDCHAR
STARTCHAR 2044
ENCODING 8260
SWIDTH 583 0
DWIDTH 14 0
BBX 10 24 2 -4
BITMAP
01C0
01C0
01C0
0380
0380
0380
0300
0700
0700
0600
0E00
0E00
0E00
1C00
1C00
1C00
3800
3800
3800
7000
7000
7000
E000
E000
ENDCHAR
STARTCHAR 2045
ENCODING 8261
SWIDTH 583 0
DWIDTH 14 0
BBX 8 24 4 -4
BITMAP
FF
FF
E0
E0
E0
E0
E0
E0
E0
E0
E0
FF
FF
E0
E0
E0
E0
E0
E0
E0
E0
E0
FF
FF
ENDCHAR
STARTCHAR 2046
ENCODING 8262
SWIDTH 583 0
DWIDTH 14 0
BBX 8 24 3 -4
BITMAP
FF
FF
07
07
07
07
07
07
07
07
07
FF
FF
07
07
07
07
07
07
07
07
07
FF
FF
ENDCHAR
STARTCHAR 2047
ENCODING 8263
SWIDTH 583 0
DWIDTH 14 0
BBX 14 18 1 0
BITMAP
38F0
7DF8
FFF8
CF9C
CF1C
0E1C
0E1C
0E1C
3CF8
3CF0
38E0
38E0
0000
0000
38E0
38E0
38E0
38E0
ENDCHAR
STARTCHAR 2048
ENCODING 8264
SWIDTH 583 0
DWIDTH 14 0
BBX 11 18 1 0
BITMAP
38E0
7CE0
FEE0
CEE0
CEE0
0EE0
0EE0
0EE0
3CE0
3CE0
38E0
3800
0000
0000
38E0
38E0
38E0
38E0
ENDCHAR
STARTCHAR 2049
ENCODING 8265
SWIDTH 583 0
DWIDTH 14 0
BBX 12 18 3 0
BITMAP
E3C0
E7E0
E7E0
EE70
EC70
E070
E070
E070
E3E0
E3C0
E380
0380
0000
0000
E380
E380
E380
E380
ENDCHAR
STARTCHAR 204A
ENCODING 8266
SWIDTH 583 0
DWIDTH 14 0
BBX 10 13 2 0
BITMAP
FFC0
FFC0
01C0
0380
0380
0380
0700
0700
0E00
0E00
1C00
1C00
0C00
ENDCHAR
STARTCHAR 204B
ENCODING 8267
SWIDTH 583 0
DWIDTH 14 0
BBX 10 18 2 0
BITMAP
FF00
FF80
CFC0
CFC0
CFC0
CFC0
CFC0
CFC0
CF80
CF00
CC00
CC00
CC00
CC00
CC00
CC00
CC00
CC00
ENDCHAR
STARTCHAR 204C
ENCODING 8268
SWIDTH 583 0
DWIDTH 14 0
BBX 10 11 2 3
BITMAP
3FC0
7FC0
7EC0
FEC0
FEC0
FEC0
FEC0
FEC0
7EC0
7FC0
3FC0
ENDCHAR
STARTCHAR 204D
ENCODING 8269
SWIDTH 583 0
DWIDTH 14 0
BBX 10 11 2 3
BITMAP
FF00
FF80
DF80
DFC0
DFC0
DFC0
DFC0
DFC0
DF80
FF80
FF00
ENDCHAR
STARTCHAR 204E
ENCODING 8270
SWIDTH 583 0
DWIDTH 14 0
BBX 11 13 2 0
BITMAP
0E00
0E00
4E40
EEE0
FFE0
7F80
1F00
7F80
FFE0
EEE0
0E40
0E00
0E00
ENDCHAR
STARTCHAR 204F
ENCODING 8271
SWIDTH 583 0
DWIDTH 14 0
BBX 4 18 5 -5
BITMAP
F0
F0
F0
F0
00
00
00
00
00
F0
F0
F0
F0
C0
C0
60
70
30
ENDCHAR
STARTCHAR 2050
ENCODING 8272
SWIDTH 583 0
DWIDTH 14 0
BBX 10 22 2 -2
BITMAP
3F00
FFC0
FFC0
4080
0000
0000
0000
0000
0000
0000
0000
0000
0000
0000
0000
0000
0000
0000
4080
FFC0
FFC0
3F00
ENDCHAR
STARTCHAR 2051
ENCODING 8273
SWIDTH 583 0
DWIDTH 14 0
BBX 11 21 2 -2
BITMAP
0E00
0E00
4E40
EEE0
FFE0
3F80
1F00
7FC0
FFE0
EEE0
0E00
4E40
EEE0
FFE0
3F80
3F80
FFE0
EFE0
4E40
0E00
0E00
ENDCHAR
STARTCHAR 2052
ENCODING 8274
SWIDTH 583 0
DWIDTH 14 0
BBX 10 18 2 0
BITMAP
F1C0
F180
F180
F380
0300
0700
0600
0E00
0C00
0C00
1C00
1800
3800
3000
73C0
63C0
63C0
E3C0
ENDCHAR
STARTCHAR 2053
ENCODING 8275
SWIDTH 583 0
DWIDTH 14 0
BBX 12 5 1 6
BITMAP
3C30
7E70
77E0
E3E0
61C0
ENDCHAR
STARTCHAR 2054
ENCODING 8276
SWIDTH 583 0
DWIDTH 14 0
BBX 10 3 2 -1
BITMAP
7F80
FFC0
61C0
ENDCHAR
STARTCHAR 2055
ENCODING 8277
SWIDTH 583 0
DWIDTH 14 0
BBX 12 12 1 6
BITMAP
0E00
2E40
7EE0
3FC0
1F80
FFF0
FFF0
1F00
3FC0
7EE0
2E40
0E00
ENDCHAR
STARTCHAR 2056
ENCODING 8278
SWIDTH 583 0
DWIDTH 14 0
BBX 10 13 2 0
BITMAP
03C0
03C0
03C0
03C0
0000
F000
F000
F000
F000
03C0
03C0
03C0
03C0
ENDCHAR
STARTCHAR 2057
ENCODING 8279
SWIDTH 583 0
DWIDTH 14 0
BBX 17 8 -1 11
BITMAP
3BBB80
333300
777700
777700
666600
EEE600
CCCC00
CCCC00
ENDCHAR
STARTCHAR 2058
ENCODING 8280
SWIDTH 583 0
DWIDTH 14 0
BBX 12 13 1 0
BITMAP
0F00
0F00
0F00
0F00
0000
F0F0
F0F0
F0F0
F0F0
0F00
0F00
0F00
0F00
ENDCHAR
STARTCHAR 2059
ENCODING 8281
SWIDTH 583 0
DWIDTH 14 0
BBX 12 13 1 0
BITMAP
F0F0
F0F0
F0F0
F0F0
0000
0F00
0F00
0F00
0F00
F0F0
F0F0
F0F0
F0F0
ENDCHAR
STARTCHAR 205A
ENCODING 8282
SWIDTH 583 0
DWIDTH 14 0
BBX 4 18 5 0
BITMAP
F0
F0
F0
F0
00
00
00
00
00
00
00
00
00
00
F0
F0
F0
F0
ENDCHAR
STARTCHAR 205B
ENCODING 8283
SWIDTH 583 0
DWIDTH 14 0
BBX 12 18 1 0
BITMAP
0F00
0F00
0F00
0F00
0000
0000
0000
F0F0
F0F0
F0F0
F0F0
0000
0000
0000
0F00
0F00
0F00
0F00
ENDCHAR
STARTCHAR 205C
ENCODING 8284
SWIDTH 583 0
DWIDTH 14 0
BBX 12 13 1 0
BITMAP
0700
0700
77E0
77E0
0700
0700
FFF0
FFF0
0700
77E0
77E0
0700
0700
ENDCHAR
STARTCHAR 205D
ENCODING 8285
SWIDTH 583 0
DWIDTH 14 0
BBX 3 13 6 0
BITMAP
E0
E0
00
00
00
00
E0
E0
00
00
00
E0
E0
ENDCHAR
STARTCHAR 205E
ENCODING 8286
SWIDTH 583 0
DWIDTH 14 0
BBX 3 17 6 -2
BITMAP
E0
E0
00
00
00
E0
E0
00
00
00
E0
E0
00
00
00
E0
E0
ENDCHAR
STARTCHAR 205F
ENCODING 8287
SWIDTH 583 0
DWIDTH 14 0
BBX 0 0 0 0
BITMAP
ENDCHAR
STARTCHAR 2060
ENCODING 8288
SWIDTH 0 0
DWIDTH 0 0
BBX 0 0 0 0
BITMAP
ENDCHAR
STARTCHAR 2061
ENCODING 8289
SWIDTH 0 0
DWIDTH 0 0
BBX 0 0 0 0
BITMAP
ENDCHAR
STARTCHAR 2062
ENCODING 8290
SWIDTH 0 0
DWIDTH 0 0
BBX 0 0 0 0
BITMAP
ENDCHAR
STARTCHAR 2063
ENCODING 8291
SWIDTH 0 0
DWIDTH 0 0
BBX 0 0 0 0
BITMAP
ENDCHAR
STARTCHAR 2064
ENCODING 8292
SWIDTH 0 0
DWIDTH 0 0
BBX 0 0 0 0
BITMAP
ENDCHAR
STARTCHAR 2070
ENCODING 8304
SWIDTH 583 0
DWIDTH 14 0
BBX 8 13 3 8
BITMAP
3C
7F
E3
C7
C7
CF
DB
F3
F3
E3
E3
7F
3C
ENDCHAR
STARTCHAR 2071
ENCODING 8305
SWIDTH 583 0
DWIDTH 14 0
BBX 7 13 4 8
BITMAP
38
38
38
00
F8
F8
18
18
18
18
18
FE
FE
ENDCHAR
STARTCHAR 2074
ENCODING 8308
SWIDTH 583 0
DWIDTH 14 0
BBX 8 13 3 8
BITMAP
0E
0C
1C
18
30
30
66
E6
FF
FF
06
0F
0F
ENDCHAR
STARTCHAR 2075
ENCODING 8309
SWIDTH 583 0
DWIDTH 14 0
BBX 7 13 4 8
BITMAP
FE
FE
C6
C0
C0
F8
FE
0E
06
06
C6
FE
78
ENDCHAR
STARTCHAR 2076
ENCODING 8310
SWIDTH 583 0
DWIDTH 14 0
BBX 8 13 3 8
BITMAP
3C
7F
E3
C0
C0
DE
FF
C3
C3
C3
E3
7F
3C
ENDCHAR
STARTCHAR 2077
ENCODING 8311
SWIDTH 583 0
DWIDTH 14 0
BBX 8 13 3 8
BITMAP
FF
FF
C3
06
06
06
0C
0C
1C
18
18
38
30
ENDCHAR
STARTCHAR 2078
ENCODING 8312
SWIDTH 583 0
DWIDTH 14 0
BBX 8 13 3 8
BITMAP
3C
7E
C3
C3
E7
7E
3C
7E
E3
C3
E3
7F
3E
ENDCHAR
STARTCHAR 2079
ENCODING 8313
SWIDTH 583 0
DWIDTH 14 0
BBX 8 13 3 8
BITMAP
3C
7F
E3
C3
C3
C3
FF
7B
03
03
E3
7F
3C
ENDCHAR
STARTCHAR 207A
ENCODING 8314
SWIDTH 583 0
DWIDTH 14 0
BBX 8 8 3 10
BITMAP
18
18
18
FF
FF
18
18
18
ENDCHAR
STARTCHAR 207B
ENCODING 8315
SWIDTH 583 0
DWIDTH 14 0
BBX 8 2 3 13
BITMAP
FF
FF
ENDCHAR
STARTCHAR 207C
ENCODING 8316
SWIDTH 583 0
DWIDTH 14 0
BBX 8 6 3 11
BITMAP
FF
FF
00
00
FF
FF
ENDCHAR
STARTCHAR 207D
ENCODING 8317
SWIDTH 583 0
DWIDTH 14 0
BBX 6 17 3 5
BITMAP
1C
3C
70
E0
C0
C0
C0
C0
C0
C0
C0
C0
C0
E0
70
3C
1C
ENDCHAR
STARTCHAR 207E
ENCODING 8318
SWIDTH 583 0
DWIDTH 14 0
BBX 6 17 5 5
BITMAP
E0
F0
38
1C
0C
0C
0C
0C
0C
0C
0C
0C
0C
1C
38
F0
E0
ENDCHAR
STARTCHAR 207F
ENCODING 8319
SWIDTH 583 0
DWIDTH 14 0
BBX 9 9 3 8
BITMAP
EF00
FF80
6380
6180
6180
6180
6180
F780
F780
ENDCHAR
STARTCHAR 2080
ENCODING 8320
SWIDTH 583 0
DWIDTH 14 0
BBX 8 11 3 -2
BITMAP
3E
FF
C3
C7
CF
DB
F3
E3
C3
FF
3E
ENDCHAR
STARTCHAR 2081
ENCODING 8321
SWIDTH 583 0
DWIDTH 14 0
BBX 7 11 4 -2
BITMAP
38
78
D8
18
18
18
18
18
18
FE
FE
ENDCHAR
STARTCHAR 2082
ENCODING 8322
SWIDTH 583 0
DWIDTH 14 0
BBX 8 11 3 -2
BITMAP
3E
FF
C3
03
07
0E
1C
38
73
FF
FF
ENDCHAR
STARTCHAR 2083
ENCODING 8323
SWIDTH 583 0
DWIDTH 14 0
BBX 8 11 3 -2
BITMAP
FF
FF
0E
1C
3C
3F
03
03
C3
FF
3C
ENDCHAR
STARTCHAR 2084
ENCODING 8324
SWIDTH 583 0
DWIDTH 14 0
BBX 8 11 3 -2
BITMAP
0E
0C
18
38
30
66
E6
FF
FF
0F
0F
ENDCHAR
STARTCHAR 2085
ENCODING 8325
SWIDTH 583 0
DWIDTH 14 0
BBX 8 11 3 -2
BITMAP
7F
7F
63
60
7E
7F
03
03
E3
7F
3E
ENDCHAR
STARTCHAR 2086
ENCODING 8326
SWIDTH 583 0
DWIDTH 14 0
BBX 8 11 3 -2
BITMAP
3E
FF
C3
C0
DE
FF
C3
C3
C3
FF
3E
ENDCHAR
STARTCHAR 2087
ENCODING 8327
SWIDTH 583 0
DWIDTH 14 0
BBX 8 11 3 -2
BITMAP
FF
FF
C7
06
06
0C
0C
1C
18
18
30
ENDCHAR
STARTCHAR 2088
ENCODING 8328
SWIDTH 583 0
DWIDTH 14 0
BBX 8 11 3 -2
BITMAP
7C
FF
C3
C3
66
3C
67
C3
C3
FF
3E
ENDCHAR
STARTCHAR 2089
ENCODING 8329
SWIDTH 583 0
DWIDTH 14 0
BBX 8 11 3 -2
BITMAP
3E
FF
C3
C3
C3
FF
7B
03
C3
FF
3E
ENDCHAR
STARTCHAR 208A
ENCODING 8330
SWIDTH 583 0
DWIDTH 14 0
BBX 8 8 3 -1
BITMAP
18
18
18
FF
FF
18
18
18
ENDCHAR
STARTCHAR 208B
ENCODING 8331
SWIDTH 583 0
DWIDTH 14 0
BBX 8 2 3 2
BITMAP
FF
FF
ENDCHAR
STARTCHAR 208C
ENCODING 8332
SWIDTH 583 0
DWIDTH 14 0
BBX 8 6 3 0
BITMAP
FF
FF
00
00
FF
FF
ENDCHAR
STARTCHAR 208D
ENCODING 8333
SWIDTH 583 0
DWIDTH 14 0
BBX 6 16 3 -5
BITMAP
1C
3C
70
E0
C0
C0
C0
C0
C0
C0
C0
C0
E0
70
3C
1C
ENDCHAR
STARTCHAR 208E
ENCODING 8334
SWIDTH 583 0
DWIDTH 14 0
BBX 6 16 5 -5
BITMAP
E0
F8
18
1C
0C
0C
0C
0C
0C
0C
0C
0C
1C
18
F8
E0
ENDCHAR
STARTCHAR 2090
ENCODING 8336
SWIDTH 583 0
DWIDTH 14 0
BBX 8 8 3 -2
BITMAP
7E
FF
03
3F
FF
C3
FF
7B
ENDCHAR
STARTCHAR 2091
ENCODING 8337
SWIDTH 583 0
DWIDTH 14 0
BBX 8 8 3 -2
BITMAP
3C
FF
C3
FF
FF
C3
FF
3E
ENDCHAR
STARTCHAR 2092
ENCODING 8338
SWIDTH 583 0
DWIDTH 14 0
BBX 8 8 3 -2
BITMAP
3E
FF
C3
C3
C3
C3
FF
3E
ENDCHAR
STARTCHAR 2093
ENCODING 8339
SWIDTH 583 0
DWIDTH 14 0
BBX 9 8 3 -2
BITMAP
F780
F780
1C00
0800
1800
1C00
F780
F780
ENDCHAR
STARTCHAR 2094
ENCODING 8340
SWIDTH 583 0
DWIDTH 14 0
BBX 8 8 3 -2
BITMAP
FE
FF
C3
FF
FF
C3
FF
3C
ENDCHAR
STARTCHAR 2095
ENCODING 8341
SWIDTH 583 0
DWIDTH 14 0
BBX 9 11 3 -2
BITMAP
E000
E000
6000
6F00
7F80
6180
6180
6180
6180
F780
F780
ENDCHAR
STARTCHAR 2096
ENCODING 8342
SWIDTH 583 0
DWIDTH 14 0
BBX 9 11 3 -2
BITMAP
E000
E000
6000
6380
6780
6E00
7C00
7C00
7600
F780
F380
ENDCHAR
STARTCHAR 2097
ENCODING 8343
SWIDTH 583 0
DWIDTH 14 0
BBX 7 11 4 -2
BITMAP
F8
F8
18
18
18
18
18
18
18
FE
FE
ENDCHAR
STARTCHAR 2098
ENCODING 8344
SWIDTH 583 0
DWIDTH 14 0
BBX 10 8 2 -2
BITMAP
FF80
FF80
6D80
6D80
6D80
6D80
EDC0
EDC0
ENDCHAR
STARTCHAR 2099
ENCODING 8345
SWIDTH 583 0
DWIDTH 14 0
BBX 9 8 3 -2
BITMAP
EF00
FF80
6180
6180
6180
6180
F780
F780
ENDCHAR
STARTCHAR 209A
ENCODING 8346
SWIDTH 583 0
DWIDTH 14 0
BBX 9 12 3 -6
BITMAP
EF00
FF80
6180
6180
6180
6180
7F80
6F00
6000
6000
F000
F000
ENDCHAR
STARTCHAR 209B
ENCODING 8347
SWIDTH 583 0
DWIDTH 14 0
BBX 8 8 3 -2
BITMAP
7F
FF
C3
78
1E
C3
FF
FE
ENDCHAR
STARTCHAR 209C
ENCODING 8348
SWIDTH 583 0
DWIDTH 14 0
BBX 8 11 4 -2
BITMAP
30
30
30
FE
FE
30
30
30
33
3F
1E
ENDCHAR
STARTCHAR 20A1
ENCODING 8353
SWIDTH 583 0
DWIDTH 14 0
BBX 11 22 2 -2
BITMAP
0120
0160
1FE0
7FE0
7FE0
E6E0
E4E0
ED80
ED00
EB00
FB00
FA00
F600
F600
E400
ECE0
E9E0
7FC0
FFC0
DF00
B000
B000
ENDCHAR
STARTCHAR 20A3
ENCODING 8355
SWIDTH 583 0
DWIDTH 14 0
BBX 11 18 1 0
BITMAP
7FE0
7FE0
38E0
38E0
3800
3800
3800
FE00
FE00
3800
FE00
FE00
3800
3800
3800
3800
7E00
7E00
ENDCHAR
STARTCHAR 20A4
ENCODING 8356
SWIDTH 583 0
DWIDTH 14 0
BBX 11 18 2 0
BITMAP
0F00
1FC0
3FC0
39C0
3800
3800
3800
FE00
FE00
3800
FE00
FE00
3800
3800
70E0
F0E0
FFE0
FFE0
ENDCHAR
STARTCHAR 20A5
ENCODING 8357
SWIDTH 583 0
DWIDTH 14 0
BBX 14 15 1 -1
BITMAP
0060
FE70
FFF0
77F8
77B8
77B8
7738
7738
7738
7738
7738
7F38
FF3C
FF3C
1000
ENDCHAR
STARTCHAR 20A6
ENCODING 8358
SWIDTH 583 0
DWIDTH 14 0
BBX 12 18 1 0
BITMAP
F9F0
F9F0
78E0
7CE0
7CE0
7CE0
FFF0
FFF0
76E0
76E0
FFF0
FFF0
73E0
73E0
73E0
71E0
F9E0
F9E0
ENDCHAR
STARTCHAR 20A7
ENCODING 8359
SWIDTH 583 0
DWIDTH 14 0
BBX 14 18 1 0
BITMAP
F060
F860
7C60
6C60
6C60
6CFC
6CFC
6C60
7C60
7860
7860
6060
6060
606C
606C
607C
F078
F038
ENDCHAR
STARTCHAR 20A8
ENCODING 8360
SWIDTH 583 0
DWIDTH 14 0
BBX 14 18 0 0
BITMAP
F800
FC00
6E00
6600
6600
667C
66FC
66FC
6ECC
7CEC
7870
7C78
7C3C
6CCC
6CCC
6EFC
E6FC
E6F8
ENDCHAR
STARTCHAR 20A9
ENCODING 8361
SWIDTH 583 0
DWIDTH 14 0
BBX 13 18 1 0
BITMAP
F078
F078
6030
6030
6030
6730
FFF8
FFF8
3770
3560
3DE0
FFF8
FFF8
3DE0
3DE0
38E0
38E0
18C0
ENDCHAR
STARTCHAR 20AA
ENCODING 8362
SWIDTH 583 0
DWIDTH 14 0
BBX 13 13 1 0
BITMAP
FE18
FF18
C798
C198
CD98
CD98
CD98
CD98
CD98
CC18
CC38
CFF0
CFE0
ENDCHAR
STARTCHAR 20AB
ENCODING 8363
SWIDTH 583 0
DWIDTH 14 0
BBX 12 23 2 -5
BITMAP
03C0
03C0
01C0
07F0
07F0
3DC0
7FC0
FFC0
E1C0
E1C0
E1C0
E1C0
E1C0
E1C0
E1C0
FFC0
7FE0
3DE0
0000
0000
0000
FFC0
FFC0
ENDCHAR
STARTCHAR 20AC
ENCODING 8364
SWIDTH 583 0
DWIDTH 14 0
BBX 12 18 1 0
BITMAP
1F70
3FF0
3FF0
7070
7070
7000
FE00
FE00
7000
7000
FE00
FE00
7000
7070
70F0
3FE0
3FE0
0F80
ENDCHAR
STARTCHAR 20AD
ENCODING 8365
SWIDTH 583 0
DWIDTH 14 0
BBX 13 18 1 0
BITMAP
7C78
7CF8
38E0
39C0
39C0
3B80
3F00
3F00
FFF8
FFF8
3F80
3B80
39C0
39C0
38E0
38E0
7C78
7C78
ENDCHAR
STARTCHAR 20AE
ENCODING 8366
SWIDTH 583 0
DWIDTH 14 0
BBX 11 18 2 0
BITMAP
FFE0
FFE0
EEE0
EEE0
0E00
0E80
0F80
3F80
3E00
2E80
0F80
3F00
3E00
0E00
0E00
0E00
3F80
3F80
ENDCHAR
STARTCHAR 20AF
ENCODING 8367
SWIDTH 583 0
DWIDTH 14 0
BBX 15 23 -1 -5
BITMAP
F800
FC00
7E00
6600
6600
663C
663C
667E
6666
6666
6666
6666
6666
6666
6666
7E7E
FC7C
F86C
0060
0060
0060
0060
0060
ENDCHAR
STARTCHAR 20B1
ENCODING 8369
SWIDTH 583 0
DWIDTH 14 0
BBX 13 18 1 0
BITMAP
FF80
FFC0
71E0
70F0
FFF8
7070
FFF8
70F0
73E0
7FC0
7F80
7000
7000
7000
7000
7000
FC00
FC00
ENDCHAR
STARTCHAR 20B2
ENCODING 8370
SWIDTH 583 0
DWIDTH 14 0
BBX 11 22 2 -2
BITMAP
0C00
0C00
3EE0
7FE0
FDE0
ECE0
ECE0
EC00
EC00
EC00
EFE0
EFE0
ECE0
ECE0
ECE0
ECE0
ECE0
FDE0
7EE0
3CE0
0C00
0C00
ENDCHAR
STARTCHAR 20B3
ENCODING 8371
SWIDTH 583 0
DWIDTH 14 0
BBX 12 18 1 0
BITMAP
0F00
0F00
0F00
0F00
1F80
1F80
FFF0
FFF0
1980
FFF0
FFF0
39C0
39C0
30C0
70E0
70E0
F9F0
F9F0
ENDCHAR
STARTCHAR 20B4
ENCODING 8372
SWIDTH 583 0
DWIDTH 14 0
BBX 12 18 1 0
BITMAP
7780
7FC0
7FE0
70E0
70E0
00E0
FFF0
FFF0
0F80
1F00
FFF0
FFF0
7000
70E0
70E0
7FE0
3FE0
1EE0
ENDCHAR
STARTCHAR 20B5
ENCODING 8373
SWIDTH 583 0
DWIDTH 14 0
BBX 11 22 2 -2
BITMAP
0C00
0C00
1F80
7FE0
7FE0
ECE0
ECE0
EC00
EC00
EC00
EC00
EC00
EC00
EC00
EC00
ECE0
EDE0
7FC0
7FC0
1F00
0C00
0C00
ENDCHAR
STARTCHAR 20B8
ENCODING 8376
SWIDTH 583 0
DWIDTH 14 0
BBX 11 18 2 0
BITMAP
FFE0
FFE0
0000
0000
FFE0
FFE0
EEE0
EEE0
0E00
0E00
0E00
0E00
0E00
0E00
0E00
0E00
3F80
3F80
ENDCHAR
STARTCHAR 20B9
ENCODING 8377
SWIDTH 583 0
DWIDTH 14 0
BBX 12 18 2 0
BITMAP
FFC0
FFC0
FFC0
0780
0380
FFC0
FFC0
0380
0700
FF00
FE00
1E00
0E00
0700
0780
0380
01F0
01F0
ENDCHAR
STARTCHAR 20BA
ENCODING 8378
SWIDTH 583 0
DWIDTH 14 0
BBX 11 18 1 0
BITMAP
7E00
7E00
3800
3800
3800
3800
3F00
7F00
F800
FB00
3F00
FE00
F800
3860
3860
39E0
7FC0
7F80
ENDCHAR
STARTCHAR 20BC
ENCODING 8380
SWIDTH 583 0
DWIDTH 14 0
BBX 14 16 1 0
BITMAP
0700
0700
0700
0F80
3FE0
3FF0
7738
7738
7738
7738
7738
7738
7738
7738
F87C
F87C
ENDCHAR
STARTCHAR 20BD
ENCODING 8381
SWIDTH 583 0
DWIDTH 14 0
BBX 12 18 1 0
BITMAP
FF80
FFC0
39E0
3870
3870
3870
3870
3870
39E0
FFE0
FF80
3800
FF80
FF80
3800
3800
FC00
FC00
ENDCHAR
STARTCHAR 20BE
ENCODING 8382
SWIDTH 583 0
DWIDTH 14 0
BBX 12 21 1 0
BITMAP
1B00
1B00
1B00
1F80
7FE0
7BE0
FB70
FB70
FB00
FB00
E000
E000
E000
E000
E000
E000
E000
7000
1C00
FFF0
FFF0
ENDCHAR
STARTCHAR 20BF
ENCODING 8383
SWIDTH 583 0
DWIDTH 14 0
BBX 12 23 1 -2
BITMAP
1980
1980
1980
FF80
FFC0
73E0
70E0
70E0
70E0
70E0
73C0
7F80
7FC0
70E0
7070
7070
7070
70F0
73E0
FFC0
FF80
1980
1980
ENDCHAR
STARTCHAR 20C0
ENCODING 8384
SWIDTH 583 0
DWIDTH 14 0
BBX 11 17 2 -4
BITMAP
1F80
7FE0
7FE0
E0E0
E0E0
E000
E000
E000
E0E0
E1E0
7FC0
7FC0
1F00
0000
0000
FFE0
FFE0
ENDCHAR
STARTCHAR 20D0
ENCODING 8400
SWIDTH 0 0
DWIDTH 0 0
BBX 8 2 -11 16
BITMAP
40
FF
ENDCHAR
STARTCHAR 20D1
ENCODING 8401
SWIDTH 0 0
DWIDTH 0 0
BBX 8 2 -11 16
BITMAP
02
FF
ENDCHAR
STARTCHAR 20D2
ENCODING 8402
SWIDTH 0 0
DWIDTH 0 0
BBX 2 21 -8 -4
BITMAP
C0
C0
C0
C0
C0
C0
C0
C0
C0
C0
C0
C0
C0
C0
C0
C0
C0
C0
C0
C0
C0
ENDCHAR
STARTCHAR 20D3
ENCODING 8403
SWIDTH 0 0
DWIDTH 0 0
BBX 2 15 -8 -1
BITMAP
C0
C0
C0
C0
C0
C0
C0
C0
C0
C0
C0
C0
C0
C0
C0
ENDCHAR
STARTCHAR 20D6
ENCODING 8406
SWIDTH 0 0
DWIDTH 0 0
BBX 9 3 -12 14
BITMAP
6000
FF80
6000
ENDCHAR
STARTCHAR 20D7
ENCODING 8407
SWIDTH 0 0
DWIDTH 0 0
BBX 8 3 -11 14
BITMAP
02
FF
02
ENDCHAR
STARTCHAR 20D8
ENCODING 8408
SWIDTH 0 0
DWIDTH 0 0
BBX 8 8 -4 -4
BITMAP
3C
7E
C2
C3
C3
C2
7E
3C
ENDCHAR
STARTCHAR 20DB
ENCODING 8411
SWIDTH 0 0
DWIDTH 0 0
BBX 15 4 -15 14
BITMAP
738E
F3CE
738E
2104
ENDCHAR
STARTCHAR 20DC
ENCODING 8412
SWIDTH 0 0
DWIDTH 0 0
BBX 20 4 -17 14
BITMAP
E39C70
F79EF0
E39C70
410820
ENDCHAR
STARTCHAR 20DD
ENCODING 8413
SWIDTH 0 0
DWIDTH 0 0
BBX 28 28 -21 -8
BITMAP
007FE000
03C03C00
06000600
0C000300
18000180
300000C0
60000040
40000060
40000020
C0000030
C0000030
80000030
80000030
80000010
80000010
80000030
80000030
C0000030
C0000030
40000020
60000060
60000040
300000C0
18000180
0C000300
06000E00
01C03800
007FC000
ENDCHAR
STARTCHAR 20E1
ENCODING 8417
SWIDTH 0 0
DWIDTH 0 0
BBX 9 3 -12 14
BITMAP
6100
FF80
6100
ENDCHAR
STARTCHAR 20E5
ENCODING 8421
SWIDTH 0 0
DWIDTH 0 0
BBX 9 21 -12 -5
BITMAP
C000
4000
6000
6000
2000
3000
3000
1000
1800
1800
0C00
0C00
0400
0600
0600
0200
0300
0300
0100
0180
0180
ENDCHAR
STARTCHAR 20E6
ENCODING 8422
SWIDTH 0 0
DWIDTH 0 0
BBX 4 21 -9 -4
BITMAP
90
90
90
90
90
90
90
90
90
90
90
90
90
90
90
90
90
90
90
90
90
ENDCHAR
STARTCHAR 20E8
ENCODING 8424
SWIDTH 0 0
DWIDTH 0 0
BBX 15 4 -15 -6
BITMAP
738E
F3CE
738E
2104
ENDCHAR
STARTCHAR 20E9
ENCODING 8425
SWIDTH 0 0
DWIDTH 0 0
BBX 14 4 -14 14
BITMAP
FFFC
FFFC
C00C
C00C
ENDCHAR
STARTCHAR 20EB
ENCODING 8427
SWIDTH 0 0
DWIDTH 0 0
BBX 12 21 -13 -5
BITMAP
01B0
01A0
0120
0360
0240
02C0
06C0
0480
0D80
0D00
0900
1B00
1200
1600
3600
2400
6C00
6800
4800
D800
D000
ENDCHAR
STARTCHAR 20EC
ENCODING 8428
SWIDTH 0 0
DWIDTH 0 0
BBX 8 2 -11 -6
BITMAP
FF
02
ENDCHAR
STARTCHAR 20ED
ENCODING 8429
SWIDTH 0 0
DWIDTH 0 0
BBX 8 2 -11 -6
BITMAP
FF
C0
ENDCHAR
STARTCHAR 20EE
ENCODING 8430
SWIDTH 0 0
DWIDTH 0 0
BBX 9 3 -12 -6
BITMAP
6000
FF80
6000
ENDCHAR
STARTCHAR 20EF
ENCODING 8431
SWIDTH 0 0
DWIDTH 0 0
BBX 8 3 -11 -6
BITMAP
02
FF
02
ENDCHAR
STARTCHAR 20F0
ENCODING 8432
SWIDTH 0 0
DWIDTH 0 0
BBX 5 5 -10 14
BITMAP
20
F8
70
68
20
ENDCHAR
STARTCHAR 2100
ENCODING 8448
SWIDTH 583 0
DWIDTH 14 0
BBX 10 19 2 -1
BITMAP
0C00
3F00
3300
1F00
3F00
3300
3F80
1800
0000
FFC0
FFC0
0000
0800
3F00
3300
3000
3300
3F00
1E00
ENDCHAR
STARTCHAR 2101
ENCODING 8449
SWIDTH 583 0
DWIDTH 14 0
BBX 10 19 2 -1
BITMAP
0C00
3F00
3300
1F00
3F00
3300
3F80
1800
0000
FFC0
FFC0
0000
0C00
3F00
3100
1E00
2700
3700
2F00
ENDCHAR
STARTCHAR 2102
ENCODING 8450
SWIDTH 583 0
DWIDTH 14 0
BBX 11 18 2 0
BITMAP
1F00
7B80
78C0
D840
D860
D800
D800
D800
D800
D800
D800
D800
D800
D860
D860
58C0
79C0
3F00
ENDCHAR
STARTCHAR 2103
ENCODING 8451
SWIDTH 583 0
DWIDTH 14 0
BBX 13 19 1 0
BITMAP
6000
F0F0
91F8
93F8
F398
6398
0380
0380
0380
0380
0380
0380
0380
0380
0398
03B8
03B8
01F0
00F0
ENDCHAR
STARTCHAR 2105
ENCODING 8453
SWIDTH 583 0
DWIDTH 14 0
BBX 10 19 2 -1
BITMAP
0800
3F00
3300
3000
3000
3300
3F00
1E00
0000
FFC0
FFC0
0000
1E00
3F00
3380
3180
3180
3F00
1E00
ENDCHAR
STARTCHAR 2106
ENCODING 8454
SWIDTH 583 0
DWIDTH 14 0
BBX 10 19 2 -1
BITMAP
0800
3F00
3300
3000
3000
3300
3F00
1E00
0000
FFC0
FFC0
0000
3300
3300
3300
3300
3300
3F80
1F80
ENDCHAR
STARTCHAR 2107
ENCODING 8455
SWIDTH 583 0
DWIDTH 14 0
BBX 11 18 2 0
BITMAP
1CE0
7FE0
7FE0
71E0
E0E0
E000
7000
7800
3E00
7E00
7000
E000
E000
E0E0
E0E0
71C0
7FC0
3F00
ENDCHAR
STARTCHAR 2108
ENCODING 8456
SWIDTH 583 0
DWIDTH 14 0
BBX 11 18 2 0
BITMAP
EF00
FFC0
FFC0
E1E0
E0E0
00E0
00E0
00E0
0FE0
0FE0
00E0
00E0
00E0
E0E0
E0E0
F1C0
7FC0
3F80
ENDCHAR
STARTCHAR 2109
ENCODING 8457
SWIDTH 583 0
DWIDTH 14 0
BBX 13 19 1 0
BITMAP
6000
F1F8
91F8
91F8
F1D8
61D8
01C0
01C0
01C0
01E0
01E0
01C0
01C0
01C0
01C0
01C0
01C0
01E0
01E0
ENDCHAR
STARTCHAR 210C
ENCODING 8460
SWIDTH 583 0
DWIDTH 14 0
BBX 11 24 2 -6
BITMAP
0F80
3FE0
61C0
4000
E000
E000
6000
6780
7FC0
71C0
60E0
60C0
60C0
60C0
40C0
E280
FD80
7980
0180
0180
0180
01C0
01E0
00C0
ENDCHAR
STARTCHAR 210D
ENCODING 8461
SWIDTH 583 0
DWIDTH 14 0
BBX 10 17 2 0
BITMAP
FBC0
DBC0
DBC0
DBC0
DBC0
DBC0
DBC0
DFC0
DBC0
DBC0
DBC0
DBC0
DBC0
DBC0
DBC0
DBC0
FBC0
ENDCHAR
STARTCHAR 210E
ENCODING 8462
SWIDTH 583 0
DWIDTH 14 0
BBX 11 17 1 0
BITMAP
7800
7800
3800
3800
3380
77C0
7FE0
70E0
70E0
70E0
60E0
E0E0
E0C0
E1C0
E1C0
E1E0
C1E0
ENDCHAR
STARTCHAR 210F
ENCODING 8463
SWIDTH 583 0
DWIDTH 14 0
BBX 11 18 1 0
BITMAP
7C00
7800
7800
FE00
FE00
3B80
3FC0
7FE0
70E0
70E0
70E0
70E0
70E0
E0C0
E0C0
E1C0
E1E0
E1E0
ENDCHAR
STARTCHAR 2111
ENCODING 8465
SWIDTH 583 0
DWIDTH 14 0
BBX 12 19 1 -1
BITMAP
0E10
1F20
2FC0
4380
E000
F1E0
7230
2600
2700
4780
07E0
03E0
00F0
2070
6020
7060
7FC0
3F80
0E00
ENDCHAR
STARTCHAR 2113
ENCODING 8467
SWIDTH 583 0
DWIDTH 14 0
BBX 10 17 2 0
BITMAP
0F00
1D80
1D80
1D80
1D80
1D80
1D00
1F00
1E00
1E00
7C00
FC00
1CC0
1CC0
1CC0
0F80
0F00
ENDCHAR
STARTCHAR 2115
ENCODING 8469
SWIDTH 583 0
DWIDTH 14 0
BBX 10 18 2 0
BITMAP
E0C0
E0C0
F0C0
F0C0
D8C0
F8C0
ECC0
F4C0
F6C0
DAC0
DBC0
CDC0
C5C0
C6C0
C2C0
C3C0
C1C0
C1C0
ENDCHAR
STARTCHAR 2116
ENCODING 8470
SWIDTH 583 0
DWIDTH 14 0
BBX 15 17 -1 0
BITMAP
EF00
EF00
7600
7600
7600
763C
767E
7E66
7E66
6E66
6E66
6E6E
6E3C
6E3C
F600
F67E
F67E
ENDCHAR
STARTCHAR 2117
ENCODING 8471
SWIDTH 583 0
DWIDTH 14 0
BBX 12 20 1 -2
BITMAP
1F80
3FC0
6060
E070
C030
DF30
D9B0
D9B0
D9B0
DBB0
DF30
D830
D830
D830
DC30
C030
E030
6060
3FC0
1F80
ENDCHAR
STARTCHAR 2118
ENCODING 8472
SWIDTH 583 0
DWIDTH 14 0
BBX 11 18 2 -5
BITMAP
4780
CFC0
D9C0
F0E0
F0E0
E0E0
E0E0
E0E0
60E0
FCE0
F5C0
F7C0
FB80
F800
D800
F800
F800
7000
ENDCHAR
STARTCHAR 2119
ENCODING 8473
SWIDTH 583 0
DWIDTH 14 0
BBX 11 17 2 0
BITMAP
FF80
DBC0
DB40
DB60
DB60
DB60
DB40
DBC0
DF80
D800
D800
D800
D800
D800
D800
D800
F800
ENDCHAR
STARTCHAR 211A
ENCODING 8474
SWIDTH 583 0
DWIDTH 14 0
BBX 11 22 2 -4
BITMAP
1F00
7B80
7BC0
DB40
DB60
DB60
DB60
DB60
DB60
DB60
DB60
DB60
DB60
DB60
DB40
5BC0
7BC0
3F00
1B00
1B00
0F00
0780
ENDCHAR
STARTCHAR 211C
ENCODING 8476
SWIDTH 583 0
DWIDTH 14 0
BBX 14 18 1 0
BITMAP
38C0
7FE0
DFE0
D8E0
D860
F860
7860
78C0
5BE0
1FE0
18E0
1860
1860
1060
2060
7164
FE78
3C70
ENDCHAR
STARTCHAR 211D
ENCODING 8477
SWIDTH 583 0
DWIDTH 14 0
BBX 11 17 2 0
BITMAP
FF80
DBC0
DB40
DB60
DB60
DB60
DB40
DBC0
DF80
DE00
DA00
DB00
DD00
DD80
DEC0
DAC0
FBE0
ENDCHAR
STARTCHAR 2120
ENCODING 8480
SWIDTH 583 0
DWIDTH 14 0
BBX 12 8 1 12
BITMAP
7B30
CB30
C3D0
63F0
3BF0
0BF0
CB30
FB30
ENDCHAR
STARTCHAR 2121
ENCODING 8481
SWIDTH 583 0
DWIDTH 14 0
BBX 15 17 0 0
BITMAP
F000
F000
F000
F000
6000
6798
6798
6290
6210
6210
6310
6310
6210
6292
6292
E79E
E79E
ENDCHAR
STARTCHAR 2122
ENCODING 8482
SWIDTH 583 0
DWIDTH 14 0
BBX 12 8 1 12
BITMAP
FB30
AB30
23D0
23F0
23F0
23F0
2330
7330
ENDCHAR
STARTCHAR 2124
ENCODING 8484
SWIDTH 583 0
DWIDTH 14 0
BBX 10 17 2 0
BITMAP
FFC0
03C0
06C0
0680
0580
0D80
0B00
1B00
1600
3600
3C00
6C00
6800
D800
D000
F000
FFC0
ENDCHAR
STARTCHAR 2126
ENCODING 8486
SWIDTH 583 0
DWIDTH 14 0
BBX 10 18 2 0
BITMAP
1F00
7F80
7BC0
E1C0
E1C0
E1C0
E1C0
E1C0
E1C0
E1C0
E1C0
E1C0
E1C0
E1C0
7380
3300
F3C0
F3C0
ENDCHAR
STARTCHAR 2127
ENCODING 8487
SWIDTH 583 0
DWIDTH 14 0
BBX 10 17 2 0
BITMAP
F3C0
F3C0
7380
73C0
E1C0
E1C0
E1C0
E1C0
E1C0
E1C0
E1C0
E1C0
E1C0
E1C0
F3C0
7F80
3F00
ENDCHAR
STARTCHAR 2128
ENCODING 8488
SWIDTH 583 0
DWIDTH 14 0
BBX 11 18 2 0
BITMAP
3C20
7FC0
8F80
0700
0200
0400
0800
1F80
3FC0
43E0
00E0
00E0
4060
C040
E0C0
F080
FF00
7E00
ENDCHAR
STARTCHAR 2129
ENCODING 8489
SWIDTH 583 0
DWIDTH 14 0
BBX 10 12 2 0
BITMAP
FC00
FC00
0E00
0E00
0E00
0E00
0E00
0E00
0E00
0E00
0FC0
0FC0
ENDCHAR
STARTCHAR 212A
ENCODING 8490
SWIDTH 583 0
DWIDTH 14 0
BBX 12 17 1 0
BITMAP
F8F0
F9F0
71C0
7380
7700
7700
7E00
7C00
7E00
7E00
7F00
7380
7380
71C0
71C0
F8F0
F8F0
ENDCHAR
STARTCHAR 212B
ENCODING 8491
SWIDTH 583 0
DWIDTH 14 0
BBX 12 24 1 0
BITMAP
0600
0F00
0980
0F00
0F00
0000
0F00
0F00
0F00
0F80
0F80
1F80
1D80
1D80
19C0
39C0
3FC0
3FC0
38E0
30E0
70E0
70E0
F9F0
F9F0
ENDCHAR
STARTCHAR 212D
ENCODING 8493
SWIDTH 583 0
DWIDTH 14 0
BBX 11 18 2 0
BITMAP
39A0
47C0
C780
C800
C800
D800
DC00
CC00
CE00
C600
C600
C600
C400
C020
E020
F040
7FC0
3F80
ENDCHAR
STARTCHAR 212E
ENCODING 8494
SWIDTH 583 0
DWIDTH 14 0
BBX 12 12 1 0
BITMAP
0F00
30C0
4020
4030
C030
FFF0
C000
C000
4000
4020
30C0
0F00
ENDCHAR
STARTCHAR 2132
ENCODING 8498
SWIDTH 583 0
DWIDTH 14 0
BBX 10 17 2 0
BITMAP
0FC0
0FC0
0380
0380
0380
0380
0380
0380
3F80
3F80
0380
0380
0380
C380
C380
FFC0
FFC0
ENDCHAR
STARTCHAR 2135
ENCODING 8501
SWIDTH 583 0
DWIDTH 14 0
BBX 10 18 2 0
BITMAP
E1C0
E1C0
71C0
71C0
31C0
3980
1B80
3F80
3F80
3F00
7F00
7600
7700
6300
E380
E380
E1C0
E1C0
ENDCHAR
STARTCHAR 2136
ENCODING 8502
SWIDTH 583 0
DWIDTH 14 0
BBX 10 17 2 0
BITMAP
FE00
FF00
0700
0700
0700
0700
0700
0700
0700
0700
0700
0700
0700
0700
0700
FFC0
FFC0
ENDCHAR
STARTCHAR 2137
ENCODING 8503
SWIDTH 583 0
DWIDTH 14 0
BBX 10 17 2 0
BITMAP
7C00
7E00
0700
0700
0700
0700
0700
0700
0700
0700
0700
0F00
0F80
1F80
7DC0
F9C0
61C0
ENDCHAR
STARTCHAR 2138
ENCODING 8504
SWIDTH 583 0
DWIDTH 14 0
BBX 10 17 2 0
BITMAP
FFC0
FFC0
0700
0700
0700
0700
0700
0700
0700
0700
0700
0700
0700
0700
0700
0700
0700
ENDCHAR
STARTCHAR 2139
ENCODING 8505
SWIDTH 583 0
DWIDTH 14 0
BBX 8 18 3 0
BITMAP
3C
3C
3C
3C
00
00
FC
FC
3C
3C
3C
3C
3C
3C
3C
3C
FF
FF
ENDCHAR
STARTCHAR 213A
ENCODING 8506
SWIDTH 583 0
DWIDTH 14 0
BBX 13 11 1 1
BITMAP
0008
3FD8
7FF8
FFF0
E1F0
C3B0
C230
E070
FFF0
7FE0
3FC0
ENDCHAR
STARTCHAR 213B
ENCODING 8507
SWIDTH 583 0
DWIDTH 14 0
BBX 15 17 0 0
BITMAP
F000
F000
D000
D000
C000
C336
C336
E31C
E31C
C398
C388
C388
C798
C69C
C694
C7B6
C7B6
ENDCHAR
STARTCHAR 213C
ENCODING 8508
SWIDTH 583 0
DWIDTH 14 0
BBX 11 12 2 0
BITMAP
FFE0
4EC0
4EC0
4EC0
4EC0
4EC0
4EC0
4EC0
4EC0
4EC0
4EC0
7FC0
ENDCHAR
STARTCHAR 213D
ENCODING 8509
SWIDTH 583 0
DWIDTH 14 0
BBX 11 17 1 -5
BITMAP
F860
D860
6C60
2C60
3660
1640
1B40
1BC0
0BC0
0D80
0D80
0D80
0D80
0D80
0D80
0D80
0F80
ENDCHAR
STARTCHAR 213E
ENCODING 8510
SWIDTH 583 0
DWIDTH 14 0
BBX 9 17 3 0
BITMAP
FF80
D800
D800
D800
D800
D800
D800
D800
D800
D800
D800
D800
D800
D800
D800
D800
F800
ENDCHAR
STARTCHAR 213F
ENCODING 8511
SWIDTH 583 0
DWIDTH 14 0
BBX 10 17 2 0
BITMAP
FFC0
DBC0
DBC0
DBC0
DBC0
DBC0
DBC0
DBC0
DBC0
DBC0
DBC0
DBC0
DBC0
DBC0
DBC0
DBC0
FBC0
ENDCHAR
STARTCHAR 2140
ENCODING 8512
SWIDTH 583 0
DWIDTH 14 0
BBX 10 22 2 -3
BITMAP
FFC0
D800
4800
6C00
2C00
3400
3600
1200
1B00
0900
0D80
0D80
0900
1B00
1200
3600
2400
6C00
6800
5800
D800
FFC0
ENDCHAR
STARTCHAR 2141
ENCODING 8513
SWIDTH 583 0
DWIDTH 14 0
BBX 11 18 2 0
BITMAP
E700
EFC0
FFC0
F1E0
E0E0
E0E0
E0E0
E0E0
F8E0
F8E0
00E0
00E0
00E0
E0E0
E0E0
F1C0
7FC0
3F80
ENDCHAR
STARTCHAR 2142
ENCODING 8514
SWIDTH 583 0
DWIDTH 14 0
BBX 9 17 2 0
BITMAP
FF80
FF80
0380
0380
0380
0380
0380
0380
0380
0380
0380
0380
0380
0380
0380
0380
0380
ENDCHAR
STARTCHAR 2143
ENCODING 8515
SWIDTH 583 0
DWIDTH 14 0
BBX 9 18 2 0
BITMAP
0380
0380
0380
0380
0380
0380
0380
0380
0380
0380
0380
0380
0380
0380
0380
0380
FF80
FF80
ENDCHAR
STARTCHAR 2144
ENCODING 8516
SWIDTH 583 0
DWIDTH 14 0
BBX 11 18 2 0
BITMAP
0E00
0E00
0E00
0E00
0E00
0E00
0E00
0E00
0E00
1F00
1F00
3B00
3B80
3380
71C0
71C0
E1E0
E0E0
ENDCHAR
STARTCHAR 2145
ENCODING 8517
SWIDTH 583 0
DWIDTH 14 0
BBX 12 17 1 0
BITMAP
3FC0
36E0
34F0
24B0
2CB0
6DB0
6DB0
6DB0
69A0
4920
5960
DB60
DB60
D340
D3C0
9380
FE00
ENDCHAR
STARTCHAR 2146
ENCODING 8518
SWIDTH 583 0
DWIDTH 14 0
BBX 13 17 1 0
BITMAP
00F8
00D8
00D8
00D0
0090
1EB0
3DB0
6DB0
69A0
69A0
5960
5960
DB60
DB60
D340
7740
7BC0
ENDCHAR
STARTCHAR 2147
ENCODING 8519
SWIDTH 583 0
DWIDTH 14 0
BBX 12 12 1 0
BITMAP
1FC0
3CE0
6CA0
69B0
49B0
5FE0
5800
D800
D860
7060
71C0
3F00
ENDCHAR
STARTCHAR 2148
ENCODING 8520
SWIDTH 583 0
DWIDTH 14 0
BBX 10 20 2 0
BITMAP
0780
0C80
0CC0
0C80
0780
0000
0000
0000
3F00
1B00
1B00
1B00
1A00
1200
1600
3600
3600
3600
3400
FF00
ENDCHAR
STARTCHAR 2149
ENCODING 8521
SWIDTH 583 0
DWIDTH 14 0
BBX 15 25 -2 -5
BITMAP
003C
0064
0066
0064
003C
0000
0000
0000
01F8
00D8
00D8
00D8
00D0
0090
00B0
01B0
01B0
01B0
01A0
0120
0160
C360
C340
E3C0
7F00
ENDCHAR
STARTCHAR 214B
ENCODING 8523
SWIDTH 583 0
DWIDTH 14 0
BBX 11 18 2 0
BITMAP
7780
7FC0
7FE0
70E0
70E0
70E0
70E0
70E0
FFC0
FF80
FFC0
70E0
00E0
00E0
70E0
79E0
3FC0
1F80
ENDCHAR
STARTCHAR 214D
ENCODING 8525
SWIDTH 583 0
DWIDTH 14 0
BBX 10 24 2 -4
BITMAP
0C00
1E00
1E00
1E00
1E00
3F00
3300
7380
7380
0000
0000
FFC0
FFC0
0000
0800
3F00
3300
3000
3C00
0F00
0300
3300
3F00
3E00
ENDCHAR
STARTCHAR 214E
ENCODING 8526
SWIDTH 583 0
DWIDTH 14 0
BBX 10 12 2 0
BITMAP
0FC0
0FC0
0380
0380
0380
3F80
3F80
0380
C380
C380
FFC0
FFC0
ENDCHAR
STARTCHAR 214F
ENCODING 8527
SWIDTH 583 0
DWIDTH 14 0
BBX 10 6 2 0
BITMAP
6D80
6D80
6D80
6D80
6D80
FFC0
ENDCHAR
STARTCHAR 2150
ENCODING 8528
SWIDTH 583 0
DWIDTH 14 0
BBX 10 25 2 -4
BITMAP
0C00
1C00
1C00
0C00
0C00
0C00
0C00
0C00
1F00
1F00
0000
FFC0
FFC0
0000
0000
3F80
3F80
0300
0300
0600
0600
0C00
0C00
0C00
1800
ENDCHAR
STARTCHAR 2151
ENCODING 8529
SWIDTH 583 0
DWIDTH 14 0
BBX 10 26 2 -4
BITMAP
0C00
1C00
1C00
1C00
0C00
0C00
0C00
0C00
0C00
1F00
1F00
0000
FFC0
FFC0
0000
1E00
3F00
3300
3300
3300
3F00
1B00
0300
3300
3F00
0C00
ENDCHAR
STARTCHAR 2152
ENCODING 8530
SWIDTH 583 0
DWIDTH 14 0
BBX 14 25 1 -4
BITMAP
0700
0F00
0B00
0300
0300
0300
0300
0300
0F80
0F80
0000
3FF0
3FF0
0000
0000
70F8
71FC
F18C
319C
31BC
31EC
31CC
318C
F9FC
F8F8
ENDCHAR
STARTCHAR 2153
ENCODING 8531
SWIDTH 583 0
DWIDTH 14 0
BBX 10 26 2 -5
BITMAP
0C00
1C00
1C00
0C00
0C00
0C00
0C00
0C00
1F00
1F00
0000
0000
FFC0
FFC0
0000
0000
3F00
3F00
0600
0C00
0F00
0180
0180
3180
3F80
0E00
ENDCHAR
STARTCHAR 2154
ENCODING 8532
SWIDTH 583 0
DWIDTH 14 0
BBX 10 26 2 -5
BITMAP
0E00
3F80
3180
0180
0380
0700
0E00
1800
3F80
3F80
0000
0000
FFC0
FFC0
0000
0000
3F80
3F80
0700
0C00
0F00
0180
0180
3180
3F80
0E00
ENDCHAR
STARTCHAR 2155
ENCODING 8533
SWIDTH 583 0
DWIDTH 14 0
BBX 10 26 2 -5
BITMAP
0C00
1C00
3C00
0C00
0C00
0C00
0C00
0C00
1F00
1F00
0000
0000
FFC0
FFC0
0000
3F00
3F00
3300
3000
3C00
3F00
0300
0300
3300
3E00
1C00
ENDCHAR
STARTCHAR 2156
ENCODING 8534
SWIDTH 583 0
DWIDTH 14 0
BBX 10 26 2 -5
BITMAP
1E00
3F00
3300
0300
0700
0E00
1C00
3800
3F00
3F00
0000
0000
FFC0
FFC0
0000
3F00
3F00
3300
3000
3C00
3F00
0300
0300
3300
3F00
1E00
ENDCHAR
STARTCHAR 2157
ENCODING 8535
SWIDTH 583 0
DWIDTH 14 0
BBX 10 26 2 -5
BITMAP
7F00
7F00
0600
0C00
1F00
0380
0180
7180
7F00
1E00
0000
0000
FFC0
FFC0
0000
3F00
3F00
3100
3000
3E00
3F00
0180
0180
7180
7F00
1E00
ENDCHAR
STARTCHAR 2158
ENCODING 8536
SWIDTH 583 0
DWIDTH 14 0
BBX 10 26 2 -5
BITMAP
0300
0600
0400
0C00
1B00
1300
3F80
3F80
0380
0380
0000
0000
FFC0
FFC0
0000
3F00
3F00
3100
3000
3E00
3F00
0180
0180
3180
3F00
0E00
ENDCHAR
STARTCHAR 2159
ENCODING 8537
SWIDTH 583 0
DWIDTH 14 0
BBX 10 25 2 -4
BITMAP
0C00
1C00
1C00
0C00
0C00
0C00
0C00
0C00
1F00
1F00
0000
FFC0
FFC0
0000
0000
1F00
3F80
3180
3000
3F00
3B80
3180
3180
3F80
1F00
ENDCHAR
STARTCHAR 215A
ENCODING 8538
SWIDTH 583 0
DWIDTH 14 0
BBX 10 25 2 -4
BITMAP
3F00
3F00
3000
3C00
3F00
0300
0300
3300
3F00
1C00
0000
FFC0
FFC0
0000
0000
1E00
3F00
3300
3000
3F00
3300
3300
3300
3F00
1E00
ENDCHAR
STARTCHAR 215B
ENCODING 8539
SWIDTH 583 0
DWIDTH 14 0
BBX 10 25 2 -4
BITMAP
0C00
1C00
1C00
0C00
0C00
0C00
0C00
0C00
1F00
1F00
0000
FFC0
FFC0
0000
0000
1E00
1F00
3300
1300
1E00
1F00
3300
3380
3F00
1E00
ENDCHAR
STARTCHAR 215C
ENCODING 8540
SWIDTH 583 0
DWIDTH 14 0
BBX 10 25 2 -4
BITMAP
7F00
7F00
0600
1C00
1F00
0380
0180
7180
7F00
1E00
0000
FFC0
FFC0
0000
0000
3E00
3F00
7300
3B00
3E00
3F00
7380
7380
7F80
3F00
ENDCHAR
STARTCHAR 215D
ENCODING 8541
SWIDTH 583 0
DWIDTH 14 0
BBX 10 25 2 -4
BITMAP
3F00
3F00
3000
3C00
3F00
0300
0300
3300
3F00
1C00
0000
FFC0
FFC0
0000
0000
1E00
3E00
3300
3600
1E00
3E00
3300
3300
3F00
1E00
ENDCHAR
STARTCHAR 215E
ENCODING 8542
SWIDTH 583 0
DWIDTH 14 0
BBX 10 25 2 -4
BITMAP
3F00
3F00
0300
0700
0600
0600
0C00
0C00
1800
1800
0000
FFC0
FFC0
0000
0000
1E00
3F00
3300
3300
1E00
1E00
3300
3300
3F00
1E00
ENDCHAR
STARTCHAR 215F
ENCODING 8543
SWIDTH 583 0
DWIDTH 14 0
BBX 10 13 2 8
BITMAP
0C00
1C00
1C00
0C00
0C00
0C00
0C00
0C00
1F00
1F00
0000
FFC0
FFC0
ENDCHAR
STARTCHAR 2160
ENCODING 8544
SWIDTH 583 0
DWIDTH 14 0
BBX 10 18 2 0
BITMAP
FFC0
FFC0
1C00
1C00
1C00
1C00
1C00
1C00
1C00
1C00
1C00
1C00
1C00
1C00
1C00
1C00
FFC0
FFC0
ENDCHAR
STARTCHAR 2161
ENCODING 8545
SWIDTH 583 0
DWIDTH 14 0
BBX 14 18 1 0
BITMAP
FCFC
FCFC
3030
3030
3030
3030
3030
3030
3030
3030
3030
3030
3030
3030
3030
3030
FCFC
FCFC
ENDCHAR
STARTCHAR 2162
ENCODING 8546
SWIDTH 583 0
DWIDTH 14 0
BBX 15 18 0 0
BITMAP
F79E
F79E
2108
2108
2108
2108
2108
2108
2108
2108
2108
2108
2108
2108
2108
2108
F79E
F79E
ENDCHAR
STARTCHAR 2163
ENCODING 8547
SWIDTH 583 0
DWIDTH 14 0
BBX 14 18 1 0
BITMAP
FDDC
FDDC
30C8
30C8
30D8
30D8
30D8
30D8
30D8
30D8
3058
3050
3050
3070
3070
3070
FC70
FC70
ENDCHAR
STARTCHAR 2164
ENCODING 8548
SWIDTH 583 0
DWIDTH 14 0
BBX 13 18 1 0
BITMAP
F8F8
F8F8
7070
3070
38E0
38E0
38E0
38E0
18C0
1DC0
1DC0
1DC0
0D80
0D80
0F80
0F80
0F80
0700
ENDCHAR
STARTCHAR 2165
ENCODING 8549
SWIDTH 583 0
DWIDTH 14 0
BBX 14 18 0 0
BITMAP
EEFC
EEFC
4430
4430
6C30
6C30
6C30
6C30
6C30
6C30
6C30
2830
2830
2830
3830
3830
38FC
38FC
ENDCHAR
STARTCHAR 2166
ENCODING 8550
SWIDTH 583 0
DWIDTH 14 0
BBX 15 18 0 0
BITMAP
DBDE
DBDE
D904
D904
5104
5104
5104
5104
5104
5104
5104
5104
5104
5104
7104
7104
73DE
23DE
ENDCHAR
STARTCHAR 2167
ENCODING 8551
SWIDTH 583 0
DWIDTH 14 0
BBX 15 18 0 0
BITMAP
FEEE
FEEE
A444
A444
A444
E444
E444
E444
E444
E444
E444
E444
E444
E444
E444
E444
EEEE
EEEE
ENDCHAR
STARTCHAR 2168
ENCODING 8552
SWIDTH 583 0
DWIDTH 14 0
BBX 14 18 1 0
BITMAP
FDDC
FDDC
30D8
30D8
30D8
3070
3070
3070
3030
3030
3070
3070
3070
30D8
30D8
30D8
FDDC
FDDC
ENDCHAR
STARTCHAR 2169
ENCODING 8553
SWIDTH 583 0
DWIDTH 14 0
BBX 12 18 1 0
BITMAP
F9F0
F9F0
39C0
39C0
1F80
1F80
0F00
0F00
0600
0600
0F00
0F00
1F80
1F80
39C0
39C0
F9F0
F9F0
ENDCHAR
STARTCHAR 216A
ENCODING 8554
SWIDTH 583 0
DWIDTH 14 0
BBX 14 18 0 0
BITMAP
EEFC
EEFC
6C30
6C30
6C30
3830
3830
3830
3830
3830
3830
3830
3830
6C30
6C30
6C30
EEFC
EEFC
ENDCHAR
STARTCHAR 216B
ENCODING 8555
SWIDTH 583 0
DWIDTH 14 0
BBX 15 18 0 0
BITMAP
DBDE
DBDE
5104
5104
5104
7104
7104
2104
2104
2104
2104
7104
7104
5104
5104
5104
DBDE
DBDE
ENDCHAR
STARTCHAR 216C
ENCODING 8556
SWIDTH 583 0
DWIDTH 14 0
BBX 11 18 2 0
BITMAP
FC00
FC00
7000
7000
7000
7000
7000
7000
7000
7000
7000
7000
7000
7000
70E0
70E0
FFE0
FFE0
ENDCHAR
STARTCHAR 216D
ENCODING 8557
SWIDTH 583 0
DWIDTH 14 0
BBX 11 18 2 0
BITMAP
1F80
7FE0
7FE0
E0E0
E0E0
E000
E000
E000
E000
E000
E000
E000
E000
E0E0
E1E0
7FC0
7FC0
1F00
ENDCHAR
STARTCHAR 216E
ENCODING 8558
SWIDTH 583 0
DWIDTH 14 0
BBX 11 18 1 0
BITMAP
FF00
FFC0
73C0
70E0
70E0
70E0
70E0
70E0
70E0
70E0
70E0
70E0
70E0
70E0
70E0
77C0
FF80
FF00
ENDCHAR
STARTCHAR 216F
ENCODING 8559
SWIDTH 583 0
DWIDTH 14 0
BBX 13 18 1 0
BITMAP
F078
F078
7878
78F8
78F8
78F8
7DF8
7DB8
75B8
77B8
7738
7738
7738
7038
7038
7038
F078
F078
ENDCHAR
STARTCHAR 2170
ENCODING 8560
SWIDTH 583 0
DWIDTH 14 0
BBX 10 18 2 0
BITMAP
0C00
1E00
1E00
0C00
0000
FE00
FE00
0E00
0E00
0E00
0E00
0E00
0E00
0E00
0E00
0E00
FFC0
FFC0
ENDCHAR
STARTCHAR 2171
ENCODING 8561
SWIDTH 583 0
DWIDTH 14 0
BBX 14 18 1 0
BITMAP
3030
3870
3870
3030
0000
F0F0
F0F0
3030
3030
3030
3030
3030
3030
3030
3030
3030
FCFC
FCFC
ENDCHAR
STARTCHAR 2172
ENCODING 8562
SWIDTH 583 0
DWIDTH 14 0
BBX 15 18 0 0
BITMAP
630C
630C
630C
630C
0000
E71C
E71C
630C
630C
630C
630C
630C
630C
630C
630C
630C
F79E
F79E
ENDCHAR
STARTCHAR 2173
ENCODING 8563
SWIDTH 583 0
DWIDTH 14 0
BBX 14 18 1 0
BITMAP
3000
3800
3800
3000
0000
F1DC
F1DC
30D8
30D8
30D8
30D8
30D8
3058
3050
3070
3070
FC70
FC70
ENDCHAR
STARTCHAR 2174
ENCODING 8564
SWIDTH 583 0
DWIDTH 14 0
BBX 13 13 1 0
BITMAP
F8F8
F8F8
3060
38E0
38E0
38E0
1DC0
1DC0
1DC0
0D80
0F80
0F80
0700
ENDCHAR
STARTCHAR 2175
ENCODING 8565
SWIDTH 583 0
DWIDTH 14 0
BBX 14 18 0 0
BITMAP
0030
0038
0038
0030
0000
EEF0
EEF0
6C30
6C30
6C30
6C30
6C30
6C30
2830
2830
3830
38FC
38FC
ENDCHAR
STARTCHAR 2176
ENCODING 8566
SWIDTH 583 0
DWIDTH 14 0
BBX 15 18 0 0
BITMAP
018C
018C
018C
018C
0000
DB9C
DB9C
D98C
518C
518C
518C
518C
518C
518C
518C
718C
73DE
23DE
ENDCHAR
STARTCHAR 2177
ENCODING 8567
SWIDTH 583 0
DWIDTH 14 0
BBX 15 18 0 0
BITMAP
0464
046C
046C
0464
0000
FCEC
FCEC
E464
E464
6464
6464
6464
6464
6464
6464
6464
6EEE
6EEE
ENDCHAR
STARTCHAR 2178
ENCODING 8568
SWIDTH 583 0
DWIDTH 14 0
BBX 14 18 1 0
BITMAP
3000
3800
3800
3000
0000
F1DC
F1DC
30D8
3078
3070
3070
3030
3070
3070
3078
30D8
FDDC
FDDC
ENDCHAR
STARTCHAR 2179
ENCODING 8569
SWIDTH 583 0
DWIDTH 14 0
BBX 12 13 1 0
BITMAP
F9F0
F9F0
39C0
1F80
0F80
0F00
0600
0F00
1F00
1F80
39C0
F9F0
F9F0
ENDCHAR
STARTCHAR 217A
ENCODING 8570
SWIDTH 583 0
DWIDTH 14 0
BBX 14 18 0 0
BITMAP
0030
0038
0038
0030
0000
EEF0
EEF0
6C30
7C30
3830
3830
3830
3830
3830
7C30
6C30
EEFC
EEFC
ENDCHAR
STARTCHAR 217B
ENCODING 8571
SWIDTH 583 0
DWIDTH 14 0
BBX 15 18 0 0
BITMAP
018C
018C
018C
018C
0000
DB9C
DB9C
518C
718C
718C
218C
218C
218C
718C
718C
518C
DBDE
DBDE
ENDCHAR
STARTCHAR 217C
ENCODING 8572
SWIDTH 583 0
DWIDTH 14 0
BBX 10 18 2 0
BITMAP
FE00
FE00
0E00
0E00
0E00
0E00
0E00
0E00
0E00
0E00
0E00
0E00
0E00
0E00
0E00
0E00
FFC0
FFC0
ENDCHAR
STARTCHAR 217D
ENCODING 8573
SWIDTH 583 0
DWIDTH 14 0
BBX 11 13 2 0
BITMAP
3EE0
7FE0
FFE0
E0E0
E0E0
E000
E000
E000
E0E0
E1E0
7FC0
7FC0
1F00
ENDCHAR
STARTCHAR 217E
ENCODING 8574
SWIDTH 583 0
DWIDTH 14 0
BBX 11 18 2 0
BITMAP
03C0
03C0
01C0
01C0
01C0
3DC0
7FC0
FFC0
E1C0
E1C0
E1C0
E1C0
E1C0
E1C0
E1C0
FFC0
7FE0
3DE0
ENDCHAR
STARTCHAR 217F
ENCODING 8575
SWIDTH 583 0
DWIDTH 14 0
BBX 14 13 1 0
BITMAP
FE70
FFF0
77F8
7738
7738
7738
7738
7738
7738
7738
7738
F73C
F73C
ENDCHAR
STARTCHAR 2180
ENCODING 8576
SWIDTH 583 0
DWIDTH 14 0
BBX 13 18 1 0
BITMAP
3FC0
7FF0
7FF0
E738
E738
E738
E738
E738
E738
E738
E738
E738
E738
E738
E738
7FF0
7FF0
3FC0
ENDCHAR
STARTCHAR 2181
ENCODING 8577
SWIDTH 583 0
DWIDTH 14 0
BBX 13 18 1 0
BITMAP
FFC0
FFE0
F1F0
7078
7F38
7FB8
73B8
73B8
73B8
73B8
73B8
73B8
7FB8
7F38
7038
7070
FFE0
FFC0
ENDCHAR
STARTCHAR 2182
ENCODING 8578
SWIDTH 583 0
DWIDTH 14 0
BBX 14 18 1 0
BITMAP
1FE0
7FF8
6798
CFCC
DB6C
DB6C
DB6C
DB6C
DB6C
DB6C
DB6C
DB6C
DB6C
DB6C
CFCC
6798
7FF8
1FE0
ENDCHAR
STARTCHAR 2183
ENCODING 8579
SWIDTH 583 0
DWIDTH 14 0
BBX 11 18 2 0
BITMAP
3F00
FF80
FBC0
E1E0
E0E0
00E0
00E0
00E0
00E0
00E0
00E0
00E0
00E0
E0E0
F0E0
FBC0
7FC0
1F00
ENDCHAR
STARTCHAR 2184
ENCODING 8580
SWIDTH 583 0
DWIDTH 14 0
BBX 11 13 2 0
BITMAP
EF80
FFC0
FBC0
E0E0
E0E0
00E0
00E0
00E0
E0E0
E0E0
FFC0
7FC0
1F00
ENDCHAR
STARTCHAR 2185
ENCODING 8581
SWIDTH 583 0
DWIDTH 14 0
BBX 11 23 2 -5
BITMAP
1F80
7FE0
7FE0
E0E0
E0E0
E000
E000
E000
E000
E000
E000
E000
E000
E0E0
E0E0
FBE0
7FE0
3EE0
00E0
00E0
00E0
03E0
03E0
ENDCHAR
STARTCHAR 2186
ENCODING 8582
SWIDTH 583 0
DWIDTH 14 0
BBX 11 18 2 0
BITMAP
3F80
3F80
0E00
0E00
0E00
0E00
0E00
0E00
0E00
0E00
2E80
EEE0
7FC0
7FC0
3F80
1F00
1F00
0E00
ENDCHAR
STARTCHAR 2187
ENCODING 8583
SWIDTH 583 0
DWIDTH 14 0
BBX 14 18 0 0
BITMAP
FFE0
FFF0
E0F8
7F9C
7FDC
61CC
7CCC
7ECC
66CC
66CC
7ECC
7CCC
61CC
7FCC
7F9C
6038
FFF0
FFE0
ENDCHAR
STARTCHAR 2188
ENCODING 8584
SWIDTH 583 0
DWIDTH 14 0
BBX 14 18 1 0
BITMAP
1FE0
6238
DFC8
B26C
A7B4
AAD4
AA54
AA54
AA54
AA54
AA54
AA54
AAD4
A7B4
B224
DFC8
6238
3FE0
ENDCHAR
STARTCHAR 2189
ENCODING 8585
SWIDTH 583 0
DWIDTH 14 0
BBX 10 26 2 -5
BITMAP
1E00
3F00
3300
3700
3700
3B00
3B00
3300
3F00
1E00
0000
0000
FFC0
FFC0
0000
0000
3F80
3F80
0700
0C00
0E00
0300
0300
3300
3F00
1C00
ENDCHAR
STARTCHAR 218A
ENCODING 8586
SWIDTH 583 0
DWIDTH 14 0
BBX 11 18 2 0
BITMAP
FFE0
FFE0
E1E0
E3C0
0780
0F00
1E00
1C00
3800
7000
F000
E000
E000
E0C0
E1C0
7FC0
7F80
1F00
ENDCHAR
STARTCHAR 218B
ENCODING 8587
SWIDTH 583 0
DWIDTH 14 0
BBX 11 18 2 0
BITMAP
1F00
7FC0
7BC0
E0E0
E0E0
E000
E000
E000
7000
7F00
3F00
0700
0E00
1C00
3800
7000
7FE0
7FE0
ENDCHAR
STARTCHAR 2190
ENCODING 8592
SWIDTH 583 0
DWIDTH 14 0
BBX 13 9 1 3
BITMAP
0800
1800
3000
6000
FFF8
FFF8
6000
3000
1800
ENDCHAR
STARTCHAR 2191
ENCODING 8593
SWIDTH 583 0
DWIDTH 14 0
BBX 10 20 2 -1
BITMAP
0C00
1E00
3F00
6D80
CCC0
0C00
0C00
0C00
0C00
0C00
0C00
0C00
0C00
0C00
0C00
0C00
0C00
0C00
0C00
0C00
ENDCHAR
STARTCHAR 2192
ENCODING 8594
SWIDTH 583 0
DWIDTH 14 0
BBX 13 10 1 3
BITMAP
0080
01C0
00E0
0070
FFF8
FFF8
0070
00E0
01C0
0080
ENDCHAR
STARTCHAR 2193
ENCODING 8595
SWIDTH 583 0
DWIDTH 14 0
BBX 10 20 2 -2
BITMAP
0C00
0C00
0C00
0C00
0C00
0C00
0C00
0C00
0C00
0C00
0C00
0C00
0C00
0C00
4C80
EDC0
7F80
3F00
1E00
0C00
ENDCHAR
STARTCHAR 2194
ENCODING 8596
SWIDTH 583 0
DWIDTH 14 0
BBX 13 10 1 3
BITMAP
0880
19C0
30E0
6070
FFF8
FFF8
6070
30E0
19C0
0080
ENDCHAR
STARTCHAR 2195
ENCODING 8597
SWIDTH 583 0
DWIDTH 14 0
BBX 10 20 2 -1
BITMAP
0C00
1E00
3F00
6D80
CCC0
0C00
0C00
0C00
0C00
0C00
0C00
0C00
0C00
0C00
4C80
EDC0
7F80
3F00
1E00
0C00
ENDCHAR
STARTCHAR 2196
ENCODING 8598
SWIDTH 583 0
DWIDTH 14 0
BBX 14 18 0 -1
BITMAP
6000
7F00
7F00
7800
5C00
CC00
CE00
4700
0300
0380
01C0
00C0
00E0
0070
0030
0038
001C
0008
ENDCHAR
STARTCHAR 2197
ENCODING 8599
SWIDTH 583 0
DWIDTH 14 0
BBX 13 18 1 -1
BITMAP
0010
03F0
07F0
0078
00F8
01D8
0188
0380
0700
0600
0E00
1C00
1800
3800
7000
6000
E000
4000
ENDCHAR
STARTCHAR 2198
ENCODING 8600
SWIDTH 583 0
DWIDTH 14 0
BBX 13 18 1 -1
BITMAP
4000
E000
6000
7000
3800
1800
1C00
0E00
0600
0700
0380
0188
01D8
00F8
0078
07F0
03F0
0010
ENDCHAR
STARTCHAR 2199
ENCODING 8601
SWIDTH 583 0
DWIDTH 14 0
BBX 14 18 0 -1
BITMAP
0008
001C
0038
0030
0070
00E0
00C0
01C0
0380
0300
4700
CE00
CC00
5C00
7800
7F00
7F00
6000
ENDCHAR
STARTCHAR 219A
ENCODING 8602
SWIDTH 583 0
DWIDTH 14 0
BBX 13 10 1 3
BITMAP
08C0
18C0
3080
6180
FFF8
FFF8
6300
3200
1E00
0600
ENDCHAR
STARTCHAR 219B
ENCODING 8603
SWIDTH 583 0
DWIDTH 14 0
BBX 13 12 1 2
BITMAP
0200
0280
07C0
06E0
0470
FFF8
FFF8
1870
18E0
11C0
3080
1000
ENDCHAR
STARTCHAR 219C
ENCODING 8604
SWIDTH 583 0
DWIDTH 14 0
BBX 13 10 1 3
BITMAP
1800
3800
7000
E3C0
E7E0
FE78
7C38
3000
1800
0800
ENDCHAR
STARTCHAR 219D
ENCODING 8605
SWIDTH 583 0
DWIDTH 14 0
BBX 14 10 0 3
BITMAP
0040
00E0
0030
F1F8
7BFC
1F1C
0E38
0070
00E0
0040
ENDCHAR
STARTCHAR 219E
ENCODING 8606
SWIDTH 583 0
DWIDTH 14 0
BBX 13 9 1 3
BITMAP
0900
1B00
3600
6C00
FFF8
FFF8
6C00
3600
1B00
ENDCHAR
STARTCHAR 219F
ENCODING 8607
SWIDTH 583 0
DWIDTH 14 0
BBX 10 20 2 -1
BITMAP
0C00
1E00
3F00
6D80
DEC0
3F00
6D80
CCC0
0C00
0C00
0C00
0C00
0C00
0C00
0C00
0C00
0C00
0C00
0C00
0C00
ENDCHAR
STARTCHAR 21A0
ENCODING 8608
SWIDTH 583 0
DWIDTH 14 0
BBX 13 10 1 3
BITMAP
0480
0FC0
07E0
03F0
FFF8
FFF8
03F0
07E0
0FC0
0480
ENDCHAR
STARTCHAR 21A1
ENCODING 8609
SWIDTH 583 0
DWIDTH 14 0
BBX 10 20 2 -2
BITMAP
0C00
0C00
0C00
0C00
0C00
0C00
0C00
0C00
0C00
0C00
0C00
4C80
EDC0
7F80
7F80
FFC0
7F80
3F00
1E00
0C00
ENDCHAR
STARTCHAR 21A2
ENCODING 8610
SWIDTH 583 0
DWIDTH 14 0
BBX 14 10 1 3
BITMAP
0808
1818
3030
6060
FFC0
FFE0
6070
3038
181C
0008
ENDCHAR
STARTCHAR 21A3
ENCODING 8611
SWIDTH 583 0
DWIDTH 14 0
BBX 14 10 0 3
BITMAP
8040
C0E0
6070
3038
1FFC
1FFC
3038
6070
C0E0
8040
ENDCHAR
STARTCHAR 21A4
ENCODING 8612
SWIDTH 583 0
DWIDTH 14 0
BBX 13 10 1 3
BITMAP
0818
1818
3018
6018
FFF8
FFF8
6018
3018
1818
0818
ENDCHAR
STARTCHAR 21A5
ENCODING 8613
SWIDTH 583 0
DWIDTH 14 0
BBX 10 20 2 -2
BITMAP
0C00
1E00
3F00
7F80
EDC0
4C80
0C00
0C00
0C00
0C00
0C00
0C00
0C00
0C00
0C00
0C00
0C00
0C00
FFC0
FFC0
ENDCHAR
STARTCHAR 21A6
ENCODING 8614
SWIDTH 583 0
DWIDTH 14 0
BBX 13 10 1 3
BITMAP
C080
C0C0
C060
C030
FFF8
FFF8
C070
C0E0
C1C0
C080
ENDCHAR
STARTCHAR 21A7
ENCODING 8615
SWIDTH 583 0
DWIDTH 14 0
BBX 10 20 2 -2
BITMAP
FFC0
FFC0
0C00
0C00
0C00
0C00
0C00
0C00
0C00
0C00
0C00
0C00
0C00
0C00
4C80
EDC0
7F80
3F00
1E00
0C00
ENDCHAR
STARTCHAR 21A8
ENCODING 8616
SWIDTH 583 0
DWIDTH 14 0
BBX 10 21 2 -3
BITMAP
0C00
1E00
3F00
7D80
ECC0
4C00
0C00
0C00
0C00
0C00
0C00
0C00
4C00
ECC0
7D80
3F00
1E00
0C00
0000
FFC0
FFC0
ENDCHAR
STARTCHAR 21A9
ENCODING 8617
SWIDTH 583 0
DWIDTH 14 0
BBX 15 11 1 3
BITMAP
0018
081C
180C
300E
600C
FFFC
FFF8
6000
3000
1800
0800
ENDCHAR
STARTCHAR 21AA
ENCODING 8618
SWIDTH 583 0
DWIDTH 14 0
BBX 15 11 -1 3
BITMAP
7000
F020
E070
E038
E01C
7FFE
3FFE
001C
0038
0070
0020
ENDCHAR
STARTCHAR 21AB
ENCODING 8619
SWIDTH 583 0
DWIDTH 14 0
BBX 15 11 0 3
BITMAP
007C
0CFE
1DCE
39CE
71CE
FFFC
FFF8
71C0
39C0
1DC0
09C0
ENDCHAR
STARTCHAR 21AC
ENCODING 8620
SWIDTH 583 0
DWIDTH 14 0
BBX 15 11 -1 3
BITMAP
7C00
FE60
E770
E738
E71C
7FFE
3FFE
071C
0738
0770
0720
ENDCHAR
STARTCHAR 21AD
ENCODING 8621
SWIDTH 583 0
DWIDTH 14 0
BBX 13 10 1 3
BITMAP
1880
39C0
7060
E3F0
E7F8
FE38
7C70
30E0
19C0
0880
ENDCHAR
STARTCHAR 21AE
ENCODING 8622
SWIDTH 583 0
DWIDTH 14 0
BBX 13 11 1 2
BITMAP
0100
0980
19C0
33E0
6370
FFF8
FFF8
6470
3CE0
1DC0
0880
ENDCHAR
STARTCHAR 21AF
ENCODING 8623
SWIDTH 583 0
DWIDTH 14 0
BBX 13 20 2 -2
BITMAP
3000
3000
7000
7000
7000
6000
6000
E020
E3E0
FFE0
FEC0
E0C0
01C0
01C0
0DC0
0D80
07B8
07F0
03C0
0100
ENDCHAR
STARTCHAR 21B0
ENCODING 8624
SWIDTH 583 0
DWIDTH 14 0
BBX 9 20 3 -2
BITMAP
1000
3000
6000
FF80
FF80
6180
3180
1180
0180
0180
0180
0180
0180
0180
0180
0180
0180
0180
0180
0180
ENDCHAR
STARTCHAR 21B1
ENCODING 8625
SWIDTH 583 0
DWIDTH 14 0
BBX 9 20 2 -2
BITMAP
0400
0600
0300
FF80
FF80
C300
C600
C400
C000
C000
C000
C000
C000
C000
C000
C000
C000
C000
C000
C000
ENDCHAR
STARTCHAR 21B2
ENCODING 8626
SWIDTH 583 0
DWIDTH 14 0
BBX 9 20 3 -2
BITMAP
0180
0180
0180
0180
0180
0180
0180
0180
0180
0180
0180
0180
1180
3180
6180
FF80
FF80
6000
3000
1000
ENDCHAR
STARTCHAR 21B3
ENCODING 8627
SWIDTH 583 0
DWIDTH 14 0
BBX 9 20 2 -2
BITMAP
C000
C000
C000
C000
C000
C000
C000
C000
C000
C000
C000
C000
C400
C600
C300
FF80
FF80
0300
0600
0400
ENDCHAR
STARTCHAR 21B4
ENCODING 8628
SWIDTH 583 0
DWIDTH 14 0
BBX 13 21 1 -2
BITMAP
FF80
FF80
0180
0180
0180
0180
0180
0180
0180
0180
0180
0180
0180
0180
0180
0990
1DB8
0FF0
07E0
03C0
0180
ENDCHAR
STARTCHAR 21B5
ENCODING 8629
SWIDTH 583 0
DWIDTH 14 0
BBX 14 20 1 -2
BITMAP
000C
000C
000C
000C
000C
000C
000C
000C
000C
000C
080C
180C
300C
600C
FFFC
FFFC
6000
3000
1800
0800
ENDCHAR
STARTCHAR 21B6
ENCODING 8630
SWIDTH 583 0
DWIDTH 14 0
BBX 12 11 0 6
BITMAP
0300
0FC0
1860
3030
3030
3030
3030
FC30
7C30
3800
1000
ENDCHAR
STARTCHAR 21B7
ENCODING 8631
SWIDTH 583 0
DWIDTH 14 0
BBX 12 11 2 6
BITMAP
0C00
3F00
6180
C0C0
C0C0
C0C0
C0C0
C3F0
C1F0
00E0
0040
ENDCHAR
STARTCHAR 21B8
ENCODING 8632
SWIDTH 583 0
DWIDTH 14 0
BBX 13 17 1 -1
BITMAP
FFF0
FFF0
0000
0000
FE00
FE00
F000
F800
DC00
CE00
C700
0380
01C0
00E0
0070
0038
0010
ENDCHAR
STARTCHAR 21B9
ENCODING 8633
SWIDTH 583 0
DWIDTH 14 0
BBX 15 18 0 -1
BITMAP
C100
C300
C600
DC00
FFFC
DFFC
CC00
C700
C306
0386
01C6
00E6
7FF6
7FF6
0066
00C6
0186
0106
ENDCHAR
STARTCHAR 21BA
ENCODING 8634
SWIDTH 583 0
DWIDTH 14 0
BBX 10 19 2 0
BITMAP
0600
0E00
1E00
1F80
0F80
06C0
00C0
00C0
00C0
00C0
00C0
C0C0
C0C0
C0C0
C0C0
C0C0
61C0
7F80
1F00
ENDCHAR
STARTCHAR 21BB
ENCODING 8635
SWIDTH 583 0
DWIDTH 14 0
BBX 10 19 2 0
BITMAP
1800
1C00
1E00
3E00
7C00
D800
C000
C000
C000
C000
C000
C0C0
C0C0
C0C0
C0C0
C0C0
61C0
7F80
1F00
ENDCHAR
STARTCHAR 21BC
ENCODING 8636
SWIDTH 583 0
DWIDTH 14 0
BBX 13 6 1 7
BITMAP
0800
1800
3000
7000
FFF8
FFF8
ENDCHAR
STARTCHAR 21BD
ENCODING 8637
SWIDTH 583 0
DWIDTH 14 0
BBX 13 6 1 3
BITMAP
FFF8
FFF8
7000
3000
1800
0800
ENDCHAR
STARTCHAR 21BE
ENCODING 8638
SWIDTH 583 0
DWIDTH 14 0
BBX 6 20 6 -1
BITMAP
80
E0
F0
F8
DC
C0
C0
C0
C0
C0
C0
C0
C0
C0
C0
C0
C0
C0
C0
C0
ENDCHAR
STARTCHAR 21BF
ENCODING 8639
SWIDTH 583 0
DWIDTH 14 0
BBX 6 20 2 -1
BITMAP
04
0C
3C
7C
EC
4C
0C
0C
0C
0C
0C
0C
0C
0C
0C
0C
0C
0C
0C
0C
ENDCHAR
STARTCHAR 21C0
ENCODING 8640
SWIDTH 583 0
DWIDTH 14 0
BBX 13 6 1 7
BITMAP
0080
01C0
00C0
0060
FFF0
FFF8
ENDCHAR
STARTCHAR 21C1
ENCODING 8641
SWIDTH 583 0
DWIDTH 14 0
BBX 13 6 1 3
BITMAP
FFF8
FFF0
0060
00C0
0180
0080
ENDCHAR
STARTCHAR 21C2
ENCODING 8642
SWIDTH 583 0
DWIDTH 14 0
BBX 6 20 6 -2
BITMAP
C0
C0
C0
C0
C0
C0
C0
C0
C0
C0
C0
C0
C0
C0
C8
DC
F8
E0
C0
80
ENDCHAR
STARTCHAR 21C3
ENCODING 8643
SWIDTH 583 0
DWIDTH 14 0
BBX 6 20 2 -2
BITMAP
0C
0C
0C
0C
0C
0C
0C
0C
0C
0C
0C
0C
0C
0C
4C
EC
3C
1C
0C
04
ENDCHAR
STARTCHAR 21C4
ENCODING 8644
SWIDTH 583 0
DWIDTH 14 0
BBX 14 18 0 -1
BITMAP
0040
00E0
0070
0038
7FFC
7FFC
0038
0070
00C0
0C00
1800
3000
7FFC
FFFC
7000
3800
0C00
0400
ENDCHAR
STARTCHAR 21C5
ENCODING 8645
SWIDTH 583 0
DWIDTH 14 0
BBX 17 20 -1 -1
BITMAP
0C1800
1E1800
3F1800
6D9800
CCD800
0C1800
0C1800
0C1800
0C1800
0C1800
0C1800
0C1800
0C1800
0C1800
0D1900
0DDB80
0CFF00
0C7E00
0C3C00
0C1800
ENDCHAR
STARTCHAR 21C6
ENCODING 8646
SWIDTH 583 0
DWIDTH 14 0
BBX 14 18 0 -1
BITMAP
0400
0C00
3800
7000
FFFC
7FFC
3000
1800
0C00
00C0
0070
0038
7FFC
7FFC
0038
0070
00E0
0040
ENDCHAR
STARTCHAR 21C7
ENCODING 8647
SWIDTH 583 0
DWIDTH 14 0
BBX 14 18 0 -1
BITMAP
0400
0C00
3800
7000
FFFC
7FFC
3000
1800
0C00
0C00
1800
3000
7FFC
FFFC
7000
3800
0C00
0400
ENDCHAR
STARTCHAR 21C8
ENCODING 8648
SWIDTH 583 0
DWIDTH 14 0
BBX 17 20 -1 -1
BITMAP
0C1800
1E3C00
3F7E00
6DDB00
CDD980
0C1800
0C1800
0C1800
0C1800
0C1800
0C1800
0C1800
0C1800
0C1800
0C1800
0C1800
0C1800
0C1800
0C1800
0C1800
ENDCHAR
STARTCHAR 21C9
ENCODING 8649
SWIDTH 583 0
DWIDTH 14 0
BBX 13 18 1 -1
BITMAP
0080
01C0
00E0
0070
FFF8
FFF8
0070
00E0
0180
0180
00E0
0070
FFF8
FFF8
0070
00E0
01C0
0080
ENDCHAR
STARTCHAR 21CA
ENCODING 8650
SWIDTH 583 0
DWIDTH 14 0
BBX 17 20 -1 -2
BITMAP
0C1800
0C1800
0C1800
0C1800
0C1800
0C1800
0C1800
0C1800
0C1800
0C1800
0C1800
0C1800
0C1800
0C1800
4D9900
EDDB80
7FFF00
3F7E00
1E3C00
0C1800
ENDCHAR
STARTCHAR 21CB
ENCODING 8651
SWIDTH 583 0
DWIDTH 14 0
BBX 13 15 1 1
BITMAP
0800
1800
3000
7000
FFF8
FFF8
0000
0000
0000
FFF8
FFF0
0060
00C0
01C0
0080
ENDCHAR
STARTCHAR 21CC
ENCODING 8652
SWIDTH 583 0
DWIDTH 14 0
BBX 13 15 1 1
BITMAP
0080
0180
00C0
0060
FFF0
FFF8
0000
0000
0000
FFF8
FFF8
7000
3000
1800
0800
ENDCHAR
STARTCHAR 21CD
ENCODING 8653
SWIDTH 583 0
DWIDTH 14 0
BBX 13 12 1 2
BITMAP
0040
18C0
18C0
3FF8
7FF8
C180
C100
7FF8
3FF8
1E00
1E00
0400
ENDCHAR
STARTCHAR 21CE
ENCODING 8654
SWIDTH 583 0
DWIDTH 14 0
BBX 13 12 1 2
BITMAP
0100
1980
19C0
3FE0
7FF0
C238
C638
7FF0
3FE0
1DC0
1880
0800
ENDCHAR
STARTCHAR 21CF
ENCODING 8655
SWIDTH 583 0
DWIDTH 14 0
BBX 13 12 1 2
BITMAP
0200
0280
07C0
FFE0
FFF0
0C38
0C38
FFF0
FFE0
11C0
3080
1000
ENDCHAR
STARTCHAR 21D0
ENCODING 8656
SWIDTH 583 0
DWIDTH 14 0
BBX 13 10 1 3
BITMAP
1800
1800
3FF8
7FF8
C000
C000
7FF8
3FF8
1800
1800
ENDCHAR
STARTCHAR 21D1
ENCODING 8657
SWIDTH 583 0
DWIDTH 14 0
BBX 10 20 2 -1
BITMAP
0C00
1E00
3300
7380
F3C0
3300
3300
3300
3300
3300
3300
3300
3300
3300
3300
3300
3300
3300
3300
3300
ENDCHAR
STARTCHAR 21D2
ENCODING 8658
SWIDTH 583 0
DWIDTH 14 0
BBX 13 10 1 3
BITMAP
0080
01C0
FFE0
FFF0
0038
0038
FFF0
FFE0
01C0
0080
ENDCHAR
STARTCHAR 21D3
ENCODING 8659
SWIDTH 583 0
DWIDTH 14 0
BBX 10 20 2 -2
BITMAP
3300
3300
3300
3300
3300
3300
3300
3300
3300
3300
3300
3300
3300
3300
7380
F3C0
7380
3F00
1E00
0C00
ENDCHAR
STARTCHAR 21D4
ENCODING 8660
SWIDTH 583 0
DWIDTH 14 0
BBX 13 10 1 3
BITMAP
1880
19C0
3FE0
7FF0
C038
C038
7FF0
3FE0
19C0
1880
ENDCHAR
STARTCHAR 21D5
ENCODING 8661
SWIDTH 583 0
DWIDTH 14 0
BBX 10 20 2 -1
BITMAP
0C00
1E00
3300
7380
F3C0
3300
3300
3300
3300
3300
3300
3300
3300
3300
7380
F3C0
7380
3F00
1E00
0C00
ENDCHAR
STARTCHAR 21D6
ENCODING 8662
SWIDTH 583 0
DWIDTH 14 0
BBX 15 19 0 -2
BITMAP
6000
7F00
6F00
4600
6600
F300
F180
5980
0CC0
0C60
0660
0330
0318
0198
00CC
00C6
0064
0030
0020
ENDCHAR
STARTCHAR 21D7
ENCODING 8663
SWIDTH 583 0
DWIDTH 14 0
BBX 14 19 0 -2
BITMAP
0008
01F8
03C8
00CC
019C
031C
0334
0660
0C60
0CC0
1980
3180
3300
6600
C600
CC00
9800
1800
1000
ENDCHAR
STARTCHAR 21D8
ENCODING 8664
SWIDTH 583 0
DWIDTH 14 0
BBX 14 19 0 -1
BITMAP
1000
1800
9800
CC00
C600
6600
3300
3180
1980
0CC0
0C60
0660
0334
031C
019C
00CC
03C8
01F8
0008
ENDCHAR
STARTCHAR 21D9
ENCODING 8665
SWIDTH 583 0
DWIDTH 14 0
BBX 15 19 0 -1
BITMAP
0020
0030
0064
00C6
00CC
0198
0318
0330
0660
0C60
0CC0
5980
F180
F300
6600
4600
6F00
7F00
6000
ENDCHAR
STARTCHAR 21DA
ENCODING 8666
SWIDTH 583 0
DWIDTH 14 0
BBX 14 9 0 3
BITMAP
0C00
1C00
3FFC
7000
FFFC
6000
3FFC
1800
0C00
ENDCHAR
STARTCHAR 21DB
ENCODING 8667
SWIDTH 583 0
DWIDTH 14 0
BBX 13 9 1 3
BITMAP
0180
00C0
FFE0
0030
FFF8
0030
FFE0
00C0
0180
ENDCHAR
STARTCHAR 21DC
ENCODING 8668
SWIDTH 583 0
DWIDTH 14 0
BBX 13 9 1 3
BITMAP
0800
1800
3000
6300
E798
FCF8
7860
3800
1800
ENDCHAR
STARTCHAR 21DD
ENCODING 8669
SWIDTH 583 0
DWIDTH 14 0
BBX 13 10 1 3
BITMAP
0080
01C0
04E0
0E70
DE78
FBF8
31F0
20E0
01C0
0080
ENDCHAR
STARTCHAR 21DE
ENCODING 8670
SWIDTH 583 0
DWIDTH 14 0
BBX 10 20 2 -1
BITMAP
0C00
1E00
3F00
6D80
CCC0
0C00
0C00
0C00
0C00
3F00
0C00
0C00
0C00
3F00
0C00
0C00
0C00
0C00
0C00
0C00
ENDCHAR
STARTCHAR 21DF
ENCODING 8671
SWIDTH 583 0
DWIDTH 14 0
BBX 10 20 2 -2
BITMAP
0C00
0C00
0C00
0C00
0C00
0C00
3F00
0C00
0C00
3F00
0C00
0C00
0C00
0C00
4C80
EDC0
7F80
3F00
1E00
0C00
ENDCHAR
STARTCHAR 21E0
ENCODING 8672
SWIDTH 583 0
DWIDTH 14 0
BBX 13 9 1 3
BITMAP
0800
1800
3000
6000
FBC8
FBC8
6000
3000
1800
ENDCHAR
STARTCHAR 21E1
ENCODING 8673
SWIDTH 583 0
DWIDTH 14 0
BBX 10 20 2 -1
BITMAP
0C00
1E00
3F00
6D80
CCC0
0000
0C00
0C00
0C00
0C00
0000
0000
0C00
0C00
0C00
0C00
0000
0C00
0C00
0C00
ENDCHAR
STARTCHAR 21E2
ENCODING 8674
SWIDTH 583 0
DWIDTH 14 0
BBX 12 9 1 3
BITMAP
0100
0180
00C0
0060
BCF0
BCF0
0060
00C0
0180
ENDCHAR
STARTCHAR 21E3
ENCODING 8675
SWIDTH 583 0
DWIDTH 14 0
BBX 9 19 3 -2
BITMAP
1800
1800
1800
0000
1800
1800
1800
1800
0000
1800
1800
1800
1800
0000
8180
DB00
7E00
3C00
1800
ENDCHAR
STARTCHAR 21E4
ENCODING 8676
SWIDTH 583 0
DWIDTH 14 0
BBX 14 10 0 3
BITMAP
C100
C300
C600
CC00
DFFC
DFFC
CC00
C600
C300
C100
ENDCHAR
STARTCHAR 21E5
ENCODING 8677
SWIDTH 583 0
DWIDTH 14 0
BBX 14 10 1 3
BITMAP
020C
030C
018C
00CC
FFEC
FFEC
01CC
038C
070C
020C
ENDCHAR
STARTCHAR 21E6
ENCODING 8678
SWIDTH 583 0
DWIDTH 14 0
BBX 14 7 0 5
BITMAP
0400
1FFC
3004
C004
3004
1FFC
0C00
ENDCHAR
STARTCHAR 21E7
ENCODING 8679
SWIDTH 583 0
DWIDTH 14 0
BBX 9 20 3 -2
BITMAP
0800
1C00
3400
2200
4300
E380
2200
2200
2200
2200
2200
2200
2200
2200
2200
2200
2200
2200
2200
3E00
ENDCHAR
STARTCHAR 21E8
ENCODING 8680
SWIDTH 583 0
DWIDTH 14 0
BBX 13 9 1 4
BITMAP
0100
0180
FFE0
8030
8018
8030
FFE0
0180
0100
ENDCHAR
STARTCHAR 21E9
ENCODING 8681
SWIDTH 583 0
DWIDTH 14 0
BBX 8 20 3 -2
BITMAP
3E
22
22
22
22
22
22
22
22
22
22
22
22
22
E3
43
22
34
1C
08
ENDCHAR
STARTCHAR 21EA
ENCODING 8682
SWIDTH 583 0
DWIDTH 14 0
BBX 9 20 3 -1
BITMAP
0800
1C00
3600
2200
6300
E380
2200
2200
2200
2200
2200
2200
2200
2200
3E00
0000
3E00
2200
2200
3E00
ENDCHAR
STARTCHAR 21EB
ENCODING 8683
SWIDTH 583 0
DWIDTH 14 0
BBX 8 21 3 -2
BITMAP
10
18
28
64
46
C6
44
44
44
44
44
44
44
44
44
44
44
C7
83
83
FF
ENDCHAR
STARTCHAR 21EC
ENCODING 8684
SWIDTH 583 0
DWIDTH 14 0
BBX 8 20 3 -2
BITMAP
10
38
2C
7E
C6
44
44
44
44
44
44
44
44
44
44
44
C7
83
83
FF
ENDCHAR
STARTCHAR 21ED
ENCODING 8685
SWIDTH 583 0
DWIDTH 14 0
BBX 8 21 3 -2
BITMAP
10
18
3C
7C
5A
DF
5E
5E
5E
5E
5E
5E
5E
5E
5E
5E
5E
DF
99
99
FF
ENDCHAR
STARTCHAR 21EE
ENCODING 8686
SWIDTH 583 0
DWIDTH 14 0
BBX 9 20 3 -2
BITMAP
0800
1C00
3400
2A00
5F00
F780
2200
4300
E300
2200
2200
2200
2200
2200
2200
2200
2200
2200
2200
3E00
ENDCHAR
STARTCHAR 21EF
ENCODING 8687
SWIDTH 583 0
DWIDTH 14 0
BBX 8 21 3 -2
BITMAP
10
18
28
64
5E
FE
24
46
C6
44
44
44
44
44
44
44
44
C7
83
83
FF
ENDCHAR
STARTCHAR 21F0
ENCODING 8688
SWIDTH 583 0
DWIDTH 14 0
BBX 13 8 1 5
BITMAP
E180
BFC0
8030
8018
8030
BF60
BFC0
E100
ENDCHAR
STARTCHAR 21F1
ENCODING 8689
SWIDTH 583 0
DWIDTH 14 0
BBX 17 17 -1 -1
BITMAP
FFFF80
FFFF80
E00000
E00000
EFE000
EFE000
EF0000
EF8000
EDC000
ECE000
EC7000
E03800
E01C00
E00E00
E00700
E00380
000180
ENDCHAR
STARTCHAR 21F2
ENCODING 8690
SWIDTH 583 0
DWIDTH 14 0
BBX 17 17 -2 0
BITMAP
C00000
E00380
700380
380380
1C0380
0E0380
071B80
039B80
01DB80
00FB80
007B80
03FB80
03FB80
000380
000380
FFFF80
FFFF80
ENDCHAR
STARTCHAR 21F3
ENCODING 8691
SWIDTH 583 0
DWIDTH 14 0
BBX 7 21 4 -2
BITMAP
10
10
28
6C
C4
C6
44
44
44
44
44
44
44
44
44
C6
C6
4C
28
30
10
ENDCHAR
STARTCHAR 21F4
ENCODING 8692
SWIDTH 583 0
DWIDTH 14 0
BBX 13 10 1 3
BITMAP
0080
01C0
1EE0
3370
FFF8
FFF8
3370
1EE0
01C0
0080
ENDCHAR
STARTCHAR 21F5
ENCODING 8693
SWIDTH 583 0
DWIDTH 14 0
BBX 17 20 -1 -1
BITMAP
0C1800
0C3C00
0C7E00
0CDB00
0D9980
0C1800
0C1800
0C1800
0C1800
0C1800
0C1800
0C1800
0C1800
0C1800
4C9800
EDD800
7F9800
3F1800
1E1800
0C1800
ENDCHAR
STARTCHAR 21F6
ENCODING 8694
SWIDTH 583 0
DWIDTH 14 0
BBX 13 20 1 -2
BITMAP
00C0
00E0
0070
FFF8
FFF8
0070
00E0
00E0
0070
FFF8
FFF8
0070
00E0
00E0
0070
FFF8
FFF8
0070
00E0
00C0
ENDCHAR
STARTCHAR 21F7
ENCODING 8695
SWIDTH 583 0
DWIDTH 14 0
BBX 13 10 1 3
BITMAP
0800
1800
3180
6180
FFF8
FFF8
6180
3180
1800
0800
ENDCHAR
STARTCHAR 21F8
ENCODING 8696
SWIDTH 583 0
DWIDTH 14 0
BBX 14 10 0 3
BITMAP
0040
00E0
0670
0638
FFFC
FFFC
0638
0670
00E0
0040
ENDCHAR
STARTCHAR 21F9
ENCODING 8697
SWIDTH 583 0
DWIDTH 14 0
BBX 13 10 1 3
BITMAP
0880
19C0
36E0
6670
FFF8
FFF8
6670
36E0
19C0
0080
ENDCHAR
STARTCHAR 21FA
ENCODING 8698
SWIDTH 583 0
DWIDTH 14 0
BBX 13 9 1 3
BITMAP
0800
1800
36C0
66C0
FFF8
FFF8
66C0
36C0
1800
ENDCHAR
STARTCHAR 21FB
ENCODING 8699
SWIDTH 583 0
DWIDTH 14 0
BBX 13 10 1 3
BITMAP
0080
00C0
1A60
1A30
FFF8
FFF8
1A30
1A60
00C0
0080
ENDCHAR
STARTCHAR 21FC
ENCODING 8700
SWIDTH 583 0
DWIDTH 14 0
BBX 13 10 1 3
BITMAP
0880
18C0
3DE0
6DB0
FFF8
FFF8
6DB0
3DE0
19C0
0080
ENDCHAR
STARTCHAR 21FD
ENCODING 8701
SWIDTH 583 0
DWIDTH 14 0
BBX 13 7 1 4
BITMAP
2000
2000
6000
BFF8
BFF8
6000
2000
ENDCHAR
STARTCHAR 21FE
ENCODING 8702
SWIDTH 583 0
DWIDTH 14 0
BBX 13 7 0 4
BITMAP
0040
0020
0030
FFE8
FFE8
0030
0020
ENDCHAR
STARTCHAR 21FF
ENCODING 8703
SWIDTH 583 0
DWIDTH 14 0
BBX 13 8 1 4
BITMAP
2040
2060
6070
BFD8
BFD8
6070
2060
0040
ENDCHAR
STARTCHAR 2200
ENCODING 8704
SWIDTH 583 0
DWIDTH 14 0
BBX 11 18 2 0
BITMAP
E0E0
E0E0
E1C0
E1C0
7FC0
7FC0
7180
7380
7380
3380
3B80
3B00
3F00
1F00
1F00
1E00
1E00
1E00
ENDCHAR
STARTCHAR 2201
ENCODING 8705
SWIDTH 583 0
DWIDTH 14 0
BBX 11 18 2 -1
BITMAP
3F00
7FC0
71C0
E0E0
E0E0
E000
E000
E000
E000
E000
E000
E000
E000
E0E0
E0C0
71C0
7F80
1F00
ENDCHAR
STARTCHAR 2202
ENCODING 8706
SWIDTH 583 0
DWIDTH 14 0
BBX 11 17 2 1
BITMAP
3C00
3E00
0F00
0780
0380
01C0
1DC0
7EE0
7FE0
F1E0
E0E0
E0E0
E0E0
E0E0
71C0
7FC0
3F00
ENDCHAR
STARTCHAR 2203
ENCODING 8707
SWIDTH 583 0
DWIDTH 14 0
BBX 10 17 2 0
BITMAP
FFC0
FFC0
01C0
01C0
01C0
01C0
01C0
7FC0
7FC0
01C0
01C0
01C0
01C0
01C0
01C0
FFC0
FFC0
ENDCHAR
STARTCHAR 2204
ENCODING 8708
SWIDTH 583 0
DWIDTH 14 0
BBX 10 21 2 -2
BITMAP
00C0
0180
FFC0
FFC0
03C0
03C0
03C0
07C0
07C0
7FC0
7FC0
0DC0
19C0
19C0
11C0
31C0
31C0
FFC0
FFC0
6000
C000
ENDCHAR
STARTCHAR 2205
ENCODING 8709
SWIDTH 583 0
DWIDTH 14 0
BBX 11 20 2 -1
BITMAP
0040
1EC0
3FC0
7380
61C0
E3C0
E3C0
E7E0
E6E0
EEE0
ECE0
FCE0
F8E0
F8C0
F0C0
71C0
7380
7F80
FF00
C000
ENDCHAR
STARTCHAR 2206
ENCODING 8710
SWIDTH 583 0
DWIDTH 14 0
BBX 11 18 2 0
BITMAP
0E00
1E00
1E00
1E00
1F00
3B00
3B00
3300
3380
3380
7180
7180
61C0
61C0
E1C0
E0C0
FFE0
FFE0
ENDCHAR
STARTCHAR 2207
ENCODING 8711
SWIDTH 583 0
DWIDTH 14 0
BBX 11 18 2 0
BITMAP
FFE0
FFE0
E0C0
E1C0
61C0
61C0
7180
7180
3380
3380
3300
3B00
3B00
1F00
1E00
1E00
1E00
0E00
ENDCHAR
STARTCHAR 2208
ENCODING 8712
SWIDTH 583 0
DWIDTH 14 0
BBX 10 14 2 1
BITMAP
0FC0
3FC0
7800
7000
E000
E000
FFC0
FFC0
E000
E000
7000
7800
3FC0
0FC0
ENDCHAR
STARTCHAR 2209
ENCODING 8713
SWIDTH 583 0
DWIDTH 14 0
BBX 10 22 2 -3
BITMAP
01C0
0180
0180
0180
0FC0
3FC0
7B00
7300
E300
E600
FFC0
FFC0
E600
EE00
7C00
7C00
3FC0
0FC0
1800
1800
1800
1800
ENDCHAR
STARTCHAR 220A
ENCODING 8714
SWIDTH 583 0
DWIDTH 14 0
BBX 10 10 2 3
BITMAP
3FC0
7FC0
F000
E000
FFC0
FFC0
E000
F000
7FC0
3FC0
ENDCHAR
STARTCHAR 220B
ENCODING 8715
SWIDTH 583 0
DWIDTH 14 0
BBX 10 14 2 1
BITMAP
FE00
FF00
0780
01C0
01C0
00C0
FFC0
FFC0
00C0
01C0
01C0
0780
FF00
FE00
ENDCHAR
STARTCHAR 220C
ENCODING 8716
SWIDTH 583 0
DWIDTH 14 0
BBX 10 22 2 -3
BITMAP
0300
0600
0600
0600
FE00
FF00
0F80
0DC0
0DC0
0CC0
FFC0
FFC0
18C0
19C0
31C0
3780
FF00
FE00
7000
6000
6000
6000
ENDCHAR
STARTCHAR 220D
ENCODING 8717
SWIDTH 583 0
DWIDTH 14 0
BBX 10 10 2 3
BITMAP
FF00
FF80
01C0
00C0
FFC0
FFC0
00C0
01C0
FF80
FF00
ENDCHAR
STARTCHAR 220E
ENCODING 8718
SWIDTH 583 0
DWIDTH 14 0
BBX 10 16 2 0
BITMAP
FFC0
FFC0
FFC0
FFC0
FFC0
FFC0
FFC0
FFC0
FFC0
FFC0
FFC0
FFC0
FFC0
FFC0
FFC0
FFC0
ENDCHAR
STARTCHAR 220F
ENCODING 8719
SWIDTH 583 0
DWIDTH 14 0
BBX 12 22 1 -3
BITMAP
FFF0
FFF0
7060
7060
7060
7060
7060
7060
7060
7060
7060
7060
7060
7060
7060
7060
7060
7060
7060
7060
F8F0
F8F0
ENDCHAR
STARTCHAR 2210
ENCODING 8720
SWIDTH 583 0
DWIDTH 14 0
BBX 12 22 1 -3
BITMAP
F8F0
F8F0
7060
7060
7060
7060
7060
7060
7060
7060
7060
7060
7060
7060
7060
7060
7060
7060
7060
7060
FFF0
FFF0
ENDCHAR
STARTCHAR 2211
ENCODING 8721
SWIDTH 583 0
DWIDTH 14 0
BBX 10 22 2 -3
BITMAP
FFC0
FFC0
E0C0
60C0
7000
3000
3800
1800
1800
1C00
0C00
0C00
1C00
1800
1800
3800
3000
7000
60C0
E0C0
FFC0
FFC0
ENDCHAR
STARTCHAR 2212
ENCODING 8722
SWIDTH 583 0
DWIDTH 14 0
BBX 10 2 2 7
BITMAP
FFC0
FFC0
ENDCHAR
STARTCHAR 2213
ENCODING 8723
SWIDTH 583 0
DWIDTH 14 0
BBX 10 13 2 3
BITMAP
FFC0
FFC0
0C00
0C00
0C00
0C00
0C00
FFC0
FFC0
0C00
0C00
0C00
0C00
ENDCHAR
STARTCHAR 2214
ENCODING 8724
SWIDTH 583 0
DWIDTH 14 0
BBX 10 14 2 3
BITMAP
1E00
1E00
1E00
0000
0C00
0C00
0C00
0C00
FFC0
FFC0
0C00
0C00
0C00
0C00
ENDCHAR
STARTCHAR 2215
ENCODING 8725
SWIDTH 583 0
DWIDTH 14 0
BBX 11 23 2 -3
BITMAP
00E0
01C0
01C0
0180
0380
0380
0300
0700
0700
0600
0E00
0E00
1C00
1C00
1C00
3800
3800
3800
7000
7000
7000
E000
E000
ENDCHAR
STARTCHAR 2216
ENCODING 8726
SWIDTH 583 0
DWIDTH 14 0
BBX 10 23 2 -3
BITMAP
E000
E000
7000
7000
7000
3800
3800
3800
1C00
1C00
1C00
0E00
0E00
0E00
0700
0700
0700
0380
0380
0380
01C0
01C0
01C0
ENDCHAR
STARTCHAR 2217
ENCODING 8727
SWIDTH 583 0
DWIDTH 14 0
BBX 10 12 2 2
BITMAP
0C00
0C00
8C40
EDC0
7F80
1E00
3F00
FFC0
CCC0
0C40
0C00
0C00
ENDCHAR
STARTCHAR 2218
ENCODING 8728
SWIDTH 583 0
DWIDTH 14 0
BBX 6 6 4 5
BITMAP
78
FC
CC
CC
FC
78
ENDCHAR
STARTCHAR 2219
ENCODING 8729
SWIDTH 583 0
DWIDTH 14 0
BBX 9 9 3 4
BITMAP
1800
7E00
FF00
FF00
FF80
FF80
FF00
7F00
3E00
ENDCHAR
STARTCHAR 221A
ENCODING 8730
SWIDTH 583 0
DWIDTH 14 0
BBX 14 23 1 -3
BITMAP
000C
000C
001C
001C
0018
0038
0038
0030
0070
0070
0070
0060
00E0
E0E0
E0C0
71C0
71C0
3980
3B80
1F80
1F00
0F00
0F00
ENDCHAR
STARTCHAR 221B
ENCODING 8731
SWIDTH 583 0
DWIDTH 14 0
BBX 16 24 0 -4
BITMAP
0006
0007
FC0E
0C0E
380E
3C0C
0E1C
061C
C618
7C38
0038
0030
0070
7070
7060
38E0
38E0
1CE0
1CC0
0FC0
0FC0
0780
0780
0380
ENDCHAR
STARTCHAR 221C
ENCODING 8732
SWIDTH 583 0
DWIDTH 14 0
BBX 15 23 1 -3
BITMAP
000E
180E
180C
301C
601C
681C
C818
FC38
0838
1C30
0070
0070
0060
E0E0
70E0
70C0
39C0
39C0
1D80
1D80
0F80
0F80
0700
ENDCHAR
STARTCHAR 221D
ENCODING 8733
SWIDTH 583 0
DWIDTH 14 0
BBX 10 8 2 4
BITMAP
70C0
FBC0
CF00
CE00
CE00
DF00
F9C0
70C0
ENDCHAR
STARTCHAR 221E
ENCODING 8734
SWIDTH 583 0
DWIDTH 14 0
BBX 11 8 2 4
BITMAP
71C0
FBC0
CE60
CE60
CE60
DE60
FBC0
71C0
ENDCHAR
STARTCHAR 221F
ENCODING 8735
SWIDTH 583 0
DWIDTH 14 0
BBX 12 12 1 2
BITMAP
C000
C000
C000
C000
C000
C000
C000
C000
C000
C000
FFF0
FFF0
ENDCHAR
STARTCHAR 2220
ENCODING 8736
SWIDTH 583 0
DWIDTH 14 0
BBX 11 11 2 3
BITMAP
0020
0060
00E0
01C0
0380
0700
0E00
1C00
3800
7FE0
FFE0
ENDCHAR
STARTCHAR 2221
ENCODING 8737
SWIDTH 583 0
DWIDTH 14 0
BBX 11 12 2 2
BITMAP
0020
0060
00E0
09C0
1F80
0F00
0E00
1F00
3B00
7FE0
FFE0
0300
ENDCHAR
STARTCHAR 2222
ENCODING 8738
SWIDTH 583 0
DWIDTH 14 0
BBX 11 12 2 3
BITMAP
0620
06E0
07C0
0F00
3F00
F300
7B00
1F00
0780
07E0
0660
0600
ENDCHAR
STARTCHAR 2223
ENCODING 8739
SWIDTH 583 0
DWIDTH 14 0
BBX 3 16 6 0
BITMAP
E0
E0
E0
E0
E0
E0
E0
E0
E0
E0
E0
E0
E0
E0
E0
E0
ENDCHAR
STARTCHAR 2224
ENCODING 8740
SWIDTH 583 0
DWIDTH 14 0
BBX 9 16 3 0
BITMAP
1C00
1C00
1C00
1D00
1F80
1F00
1E00
1C00
3C00
7C00
FC00
DC00
1C00
1C00
1C00
1C00
ENDCHAR
STARTCHAR 2225
ENCODING 8741
SWIDTH 583 0
DWIDTH 14 0
BBX 7 16 4 0
BITMAP
C6
C6
C6
C6
C6
C6
C6
C6
C6
C6
C6
C6
C6
C6
C6
C6
ENDCHAR
STARTCHAR 2226
ENCODING 8742
SWIDTH 583 0
DWIDTH 14 0
BBX 11 16 2 0
BITMAP
3180
3180
3180
3180
31E0
31C0
3380
3F80
3D80
3980
7180
F180
3180
3180
3180
3180
ENDCHAR
STARTCHAR 2227
ENCODING 8743
SWIDTH 583 0
DWIDTH 14 0
BBX 10 16 2 0
BITMAP
0E00
1E00
1E00
1E00
1F00
3F00
3B00
3B00
3380
3380
7380
7180
61C0
61C0
E1C0
E0C0
ENDCHAR
STARTCHAR 2228
ENCODING 8744
SWIDTH 583 0
DWIDTH 14 0
BBX 10 16 2 0
BITMAP
E0C0
61C0
61C0
7180
7180
7380
3380
3380
3B00
3F00
1F00
1F00
1E00
1E00
1E00
0E00
ENDCHAR
STARTCHAR 2229
ENCODING 8745
SWIDTH 583 0
DWIDTH 14 0
BBX 10 16 2 0
BITMAP
3F00
7F80
F3C0
E1C0
E1C0
E1C0
E1C0
E1C0
E1C0
E1C0
E1C0
E1C0
E1C0
E1C0
E1C0
E1C0
ENDCHAR
STARTCHAR 222A
ENCODING 8746
SWIDTH 583 0
DWIDTH 14 0
BBX 10 16 2 0
BITMAP
E1C0
E1C0
E1C0
E1C0
E1C0
E1C0
E1C0
E1C0
E1C0
E1C0
E1C0
E1C0
E1C0
F3C0
7F80
3F00
ENDCHAR
STARTCHAR 222B
ENCODING 8747
SWIDTH 583 0
DWIDTH 14 0
BBX 9 22 3 -3
BITMAP
0780
0F80
1C00
1C00
1C00
1C00
1C00
1C00
1C00
1C00
1C00
1C00
1C00
1C00
1C00
1C00
1C00
1C00
1C00
3800
F800
E000
ENDCHAR
STARTCHAR 222C
ENCODING 8748
SWIDTH 583 0
DWIDTH 14 0
BBX 15 22 0 -3
BITMAP
079E
0FBE
1C70
1C70
1C70
1C70
1C70
1C70
1C70
1C70
1C70
1C70
1C70
1C70
1C70
1C70
1C70
1C70
1C70
38E0
FFE0
E780
ENDCHAR
STARTCHAR 222D
ENCODING 8749
SWIDTH 583 0
DWIDTH 14 0
BBX 14 22 0 -3
BITMAP
0ECC
1FDC
3BB8
3330
3330
3330
3330
3330
3330
3330
3330
3330
3330
3330
3330
3330
3330
3330
3330
7770
EEE0
CCC0
ENDCHAR
STARTCHAR 222E
ENCODING 8750
SWIDTH 583 0
DWIDTH 14 0
BBX 10 22 2 -3
BITMAP
0380
0780
0E00
0C00
0C00
0C00
3F00
7F80
EDC0
CCC0
CCC0
CCC0
CCC0
EDC0
7F80
3F00
0C00
0C00
0C00
1C00
7C00
7000
ENDCHAR
STARTCHAR 222F
ENCODING 8751
SWIDTH 583 0
DWIDTH 14 0
BBX 13 22 1 -3
BITMAP
0670
0EF0
1DC0
1980
1980
1F80
3FE0
79F0
D9B0
D998
D998
D998
D9B8
79F0
7FE0
1F80
1980
1980
1980
3B80
7700
6600
ENDCHAR
STARTCHAR 2230
ENCODING 8752
SWIDTH 583 0
DWIDTH 14 0
BBX 14 23 0 -3
BITMAP
0248
0FF8
1B70
1B60
1B60
1B60
1FE0
3FF0
7B78
7B6C
DB6C
DB6C
DB6C
5B6C
7B78
3B70
1FE0
1B60
1B60
1B60
1B60
7FC0
6DC0
ENDCHAR
STARTCHAR 2231
ENCODING 8753
SWIDTH 583 0
DWIDTH 14 0
BBX 11 22 2 -3
BITMAP
03C0
07C0
0E00
0E00
0E00
0E00
3F80
7FC0
EEC0
CEE0
CEE0
0E40
0E00
0E00
0E00
0E00
0E00
0E00
0E00
1C00
7C00
7000
ENDCHAR
STARTCHAR 2232
ENCODING 8754
SWIDTH 583 0
DWIDTH 14 0
BBX 11 22 2 -3
BITMAP
03C0
07C0
0E00
0C00
0C00
0C00
3F00
7F80
EDC0
CCC0
CDE0
CC40
CC00
EDC0
7F80
3F00
0C00
0C00
0C00
1C00
7C00
7000
ENDCHAR
STARTCHAR 2233
ENCODING 8755
SWIDTH 583 0
DWIDTH 14 0
BBX 11 22 2 -3
BITMAP
03C0
07C0
0E00
0C00
0C00
0C00
3F00
7F80
EDC0
CC00
CCC0
CDE0
CCC0
EDC0
7F80
3F00
0C00
0C00
0C00
1C00
7C00
7000
ENDCHAR
STARTCHAR 2234
ENCODING 8756
SWIDTH 583 0
DWIDTH 14 0
BBX 11 13 2 2
BITMAP
0E00
0E00
0E00
0E00
0000
0000
0000
0000
0000
F1E0
F1E0
F1E0
F1E0
ENDCHAR
STARTCHAR 2235
ENCODING 8757
SWIDTH 583 0
DWIDTH 14 0
BBX 11 13 2 2
BITMAP
F1E0
F1E0
F1E0
F1E0
0000
0000
0000
0000
0000
0E00
0E00
0E00
0E00
ENDCHAR
STARTCHAR 2236
ENCODING 8758
SWIDTH 583 0
DWIDTH 14 0
BBX 4 13 5 2
BITMAP
F0
F0
F0
F0
00
00
00
00
00
F0
F0
F0
F0
ENDCHAR
STARTCHAR 2237
ENCODING 8759
SWIDTH 583 0
DWIDTH 14 0
BBX 11 13 2 2
BITMAP
F1E0
F1E0
F1E0
F1E0
0000
0000
0000
0000
0000
F1E0
F1E0
F1E0
F1E0
ENDCHAR
STARTCHAR 2238
ENCODING 8760
SWIDTH 583 0
DWIDTH 14 0
BBX 10 8 2 7
BITMAP
1E00
1E00
1E00
0000
0000
0000
FFC0
FFC0
ENDCHAR
STARTCHAR 2239
ENCODING 8761
SWIDTH 583 0
DWIDTH 14 0
BBX 12 12 1 2
BITMAP
0070
0070
0070
0000
0000
FE00
FE00
0000
0000
0070
0070
0070
ENDCHAR
STARTCHAR 223A
ENCODING 8762
SWIDTH 583 0
DWIDTH 14 0
BBX 10 14 2 1
BITMAP
E1C0
E1C0
E1C0
0000
0000
0000
FFC0
FFC0
0000
0000
0000
E1C0
E1C0
E1C0
ENDCHAR
STARTCHAR 223B
ENCODING 8763
SWIDTH 583 0
DWIDTH 14 0
BBX 12 14 1 1
BITMAP
0700
0700
0700
0000
0000
3C20
7F70
F7E0
63C0
0000
0000
0700
0700
0700
ENDCHAR
STARTCHAR 223C
ENCODING 8764
SWIDTH 583 0
DWIDTH 14 0
BBX 12 4 1 6
BITMAP
3C20
7E70
F7E0
63C0
ENDCHAR
STARTCHAR 223D
ENCODING 8765
SWIDTH 583 0
DWIDTH 14 0
BBX 12 4 1 6
BITMAP
63C0
F7E0
7E70
3C20
ENDCHAR
STARTCHAR 223E
ENCODING 8766
SWIDTH 583 0
DWIDTH 14 0
BBX 11 8 2 4
BITMAP
78C0
FCC0
CC60
CC60
C660
C660
67C0
6380
ENDCHAR
STARTCHAR 223F
ENCODING 8767
SWIDTH 583 0
DWIDTH 14 0
BBX 14 13 0 2
BITMAP
0800
3C00
3E00
7600
6700
6300
E300
030C
019C
0198
01D8
00F8
00F0
ENDCHAR
STARTCHAR 2240
ENCODING 8768
SWIDTH 583 0
DWIDTH 14 0
BBX 6 12 4 3
BITMAP
18
3C
1C
1C
1C
38
70
60
E0
E0
70
30
ENDCHAR
STARTCHAR 2241
ENCODING 8769
SWIDTH 583 0
DWIDTH 14 0
BBX 12 18 1 -1
BITMAP
0080
01C0
0180
0180
0380
0300
0300
3F20
7E70
F7E0
67C0
0C00
0C00
0C00
1C00
1800
1800
0800
ENDCHAR
STARTCHAR 2242
ENCODING 8770
SWIDTH 583 0
DWIDTH 14 0
BBX 12 7 1 4
BITMAP
7FE0
7FE0
0000
3C20
7E70
E7E0
43C0
ENDCHAR
STARTCHAR 2243
ENCODING 8771
SWIDTH 583 0
DWIDTH 14 0
BBX 12 7 1 5
BITMAP
3C20
7E70
E7E0
43C0
0000
7FE0
7FE0
ENDCHAR
STARTCHAR 2244
ENCODING 8772
SWIDTH 583 0
DWIDTH 14 0
BBX 12 17 1 0
BITMAP
0180
0180
0180
0380
3F20
7F70
E7E0
47C0
0600
7FE0
7FE0
0C00
0C00
1800
1800
1800
0800
ENDCHAR
STARTCHAR 2245
ENCODING 8773
SWIDTH 583 0
DWIDTH 14 0
BBX 12 11 1 3
BITMAP
3C20
7E70
E7E0
43C0
0000
7FE0
7FE0
0000
0000
7FE0
7FE0
ENDCHAR
STARTCHAR 2246
ENCODING 8774
SWIDTH 583 0
DWIDTH 14 0
BBX 12 12 1 2
BITMAP
3C20
7E70
E7E0
43C0
0180
7FE0
7FE0
0700
0600
7FE0
7FE0
1C00
ENDCHAR
STARTCHAR 2247
ENCODING 8775
SWIDTH 583 0
DWIDTH 14 0
BBX 12 22 1 -3
BITMAP
01C0
0180
0180
0180
0180
3F20
7F70
E7E0
43C0
0600
7FE0
7FE0
0600
0E00
7FE0
7FE0
0C00
0C00
1800
1800
1800
1800
ENDCHAR
STARTCHAR 2248
ENCODING 8776
SWIDTH 583 0
DWIDTH 14 0
BBX 12 8 1 4
BITMAP
3C20
7E70
F7E0
63C0
1C20
7E70
F7E0
63C0
ENDCHAR
STARTCHAR 2249
ENCODING 8777
SWIDTH 583 0
DWIDTH 14 0
BBX 12 16 1 0
BITMAP
01C0
0180
0180
0180
3F20
7F70
F7E0
67C0
1E20
7E70
FFE0
6FC0
0C00
1C00
1800
1800
ENDCHAR
STARTCHAR 224A
ENCODING 8778
SWIDTH 583 0
DWIDTH 14 0
BBX 12 11 1 3
BITMAP
3C20
7E70
E7E0
43C0
1C20
7E70
E7E0
43C0
0000
7FE0
7FE0
ENDCHAR
STARTCHAR 224B
ENCODING 8779
SWIDTH 583 0
DWIDTH 14 0
BBX 12 12 1 2
BITMAP
3C20
7E70
F7E0
63C0
1C20
7E70
F7E0
63C0
1C20
7E70
F7E0
63C0
ENDCHAR
STARTCHAR 224C
ENCODING 8780
SWIDTH 583 0
DWIDTH 14 0
BBX 12 11 1 3
BITMAP
43C0
E7E0
7E70
3C20
0000
7FE0
7FE0
0000
0000
7FE0
7FE0
ENDCHAR
STARTCHAR 224D
ENCODING 8781
SWIDTH 583 0
DWIDTH 14 0
BBX 10 9 2 4
BITMAP
C0C0
FFC0
7FC0
0000
0000
0000
7F80
FFC0
C0C0
ENDCHAR
STARTCHAR 224E
ENCODING 8782
SWIDTH 583 0
DWIDTH 14 0
BBX 10 12 2 2
BITMAP
3F00
3F00
F3C0
F3C0
0000
0000
0000
F3C0
F3C0
3300
3F00
1E00
ENDCHAR
STARTCHAR 224F
ENCODING 8783
SWIDTH 583 0
DWIDTH 14 0
BBX 10 9 2 5
BITMAP
3F00
3F00
F3C0
F3C0
0000
0000
0000
FFC0
FFC0
ENDCHAR
STARTCHAR 2250
ENCODING 8784
SWIDTH 583 0
DWIDTH 14 0
BBX 10 11 2 5
BITMAP
1E00
1E00
1E00
0000
FFC0
FFC0
0000
0000
0000
FFC0
FFC0
ENDCHAR
STARTCHAR 2251
ENCODING 8785
SWIDTH 583 0
DWIDTH 14 0
BBX 10 16 2 0
BITMAP
1E00
1E00
1E00
0000
FFC0
FFC0
0000
0000
0000
FFC0
FFC0
0000
0000
1E00
1E00
1E00
ENDCHAR
STARTCHAR 2252
ENCODING 8786
SWIDTH 583 0
DWIDTH 14 0
BBX 10 16 2 0
BITMAP
E000
E000
E000
0000
FFC0
FFC0
0000
0000
0000
FFC0
FFC0
0000
0000
01C0
01C0
01C0
ENDCHAR
STARTCHAR 2253
ENCODING 8787
SWIDTH 583 0
DWIDTH 14 0
BBX 10 16 2 0
BITMAP
01C0
01C0
01C0
0000
FFC0
FFC0
0000
0000
0000
FFC0
FFC0
0000
0000
E000
E000
E000
ENDCHAR
STARTCHAR 2254
ENCODING 8788
SWIDTH 583 0
DWIDTH 14 0
BBX 12 13 1 2
BITMAP
E000
E000
E000
EFF0
0FF0
0000
0000
0000
0FF0
0FF0
E000
E000
E000
ENDCHAR
STARTCHAR 2255
ENCODING 8789
SWIDTH 583 0
DWIDTH 14 0
BBX 12 13 1 2
BITMAP
0070
0070
0070
FF70
FF00
0000
0000
0000
FF00
FF00
0070
0070
0070
ENDCHAR
STARTCHAR 2256
ENCODING 8790
SWIDTH 583 0
DWIDTH 14 0
BBX 10 7 2 5
BITMAP
FFC0
FFC0
3300
3300
3300
FFC0
FFC0
ENDCHAR
STARTCHAR 2257
ENCODING 8791
SWIDTH 583 0
DWIDTH 14 0
BBX 10 15 2 5
BITMAP
0C00
1E00
1300
1300
1E00
0C00
0000
0000
FFC0
FFC0
0000
0000
0000
FFC0
FFC0
ENDCHAR
STARTCHAR 2258
ENCODING 8792
SWIDTH 583 0
DWIDTH 14 0
BBX 10 13 2 5
BITMAP
3F00
6180
40C0
0000
0000
0000
FFC0
FFC0
0000
0000
0000
FFC0
FFC0
ENDCHAR
STARTCHAR 2259
ENCODING 8793
SWIDTH 583 0
DWIDTH 14 0
BBX 10 15 2 5
BITMAP
0800
0C00
0E00
1200
3100
2100
0080
0000
FFC0
FFC0
0000
0000
0000
FFC0
FFC0
ENDCHAR
STARTCHAR 225A
ENCODING 8794
SWIDTH 583 0
DWIDTH 14 0
BBX 10 15 2 5
BITMAP
2180
2100
1200
1A00
0C00
0400
0000
0000
FFC0
FFC0
0000
0000
0000
FFC0
FFC0
ENDCHAR
STARTCHAR 225B
ENCODING 8795
SWIDTH 583 0
DWIDTH 14 0
BBX 10 15 2 5
BITMAP
0800
0C00
3F00
0C00
0E00
1200
0000
0000
FFC0
FFC0
0000
0000
0000
FFC0
FFC0
ENDCHAR
STARTCHAR 225C
ENCODING 8796
SWIDTH 583 0
DWIDTH 14 0
BBX 10 14 2 6
BITMAP
0C00
0C00
1200
1100
2100
7F80
0000
FFC0
FFC0
0000
0000
0000
FFC0
FFC0
ENDCHAR
STARTCHAR 225D
ENCODING 8797
SWIDTH 583 0
DWIDTH 14 0
BBX 12 15 1 5
BITMAP
1030
1020
F770
9F20
9C20
F770
0000
0000
7FE0
7FE0
0000
0000
0000
7FE0
7FE0
ENDCHAR
STARTCHAR 225E
ENCODING 8798
SWIDTH 583 0
DWIDTH 14 0
BBX 10 14 2 5
BITMAP
3E00
1700
1700
1700
3700
0000
0000
FFC0
FFC0
0000
0000
0000
FFC0
FFC0
ENDCHAR
STARTCHAR 225F
ENCODING 8799
SWIDTH 583 0
DWIDTH 14 0
BBX 10 16 2 5
BITMAP
1E00
1300
0200
0E00
0000
0C00
0C00
0000
0000
FFC0
FFC0
0000
0000
0000
FFC0
FFC0
ENDCHAR
STARTCHAR 2260
ENCODING 8800
SWIDTH 583 0
DWIDTH 14 0
BBX 10 23 2 -3
BITMAP
0180
0300
0300
0300
0300
0700
0600
0600
FFC0
FFC0
0C00
0C00
0C00
FFC0
FFC0
1800
1800
1800
3800
3000
3000
3000
3000
ENDCHAR
STARTCHAR 2261
ENCODING 8801
SWIDTH 583 0
DWIDTH 14 0
BBX 10 10 2 3
BITMAP
FFC0
FFC0
0000
0000
FFC0
FFC0
0000
0000
FFC0
FFC0
ENDCHAR
STARTCHAR 2262
ENCODING 8802
SWIDTH 583 0
DWIDTH 14 0
BBX 10 24 2 -4
BITMAP
0100
0300
0300
0300
0300
0300
0600
FFC0
FFC0
0600
0C00
FFC0
FFC0
0C00
1C00
FFC0
FFC0
1800
1800
3000
3000
3000
3000
1000
ENDCHAR
STARTCHAR 2263
ENCODING 8803
SWIDTH 583 0
DWIDTH 14 0
BBX 10 13 2 2
BITMAP
FFC0
FFC0
0000
0000
FFC0
FFC0
0000
0000
FFC0
FFC0
0000
FFC0
FFC0
ENDCHAR
STARTCHAR 2264
ENCODING 8804
SWIDTH 583 0
DWIDTH 14 0
BBX 11 17 2 0
BITMAP
0040
01E0
07C0
1F00
3C00
F000
E000
F000
7C00
1F00
07C0
01E0
0040
0000
0000
FFC0
FFC0
ENDCHAR
STARTCHAR 2265
ENCODING 8805
SWIDTH 583 0
DWIDTH 14 0
BBX 10 17 2 0
BITMAP
8000
E000
F800
3E00
0F80
03C0
00C0
03C0
0F80
3E00
7800
F000
C000
0000
0000
FFC0
FFC0
ENDCHAR
STARTCHAR 2266
ENCODING 8806
SWIDTH 583 0
DWIDTH 14 0
BBX 11 17 2 0
BITMAP
0040
01E0
0780
3E00
F800
E000
F000
7C00
0F00
03E0
00C0
0000
FFC0
FFC0
0000
FFC0
FFC0
ENDCHAR
STARTCHAR 2267
ENCODING 8807
SWIDTH 583 0
DWIDTH 14 0
BBX 10 17 2 0
BITMAP
8000
F000
7C00
1F00
07C0
01C0
03C0
0F80
3E00
F800
C000
0000
FFC0
FFC0
0000
FFC0
FFC0
ENDCHAR
STARTCHAR 2268
ENCODING 8808
SWIDTH 583 0
DWIDTH 14 0
BBX 10 17 2 0
BITMAP
01C0
07C0
1F00
7C00
F000
E000
7800
1F00
07C0
01C0
0340
FFC0
FFC0
0C00
FFC0
FFC0
3800
ENDCHAR
STARTCHAR 2269
ENCODING 8809
SWIDTH 583 0
DWIDTH 14 0
BBX 10 18 2 -1
BITMAP
8000
E000
F800
3E00
0F80
01C0
01C0
07C0
1E00
F800
E000
8300
FFC0
FFC0
0C00
FFC0
FFC0
3800
ENDCHAR
STARTCHAR 226A
ENCODING 8810
SWIDTH 583 0
DWIDTH 14 0
BBX 13 14 1 1
BITMAP
0210
0738
1EF0
3DE0
7380
E700
C600
C600
F780
39C0
1CE0
0E70
0738
0210
ENDCHAR
STARTCHAR 226B
ENCODING 8811
SWIDTH 583 0
DWIDTH 14 0
BBX 13 14 0 1
BITMAP
6300
7380
39C0
1CE0
0E70
0738
0318
0318
0738
0E70
1DE0
7BC0
E700
4200
ENDCHAR
STARTCHAR 226C
ENCODING 8812
SWIDTH 583 0
DWIDTH 14 0
BBX 9 12 3 3
BITMAP
7700
FF00
3E00
7F00
E700
E380
E380
E700
7E00
3C00
7F00
6700
ENDCHAR
STARTCHAR 226D
ENCODING 8813
SWIDTH 583 0
DWIDTH 14 0
BBX 10 23 2 -3
BITMAP
0180
0300
0300
0300
0300
0700
0600
C6C0
FFC0
7FC0
0C00
0C00
0C00
7F80
FFC0
D8C0
1800
1800
3800
3000
3000
3000
3000
ENDCHAR
STARTCHAR 226E
ENCODING 8814
SWIDTH 583 0
DWIDTH 14 0
BBX 11 22 2 -2
BITMAP
0180
0180
0180
0180
03C0
03E0
0780
1F00
3F00
F600
E600
E600
7E00
3E00
0F00
0FC0
0DE0
1C40
1800
1800
1800
1800
ENDCHAR
STARTCHAR 226F
ENCODING 8815
SWIDTH 583 0
DWIDTH 14 0
BBX 11 23 1 -3
BITMAP
0100
0180
0380
0300
0300
6300
FF00
3E00
0F00
07C0
07E0
0C60
0CE0
0FE0
0F80
1F00
3C00
7800
7800
1800
3000
3000
3000
ENDCHAR
STARTCHAR 2270
ENCODING 8816
SWIDTH 583 0
DWIDTH 14 0
BBX 11 23 2 -3
BITMAP
0180
0180
0180
01C0
01E0
07C0
1F00
3F00
F300
E600
F600
7E00
1F00
0FC0
0DE0
0C40
0C00
0C00
FFC0
FFC0
1800
1800
3800
ENDCHAR
STARTCHAR 2271
ENCODING 8817
SWIDTH 583 0
DWIDTH 14 0
BBX 10 23 2 -3
BITMAP
0300
0700
0600
8600
E600
FE00
3E00
0F80
0FC0
0CC0
1FC0
1F80
3E00
7800
F800
F000
3000
3000
FFC0
FFC0
6000
6000
6000
ENDCHAR
STARTCHAR 2272
ENCODING 8818
SWIDTH 583 0
DWIDTH 14 0
BBX 12 18 1 -1
BITMAP
0020
00F0
03E0
0F80
1E00
7C00
7000
7800
3E00
0F80
03E0
00F0
0020
0000
1C20
7E70
F7E0
63C0
ENDCHAR
STARTCHAR 2273
ENCODING 8819
SWIDTH 583 0
DWIDTH 14 0
BBX 12 18 1 -1
BITMAP
4000
7000
7C00
1F00
07C0
01E0
0060
01E0
07C0
0F00
3C00
7800
6000
0000
1C20
7E70
F7E0
63C0
ENDCHAR
STARTCHAR 2274
ENCODING 8820
SWIDTH 583 0
DWIDTH 14 0
BBX 12 23 1 -3
BITMAP
0040
00C0
00C0
00E0
00F0
03E0
0F80
1F80
7D80
7380
7B00
3F00
0F80
03E0
06F0
0620
0600
1E20
7E70
FFE0
6FC0
0C00
0C00
ENDCHAR
STARTCHAR 2275
ENCODING 8821
SWIDTH 583 0
DWIDTH 14 0
BBX 12 23 1 -3
BITMAP
0180
0180
0300
4300
7300
7F00
1F00
07C0
07E0
0660
07E0
0FC0
0F00
3C00
7C00
7C00
1800
1C20
7E70
FFE0
73C0
3000
3000
ENDCHAR
STARTCHAR 2276
ENCODING 8822
SWIDTH 583 0
DWIDTH 14 0
BBX 11 18 2 -1
BITMAP
00C0
03E0
1F00
7C00
F000
F000
7C00
9F00
F7C0
7CC0
1F00
07C0
00C0
03C0
0F80
7C00
F000
C000
ENDCHAR
STARTCHAR 2277
ENCODING 8823
SWIDTH 583 0
DWIDTH 14 0
BBX 11 18 2 -1
BITMAP
E000
F800
3E00
0F80
03C0
01C0
07C0
3E40
F9E0
E7C0
3E00
F800
E000
F800
3E00
0F80
03E0
0040
ENDCHAR
STARTCHAR 2278
ENCODING 8824
SWIDTH 583 0
DWIDTH 14 0
BBX 11 22 2 -2
BITMAP
0380
0300
03C0
03E0
1F00
7E00
F600
F600
7E00
9F00
FFC0
7CC0
1F00
0FC0
18C0
1BC0
1F80
7C00
F800
F000
3000
3000
ENDCHAR
STARTCHAR 2279
ENCODING 8825
SWIDTH 583 0
DWIDTH 14 0
BBX 11 22 2 -2
BITMAP
0380
0300
E300
FB00
3F00
0F80
07C0
07C0
07C0
3E40
FDE0
EFC0
3E00
FC00
F800
F800
3E00
1F80
3BE0
3040
3000
3000
ENDCHAR
STARTCHAR 227A
ENCODING 8826
SWIDTH 583 0
DWIDTH 14 0
BBX 11 12 2 3
BITMAP
0060
00E0
01C0
03C0
0F00
FE00
FE00
0780
01C0
00E0
00E0
0060
ENDCHAR
STARTCHAR 227B
ENCODING 8827
SWIDTH 583 0
DWIDTH 14 0
BBX 11 12 1 3
BITMAP
E000
E000
7000
3800
1E00
07E0
0FE0
1E00
3800
7000
E000
E000
ENDCHAR
STARTCHAR 227C
ENCODING 8828
SWIDTH 583 0
DWIDTH 14 0
BBX 12 16 2 0
BITMAP
0040
00E0
00E0
03C0
0F80
FE00
FE00
0780
01C0
FCE0
FFE0
07C0
01C0
00E0
00E0
0070
ENDCHAR
STARTCHAR 227D
ENCODING 8829
SWIDTH 583 0
DWIDTH 14 0
BBX 11 16 1 0
BITMAP
4000
E000
7000
3800
1E00
07E0
0FE0
1E00
3800
77E0
FFE0
7E00
7800
7000
E000
E000
ENDCHAR
STARTCHAR 227E
ENCODING 8830
SWIDTH 583 0
DWIDTH 14 0
BBX 12 17 1 -1
BITMAP
0020
0070
0070
01E0
07C0
7F00
7F00
03C0
00E0
0070
0030
0020
0000
1C20
7E70
F7E0
63C0
ENDCHAR
STARTCHAR 227F
ENCODING 8831
SWIDTH 583 0
DWIDTH 14 0
BBX 12 17 1 -1
BITMAP
4000
E000
7000
3800
1E00
07E0
0FE0
1E00
7800
7000
E000
4000
0000
1C20
7E70
F7E0
63C0
ENDCHAR
STARTCHAR 2280
ENCODING 8832
SWIDTH 583 0
DWIDTH 14 0
BBX 11 22 2 -3
BITMAP
0180
0180
0180
0180
0380
0360
03E0
03C0
03C0
0F00
FE00
FE00
0780
0FC0
0CE0
0CE0
0C60
0C00
1800
1800
1800
1800
ENDCHAR
STARTCHAR 2281
ENCODING 8833
SWIDTH 583 0
DWIDTH 14 0
BBX 11 22 1 -3
BITMAP
0180
0380
0300
0300
0300
E300
E600
7600
3E00
1E00
0FE0
0FE0
1E00
3C00
7C00
F800
F800
1800
1800
3000
3000
3000
ENDCHAR
STARTCHAR 2282
ENCODING 8834
SWIDTH 583 0
DWIDTH 14 0
BBX 10 12 2 2
BITMAP
1FC0
3FC0
7000
E000
E000
E000
E000
E000
E000
7000
3FC0
1FC0
ENDCHAR
STARTCHAR 2283
ENCODING 8835
SWIDTH 583 0
DWIDTH 14 0
BBX 11 12 2 2
BITMAP
FE00
FF80
03C0
01C0
00C0
00E0
00E0
00C0
01C0
03C0
FF80
FE00
ENDCHAR
STARTCHAR 2284
ENCODING 8836
SWIDTH 583 0
DWIDTH 14 0
BBX 10 22 2 -3
BITMAP
00C0
0180
0180
0180
0180
1FC0
3FC0
7300
E300
E700
E600
E600
E600
E600
7C00
3FC0
1FC0
0C00
1800
1800
1800
1800
ENDCHAR
STARTCHAR 2285
ENCODING 8837
SWIDTH 583 0
DWIDTH 14 0
BBX 11 22 2 -3
BITMAP
0300
0300
0600
0600
0600
FE00
FF80
0FC0
0DC0
0CC0
1CE0
18E0
18C0
19C0
1BC0
FF80
FE00
3000
3000
7000
6000
6000
ENDCHAR
STARTCHAR 2286
ENCODING 8838
SWIDTH 583 0
DWIDTH 14 0
BBX 10 16 2 0
BITMAP
1FC0
7FC0
7000
E000
E000
E000
E000
E000
7000
7FC0
1FC0
0000
0000
0000
FFC0
FFC0
ENDCHAR
STARTCHAR 2287
ENCODING 8839
SWIDTH 583 0
DWIDTH 14 0
BBX 10 16 2 0
BITMAP
FE00
FF80
03C0
01C0
00C0
00C0
00C0
01C0
01C0
FF80
FF00
0000
0000
0000
FFC0
FFC0
ENDCHAR
STARTCHAR 2288
ENCODING 8840
SWIDTH 583 0
DWIDTH 14 0
BBX 10 23 2 -3
BITMAP
00C0
0180
0180
0180
1FC0
7FC0
7300
E300
E300
E300
E600
E600
7600
7FC0
1FC0
0C00
0C00
0C00
FFC0
FFC0
1800
1800
1800
ENDCHAR
STARTCHAR 2289
ENCODING 8841
SWIDTH 583 0
DWIDTH 14 0
BBX 10 23 2 -3
BITMAP
0300
0700
0600
0600
FE00
FF80
0FC0
0DC0
0CC0
0CC0
1CC0
19C0
19C0
FF80
FF00
3000
3000
3000
FFC0
FFC0
6000
6000
6000
ENDCHAR
STARTCHAR 228A
ENCODING 8842
SWIDTH 583 0
DWIDTH 14 0
BBX 10 18 2 -2
BITMAP
1FC0
7FC0
7000
E000
E000
E000
E000
E000
7000
7FC0
1FC0
0000
0300
0700
FFC0
FFC0
1C00
1800
ENDCHAR
STARTCHAR 228B
ENCODING 8843
SWIDTH 583 0
DWIDTH 14 0
BBX 10 18 2 -2
BITMAP
FE00
FF80
03C0
01C0
00C0
00C0
00C0
01C0
01C0
FF80
FF00
0000
0700
0600
FFC0
FFC0
1C00
3800
ENDCHAR
STARTCHAR 228C
ENCODING 8844
SWIDTH 583 0
DWIDTH 14 0
BBX 10 16 2 0
BITMAP
C0C0
C0C0
C0C0
C0C0
C0C0
C0C0
C0C0
C0C0
CCC0
D8C0
FFC0
FFC0
C8C0
61C0
7F80
1F00
ENDCHAR
STARTCHAR 228D
ENCODING 8845
SWIDTH 583 0
DWIDTH 14 0
BBX 10 16 2 0
BITMAP
C0C0
C0C0
C0C0
C0C0
C0C0
C0C0
C0C0
C0C0
C0C0
DEC0
DEC0
DEC0
FEC0
61C0
7F80
1F00
ENDCHAR
STARTCHAR 228E
ENCODING 8846
SWIDTH 583 0
DWIDTH 14 0
BBX 10 17 2 0
BITMAP
C0C0
C0C0
C0C0
C0C0
C0C0
C0C0
C0C0
C0C0
C0C0
CCC0
CCC0
DFC0
CCC0
ECC0
61C0
7F80
1F00
ENDCHAR
STARTCHAR 228F
ENCODING 8847
SWIDTH 583 0
DWIDTH 14 0
BBX 10 12 2 2
BITMAP
FFC0
FFC0
E000
E000
E000
E000
E000
E000
E000
E000
FFC0
FFC0
ENDCHAR
STARTCHAR 2290
ENCODING 8848
SWIDTH 583 0
DWIDTH 14 0
BBX 11 12 2 2
BITMAP
FFE0
FFE0
00E0
00E0
00E0
00E0
00E0
00E0
00E0
00E0
FFE0
FFE0
ENDCHAR
STARTCHAR 2291
ENCODING 8849
SWIDTH 583 0
DWIDTH 14 0
BBX 10 16 2 0
BITMAP
FFC0
FFC0
E000
E000
E000
E000
E000
E000
E000
FFC0
FFC0
0000
0000
0000
FFC0
FFC0
ENDCHAR
STARTCHAR 2292
ENCODING 8850
SWIDTH 583 0
DWIDTH 14 0
BBX 11 16 2 0
BITMAP
FFE0
FFE0
00E0
00E0
00E0
00E0
00E0
00E0
00E0
FFE0
FFE0
0000
0000
0000
FFE0
FFE0
ENDCHAR
STARTCHAR 2293
ENCODING 8851
SWIDTH 583 0
DWIDTH 14 0
BBX 10 16 2 0
BITMAP
FFC0
FFC0
E1C0
E1C0
E1C0
E1C0
E1C0
E1C0
E1C0
E1C0
E1C0
E1C0
E1C0
E1C0
E1C0
E1C0
ENDCHAR
STARTCHAR 2294
ENCODING 8852
SWIDTH 583 0
DWIDTH 14 0
BBX 10 16 2 0
BITMAP
E1C0
E1C0
E1C0
E1C0
E1C0
E1C0
E1C0
E1C0
E1C0
E1C0
E1C0
E1C0
E1C0
E1C0
FFC0
FFC0
ENDCHAR
STARTCHAR 2295
ENCODING 8853
SWIDTH 583 0
DWIDTH 14 0
BBX 12 12 1 2
BITMAP
0F00
3FC0
76E0
6660
C630
FFF0
FFF0
C630
6660
76E0
3FC0
0F00
ENDCHAR
STARTCHAR 2296
ENCODING 8854
SWIDTH 583 0
DWIDTH 14 0
BBX 12 12 1 2
BITMAP
0F00
3FC0
70E0
6060
C030
FFF0
FFF0
C030
6060
70E0
3FC0
0F00
ENDCHAR
STARTCHAR 2297
ENCODING 8855
SWIDTH 583 0
DWIDTH 14 0
BBX 12 12 1 2
BITMAP
0F00
3FC0
70E0
79E0
DFB0
CF30
CF30
DFB0
79E0
70E0
3FC0
0F00
ENDCHAR
STARTCHAR 2298
ENCODING 8856
SWIDTH 583 0
DWIDTH 14 0
BBX 12 12 1 2
BITMAP
0F00
3FC0
70E0
61E0
C3B0
C730
CE30
DC30
7860
70E0
3FC0
0F00
ENDCHAR
STARTCHAR 2299
ENCODING 8857
SWIDTH 583 0
DWIDTH 14 0
BBX 12 12 1 2
BITMAP
0F00
3FC0
70E0
6060
CE30
CE30
CE30
C030
6060
70E0
3FC0
0F00
ENDCHAR
STARTCHAR 229A
ENCODING 8858
SWIDTH 583 0
DWIDTH 14 0
BBX 12 12 1 2
BITMAP
0F00
3FC0
70E0
6F60
D9B0
D0B0
D0B0
D9F0
6F60
70E0
3FC0
0F00
ENDCHAR
STARTCHAR 229B
ENCODING 8859
SWIDTH 583 0
DWIDTH 14 0
BBX 12 12 1 2
BITMAP
0F00
3FC0
76E0
6660
FFF0
DFB0
DFB0
FFF0
6660
76E0
3FC0
0F00
ENDCHAR
STARTCHAR 229C
ENCODING 8860
SWIDTH 583 0
DWIDTH 14 0
BBX 12 12 1 2
BITMAP
0F00
3FC0
70E0
6060
FFF0
C030
C030
FFF0
6060
70E0
3FC0
0F00
ENDCHAR
STARTCHAR 229D
ENCODING 8861
SWIDTH 583 0
DWIDTH 14 0
BBX 12 12 1 2
BITMAP
0F00
3FC0
70E0
6060
C030
DFB0
DFB0
C030
6060
70E0
3FC0
0F00
ENDCHAR
STARTCHAR 229E
ENCODING 8862
SWIDTH 583 0
DWIDTH 14 0
BBX 12 12 1 2
BITMAP
FFF0
FFF0
C630
C630
C630
FFF0
FFF0
C630
C630
C630
FFF0
FFF0
ENDCHAR
STARTCHAR 229F
ENCODING 8863
SWIDTH 583 0
DWIDTH 14 0
BBX 12 12 1 2
BITMAP
FFF0
FFF0
C030
C030
C030
FFF0
FFF0
C030
C030
C030
FFF0
FFF0
ENDCHAR
STARTCHAR 22A0
ENCODING 8864
SWIDTH 583 0
DWIDTH 14 0
BBX 12 12 1 2
BITMAP
FFF0
FFF0
F0F0
F9F0
DFB0
CF30
CF30
DFB0
F9F0
F0F0
FFF0
FFF0
ENDCHAR
STARTCHAR 22A1
ENCODING 8865
SWIDTH 583 0
DWIDTH 14 0
BBX 12 12 1 2
BITMAP
FFF0
FFF0
C030
C030
CE30
CE30
CE30
C030
C030
C030
FFF0
FFF0
ENDCHAR
STARTCHAR 22A2
ENCODING 8866
SWIDTH 583 0
DWIDTH 14 0
BBX 10 16 2 0
BITMAP
E000
E000
E000
E000
E000
E000
E000
FFC0
FFC0
E000
E000
E000
E000
E000
E000
E000
ENDCHAR
STARTCHAR 22A3
ENCODING 8867
SWIDTH 583 0
DWIDTH 14 0
BBX 11 16 2 0
BITMAP
00E0
00E0
00E0
00E0
00E0
00E0
00E0
FFE0
FFE0
00E0
00E0
00E0
00E0
00E0
00E0
00E0
ENDCHAR
STARTCHAR 22A4
ENCODING 8868
SWIDTH 583 0
DWIDTH 14 0
BBX 10 16 2 0
BITMAP
FFC0
FFC0
0E00
0E00
0E00
0E00
0E00
0E00
0E00
0E00
0E00
0E00
0E00
0E00
0E00
0E00
ENDCHAR
STARTCHAR 22A5
ENCODING 8869
SWIDTH 583 0
DWIDTH 14 0
BBX 10 16 2 0
BITMAP
0E00
0E00
0E00
0E00
0E00
0E00
0E00
0E00
0E00
0E00
0E00
0E00
0E00
0E00
FFC0
FFC0
ENDCHAR
STARTCHAR 22A6
ENCODING 8870
SWIDTH 583 0
DWIDTH 14 0
BBX 8 16 3 0
BITMAP
E0
E0
E0
E0
E0
E0
E0
FF
FF
E0
E0
E0
E0
E0
E0
E0
ENDCHAR
STARTCHAR 22A7
ENCODING 8871
SWIDTH 583 0
DWIDTH 14 0
BBX 8 16 3 0
BITMAP
E0
E0
E0
E0
FF
FF
E0
E0
E0
FF
FF
FF
E0
E0
E0
E0
ENDCHAR
STARTCHAR 22A8
ENCODING 8872
SWIDTH 583 0
DWIDTH 14 0
BBX 10 16 2 0
BITMAP
E000
E000
E000
E000
FFC0
FFC0
E000
E000
E000
FFC0
FFC0
FFC0
E000
E000
E000
E000
ENDCHAR
STARTCHAR 22A9
ENCODING 8873
SWIDTH 583 0
DWIDTH 14 0
BBX 10 16 2 0
BITMAP
CC00
CC00
CC00
CC00
CC00
CC00
CC00
CFC0
CFC0
CC00
CC00
CC00
CC00
CC00
CC00
CC00
ENDCHAR
STARTCHAR 22AA
ENCODING 8874
SWIDTH 583 0
DWIDTH 14 0
BBX 11 16 2 0
BITMAP
DB00
DB00
DB00
DB00
DB00
DB00
DB00
DBE0
DBE0
DB00
DB00
DB00
DB00
DB00
DB00
DB00
ENDCHAR
STARTCHAR 22AB
ENCODING 8875
SWIDTH 583 0
DWIDTH 14 0
BBX 10 16 2 0
BITMAP
CC00
CC00
CC00
CC00
CFC0
CFC0
CC00
CC00
CC00
CFC0
CFC0
CFC0
CC00
CC00
CC00
CC00
ENDCHAR
STARTCHAR 22AC
ENCODING 8876
SWIDTH 583 0
DWIDTH 14 0
BBX 10 22 2 -2
BITMAP
0380
0300
0300
E300
E700
E600
E600
E600
E600
EC00
FFC0
FFC0
EC00
FC00
F800
F800
F800
F800
F000
3000
3000
3000
ENDCHAR
STARTCHAR 22AD
ENCODING 8877
SWIDTH 583 0
DWIDTH 14 0
BBX 10 22 2 -2
BITMAP
0380
0300
0300
E300
E700
E600
E600
FFC0
FFC0
EC00
EC00
EC00
FFC0
FFC0
FFC0
F800
F800
F800
F000
3000
3000
3000
ENDCHAR
STARTCHAR 22AE
ENCODING 8878
SWIDTH 583 0
DWIDTH 14 0
BBX 10 22 2 -2
BITMAP
0300
0300
0300
CF00
CF00
CE00
CE00
CE00
CE00
CC00
CFC0
CFC0
CC00
DC00
DC00
DC00
DC00
DC00
FC00
3000
3000
3000
ENDCHAR
STARTCHAR 22AF
ENCODING 8879
SWIDTH 583 0
DWIDTH 14 0
BBX 10 22 2 -2
BITMAP
0300
0300
0300
CF00
CF00
CE00
CE00
CFC0
CFC0
CC00
CC00
CC00
CFC0
DFC0
DFC0
DC00
DC00
DC00
FC00
3000
3000
3000
ENDCHAR
STARTCHAR 22B0
ENCODING 8880
SWIDTH 583 0
DWIDTH 14 0
BBX 11 14 2 1
BITMAP
03C0
03C0
00E0
00C0
01C0
0F80
FE00
FF00
0780
01C0
00E0
00E0
03C0
0380
ENDCHAR
STARTCHAR 22B1
ENCODING 8881
SWIDTH 583 0
DWIDTH 14 0
BBX 10 14 2 1
BITMAP
7000
F000
E000
E000
F000
7C00
1FC0
1FC0
7C00
F000
E000
E000
F000
7000
ENDCHAR
STARTCHAR 22B2
ENCODING 8882
SWIDTH 583 0
DWIDTH 14 0
BBX 11 15 2 1
BITMAP
0020
0060
01E0
07E0
0FE0
3CE0
F8E0
E0E0
F0E0
78E0
1EE0
0FE0
03E0
01E0
0060
ENDCHAR
STARTCHAR 22B3
ENCODING 8883
SWIDTH 583 0
DWIDTH 14 0
BBX 10 14 2 2
BITMAP
C000
F000
F800
FE00
EF80
E3C0
E0C0
E1C0
E7C0
EF00
FC00
F800
E000
C000
ENDCHAR
STARTCHAR 22B4
ENCODING 8884
SWIDTH 583 0
DWIDTH 14 0
BBX 10 17 2 0
BITMAP
0040
01C0
07C0
1FC0
3CC0
F0C0
E0C0
F0C0
7CC0
1FC0
07C0
01C0
0040
0000
0000
FFC0
FFC0
ENDCHAR
STARTCHAR 22B5
ENCODING 8885
SWIDTH 583 0
DWIDTH 14 0
BBX 10 17 2 0
BITMAP
8000
E000
F800
FE00
EF80
E3C0
E0C0
E3C0
EF80
FE00
F800
E000
C000
0000
0000
FFC0
FFC0
ENDCHAR
STARTCHAR 22B6
ENCODING 8886
SWIDTH 583 0
DWIDTH 14 0
BBX 10 5 2 6
BITMAP
7380
FFC0
DFC0
DFC0
73C0
ENDCHAR
STARTCHAR 22B7
ENCODING 8887
SWIDTH 583 0
DWIDTH 14 0
BBX 11 5 2 6
BITMAP
71C0
FFC0
FE60
FF40
73C0
ENDCHAR
STARTCHAR 22B8
ENCODING 8888
SWIDTH 583 0
DWIDTH 14 0
BBX 10 6 2 5
BITMAP
0380
07C0
FEC0
FEC0
07C0
0380
ENDCHAR
STARTCHAR 22B9
ENCODING 8889
SWIDTH 583 0
DWIDTH 14 0
BBX 10 10 2 3
BITMAP
0C00
0C00
0C00
0000
E1C0
E1C0
0000
0C00
0C00
0C00
ENDCHAR
STARTCHAR 22BA
ENCODING 8890
SWIDTH 583 0
DWIDTH 14 0
BBX 8 16 3 0
BITMAP
FF
FF
1C
1C
1C
1C
1C
1C
1C
1C
1C
1C
1C
1C
1C
1C
ENDCHAR
STARTCHAR 22BB
ENCODING 8891
SWIDTH 583 0
DWIDTH 14 0
BBX 10 16 2 0
BITMAP
E1C0
61C0
6180
7380
7380
3300
3B00
3F00
1F00
1E00
1E00
0E00
0000
0000
FFC0
FFC0
ENDCHAR
STARTCHAR 22BC
ENCODING 8892
SWIDTH 583 0
DWIDTH 14 0
BBX 10 16 2 0
BITMAP
FFC0
FFC0
0000
0000
0E00
1E00
1E00
1F00
3F00
3B00
3300
7380
7180
6180
E1C0
E1C0
ENDCHAR
STARTCHAR 22BD
ENCODING 8893
SWIDTH 583 0
DWIDTH 14 0
BBX 10 16 2 0
BITMAP
FFC0
FFC0
0000
0000
E1C0
E1C0
6180
7180
7380
3380
3B00
3F00
1F00
1E00
1E00
1E00
ENDCHAR
STARTCHAR 22BE
ENCODING 8894
SWIDTH 583 0
DWIDTH 14 0
BBX 12 12 1 2
BITMAP
C000
C000
C000
E000
F800
DE00
C600
C700
C300
C380
FFF0
FFF0
ENDCHAR
STARTCHAR 22BF
ENCODING 8895
SWIDTH 583 0
DWIDTH 14 0
BBX 11 11 2 3
BITMAP
0020
0060
00E0
01E0
03E0
0760
0E60
1C60
3860
7FE0
FFE0
ENDCHAR
STARTCHAR 22C0
ENCODING 8896
SWIDTH 583 0
DWIDTH 14 0
BBX 13 22 1 -3
BITMAP
0700
0F00
0F00
0F00
0F80
0F80
1F80
1D80
1DC0
19C0
39C0
38C0
38C0
30E0
70E0
70E0
7060
6070
6070
E070
E030
E038
ENDCHAR
STARTCHAR 22C1
ENCODING 8897
SWIDTH 583 0
DWIDTH 14 0
BBX 12 23 1 -3
BITMAP
0020
E030
E030
E070
6070
7070
7060
70E0
30E0
30E0
38C0
38C0
39C0
19C0
1D80
1D80
1F80
0F80
0F80
0F00
0F00
0700
0700
ENDCHAR
STARTCHAR 22C2
ENCODING 8898
SWIDTH 583 0
DWIDTH 14 0
BBX 10 23 2 -4
BITMAP
3F00
7F80
F3C0
E1C0
E1C0
E1C0
E1C0
E1C0
E1C0
E1C0
E1C0
E1C0
E1C0
E1C0
E1C0
E1C0
E1C0
E1C0
E1C0
E1C0
E1C0
E1C0
E1C0
ENDCHAR
STARTCHAR 22C3
ENCODING 8899
SWIDTH 583 0
DWIDTH 14 0
BBX 10 23 2 -3
BITMAP
E1C0
E1C0
E1C0
E1C0
E1C0
E1C0
E1C0
E1C0
E1C0
E1C0
E1C0
E1C0
E1C0
E1C0
E1C0
E1C0
E1C0
E1C0
E1C0
E1C0
F3C0
7F80
3F00
ENDCHAR
STARTCHAR 22C4
ENCODING 8900
SWIDTH 583 0
DWIDTH 14 0
BBX 11 11 2 2
BITMAP
0400
0E00
1F00
3380
61C0
C0E0
E0C0
7180
3B00
1E00
0C00
ENDCHAR
STARTCHAR 22C5
ENCODING 8901
SWIDTH 583 0
DWIDTH 14 0
BBX 4 4 5 6
BITMAP
F0
F0
F0
F0
ENDCHAR
STARTCHAR 22C6
ENCODING 8902
SWIDTH 583 0
DWIDTH 14 0
BBX 11 11 2 4
BITMAP
0400
0C00
0C00
0E00
FFE0
7F80
1F00
1F00
3F00
3100
4080
ENDCHAR
STARTCHAR 22C7
ENCODING 8903
SWIDTH 583 0
DWIDTH 14 0
BBX 12 13 1 2
BITMAP
0700
C730
E770
70E0
39C0
1F80
7FE0
7FE0
1F80
39C0
7760
E730
4700
ENDCHAR
STARTCHAR 22C8
ENCODING 8904
SWIDTH 583 0
DWIDTH 14 0
BBX 11 12 2 2
BITMAP
C060
E0E0
F1E0
FBE0
DF60
CE60
CE60
DB60
F1E0
E0E0
C060
8020
ENDCHAR
STARTCHAR 22C9
ENCODING 8905
SWIDTH 583 0
DWIDTH 14 0
BBX 12 12 2 2
BITMAP
C030
E060
F0C0
F980
DF00
CE00
CF00
DB80
F1C0
E0E0
C070
8020
ENDCHAR
STARTCHAR 22CA
ENCODING 8906
SWIDTH 583 0
DWIDTH 14 0
BBX 12 12 1 2
BITMAP
C030
6070
30F0
19F0
0FB0
0730
0F30
1DB0
38F0
7070
E030
4010
ENDCHAR
STARTCHAR 22CB
ENCODING 8907
SWIDTH 583 0
DWIDTH 14 0
BBX 13 13 1 2
BITMAP
4000
E000
F000
7800
3C00
1E00
0F00
0F80
1FC0
39E0
70F0
E078
4030
ENDCHAR
STARTCHAR 22CC
ENCODING 8908
SWIDTH 583 0
DWIDTH 14 0
BBX 13 12 1 3
BITMAP
0030
0070
00E0
01C0
0380
0700
0F80
1FC0
39E0
70F0
E078
4030
ENDCHAR
STARTCHAR 22CD
ENCODING 8909
SWIDTH 583 0
DWIDTH 14 0
BBX 12 7 1 5
BITMAP
43C0
E7E0
7E70
3C20
0000
7FE0
7FE0
ENDCHAR
STARTCHAR 22CE
ENCODING 8910
SWIDTH 583 0
DWIDTH 14 0
BBX 13 17 1 0
BITMAP
6020
E078
7070
38E0
38C0
19C0
1D80
0D80
0F80
0F00
0700
0700
0700
0700
0700
0700
0700
ENDCHAR
STARTCHAR 22CF
ENCODING 8911
SWIDTH 583 0
DWIDTH 14 0
BBX 11 17 2 -1
BITMAP
0E00
0E00
0E00
0E00
0E00
0E00
0E00
1F00
1B00
1B00
3B80
3380
71C0
61C0
E0E0
C060
0040
ENDCHAR
STARTCHAR 22D0
ENCODING 8912
SWIDTH 583 0
DWIDTH 14 0
BBX 11 12 2 2
BITMAP
1FE0
7000
6000
CFE0
CC00
D800
D800
CC00
C7E0
6000
3800
1FE0
ENDCHAR
STARTCHAR 22D1
ENCODING 8913
SWIDTH 583 0
DWIDTH 14 0
BBX 11 12 2 2
BITMAP
FF00
0180
00C0
FE40
0660
0360
0360
0640
FCC0
00C0
0380
FF00
ENDCHAR
STARTCHAR 22D2
ENCODING 8914
SWIDTH 583 0
DWIDTH 14 0
BBX 10 16 2 0
BITMAP
3F00
6180
DEC0
DEC0
F3C0
F3C0
F3C0
F3C0
F3C0
F3C0
F3C0
F3C0
F3C0
F3C0
F3C0
F3C0
ENDCHAR
STARTCHAR 22D3
ENCODING 8915
SWIDTH 583 0
DWIDTH 14 0
BBX 10 17 2 0
BITMAP
F3C0
F3C0
F3C0
F3C0
F3C0
F3C0
F3C0
F3C0
F3C0
F3C0
F3C0
F3C0
F3C0
DEC0
C0C0
6180
3F00
ENDCHAR
STARTCHAR 22D4
ENCODING 8916
SWIDTH 583 0
DWIDTH 14 0
BBX 10 20 2 0
BITMAP
0C00
0C00
0C00
0C00
3F00
7F80
EDC0
ECC0
CCC0
CCC0
CCC0
CCC0
CCC0
CCC0
CCC0
CCC0
CCC0
CCC0
CCC0
CCC0
ENDCHAR
STARTCHAR 22D5
ENCODING 8917
SWIDTH 583 0
DWIDTH 14 0
BBX 11 17 2 0
BITMAP
3180
3180
3180
3180
3180
FFE0
FFE0
3180
3180
3180
FFE0
FFE0
3180
3180
3180
3180
3180
ENDCHAR
STARTCHAR 22D6
ENCODING 8918
SWIDTH 583 0
DWIDTH 14 0
BBX 11 14 2 2
BITMAP
00E0
03C0
0780
1E00
3800
F1C0
C1C0
E1C0
7800
1E00
0700
03C0
00E0
0040
ENDCHAR
STARTCHAR 22D7
ENCODING 8919
SWIDTH 583 0
DWIDTH 14 0
BBX 11 13 2 2
BITMAP
E000
7000
3C00
0F00
0380
71E0
7060
71E0
0380
0F00
1C00
7800
E000
ENDCHAR
STARTCHAR 22D8
ENCODING 8920
SWIDTH 583 0
DWIDTH 14 0
BBX 13 14 1 1
BITMAP
1110
1BB8
3330
6660
64C0
CCC0
8880
8880
CCC0
6660
7660
3330
1998
1100
ENDCHAR
STARTCHAR 22D9
ENCODING 8921
SWIDTH 583 0
DWIDTH 14 0
BBX 12 13 1 1
BITMAP
8880
CCC0
6EE0
6660
3330
1990
0990
1990
1330
3330
6660
ECC0
CDC0
ENDCHAR
STARTCHAR 22DA
ENCODING 8922
SWIDTH 583 0
DWIDTH 14 0
BBX 11 22 2 -3
BITMAP
00C0
03E0
0F80
7C00
F000
E000
F800
1F00
07C0
01C0
FFC0
FFC0
E000
F800
1F00
07C0
01C0
03C0
0F80
7C00
F000
C000
ENDCHAR
STARTCHAR 22DB
ENCODING 8923
SWIDTH 583 0
DWIDTH 14 0
BBX 11 22 2 -3
BITMAP
C000
F000
3E00
0F80
03C0
01C0
07C0
1F00
F800
E000
FFC0
FFC0
01C0
07C0
1F00
F800
E000
F000
7E00
0F80
03E0
00C0
ENDCHAR
STARTCHAR 22DC
ENCODING 8924
SWIDTH 583 0
DWIDTH 14 0
BBX 11 17 2 0
BITMAP
FFC0
FFC0
0000
0000
0040
01E0
07C0
1F00
7C00
F000
C000
F000
7C00
1F00
07C0
01E0
0040
ENDCHAR
STARTCHAR 22DD
ENCODING 8925
SWIDTH 583 0
DWIDTH 14 0
BBX 10 17 2 0
BITMAP
FFC0
FFC0
0000
0000
8000
E000
F800
3E00
0F80
03C0
00C0
03C0
0F80
3E00
F800
E000
C000
ENDCHAR
STARTCHAR 22DE
ENCODING 8926
SWIDTH 583 0
DWIDTH 14 0
BBX 11 16 2 1
BITMAP
0060
00E0
01E0
03C0
0FC0
FFE0
F8E0
03C0
0F00
FE00
FE00
0780
01C0
00E0
00E0
0040
ENDCHAR
STARTCHAR 22DF
ENCODING 8927
SWIDTH 583 0
DWIDTH 14 0
BBX 11 16 1 1
BITMAP
E000
E000
7000
7800
7E00
EFE0
73E0
3800
1E00
07E0
0FE0
1E00
7800
7000
E000
4000
ENDCHAR
STARTCHAR 22E0
ENCODING 8928
SWIDTH 583 0
DWIDTH 14 0
BBX 12 22 2 -3
BITMAP
0180
0180
0180
01C0
03E0
03E0
03C0
0F80
FF00
FE00
0780
07C0
FEE0
FFE0
0FC0
0DC0
0CE0
0CE0
1870
1800
1800
1800
ENDCHAR
STARTCHAR 22E1
ENCODING 8929
SWIDTH 583 0
DWIDTH 14 0
BBX 11 22 1 -3
BITMAP
0180
0380
0300
4300
E300
7300
3E00
1E00
07E0
0FE0
1E00
3C00
7FE0
FFE0
7E00
7800
7800
F800
F800
3000
3000
3000
ENDCHAR
STARTCHAR 22E2
ENCODING 8930
SWIDTH 583 0
DWIDTH 14 0
BBX 10 23 2 -3
BITMAP
01C0
0180
0180
0180
FFC0
FFC0
E300
E300
E300
E600
E600
E600
E600
FFC0
FFC0
0C00
0C00
0C00
FFC0
FFC0
1800
1800
3800
ENDCHAR
STARTCHAR 22E3
ENCODING 8931
SWIDTH 583 0
DWIDTH 14 0
BBX 11 23 2 -3
BITMAP
0300
0300
0300
0600
FFE0
FFE0
06E0
0EE0
0CE0
0CE0
0CE0
0CE0
18E0
FFE0
FFE0
1800
3800
3000
FFE0
FFE0
3000
6000
6000
ENDCHAR
STARTCHAR 22E4
ENCODING 8932
SWIDTH 583 0
DWIDTH 14 0
BBX 10 18 2 -2
BITMAP
FFC0
FFC0
E000
E000
E000
E000
E000
E000
E000
FFC0
FFC0
0000
0700
0600
FFC0
FFC0
1C00
3800
ENDCHAR
STARTCHAR 22E5
ENCODING 8933
SWIDTH 583 0
DWIDTH 14 0
BBX 11 18 2 -2
BITMAP
FFE0
FFE0
00E0
00E0
00E0
00E0
00E0
00E0
00E0
FFE0
FFE0
0000
0300
0700
FFE0
FFE0
1C00
1800
ENDCHAR
STARTCHAR 22E6
ENCODING 8934
SWIDTH 583 0
DWIDTH 14 0
BBX 12 20 1 -3
BITMAP
0020
00F0
03E0
0F80
1E00
7C00
7000
7800
3E00
0F80
03E0
00F0
0020
0380
1FA0
7F70
F7E0
6FC0
0C00
1C00
ENDCHAR
STARTCHAR 22E7
ENCODING 8935
SWIDTH 583 0
DWIDTH 14 0
BBX 12 20 1 -3
BITMAP
4000
7000
7C00
1F00
07C0
01E0
0060
01E0
07C0
0F00
3C00
7800
6000
0380
1FA0
7F70
F7E0
6FC0
0C00
1C00
ENDCHAR
STARTCHAR 22E8
ENCODING 8936
SWIDTH 583 0
DWIDTH 14 0
BBX 12 19 1 -3
BITMAP
0020
0070
0070
01E0
07C0
7F00
7F00
03C0
00E0
0070
0030
0000
0380
1FA0
7F70
F7E0
6FC0
0C00
1C00
ENDCHAR
STARTCHAR 22E9
ENCODING 8937
SWIDTH 583 0
DWIDTH 14 0
BBX 12 19 1 -3
BITMAP
4000
E000
7000
3800
1E00
07E0
0FE0
1E00
7800
7000
E000
4000
0380
1FA0
7F70
F7E0
6FC0
0C00
1C00
ENDCHAR
STARTCHAR 22EA
ENCODING 8938
SWIDTH 583 0
DWIDTH 14 0
BBX 11 23 2 -3
BITMAP
0080
00C0
01C0
0180
01A0
01E0
01E0
07E0
0FE0
3FE0
FBE0
E6E0
F6E0
7EE0
1EE0
0FE0
0FE0
0DE0
0C60
0C00
1800
1800
1800
ENDCHAR
STARTCHAR 22EB
ENCODING 8939
SWIDTH 583 0
DWIDTH 14 0
BBX 10 22 2 -2
BITMAP
0300
0600
0600
0600
C600
FE00
FC00
FE00
EF80
FFC0
F8C0
F9C0
FFC0
FF00
FC00
F800
F000
F000
7000
6000
6000
6000
ENDCHAR
STARTCHAR 22EC
ENCODING 8940
SWIDTH 583 0
DWIDTH 14 0
BBX 10 23 2 -3
BITMAP
0180
0180
0180
01C0
01C0
07C0
1FC0
3FC0
F3C0
E6C0
F6C0
7EC0
1FC0
0FC0
0DC0
0C40
0C00
0C00
FFC0
FFC0
1800
1800
3800
ENDCHAR
STARTCHAR 22ED
ENCODING 8941
SWIDTH 583 0
DWIDTH 14 0
BBX 10 23 2 -3
BITMAP
0300
0700
0600
8600
E600
FE00
FE00
EF80
EFC0
ECC0
FFC0
FF80
FE00
F800
F800
F000
3000
3000
FFC0
FFC0
6000
6000
6000
ENDCHAR
STARTCHAR 22EE
ENCODING 8942
SWIDTH 583 0
DWIDTH 14 0
BBX 3 16 6 0
BITMAP
E0
E0
E0
00
00
00
E0
E0
E0
00
00
00
00
E0
E0
E0
ENDCHAR
STARTCHAR 22EF
ENCODING 8943
SWIDTH 583 0
DWIDTH 14 0
BBX 13 3 1 7
BITMAP
E738
E738
E738
ENDCHAR
STARTCHAR 22F0
ENCODING 8944
SWIDTH 583 0
DWIDTH 14 0
BBX 13 16 1 0
BITMAP
0038
0038
0038
0000
0000
0000
0700
0700
0700
0000
0000
0000
0000
E000
E000
E000
ENDCHAR
STARTCHAR 22F1
ENCODING 8945
SWIDTH 583 0
DWIDTH 14 0
BBX 13 16 1 0
BITMAP
E000
E000
E000
0000
0000
0000
0700
0700
0700
0000
0000
0000
0000
0038
0038
0038
ENDCHAR
STARTCHAR 22F2
ENCODING 8946
SWIDTH 583 0
DWIDTH 14 0
BBX 9 14 3 1
BITMAP
0F80
1F80
3C00
3800
3000
7000
FF80
FF80
7000
3000
3800
3C00
1F80
0780
ENDCHAR
STARTCHAR 22F3
ENCODING 8947
SWIDTH 583 0
DWIDTH 14 0
BBX 11 14 2 1
BITMAP
0FE0
3FE0
7800
7000
E0E0
E0E0
FFE0
FFE0
E0E0
E0E0
7000
7800
3FE0
0FE0
ENDCHAR
STARTCHAR 22F4
ENCODING 8948
SWIDTH 583 0
DWIDTH 14 0
BBX 11 10 2 3
BITMAP
1FE0
7FE0
7000
E0E0
FFE0
FFE0
E0E0
7000
7FE0
1FE0
ENDCHAR
STARTCHAR 22F5
ENCODING 8949
SWIDTH 583 0
DWIDTH 14 0
BBX 10 19 2 0
BITMAP
1E00
1E00
1E00
1E00
0000
0000
0000
1FC0
3FC0
7000
E000
E000
FFC0
FFC0
E000
E000
7000
3FC0
1FC0
ENDCHAR
STARTCHAR 22F6
ENCODING 8950
SWIDTH 583 0
DWIDTH 14 0
BBX 10 18 2 0
BITMAP
FFC0
FFC0
0000
0000
0000
0000
1FC0
3FC0
7000
E000
E000
FFC0
FFC0
E000
E000
7000
3FC0
1FC0
ENDCHAR
STARTCHAR 22F7
ENCODING 8951
SWIDTH 583 0
DWIDTH 14 0
BBX 10 13 2 2
BITMAP
FFC0
FFC0
0000
3FC0
7FC0
F000
E000
FFC0
FFC0
E000
E000
7FC0
3FC0
ENDCHAR
STARTCHAR 22F8
ENCODING 8952
SWIDTH 583 0
DWIDTH 14 0
BBX 10 17 2 -1
BITMAP
1FC0
3FC0
7000
E000
E000
FFC0
FFC0
E000
E000
7000
3FC0
1FC0
0000
0000
0000
FFC0
FFC0
ENDCHAR
STARTCHAR 22F9
ENCODING 8953
SWIDTH 583 0
DWIDTH 14 0
BBX 10 14 2 1
BITMAP
0FC0
3FC0
7800
7000
FFC0
FFC0
E000
E000
FFC0
FFC0
7000
7800
3FC0
0FC0
ENDCHAR
STARTCHAR 22FA
ENCODING 8954
SWIDTH 583 0
DWIDTH 14 0
BBX 9 14 2 1
BITMAP
F000
FC00
1E00
0E00
0600
0700
FF80
FF80
0700
0600
0E00
1E00
FC00
F000
ENDCHAR
STARTCHAR 22FB
ENCODING 8955
SWIDTH 583 0
DWIDTH 14 0
BBX 10 14 2 1
BITMAP
FE00
FF00
0780
01C0
E1C0
E0C0
FFC0
FFC0
E0C0
E1C0
01C0
0780
FF00
FE00
ENDCHAR
STARTCHAR 22FC
ENCODING 8956
SWIDTH 583 0
DWIDTH 14 0
BBX 10 10 2 3
BITMAP
FF00
FF80
01C0
E0C0
FFC0
FFC0
E0C0
01C0
FF80
FF00
ENDCHAR
STARTCHAR 22FD
ENCODING 8957
SWIDTH 583 0
DWIDTH 14 0
BBX 10 18 2 0
BITMAP
FFC0
FFC0
0000
0000
0000
0000
FE00
FF80
03C0
01C0
00C0
FFC0
FFC0
00C0
01C0
03C0
FF80
FE00
ENDCHAR
STARTCHAR 22FE
ENCODING 8958
SWIDTH 583 0
DWIDTH 14 0
BBX 10 13 2 2
BITMAP
FFC0
FFC0
0000
FF00
FF80
01C0
00C0
FFC0
FFC0
00C0
01C0
FF80
FF00
ENDCHAR
STARTCHAR 22FF
ENCODING 8959
SWIDTH 583 0
DWIDTH 14 0
BBX 10 14 2 1
BITMAP
FFC0
FFC0
E000
E000
E000
E000
FFC0
FFC0
E000
E000
E000
E000
FFC0
FFC0
ENDCHAR
STARTCHAR 2300
ENCODING 8960
SWIDTH 583 0
DWIDTH 14 0
BBX 12 12 1 2
BITMAP
0F30
3FF0
70E0
61E0
C3B0
C730
CE30
DC30
7860
70E0
FFC0
CF00
ENDCHAR
STARTCHAR 2301
ENCODING 8961
SWIDTH 583 0
DWIDTH 14 0
BBX 12 9 1 3
BITMAP
0400
0600
8780
C7C0
E6E0
7E70
1E10
0E00
0600
ENDCHAR
STARTCHAR 2302
ENCODING 8962
SWIDTH 583 0
DWIDTH 14 0
BBX 10 14 2 2
BITMAP
1E00
3F00
F3C0
C0C0
C0C0
C0C0
C0C0
C0C0
C0C0
C0C0
C0C0
C0C0
FFC0
FFC0
ENDCHAR
STARTCHAR 2303
ENCODING 8963
SWIDTH 583 0
DWIDTH 14 0
BBX 10 6 2 13
BITMAP
0C00
1E00
3B00
7180
E0C0
4000
ENDCHAR
STARTCHAR 2304
ENCODING 8964
SWIDTH 583 0
DWIDTH 14 0
BBX 10 6 2 -2
BITMAP
4080
E0C0
7180
3B00
1E00
0C00
ENDCHAR
STARTCHAR 2305
ENCODING 8965
SWIDTH 583 0
DWIDTH 14 0
BBX 10 16 2 0
BITMAP
FFC0
FFC0
0E00
1E00
1E00
1E00
1F00
3F00
3B00
3300
7380
7380
7180
61C0
E1C0
E1C0
ENDCHAR
STARTCHAR 2306
ENCODING 8966
SWIDTH 583 0
DWIDTH 14 0
BBX 10 16 2 0
BITMAP
FFC0
FFC0
0000
0000
FFC0
FFC0
0E00
1E00
1E00
3F00
3B00
3380
7380
7180
61C0
E1C0
ENDCHAR
STARTCHAR 2307
ENCODING 8967
SWIDTH 583 0
DWIDTH 14 0
BBX 4 17 5 -1
BITMAP
40
E0
C0
C0
60
30
30
30
70
E0
C0
C0
E0
70
30
30
30
ENDCHAR
STARTCHAR 2308
ENCODING 8968
SWIDTH 583 0
DWIDTH 14 0
BBX 7 23 4 -3
BITMAP
FE
FE
E0
E0
E0
E0
E0
E0
E0
E0
E0
E0
E0
E0
E0
E0
E0
E0
E0
E0
E0
E0
E0
ENDCHAR
STARTCHAR 2309
ENCODING 8969
SWIDTH 583 0
DWIDTH 14 0
BBX 7 23 3 -3
BITMAP
FE
FE
0E
0E
0E
0E
0E
0E
0E
0E
0E
0E
0E
0E
0E
0E
0E
0E
0E
0E
0E
0E
0E
ENDCHAR
STARTCHAR 230A
ENCODING 8970
SWIDTH 583 0
DWIDTH 14 0
BBX 7 23 4 -3
BITMAP
E0
E0
E0
E0
E0
E0
E0
E0
E0
E0
E0
E0
E0
E0
E0
E0
E0
E0
E0
E0
E0
FE
FE
ENDCHAR
STARTCHAR 230B
ENCODING 8971
SWIDTH 583 0
DWIDTH 14 0
BBX 7 23 3 -3
BITMAP
0E
0E
0E
0E
0E
0E
0E
0E
0E
0E
0E
0E
0E
0E
0E
0E
0E
0E
0E
0E
0E
FE
FE
ENDCHAR
STARTCHAR 230C
ENCODING 8972
SWIDTH 583 0
DWIDTH 14 0
BBX 6 6 9 -8
BITMAP
7C
7C
C0
C0
C0
C0
ENDCHAR
STARTCHAR 230D
ENCODING 8973
SWIDTH 583 0
DWIDTH 14 0
BBX 6 6 0 -8
BITMAP
F0
F0
0C
0C
0C
0C
ENDCHAR
STARTCHAR 230E
ENCODING 8974
SWIDTH 583 0
DWIDTH 14 0
BBX 6 6 9 18
BITMAP
C0
C0
C0
C0
7C
7C
ENDCHAR
STARTCHAR 230F
ENCODING 8975
SWIDTH 583 0
DWIDTH 14 0
BBX 6 6 0 18
BITMAP
0C
0C
0C
0C
F0
F0
ENDCHAR
STARTCHAR 2310
ENCODING 8976
SWIDTH 583 0
DWIDTH 14 0
BBX 10 7 2 2
BITMAP
FFC0
FFC0
E000
E000
E000
E000
E000
ENDCHAR
STARTCHAR 2311
ENCODING 8977
SWIDTH 583 0
DWIDTH 14 0
BBX 7 7 4 5
BITMAP
82
FC
44
44
44
BC
C2
ENDCHAR
STARTCHAR 2312
ENCODING 8978
SWIDTH 583 0
DWIDTH 14 0
BBX 12 6 1 5
BITMAP
0F00
3FC0
70E0
6060
C030
C030
ENDCHAR
STARTCHAR 2313
ENCODING 8979
SWIDTH 583 0
DWIDTH 14 0
BBX 12 6 1 5
BITMAP
0F00
3FC0
70E0
6070
FFF0
FFF0
ENDCHAR
STARTCHAR 2314
ENCODING 8980
SWIDTH 583 0
DWIDTH 14 0
BBX 8 6 3 5
BITMAP
3E
FF
77
3E
1C
08
ENDCHAR
STARTCHAR 2315
ENCODING 8981
SWIDTH 583 0
DWIDTH 14 0
BBX 12 12 1 1
BITMAP
0F80
3FE0
38E0
3060
7070
7070
3060
38E0
7FC0
FF80
E000
4000
ENDCHAR
STARTCHAR 2316
ENCODING 8982
SWIDTH 583 0
DWIDTH 14 0
BBX 12 12 1 2
BITMAP
0600
0700
1F80
3FC0
36C0
FFF0
FFF0
36C0
3FC0
1F80
0600
0600
ENDCHAR
STARTCHAR 2317
ENCODING 8983
SWIDTH 583 0
DWIDTH 14 0
BBX 12 12 1 2
BITMAP
30C0
30C0
FFF0
30C0
30C0
30C0
30C0
30C0
FFF0
FFF0
30C0
30C0
ENDCHAR
STARTCHAR 2318
ENCODING 8984
SWIDTH 583 0
DWIDTH 14 0
BBX 12 12 1 2
BITMAP
70E0
F9F0
D9B0
FFF0
7FE0
1980
3FC0
FFF0
D9B0
D9B0
F9F0
2040
ENDCHAR
STARTCHAR 2319
ENCODING 8985
SWIDTH 583 0
DWIDTH 14 0
BBX 10 7 2 7
BITMAP
E000
E000
E000
E000
E000
FFC0
FFC0
ENDCHAR
STARTCHAR 231A
ENCODING 8986
SWIDTH 583 0
DWIDTH 14 0
BBX 12 22 1 -3
BITMAP
1F80
1F80
1F80
1F80
1F80
1F80
3FC0
70E0
6070
C8B0
DFB0
C630
C030
6070
70E0
3FC0
1F80
1F80
1F80
1F80
1F80
1F80
ENDCHAR
STARTCHAR 231B
ENCODING 8987
SWIDTH 583 0
DWIDTH 14 0
BBX 12 22 1 -3
BITMAP
FFF0
FFF0
C030
C030
C030
C030
E060
60E0
31C0
3B80
1F00
0E00
1F80
39C0
74E0
6E60
DF70
DF30
DF30
DF30
FFF0
FFF0
ENDCHAR
STARTCHAR 231C
ENCODING 8988
SWIDTH 583 0
DWIDTH 14 0
BBX 6 9 1 8
BITMAP
FC
FC
C0
C0
C0
C0
C0
C0
C0
ENDCHAR
STARTCHAR 231D
ENCODING 8989
SWIDTH 583 0
DWIDTH 14 0
BBX 6 9 7 8
BITMAP
FC
FC
0C
0C
0C
0C
0C
0C
0C
ENDCHAR
STARTCHAR 231E
ENCODING 8990
SWIDTH 583 0
DWIDTH 14 0
BBX 6 9 1 0
BITMAP
C0
C0
C0
C0
C0
C0
C0
FC
FC
ENDCHAR
STARTCHAR 231F
ENCODING 8991
SWIDTH 583 0
DWIDTH 14 0
BBX 6 9 7 0
BITMAP
0C
0C
0C
0C
0C
0C
0C
FC
FC
ENDCHAR
STARTCHAR 2320
ENCODING 8992
SWIDTH 583 0
DWIDTH 14 0
BBX 6 26 6 -7
BITMAP
3C
7C
E0
E0
E0
E0
E0
E0
E0
E0
E0
E0
E0
E0
E0
E0
E0
E0
E0
E0
E0
E0
E0
E0
E0
E0
ENDCHAR
STARTCHAR 2321
ENCODING 8993
SWIDTH 583 0
DWIDTH 14 0
BBX 6 26 3 -3
BITMAP
1C
1C
1C
1C
1C
1C
1C
1C
1C
1C
1C
1C
1C
1C
1C
1C
1C
1C
1C
1C
1C
1C
1C
38
F8
E0
ENDCHAR
STARTCHAR 2322
ENCODING 8994
SWIDTH 583 0
DWIDTH 14 0
BBX 10 4 2 6
BITMAP
1F00
7F80
F1C0
E0C0
ENDCHAR
STARTCHAR 2323
ENCODING 8995
SWIDTH 583 0
DWIDTH 14 0
BBX 10 4 2 7
BITMAP
E0C0
73C0
3F80
1E00
ENDCHAR
STARTCHAR 2324
ENCODING 8996
SWIDTH 583 0
DWIDTH 14 0
BBX 12 6 1 6
BITMAP
F6F0
FFF0
1980
39C0
70E0
2040
ENDCHAR
STARTCHAR 2325
ENCODING 8997
SWIDTH 583 0
DWIDTH 14 0
BBX 12 8 1 4
BITMAP
F8F0
FCF0
0C00
0600
0700
0300
01F0
01F0
ENDCHAR
STARTCHAR 2326
ENCODING 8998
SWIDTH 583 0
DWIDTH 14 0
BBX 13 8 1 4
BITMAP
FFE0
FFF0
CF30
CF18
CF18
CF30
FFF0
FFE0
ENDCHAR
STARTCHAR 2327
ENCODING 8999
SWIDTH 583 0
DWIDTH 14 0
BBX 12 8 1 4
BITMAP
FFF0
FFF0
CF30
CF30
CF30
CF30
FFF0
FFF0
ENDCHAR
STARTCHAR 2328
ENCODING 9000
SWIDTH 583 0
DWIDTH 14 0
BBX 12 8 1 4
BITMAP
FFF0
8010
8010
F3D0
FFD0
AF90
8010
FFF0
ENDCHAR
STARTCHAR 2329
ENCODING 9001
SWIDTH 583 0
DWIDTH 14 0
BBX 9 23 3 -3
BITMAP
0100
0180
0380
0700
0700
0E00
1C00
1C00
3800
3800
7000
E000
7000
7000
3800
3800
1C00
0E00
0E00
0700
0700
0380
0180
ENDCHAR
STARTCHAR 232A
ENCODING 9002
SWIDTH 583 0
DWIDTH 14 0
BBX 9 22 2 -2
BITMAP
E000
7000
7000
3800
3800
1C00
0E00
0E00
0700
0700
0380
0380
0700
0700
0E00
1C00
1C00
3800
3800
7000
E000
E000
ENDCHAR
STARTCHAR 232B
ENCODING 9003
SWIDTH 583 0
DWIDTH 14 0
BBX 13 8 0 4
BITMAP
3FF8
3FF8
6798
C798
C798
6798
3FF8
3FF8
ENDCHAR
STARTCHAR 232D
ENCODING 9005
SWIDTH 583 0
DWIDTH 14 0
BBX 12 12 1 2
BITMAP
1830
3F30
3FF0
38E0
3060
2060
6060
7060
78C0
7FC0
6FC0
E0C0
ENDCHAR
STARTCHAR 232E
ENCODING 9006
SWIDTH 583 0
DWIDTH 14 0
BBX 12 11 1 2
BITMAP
0F00
1F80
31C0
60C0
67F0
6FF0
7CC0
39C0
FF80
EE00
E000
ENDCHAR
STARTCHAR 232F
ENCODING 9007
SWIDTH 583 0
DWIDTH 14 0
BBX 12 8 1 4
BITMAP
3FE0
3FE0
0000
FFF0
FFF0
0000
3FE0
3FE0
ENDCHAR
STARTCHAR 2330
ENCODING 9008
SWIDTH 583 0
DWIDTH 14 0
BBX 12 12 1 2
BITMAP
1060
79E0
3CF0
30C0
30C0
30C0
20C0
6180
6180
6180
7F80
FF80
ENDCHAR
STARTCHAR 2331
ENCODING 9009
SWIDTH 583 0
DWIDTH 14 0
BBX 12 12 1 2
BITMAP
0C00
1E00
7F00
6DC0
CDA0
CFF0
CCF0
6DA0
7F80
3F00
0C00
0C00
ENDCHAR
STARTCHAR 2332
ENCODING 9010
SWIDTH 583 0
DWIDTH 14 0
BBX 13 8 1 4
BITMAP
7000
7C00
4780
FFF8
FFF8
4700
7C00
6000
ENDCHAR
STARTCHAR 2333
ENCODING 9011
SWIDTH 583 0
DWIDTH 14 0
BBX 11 6 1 2
BITMAP
8000
E000
F800
CE00
C380
FFE0
ENDCHAR
STARTCHAR 2334
ENCODING 9012
SWIDTH 583 0
DWIDTH 14 0
BBX 12 6 1 2
BITMAP
C030
C030
C030
C030
FFF0
FFF0
ENDCHAR
STARTCHAR 2335
ENCODING 9013
SWIDTH 583 0
DWIDTH 14 0
BBX 11 7 2 2
BITMAP
0040
C0E0
E1C0
7380
3F00
1E00
0C00
ENDCHAR
STARTCHAR 2336
ENCODING 9014
SWIDTH 583 0
DWIDTH 14 0
BBX 13 16 1 0
BITMAP
FFF8
FFF8
0700
0700
0700
0700
0700
0700
0700
0700
0700
0700
0700
0700
FFF8
FFF8
ENDCHAR
STARTCHAR 2337
ENCODING 9015
SWIDTH 583 0
DWIDTH 14 0
BBX 8 25 3 -4
BITMAP
FF
FF
C3
C3
C3
C3
C3
C3
C3
C3
C3
C3
C3
C3
C3
C3
C3
C3
C3
C3
C3
C3
C3
FF
FF
ENDCHAR
STARTCHAR 2338
ENCODING 9016
SWIDTH 583 0
DWIDTH 14 0
BBX 13 25 1 -4
BITMAP
FFF8
FFF8
C018
C018
C018
C018
C018
C018
C018
C018
DFD8
DFD8
C018
C018
DFD8
DFD8
C018
C018
C018
C018
C018
C018
C018
FFF8
FFF8
ENDCHAR
STARTCHAR 2339
ENCODING 9017
SWIDTH 583 0
DWIDTH 14 0
BBX 13 25 1 -4
BITMAP
FFF8
FFF8
C018
C018
C018
C018
C018
C718
C718
C718
C018
C018
DFD8
DFD8
C018
C718
C718
C718
C018
C018
C018
C018
C018
FFF8
FFF8
ENDCHAR
STARTCHAR 233A
ENCODING 9018
SWIDTH 583 0
DWIDTH 14 0
BBX 13 25 1 -4
BITMAP
FFF8
FFF8
C018
C018
C018
C018
C018
C018
C218
C718
CD98
D8D8
D058
D8D8
CD98
C718
C218
C018
C018
C018
C018
C018
C018
FFF8
FFF8
ENDCHAR
STARTCHAR 233B
ENCODING 9019
SWIDTH 583 0
DWIDTH 14 0
BBX 13 25 1 -4
BITMAP
FFF8
FFF8
C018
C018
C018
C018
C018
C018
C018
C018
C018
CF18
CD98
CD18
C718
C018
C018
C018
C018
C018
C018
C018
C018
FFF8
FFF8
ENDCHAR
STARTCHAR 233C
ENCODING 9020
SWIDTH 583 0
DWIDTH 14 0
BBX 13 25 1 -4
BITMAP
FFF8
FFF8
C018
C018
C018
C018
C018
C018
CF18
DDD8
D0D8
E058
E058
E058
D058
D8D8
CF98
C018
C018
C018
C018
C018
C018
FFF8
FFF8
ENDCHAR
STARTCHAR 233D
ENCODING 9021
SWIDTH 583 0
DWIDTH 14 0
BBX 12 24 1 -4
BITMAP
0600
0600
0600
0600
0600
0600
0F00
3FC0
76E0
6660
C630
C630
C630
C630
6660
76E0
3FC0
0F00
0600
0600
0600
0600
0600
0600
ENDCHAR
STARTCHAR 233E
ENCODING 9022
SWIDTH 583 0
DWIDTH 14 0
BBX 12 12 1 2
BITMAP
0F00
3FC0
70E0
6F60
D9B0
D0B0
D0B0
D9B0
6F60
70E0
3FC0
0F00
ENDCHAR
STARTCHAR 233F
ENCODING 9023
SWIDTH 583 0
DWIDTH 14 0
BBX 10 24 2 -4
BITMAP
01C0
01C0
01C0
0380
0380
0380
0700
0700
0700
0E00
0E00
FFC0
FFC0
1C00
1C00
3800
3800
3800
7000
7000
7000
E000
E000
E000
ENDCHAR
STARTCHAR 2340
ENCODING 9024
SWIDTH 583 0
DWIDTH 14 0
BBX 10 24 2 -4
BITMAP
E000
E000
E000
7000
7000
7000
3800
3800
3800
1C00
1C00
FFC0
FFC0
0E00
0600
0700
0700
0300
0380
0380
0180
01C0
01C0
00C0
ENDCHAR
STARTCHAR 2341
ENCODING 9025
SWIDTH 583 0
DWIDTH 14 0
BBX 13 25 1 -4
BITMAP
FFF8
FFF8
C018
C0D8
C0D8
C0D8
C1D8
C198
C198
C398
C318
C318
C718
C618
C618
CE18
CC18
CC18
DC18
D818
D818
D818
C018
FFF8
FFF8
ENDCHAR
STARTCHAR 2342
ENCODING 9026
SWIDTH 583 0
DWIDTH 14 0
BBX 13 25 1 -4
BITMAP
FFF8
FFF8
C018
D818
D818
D818
DC18
CC18
CC18
CE18
C618
C618
C718
C318
C318
C398
C198
C198
C1D8
C0D8
C0D8
C0D8
C018
FFF8
FFF8
ENDCHAR
STARTCHAR 2343
ENCODING 9027
SWIDTH 583 0
DWIDTH 14 0
BBX 13 25 1 -4
BITMAP
FFF8
FFF8
C018
C018
C018
C018
C018
C058
C1D8
C398
CF18
DC18
D018
DC18
CE18
C798
C1D8
C058
C018
C018
C018
C018
C018
FFF8
FFF8
ENDCHAR
STARTCHAR 2344
ENCODING 9028
SWIDTH 583 0
DWIDTH 14 0
BBX 13 25 1 -4
BITMAP
FFF8
FFF8
C018
C018
C018
C018
C018
D018
DC18
CE18
C798
C1D8
C058
C1D8
C398
CE18
DC18
D018
C018
C018
C018
C018
C018
FFF8
FFF8
ENDCHAR
STARTCHAR 2345
ENCODING 9029
SWIDTH 583 0
DWIDTH 14 0
BBX 14 25 0 -4
BITMAP
0300
0300
0300
0300
0300
0300
0300
0300
0D00
1D00
3B00
7000
FFFC
7FFC
3300
1900
0D00
0100
0300
0300
0300
0300
0300
0300
0300
ENDCHAR
STARTCHAR 2346
ENCODING 9030
SWIDTH 583 0
DWIDTH 14 0
BBX 14 25 0 -4
BITMAP
0300
0300
0300
0300
0300
0300
0300
0300
02C0
02E0
0370
0038
FFFC
FFF8
0330
0260
02C0
0300
0300
0300
0300
0300
0300
0300
0300
ENDCHAR
STARTCHAR 2347
ENCODING 9031
SWIDTH 583 0
DWIDTH 14 0
BBX 13 25 1 -4
BITMAP
FFF8
FFF8
C018
C018
C018
C018
C018
C018
C018
CC18
D818
D018
DFD8
DFD8
D018
D818
C018
C018
C018
C018
C018
C018
C018
FFF8
FFF8
ENDCHAR
STARTCHAR 2348
ENCODING 9032
SWIDTH 583 0
DWIDTH 14 0
BBX 13 25 1 -4
BITMAP
FFF8
FFF8
C018
C018
C018
C018
C018
C018
C018
C198
C0D8
C058
DFD8
DFD8
C058
C098
C018
C018
C018
C018
C018
C018
C018
FFF8
FFF8
ENDCHAR
STARTCHAR 2349
ENCODING 9033
SWIDTH 583 0
DWIDTH 14 0
BBX 12 18 1 -1
BITMAP
4000
E000
6000
3F00
3FC0
78E0
7C60
CC30
C630
C730
C330
61E0
71E0
3FC0
0FE0
0060
0030
0020
ENDCHAR
STARTCHAR 234A
ENCODING 9034
SWIDTH 583 0
DWIDTH 14 0
BBX 10 16 2 0
BITMAP
0E00
0E00
0E00
0E00
0E00
0E00
0E00
0E00
0E00
0E00
FFC0
FFC0
0000
0000
FFC0
FFC0
ENDCHAR
STARTCHAR 234B
ENCODING 9035
SWIDTH 583 0
DWIDTH 14 0
BBX 12 25 1 -4
BITMAP
0600
0600
0600
0600
0600
0F00
0F00
0F00
0F00
1F80
1F80
1F80
1F80
3EC0
36C0
36C0
76E0
7660
6660
7FE0
FFF0
0600
0600
0600
0600
ENDCHAR
STARTCHAR 234C
ENCODING 9036
SWIDTH 583 0
DWIDTH 14 0
BBX 13 25 1 -4
BITMAP
FFF8
FFF8
C018
C018
C018
C018
D8D8
D8D8
D8D8
D8D8
D9D8
CD98
CD98
CD98
CD98
C718
C718
C718
C718
C018
C018
C018
C018
FFF8
FFF8
ENDCHAR
STARTCHAR 234D
ENCODING 9037
SWIDTH 583 0
DWIDTH 14 0
BBX 13 25 1 -4
BITMAP
FFF8
FFF8
C018
C018
C018
C018
C718
C718
C718
CD98
CD98
CD98
CD98
D8D8
D8D8
D8D8
D8D8
DFD8
DFD8
C018
C018
C018
C018
FFF8
FFF8
ENDCHAR
STARTCHAR 234E
ENCODING 9038
SWIDTH 583 0
DWIDTH 14 0
BBX 10 16 2 0
BITMAP
0C00
0C00
0C00
1E00
3F80
6D80
6D80
6C80
6D80
7D80
3F00
0C00
0C00
0C00
FFC0
FFC0
ENDCHAR
STARTCHAR 234F
ENCODING 9039
SWIDTH 583 0
DWIDTH 14 0
BBX 10 20 2 -2
BITMAP
0C00
1E00
3F00
7D80
ECC0
4C00
0C00
0C00
0C00
FFC0
FFC0
0C00
0C00
0C00
0C00
0C00
0C00
0C00
0C00
0C00
ENDCHAR
STARTCHAR 2350
ENCODING 9040
SWIDTH 583 0
DWIDTH 14 0
BBX 13 25 1 -4
BITMAP
FFF8
FFF8
C018
C018
C018
C618
CF18
DF98
F6D8
C618
C618
C618
C618
C618
C618
C618
C618
C618
C618
C618
C618
C018
C018
FFF8
FFF8
ENDCHAR
STARTCHAR 2351
ENCODING 9041
SWIDTH 583 0
DWIDTH 14 0
BBX 10 16 2 0
BITMAP
FFC0
FFC0
0000
0000
FFC0
FFC0
0E00
0E00
0E00
0E00
0E00
0E00
0E00
0E00
0E00
0E00
ENDCHAR
STARTCHAR 2352
ENCODING 9042
SWIDTH 583 0
DWIDTH 14 0
BBX 12 25 1 -4
BITMAP
0600
0600
0600
0600
FFF0
7FE0
6660
6660
76E0
36C0
36C0
36C0
3FC0
1F80
1F80
1F80
0F80
0F00
0F00
0F00
0600
0600
0600
0600
0600
ENDCHAR
STARTCHAR 2353
ENCODING 9043
SWIDTH 583 0
DWIDTH 14 0
BBX 13 25 1 -4
BITMAP
FFF8
FFF8
C018
C018
C018
C018
C718
C718
C718
C718
CD98
CD98
CD98
CD98
DDD8
D8D8
D8D8
D8D8
D8D8
C018
C018
C018
C018
FFF8
FFF8
ENDCHAR
STARTCHAR 2354
ENCODING 9044
SWIDTH 583 0
DWIDTH 14 0
BBX 13 25 1 -4
BITMAP
FFF8
FFF8
C018
C018
C018
C018
DFD8
DFD8
D8D8
D8D8
D8D8
D8D8
CD98
CD98
CD98
CD98
C518
C718
C718
C018
C018
C018
C018
FFF8
FFF8
ENDCHAR
STARTCHAR 2355
ENCODING 9045
SWIDTH 583 0
DWIDTH 14 0
BBX 10 16 2 0
BITMAP
FFC0
FFC0
0C00
0C00
1E00
3F00
6D80
6D80
6D80
6D80
6D80
3F00
1E00
0C00
0C00
0C00
ENDCHAR
STARTCHAR 2356
ENCODING 9046
SWIDTH 583 0
DWIDTH 14 0
BBX 10 20 2 -2
BITMAP
0C00
0C00
0C00
0C00
0C00
0C00
0C00
0C00
0C00
FFC0
FFC0
0C00
0C00
0C00
4C80
EDC0
7F80
3F00
1E00
0C00
ENDCHAR
STARTCHAR 2357
ENCODING 9047
SWIDTH 583 0
DWIDTH 14 0
BBX 13 25 1 -4
BITMAP
FFF8
FFF8
C018
C018
C018
C618
C618
C618
C618
C618
C618
C618
C618
C618
C618
C618
F6D8
DF98
CF18
C618
C018
C018
C018
FFF8
FFF8
ENDCHAR
STARTCHAR 2358
ENCODING 9048
SWIDTH 583 0
DWIDTH 14 0
BBX 11 21 2 -2
BITMAP
0E00
0E00
0E00
0E00
0E00
0E00
0E00
0E00
0000
0000
0000
0000
0000
0000
0000
0000
0000
0000
0000
FFE0
FFE0
ENDCHAR
STARTCHAR 2359
ENCODING 9049
SWIDTH 583 0
DWIDTH 14 0
BBX 11 21 2 -5
BITMAP
1E00
1E00
1E00
1F00
3F00
3B00
3300
3380
7380
7180
6180
61C0
E1C0
E1C0
FFC0
FFE0
0000
0000
0000
FFC0
FFC0
ENDCHAR
STARTCHAR 235A
ENCODING 9050
SWIDTH 583 0
DWIDTH 14 0
BBX 11 15 2 -1
BITMAP
0C00
1E00
3300
6180
C0C0
C0E0
61C0
3380
1F00
0E00
0400
0000
0000
FFC0
FFC0
ENDCHAR
STARTCHAR 235B
ENCODING 9051
SWIDTH 583 0
DWIDTH 14 0
BBX 10 13 2 -2
BITMAP
1E00
3F00
3300
3300
1F00
0E00
0000
0000
0000
0000
0000
FFC0
FFC0
ENDCHAR
STARTCHAR 235C
ENCODING 9052
SWIDTH 583 0
DWIDTH 14 0
BBX 12 16 1 -2
BITMAP
0F00
3FC0
70E0
6060
C030
C030
C030
C030
6060
70E0
3FC0
0F00
0000
0000
7FE0
7FE0
ENDCHAR
STARTCHAR 235D
ENCODING 9053
SWIDTH 583 0
DWIDTH 14 0
BBX 10 16 2 0
BITMAP
3F00
7F80
E3C0
E1C0
E1C0
E1C0
E1C0
F3C0
FFC0
FFC0
E1C0
E1C0
E1C0
E1C0
E1C0
E1C0
ENDCHAR
STARTCHAR 235E
ENCODING 9054
SWIDTH 583 0
DWIDTH 14 0
BBX 13 25 1 -4
BITMAP
FFF8
FFF8
C018
C018
C018
C618
C618
C618
C618
C618
C618
C018
C018
C018
C018
C018
C018
C018
C018
C018
C018
C018
C018
FFF8
FFF8
ENDCHAR
STARTCHAR 235F
ENCODING 9055
SWIDTH 583 0
DWIDTH 14 0
BBX 12 12 1 2
BITMAP
1F80
3FC0
76E0
E670
F7F0
FFF0
CF30
CF30
79E0
79E0
3FC0
0F00
ENDCHAR
STARTCHAR 2360
ENCODING 9056
SWIDTH 583 0
DWIDTH 14 0
BBX 13 25 1 -4
BITMAP
FFF8
FFF8
C018
C018
C018
C018
C018
C018
C718
C718
C718
C018
C018
C018
C018
C718
C718
C718
C018
C018
C018
C018
C018
FFF8
FFF8
ENDCHAR
STARTCHAR 2361
ENCODING 9057
SWIDTH 583 0
DWIDTH 14 0
BBX 10 22 2 0
BITMAP
2100
7380
F3C0
7380
0000
0000
FFC0
FFC0
0C00
0C00
0C00
0C00
0C00
0C00
0C00
0C00
0C00
0C00
0C00
0C00
0C00
0C00
ENDCHAR
STARTCHAR 2362
ENCODING 9058
SWIDTH 583 0
DWIDTH 14 0
BBX 12 22 1 0
BITMAP
1080
39C0
79E0
39C0
0000
0000
FFF0
7FE0
70E0
70E0
70E0
30C0
39C0
39C0
1980
1980
1980
1F80
0F00
0F00
0F00
0F00
ENDCHAR
STARTCHAR 2363
ENCODING 9059
SWIDTH 583 0
DWIDTH 14 0
BBX 12 16 1 3
BITMAP
39C0
79E0
39C0
1080
0000
0600
0600
0600
6660
FFF0
3FC0
0F00
1F80
39C0
39C0
1080
ENDCHAR
STARTCHAR 2364
ENCODING 9060
SWIDTH 583 0
DWIDTH 14 0
BBX 10 14 2 5
BITMAP
7380
F3C0
7380
2100
0000
0000
0000
0000
1E00
3F00
3300
3300
3F00
1E00
ENDCHAR
STARTCHAR 2365
ENCODING 9061
SWIDTH 583 0
DWIDTH 14 0
BBX 12 17 1 2
BITMAP
39C0
39E0
39C0
1080
0000
0F00
3FC0
70E0
6060
C030
C030
C030
C030
6060
70E0
3FC0
0F00
ENDCHAR
STARTCHAR 2366
ENCODING 9062
SWIDTH 583 0
DWIDTH 14 0
BBX 10 25 2 -4
BITMAP
0C00
0C00
0C00
0C00
0C00
EDC0
EDC0
EDC0
EDC0
EDC0
EDC0
EDC0
EDC0
EDC0
EDC0
EDC0
EDC0
EDC0
FFC0
7F80
3F00
0C00
0C00
0C00
0C00
ENDCHAR
STARTCHAR 2367
ENCODING 9063
SWIDTH 583 0
DWIDTH 14 0
BBX 10 25 2 -4
BITMAP
0C00
0C00
0C00
0C00
0C00
0C00
0FC0
3FC0
7FC0
6C00
EC00
CC00
CC00
CC00
CC00
EC00
7C00
3FC0
1FC0
0C00
0C00
0C00
0C00
0C00
0C00
ENDCHAR
STARTCHAR 2368
ENCODING 9064
SWIDTH 583 0
DWIDTH 14 0
BBX 12 14 1 5
BITMAP
39C0
79E0
39C0
1080
0000
0000
0000
0000
0000
3C20
7E70
7E60
E7E0
C3C0
ENDCHAR
STARTCHAR 2369
ENCODING 9065
SWIDTH 583 0
DWIDTH 14 0
BBX 11 17 1 2
BITMAP
39C0
79E0
39C0
1080
4000
7000
7C00
1F00
0780
01E0
00E0
01E0
07C0
0F00
3C00
F800
6000
ENDCHAR
STARTCHAR 236A
ENCODING 9066
SWIDTH 583 0
DWIDTH 14 0
BBX 10 14 2 -5
BITMAP
FFC0
FFC0
0000
0000
0000
1E00
1E00
1E00
1E00
0600
0600
0C00
1C00
0800
ENDCHAR
STARTCHAR 236B
ENCODING 9067
SWIDTH 583 0
DWIDTH 14 0
BBX 14 16 0 0
BITMAP
3FF8
3FF0
3830
3870
1870
1C60
3E6C
7FFC
EFF8
CDF0
4CE0
06C0
0780
0780
0780
0380
ENDCHAR
STARTCHAR 236C
ENCODING 9068
SWIDTH 583 0
DWIDTH 14 0
BBX 15 18 0 0
BITMAP
07C0
1FF0
1EF0
3838
3838
3838
3838
3C3C
3F3E
7B3C
7BBC
F9F8
7878
3838
3838
3C70
1FF0
0FE0
ENDCHAR
STARTCHAR 236D
ENCODING 9069
SWIDTH 583 0
DWIDTH 14 0
BBX 15 23 0 -3
BITMAP
0380
0380
0380
0380
0380
0380
0380
0380
0380
1F84
3F8E
739C
E3F8
C3F0
0380
0380
0380
0380
0380
0380
0380
0380
0380
ENDCHAR
STARTCHAR 236E
ENCODING 9070
SWIDTH 583 0
DWIDTH 14 0
BBX 10 17 2 -5
BITMAP
1E00
1E00
1E00
1E00
0000
0000
0000
0000
1E00
1E00
1E00
1E00
C6C0
F6C0
0C00
1C00
0800
ENDCHAR
STARTCHAR 236F
ENCODING 9071
SWIDTH 583 0
DWIDTH 14 0
BBX 13 25 1 -4
BITMAP
FFF8
FFF8
C018
C018
C098
C198
C198
C198
C118
C318
DFD8
DFD8
C218
C218
DFD8
DFD8
C618
C418
CC18
CC18
CC18
C818
C018
FFF8
FFF8
ENDCHAR
STARTCHAR 2370
ENCODING 9072
SWIDTH 583 0
DWIDTH 14 0
BBX 13 25 1 -4
BITMAP
FFF8
FFF8
C018
C018
C018
CF98
DFD8
D8D8
D8D8
C0D8
C0D8
C0D8
C7D8
C718
C718
C018
C718
C718
C718
C018
C018
C018
C018
FFF8
FFF8
ENDCHAR
STARTCHAR 2371
ENCODING 9073
SWIDTH 583 0
DWIDTH 14 0
BBX 15 16 0 0
BITMAP
3830
3870
1870
1870
1C60
1CE0
3EEE
7FFC
6FD8
CDF8
4EE0
06C0
07C0
0780
0780
0380
ENDCHAR
STARTCHAR 2372
ENCODING 9074
SWIDTH 583 0
DWIDTH 14 0
BBX 14 16 0 0
BITMAP
0380
0780
0780
0780
07C0
1FC4
3ECC
7FDC
EFF8
CDF0
1C60
1860
1870
1830
3830
3030
ENDCHAR
STARTCHAR 2373
ENCODING 9075
SWIDTH 583 0
DWIDTH 14 0
BBX 10 12 3 0
BITMAP
FC00
FC00
1C00
1C00
1C00
1C00
1C00
1C00
1C00
1E00
0FC0
07C0
ENDCHAR
STARTCHAR 2374
ENCODING 9076
SWIDTH 583 0
DWIDTH 14 0
BBX 11 17 2 -5
BITMAP
3F80
7FC0
71C0
E0E0
E0E0
E0E0
E0E0
E0E0
E0E0
F1E0
FFC0
EF80
E000
E000
E000
E000
E000
ENDCHAR
STARTCHAR 2375
ENCODING 9077
SWIDTH 583 0
DWIDTH 14 0
BBX 13 13 1 0
BITMAP
4020
7070
6070
E030
E030
E738
E738
E738
E730
E730
6F70
7DF0
39E0
ENDCHAR
STARTCHAR 2376
ENCODING 9078
SWIDTH 583 0
DWIDTH 14 0
BBX 11 17 2 -5
BITMAP
3EE0
7FE0
F3C0
E1C0
E1C0
E1C0
E1C0
E1C0
E1C0
F3C0
7FE0
3EE0
0000
0000
0000
FFE0
FFE0
ENDCHAR
STARTCHAR 2377
ENCODING 9079
SWIDTH 583 0
DWIDTH 14 0
BBX 10 17 2 -5
BITMAP
1FC0
3FC0
7000
E000
E000
FFC0
FFC0
E000
E000
7000
3FC0
1FC0
0000
0000
0000
FFC0
FFC0
ENDCHAR
STARTCHAR 2378
ENCODING 9080
SWIDTH 583 0
DWIDTH 14 0
BBX 11 17 2 -5
BITMAP
7E00
7E00
0E00
0E00
0E00
0E00
0E00
0E00
0E00
0F00
07E0
03E0
0000
0000
0000
FFE0
FFE0
ENDCHAR
STARTCHAR 2379
ENCODING 9081
SWIDTH 583 0
DWIDTH 14 0
BBX 12 17 1 -5
BITMAP
70E0
6060
E070
E070
E770
E770
E770
E770
E770
EF70
7DE0
39C0
0000
0000
0000
7FE0
7FE0
ENDCHAR
STARTCHAR 237A
ENCODING 9082
SWIDTH 583 0
DWIDTH 14 0
BBX 11 12 2 0
BITMAP
3EE0
7FE0
F3C0
E1C0
E1C0
E1C0
E1C0
E1C0
E1C0
F3C0
7FE0
3EE0
ENDCHAR
STARTCHAR 237B
ENCODING 9083
SWIDTH 583 0
DWIDTH 14 0
BBX 13 15 1 0
BITMAP
0018
0210
0320
01E0
00C0
00E0
00A0
8110
4100
6300
3200
1600
1C00
0C00
0C00
ENDCHAR
STARTCHAR 237D
ENCODING 9085
SWIDTH 583 0
DWIDTH 14 0
BBX 13 4 1 -2
BITMAP
F078
F078
7FF0
7FF0
ENDCHAR
STARTCHAR 237E
ENCODING 9086
SWIDTH 583 0
DWIDTH 14 0
BBX 12 12 1 2
BITMAP
0F00
3FC0
70E0
6070
FFF0
FFF0
30C0
30C0
30C0
30C0
F0F0
F0F0
ENDCHAR
STARTCHAR 237F
ENCODING 9087
SWIDTH 583 0
DWIDTH 14 0
BBX 4 16 5 0
BITMAP
60
60
60
60
60
60
F0
F0
F0
F0
60
60
60
60
60
60
ENDCHAR
STARTCHAR 2380
ENCODING 9088
SWIDTH 583 0
DWIDTH 14 0
BBX 10 15 2 0
BITMAP
0400
3F00
0100
1F00
3100
3100
3F80
4040
E0C0
61C0
3380
3F00
1E00
0C00
0400
ENDCHAR
STARTCHAR 2381
ENCODING 9089
SWIDTH 583 0
DWIDTH 14 0
BBX 13 9 1 2
BITMAP
F800
8800
7800
8800
8978
FD78
0000
FFF0
FFF0
ENDCHAR
STARTCHAR 2382
ENCODING 9090
SWIDTH 583 0
DWIDTH 14 0
BBX 13 9 1 2
BITMAP
F9F0
8918
78F8
8918
8918
FDF8
0000
F9F0
F9F0
ENDCHAR
STARTCHAR 2383
ENCODING 9091
SWIDTH 583 0
DWIDTH 14 0
BBX 13 8 1 4
BITMAP
C010
EFB8
1880
EFB8
F8B8
1880
EFF8
8010
ENDCHAR
STARTCHAR 2384
ENCODING 9092
SWIDTH 583 0
DWIDTH 14 0
BBX 13 10 1 3
BITMAP
FFC0
FFE0
C7B0
CD98
CD98
CD98
CD98
C7B0
FFE0
FFC0
ENDCHAR
STARTCHAR 2385
ENCODING 9093
SWIDTH 583 0
DWIDTH 14 0
BBX 12 23 1 -3
BITMAP
0700
0700
0700
0700
0700
0700
FFF0
FFF0
C730
C730
C730
C730
C730
C730
C730
C730
FFF0
FFF0
0700
0700
0700
0700
0700
ENDCHAR
STARTCHAR 2386
ENCODING 9094
SWIDTH 583 0
DWIDTH 14 0
BBX 12 12 1 2
BITMAP
0200
0700
0980
12C0
0360
FFB0
FFB0
0360
1AC0
0D80
0700
0200
ENDCHAR
STARTCHAR 2387
ENCODING 9095
SWIDTH 583 0
DWIDTH 14 0
BBX 13 10 1 4
BITMAP
0020
0070
01F8
03F8
0370
0720
0E00
0C00
FCF0
F8F0
ENDCHAR
STARTCHAR 2388
ENCODING 9096
SWIDTH 583 0
DWIDTH 14 0
BBX 12 12 1 2
BITMAP
0600
2600
3FC0
3EC0
2F40
FFF0
2740
2FC0
36C0
3FE0
0600
0600
ENDCHAR
STARTCHAR 2389
ENCODING 9097
SWIDTH 583 0
DWIDTH 14 0
BBX 12 12 1 2
BITMAP
0F00
3FC0
70E0
6060
C030
F0F0
F9F0
CFB0
6760
72E0
3FC0
0F00
ENDCHAR
STARTCHAR 238A
ENCODING 9098
SWIDTH 583 0
DWIDTH 14 0
BBX 12 12 1 2
BITMAP
0F00
3FC0
70E0
7FE0
FFF0
F8F0
D9B0
CFB0
6F60
76E0
3FC0
0F00
ENDCHAR
STARTCHAR 238B
ENCODING 9099
SWIDTH 583 0
DWIDTH 14 0
BBX 12 12 1 2
BITMAP
E300
E3C0
F0E0
3860
1C30
0E30
C030
C030
6060
70E0
3FC0
0F00
ENDCHAR
STARTCHAR 238D
ENCODING 9101
SWIDTH 583 0
DWIDTH 14 0
BBX 12 12 1 2
BITMAP
3FC0
3FC0
30C0
30C0
30C0
30C0
30C0
30C0
30C0
30C0
F0F0
F0F0
ENDCHAR
STARTCHAR 2394
ENCODING 9108
SWIDTH 583 0
DWIDTH 14 0
BBX 12 11 1 3
BITMAP
1FC0
3FC0
3060
6060
6030
C030
6030
6060
3060
3FC0
1FC0
ENDCHAR
STARTCHAR 2395
ENCODING 9109
SWIDTH 583 0
DWIDTH 14 0
BBX 13 25 1 -4
BITMAP
FFF8
FFF8
C018
C018
C018
C018
C018
C018
C018
C018
C018
C018
C018
C018
C018
C018
C018
C018
C018
C018
C018
C018
C018
FFF8
FFF8
ENDCHAR
STARTCHAR 239B
ENCODING 9115
SWIDTH 583 0
DWIDTH 14 0
BBX 9 27 3 -7
BITMAP
0300
0380
0700
0700
0E00
1E00
1C00
1C00
3800
3800
3800
3000
7000
7000
7000
7000
7000
6000
E000
E000
E000
E000
E000
E000
E000
E000
E000
ENDCHAR
STARTCHAR 239C
ENCODING 9116
SWIDTH 583 0
DWIDTH 14 0
BBX 3 30 3 -7
BITMAP
E0
E0
E0
E0
E0
E0
E0
E0
E0
E0
E0
E0
E0
E0
E0
E0
E0
E0
E0
E0
E0
E0
E0
E0
E0
E0
E0
E0
E0
E0
ENDCHAR
STARTCHAR 239D
ENCODING 9117
SWIDTH 583 0
DWIDTH 14 0
BBX 9 27 3 -4
BITMAP
E000
E000
E000
E000
E000
E000
E000
E000
E000
6000
7000
7000
7000
7000
7000
3800
3800
3800
3800
1C00
1C00
0E00
0E00
0700
0780
0380
0100
ENDCHAR
STARTCHAR 239E
ENCODING 9118
SWIDTH 583 0
DWIDTH 14 0
BBX 9 27 2 -7
BITMAP
6000
E000
7000
7000
3800
3C00
1C00
1C00
0E00
0E00
0E00
0700
0700
0700
0700
0700
0700
0300
0380
0380
0380
0380
0380
0380
0380
0380
0380
ENDCHAR
STARTCHAR 239F
ENCODING 9119
SWIDTH 583 0
DWIDTH 14 0
BBX 3 30 8 -7
BITMAP
E0
E0
E0
E0
E0
E0
E0
E0
E0
E0
E0
E0
E0
E0
E0
E0
E0
E0
E0
E0
E0
E0
E0
E0
E0
E0
E0
E0
E0
E0
ENDCHAR
STARTCHAR 23A0
ENCODING 9120
SWIDTH 583 0
DWIDTH 14 0
BBX 9 27 2 -4
BITMAP
0380
0380
0380
0380
0380
0380
0380
0380
0380
0300
0700
0700
0700
0700
0700
0E00
0E00
0E00
0E00
1C00
1C00
3800
3800
7000
F000
E000
4000
ENDCHAR
STARTCHAR 23A1
ENCODING 9121
SWIDTH 583 0
DWIDTH 14 0
BBX 8 27 3 -7
BITMAP
FF
FF
E0
E0
E0
E0
E0
E0
E0
E0
E0
E0
E0
E0
E0
E0
E0
E0
E0
E0
E0
E0
E0
E0
E0
E0
E0
ENDCHAR
STARTCHAR 23A2
ENCODING 9122
SWIDTH 583 0
DWIDTH 14 0
BBX 3 30 3 -7
BITMAP
E0
E0
E0
E0
E0
E0
E0
E0
E0
E0
E0
E0
E0
E0
E0
E0
E0
E0
E0
E0
E0
E0
E0
E0
E0
E0
E0
E0
E0
E0
ENDCHAR
STARTCHAR 23A3
ENCODING 9123
SWIDTH 583 0
DWIDTH 14 0
BBX 8 26 3 -3
BITMAP
E0
E0
E0
E0
E0
E0
E0
E0
E0
E0
E0
E0
E0
E0
E0
E0
E0
E0
E0
E0
E0
E0
E0
E0
FF
FF
ENDCHAR
STARTCHAR 23A4
ENCODING 9124
SWIDTH 583 0
DWIDTH 14 0
BBX 8 27 3 -7
BITMAP
FF
FF
07
07
07
07
07
07
07
07
07
07
07
07
07
07
07
07
07
07
07
07
07
07
07
07
07
ENDCHAR
STARTCHAR 23A5
ENCODING 9125
SWIDTH 583 0
DWIDTH 14 0
BBX 3 30 8 -7
BITMAP
E0
E0
E0
E0
E0
E0
E0
E0
E0
E0
E0
E0
E0
E0
E0
E0
E0
E0
E0
E0
E0
E0
E0
E0
E0
E0
E0
E0
E0
E0
ENDCHAR
STARTCHAR 23A6
ENCODING 9126
SWIDTH 583 0
DWIDTH 14 0
BBX 8 26 3 -3
BITMAP
07
07
07
07
07
07
07
07
07
07
07
07
07
07
07
07
07
07
07
07
07
07
07
07
FF
FF
ENDCHAR
STARTCHAR 23A7
ENCODING 9127
SWIDTH 583 0
DWIDTH 14 0
BBX 6 27 6 -7
BITMAP
1C
7C
78
E0
E0
E0
E0
E0
E0
E0
E0
E0
E0
E0
E0
E0
E0
E0
E0
E0
E0
E0
E0
E0
E0
E0
E0
ENDCHAR
STARTCHAR 23A8
ENCODING 9128
SWIDTH 583 0
DWIDTH 14 0
BBX 6 30 3 -7
BITMAP
1C
1C
1C
1C
1C
1C
1C
1C
1C
1C
1C
1C
1C
38
F8
F8
38
1C
1C
1C
1C
1C
1C
1C
1C
1C
1C
1C
1C
1C
ENDCHAR
STARTCHAR 23A9
ENCODING 9129
SWIDTH 583 0
DWIDTH 14 0
BBX 6 26 6 -3
BITMAP
E0
E0
E0
E0
E0
E0
E0
E0
E0
E0
E0
E0
E0
E0
E0
E0
E0
E0
E0
E0
E0
E0
E0
F0
7C
3C
ENDCHAR
STARTCHAR 23AA
ENCODING 9130
SWIDTH 583 0
DWIDTH 14 0
BBX 3 30 6 -7
BITMAP
E0
E0
E0
E0
E0
E0
E0
E0
E0
E0
E0
E0
E0
E0
E0
E0
E0
E0
E0
E0
E0
E0
E0
E0
E0
E0
E0
E0
E0
E0
ENDCHAR
STARTCHAR 23AB
ENCODING 9131
SWIDTH 583 0
DWIDTH 14 0
BBX 6 27 3 -7
BITMAP
E0
F0
78
3C
1C
1C
1C
1C
1C
1C
1C
1C
1C
1C
1C
1C
1C
1C
1C
1C
1C
1C
1C
1C
1C
1C
1C
ENDCHAR
STARTCHAR 23AC
ENCODING 9132
SWIDTH 583 0
DWIDTH 14 0
BBX 6 30 6 -7
BITMAP
E0
E0
E0
E0
E0
E0
E0
E0
E0
E0
E0
E0
E0
F0
7C
7C
F0
E0
E0
E0
E0
E0
E0
E0
E0
E0
E0
E0
E0
E0
ENDCHAR
STARTCHAR 23AD
ENCODING 9133
SWIDTH 583 0
DWIDTH 14 0
BBX 6 26 3 -3
BITMAP
1C
1C
1C
1C
1C
1C
1C
1C
1C
1C
1C
1C
1C
1C
1C
1C
1C
1C
1C
1C
1C
1C
1C
38
F8
F0
ENDCHAR
STARTCHAR 23AE
ENCODING 9134
SWIDTH 583 0
DWIDTH 14 0
BBX 3 30 6 -7
BITMAP
E0
E0
E0
E0
E0
E0
E0
E0
E0
E0
E0
E0
E0
E0
E0
E0
E0
E0
E0
E0
E0
E0
E0
E0
E0
E0
E0
E0
E0
E0
ENDCHAR
STARTCHAR 23B0
ENCODING 9136
SWIDTH 583 0
DWIDTH 14 0
BBX 9 23 2 -3
BITMAP
0380
0780
0F00
1C00
1C00
1C00
1C00
1C00
1C00
1C00
1C00
1C00
1C00
1C00
1C00
1C00
1C00
1C00
1C00
1C00
3C00
F800
F000
ENDCHAR
STARTCHAR 23B1
ENCODING 9137
SWIDTH 583 0
DWIDTH 14 0
BBX 9 23 2 -3
BITMAP
E000
F800
7800
1C00
1C00
1C00
1C00
1C00
1C00
1C00
1C00
1C00
1C00
1C00
1C00
1C00
1C00
1C00
1C00
1C00
0E00
0F80
0780
ENDCHAR
STARTCHAR 23B2
ENCODING 9138
SWIDTH 583 0
DWIDTH 14 0
BBX 10 26 2 -7
BITMAP
FFC0
FFC0
C0C0
E0C0
6000
6000
6000
6000
6000
7000
3000
3000
3000
3000
3000
3800
1800
1800
1800
1800
1800
1C00
0C00
0C00
0C00
0C00
ENDCHAR
STARTCHAR 23B3
ENCODING 9139
SWIDTH 583 0
DWIDTH 14 0
BBX 10 26 2 -3
BITMAP
0C00
0C00
0C00
0C00
1C00
1800
1800
1800
1800
1800
3800
3000
3000
3000
3000
3000
7000
6000
6000
6000
6000
E000
E0C0
C0C0
FFC0
FFC0
ENDCHAR
STARTCHAR 23B8
ENCODING 9144
SWIDTH 583 0
DWIDTH 14 0
BBX 2 30 0 -7
BITMAP
C0
C0
C0
C0
C0
C0
C0
C0
C0
C0
C0
C0
C0
C0
C0
C0
C0
C0
C0
C0
C0
C0
C0
C0
C0
C0
C0
C0
C0
C0
ENDCHAR
STARTCHAR 23B9
ENCODING 9145
SWIDTH 583 0
DWIDTH 14 0
BBX 2 30 12 -7
BITMAP
C0
C0
C0
C0
C0
C0
C0
C0
C0
C0
C0
C0
C0
C0
C0
C0
C0
C0
C0
C0
C0
C0
C0
C0
C0
C0
C0
C0
C0
C0
ENDCHAR
STARTCHAR 23BA
ENCODING 9146
SWIDTH 583 0
DWIDTH 14 0
BBX 14 2 0 21
BITMAP
FFFC
FFFC
ENDCHAR
STARTCHAR 23BB
ENCODING 9147
SWIDTH 583 0
DWIDTH 14 0
BBX 14 2 0 14
BITMAP
FFFC
FFFC
ENDCHAR
STARTCHAR 23BC
ENCODING 9148
SWIDTH 583 0
DWIDTH 14 0
BBX 14 2 0 0
BITMAP
FFFC
FFFC
ENDCHAR
STARTCHAR 23BD
ENCODING 9149
SWIDTH 583 0
DWIDTH 14 0
BBX 14 2 0 -7
BITMAP
FFFC
FFFC
ENDCHAR
STARTCHAR 23BE
ENCODING 9150
SWIDTH 583 0
DWIDTH 14 0
BBX 14 30 0 -7
BITMAP
FFFC
FFFC
C000
C000
C000
C000
C000
C000
C000
C000
C000
C000
C000
C000
C000
C000
C000
C000
C000
C000
C000
C000
C000
C000
C000
C000
C000
C000
C000
C000
ENDCHAR
STARTCHAR 23BF
ENCODING 9151
SWIDTH 583 0
DWIDTH 14 0
BBX 14 30 0 -7
BITMAP
C000
C000
C000
C000
C000
C000
C000
C000
C000
C000
C000
C000
C000
C000
C000
C000
C000
C000
C000
C000
C000
C000
C000
C000
C000
C000
C000
C000
FFFC
FFFC
ENDCHAR
STARTCHAR 23C0
ENCODING 9152
SWIDTH 583 0
DWIDTH 14 0
BBX 12 30 1 -7
BITMAP
0600
0600
0600
0600
0600
0600
0600
0600
0600
0F00
3FC0
76E0
6660
C630
C630
C630
C630
6660
76E0
3FC0
0F00
0600
0600
0600
0600
0600
0600
0600
0600
0600
ENDCHAR
STARTCHAR 23C1
ENCODING 9153
SWIDTH 583 0
DWIDTH 14 0
BBX 14 30 0 -7
BITMAP
FFFC
FFFC
0300
0300
0300
0300
0300
0300
0300
0780
1FE0
3B70
3330
6318
6318
6318
6318
3330
3B70
1FE0
0780
0300
0300
0300
0300
0300
0300
0300
0300
0300
ENDCHAR
STARTCHAR 23C2
ENCODING 9154
SWIDTH 583 0
DWIDTH 14 0
BBX 14 30 0 -7
BITMAP
0300
0300
0300
0300
0300
0300
0300
0300
0300
0780
1FE0
3B70
3330
6318
6318
6318
6318
3330
3B70
1FE0
0780
0300
0300
0300
0300
0300
0300
0300
FFFC
FFFC
ENDCHAR
STARTCHAR 23C3
ENCODING 9155
SWIDTH 583 0
DWIDTH 14 0
BBX 14 30 0 -7
BITMAP
0300
0300
0300
0300
0300
0300
0300
0300
0300
0300
0300
0380
0780
0FC0
0F60
1B60
1330
3330
6318
7FFC
FFFC
0300
0300
0300
0300
0300
0300
0300
0300
0300
ENDCHAR
STARTCHAR 23C4
ENCODING 9156
SWIDTH 583 0
DWIDTH 14 0
BBX 14 30 0 -7
BITMAP
FFFC
FFFC
0300
0300
0300
0300
0300
0300
0300
0300
0300
0380
0780
0FC0
0F60
1B60
1B30
3330
6318
7FFC
FFFC
0300
0300
0300
0300
0300
0300
0300
0300
0300
ENDCHAR
STARTCHAR 23C5
ENCODING 9157
SWIDTH 583 0
DWIDTH 14 0
BBX 14 30 0 -7
BITMAP
0300
0300
0300
0300
0300
0300
0300
0300
0300
0300
0300
0380
0780
0FC0
0F60
1B60
1330
3330
6318
7FFC
FFFC
0300
0300
0300
0300
0300
0300
0300
FFFC
FFFC
ENDCHAR
STARTCHAR 23C6
ENCODING 9158
SWIDTH 583 0
DWIDTH 14 0
BBX 14 30 0 -7
BITMAP
0300
0300
0300
0300
0300
0300
0300
0300
0300
0300
0300
0300
1F0C
3F1C
3718
73B8
63F0
E3E0
0300
0300
0300
0300
0300
0300
0300
0300
0300
0300
0300
0300
ENDCHAR
STARTCHAR 23C7
ENCODING 9159
SWIDTH 583 0
DWIDTH 14 0
BBX 14 30 0 -7
BITMAP
FFFC
FFFC
0300
0300
0300
0300
0300
0300
0300
0300
0300
0300
1F0C
3F1C
3318
73B8
63F0
E3E0
0300
0300
0300
0300
0300
0300
0300
0300
0300
0300
0300
0300
ENDCHAR
STARTCHAR 23C8
ENCODING 9160
SWIDTH 583 0
DWIDTH 14 0
BBX 14 30 0 -7
BITMAP
0300
0300
0300
0300
0300
0300
0300
0300
0300
0300
0300
0300
1F0C
3F1C
3318
73B8
63F0
E3E0
0300
0300
0300
0300
0300
0300
0300
0300
0300
0300
FFFC
FFFC
ENDCHAR
STARTCHAR 23C9
ENCODING 9161
SWIDTH 583 0
DWIDTH 14 0
BBX 14 30 0 -7
BITMAP
FFFC
FFFC
0300
0300
0300
0300
0300
0300
0300
0300
0300
0300
0300
0300
0300
0300
0300
0300
0300
0300
0300
0300
0300
0300
0300
0300
0300
0300
0300
0300
ENDCHAR
STARTCHAR 23CA
ENCODING 9162
SWIDTH 583 0
DWIDTH 14 0
BBX 14 30 0 -7
BITMAP
0300
0300
0300
0300
0300
0300
0300
0300
0300
0300
0300
0300
0300
0300
0300
0300
0300
0300
0300
0300
0300
0300
0300
0300
0300
0300
0300
0300
FFFC
FFFC
ENDCHAR
STARTCHAR 23CB
ENCODING 9163
SWIDTH 583 0
DWIDTH 14 0
BBX 14 30 0 -7
BITMAP
FFFC
FFFC
000C
000C
000C
000C
000C
000C
000C
000C
000C
000C
000C
000C
000C
000C
000C
000C
000C
000C
000C
000C
000C
000C
000C
000C
000C
000C
000C
000C
ENDCHAR
STARTCHAR 23CC
ENCODING 9164
SWIDTH 583 0
DWIDTH 14 0
BBX 14 30 0 -7
BITMAP
000C
000C
000C
000C
000C
000C
000C
000C
000C
000C
000C
000C
000C
000C
000C
000C
000C
000C
000C
000C
000C
000C
000C
000C
000C
000C
000C
000C
FFFC
FFFC
ENDCHAR
STARTCHAR 23CE
ENCODING 9166
SWIDTH 583 0
DWIDTH 14 0
BBX 13 10 0 4
BITMAP
00F8
0088
0C88
1F88
2008
C008
6008
3FF8
0C00
0400
ENDCHAR
STARTCHAR 23CF
ENCODING 9167
SWIDTH 583 0
DWIDTH 14 0
BBX 12 12 1 2
BITMAP
0200
0700
0F80
1FC0
3FE0
7FF0
8000
0000
FFF0
FFF0
FFF0
FFF0
ENDCHAR
STARTCHAR 23DA
ENCODING 9178
SWIDTH 583 0
DWIDTH 14 0
BBX 12 22 1 1
BITMAP
0600
0600
0600
0600
0600
0600
0600
0600
0600
0600
0600
0600
0600
0600
FFF0
FFF0
0000
1FC0
1FC0
0000
0F00
0F00
ENDCHAR
STARTCHAR 23DB
ENCODING 9179
SWIDTH 583 0
DWIDTH 14 0
BBX 14 8 0 4
BITMAP
7FF8
7FF8
6018
FFFC
FFFC
6018
7FF8
7FF8
ENDCHAR
STARTCHAR 23E2
ENCODING 9186
SWIDTH 583 0
DWIDTH 14 0
BBX 12 8 1 4
BITMAP
FFE0
FFE0
C060
C060
C060
C030
FFF0
FFF0
ENDCHAR
STARTCHAR 23E4
ENCODING 9188
SWIDTH 583 0
DWIDTH 14 0
BBX 12 2 1 7
BITMAP
FFF0
FFF0
ENDCHAR
STARTCHAR 23E5
ENCODING 9189
SWIDTH 583 0
DWIDTH 14 0
BBX 14 8 0 4
BITMAP
1FFC
3FFC
300C
6018
6018
6018
FFF0
FFF0
ENDCHAR
STARTCHAR 23E8
ENCODING 9192
SWIDTH 583 0
DWIDTH 14 0
BBX 12 13 1 -3
BITMAP
31E0
71F0
F330
3330
3370
3370
33F0
33B0
33B0
3330
3330
FDF0
FDE0
ENDCHAR
STARTCHAR 23E9
ENCODING 9193
SWIDTH 583 0
DWIDTH 14 0
BBX 12 12 1 2
BITMAP
8200
C300
E380
F3C0
FBE0
FFF0
FFF0
FBE0
F3C0
E380
C300
8200
ENDCHAR
STARTCHAR 23EA
ENCODING 9194
SWIDTH 583 0
DWIDTH 14 0
BBX 12 11 1 2
BITMAP
0410
0C10
1C30
3C70
7CF0
FDF0
7DF0
3CF0
1C70
0C30
0410
ENDCHAR
STARTCHAR 23EB
ENCODING 9195
SWIDTH 583 0
DWIDTH 14 0
BBX 12 12 1 2
BITMAP
0600
0F00
1F80
3FC0
7FE0
FFF0
0200
0700
0F80
1FC0
3FE0
7FF0
ENDCHAR
STARTCHAR 23EC
ENCODING 9196
SWIDTH 583 0
DWIDTH 14 0
BBX 11 12 2 2
BITMAP
FFE0
7FC0
3F80
1F00
0E00
0400
FFE0
7FC0
3F80
1F00
0E00
0400
ENDCHAR
STARTCHAR 23ED
ENCODING 9197
SWIDTH 583 0
DWIDTH 14 0
BBX 12 12 1 2
BITMAP
8430
8630
C630
E730
F7B0
FFF0
FFF0
F7B0
E730
C630
8430
0430
ENDCHAR
STARTCHAR 23EE
ENCODING 9198
SWIDTH 583 0
DWIDTH 14 0
BBX 12 12 1 2
BITMAP
C210
C610
C630
CE70
DEF0
FFF0
FFF0
DEF0
CE70
C630
C210
C200
ENDCHAR
STARTCHAR 23EF
ENCODING 9199
SWIDTH 583 0
DWIDTH 14 0
BBX 11 12 2 2
BITMAP
8360
C360
E360
F360
FB60
FF60
FB60
F360
E360
C360
8360
8360
ENDCHAR
STARTCHAR 23F0
ENCODING 9200
SWIDTH 583 0
DWIDTH 14 0
BBX 12 13 1 2
BITMAP
2260
1F80
39E0
6260
C230
C230
C230
C630
CC30
6060
70E0
3FC0
2640
ENDCHAR
STARTCHAR 23F1
ENCODING 9201
SWIDTH 583 0
DWIDTH 14 0
BBX 12 14 1 2
BITMAP
0600
0000
1F90
3FC0
6260
C230
C230
C630
C630
C030
6060
70E0
3FC0
0600
ENDCHAR
STARTCHAR 23F2
ENCODING 9202
SWIDTH 583 0
DWIDTH 14 0
BBX 12 12 1 2
BITMAP
1F80
3FC0
6060
C030
D830
CE30
C630
C030
6070
70E0
3FC0
0600
ENDCHAR
STARTCHAR 23F3
ENCODING 9203
SWIDTH 583 0
DWIDTH 14 0
BBX 12 22 1 -3
BITMAP
FFF0
FFF0
C030
C030
DF30
DF30
EE60
76E0
39C0
1F80
0F00
0F00
1F80
39C0
74E0
6460
C470
C430
DF30
C030
FFF0
FFF0
ENDCHAR
STARTCHAR 23F4
ENCODING 9204
SWIDTH 583 0
DWIDTH 14 0
BBX 6 11 4 2
BITMAP
04
0C
1C
3C
7C
FC
7C
3C
1C
0C
04
ENDCHAR
STARTCHAR 23F5
ENCODING 9205
SWIDTH 583 0
DWIDTH 14 0
BBX 6 12 4 2
BITMAP
80
C0
E0
F0
F8
FC
FC
F8
F0
E0
C0
80
ENDCHAR
STARTCHAR 23F6
ENCODING 9206
SWIDTH 583 0
DWIDTH 14 0
BBX 12 6 1 5
BITMAP
0600
0F00
1F80
3FC0
7FE0
FFF0
ENDCHAR
STARTCHAR 23F7
ENCODING 9207
SWIDTH 583 0
DWIDTH 14 0
BBX 11 6 2 5
BITMAP
FFE0
7FC0
3F80
1F00
0E00
0400
ENDCHAR
STARTCHAR 23F8
ENCODING 9208
SWIDTH 583 0
DWIDTH 14 0
BBX 12 12 1 2
BITMAP
F0F0
F0F0
F0F0
F0F0
F0F0
F0F0
F0F0
F0F0
F0F0
F0F0
F0F0
F0F0
ENDCHAR
STARTCHAR 23F9
ENCODING 9209
SWIDTH 583 0
DWIDTH 14 0
BBX 12 12 1 2
BITMAP
FFF0
FFF0
FFF0
FFF0
FFF0
FFF0
FFF0
FFF0
FFF0
FFF0
FFF0
FFF0
ENDCHAR
STARTCHAR 23FA
ENCODING 9210
SWIDTH 583 0
DWIDTH 14 0
BBX 12 12 1 2
BITMAP
1F80
3FC0
7FE0
7FF0
FFF0
FFF0
FFF0
FFF0
7FF0
7FE0
3FC0
0F00
ENDCHAR
STARTCHAR 23FB
ENCODING 9211
SWIDTH 583 0
DWIDTH 14 0
BBX 12 13 1 2
BITMAP
0600
0600
0600
6660
E660
C670
C630
C030
C030
E060
70E0
3FC0
0F00
ENDCHAR
STARTCHAR 23FC
ENCODING 9212
SWIDTH 583 0
DWIDTH 14 0
BBX 12 12 1 2
BITMAP
1F80
3FC0
70E0
E060
C630
C630
C630
C670
E060
70E0
3FC0
0F00
ENDCHAR
STARTCHAR 23FD
ENCODING 9213
SWIDTH 583 0
DWIDTH 14 0
BBX 2 12 6 2
BITMAP
C0
C0
C0
C0
C0
C0
C0
C0
C0
C0
C0
C0
ENDCHAR
STARTCHAR 23FE
ENCODING 9214
SWIDTH 583 0
DWIDTH 14 0
BBX 10 11 2 2
BITMAP
2000
6000
6000
E000
E000
E000
F000
7800
7C00
3FC0
0F00
ENDCHAR
STARTCHAR 23FF
ENCODING 9215
SWIDTH 583 0
DWIDTH 14 0
BBX 11 14 2 1
BITMAP
00C0
01E0
07C0
1FC0
3FE0
F3E0
E3E0
E3E0
7BE0
3FE0
0FC0
03C0
01E0
0040
ENDCHAR
STARTCHAR 2400
ENCODING 9216
SWIDTH 583 0
DWIDTH 14 0
BBX 10 23 2 -3
BITMAP
D800
D800
7800
7800
5800
5800
D800
0000
0000
1B00
1200
1200
1200
1200
1E00
0000
0000
0700
0200
0200
0200
0200
07C0
ENDCHAR
STARTCHAR 2401
ENCODING 9217
SWIDTH 583 0
DWIDTH 14 0
BBX 10 23 2 -3
BITMAP
6800
7800
4000
7000
1800
D800
F800
0000
0000
1E00
1200
1200
1200
1200
1E00
0000
0000
06C0
06C0
07C0
06C0
06C0
06C0
ENDCHAR
STARTCHAR 2402
ENCODING 9218
SWIDTH 583 0
DWIDTH 14 0
BBX 10 23 2 -3
BITMAP
6800
7800
4000
7000
1800
D800
F800
0000
0000
1E00
0C00
0C00
0C00
0C00
0E00
0000
0000
06C0
0380
0380
0380
0380
06C0
ENDCHAR
STARTCHAR 2403
ENCODING 9219
SWIDTH 583 0
DWIDTH 14 0
BBX 10 22 2 -3
BITMAP
F800
4000
7000
4000
4000
F800
0000
0000
1E00
0400
0400
0400
0400
0E00
0000
0000
06C0
0380
0180
0180
0380
06C0
ENDCHAR
STARTCHAR 2404
ENCODING 9220
SWIDTH 583 0
DWIDTH 14 0
BBX 10 22 2 -3
BITMAP
F800
4000
7000
4000
4000
F800
0000
0000
1E00
1300
1300
1300
1300
1E00
0000
0000
07C0
0180
0180
0180
0180
0380
ENDCHAR
STARTCHAR 2405
ENCODING 9221
SWIDTH 583 0
DWIDTH 14 0
BBX 10 22 2 -3
BITMAP
F800
4000
7000
4000
4000
F800
0000
0000
1B00
1B00
1F00
1700
1700
1B00
0000
0380
06C0
06C0
06C0
07C0
06C0
03C0
ENDCHAR
STARTCHAR 2406
ENCODING 9222
SWIDTH 583 0
DWIDTH 14 0
BBX 10 22 2 -3
BITMAP
3000
7000
5000
7000
5800
D800
0000
0000
1E00
1200
1000
1000
1000
1E00
0000
0000
06C0
0780
0700
0780
0680
06C0
ENDCHAR
STARTCHAR 2407
ENCODING 9223
SWIDTH 583 0
DWIDTH 14 0
BBX 10 22 2 -3
BITMAP
F800
C800
F800
C800
C800
F800
0000
0000
1E00
1800
1C00
1800
1800
1E00
0000
0000
0600
0200
0200
0200
0200
07C0
ENDCHAR
STARTCHAR 2408
ENCODING 9224
SWIDTH 583 0
DWIDTH 14 0
BBX 9 22 3 -3
BITMAP
F800
FC00
CC00
CC00
F800
FC00
CC00
CC00
FC00
F000
0000
0000
1F80
3F80
3000
3000
1E00
0F00
0380
3180
3F00
3F00
ENDCHAR
STARTCHAR 2409
ENCODING 9225
SWIDTH 583 0
DWIDTH 14 0
BBX 10 22 2 -3
BITMAP
E600
E600
6600
6600
7E00
7E00
6600
6600
E600
E600
0000
0000
1FC0
1FC0
0600
0600
0600
0600
0600
0600
0F00
0F00
ENDCHAR
STARTCHAR 240A
ENCODING 9226
SWIDTH 583 0
DWIDTH 14 0
BBX 9 22 3 -3
BITMAP
E000
E000
C000
C000
C000
C000
C000
C600
FE00
FE00
0000
0000
3F80
3F80
3000
3000
3E00
3E00
3000
3000
3800
3800
ENDCHAR
STARTCHAR 240B
ENCODING 9227
SWIDTH 583 0
DWIDTH 14 0
BBX 10 22 2 -3
BITMAP
E600
E600
6600
6400
2C00
2C00
3C00
3800
1800
1800
0000
0000
1FC0
1FC0
0600
0600
0600
0600
0600
0600
0F00
0F00
ENDCHAR
STARTCHAR 240C
ENCODING 9228
SWIDTH 583 0
DWIDTH 14 0
BBX 9 22 3 -3
BITMAP
FE00
FE00
C000
C000
F800
F800
C000
C000
E000
E000
0000
0000
3F80
3F80
1800
1800
1E00
1E00
1800
1800
3800
3800
ENDCHAR
STARTCHAR 240D
ENCODING 9229
SWIDTH 583 0
DWIDTH 14 0
BBX 9 22 3 -3
BITMAP
7C00
FE00
C600
C000
C000
C000
C000
C600
7C00
3800
0000
0000
3F00
3F80
3180
3180
3F80
3F00
3300
3300
3980
3980
ENDCHAR
STARTCHAR 240E
ENCODING 9230
SWIDTH 583 0
DWIDTH 14 0
BBX 9 22 3 -3
BITMAP
7E00
FE00
C600
E000
7800
1C00
0600
C600
FC00
D800
0000
0000
0F00
1F80
3180
3180
3180
3180
3180
3180
1F80
1F00
ENDCHAR
STARTCHAR 240F
ENCODING 9231
SWIDTH 583 0
DWIDTH 14 0
BBX 9 22 3 -3
BITMAP
7E00
FE00
C600
E000
7800
1C00
0600
C600
FE00
D800
0000
0000
1F80
1F80
0600
0600
0600
0600
0600
0600
1F80
1F80
ENDCHAR
STARTCHAR 2410
ENCODING 9232
SWIDTH 583 0
DWIDTH 14 0
BBX 10 22 2 -3
BITMAP
F800
D800
D800
D800
D800
F800
0000
0000
1800
1800
1800
1800
1800
1E00
0000
0000
07C0
0200
0380
0200
0200
07C0
ENDCHAR
STARTCHAR 2411
ENCODING 9233
SWIDTH 583 0
DWIDTH 14 0
BBX 9 22 2 -3
BITMAP
F800
D800
D800
D800
D800
F800
0000
0000
1E00
1200
1000
1000
1000
1E00
0000
0000
0300
0100
0100
0100
0100
0380
ENDCHAR
STARTCHAR 2412
ENCODING 9234
SWIDTH 583 0
DWIDTH 14 0
BBX 10 22 2 -3
BITMAP
F800
D800
D800
D800
D800
F800
0000
0000
1E00
1200
1000
1000
1200
1E00
0000
0380
02C0
00C0
00C0
0180
0300
03C0
ENDCHAR
STARTCHAR 2413
ENCODING 9235
SWIDTH 583 0
DWIDTH 14 0
BBX 10 22 2 -3
BITMAP
F800
D800
D800
D800
D800
F800
0000
0000
1E00
1200
1000
1000
1000
1E00
0000
0000
07C0
0180
0380
00C0
06C0
0380
ENDCHAR
STARTCHAR 2414
ENCODING 9236
SWIDTH 583 0
DWIDTH 14 0
BBX 10 22 2 -3
BITMAP
F800
D800
D800
D800
D800
F800
0000
0000
1E00
1200
1000
1000
1000
1E00
0000
0080
0180
0300
0280
07C0
0080
01C0
ENDCHAR
STARTCHAR 2415
ENCODING 9237
SWIDTH 583 0
DWIDTH 14 0
BBX 10 23 2 -3
BITMAP
D800
D800
7800
7800
5800
5800
D800
0000
0000
0C00
0C00
0E00
1E00
1A00
1B00
0000
0000
06C0
0780
0700
0780
0680
06C0
ENDCHAR
STARTCHAR 2416
ENCODING 9238
SWIDTH 583 0
DWIDTH 14 0
BBX 10 23 2 -3
BITMAP
6800
7800
C000
7000
3800
D800
F800
0000
0000
1B00
0E00
0C00
0C00
0C00
0E00
0000
06C0
06C0
07C0
07C0
07C0
06C0
06C0
ENDCHAR
STARTCHAR 2417
ENCODING 9239
SWIDTH 583 0
DWIDTH 14 0
BBX 10 22 2 -3
BITMAP
F800
4000
7000
4000
4000
F800
0000
0000
1E00
0400
0400
0400
0400
0E00
0000
0000
0780
0680
0780
06C0
06C0
0780
ENDCHAR
STARTCHAR 2418
ENCODING 9240
SWIDTH 583 0
DWIDTH 14 0
BBX 9 22 3 -3
BITMAP
F000
9000
8000
8000
8000
F000
0000
0000
1800
1C00
1C00
3C00
3400
3600
0000
0D80
0D80
0F80
0F80
0F80
0D80
0D80
ENDCHAR
STARTCHAR 2419
ENCODING 9241
SWIDTH 583 0
DWIDTH 14 0
BBX 9 22 3 -3
BITMAP
FE00
FE00
C000
C000
F800
F800
C000
C600
FE00
FE00
0000
0000
3180
3B80
3B80
3B80
3B80
3F80
3580
3180
3180
3180
ENDCHAR
STARTCHAR 241A
ENCODING 9242
SWIDTH 583 0
DWIDTH 14 0
BBX 10 23 2 -3
BITMAP
6800
7800
4000
7000
1800
D800
F800
0000
0000
1B00
1200
1200
1200
1200
1E00
0000
0000
0780
0680
0780
06C0
06C0
0780
ENDCHAR
STARTCHAR 241B
ENCODING 9243
SWIDTH 583 0
DWIDTH 14 0
BBX 10 22 2 -3
BITMAP
F800
4000
7000
4000
4000
F800
0000
0F00
1F00
1800
0E00
0300
1B00
1E00
0000
03C0
0640
0600
0600
0600
06C0
0380
ENDCHAR
STARTCHAR 241C
ENCODING 9244
SWIDTH 583 0
DWIDTH 14 0
BBX 9 22 3 -3
BITMAP
FE00
FE00
C000
C000
F800
F800
C000
C000
E000
E000
0000
0000
1F80
3F80
3000
3800
1E00
0F00
0380
3180
3F80
3F00
ENDCHAR
STARTCHAR 241D
ENCODING 9245
SWIDTH 583 0
DWIDTH 14 0
BBX 9 22 3 -3
BITMAP
7E00
FE00
C600
C000
CE00
CE00
C600
C600
FE00
7000
0000
0000
1F80
1F80
3000
1800
1E00
0780
0180
3180
3F80
3700
ENDCHAR
STARTCHAR 241E
ENCODING 9246
SWIDTH 583 0
DWIDTH 14 0
BBX 10 22 2 -3
BITMAP
FC00
FE00
6600
6600
7E00
7C00
6C00
6C00
E700
E700
0000
0000
0FC0
1FC0
1800
1800
0F00
0780
0180
10C0
1F80
1780
ENDCHAR
STARTCHAR 241F
ENCODING 9247
SWIDTH 583 0
DWIDTH 14 0
BBX 9 22 3 -3
BITMAP
C600
C600
C600
C600
C600
C600
C600
C600
7C00
3800
0000
0000
1E80
3F80
3800
3800
1E00
0F80
0180
3180
3F80
3700
ENDCHAR
STARTCHAR 2420
ENCODING 9248
SWIDTH 583 0
DWIDTH 14 0
BBX 9 22 3 -3
BITMAP
7E00
FE00
C600
E000
7800
1C00
0600
C600
FC00
D800
0000
0000
3F00
3F80
1980
1980
1F80
1F00
1800
1800
3C00
3C00
ENDCHAR
STARTCHAR 2421
ENCODING 9249
SWIDTH 583 0
DWIDTH 14 0
BBX 10 22 2 -3
BITMAP
F800
D800
D800
D800
D800
F800
0000
0000
1E00
1000
1C00
1000
1000
1E00
0000
0000
0600
0600
0600
0600
0600
07C0
ENDCHAR
STARTCHAR 2422
ENCODING 9250
SWIDTH 583 0
DWIDTH 14 0
BBX 12 17 1 0
BITMAP
F000
F000
7F00
7E00
F3C0
77E0
7FE0
70F0
7070
7070
7070
7070
7070
7070
FDE0
FFE0
F3C0
ENDCHAR
STARTCHAR 2423
ENCODING 9251
SWIDTH 583 0
DWIDTH 14 0
BBX 10 4 2 -2
BITMAP
E1C0
E1C0
FFC0
FFC0
ENDCHAR
STARTCHAR 2424
ENCODING 9252
SWIDTH 583 0
DWIDTH 14 0
BBX 10 22 2 -3
BITMAP
E700
E700
7600
7600
7E00
6E00
6E00
6E00
E600
E600
0000
0000
1C00
1C00
1800
1800
1800
1800
1800
18C0
1FC0
1FC0
ENDCHAR
STARTCHAR 2425
ENCODING 9253
SWIDTH 583 0
DWIDTH 14 0
BBX 12 12 1 2
BITMAP
0090
0120
0240
0490
0930
1260
24C0
4980
9300
2600
4C00
9800
ENDCHAR
STARTCHAR 2426
ENCODING 9254
SWIDTH 583 0
DWIDTH 14 0
BBX 11 18 2 0
BITMAP
1F00
7FC0
7BC0
E0E0
E0E0
E000
E000
F000
7E00
3E00
0E00
0E00
0000
0000
0E00
0E00
0E00
0E00
ENDCHAR
STARTCHAR 2427
ENCODING 9255
SWIDTH 583 0
DWIDTH 14 0
BBX 12 12 1 2
BITMAP
C630
C630
39C0
39C0
39C0
C630
C630
39C0
39C0
39C0
C630
C630
ENDCHAR
STARTCHAR 2428
ENCODING 9256
SWIDTH 583 0
DWIDTH 14 0
BBX 12 16 1 0
BITMAP
39C0
39C0
C630
C630
39C0
39C0
C630
C630
C630
39C0
39C0
C630
C630
C630
39C0
39C0
ENDCHAR
STARTCHAR 2429
ENCODING 9257
SWIDTH 583 0
DWIDTH 14 0
BBX 14 30 0 -7
BITMAP
F1E0
F1E0
F1E0
0E1C
0E1C
0E1C
0E1C
F1E0
F1E0
F1E0
F1E0
0E1C
0E1C
0E1C
0E1C
F1E0
F1E0
F1E0
0E1C
0E1C
0E1C
0E1C
F1E0
F1E0
F1E0
F1E0
0E1C
0E1C
0E1C
0E1C
ENDCHAR
STARTCHAR 2440
ENCODING 9280
SWIDTH 583 0
DWIDTH 14 0
BBX 11 16 2 0
BITMAP
0FE0
0FE0
0EE0
0EE0
0EE0
0EE0
0EE0
0EE0
EE00
EE00
EE00
EE00
EE00
EE00
FE00
FE00
ENDCHAR
STARTCHAR 2441
ENCODING 9281
SWIDTH 583 0
DWIDTH 14 0
BBX 10 16 2 0
BITMAP
01C0
01C0
01C0
01C0
01C0
01C0
01C0
FFC0
FFC0
E1C0
E1C0
E1C0
E1C0
E1C0
E1C0
E1C0
ENDCHAR
STARTCHAR 2442
ENCODING 9282
SWIDTH 583 0
DWIDTH 14 0
BBX 11 16 2 0
BITMAP
E0E0
E0E0
E0E0
E0E0
E0E0
E0E0
E0E0
FFE0
FFE0
0E00
0E00
0E00
0E00
0E00
0E00
0E00
ENDCHAR
STARTCHAR 2443
ENCODING 9283
SWIDTH 583 0
DWIDTH 14 0
BBX 11 16 2 0
BITMAP
0E00
0E00
0E00
0E00
0E00
0E00
0E00
FFE0
FFE0
E0E0
E0E0
E0E0
E0E0
E0E0
E0E0
E0E0
ENDCHAR
STARTCHAR 2444
ENCODING 9284
SWIDTH 583 0
DWIDTH 14 0
BBX 11 16 2 0
BITMAP
FFE0
FFE0
EEE0
EEE0
EEE0
EEE0
0E00
0E00
0E00
EEE0
EEE0
EEE0
EEE0
EEE0
FFE0
FFE0
ENDCHAR
STARTCHAR 2445
ENCODING 9285
SWIDTH 583 0
DWIDTH 14 0
BBX 10 8 2 4
BITMAP
4080
F1C0
FFC0
DEC0
FFC0
F3C0
E1C0
4080
ENDCHAR
STARTCHAR 2460
ENCODING 9312
SWIDTH 583 0
DWIDTH 14 0
BBX 12 20 1 -2
BITMAP
1F80
3FC0
6060
E070
C030
C630
CE30
DE30
C630
C630
C630
C630
C630
C630
DFB0
C030
E030
6060
3FC0
1F80
ENDCHAR
STARTCHAR 2461
ENCODING 9313
SWIDTH 583 0
DWIDTH 14 0
BBX 12 20 1 -2
BITMAP
1F80
3FC0
6060
E070
C030
CF30
D9B0
C1B0
C1B0
C3B0
C330
C630
CC30
D9B0
DFB0
C030
E030
6060
3FC0
1F80
ENDCHAR
STARTCHAR 2462
ENCODING 9314
SWIDTH 583 0
DWIDTH 14 0
BBX 12 20 1 -2
BITMAP
1F80
3FC0
6060
E070
C030
DFB0
C130
C230
C430
C730
C1B0
C1B0
D9B0
DFB0
CF30
C030
E030
6060
3FC0
1F80
ENDCHAR
STARTCHAR 2463
ENCODING 9315
SWIDTH 583 0
DWIDTH 14 0
BBX 12 20 1 -2
BITMAP
1F80
3FC0
6060
E070
C030
C330
C230
C630
CC30
CD30
D930
DFB0
DFB0
C130
C3B0
C030
E030
6060
3FC0
1F80
ENDCHAR
STARTCHAR 2464
ENCODING 9316
SWIDTH 583 0
DWIDTH 14 0
BBX 12 20 1 -2
BITMAP
1F80
3FC0
6060
E070
C030
DF30
D930
D830
D830
DF30
C3B0
C1B0
C1B0
DB30
CF30
C030
E030
6060
3FC0
1F80
ENDCHAR
STARTCHAR 2465
ENCODING 9317
SWIDTH 583 0
DWIDTH 14 0
BBX 12 20 1 -2
BITMAP
1F80
3FC0
6060
E070
C030
CF30
D9B0
D9B0
D830
DF30
D9B0
D9B0
D9B0
DFB0
CF30
C030
E030
6060
3FC0
1F80
ENDCHAR
STARTCHAR 2466
ENCODING 9318
SWIDTH 583 0
DWIDTH 14 0
BBX 12 20 1 -2
BITMAP
1F80
3FC0
6060
E070
C030
DFB0
D1B0
C130
C330
C330
C230
C630
C630
C430
CC30
C030
E030
6060
3FC0
1F80
ENDCHAR
STARTCHAR 2467
ENCODING 9319
SWIDTH 583 0
DWIDTH 14 0
BBX 12 20 1 -2
BITMAP
1F80
3FC0
6060
E070
C030
CF30
D9B0
D9B0
CFB0
CF30
CF30
D9B0
D9B0
DFB0
CF30
C030
E030
6060
3FC0
1F80
ENDCHAR
STARTCHAR 2468
ENCODING 9320
SWIDTH 583 0
DWIDTH 14 0
BBX 12 20 1 -2
BITMAP
1F80
3FC0
6060
E070
C030
CF30
D9B0
D9B0
D9B0
D9B0
CFB0
C1B0
D9B0
DFB0
CF30
C030
E030
6060
3FC0
1F80
ENDCHAR
STARTCHAR 2469
ENCODING 9321
SWIDTH 583 0
DWIDTH 14 0
BBX 11 20 2 -2
BITMAP
3F80
60C0
C060
8020
8020
91A0
B3A0
B2A0
92A0
93A0
93A0
92A0
92A0
BBA0
B9A0
8020
8060
C060
61C0
1F00
ENDCHAR
STARTCHAR 246A
ENCODING 9322
SWIDTH 583 0
DWIDTH 14 0
BBX 11 20 2 -2
BITMAP
3F80
60C0
C060
8020
8020
B120
B320
B320
9120
9120
9120
9120
9120
BBA0
BBA0
8020
8060
C060
61C0
1F00
ENDCHAR
STARTCHAR 246B
ENCODING 9323
SWIDTH 583 0
DWIDTH 14 0
BBX 11 20 2 -2
BITMAP
3F00
60C0
C040
8060
8020
9320
B3A0
B2A0
90A0
90A0
9120
9120
93A0
BBA0
BBA0
8020
8060
C040
61C0
1F00
ENDCHAR
STARTCHAR 246C
ENCODING 9324
SWIDTH 583 0
DWIDTH 14 0
BBX 11 20 2 -2
BITMAP
3F80
60C0
C060
8060
8020
93A0
B3A0
B1A0
9120
91A0
90A0
90A0
92A0
BBA0
B9A0
8020
8060
C040
61C0
1F00
ENDCHAR
STARTCHAR 246D
ENCODING 9325
SWIDTH 583 0
DWIDTH 14 0
BBX 11 20 2 -2
BITMAP
3F80
60C0
C060
8060
8020
90A0
B120
B120
9120
92A0
92A0
93A0
90A0
B9A0
B9A0
8020
8060
C040
61C0
1F00
ENDCHAR
STARTCHAR 246E
ENCODING 9326
SWIDTH 583 0
DWIDTH 14 0
BBX 11 20 2 -2
BITMAP
3F80
60C0
C060
8020
8020
93A0
B3A0
B220
9220
93A0
93A0
90A0
90A0
BBA0
B9A0
8020
8060
C060
61C0
1F00
ENDCHAR
STARTCHAR 246F
ENCODING 9327
SWIDTH 583 0
DWIDTH 14 0
BBX 11 20 2 -2
BITMAP
3F80
60C0
C060
8020
8020
91A0
B3A0
B2A0
9220
93A0
93A0
92A0
92A0
BBA0
B9A0
8020
8060
C060
61C0
1F00
ENDCHAR
STARTCHAR 2470
ENCODING 9328
SWIDTH 583 0
DWIDTH 14 0
BBX 11 20 2 -2
BITMAP
3F80
60C0
C060
8020
8020
93A0
B3A0
B0A0
90A0
90A0
91A0
9120
9120
B920
B920
8020
8060
C060
61C0
1F00
ENDCHAR
STARTCHAR 2471
ENCODING 9329
SWIDTH 583 0
DWIDTH 14 0
BBX 11 20 2 -2
BITMAP
3F80
60C0
C060
8020
8020
91A0
B3A0
B2A0
92A0
91A0
93A0
92A0
92A0
BBA0
B9A0
8020
8060
C060
61C0
1F00
ENDCHAR
STARTCHAR 2472
ENCODING 9330
SWIDTH 583 0
DWIDTH 14 0
BBX 11 20 2 -2
BITMAP
3F80
60C0
C060
8020
8020
91A0
B3A0
B2A0
92A0
93A0
93A0
90A0
92A0
BBA0
B9A0
8020
8060
C060
61C0
1F00
ENDCHAR
STARTCHAR 2473
ENCODING 9331
SWIDTH 583 0
DWIDTH 14 0
BBX 11 20 2 -2
BITMAP
3F00
60C0
C040
8060
8020
B1A0
BBA0
EAA0
8AA0
9BA0
93A0
B2A0
AAA0
FBA0
F9A0
8020
8060
C040
61C0
1F00
ENDCHAR
STARTCHAR 2474
ENCODING 9332
SWIDTH 583 0
DWIDTH 14 0
BBX 12 14 1 1
BITMAP
6060
6060
6E60
DE30
C630
C630
C630
C630
C630
C630
DFA0
6060
6060
4020
ENDCHAR
STARTCHAR 2475
ENCODING 9333
SWIDTH 583 0
DWIDTH 14 0
BBX 12 14 1 1
BITMAP
6060
6060
6F60
DFB0
D9B0
C1B0
C330
C730
CE30
CDB0
DFB0
6060
6060
4020
ENDCHAR
STARTCHAR 2476
ENCODING 9334
SWIDTH 583 0
DWIDTH 14 0
BBX 12 14 1 1
BITMAP
6060
6060
7FE0
DFB0
C330
C630
C730
C1B0
C1B0
D9B0
DFB0
6F60
6060
6060
ENDCHAR
STARTCHAR 2477
ENCODING 9335
SWIDTH 583 0
DWIDTH 14 0
BBX 12 14 1 1
BITMAP
6060
6060
4360
C630
C630
CC30
C930
D930
DFB0
C130
C3B0
6060
6060
4020
ENDCHAR
STARTCHAR 2478
ENCODING 9336
SWIDTH 583 0
DWIDTH 14 0
BBX 12 14 1 1
BITMAP
6060
6060
5F60
DF30
D830
D830
DF30
C3B0
C1B0
C1B0
DF30
4F60
6060
6060
ENDCHAR
STARTCHAR 2479
ENCODING 9337
SWIDTH 583 0
DWIDTH 14 0
BBX 12 14 1 1
BITMAP
6060
6060
6F60
DFB0
D9B0
D830
DF30
D9B0
D9B0
D9B0
DFB0
6F60
6060
6060
ENDCHAR
STARTCHAR 247A
ENCODING 9338
SWIDTH 583 0
DWIDTH 14 0
BBX 12 14 1 1
BITMAP
6060
6060
5FE0
DFB0
C330
C330
C330
C630
C630
C630
CC30
6C60
6060
4020
ENDCHAR
STARTCHAR 247B
ENCODING 9339
SWIDTH 583 0
DWIDTH 14 0
BBX 12 14 1 1
BITMAP
6060
6060
6F60
DFB0
D9B0
DDB0
CF30
CF30
D9B0
D9B0
DFB0
6F60
6060
6060
ENDCHAR
STARTCHAR 247C
ENCODING 9340
SWIDTH 583 0
DWIDTH 14 0
BBX 12 14 1 1
BITMAP
6060
6060
6F60
DFB0
D9B0
D9B0
D9B0
DFB0
C1B0
D9B0
DFB0
6F60
6060
6060
ENDCHAR
STARTCHAR 247D
ENCODING 9341
SWIDTH 583 0
DWIDTH 14 0
BBX 11 14 2 1
BITMAP
C040
C060
91E0
B3A0
B2A0
92A0
93A0
93A0
92A0
92A0
BBA0
F960
C060
C040
ENDCHAR
STARTCHAR 247E
ENCODING 9342
SWIDTH 583 0
DWIDTH 14 0
BBX 11 14 2 1
BITMAP
C040
C060
9160
B320
B320
9120
9120
9120
9120
9120
BBA0
FBE0
C060
C040
ENDCHAR
STARTCHAR 247F
ENCODING 9343
SWIDTH 583 0
DWIDTH 14 0
BBX 11 14 2 1
BITMAP
C040
C060
91E0
B3A0
B2A0
90A0
90A0
91A0
9120
9320
BBA0
FBE0
C060
C040
ENDCHAR
STARTCHAR 2480
ENCODING 9344
SWIDTH 583 0
DWIDTH 14 0
BBX 11 14 2 1
BITMAP
C040
C060
93E0
B3A0
B1A0
9120
91A0
90A0
90A0
92A0
BBA0
F960
C060
C040
ENDCHAR
STARTCHAR 2481
ENCODING 9345
SWIDTH 583 0
DWIDTH 14 0
BBX 11 14 2 1
BITMAP
C040
C060
91E0
B120
B120
9120
92A0
92A0
93A0
90A0
B9A0
F9E0
C060
C040
ENDCHAR
STARTCHAR 2482
ENCODING 9346
SWIDTH 583 0
DWIDTH 14 0
BBX 11 14 2 1
BITMAP
C040
C060
93E0
B3A0
B220
9220
9320
93A0
90A0
92A0
BBA0
F960
C060
C040
ENDCHAR
STARTCHAR 2483
ENCODING 9347
SWIDTH 583 0
DWIDTH 14 0
BBX 11 14 2 1
BITMAP
C040
C060
91E0
B3A0
B2A0
9220
93A0
92A0
92A0
92A0
BBA0
F960
C060
C040
ENDCHAR
STARTCHAR 2484
ENCODING 9348
SWIDTH 583 0
DWIDTH 14 0
BBX 11 14 2 1
BITMAP
C040
C060
93E0
B3A0
B0A0
90A0
91A0
91A0
9120
9120
B920
F960
C060
C040
ENDCHAR
STARTCHAR 2485
ENCODING 9349
SWIDTH 583 0
DWIDTH 14 0
BBX 11 14 2 1
BITMAP
C040
C060
91E0
B3A0
B2A0
93A0
91A0
93A0
92A0
92A0
BBA0
F960
C060
C040
ENDCHAR
STARTCHAR 2486
ENCODING 9350
SWIDTH 583 0
DWIDTH 14 0
BBX 11 14 2 1
BITMAP
C040
C060
91E0
B3A0
B2A0
92A0
93A0
93A0
90A0
92A0
BBA0
F960
C060
C040
ENDCHAR
STARTCHAR 2487
ENCODING 9351
SWIDTH 583 0
DWIDTH 14 0
BBX 11 14 2 1
BITMAP
C040
C060
B1E0
BBA0
AAA0
8AA0
9BA0
93A0
B2A0
AAA0
BBA0
B960
C060
C040
ENDCHAR
STARTCHAR 2488
ENCODING 9352
SWIDTH 583 0
DWIDTH 14 0
BBX 11 18 1 0
BITMAP
3000
3000
7000
D000
9000
1000
1000
1000
1000
1000
1000
1000
1000
1000
1000
1060
FC60
FC60
ENDCHAR
STARTCHAR 2489
ENCODING 9353
SWIDTH 583 0
DWIDTH 14 0
BBX 11 18 1 0
BITMAP
7800
7800
CC00
8C00
8400
0400
0C00
0C00
0800
1800
1000
3000
2000
6000
4400
C460
FC60
FC60
ENDCHAR
STARTCHAR 248A
ENCODING 9354
SWIDTH 583 0
DWIDTH 14 0
BBX 11 18 1 0
BITMAP
FC00
FC00
0C00
0800
1800
3000
2000
3800
3C00
0C00
0400
0400
0400
8400
C460
CC60
7C60
3860
ENDCHAR
STARTCHAR 248B
ENCODING 9355
SWIDTH 583 0
DWIDTH 14 0
BBX 11 18 1 0
BITMAP
0800
1800
1800
1000
3000
3000
2000
2000
6800
4800
4800
C800
FC00
FC00
0800
0860
1C60
1C60
ENDCHAR
STARTCHAR 248C
ENCODING 9356
SWIDTH 583 0
DWIDTH 14 0
BBX 11 18 1 0
BITMAP
FC00
FC00
C400
C400
C000
C000
C000
F800
FC00
0C00
0400
0400
0400
0400
C460
CC60
7C60
3860
ENDCHAR
STARTCHAR 248D
ENCODING 9357
SWIDTH 583 0
DWIDTH 14 0
BBX 11 18 1 0
BITMAP
3800
7C00
CC00
C400
8400
8000
8000
B800
BC00
CC00
C400
8400
8400
8400
C460
CC60
7860
7860
ENDCHAR
STARTCHAR 248E
ENCODING 9358
SWIDTH 583 0
DWIDTH 14 0
BBX 11 18 1 0
BITMAP
FC00
FC00
8C00
8C00
0800
0800
0800
1800
1800
1000
1000
1000
3000
3000
2000
2060
2060
6060
ENDCHAR
STARTCHAR 248F
ENCODING 9359
SWIDTH 583 0
DWIDTH 14 0
BBX 11 18 1 0
BITMAP
3800
7800
CC00
CC00
C400
CC00
4C00
7800
3800
7800
6C00
CC00
8400
8400
C460
CC60
7C60
7860
ENDCHAR
STARTCHAR 2490
ENCODING 9360
SWIDTH 583 0
DWIDTH 14 0
BBX 11 18 1 0
BITMAP
3800
7C00
CC00
C400
8400
8400
8400
C400
CC00
7C00
7400
0400
0400
8400
C460
CC60
7860
7860
ENDCHAR
STARTCHAR 2491
ENCODING 9361
SWIDTH 583 0
DWIDTH 14 0
BBX 13 18 0 0
BITMAP
2300
6780
6780
6480
A480
2480
2580
2580
2580
2680
2680
2680
2680
2480
2498
2698
7798
7318
ENDCHAR
STARTCHAR 2492
ENCODING 9362
SWIDTH 583 0
DWIDTH 14 0
BBX 13 18 0 0
BITMAP
2100
2300
6300
6300
A500
2100
2100
2100
2100
2100
2100
2100
2100
2100
2118
2118
7798
7798
ENDCHAR
STARTCHAR 2493
ENCODING 9363
SWIDTH 583 0
DWIDTH 14 0
BBX 13 18 0 0
BITMAP
2300
6780
6780
6480
A480
2080
2080
2080
2180
2100
2100
2300
2200
2200
2698
2498
7798
7798
ENDCHAR
STARTCHAR 2494
ENCODING 9364
SWIDTH 583 0
DWIDTH 14 0
BBX 13 17 0 0
BITMAP
2780
6780
6180
E100
2100
2300
2300
2300
2380
2080
2080
2080
2080
2498
2698
7798
7318
ENDCHAR
STARTCHAR 2495
ENCODING 9365
SWIDTH 583 0
DWIDTH 14 0
BBX 13 18 0 0
BITMAP
2180
2100
6100
6100
A100
2200
2200
2200
2280
2680
2480
2480
2780
2780
2098
2098
7198
7198
ENDCHAR
STARTCHAR 2496
ENCODING 9366
SWIDTH 583 0
DWIDTH 14 0
BBX 13 17 0 0
BITMAP
2380
6380
6280
E280
2200
2200
2200
2380
2380
2080
2080
2080
2080
2298
2298
7398
7318
ENDCHAR
STARTCHAR 2497
ENCODING 9367
SWIDTH 583 0
DWIDTH 14 0
BBX 13 18 0 0
BITMAP
2300
6780
6780
6480
A480
2400
2400
2500
2780
2680
2480
2480
2480
2480
2498
2798
7798
7318
ENDCHAR
STARTCHAR 2498
ENCODING 9368
SWIDTH 583 0
DWIDTH 14 0
BBX 13 17 0 0
BITMAP
2780
6780
6480
E480
2080
2180
2100
2100
2100
2100
2100
2100
2300
2318
2218
7218
7218
ENDCHAR
STARTCHAR 2499
ENCODING 9369
SWIDTH 583 0
DWIDTH 14 0
BBX 13 18 0 0
BITMAP
2300
6380
6780
6480
A480
2480
2680
2380
2300
2380
2780
2480
2480
2480
2498
2698
7798
7318
ENDCHAR
STARTCHAR 249A
ENCODING 9370
SWIDTH 583 0
DWIDTH 14 0
BBX 13 18 0 0
BITMAP
2300
6780
6780
6480
A480
2480
2480
2480
2480
2780
2380
2080
2080
2480
2498
2698
7798
7318
ENDCHAR
STARTCHAR 249B
ENCODING 9371
SWIDTH 583 0
DWIDTH 14 0
BBX 13 18 1 0
BITMAP
6300
F780
F780
9480
9480
1480
1580
1580
3580
2680
2680
6680
4480
4480
D498
9598
F798
F318
ENDCHAR
STARTCHAR 249C
ENCODING 9372
SWIDTH 583 0
DWIDTH 14 0
BBX 12 14 1 1
BITMAP
6060
6060
6060
C030
DF30
D9B0
CFB0
DDB0
D9B0
DFB0
C030
6060
6060
4020
ENDCHAR
STARTCHAR 249D
ENCODING 9373
SWIDTH 583 0
DWIDTH 14 0
BBX 12 14 1 1
BITMAP
6060
7860
7860
D830
DF30
DFB0
D9B0
D9B0
D9B0
DFB0
DF30
6060
6060
4020
ENDCHAR
STARTCHAR 249E
ENCODING 9374
SWIDTH 583 0
DWIDTH 14 0
BBX 12 14 1 1
BITMAP
6060
6060
6060
C5B0
DFB0
D9B0
D830
D830
D9B0
CF30
C030
6060
6060
6060
ENDCHAR
STARTCHAR 249F
ENCODING 9375
SWIDTH 583 0
DWIDTH 14 0
BBX 12 14 1 1
BITMAP
6060
61E0
61E0
C1B0
CDB0
DFB0
D9B0
D9B0
D9B0
DFB0
CDB0
6060
6060
4020
ENDCHAR
STARTCHAR 24A0
ENCODING 9376
SWIDTH 583 0
DWIDTH 14 0
BBX 12 14 1 1
BITMAP
6060
6060
6060
C030
CF30
D9B0
DFB0
D830
D9B0
CF30
C030
6060
6060
4020
ENDCHAR
STARTCHAR 24A1
ENCODING 9377
SWIDTH 583 0
DWIDTH 14 0
BBX 12 14 1 1
BITMAP
6060
6760
47E0
C430
C430
DF30
C430
C430
C430
DF30
DF30
6060
6060
4020
ENDCHAR
STARTCHAR 24A2
ENCODING 9378
SWIDTH 583 0
DWIDTH 14 0
BBX 12 14 1 1
BITMAP
6060
6060
47A0
DFB0
D9B0
D9B0
CF30
D830
DF30
C7B0
D9B0
7FE0
6060
4020
ENDCHAR
STARTCHAR 24A3
ENCODING 9379
SWIDTH 583 0
DWIDTH 14 0
BBX 12 14 1 1
BITMAP
6060
7860
7860
D830
DF30
DF30
D930
D930
D930
DBB0
DBB0
6060
6060
4020
ENDCHAR
STARTCHAR 24A4
ENCODING 9380
SWIDTH 583 0
DWIDTH 14 0
BBX 12 14 1 1
BITMAP
6060
6660
4660
C030
DE30
DE30
C630
C630
C630
C630
DF30
4060
6060
4060
ENDCHAR
STARTCHAR 24A5
ENCODING 9381
SWIDTH 583 0
DWIDTH 14 0
BBX 12 14 1 1
BITMAP
6360
6360
6360
C030
CF30
C330
C330
C330
C330
C330
C330
7760
7E60
4020
ENDCHAR
STARTCHAR 24A6
ENCODING 9382
SWIDTH 583 0
DWIDTH 14 0
BBX 12 14 1 1
BITMAP
6060
7860
7860
C830
C9B0
CB30
CA30
CE30
CF30
DDB0
DDB0
6060
6060
4020
ENDCHAR
STARTCHAR 24A7
ENCODING 9383
SWIDTH 583 0
DWIDTH 14 0
BBX 12 14 1 1
BITMAP
6060
7E60
7E60
C630
C630
C630
C630
C630
C630
DFB0
DFB0
6060
6060
4020
ENDCHAR
STARTCHAR 24A8
ENCODING 9384
SWIDTH 583 0
DWIDTH 14 0
BBX 12 14 1 1
BITMAP
4020
6060
6060
E030
FFB0
D5B0
D5B0
D5B0
D5B0
F5F0
E070
6060
6060
4020
ENDCHAR
STARTCHAR 24A9
ENCODING 9385
SWIDTH 583 0
DWIDTH 14 0
BBX 12 14 1 1
BITMAP
60E0
6060
6060
C230
DF30
DB30
D930
D930
D930
DBB0
C030
6060
6060
4020
ENDCHAR
STARTCHAR 24AA
ENCODING 9386
SWIDTH 583 0
DWIDTH 14 0
BBX 12 14 1 1
BITMAP
6060
6060
6060
C030
CF30
D9B0
D9B0
D9B0
D9B0
CF30
C030
6060
6060
6060
ENDCHAR
STARTCHAR 24AB
ENCODING 9387
SWIDTH 583 0
DWIDTH 14 0
BBX 12 14 1 1
BITMAP
4020
6060
6060
DB30
DFB0
D9B0
D9B0
D9B0
DFB0
DB30
D830
7C60
7C60
6060
ENDCHAR
STARTCHAR 24AC
ENCODING 9388
SWIDTH 583 0
DWIDTH 14 0
BBX 12 14 1 1
BITMAP
4020
6060
6060
CFB0
DFB0
D9B0
D9B0
D9B0
DFB0
CDB0
C1B0
63E0
63E0
6060
ENDCHAR
STARTCHAR 24AD
ENCODING 9389
SWIDTH 583 0
DWIDTH 14 0
BBX 12 14 1 1
BITMAP
6060
6060
4060
DFB0
CDB0
CC30
CC30
CC30
CC30
DE30
C030
6060
6060
4020
ENDCHAR
STARTCHAR 24AE
ENCODING 9390
SWIDTH 583 0
DWIDTH 14 0
BBX 12 14 1 1
BITMAP
6060
6060
4060
C5B0
DFB0
D9B0
CE30
C7B0
D9B0
DF30
C030
6060
6060
4020
ENDCHAR
STARTCHAR 24AF
ENCODING 9391
SWIDTH 583 0
DWIDTH 14 0
BBX 12 14 1 1
BITMAP
6060
6C60
4C60
CC30
DF30
CC30
CC30
CC30
CDB0
CFB0
C730
6060
6060
4020
ENDCHAR
STARTCHAR 24B0
ENCODING 9392
SWIDTH 583 0
DWIDTH 14 0
BBX 12 14 1 1
BITMAP
6060
6060
6060
C030
D9B0
D9B0
D9B0
D9B0
D9B0
CFB0
C030
6060
6060
4020
ENDCHAR
STARTCHAR 24B1
ENCODING 9393
SWIDTH 583 0
DWIDTH 14 0
BBX 12 14 1 1
BITMAP
6060
6060
6030
C030
DDF0
C9B0
CDB0
CD30
C730
C730
C030
6030
6060
6020
ENDCHAR
STARTCHAR 24B2
ENCODING 9394
SWIDTH 583 0
DWIDTH 14 0
BBX 12 14 1 1
BITMAP
6040
6060
6060
C060
F9A0
D5B0
D7B0
D730
DB30
CB60
C060
6060
6060
6040
ENDCHAR
STARTCHAR 24B3
ENCODING 9395
SWIDTH 583 0
DWIDTH 14 0
BBX 12 14 1 1
BITMAP
6060
6060
4060
C030
DBB0
CE30
C630
CE30
CF30
DBB0
C030
6060
6060
4020
ENDCHAR
STARTCHAR 24B4
ENCODING 9396
SWIDTH 583 0
DWIDTH 14 0
BBX 12 14 1 1
BITMAP
6060
6060
5BE0
DBB0
DB30
CB30
CF30
CE30
C630
C630
CC30
7C60
7060
6060
ENDCHAR
STARTCHAR 24B5
ENCODING 9397
SWIDTH 583 0
DWIDTH 14 0
BBX 12 14 1 1
BITMAP
6060
6060
4060
C030
DFB0
D330
C630
CC30
D8B0
DFB0
C030
6060
6060
4020
ENDCHAR
STARTCHAR 24B6
ENCODING 9398
SWIDTH 583 0
DWIDTH 14 0
BBX 12 20 1 -2
BITMAP
1F80
3FE0
6070
E030
C030
C730
C730
C730
CD30
CD30
CDB0
CFB0
D9B0
D8B0
DDF0
C030
E030
6060
3FE0
1F80
ENDCHAR
STARTCHAR 24B7
ENCODING 9399
SWIDTH 583 0
DWIDTH 14 0
BBX 12 20 1 -2
BITMAP
1F80
3FC0
6060
E070
C030
DF30
DBB0
D9B0
D9B0
DF30
DBB0
D9B0
D9B0
DBB0
DF30
C030
E030
6060
3FC0
1F80
ENDCHAR
STARTCHAR 24B8
ENCODING 9400
SWIDTH 583 0
DWIDTH 14 0
BBX 12 20 1 -2
BITMAP
1F80
3FC0
6060
E070
C030
CFB0
D9B0
D830
D830
D830
D830
D830
D9B0
DFB0
CF30
C030
E030
6060
3FC0
1F80
ENDCHAR
STARTCHAR 24B9
ENCODING 9401
SWIDTH 583 0
DWIDTH 14 0
BBX 12 20 1 -2
BITMAP
1F80
3FC0
6060
E070
C030
DF30
DBB0
D9B0
D9B0
D9B0
D9B0
D9B0
D9B0
DBB0
DF30
C030
E030
6060
3FC0
1F80
ENDCHAR
STARTCHAR 24BA
ENCODING 9402
SWIDTH 583 0
DWIDTH 14 0
BBX 12 20 1 -2
BITMAP
1F80
3FC0
6060
E070
C030
DFB0
D8B0
D830
D830
DF30
D830
D830
D830
D8B0
DFB0
C030
E030
6060
3FC0
1F80
ENDCHAR
STARTCHAR 24BB
ENCODING 9403
SWIDTH 583 0
DWIDTH 14 0
BBX 12 20 1 -2
BITMAP
1F80
3FC0
6060
E070
C030
DFB0
C8B0
C830
C830
CF30
C830
C830
C830
C830
DC30
C030
E030
6060
3FC0
1F80
ENDCHAR
STARTCHAR 24BC
ENCODING 9404
SWIDTH 583 0
DWIDTH 14 0
BBX 12 20 1 -2
BITMAP
1F80
3FC0
6060
E070
C030
CFB0
DDB0
D9B0
D830
D830
DBB0
D9B0
D9B0
DFB0
CFB0
C030
E030
6060
3FC0
1F80
ENDCHAR
STARTCHAR 24BD
ENCODING 9405
SWIDTH 583 0
DWIDTH 14 0
BBX 12 20 1 -2
BITMAP
1F80
3FE0
6070
E030
C030
DDF0
D8B0
D8B0
D8B0
DFB0
D8B0
D8B0
D8B0
D8B0
DDF0
C030
E030
6060
3FE0
1F80
ENDCHAR
STARTCHAR 24BE
ENCODING 9406
SWIDTH 583 0
DWIDTH 14 0
BBX 12 20 1 -2
BITMAP
1F80
3FC0
6060
E070
C030
DFB0
C630
C630
C630
C630
C630
C630
C630
C630
DFB0
C030
E030
6060
3FC0
1F80
ENDCHAR
STARTCHAR 24BF
ENCODING 9407
SWIDTH 583 0
DWIDTH 14 0
BBX 12 20 1 -2
BITMAP
1F80
3FC0
6060
E070
C030
C7B0
C1B0
C1B0
C1B0
C1B0
C1B0
C1B0
D9B0
DFB0
CF30
C030
E030
6060
3FC0
1F80
ENDCHAR
STARTCHAR 24C0
ENCODING 9408
SWIDTH 583 0
DWIDTH 14 0
BBX 12 20 1 -2
BITMAP
1F80
3FC0
6060
E070
C030
DDF0
C930
CB30
CA30
CE30
CE30
CF30
CB30
C9B0
DDF0
C030
E030
6060
3FC0
1F80
ENDCHAR
STARTCHAR 24C1
ENCODING 9409
SWIDTH 583 0
DWIDTH 14 0
BBX 12 20 1 -2
BITMAP
1F80
3FC0
6060
E070
C030
DE30
CC30
CC30
CC30
CC30
CC30
CC30
CC30
CCB0
DFB0
C030
E030
6060
3FC0
1F80
ENDCHAR
STARTCHAR 24C2
ENCODING 9410
SWIDTH 583 0
DWIDTH 14 0
BBX 12 20 1 -2
BITMAP
1F80
3FC0
6060
E070
C030
F9F0
D9B0
D9B0
DFB0
D6B0
D6B0
D6B0
D0B0
D0B0
F9F0
C030
E030
6060
3FC0
1F80
ENDCHAR
STARTCHAR 24C3
ENCODING 9411
SWIDTH 583 0
DWIDTH 14 0
BBX 12 20 1 -2
BITMAP
1F80
3FE0
6070
E030
C030
D9F0
DCB0
DCB0
DEB0
DEB0
DAB0
DBB0
D9B0
D9B0
DDB0
C030
E030
6060
3FE0
1F80
ENDCHAR
STARTCHAR 24C4
ENCODING 9412
SWIDTH 583 0
DWIDTH 14 0
BBX 12 20 1 -2
BITMAP
1F80
3FC0
6060
E070
C030
CF30
D9B0
D9B0
D9B0
D9B0
D9B0
D9B0
D9B0
DFB0
CF30
C030
E030
6060
3FC0
1F80
ENDCHAR
STARTCHAR 24C5
ENCODING 9413
SWIDTH 583 0
DWIDTH 14 0
BBX 12 20 1 -2
BITMAP
1F80
3FC0
6060
E070
C030
DF30
D9B0
D9B0
D9B0
DBB0
DF30
D830
D830
D830
DC30
C030
E030
6060
3FC0
1F80
ENDCHAR
STARTCHAR 24C6
ENCODING 9414
SWIDTH 583 0
DWIDTH 14 0
BBX 12 20 1 -2
BITMAP
1F80
3FC0
6060
E070
C030
CF30
D9B0
D9B0
D9B0
D9B0
D9B0
DFB0
DBB0
DFB0
CFB0
C0F0
E030
6060
3FC0
1F80
ENDCHAR
STARTCHAR 24C7
ENCODING 9415
SWIDTH 583 0
DWIDTH 14 0
BBX 12 20 1 -2
BITMAP
1F80
3FC0
6060
E070
C030
DF30
D9B0
D9B0
D9B0
DBB0
DF30
DB30
DB30
D930
D9F0
C030
E030
6060
3FC0
1F80
ENDCHAR
STARTCHAR 24C8
ENCODING 9416
SWIDTH 583 0
DWIDTH 14 0
BBX 12 20 1 -2
BITMAP
1F80
3FC0
6060
E070
C030
CFB0
DDB0
D9B0
D830
CE30
C730
C1B0
D9B0
DFB0
DF30
C030
E030
6060
3FC0
1F80
ENDCHAR
STARTCHAR 24C9
ENCODING 9417
SWIDTH 583 0
DWIDTH 14 0
BBX 12 20 1 -2
BITMAP
1F80
3FC0
6060
E070
C030
DFB0
D6B0
C630
C630
C630
C630
C630
C630
C630
CF30
C030
E030
6060
3FC0
1F80
ENDCHAR
STARTCHAR 24CA
ENCODING 9418
SWIDTH 583 0
DWIDTH 14 0
BBX 12 20 1 -2
BITMAP
1F80
3FC0
6060
E070
C030
DFB0
D9B0
D9B0
D9B0
D9B0
D9B0
D9B0
D9B0
DFB0
CF30
C030
E030
6060
3FC0
1F80
ENDCHAR
STARTCHAR 24CB
ENCODING 9419
SWIDTH 583 0
DWIDTH 14 0
BBX 12 20 1 -2
BITMAP
1F80
3FE0
6060
E030
C030
F9F0
D9B0
D9B0
C9B0
CD30
CD30
CF30
C730
C730
C630
C030
E030
6060
3FE0
1F80
ENDCHAR
STARTCHAR 24CC
ENCODING 9420
SWIDTH 583 0
DWIDTH 14 0
BBX 12 20 1 -2
BITMAP
1F80
3FE0
6060
E030
C030
F8F0
D0F0
D0B0
D6B0
DEB0
DEB0
DFB0
CDB0
CDB0
C930
C030
E030
6060
3FE0
1F80
ENDCHAR
STARTCHAR 24CD
ENCODING 9421
SWIDTH 583 0
DWIDTH 14 0
BBX 12 20 1 -2
BITMAP
1F80
3FE0
6070
E030
C030
DDF0
CDB0
CD30
C730
C630
C630
C730
CD30
CDB0
DDF0
C030
E030
6060
3FE0
1F80
ENDCHAR
STARTCHAR 24CE
ENCODING 9422
SWIDTH 583 0
DWIDTH 14 0
BBX 12 20 1 -2
BITMAP
1F80
3FC0
6060
E070
C030
D9B0
D9B0
CF30
CF30
C630
C630
C630
C630
C630
CF30
C030
E030
6060
3FC0
1F80
ENDCHAR
STARTCHAR 24CF
ENCODING 9423
SWIDTH 583 0
DWIDTH 14 0
BBX 12 20 1 -2
BITMAP
1F80
3FC0
6060
E070
C030
DFB0
D1B0
C330
C330
C630
C630
CC30
CC30
D8B0
DFB0
C030
E030
6060
3FC0
1F80
ENDCHAR
STARTCHAR 24D0
ENCODING 9424
SWIDTH 583 0
DWIDTH 14 0
BBX 12 20 1 -2
BITMAP
1F80
3FC0
6060
E070
C030
C030
CF30
DF30
C1B0
CFB0
DDB0
D9B0
DFB0
CC30
C030
C030
E030
6060
3FC0
1F80
ENDCHAR
STARTCHAR 24D1
ENCODING 9425
SWIDTH 583 0
DWIDTH 14 0
BBX 12 20 1 -2
BITMAP
1F80
3FC0
6060
E070
D830
D830
D830
DF30
DFB0
D9B0
D9B0
D9B0
D9B0
DF30
C030
C030
E030
6060
3FC0
1F80
ENDCHAR
STARTCHAR 24D2
ENCODING 9426
SWIDTH 583 0
DWIDTH 14 0
BBX 12 20 1 -2
BITMAP
1F80
3FC0
6060
E070
C030
C030
C5B0
DFB0
D9B0
D830
D830
D9B0
CF30
C030
C030
C030
E030
6060
3FC0
1F80
ENDCHAR
STARTCHAR 24D3
ENCODING 9427
SWIDTH 583 0
DWIDTH 14 0
BBX 12 20 1 -2
BITMAP
1F80
3FC0
6060
E070
C3B0
C1B0
C1B0
CDB0
DFB0
D9B0
D9B0
D9B0
D9B0
CFB0
C030
C030
E030
6060
3FC0
1F80
ENDCHAR
STARTCHAR 24D4
ENCODING 9428
SWIDTH 583 0
DWIDTH 14 0
BBX 12 20 1 -2
BITMAP
1F80
3FC0
6060
E070
C030
C030
CF30
DFB0
D9B0
DFB0
D830
D9B0
CFB0
C030
C030
C030
E030
6060
3FC0
1F80
ENDCHAR
STARTCHAR 24D5
ENCODING 9429
SWIDTH 583 0
DWIDTH 14 0
BBX 12 20 1 -2
BITMAP
1F80
3FC0
6060
E070
C730
C7B0
C430
C430
DF30
C430
C430
C430
C430
DF30
C030
C030
E030
6060
3FC0
1F80
ENDCHAR
STARTCHAR 24D6
ENCODING 9430
SWIDTH 583 0
DWIDTH 14 0
BBX 12 20 1 -2
BITMAP
1F80
3FC0
6060
E070
C030
C030
CFB0
D9B0
D9B0
CF30
D830
CF30
C1B0
D9B0
DFB0
C030
E030
6060
3FC0
1F80
ENDCHAR
STARTCHAR 24D7
ENCODING 9431
SWIDTH 583 0
DWIDTH 14 0
BBX 12 20 1 -2
BITMAP
1F80
3FE0
6070
E030
D830
D830
D830
DBB0
DFB0
D9B0
D8B0
D8B0
D8B0
DDF0
C030
C030
E030
6060
3FE0
1F80
ENDCHAR
STARTCHAR 24D8
ENCODING 9432
SWIDTH 583 0
DWIDTH 14 0
BBX 12 20 1 -2
BITMAP
1F80
3FC0
6060
E070
C630
C630
C030
CE30
C230
C230
C230
C230
C230
CFB0
C030
C030
E030
6060
3FC0
1F80
ENDCHAR
STARTCHAR 24D9
ENCODING 9433
SWIDTH 583 0
DWIDTH 14 0
BBX 12 20 1 -2
BITMAP
1F80
3FC0
6060
C370
C330
C030
C030
CF30
C330
C330
C330
C330
C330
C330
F330
DE30
E030
6060
3FC0
1F80
ENDCHAR
STARTCHAR 24DA
ENCODING 9434
SWIDTH 583 0
DWIDTH 14 0
BBX 12 20 1 -2
BITMAP
1F80
3FC0
6060
E070
D830
D830
D830
D9B0
DB30
DE30
DE30
DE30
DB30
DDB0
C030
C030
E030
6060
3FC0
1F80
ENDCHAR
STARTCHAR 24DB
ENCODING 9435
SWIDTH 583 0
DWIDTH 14 0
BBX 12 20 1 -2
BITMAP
1F80
3FC0
6060
E070
DE30
C630
C630
C630
C630
C630
C630
C630
C630
DFB0
C030
C030
E030
6060
3FC0
1F80
ENDCHAR
STARTCHAR 24DC
ENCODING 9436
SWIDTH 583 0
DWIDTH 14 0
BBX 12 20 1 -2
BITMAP
1F80
3FC0
6060
E070
C030
C030
F7B0
DEB0
D2B0
D2B0
D2B0
D2B0
F2F0
C030
C030
C030
E030
6060
3FC0
1F80
ENDCHAR
STARTCHAR 24DD
ENCODING 9437
SWIDTH 583 0
DWIDTH 14 0
BBX 12 20 1 -2
BITMAP
1F80
3FE0
6070
E030
C030
C030
C330
DFB0
D9B0
D8B0
D8B0
D8B0
DDF0
C030
C030
C030
E030
6060
3FE0
1F80
ENDCHAR
STARTCHAR 24DE
ENCODING 9438
SWIDTH 583 0
DWIDTH 14 0
BBX 12 20 1 -2
BITMAP
1F80
3FC0
6060
E070
C030
C030
CF30
DFB0
D9B0
D9B0
D9B0
D9B0
CF30
C030
C030
C030
E030
6060
3FC0
1F80
ENDCHAR
STARTCHAR 24DF
ENCODING 9439
SWIDTH 583 0
DWIDTH 14 0
BBX 12 20 1 -2
BITMAP
1F80
3FC0
6060
E070
C030
C030
DF30
D9B0
D9B0
D9B0
D9B0
DFB0
DF30
D830
DC30
C030
E030
6060
3FC0
1F80
ENDCHAR
STARTCHAR 24E0
ENCODING 9440
SWIDTH 583 0
DWIDTH 14 0
BBX 12 20 1 -2
BITMAP
1F80
3FC0
6060
E070
C030
C030
CFB0
D9B0
D9B0
D9B0
D9B0
DFB0
CDB0
C1B0
C3B0
C030
E030
6060
3FC0
1F80
ENDCHAR
STARTCHAR 24E1
ENCODING 9441
SWIDTH 583 0
DWIDTH 14 0
BBX 12 20 1 -2
BITMAP
1F80
3FC0
6060
E070
C030
C030
DDB0
DFB0
CC30
CC30
CC30
CC30
DE30
C030
C030
C030
E030
6060
3FC0
1F80
ENDCHAR
STARTCHAR 24E2
ENCODING 9442
SWIDTH 583 0
DWIDTH 14 0
BBX 12 20 1 -2
BITMAP
1F80
3FC0
6060
E070
C030
C030
C5B0
DFB0
D9B0
CE30
C7B0
D9B0
DFB0
C030
C030
C030
E030
6060
3FC0
1F80
ENDCHAR
STARTCHAR 24E3
ENCODING 9443
SWIDTH 583 0
DWIDTH 14 0
BBX 12 20 1 -2
BITMAP
1F80
3FC0
6060
E070
CC30
CC30
CC30
DF30
CC30
CC30
CC30
CDB0
CDB0
C730
C030
C030
E030
6060
3FC0
1F80
ENDCHAR
STARTCHAR 24E4
ENCODING 9444
SWIDTH 583 0
DWIDTH 14 0
BBX 12 20 1 -2
BITMAP
1F80
3FC0
6060
E070
C030
C030
C030
D9B0
D9B0
D9B0
D9B0
D9B0
DFB0
C430
C030
C030
E030
6060
3FC0
1F80
ENDCHAR
STARTCHAR 24E5
ENCODING 9445
SWIDTH 583 0
DWIDTH 14 0
BBX 12 20 1 -2
BITMAP
1F80
3FE0
6060
E030
C030
C030
C030
F9F0
C9B0
CDB0
CD30
CF30
C730
C630
C030
C030
E030
6060
3FE0
1F80
ENDCHAR
STARTCHAR 24E6
ENCODING 9446
SWIDTH 583 0
DWIDTH 14 0
BBX 12 20 1 -2
BITMAP
1F80
3FE0
6060
E030
C030
C030
C030
F8F0
D6B0
DEB0
DEB0
DDB0
CDB0
C930
C030
C030
E030
6060
3FE0
1F80
ENDCHAR
STARTCHAR 24E7
ENCODING 9447
SWIDTH 583 0
DWIDTH 14 0
BBX 12 20 1 -2
BITMAP
1F80
3FE0
6070
E030
C030
C030
C030
DDF0
CF30
C730
C730
CF30
DDF0
C030
C030
C030
E030
6060
3FE0
1F80
ENDCHAR
STARTCHAR 24E8
ENCODING 9448
SWIDTH 583 0
DWIDTH 14 0
BBX 12 20 1 -2
BITMAP
1F80
3FE0
6070
E030
C030
C030
DDF0
CDB0
CDB0
CD30
C730
C730
C630
C630
DC30
C030
E030
6060
3FE0
1F80
ENDCHAR
STARTCHAR 24E9
ENCODING 9449
SWIDTH 583 0
DWIDTH 14 0
BBX 12 20 1 -2
BITMAP
1F80
3FC0
6060
E070
C030
C030
C030
DFB0
D130
C630
CC30
D8B0
DFB0
C030
C030
C030
E030
6060
3FC0
1F80
ENDCHAR
STARTCHAR 24EA
ENCODING 9450
SWIDTH 583 0
DWIDTH 14 0
BBX 12 20 1 -2
BITMAP
1F80
3FC0
6060
E070
C030
CF30
D9B0
D9B0
DBB0
DBB0
DDB0
DDB0
D9B0
DFB0
CF30
C030
E030
6060
3FC0
1F80
ENDCHAR
STARTCHAR 24EB
ENCODING 9451
SWIDTH 583 0
DWIDTH 14 0
BBX 12 20 1 -2
BITMAP
1F80
7FE0
7FE0
FFF0
FFF0
EE70
CC70
CC70
EE70
EE70
EE70
EE70
EE70
C430
C430
FFF0
FFF0
7FE0
3FC0
1F80
ENDCHAR
STARTCHAR 24EC
ENCODING 9452
SWIDTH 583 0
DWIDTH 14 0
BBX 12 20 1 -2
BITMAP
1F80
7FE0
7FE0
FFF0
FFF0
EE70
CC30
CD30
EF30
EF30
EE70
EE70
ECB0
C430
C430
FFF0
FFF0
7FE0
3FC0
1F80
ENDCHAR
STARTCHAR 24ED
ENCODING 9453
SWIDTH 583 0
DWIDTH 14 0
BBX 12 20 1 -2
BITMAP
1F80
3FC0
7FE0
FFF0
FFF0
EC30
CF30
CE70
EE70
EE30
EF30
EF30
ED30
C430
C670
FFF0
FFF0
7FE0
3FC0
1F80
ENDCHAR
STARTCHAR 24EE
ENCODING 9454
SWIDTH 583 0
DWIDTH 14 0
BBX 12 20 1 -2
BITMAP
1F80
7FE0
7FE0
FFF0
FFF0
EF70
CE70
CEF0
EEF0
EF30
ED30
EC30
EF30
C730
C730
FFF0
FFF0
7FE0
3FC0
1F80
ENDCHAR
STARTCHAR 24EF
ENCODING 9455
SWIDTH 583 0
DWIDTH 14 0
BBX 12 20 1 -2
BITMAP
0F80
3FC0
7FE0
FFF0
FFF0
EC30
CC30
CCB0
ECF0
EC70
EF30
EF30
ED30
C430
C670
FFF0
FFF0
7FE0
3FC0
1F80
ENDCHAR
STARTCHAR 24F0
ENCODING 9456
SWIDTH 583 0
DWIDTH 14 0
BBX 12 20 1 -2
BITMAP
1F80
7FE0
7FE0
FFF0
FFF0
EE70
CCB0
CCF0
ED70
EC30
ECB0
ECB0
ECB0
C430
C670
FFF0
FFF0
7FE0
3FC0
1F80
ENDCHAR
STARTCHAR 24F1
ENCODING 9457
SWIDTH 583 0
DWIDTH 14 0
BBX 12 20 1 -2
BITMAP
1F80
3FC0
7FE0
FFF0
FFF0
EC30
CC30
CFB0
EF30
EF70
EF70
EF70
EF70
C670
C670
FFF0
FFF0
7FE0
3FC0
1F80
ENDCHAR
STARTCHAR 24F2
ENCODING 9458
SWIDTH 583 0
DWIDTH 14 0
BBX 12 20 1 -2
BITMAP
3FC0
7FE0
7FE0
FFF0
FFF0
EE70
CCB0
CCB0
EE30
EE70
EE30
ECB0
ECB0
C430
C670
FFF0
FFF0
7FE0
3FC0
1F80
ENDCHAR
STARTCHAR 24F3
ENCODING 9459
SWIDTH 583 0
DWIDTH 14 0
BBX 12 20 1 -2
BITMAP
1F80
7FE0
7FE0
FFF0
FFF0
EE70
CCB0
CCB0
ECB0
ECB0
EE30
EFB0
ECB0
C430
C670
FFF0
FFF0
7FE0
3FC0
1F80
ENDCHAR
STARTCHAR 24F4
ENCODING 9460
SWIDTH 583 0
DWIDTH 14 0
BBX 12 20 1 -2
BITMAP
3FC0
7FE0
7FE0
FFF0
FFF0
C670
C4B0
F4B0
F4B0
F430
EC30
ECB0
C4B0
C430
C670
FFF0
FFF0
7FE0
3FC0
1F80
ENDCHAR
STARTCHAR 24F5
ENCODING 9461
SWIDTH 583 0
DWIDTH 14 0
BBX 12 20 1 -2
BITMAP
1F80
2FE0
5060
A050
C030
C630
CE30
DE30
C630
C630
C630
C630
C630
C630
DFB0
C030
A050
50A0
2F40
1F80
ENDCHAR
STARTCHAR 24F6
ENCODING 9462
SWIDTH 583 0
DWIDTH 14 0
BBX 12 20 1 -2
BITMAP
1F80
2FE0
5060
A050
C030
CF30
D9B0
C1B0
C1B0
C3B0
C330
C630
CC30
D9B0
DFB0
C030
A050
50A0
2F40
1F80
ENDCHAR
STARTCHAR 24F7
ENCODING 9463
SWIDTH 583 0
DWIDTH 14 0
BBX 12 20 1 -2
BITMAP
1F80
2FE0
5060
A050
C030
DFB0
C130
C330
C630
C730
C1B0
C1B0
D9B0
DFB0
CF30
A030
A050
50A0
2F40
1F80
ENDCHAR
STARTCHAR 24F8
ENCODING 9464
SWIDTH 583 0
DWIDTH 14 0
BBX 12 20 1 -2
BITMAP
1F80
2FE0
5060
A050
C030
C330
C230
C630
C430
CD30
C930
DFB0
DFB0
C130
C3B0
A030
A050
50A0
2F40
1F80
ENDCHAR
STARTCHAR 24F9
ENCODING 9465
SWIDTH 583 0
DWIDTH 14 0
BBX 12 20 1 -2
BITMAP
1F80
2FE0
7060
A050
C030
DFB0
D8B0
D830
D830
DF30
C1B0
C0B0
C0B0
DDB0
CF30
C030
A050
50A0
2F40
1F80
ENDCHAR
STARTCHAR 24FA
ENCODING 9466
SWIDTH 583 0
DWIDTH 14 0
BBX 12 20 1 -2
BITMAP
1F80
2FE0
5060
A050
C030
CF30
D9B0
D830
DA30
DFB0
D9B0
D9B0
D9B0
DFB0
CF30
A030
A050
50A0
2F40
1F80
ENDCHAR
STARTCHAR 24FB
ENCODING 9467
SWIDTH 583 0
DWIDTH 14 0
BBX 12 20 1 -2
BITMAP
1F80
2FE0
5060
A050
A030
AFB0
A9B0
A1B0
A1B0
A330
A330
A330
A630
A630
A630
A030
A050
50A0
2F40
1F80
ENDCHAR
STARTCHAR 24FC
ENCODING 9468
SWIDTH 583 0
DWIDTH 14 0
BBX 12 20 1 -2
BITMAP
1F80
2FE0
5060
A050
C030
CF30
CDB0
D9B0
CDB0
CF30
CF30
D9B0
D9B0
DFB0
CF30
A030
A050
50A0
2F40
1F80
ENDCHAR
STARTCHAR 24FD
ENCODING 9469
SWIDTH 583 0
DWIDTH 14 0
BBX 12 20 1 -2
BITMAP
1F80
2FE0
5060
A050
C030
CF30
DDB0
D9B0
D9B0
D9B0
CFB0
C1B0
D9B0
DFB0
CF30
A030
A050
50A0
2F40
1F80
ENDCHAR
STARTCHAR 24FE
ENCODING 9470
SWIDTH 583 0
DWIDTH 14 0
BBX 12 20 1 -2
BITMAP
1F80
2FE0
5060
A070
A030
A8F0
B9F0
B970
A970
A9F0
A9F0
A970
A970
BDF0
BCF0
A030
A070
50E0
2F40
1F80
ENDCHAR
STARTCHAR 24FF
ENCODING 9471
SWIDTH 583 0
DWIDTH 14 0
BBX 12 20 1 -2
BITMAP
1F80
3FC0
7FE0
FFF0
FFF0
F0F0
E670
EE70
EC70
E870
E270
E670
E670
E070
F0F0
FFF0
FFF0
7FE0
3FC0
1F80
ENDCHAR
STARTCHAR 2500
ENCODING 9472
SWIDTH 583 0
DWIDTH 14 0
BBX 14 2 0 7
BITMAP
FFFC
FFFC
ENDCHAR
STARTCHAR 2501
ENCODING 9473
SWIDTH 583 0
DWIDTH 14 0
BBX 14 4 0 6
BITMAP
FFFC
FFFC
FFFC
FFFC
ENDCHAR
STARTCHAR 2502
ENCODING 9474
SWIDTH 583 0
DWIDTH 14 0
BBX 2 30 6 -7
BITMAP
C0
C0
C0
C0
C0
C0
C0
C0
C0
C0
C0
C0
C0
C0
C0
C0
C0
C0
C0
C0
C0
C0
C0
C0
C0
C0
C0
C0
C0
C0
ENDCHAR
STARTCHAR 2503
ENCODING 9475
SWIDTH 583 0
DWIDTH 14 0
BBX 5 30 5 -7
BITMAP
F8
F8
F8
F8
F8
F8
F8
F8
F8
F8
F8
F8
F8
F8
F8
F8
F8
F8
F8
F8
F8
F8
F8
F8
F8
F8
F8
F8
F8
F8
ENDCHAR
STARTCHAR 2504
ENCODING 9476
SWIDTH 583 0
DWIDTH 14 0
BBX 13 2 1 7
BITMAP
E738
E738
ENDCHAR
STARTCHAR 2505
ENCODING 9477
SWIDTH 583 0
DWIDTH 14 0
BBX 13 4 1 6
BITMAP
E738
E738
E738
E738
ENDCHAR
STARTCHAR 2506
ENCODING 9478
SWIDTH 583 0
DWIDTH 14 0
BBX 2 26 6 -5
BITMAP
C0
C0
C0
C0
C0
C0
00
00
00
00
C0
C0
C0
C0
C0
C0
00
00
00
00
C0
C0
C0
C0
C0
C0
ENDCHAR
STARTCHAR 2507
ENCODING 9479
SWIDTH 583 0
DWIDTH 14 0
BBX 5 26 5 -5
BITMAP
F8
F8
F8
F8
F8
F8
00
00
00
00
F8
F8
F8
F8
F8
F8
00
00
00
00
F8
F8
F8
F8
F8
F8
ENDCHAR
STARTCHAR 2508
ENCODING 9480
SWIDTH 583 0
DWIDTH 14 0
BBX 13 2 1 7
BITMAP
CD98
CD98
ENDCHAR
STARTCHAR 2509
ENCODING 9481
SWIDTH 583 0
DWIDTH 14 0
BBX 13 4 1 6
BITMAP
CD98
CD98
CD98
CD98
ENDCHAR
STARTCHAR 250A
ENCODING 9482
SWIDTH 583 0
DWIDTH 14 0
BBX 2 27 6 -5
BITMAP
C0
C0
C0
C0
C0
00
00
00
C0
C0
C0
C0
00
00
00
C0
C0
C0
C0
C0
00
00
00
C0
C0
C0
C0
ENDCHAR
STARTCHAR 250B
ENCODING 9483
SWIDTH 583 0
DWIDTH 14 0
BBX 5 27 5 -5
BITMAP
F8
F8
F8
F8
F8
00
00
00
F8
F8
F8
F8
00
00
00
F8
F8
F8
F8
F8
00
00
00
F8
F8
F8
F8
ENDCHAR
STARTCHAR 250C
ENCODING 9484
SWIDTH 583 0
DWIDTH 14 0
BBX 8 16 6 -7
BITMAP
FF
FF
C0
C0
C0
C0
C0
C0
C0
C0
C0
C0
C0
C0
C0
C0
ENDCHAR
STARTCHAR 250D
ENCODING 9485
SWIDTH 583 0
DWIDTH 14 0
BBX 8 17 6 -7
BITMAP
FF
FF
FF
FF
C0
C0
C0
C0
C0
C0
C0
C0
C0
C0
C0
C0
C0
ENDCHAR
STARTCHAR 250E
ENCODING 9486
SWIDTH 583 0
DWIDTH 14 0
BBX 10 16 5 -7
BITMAP
FFC0
FFC0
F800
F800
F800
F800
F800
F800
F800
F800
F800
F800
F800
F800
F800
F800
ENDCHAR
STARTCHAR 250F
ENCODING 9487
SWIDTH 583 0
DWIDTH 14 0
BBX 10 17 5 -7
BITMAP
FFC0
FFC0
FFC0
FFC0
F800
F800
F800
F800
F800
F800
F800
F800
F800
F800
F800
F800
F800
ENDCHAR
STARTCHAR 2510
ENCODING 9488
SWIDTH 583 0
DWIDTH 14 0
BBX 8 16 0 -7
BITMAP
FF
FF
03
03
03
03
03
03
03
03
03
03
03
03
03
03
ENDCHAR
STARTCHAR 2511
ENCODING 9489
SWIDTH 583 0
DWIDTH 14 0
BBX 8 17 0 -7
BITMAP
FF
FF
FF
FF
03
03
03
03
03
03
03
03
03
03
03
03
03
ENDCHAR
STARTCHAR 2512
ENCODING 9490
SWIDTH 583 0
DWIDTH 14 0
BBX 10 16 0 -7
BITMAP
FFC0
FFC0
07C0
07C0
07C0
07C0
07C0
07C0
07C0
07C0
07C0
07C0
07C0
07C0
07C0
07C0
ENDCHAR
STARTCHAR 2513
ENCODING 9491
SWIDTH 583 0
DWIDTH 14 0
BBX 10 17 0 -7
BITMAP
FFC0
FFC0
FFC0
FFC0
07C0
07C0
07C0
07C0
07C0
07C0
07C0
07C0
07C0
07C0
07C0
07C0
07C0
ENDCHAR
STARTCHAR 2514
ENCODING 9492
SWIDTH 583 0
DWIDTH 14 0
BBX 8 16 6 7
BITMAP
C0
C0
C0
C0
C0
C0
C0
C0
C0
C0
C0
C0
C0
C0
FF
FF
ENDCHAR
STARTCHAR 2515
ENCODING 9493
SWIDTH 583 0
DWIDTH 14 0
BBX 8 17 6 6
BITMAP
C0
C0
C0
C0
C0
C0
C0
C0
C0
C0
C0
C0
C0
FF
FF
FF
FF
ENDCHAR
STARTCHAR 2516
ENCODING 9494
SWIDTH 583 0
DWIDTH 14 0
BBX 10 16 5 7
BITMAP
F800
F800
F800
F800
F800
F800
F800
F800
F800
F800
F800
F800
F800
F800
FFC0
FFC0
ENDCHAR
STARTCHAR 2517
ENCODING 9495
SWIDTH 583 0
DWIDTH 14 0
BBX 10 17 5 6
BITMAP
F800
F800
F800
F800
F800
F800
F800
F800
F800
F800
F800
F800
F800
FFC0
FFC0
FFC0
FFC0
ENDCHAR
STARTCHAR 2518
ENCODING 9496
SWIDTH 583 0
DWIDTH 14 0
BBX 8 16 0 7
BITMAP
03
03
03
03
03
03
03
03
03
03
03
03
03
03
FF
FF
ENDCHAR
STARTCHAR 2519
ENCODING 9497
SWIDTH 583 0
DWIDTH 14 0
BBX 8 17 0 6
BITMAP
03
03
03
03
03
03
03
03
03
03
03
03
03
FF
FF
FF
FF
ENDCHAR
STARTCHAR 251A
ENCODING 9498
SWIDTH 583 0
DWIDTH 14 0
BBX 10 16 0 7
BITMAP
07C0
07C0
07C0
07C0
07C0
07C0
07C0
07C0
07C0
07C0
07C0
07C0
07C0
07C0
FFC0
FFC0
ENDCHAR
STARTCHAR 251B
ENCODING 9499
SWIDTH 583 0
DWIDTH 14 0
BBX 10 17 0 6
BITMAP
07C0
07C0
07C0
07C0
07C0
07C0
07C0
07C0
07C0
07C0
07C0
07C0
07C0
FFC0
FFC0
FFC0
FFC0
ENDCHAR
STARTCHAR 251C
ENCODING 9500
SWIDTH 583 0
DWIDTH 14 0
BBX 8 30 6 -7
BITMAP
C0
C0
C0
C0
C0
C0
C0
C0
C0
C0
C0
C0
C0
C0
FF
FF
C0
C0
C0
C0
C0
C0
C0
C0
C0
C0
C0
C0
C0
C0
ENDCHAR
STARTCHAR 251D
ENCODING 9501
SWIDTH 583 0
DWIDTH 14 0
BBX 8 30 6 -7
BITMAP
C0
C0
C0
C0
C0
C0
C0
C0
C0
C0
C0
C0
C0
FF
FF
FF
FF
C0
C0
C0
C0
C0
C0
C0
C0
C0
C0
C0
C0
C0
ENDCHAR
STARTCHAR 251E
ENCODING 9502
SWIDTH 583 0
DWIDTH 14 0
BBX 10 30 5 -7
BITMAP
F800
F800
F800
F800
F800
F800
F800
F800
F800
F800
F800
F800
F800
F800
FFC0
FFC0
7000
7000
7000
7000
7000
7000
7000
7000
7000
7000
7000
7000
7000
7000
ENDCHAR
STARTCHAR 251F
ENCODING 9503
SWIDTH 583 0
DWIDTH 14 0
BBX 10 30 5 -7
BITMAP
7000
7000
7000
7000
7000
7000
7000
7000
7000
7000
7000
7000
7000
7000
FFC0
FFC0
F800
F800
F800
F800
F800
F800
F800
F800
F800
F800
F800
F800
F800
F800
ENDCHAR
STARTCHAR 2520
ENCODING 9504
SWIDTH 583 0
DWIDTH 14 0
BBX 10 30 5 -7
BITMAP
F800
F800
F800
F800
F800
F800
F800
F800
F800
F800
F800
F800
F800
F800
FFC0
FFC0
F800
F800
F800
F800
F800
F800
F800
F800
F800
F800
F800
F800
F800
F800
ENDCHAR
STARTCHAR 2521
ENCODING 9505
SWIDTH 583 0
DWIDTH 14 0
BBX 10 30 5 -7
BITMAP
F800
F800
F800
F800
F800
F800
F800
F800
F800
F800
F800
F800
F800
FFC0
FFC0
FFC0
FFC0
7000
7000
7000
7000
7000
7000
7000
7000
7000
7000
7000
7000
7000
ENDCHAR
STARTCHAR 2522
ENCODING 9506
SWIDTH 583 0
DWIDTH 14 0
BBX 10 30 5 -7
BITMAP
7000
7000
7000
7000
7000
7000
7000
7000
7000
7000
7000
7000
7000
FFC0
FFC0
FFC0
FFC0
F800
F800
F800
F800
F800
F800
F800
F800
F800
F800
F800
F800
F800
ENDCHAR
STARTCHAR 2523
ENCODING 9507
SWIDTH 583 0
DWIDTH 14 0
BBX 10 30 5 -7
BITMAP
F800
F800
F800
F800
F800
F800
F800
F800
F800
F800
F800
F800
F800
FFC0
FFC0
FFC0
FFC0
F800
F800
F800
F800
F800
F800
F800
F800
F800
F800
F800
F800
F800
ENDCHAR
STARTCHAR 2524
ENCODING 9508
SWIDTH 583 0
DWIDTH 14 0
BBX 8 30 0 -7
BITMAP
03
03
03
03
03
03
03
03
03
03
03
03
03
03
FF
FF
03
03
03
03
03
03
03
03
03
03
03
03
03
03
ENDCHAR
STARTCHAR 2525
ENCODING 9509
SWIDTH 583 0
DWIDTH 14 0
BBX 8 30 0 -7
BITMAP
03
03
03
03
03
03
03
03
03
03
03
03
03
FF
FF
FF
FF
03
03
03
03
03
03
03
03
03
03
03
03
03
ENDCHAR
STARTCHAR 2526
ENCODING 9510
SWIDTH 583 0
DWIDTH 14 0
BBX 10 30 0 -7
BITMAP
07C0
07C0
07C0
07C0
07C0
07C0
07C0
07C0
07C0
07C0
07C0
07C0
07C0
07C0
FFC0
FFC0
0380
0380
0380
0380
0380
0380
0380
0380
0380
0380
0380
0380
0380
0380
ENDCHAR
STARTCHAR 2527
ENCODING 9511
SWIDTH 583 0
DWIDTH 14 0
BBX 10 30 0 -7
BITMAP
0380
0380
0380
0380
0380
0380
0380
0380
0380
0380
0380
0380
0380
0380
FFC0
FFC0
07C0
07C0
07C0
07C0
07C0
07C0
07C0
07C0
07C0
07C0
07C0
07C0
07C0
07C0
ENDCHAR
STARTCHAR 2528
ENCODING 9512
SWIDTH 583 0
DWIDTH 14 0
BBX 10 30 0 -7
BITMAP
07C0
07C0
07C0
07C0
07C0
07C0
07C0
07C0
07C0
07C0
07C0
07C0
07C0
07C0
FFC0
FFC0
07C0
07C0
07C0
07C0
07C0
07C0
07C0
07C0
07C0
07C0
07C0
07C0
07C0
07C0
ENDCHAR
STARTCHAR 2529
ENCODING 9513
SWIDTH 583 0
DWIDTH 14 0
BBX 10 30 0 -7
BITMAP
07C0
07C0
07C0
07C0
07C0
07C0
07C0
07C0
07C0
07C0
07C0
07C0
07C0
FFC0
FFC0
FFC0
FFC0
0380
0380
0380
0380
0380
0380
0380
0380
0380
0380
0380
0380
0380
ENDCHAR
STARTCHAR 252A
ENCODING 9514
SWIDTH 583 0
DWIDTH 14 0
BBX 10 30 0 -7
BITMAP
0380
0380
0380
0380
0380
0380
0380
0380
0380
0380
0380
0380
0380
FFC0
FFC0
FFC0
FFC0
07C0
07C0
07C0
07C0
07C0
07C0
07C0
07C0
07C0
07C0
07C0
07C0
07C0
ENDCHAR
STARTCHAR 252B
ENCODING 9515
SWIDTH 583 0
DWIDTH 14 0
BBX 10 30 0 -7
BITMAP
07C0
07C0
07C0
07C0
07C0
07C0
07C0
07C0
07C0
07C0
07C0
07C0
07C0
FFC0
FFC0
FFC0
FFC0
07C0
07C0
07C0
07C0
07C0
07C0
07C0
07C0
07C0
07C0
07C0
07C0
07C0
ENDCHAR
STARTCHAR 252C
ENCODING 9516
SWIDTH 583 0
DWIDTH 14 0
BBX 14 16 0 -7
BITMAP
FFFC
FFFC
0300
0300
0300
0300
0300
0300
0300
0300
0300
0300
0300
0300
0300
0300
ENDCHAR
STARTCHAR 252D
ENCODING 9517
SWIDTH 583 0
DWIDTH 14 0
BBX 14 17 0 -7
BITMAP
FF00
FFFC
FFFC
FF00
0300
0300
0300
0300
0300
0300
0300
0300
0300
0300
0300
0300
0300
ENDCHAR
STARTCHAR 252E
ENCODING 9518
SWIDTH 583 0
DWIDTH 14 0
BBX 14 17 0 -7
BITMAP
03FC
FFFC
FFFC
03FC
0300
0300
0300
0300
0300
0300
0300
0300
0300
0300
0300
0300
0300
ENDCHAR
STARTCHAR 252F
ENCODING 9519
SWIDTH 583 0
DWIDTH 14 0
BBX 14 17 0 -7
BITMAP
FFFC
FFFC
FFFC
FFFC
0300
0300
0300
0300
0300
0300
0300
0300
0300
0300
0300
0300
0300
ENDCHAR
STARTCHAR 2530
ENCODING 9520
SWIDTH 583 0
DWIDTH 14 0
BBX 14 16 0 -7
BITMAP
FFFC
FFFC
07C0
07C0
07C0
07C0
07C0
07C0
07C0
07C0
07C0
07C0
07C0
07C0
07C0
07C0
ENDCHAR
STARTCHAR 2531
ENCODING 9521
SWIDTH 583 0
DWIDTH 14 0
BBX 14 17 0 -7
BITMAP
FFC0
FFFC
FFFC
FFC0
07C0
07C0
07C0
07C0
07C0
07C0
07C0
07C0
07C0
07C0
07C0
07C0
07C0
ENDCHAR
STARTCHAR 2532
ENCODING 9522
SWIDTH 583 0
DWIDTH 14 0
BBX 15 17 0 -7
BITMAP
07FE
FFFE
FFFE
07FE
07C0
07C0
07C0
07C0
07C0
07C0
07C0
07C0
07C0
07C0
07C0
07C0
07C0
ENDCHAR
STARTCHAR 2533
ENCODING 9523
SWIDTH 583 0
DWIDTH 14 0
BBX 14 17 0 -7
BITMAP
FFFC
FFFC
FFFC
FFFC
07C0
07C0
07C0
07C0
07C0
07C0
07C0
07C0
07C0
07C0
07C0
07C0
07C0
ENDCHAR
STARTCHAR 2534
ENCODING 9524
SWIDTH 583 0
DWIDTH 14 0
BBX 14 16 0 7
BITMAP
0300
0300
0300
0300
0300
0300
0300
0300
0300
0300
0300
0300
0300
0300
FFFC
FFFC
ENDCHAR
STARTCHAR 2535
ENCODING 9525
SWIDTH 583 0
DWIDTH 14 0
BBX 14 17 0 6
BITMAP
0300
0300
0300
0300
0300
0300
0300
0300
0300
0300
0300
0300
0300
FF00
FFFC
FFFC
FF00
ENDCHAR
STARTCHAR 2536
ENCODING 9526
SWIDTH 583 0
DWIDTH 14 0
BBX 14 17 0 6
BITMAP
0300
0300
0300
0300
0300
0300
0300
0300
0300
0300
0300
0300
0300
03FC
FFFC
FFFC
03FC
ENDCHAR
STARTCHAR 2537
ENCODING 9527
SWIDTH 583 0
DWIDTH 14 0
BBX 14 17 0 6
BITMAP
0300
0300
0300
0300
0300
0300
0300
0300
0300
0300
0300
0300
0300
FFFC
FFFC
FFFC
FFFC
ENDCHAR
STARTCHAR 2538
ENCODING 9528
SWIDTH 583 0
DWIDTH 14 0
BBX 14 16 0 7
BITMAP
07C0
07C0
07C0
07C0
07C0
07C0
07C0
07C0
07C0
07C0
07C0
07C0
07C0
07C0
FFFC
FFFC
ENDCHAR
STARTCHAR 2539
ENCODING 9529
SWIDTH 583 0
DWIDTH 14 0
BBX 15 17 0 6
BITMAP
07C0
07C0
07C0
07C0
07C0
07C0
07C0
07C0
07C0
07C0
07C0
07C0
07C0
FFC0
FFFE
FFFE
FFC0
ENDCHAR
STARTCHAR 253A
ENCODING 9530
SWIDTH 583 0
DWIDTH 14 0
BBX 15 17 0 6
BITMAP
07C0
07C0
07C0
07C0
07C0
07C0
07C0
07C0
07C0
07C0
07C0
07C0
07C0
07FE
FFFE
FFFE
07FE
ENDCHAR
STARTCHAR 253B
ENCODING 9531
SWIDTH 583 0
DWIDTH 14 0
BBX 14 17 0 6
BITMAP
07C0
07C0
07C0
07C0
07C0
07C0
07C0
07C0
07C0
07C0
07C0
07C0
07C0
FFFC
FFFC
FFFC
FFFC
ENDCHAR
STARTCHAR 253C
ENCODING 9532
SWIDTH 583 0
DWIDTH 14 0
BBX 14 30 0 -7
BITMAP
0300
0300
0300
0300
0300
0300
0300
0300
0300
0300
0300
0300
0300
0300
FFFC
FFFC
0300
0300
0300
0300
0300
0300
0300
0300
0300
0300
0300
0300
0300
0300
ENDCHAR
STARTCHAR 253D
ENCODING 9533
SWIDTH 583 0
DWIDTH 14 0
BBX 14 30 0 -7
BITMAP
0300
0300
0300
0300
0300
0300
0300
0300
0300
0300
0300
0300
0300
FF00
FFFC
FFFC
FF00
0300
0300
0300
0300
0300
0300
0300
0300
0300
0300
0300
0300
0300
ENDCHAR
STARTCHAR 253E
ENCODING 9534
SWIDTH 583 0
DWIDTH 14 0
BBX 14 30 0 -7
BITMAP
0300
0300
0300
0300
0300
0300
0300
0300
0300
0300
0300
0300
0300
03FC
FFFC
FFFC
03FC
0300
0300
0300
0300
0300
0300
0300
0300
0300
0300
0300
0300
0300
ENDCHAR
STARTCHAR 253F
ENCODING 9535
SWIDTH 583 0
DWIDTH 14 0
BBX 14 30 0 -7
BITMAP
0300
0300
0300
0300
0300
0300
0300
0300
0300
0300
0300
0300
0300
FFFC
FFFC
FFFC
FFFC
0300
0300
0300
0300
0300
0300
0300
0300
0300
0300
0300
0300
0300
ENDCHAR
STARTCHAR 2540
ENCODING 9536
SWIDTH 583 0
DWIDTH 14 0
BBX 14 30 0 -7
BITMAP
07C0
07C0
07C0
07C0
07C0
07C0
07C0
07C0
07C0
07C0
07C0
07C0
07C0
07C0
FFFC
FFFC
0300
0300
0300
0300
0300
0300
0300
0300
0300
0300
0300
0300
0300
0300
ENDCHAR
STARTCHAR 2541
ENCODING 9537
SWIDTH 583 0
DWIDTH 14 0
BBX 14 30 0 -7
BITMAP
0300
0300
0300
0300
0300
0300
0300
0300
0300
0300
0300
0300
0300
0300
FFFC
FFFC
07C0
07C0
07C0
07C0
07C0
07C0
07C0
07C0
07C0
07C0
07C0
07C0
07C0
07C0
ENDCHAR
STARTCHAR 2542
ENCODING 9538
SWIDTH 583 0
DWIDTH 14 0
BBX 14 30 0 -7
BITMAP
07C0
07C0
07C0
07C0
07C0
07C0
07C0
07C0
07C0
07C0
07C0
07C0
07C0
07C0
FFFC
FFFC
07C0
07C0
07C0
07C0
07C0
07C0
07C0
07C0
07C0
07C0
07C0
07C0
07C0
07C0
ENDCHAR
STARTCHAR 2543
ENCODING 9539
SWIDTH 583 0
DWIDTH 14 0
BBX 15 30 0 -7
BITMAP
07C0
07C0
07C0
07C0
07C0
07C0
07C0
07C0
07C0
07C0
07C0
07C0
07C0
FFC0
FFFE
FFFE
FFC0
0380
0380
0380
0380
0380
0380
0380
0380
0380
0380
0380
0380
0380
ENDCHAR
STARTCHAR 2544
ENCODING 9540
SWIDTH 583 0
DWIDTH 14 0
BBX 15 30 0 -7
BITMAP
07C0
07C0
07C0
07C0
07C0
07C0
07C0
07C0
07C0
07C0
07C0
07C0
07C0
07FE
FFFE
FFFE
07FE
0380
0380
0380
0380
0380
0380
0380
0380
0380
0380
0380
0380
0380
ENDCHAR
STARTCHAR 2545
ENCODING 9541
SWIDTH 583 0
DWIDTH 14 0
BBX 14 30 0 -7
BITMAP
0300
0300
0300
0300
0300
0300
0300
0300
0300
0300
0300
0300
0300
FFC0
FFFC
FFFC
FFC0
07C0
07C0
07C0
07C0
07C0
07C0
07C0
07C0
07C0
07C0
07C0
07C0
07C0
ENDCHAR
STARTCHAR 2546
ENCODING 9542
SWIDTH 583 0
DWIDTH 14 0
BBX 15 30 0 -7
BITMAP
0380
0380
0380
0380
0380
0380
0380
0380
0380
0380
0380
0380
0380
07FE
FFFE
FFFE
07FE
07C0
07C0
07C0
07C0
07C0
07C0
07C0
07C0
07C0
07C0
07C0
07C0
07C0
ENDCHAR
STARTCHAR 2547
ENCODING 9543
SWIDTH 583 0
DWIDTH 14 0
BBX 14 30 0 -7
BITMAP
07C0
07C0
07C0
07C0
07C0
07C0
07C0
07C0
07C0
07C0
07C0
07C0
07C0
FFFC
FFFC
FFFC
FFFC
0300
0300
0300
0300
0300
0300
0300
0300
0300
0300
0300
0300
0300
ENDCHAR
STARTCHAR 2548
ENCODING 9544
SWIDTH 583 0
DWIDTH 14 0
BBX 14 30 0 -7
BITMAP
0300
0300
0300
0300
0300
0300
0300
0300
0300
0300
0300
0300
0300
FFFC
FFFC
FFFC
FFFC
07C0
07C0
07C0
07C0
07C0
07C0
07C0
07C0
07C0
07C0
07C0
07C0
07C0
ENDCHAR
STARTCHAR 2549
ENCODING 9545
SWIDTH 583 0
DWIDTH 14 0
BBX 15 30 0 -7
BITMAP
07C0
07C0
07C0
07C0
07C0
07C0
07C0
07C0
07C0
07C0
07C0
07C0
07C0
FFC0
FFFE
FFFE
FFC0
07C0
07C0
07C0
07C0
07C0
07C0
07C0
07C0
07C0
07C0
07C0
07C0
07C0
ENDCHAR
STARTCHAR 254A
ENCODING 9546
SWIDTH 583 0
DWIDTH 14 0
BBX 15 30 0 -7
BITMAP
07C0
07C0
07C0
07C0
07C0
07C0
07C0
07C0
07C0
07C0
07C0
07C0
07C0
07FE
FFFE
FFFE
07FE
07C0
07C0
07C0
07C0
07C0
07C0
07C0
07C0
07C0
07C0
07C0
07C0
07C0
ENDCHAR
STARTCHAR 254B
ENCODING 9547
SWIDTH 583 0
DWIDTH 14 0
BBX 14 30 0 -7
BITMAP
07C0
07C0
07C0
07C0
07C0
07C0
07C0
07C0
07C0
07C0
07C0
07C0
07C0
FFFC
FFFC
FFFC
FFFC
07C0
07C0
07C0
07C0
07C0
07C0
07C0
07C0
07C0
07C0
07C0
07C0
07C0
ENDCHAR
STARTCHAR 254C
ENCODING 9548
SWIDTH 583 0
DWIDTH 14 0
BBX 11 2 2 7
BITMAP
F1E0
F1E0
ENDCHAR
STARTCHAR 254D
ENCODING 9549
SWIDTH 583 0
DWIDTH 14 0
BBX 11 4 2 6
BITMAP
F1E0
F1E0
F1E0
F1E0
ENDCHAR
STARTCHAR 254E
ENCODING 9550
SWIDTH 583 0
DWIDTH 14 0
BBX 2 24 6 -4
BITMAP
C0
C0
C0
C0
C0
C0
C0
C0
C0
00
00
00
00
00
00
C0
C0
C0
C0
C0
C0
C0
C0
C0
ENDCHAR
STARTCHAR 254F
ENCODING 9551
SWIDTH 583 0
DWIDTH 14 0
BBX 5 24 5 -4
BITMAP
F8
F8
F8
F8
F8
F8
F8
F8
F8
00
00
00
00
00
00
F8
F8
F8
F8
F8
F8
F8
F8
F8
ENDCHAR
STARTCHAR 2550
ENCODING 9552
SWIDTH 583 0
DWIDTH 14 0
BBX 14 6 0 5
BITMAP
FFFC
FFFC
0000
0000
FFFC
FFFC
ENDCHAR
STARTCHAR 2551
ENCODING 9553
SWIDTH 583 0
DWIDTH 14 0
BBX 6 30 4 -7
BITMAP
CC
CC
CC
CC
CC
CC
CC
CC
CC
CC
CC
CC
CC
CC
CC
CC
CC
CC
CC
CC
CC
CC
CC
CC
CC
CC
CC
CC
CC
CC
ENDCHAR
STARTCHAR 2552
ENCODING 9554
SWIDTH 583 0
DWIDTH 14 0
BBX 8 18 6 -7
BITMAP
FF
FF
C0
C0
FF
FF
C0
C0
C0
C0
C0
C0
C0
C0
C0
C0
C0
C0
ENDCHAR
STARTCHAR 2553
ENCODING 9555
SWIDTH 583 0
DWIDTH 14 0
BBX 10 16 4 -7
BITMAP
FFC0
FFC0
CC00
CC00
CC00
CC00
CC00
CC00
CC00
CC00
CC00
CC00
CC00
CC00
CC00
CC00
ENDCHAR
STARTCHAR 2554
ENCODING 9556
SWIDTH 583 0
DWIDTH 14 0
BBX 10 18 4 -7
BITMAP
FFC0
FFC0
C000
C000
CFC0
CFC0
CC00
CC00
CC00
CC00
CC00
CC00
CC00
CC00
CC00
CC00
CC00
CC00
ENDCHAR
STARTCHAR 2555
ENCODING 9557
SWIDTH 583 0
DWIDTH 14 0
BBX 8 18 0 -7
BITMAP
FF
FF
03
03
FF
FF
03
03
03
03
03
03
03
03
03
03
03
03
ENDCHAR
STARTCHAR 2556
ENCODING 9558
SWIDTH 583 0
DWIDTH 14 0
BBX 10 16 0 -7
BITMAP
FFC0
FFC0
0CC0
0CC0
0CC0
0CC0
0CC0
0CC0
0CC0
0CC0
0CC0
0CC0
0CC0
0CC0
0CC0
0CC0
ENDCHAR
STARTCHAR 2557
ENCODING 9559
SWIDTH 583 0
DWIDTH 14 0
BBX 10 18 0 -7
BITMAP
FFC0
FFC0
00C0
00C0
FCC0
FCC0
0CC0
0CC0
0CC0
0CC0
0CC0
0CC0
0CC0
0CC0
0CC0
0CC0
0CC0
0CC0
ENDCHAR
STARTCHAR 2558
ENCODING 9560
SWIDTH 583 0
DWIDTH 14 0
BBX 8 18 6 5
BITMAP
C0
C0
C0
C0
C0
C0
C0
C0
C0
C0
C0
C0
FF
FF
C0
C0
FF
FF
ENDCHAR
STARTCHAR 2559
ENCODING 9561
SWIDTH 583 0
DWIDTH 14 0
BBX 10 16 4 7
BITMAP
CC00
CC00
CC00
CC00
CC00
CC00
CC00
CC00
CC00
CC00
CC00
CC00
CC00
CC00
FFC0
FFC0
ENDCHAR
STARTCHAR 255A
ENCODING 9562
SWIDTH 583 0
DWIDTH 14 0
BBX 10 18 4 5
BITMAP
CC00
CC00
CC00
CC00
CC00
CC00
CC00
CC00
CC00
CC00
CC00
CC00
CFC0
CFC0
C000
C000
FFC0
FFC0
ENDCHAR
STARTCHAR 255B
ENCODING 9563
SWIDTH 583 0
DWIDTH 14 0
BBX 8 18 0 5
BITMAP
03
03
03
03
03
03
03
03
03
03
03
03
FF
FF
03
03
FF
FF
ENDCHAR
STARTCHAR 255C
ENCODING 9564
SWIDTH 583 0
DWIDTH 14 0
BBX 10 16 0 7
BITMAP
0CC0
0CC0
0CC0
0CC0
0CC0
0CC0
0CC0
0CC0
0CC0
0CC0
0CC0
0CC0
0CC0
0CC0
FFC0
FFC0
ENDCHAR
STARTCHAR 255D
ENCODING 9565
SWIDTH 583 0
DWIDTH 14 0
BBX 10 18 0 5
BITMAP
0CC0
0CC0
0CC0
0CC0
0CC0
0CC0
0CC0
0CC0
0CC0
0CC0
0CC0
0CC0
FCC0
FCC0
00C0
00C0
FFC0
FFC0
ENDCHAR
STARTCHAR 255E
ENCODING 9566
SWIDTH 583 0
DWIDTH 14 0
BBX 8 30 6 -7
BITMAP
C0
C0
C0
C0
C0
C0
C0
C0
C0
C0
C0
C0
FF
FF
C0
C0
FF
FF
C0
C0
C0
C0
C0
C0
C0
C0
C0
C0
C0
C0
ENDCHAR
STARTCHAR 255F
ENCODING 9567
SWIDTH 583 0
DWIDTH 14 0
BBX 10 30 4 -7
BITMAP
CC00
CC00
CC00
CC00
CC00
CC00
CC00
CC00
CC00
CC00
CC00
CC00
CC00
CC00
CFC0
CFC0
CC00
CC00
CC00
CC00
CC00
CC00
CC00
CC00
CC00
CC00
CC00
CC00
CC00
CC00
ENDCHAR
STARTCHAR 2560
ENCODING 9568
SWIDTH 583 0
DWIDTH 14 0
BBX 10 30 4 -7
BITMAP
CC00
CC00
CC00
CC00
CC00
CC00
CC00
CC00
CC00
CC00
CC00
CC00
CFC0
CFC0
C000
C000
CFC0
CFC0
CC00
CC00
CC00
CC00
CC00
CC00
CC00
CC00
CC00
CC00
CC00
CC00
ENDCHAR
STARTCHAR 2561
ENCODING 9569
SWIDTH 583 0
DWIDTH 14 0
BBX 8 30 0 -7
BITMAP
03
03
03
03
03
03
03
03
03
03
03
03
FF
FF
03
03
FF
FF
03
03
03
03
03
03
03
03
03
03
03
03
ENDCHAR
STARTCHAR 2562
ENCODING 9570
SWIDTH 583 0
DWIDTH 14 0
BBX 10 30 0 -7
BITMAP
0CC0
0CC0
0CC0
0CC0
0CC0
0CC0
0CC0
0CC0
0CC0
0CC0
0CC0
0CC0
0CC0
0CC0
FCC0
FCC0
0CC0
0CC0
0CC0
0CC0
0CC0
0CC0
0CC0
0CC0
0CC0
0CC0
0CC0
0CC0
0CC0
0CC0
ENDCHAR
STARTCHAR 2563
ENCODING 9571
SWIDTH 583 0
DWIDTH 14 0
BBX 10 30 0 -7
BITMAP
0CC0
0CC0
0CC0
0CC0
0CC0
0CC0
0CC0
0CC0
0CC0
0CC0
0CC0
0CC0
FCC0
FCC0
00C0
00C0
FCC0
FCC0
0CC0
0CC0
0CC0
0CC0
0CC0
0CC0
0CC0
0CC0
0CC0
0CC0
0CC0
0CC0
ENDCHAR
STARTCHAR 2564
ENCODING 9572
SWIDTH 583 0
DWIDTH 14 0
BBX 14 18 0 -7
BITMAP
FFFC
FFFC
0000
0000
FFFC
FFFC
0300
0300
0300
0300
0300
0300
0300
0300
0300
0300
0300
0300
ENDCHAR
STARTCHAR 2565
ENCODING 9573
SWIDTH 583 0
DWIDTH 14 0
BBX 14 16 0 -7
BITMAP
FFFC
FFFC
0CC0
0CC0
0CC0
0CC0
0CC0
0CC0
0CC0
0CC0
0CC0
0CC0
0CC0
0CC0
0CC0
0CC0
ENDCHAR
STARTCHAR 2566
ENCODING 9574
SWIDTH 583 0
DWIDTH 14 0
BBX 14 18 0 -7
BITMAP
FFFC
FFFC
0000
0000
FCFC
FCFC
0CC0
0CC0
0CC0
0CC0
0CC0
0CC0
0CC0
0CC0
0CC0
0CC0
0CC0
0CC0
ENDCHAR
STARTCHAR 2567
ENCODING 9575
SWIDTH 583 0
DWIDTH 14 0
BBX 14 18 0 5
BITMAP
0300
0300
0300
0300
0300
0300
0300
0300
0300
0300
0300
0300
FFFC
FFFC
0000
0000
FFFC
FFFC
ENDCHAR
STARTCHAR 2568
ENCODING 9576
SWIDTH 583 0
DWIDTH 14 0
BBX 14 16 0 7
BITMAP
0CC0
0CC0
0CC0
0CC0
0CC0
0CC0
0CC0
0CC0
0CC0
0CC0
0CC0
0CC0
0CC0
0CC0
FFFC
FFFC
ENDCHAR
STARTCHAR 2569
ENCODING 9577
SWIDTH 583 0
DWIDTH 14 0
BBX 14 18 0 5
BITMAP
0CC0
0CC0
0CC0
0CC0
0CC0
0CC0
0CC0
0CC0
0CC0
0CC0
0CC0
0CC0
FCFC
FCFC
0000
0000
FFFC
FFFC
ENDCHAR
STARTCHAR 256A
ENCODING 9578
SWIDTH 583 0
DWIDTH 14 0
BBX 14 30 0 -7
BITMAP
0300
0300
0300
0300
0300
0300
0300
0300
0300
0300
0300
0300
FFFC
FFFC
0000
0000
FFFC
FFFC
0300
0300
0300
0300
0300
0300
0300
0300
0300
0300
0300
0300
ENDCHAR
STARTCHAR 256B
ENCODING 9579
SWIDTH 583 0
DWIDTH 14 0
BBX 14 30 0 -7
BITMAP
0CC0
0CC0
0CC0
0CC0
0CC0
0CC0
0CC0
0CC0
0CC0
0CC0
0CC0
0CC0
0CC0
0CC0
FCFC
FCFC
0CC0
0CC0
0CC0
0CC0
0CC0
0CC0
0CC0
0CC0
0CC0
0CC0
0CC0
0CC0
0CC0
0CC0
ENDCHAR
STARTCHAR 256C
ENCODING 9580
SWIDTH 583 0
DWIDTH 14 0
BBX 14 30 0 -7
BITMAP
0CC0
0CC0
0CC0
0CC0
0CC0
0CC0
0CC0
0CC0
0CC0
0CC0
0CC0
0CC0
FCFC
FCFC
0000
0000
FCFC
FCFC
0CC0
0CC0
0CC0
0CC0
0CC0
0CC0
0CC0
0CC0
0CC0
0CC0
0CC0
0CC0
ENDCHAR
STARTCHAR 256D
ENCODING 9581
SWIDTH 583 0
DWIDTH 14 0
BBX 8 16 6 -7
BITMAP
07
1F
38
70
60
E0
C0
C0
C0
C0
C0
C0
C0
C0
C0
C0
ENDCHAR
STARTCHAR 256E
ENCODING 9582
SWIDTH 583 0
DWIDTH 14 0
BBX 8 16 0 -7
BITMAP
F0
FC
1E
0E
07
03
03
03
03
03
03
03
03
03
03
03
ENDCHAR
STARTCHAR 256F
ENCODING 9583
SWIDTH 583 0
DWIDTH 14 0
BBX 8 16 0 7
BITMAP
03
03
03
03
03
03
03
03
03
03
03
07
0E
1E
FC
F0
ENDCHAR
STARTCHAR 2570
ENCODING 9584
SWIDTH 583 0
DWIDTH 14 0
BBX 8 16 6 7
BITMAP
C0
C0
C0
C0
C0
C0
C0
C0
C0
C0
E0
60
70
38
1F
07
ENDCHAR
STARTCHAR 2571
ENCODING 9585
SWIDTH 583 0
DWIDTH 14 0
BBX 16 31 -1 -7
BITMAP
0002
0003
0007
0006
000E
000C
001C
0018
0038
0038
0070
0070
0060
00E0
00C0
01C0
0180
0380
0300
0700
0600
0E00
0C00
1C00
1800
3800
3000
7000
6000
E000
C000
ENDCHAR
STARTCHAR 2572
ENCODING 9586
SWIDTH 583 0
DWIDTH 14 0
BBX 16 30 -1 -6
BITMAP
E000
6000
7000
7000
3800
3800
1800
1C00
0C00
0E00
0600
0700
0300
0380
0180
01C0
00C0
00E0
0060
0070
0030
0038
0018
001C
000C
000E
0006
0007
0007
0003
ENDCHAR
STARTCHAR 2573
ENCODING 9587
SWIDTH 583 0
DWIDTH 14 0
BBX 16 31 -1 -7
BITMAP
0002
E003
6007
7006
700E
380C
381C
1818
1C38
0C38
0E70
0670
0760
03E0
03C0
01C0
01C0
03C0
03E0
0760
0670
0E30
0C38
1C18
181C
380C
300E
7006
6007
E007
C003
ENDCHAR
STARTCHAR 2574
ENCODING 9588
SWIDTH 583 0
DWIDTH 14 0
BBX 7 2 0 7
BITMAP
FE
FE
ENDCHAR
STARTCHAR 2575
ENCODING 9589
SWIDTH 583 0
DWIDTH 14 0
BBX 2 15 6 8
BITMAP
C0
C0
C0
C0
C0
C0
C0
C0
C0
C0
C0
C0
C0
C0
C0
ENDCHAR
STARTCHAR 2576
ENCODING 9590
SWIDTH 583 0
DWIDTH 14 0
BBX 7 2 7 7
BITMAP
FE
FE
ENDCHAR
STARTCHAR 2577
ENCODING 9591
SWIDTH 583 0
DWIDTH 14 0
BBX 2 15 6 -7
BITMAP
C0
C0
C0
C0
C0
C0
C0
C0
C0
C0
C0
C0
C0
C0
C0
ENDCHAR
STARTCHAR 2578
ENCODING 9592
SWIDTH 583 0
DWIDTH 14 0
BBX 7 4 0 6
BITMAP
FE
FE
FE
FE
ENDCHAR
STARTCHAR 2579
ENCODING 9593
SWIDTH 583 0
DWIDTH 14 0
BBX 5 15 5 8
BITMAP
F8
F8
F8
F8
F8
F8
F8
F8
F8
F8
F8
F8
F8
F8
F8
ENDCHAR
STARTCHAR 257A
ENCODING 9594
SWIDTH 583 0
DWIDTH 14 0
BBX 7 4 7 6
BITMAP
FE
FE
FE
FE
ENDCHAR
STARTCHAR 257B
ENCODING 9595
SWIDTH 583 0
DWIDTH 14 0
BBX 5 15 5 -7
BITMAP
F8
F8
F8
F8
F8
F8
F8
F8
F8
F8
F8
F8
F8
F8
F8
ENDCHAR
STARTCHAR 257C
ENCODING 9596
SWIDTH 583 0
DWIDTH 14 0
BBX 14 4 0 6
BITMAP
01FC
FFFC
FFFC
01FC
ENDCHAR
STARTCHAR 257D
ENCODING 9597
SWIDTH 583 0
DWIDTH 14 0
BBX 5 30 5 -7
BITMAP
70
70
70
70
70
70
70
70
70
70
70
70
70
70
70
F8
F8
F8
F8
F8
F8
F8
F8
F8
F8
F8
F8
F8
F8
F8
ENDCHAR
STARTCHAR 257E
ENCODING 9598
SWIDTH 583 0
DWIDTH 14 0
BBX 14 4 0 6
BITMAP
FE00
FFFC
FFFC
FE00
ENDCHAR
STARTCHAR 257F
ENCODING 9599
SWIDTH 583 0
DWIDTH 14 0
BBX 5 30 5 -7
BITMAP
F8
F8
F8
F8
F8
F8
F8
F8
F8
F8
F8
F8
F8
F8
F8
70
70
70
70
70
70
70
70
70
70
70
70
70
70
70
ENDCHAR
STARTCHAR 2580
ENCODING 9600
SWIDTH 583 0
DWIDTH 14 0
BBX 14 15 0 8
BITMAP
FFFC
FFFC
FFFC
FFFC
FFFC
FFFC
FFFC
FFFC
FFFC
FFFC
FFFC
FFFC
FFFC
FFFC
FFFC
ENDCHAR
STARTCHAR 2581
ENCODING 9601
SWIDTH 583 0
DWIDTH 14 0
BBX 14 4 0 -7
BITMAP
FFFC
FFFC
FFFC
FFFC
ENDCHAR
STARTCHAR 2582
ENCODING 9602
SWIDTH 583 0
DWIDTH 14 0
BBX 14 8 0 -7
BITMAP
FFFC
FFFC
FFFC
FFFC
FFFC
FFFC
FFFC
FFFC
ENDCHAR
STARTCHAR 2583
ENCODING 9603
SWIDTH 583 0
DWIDTH 14 0
BBX 14 11 0 -7
BITMAP
FFFC
FFFC
FFFC
FFFC
FFFC
FFFC
FFFC
FFFC
FFFC
FFFC
FFFC
ENDCHAR
STARTCHAR 2584
ENCODING 9604
SWIDTH 583 0
DWIDTH 14 0
BBX 14 15 0 -7
BITMAP
FFFC
FFFC
FFFC
FFFC
FFFC
FFFC
FFFC
FFFC
FFFC
FFFC
FFFC
FFFC
FFFC
FFFC
FFFC
ENDCHAR
STARTCHAR 2585
ENCODING 9605
SWIDTH 583 0
DWIDTH 14 0
BBX 14 19 0 -7
BITMAP
FFFC
FFFC
FFFC
FFFC
FFFC
FFFC
FFFC
FFFC
FFFC
FFFC
FFFC
FFFC
FFFC
FFFC
FFFC
FFFC
FFFC
FFFC
FFFC
ENDCHAR
STARTCHAR 2586
ENCODING 9606
SWIDTH 583 0
DWIDTH 14 0
BBX 14 23 0 -7
BITMAP
FFFC
FFFC
FFFC
FFFC
FFFC
FFFC
FFFC
FFFC
FFFC
FFFC
FFFC
FFFC
FFFC
FFFC
FFFC
FFFC
FFFC
FFFC
FFFC
FFFC
FFFC
FFFC
FFFC
ENDCHAR
STARTCHAR 2587
ENCODING 9607
SWIDTH 583 0
DWIDTH 14 0
BBX 14 26 0 -7
BITMAP
FFFC
FFFC
FFFC
FFFC
FFFC
FFFC
FFFC
FFFC
FFFC
FFFC
FFFC
FFFC
FFFC
FFFC
FFFC
FFFC
FFFC
FFFC
FFFC
FFFC
FFFC
FFFC
FFFC
FFFC
FFFC
FFFC
ENDCHAR
STARTCHAR 2588
ENCODING 9608
SWIDTH 583 0
DWIDTH 14 0
BBX 14 30 0 -7
BITMAP
FFFC
FFFC
FFFC
FFFC
FFFC
FFFC
FFFC
FFFC
FFFC
FFFC
FFFC
FFFC
FFFC
FFFC
FFFC
FFFC
FFFC
FFFC
FFFC
FFFC
FFFC
FFFC
FFFC
FFFC
FFFC
FFFC
FFFC
FFFC
FFFC
FFFC
ENDCHAR
STARTCHAR 2589
ENCODING 9609
SWIDTH 583 0
DWIDTH 14 0
BBX 13 30 0 -7
BITMAP
FFF8
FFF8
FFF8
FFF8
FFF8
FFF8
FFF8
FFF8
FFF8
FFF8
FFF8
FFF8
FFF8
FFF8
FFF8
FFF8
FFF8
FFF8
FFF8
FFF8
FFF8
FFF8
FFF8
FFF8
FFF8
FFF8
FFF8
FFF8
FFF8
FFF8
ENDCHAR
STARTCHAR 258A
ENCODING 9610
SWIDTH 583 0
DWIDTH 14 0
BBX 11 30 0 -7
BITMAP
FFE0
FFE0
FFE0
FFE0
FFE0
FFE0
FFE0
FFE0
FFE0
FFE0
FFE0
FFE0
FFE0
FFE0
FFE0
FFE0
FFE0
FFE0
FFE0
FFE0
FFE0
FFE0
FFE0
FFE0
FFE0
FFE0
FFE0
FFE0
FFE0
FFE0
ENDCHAR
STARTCHAR 258B
ENCODING 9611
SWIDTH 583 0
DWIDTH 14 0
BBX 9 30 0 -7
BITMAP
FF80
FF80
FF80
FF80
FF80
FF80
FF80
FF80
FF80
FF80
FF80
FF80
FF80
FF80
FF80
FF80
FF80
FF80
FF80
FF80
FF80
FF80
FF80
FF80
FF80
FF80
FF80
FF80
FF80
FF80
ENDCHAR
STARTCHAR 258C
ENCODING 9612
SWIDTH 583 0
DWIDTH 14 0
BBX 7 30 0 -7
BITMAP
FE
FE
FE
FE
FE
FE
FE
FE
FE
FE
FE
FE
FE
FE
FE
FE
FE
FE
FE
FE
FE
FE
FE
FE
FE
FE
FE
FE
FE
FE
ENDCHAR
STARTCHAR 258D
ENCODING 9613
SWIDTH 583 0
DWIDTH 14 0
BBX 5 30 0 -7
BITMAP
F8
F8
F8
F8
F8
F8
F8
F8
F8
F8
F8
F8
F8
F8
F8
F8
F8
F8
F8
F8
F8
F8
F8
F8
F8
F8
F8
F8
F8
F8
ENDCHAR
STARTCHAR 258E
ENCODING 9614
SWIDTH 583 0
DWIDTH 14 0
BBX 4 30 0 -7
BITMAP
F0
F0
F0
F0
F0
F0
F0
F0
F0
F0
F0
F0
F0
F0
F0
F0
F0
F0
F0
F0
F0
F0
F0
F0
F0
F0
F0
F0
F0
F0
ENDCHAR
STARTCHAR 258F
ENCODING 9615
SWIDTH 583 0
DWIDTH 14 0
BBX 2 30 0 -7
BITMAP
C0
C0
C0
C0
C0
C0
C0
C0
C0
C0
C0
C0
C0
C0
C0
C0
C0
C0
C0
C0
C0
C0
C0
C0
C0
C0
C0
C0
C0
C0
ENDCHAR
STARTCHAR 2590
ENCODING 9616
SWIDTH 583 0
DWIDTH 14 0
BBX 7 30 7 -7
BITMAP
FE
FE
FE
FE
FE
FE
FE
FE
FE
FE
FE
FE
FE
FE
FE
FE
FE
FE
FE
FE
FE
FE
FE
FE
FE
FE
FE
FE
FE
FE
ENDCHAR
STARTCHAR 2591
ENCODING 9617
SWIDTH 583 0
DWIDTH 14 0
BBX 14 30 0 -7
BITMAP
0204
0408
0810
1010
2020
4040
8080
0100
0204
0408
0810
1020
2040
4080
8100
0204
0408
0810
1010
2020
4040
8080
0100
0204
0408
0810
1020
2040
4080
8100
ENDCHAR
STARTCHAR 2592
ENCODING 9618
SWIDTH 583 0
DWIDTH 14 0
BBX 14 30 0 -7
BITMAP
1224
2448
4890
9110
2224
4448
8890
1120
2244
4488
8910
1224
2444
4488
8910
1224
2448
4890
9110
2224
4448
8890
1120
2244
4488
8910
1224
2444
4488
8910
ENDCHAR
STARTCHAR 2593
ENCODING 9619
SWIDTH 583 0
DWIDTH 14 0
BBX 14 30 0 -7
BITMAP
3364
66CC
CC98
9934
3264
64CC
C998
9B34
3664
6CC8
D990
B324
666C
4CD8
99B0
3364
66CC
CD98
9934
3264
64CC
C998
9B34
3664
6CC8
D990
B324
666C
4CD8
99B0
ENDCHAR
STARTCHAR 2594
ENCODING 9620
SWIDTH 583 0
DWIDTH 14 0
BBX 14 4 0 19
BITMAP
FFFC
FFFC
FFFC
FFFC
ENDCHAR
STARTCHAR 2595
ENCODING 9621
SWIDTH 583 0
DWIDTH 14 0
BBX 2 30 13 -7
BITMAP
C0
C0
C0
C0
C0
C0
C0
C0
C0
C0
C0
C0
C0
C0
C0
C0
C0
C0
C0
C0
C0
C0
C0
C0
C0
C0
C0
C0
C0
C0
ENDCHAR
STARTCHAR 2596
ENCODING 9622
SWIDTH 583 0
DWIDTH 14 0
BBX 7 15 0 -7
BITMAP
FE
FE
FE
FE
FE
FE
FE
FE
FE
FE
FE
FE
FE
FE
FE
ENDCHAR
STARTCHAR 2597
ENCODING 9623
SWIDTH 583 0
DWIDTH 14 0
BBX 7 15 7 -7
BITMAP
FE
FE
FE
FE
FE
FE
FE
FE
FE
FE
FE
FE
FE
FE
FE
ENDCHAR
STARTCHAR 2598
ENCODING 9624
SWIDTH 583 0
DWIDTH 14 0
BBX 7 15 0 8
BITMAP
FE
FE
FE
FE
FE
FE
FE
FE
FE
FE
FE
FE
FE
FE
FE
ENDCHAR
STARTCHAR 2599
ENCODING 9625
SWIDTH 583 0
DWIDTH 14 0
BBX 14 30 0 -7
BITMAP
FE00
FE00
FE00
FE00
FE00
FE00
FE00
FE00
FE00
FE00
FE00
FE00
FE00
FE00
FE00
FFFC
FFFC
FFFC
FFFC
FFFC
FFFC
FFFC
FFFC
FFFC
FFFC
FFFC
FFFC
FFFC
FFFC
FFFC
ENDCHAR
STARTCHAR 259A
ENCODING 9626
SWIDTH 583 0
DWIDTH 14 0
BBX 14 30 0 -7
BITMAP
FE00
FE00
FE00
FE00
FE00
FE00
FE00
FE00
FE00
FE00
FE00
FE00
FE00
FE00
FE00
01FC
01FC
01FC
01FC
01FC
01FC
01FC
01FC
01FC
01FC
01FC
01FC
01FC
01FC
01FC
ENDCHAR
STARTCHAR 259B
ENCODING 9627
SWIDTH 583 0
DWIDTH 14 0
BBX 14 30 0 -7
BITMAP
FFFC
FFFC
FFFC
FFFC
FFFC
FFFC
FFFC
FFFC
FFFC
FFFC
FFFC
FFFC
FFFC
FFFC
FFFC
FE00
FE00
FE00
FE00
FE00
FE00
FE00
FE00
FE00
FE00
FE00
FE00
FE00
FE00
FE00
ENDCHAR
STARTCHAR 259C
ENCODING 9628
SWIDTH 583 0
DWIDTH 14 0
BBX 14 30 0 -7
BITMAP
FFFC
FFFC
FFFC
FFFC
FFFC
FFFC
FFFC
FFFC
FFFC
FFFC
FFFC
FFFC
FFFC
FFFC
FFFC
01FC
01FC
01FC
01FC
01FC
01FC
01FC
01FC
01FC
01FC
01FC
01FC
01FC
01FC
01FC
ENDCHAR
STARTCHAR 259D
ENCODING 9629
SWIDTH 583 0
DWIDTH 14 0
BBX 7 15 7 8
BITMAP
FE
FE
FE
FE
FE
FE
FE
FE
FE
FE
FE
FE
FE
FE
FE
ENDCHAR
STARTCHAR 259E
ENCODING 9630
SWIDTH 583 0
DWIDTH 14 0
BBX 14 30 0 -7
BITMAP
01FC
01FC
01FC
01FC
01FC
01FC
01FC
01FC
01FC
01FC
01FC
01FC
01FC
01FC
01FC
FE00
FE00
FE00
FE00
FE00
FE00
FE00
FE00
FE00
FE00
FE00
FE00
FE00
FE00
FE00
ENDCHAR
STARTCHAR 259F
ENCODING 9631
SWIDTH 583 0
DWIDTH 14 0
BBX 14 30 0 -7
BITMAP
01FC
01FC
01FC
01FC
01FC
01FC
01FC
01FC
01FC
01FC
01FC
01FC
01FC
01FC
01FC
FFFC
FFFC
FFFC
FFFC
FFFC
FFFC
FFFC
FFFC
FFFC
FFFC
FFFC
FFFC
FFFC
FFFC
FFFC
ENDCHAR
STARTCHAR 25A0
ENCODING 9632
SWIDTH 583 0
DWIDTH 14 0
BBX 12 12 1 2
BITMAP
FFF0
FFF0
FFF0
FFF0
FFF0
FFF0
FFF0
FFF0
FFF0
FFF0
FFF0
FFF0
ENDCHAR
STARTCHAR 25A1
ENCODING 9633
SWIDTH 583 0
DWIDTH 14 0
BBX 12 12 1 2
BITMAP
FFF0
FFF0
C030
C030
C030
C030
C030
C030
C030
C030
FFF0
FFF0
ENDCHAR
STARTCHAR 25A2
ENCODING 9634
SWIDTH 583 0
DWIDTH 14 0
BBX 12 12 1 2
BITMAP
3FC0
7FE0
C030
C030
C030
C030
C030
C030
C030
E070
7FE0
3FC0
ENDCHAR
STARTCHAR 25A3
ENCODING 9635
SWIDTH 583 0
DWIDTH 14 0
BBX 12 12 1 2
BITMAP
FFF0
FFF0
C030
C030
CF30
CF30
CF30
CF30
C030
C030
FFF0
FFF0
ENDCHAR
STARTCHAR 25A4
ENCODING 9636
SWIDTH 583 0
DWIDTH 14 0
BBX 12 12 1 2
BITMAP
FFF0
FFF0
C030
FFF0
C030
FFF0
C030
C030
FFF0
C030
FFF0
FFF0
ENDCHAR
STARTCHAR 25A5
ENCODING 9637
SWIDTH 583 0
DWIDTH 14 0
BBX 12 12 1 2
BITMAP
FFF0
FFF0
D2B0
D2B0
D2B0
D2B0
D2B0
D2B0
D2B0
D2B0
FFF0
FFF0
ENDCHAR
STARTCHAR 25A6
ENCODING 9638
SWIDTH 583 0
DWIDTH 14 0
BBX 12 12 1 2
BITMAP
FFF0
FFF0
D2B0
FFF0
D2B0
FFF0
D2B0
D2B0
FFF0
D2B0
FFF0
FFF0
ENDCHAR
STARTCHAR 25A7
ENCODING 9639
SWIDTH 583 0
DWIDTH 14 0
BBX 12 12 1 2
BITMAP
FFF0
FFF0
E4B0
D270
C930
E4B0
D270
C930
E4B0
D270
FFF0
FFF0
ENDCHAR
STARTCHAR 25A8
ENCODING 9640
SWIDTH 583 0
DWIDTH 14 0
BBX 12 12 1 2
BITMAP
FFF0
FFF0
D270
E4B0
C930
D270
E4B0
C930
D270
E4B0
FFF0
FFF0
ENDCHAR
STARTCHAR 25A9
ENCODING 9641
SWIDTH 583 0
DWIDTH 14 0
BBX 12 12 1 2
BITMAP
FFF0
FFF0
F6F0
F6F0
C930
F6F0
F6F0
C930
F6F0
F6F0
FFF0
FFF0
ENDCHAR
STARTCHAR 25AA
ENCODING 9642
SWIDTH 583 0
DWIDTH 14 0
BBX 7 7 4 5
BITMAP
FE
FE
FE
FE
FE
FE
FE
ENDCHAR
STARTCHAR 25AB
ENCODING 9643
SWIDTH 583 0
DWIDTH 14 0
BBX 6 6 4 5
BITMAP
FC
84
84
84
84
FC
ENDCHAR
STARTCHAR 25AC
ENCODING 9644
SWIDTH 583 0
DWIDTH 14 0
BBX 12 8 1 4
BITMAP
FFF0
FFF0
FFF0
FFF0
FFF0
FFF0
FFF0
FFF0
ENDCHAR
STARTCHAR 25AD
ENCODING 9645
SWIDTH 583 0
DWIDTH 14 0
BBX 12 8 1 4
BITMAP
FFF0
FFF0
C030
C030
C030
C030
FFF0
FFF0
ENDCHAR
STARTCHAR 25AE
ENCODING 9646
SWIDTH 583 0
DWIDTH 14 0
BBX 8 12 3 2
BITMAP
FF
FF
FF
FF
FF
FF
FF
FF
FF
FF
FF
FF
ENDCHAR
STARTCHAR 25AF
ENCODING 9647
SWIDTH 583 0
DWIDTH 14 0
BBX 8 12 3 2
BITMAP
FF
FF
C3
C3
C3
C3
C3
C3
C3
C3
FF
FF
ENDCHAR
STARTCHAR 25B0
ENCODING 9648
SWIDTH 583 0
DWIDTH 14 0
BBX 14 8 0 4
BITMAP
1FFC
3FFC
3FFC
7FF8
7FF8
7FF8
FFF0
FFF0
ENDCHAR
STARTCHAR 25B1
ENCODING 9649
SWIDTH 583 0
DWIDTH 14 0
BBX 14 8 0 4
BITMAP
1FFC
3FFC
300C
6018
6018
6018
FFF0
FFF0
ENDCHAR
STARTCHAR 25B2
ENCODING 9650
SWIDTH 583 0
DWIDTH 14 0
BBX 14 12 0 2
BITMAP
0100
0300
0380
0780
0FC0
0FE0
1FE0
1FF0
3FF0
7FF8
7FFC
FFFC
ENDCHAR
STARTCHAR 25B3
ENCODING 9651
SWIDTH 583 0
DWIDTH 14 0
BBX 14 12 0 2
BITMAP
0100
0300
0380
0780
0CC0
0C60
1860
1830
3010
6018
7FFC
FFFC
ENDCHAR
STARTCHAR 25B4
ENCODING 9652
SWIDTH 583 0
DWIDTH 14 0
BBX 7 6 4 6
BITMAP
10
30
78
7C
FC
FE
ENDCHAR
STARTCHAR 25B5
ENCODING 9653
SWIDTH 583 0
DWIDTH 14 0
BBX 8 6 3 5
BITMAP
08
18
3C
26
62
FF
ENDCHAR
STARTCHAR 25B6
ENCODING 9654
SWIDTH 583 0
DWIDTH 14 0
BBX 12 14 1 1
BITMAP
C000
E000
F800
FE00
FF00
FFC0
FFF0
FFE0
FF80
FF00
FC00
F000
E000
8000
ENDCHAR
STARTCHAR 25B7
ENCODING 9655
SWIDTH 583 0
DWIDTH 14 0
BBX 12 14 1 1
BITMAP
C000
E000
F800
DE00
C700
C1C0
C0F0
C0E0
C380
C700
DC00
F000
E000
8000
ENDCHAR
STARTCHAR 25B8
ENCODING 9656
SWIDTH 583 0
DWIDTH 14 0
BBX 6 8 4 4
BITMAP
80
E0
F0
FC
F8
F0
C0
80
ENDCHAR
STARTCHAR 25B9
ENCODING 9657
SWIDTH 583 0
DWIDTH 14 0
BBX 6 8 4 4
BITMAP
80
E0
B0
9C
98
F0
C0
80
ENDCHAR
STARTCHAR 25BA
ENCODING 9658
SWIDTH 583 0
DWIDTH 14 0
BBX 11 10 1 3
BITMAP
8000
F000
FC00
FF80
FFE0
FFC0
FF00
FC00
E000
8000
ENDCHAR
STARTCHAR 25BB
ENCODING 9659
SWIDTH 583 0
DWIDTH 14 0
BBX 12 9 1 3
BITMAP
8000
F000
FC00
CF80
C1E0
C3F0
CF00
F800
E000
ENDCHAR
STARTCHAR 25BC
ENCODING 9660
SWIDTH 583 0
DWIDTH 14 0
BBX 14 11 0 2
BITMAP
FFFC
7FF8
3FF8
3FF0
1FF0
1FE0
0FC0
07C0
0780
0380
0300
ENDCHAR
STARTCHAR 25BD
ENCODING 9661
SWIDTH 583 0
DWIDTH 14 0
BBX 14 11 0 2
BITMAP
FFFC
7FF8
2018
3030
1830
1860
0C40
04C0
0780
0380
0300
ENDCHAR
STARTCHAR 25BE
ENCODING 9662
SWIDTH 583 0
DWIDTH 14 0
BBX 8 7 3 5
BITMAP
FF
7F
7E
3C
1C
18
08
ENDCHAR
STARTCHAR 25BF
ENCODING 9663
SWIDTH 583 0
DWIDTH 14 0
BBX 7 6 4 4
BITMAP
FE
C4
4C
78
30
10
ENDCHAR
STARTCHAR 25C0
ENCODING 9664
SWIDTH 583 0
DWIDTH 14 0
BBX 11 14 2 1
BITMAP
0020
00E0
03E0
07E0
1FE0
7FE0
FFE0
FFE0
3FE0
0FE0
07E0
01E0
0060
0020
ENDCHAR
STARTCHAR 25C1
ENCODING 9665
SWIDTH 583 0
DWIDTH 14 0
BBX 12 14 1 1
BITMAP
0010
0070
01F0
03B0
0E30
3830
7030
F030
1C30
0F30
03B0
00F0
0070
0010
ENDCHAR
STARTCHAR 25C2
ENCODING 9666
SWIDTH 583 0
DWIDTH 14 0
BBX 7 8 4 4
BITMAP
06
0E
3E
FE
7E
1E
0E
02
ENDCHAR
STARTCHAR 25C3
ENCODING 9667
SWIDTH 583 0
DWIDTH 14 0
BBX 6 8 4 4
BITMAP
04
1C
34
E4
64
3C
0C
04
ENDCHAR
STARTCHAR 25C4
ENCODING 9668
SWIDTH 583 0
DWIDTH 14 0
BBX 11 9 2 3
BITMAP
0020
00E0
07E0
1FE0
FFE0
7FE0
1FE0
03E0
00E0
ENDCHAR
STARTCHAR 25C5
ENCODING 9669
SWIDTH 583 0
DWIDTH 14 0
BBX 11 9 2 3
BITMAP
0020
01E0
07E0
3E60
F060
7860
1F60
03E0
00E0
ENDCHAR
STARTCHAR 25C6
ENCODING 9670
SWIDTH 583 0
DWIDTH 14 0
BBX 11 11 2 2
BITMAP
0400
0E00
1F00
3F80
7FC0
FFE0
FFC0
7F80
3F00
1E00
0C00
ENDCHAR
STARTCHAR 25C7
ENCODING 9671
SWIDTH 583 0
DWIDTH 14 0
BBX 11 11 2 2
BITMAP
0400
0E00
1300
2180
40C0
8060
C040
6080
3100
1A00
0C00
ENDCHAR
STARTCHAR 25C8
ENCODING 9672
SWIDTH 583 0
DWIDTH 14 0
BBX 11 11 2 2
BITMAP
0400
0E00
1300
2180
4CC0
9E60
CE40
6480
3100
1A00
0C00
ENDCHAR
STARTCHAR 25C9
ENCODING 9673
SWIDTH 583 0
DWIDTH 14 0
BBX 12 12 1 2
BITMAP
0F00
3FC0
70E0
6060
C630
CF30
CF30
C630
6060
70E0
3FC0
0F00
ENDCHAR
STARTCHAR 25CA
ENCODING 9674
SWIDTH 583 0
DWIDTH 14 0
BBX 8 11 3 2
BITMAP
08
18
3C
36
66
C3
63
66
3C
1C
18
ENDCHAR
STARTCHAR 25CB
ENCODING 9675
SWIDTH 583 0
DWIDTH 14 0
BBX 12 12 1 2
BITMAP
0F00
3FC0
70E0
6060
C030
C030
C030
C030
6060
70E0
3FC0
0F00
ENDCHAR
STARTCHAR 25CC
ENCODING 9676
SWIDTH 583 0
DWIDTH 14 0
BBX 14 14 0 1
BITMAP
0300
1B60
0840
6018
6018
0000
C00C
C00C
0000
6018
6018
1860
1B60
0300
ENDCHAR
STARTCHAR 25CD
ENCODING 9677
SWIDTH 583 0
DWIDTH 14 0
BBX 12 12 1 2
BITMAP
0F00
3FC0
72E0
72E0
D2B0
D2B0
D2B0
D2B0
72E0
72E0
3FC0
0F00
ENDCHAR
STARTCHAR 25CE
ENCODING 9678
SWIDTH 583 0
DWIDTH 14 0
BBX 12 12 1 2
BITMAP
0F00
3FC0
70E0
6060
C630
CF30
CF30
C630
6060
70E0
3FC0
0F00
ENDCHAR
STARTCHAR 25CF
ENCODING 9679
SWIDTH 583 0
DWIDTH 14 0
BBX 12 12 1 2
BITMAP
0F00
3FC0
7FE0
7FE0
FFF0
FFF0
FFF0
FFF0
7FE0
7FE0
3FC0
0F00
ENDCHAR
STARTCHAR 25D0
ENCODING 9680
SWIDTH 583 0
DWIDTH 14 0
BBX 12 12 1 2
BITMAP
0F00
3FC0
7CE0
7C60
FC30
FC30
FC30
FC30
7C60
7CE0
3FC0
0F00
ENDCHAR
STARTCHAR 25D1
ENCODING 9681
SWIDTH 583 0
DWIDTH 14 0
BBX 12 12 1 2
BITMAP
0F00
3FC0
73E0
63E0
C3F0
C3F0
C3F0
C3F0
63E0
73E0
3FC0
0F00
ENDCHAR
STARTCHAR 25D2
ENCODING 9682
SWIDTH 583 0
DWIDTH 14 0
BBX 12 12 1 2
BITMAP
0F00
3FC0
70E0
6060
C030
C030
FFF0
FFF0
7FE0
7FE0
3FC0
0F00
ENDCHAR
STARTCHAR 25D3
ENCODING 9683
SWIDTH 583 0
DWIDTH 14 0
BBX 12 12 1 2
BITMAP
0F00
3FC0
7FE0
7FE0
FFF0
FFF0
C030
C030
6060
70E0
3FC0
0F00
ENDCHAR
STARTCHAR 25D4
ENCODING 9684
SWIDTH 583 0
DWIDTH 14 0
BBX 12 12 1 2
BITMAP
0F00
3FC0
73E0
63E0
C3F0
C3F0
C030
C030
6060
70E0
3FC0
0F00
ENDCHAR
STARTCHAR 25D5
ENCODING 9685
SWIDTH 583 0
DWIDTH 14 0
BBX 12 12 1 2
BITMAP
0F00
3FC0
73E0
63E0
C3F0
C3F0
FFF0
FFF0
7FE0
7FE0
3FC0
0F00
ENDCHAR
STARTCHAR 25D6
ENCODING 9686
SWIDTH 583 0
DWIDTH 14 0
BBX 6 12 1 2
BITMAP
0C
3C
7C
7C
FC
FC
FC
FC
7C
7C
3C
0C
ENDCHAR
STARTCHAR 25D7
ENCODING 9687
SWIDTH 583 0
DWIDTH 14 0
BBX 6 12 7 2
BITMAP
E0
F0
F8
FC
FC
FC
FC
FC
F8
F8
F0
C0
ENDCHAR
STARTCHAR 25D8
ENCODING 9688
SWIDTH 583 0
DWIDTH 14 0
BBX 14 30 0 -7
BITMAP
FFFC
FFFC
FFFC
FFFC
FFFC
FFFC
FFFC
FFFC
FFFC
F87C
E01C
C00C
C00C
8004
8004
8004
8004
C00C
C00C
E01C
F87C
FFFC
FFFC
FFFC
FFFC
FFFC
FFFC
FFFC
FFFC
FFFC
ENDCHAR
STARTCHAR 25D9
ENCODING 9689
SWIDTH 583 0
DWIDTH 14 0
BBX 14 30 0 -7
BITMAP
FFFC
FFFC
FFFC
FFFC
FFFC
FFFC
FFFC
FFFC
FFFC
F87C
E01C
C78C
CFCC
9FE4
9FE4
9FE4
9FE4
CFCC
C78C
E01C
F87C
FFFC
FFFC
FFFC
FFFC
FFFC
FFFC
FFFC
FFFC
FFFC
ENDCHAR
STARTCHAR 25DA
ENCODING 9690
SWIDTH 583 0
DWIDTH 14 0
BBX 14 15 0 8
BITMAP
FFFC
FFFC
FFFC
FFFC
FFFC
FFFC
FFFC
FFFC
FFFC
F87C
E01C
C78C
CFCC
9FE4
9FE4
ENDCHAR
STARTCHAR 25DB
ENCODING 9691
SWIDTH 583 0
DWIDTH 14 0
BBX 14 15 0 -7
BITMAP
9FE4
9FE4
CFCC
C78C
E01C
F87C
FFFC
FFFC
FFFC
FFFC
FFFC
FFFC
FFFC
FFFC
FFFC
ENDCHAR
STARTCHAR 25DC
ENCODING 9692
SWIDTH 583 0
DWIDTH 14 0
BBX 6 6 1 8
BITMAP
0C
3C
70
60
C0
C0
ENDCHAR
STARTCHAR 25DD
ENCODING 9693
SWIDTH 583 0
DWIDTH 14 0
BBX 6 6 7 8
BITMAP
C0
F0
38
18
0C
0C
ENDCHAR
STARTCHAR 25DE
ENCODING 9694
SWIDTH 583 0
DWIDTH 14 0
BBX 6 6 7 2
BITMAP
0C
0C
18
38
F0
C0
ENDCHAR
STARTCHAR 25DF
ENCODING 9695
SWIDTH 583 0
DWIDTH 14 0
BBX 6 6 1 2
BITMAP
C0
C0
60
70
3C
0C
ENDCHAR
STARTCHAR 25E0
ENCODING 9696
SWIDTH 583 0
DWIDTH 14 0
BBX 12 6 1 8
BITMAP
0F00
3FC0
70E0
6060
C030
C030
ENDCHAR
STARTCHAR 25E1
ENCODING 9697
SWIDTH 583 0
DWIDTH 14 0
BBX 12 6 1 2
BITMAP
C030
C030
6060
70E0
3FC0
0F00
ENDCHAR
STARTCHAR 25E2
ENCODING 9698
SWIDTH 583 0
DWIDTH 14 0
BBX 11 12 2 2
BITMAP
0020
0020
0060
00E0
01E0
03E0
07E0
0FE0
1FE0
3FE0
7FE0
FFE0
ENDCHAR
STARTCHAR 25E3
ENCODING 9699
SWIDTH 583 0
DWIDTH 14 0
BBX 12 12 1 2
BITMAP
8000
C000
E000
F000
F800
FC00
FE00
FF00
FF80
FFC0
FFE0
FFF0
ENDCHAR
STARTCHAR 25E4
ENCODING 9700
SWIDTH 583 0
DWIDTH 14 0
BBX 12 12 1 2
BITMAP
FFF0
FFE0
FFC0
FF80
FF00
FE00
FC00
F800
F000
E000
C000
8000
ENDCHAR
STARTCHAR 25E5
ENCODING 9701
SWIDTH 583 0
DWIDTH 14 0
BBX 11 11 2 2
BITMAP
FFE0
7FE0
3FE0
1FE0
0FE0
07E0
03E0
01E0
00E0
0060
0020
ENDCHAR
STARTCHAR 25E6
ENCODING 9702
SWIDTH 583 0
DWIDTH 14 0
BBX 9 9 3 4
BITMAP
1800
7E00
E300
C100
C180
C180
C300
7F00
3E00
ENDCHAR
STARTCHAR 25E7
ENCODING 9703
SWIDTH 583 0
DWIDTH 14 0
BBX 12 12 1 2
BITMAP
FFF0
FFF0
FC30
FC30
FC30
FC30
FC30
FC30
FC30
FC30
FFF0
FFF0
ENDCHAR
STARTCHAR 25E8
ENCODING 9704
SWIDTH 583 0
DWIDTH 14 0
BBX 12 12 1 2
BITMAP
FFF0
FFF0
C3F0
C3F0
C3F0
C3F0
C3F0
C3F0
C3F0
C3F0
FFF0
FFF0
ENDCHAR
STARTCHAR 25E9
ENCODING 9705
SWIDTH 583 0
DWIDTH 14 0
BBX 12 12 1 2
BITMAP
FFF0
FFF0
FFF0
FFB0
FF30
FE30
FC30
F830
F030
E030
FFF0
FFF0
ENDCHAR
STARTCHAR 25EA
ENCODING 9706
SWIDTH 583 0
DWIDTH 14 0
BBX 12 12 1 2
BITMAP
FFF0
FFF0
C070
C0F0
C1F0
C3F0
C7F0
CFF0
DFF0
FFF0
FFF0
FFF0
ENDCHAR
STARTCHAR 25EB
ENCODING 9707
SWIDTH 583 0
DWIDTH 14 0
BBX 12 12 1 2
BITMAP
FFF0
FFF0
C630
C630
C630
C630
C630
C630
C630
C630
FFF0
FFF0
ENDCHAR
STARTCHAR 25EC
ENCODING 9708
SWIDTH 583 0
DWIDTH 14 0
BBX 14 12 0 2
BITMAP
0100
0300
0380
0780
0CC0
0C60
1BE0
1FB0
3390
6118
7FFC
FFFC
ENDCHAR
STARTCHAR 25ED
ENCODING 9709
SWIDTH 583 0
DWIDTH 14 0
BBX 14 12 0 2
BITMAP
0100
0300
0380
0780
0EC0
0E60
1E60
1E30
3E10
7E18
7FFC
FFFC
ENDCHAR
STARTCHAR 25EE
ENCODING 9710
SWIDTH 583 0
DWIDTH 14 0
BBX 14 12 0 2
BITMAP
0100
0300
0380
0780
0DC0
0DE0
19E0
19F0
31F0
61F8
7FFC
FFFC
ENDCHAR
STARTCHAR 25EF
ENCODING 9711
SWIDTH 583 0
DWIDTH 14 0
BBX 18 18 -2 -1
BITMAP
03F000
0FFC00
1C0E00
380700
700380
600180
C000C0
C000C0
C000C0
C000C0
C000C0
C00080
600180
700380
380700
1C0E00
0FFC00
03F000
ENDCHAR
STARTCHAR 25F0
ENCODING 9712
SWIDTH 583 0
DWIDTH 14 0
BBX 12 12 1 2
BITMAP
FFF0
FFF0
C630
C630
C630
FE30
FE30
C030
C030
C030
FFF0
FFF0
ENDCHAR
STARTCHAR 25F1
ENCODING 9713
SWIDTH 583 0
DWIDTH 14 0
BBX 12 12 1 2
BITMAP
FFF0
FFF0
C030
C030
C030
FE30
FE30
C630
C630
C630
FFF0
FFF0
ENDCHAR
STARTCHAR 25F2
ENCODING 9714
SWIDTH 583 0
DWIDTH 14 0
BBX 12 12 1 2
BITMAP
FFF0
FFF0
C030
C030
C030
C7F0
C7F0
C630
C630
C630
FFF0
FFF0
ENDCHAR
STARTCHAR 25F3
ENCODING 9715
SWIDTH 583 0
DWIDTH 14 0
BBX 12 12 1 2
BITMAP
FFF0
FFF0
C630
C630
C630
C7F0
C7F0
C030
C030
C030
FFF0
FFF0
ENDCHAR
STARTCHAR 25F4
ENCODING 9716
SWIDTH 583 0
DWIDTH 14 0
BBX 12 12 1 2
BITMAP
0F00
3FC0
76E0
6660
C630
FE30
FE30
C030
6060
70E0
3FC0
0F00
ENDCHAR
STARTCHAR 25F5
ENCODING 9717
SWIDTH 583 0
DWIDTH 14 0
BBX 12 12 1 2
BITMAP
0F00
3FC0
70E0
6060
C030
FE30
FE30
C630
6660
76E0
3FC0
0F00
ENDCHAR
STARTCHAR 25F6
ENCODING 9718
SWIDTH 583 0
DWIDTH 14 0
BBX 12 12 1 2
BITMAP
0F00
3FC0
70E0
6060
C030
C7F0
C7F0
C630
6660
76E0
3FC0
0F00
ENDCHAR
STARTCHAR 25F7
ENCODING 9719
SWIDTH 583 0
DWIDTH 14 0
BBX 12 12 1 2
BITMAP
0F00
3FC0
76E0
6660
C630
C7F0
C7F0
C030
6060
70E0
3FC0
0F00
ENDCHAR
STARTCHAR 25F8
ENCODING 9720
SWIDTH 583 0
DWIDTH 14 0
BBX 11 11 1 2
BITMAP
FFE0
FFC0
C180
C300
C600
CC00
D800
F000
E000
C000
8000
ENDCHAR
STARTCHAR 25F9
ENCODING 9721
SWIDTH 583 0
DWIDTH 14 0
BBX 11 11 2 2
BITMAP
FFE0
7FE0
3060
1860
0C60
0660
0360
01E0
00E0
0060
0020
ENDCHAR
STARTCHAR 25FA
ENCODING 9722
SWIDTH 583 0
DWIDTH 14 0
BBX 12 12 1 2
BITMAP
8000
C000
E000
F000
F800
DC00
CE00
C700
C380
C1C0
FFE0
FFF0
ENDCHAR
STARTCHAR 25FB
ENCODING 9723
SWIDTH 583 0
DWIDTH 14 0
BBX 9 10 2 3
BITMAP
FF80
FF80
C180
C180
C180
C180
C180
C180
FF80
FF80
ENDCHAR
STARTCHAR 25FC
ENCODING 9724
SWIDTH 583 0
DWIDTH 14 0
BBX 9 9 3 4
BITMAP
FF80
FF80
FF80
FF80
FF80
FF80
FF80
FF80
FF80
ENDCHAR
STARTCHAR 25FD
ENCODING 9725
SWIDTH 583 0
DWIDTH 14 0
BBX 8 8 3 4
BITMAP
FF
FF
C3
C3
C3
C3
FF
FF
ENDCHAR
STARTCHAR 25FE
ENCODING 9726
SWIDTH 583 0
DWIDTH 14 0
BBX 8 8 3 4
BITMAP
FF
FF
FF
FF
FF
FF
FF
FF
ENDCHAR
STARTCHAR 25FF
ENCODING 9727
SWIDTH 583 0
DWIDTH 14 0
BBX 11 11 2 3
BITMAP
0020
0060
00E0
01E0
0360
0660
0C60
1860
3060
7FE0
FFE0
ENDCHAR
STARTCHAR 2600
ENCODING 9728
SWIDTH 583 0
DWIDTH 14 0
BBX 12 12 1 2
BITMAP
0200
2200
3240
1700
0F80
EFF0
0F80
0F00
10C0
2260
0200
0200
ENDCHAR
STARTCHAR 2605
ENCODING 9733
SWIDTH 583 0
DWIDTH 14 0
BBX 11 11 2 4
BITMAP
0400
0C00
0C00
0E00
FFE0
7F80
1F00
1F00
3F00
3100
4080
ENDCHAR
STARTCHAR 2606
ENCODING 9734
SWIDTH 583 0
DWIDTH 14 0
BBX 11 11 2 4
BITMAP
0400
0400
0C00
0E00
FBE0
6180
1300
1D00
3F00
3100
4080
ENDCHAR
STARTCHAR 2607
ENCODING 9735
SWIDTH 583 0
DWIDTH 14 0
BBX 13 22 1 -3
BITMAP
0010
0078
00F0
01E0
03C0
0700
0E00
3C00
7800
F000
E000
E000
7000
7800
1C30
0F30
07B0
03F0
01F0
0070
07F0
0600
ENDCHAR
STARTCHAR 2609
ENCODING 9737
SWIDTH 583 0
DWIDTH 14 0
BBX 12 12 1 2
BITMAP
0F00
3FC0
70E0
6060
C230
C730
C630
C030
6060
70E0
3FC0
0F00
ENDCHAR
STARTCHAR 2610
ENCODING 9744
SWIDTH 583 0
DWIDTH 14 0
BBX 12 12 1 2
BITMAP
FFF0
FFF0
C030
C030
C030
C030
C030
C030
C030
C030
FFF0
FFF0
ENDCHAR
STARTCHAR 2611
ENCODING 9745
SWIDTH 583 0
DWIDTH 14 0
BBX 12 12 1 2
BITMAP
FFF0
FFF0
C030
C1B0
C330
C330
DE30
CE30
C430
C030
FFF0
FFF0
ENDCHAR
STARTCHAR 2612
ENCODING 9746
SWIDTH 583 0
DWIDTH 14 0
BBX 12 12 1 2
BITMAP
FFF0
FFF0
D0B0
F9F0
DFB0
CF30
CF30
DFB0
F9F0
D0B0
FFF0
FFF0
ENDCHAR
STARTCHAR 2613
ENCODING 9747
SWIDTH 583 0
DWIDTH 14 0
BBX 10 9 2 4
BITMAP
4000
60C0
3180
1B00
0E00
0E00
1B00
7180
E0C0
ENDCHAR
STARTCHAR 261C
ENCODING 9756
SWIDTH 583 0
DWIDTH 14 0
BBX 13 6 1 5
BITMAP
FFF8
FC28
1728
1FA8
0FE8
0FF8
ENDCHAR
STARTCHAR 261D
ENCODING 9757
SWIDTH 583 0
DWIDTH 14 0
BBX 9 19 3 -1
BITMAP
0300
0380
0280
0280
0280
0680
1E80
EA80
AF80
AD80
AC80
A480
BC80
B080
A080
A100
7F00
C100
FF80
ENDCHAR
STARTCHAR 261E
ENCODING 9758
SWIDTH 583 0
DWIDTH 14 0
BBX 13 6 1 5
BITMAP
FFF8
E1F8
E7C0
EF80
FF80
FF80
ENDCHAR
STARTCHAR 261F
ENCODING 9759
SWIDTH 583 0
DWIDTH 14 0
BBX 9 19 3 -1
BITMAP
FF80
C100
7F00
A100
A180
A180
B180
AD80
A580
AD80
AD80
EF80
7F80
0F80
0380
0380
0380
0380
0300
ENDCHAR
STARTCHAR 2621
ENCODING 9761
SWIDTH 583 0
DWIDTH 14 0
BBX 10 18 2 0
BITMAP
C000
FF80
FFC0
01C0
01C0
0380
0780
0700
0E00
1C00
3C00
3800
7000
F000
E000
FF80
7FC0
1FC0
ENDCHAR
STARTCHAR 2626
ENCODING 9766
SWIDTH 583 0
DWIDTH 14 0
BBX 12 18 1 -1
BITMAP
0600
0600
1FC0
1FC0
0600
FFF0
FFF0
0600
0600
0600
0600
0600
1E00
0FC0
06C0
0600
0600
0600
ENDCHAR
STARTCHAR 2628
ENCODING 9768
SWIDTH 583 0
DWIDTH 14 0
BBX 12 18 1 -1
BITMAP
0600
0600
1FC0
1FC0
0600
FFF0
FFF0
0600
0600
0600
0600
0600
0600
0600
0600
0600
0600
0600
ENDCHAR
STARTCHAR 2630
ENCODING 9776
SWIDTH 583 0
DWIDTH 14 0
BBX 10 10 2 3
BITMAP
FFC0
FFC0
0000
0000
FFC0
FFC0
0000
0000
FFC0
FFC0
ENDCHAR
STARTCHAR 2631
ENCODING 9777
SWIDTH 583 0
DWIDTH 14 0
BBX 10 10 2 3
BITMAP
F3C0
F3C0
0000
0000
FFC0
FFC0
0000
0000
FFC0
FFC0
ENDCHAR
STARTCHAR 2632
ENCODING 9778
SWIDTH 583 0
DWIDTH 14 0
BBX 10 10 2 3
BITMAP
FFC0
FFC0
0000
0000
F3C0
F3C0
0000
0000
FFC0
FFC0
ENDCHAR
STARTCHAR 2633
ENCODING 9779
SWIDTH 583 0
DWIDTH 14 0
BBX 10 10 2 3
BITMAP
F3C0
F3C0
0000
0000
F3C0
F3C0
0000
0000
FFC0
FFC0
ENDCHAR
STARTCHAR 2634
ENCODING 9780
SWIDTH 583 0
DWIDTH 14 0
BBX 10 10 2 3
BITMAP
FFC0
FFC0
0000
0000
FFC0
FFC0
0000
0000
F3C0
F3C0
ENDCHAR
STARTCHAR 2635
ENCODING 9781
SWIDTH 583 0
DWIDTH 14 0
BBX 10 10 2 3
BITMAP
F3C0
F3C0
0000
0000
FFC0
FFC0
0000
0000
F3C0
F3C0
ENDCHAR
STARTCHAR 2636
ENCODING 9782
SWIDTH 583 0
DWIDTH 14 0
BBX 10 10 2 3
BITMAP
FFC0
FFC0
0000
0000
F3C0
F3C0
0000
0000
F3C0
F3C0
ENDCHAR
STARTCHAR 2637
ENCODING 9783
SWIDTH 583 0
DWIDTH 14 0
BBX 10 10 2 3
BITMAP
F3C0
F3C0
0000
0000
F3C0
F3C0
0000
0000
F3C0
F3C0
ENDCHAR
STARTCHAR 2639
ENCODING 9785
SWIDTH 583 0
DWIDTH 14 0
BBX 11 18 2 -1
BITMAP
0E00
3F80
61C0
C0C0
C060
C060
DB60
DB60
C060
C060
DF60
D260
C060
C060
C0C0
61C0
3F80
0C00
ENDCHAR
STARTCHAR 263A
ENCODING 9786
SWIDTH 583 0
DWIDTH 14 0
BBX 11 18 2 -1
BITMAP
0E00
3F80
61C0
C0C0
C060
C060
DB60
DB60
C060
C060
D260
DF60
C060
C060
C0C0
61C0
3F80
0C00
ENDCHAR
STARTCHAR 263B
ENCODING 9787
SWIDTH 583 0
DWIDTH 14 0
BBX 11 17 2 0
BITMAP
1F00
7F80
7FC0
FFC0
FFE0
EFE0
E4E0
EDE0
FFE0
FFE0
E0E0
E1E0
FFE0
FFE0
FFC0
7FC0
3F80
ENDCHAR
STARTCHAR 263C
ENCODING 9788
SWIDTH 583 0
DWIDTH 14 0
BBX 12 12 1 2
BITMAP
0200
2200
3240
1700
0D80
E8F0
0980
0F00
10C0
2260
0200
0200
ENDCHAR
STARTCHAR 263F
ENCODING 9791
SWIDTH 583 0
DWIDTH 14 0
BBX 11 26 2 -5
BITMAP
E0E0
E0C0
F1C0
7F80
7F80
71C0
E0C0
E0E0
E0E0
E0E0
E0C0
73C0
7F80
1F00
0E00
0E00
0E00
0E00
FFC0
FFC0
0E00
0E00
0E00
0E00
0E00
0E00
ENDCHAR
STARTCHAR 2640
ENCODING 9792
SWIDTH 583 0
DWIDTH 14 0
BBX 11 22 2 -3
BITMAP
3F00
7FC0
F1C0
E0C0
E0E0
E0E0
E0C0
71C0
7F80
1F00
0E00
0E00
0E00
0E00
FFC0
FFC0
0E00
0E00
0E00
0E00
0E00
0E00
ENDCHAR
STARTCHAR 2641
ENCODING 9793
SWIDTH 583 0
DWIDTH 14 0
BBX 11 22 2 -3
BITMAP
0E00
0E00
0E00
0E00
0E00
0E00
FFC0
FFC0
0E00
0E00
0E00
0E00
3F00
7FC0
F1C0
E0C0
E0E0
E0E0
E0C0
F1C0
7F80
3F00
ENDCHAR
STARTCHAR 2642
ENCODING 9794
SWIDTH 583 0
DWIDTH 14 0
BBX 13 23 1 -3
BITMAP
0020
00E0
01F0
03F0
02F8
00D8
00C0
01C0
0180
0180
0380
0300
0300
3F00
7FC0
F1C0
E0C0
E0E0
E0E0
E0C0
F1C0
7F80
3F00
ENDCHAR
STARTCHAR 2660
ENCODING 9824
SWIDTH 583 0
DWIDTH 14 0
BBX 13 17 1 0
BITMAP
0200
0700
0F80
1FC0
3FC0
3FE0
7FF0
7FF0
FFF8
FFF8
FFF8
7FF0
3EE0
0600
0600
0F80
0F80
ENDCHAR
STARTCHAR 2661
ENCODING 9825
SWIDTH 583 0
DWIDTH 14 0
BBX 13 16 1 0
BITMAP
78E0
7DF0
C518
C618
C218
C218
C010
6030
6030
3060
30E0
18C0
0D80
0F80
0700
0200
ENDCHAR
STARTCHAR 2662
ENCODING 9826
SWIDTH 583 0
DWIDTH 14 0
BBX 12 16 1 1
BITMAP
0600
0700
0F80
1D80
38C0
30E0
6070
E030
E030
7060
30E0
19C0
1D80
0F00
0700
0200
ENDCHAR
STARTCHAR 2663
ENCODING 9827
SWIDTH 583 0
DWIDTH 14 0
BBX 12 16 1 0
BITMAP
0F00
1F80
1F80
1F80
1F80
7FE0
FFF0
FFF0
FFF0
FFF0
7FE0
0600
0600
0600
1F80
1F80
ENDCHAR
STARTCHAR 2664
ENCODING 9828
SWIDTH 583 0
DWIDTH 14 0
BBX 13 17 1 0
BITMAP
0200
0700
0F80
1DC0
38C0
3060
6030
6030
C018
C018
C218
FFF0
7EE0
0600
0600
0F80
0F80
ENDCHAR
STARTCHAR 2665
ENCODING 9829
SWIDTH 583 0
DWIDTH 14 0
BBX 12 16 1 0
BITMAP
79E0
FFF0
FFF0
FFF0
FFF0
FFF0
FFF0
FFF0
7FE0
7FE0
3FC0
1F80
1F80
0F00
0600
0600
ENDCHAR
STARTCHAR 2666
ENCODING 9830
SWIDTH 583 0
DWIDTH 14 0
BBX 12 16 1 1
BITMAP
0600
0700
0F80
1F80
3FC0
3FE0
7FF0
FFF0
FFF0
7FE0
3FE0
1FC0
1F80
0F00
0700
0200
ENDCHAR
STARTCHAR 2667
ENCODING 9831
SWIDTH 583 0
DWIDTH 14 0
BBX 14 17 0 0
BITMAP
0780
0FC0
1860
1860
1860
3870
7878
C00C
C00C
C30C
E31C
7FF8
3FF0
0300
0300
0FC0
0FC0
ENDCHAR
STARTCHAR 2669
ENCODING 9833
SWIDTH 583 0
DWIDTH 14 0
BBX 6 23 3 -4
BITMAP
0C
0C
0C
0C
0C
0C
0C
0C
0C
0C
0C
0C
0C
0C
0C
0C
0C
3C
FC
FC
FC
F8
60
ENDCHAR
STARTCHAR 266A
ENCODING 9834
SWIDTH 583 0
DWIDTH 14 0
BBX 12 23 0 -4
BITMAP
0600
0600
0600
0700
0700
0780
06C0
06C0
0660
0620
0630
0630
0630
0630
0660
06E0
0600
1E00
7E00
7E00
FE00
7C00
3000
ENDCHAR
STARTCHAR 266B
ENCODING 9835
SWIDTH 583 0
DWIDTH 14 0
BBX 14 23 0 -4
BITMAP
001C
00FC
07FC
0FFC
0FEC
0F0C
0C0C
0C0C
0C0C
0C0C
0C0C
0C0C
0C0C
0C0C
0C0C
0CFC
0DFC
3DFC
FDF8
FCF0
FC00
F800
6000
ENDCHAR
STARTCHAR 266C
ENCODING 9836
SWIDTH 583 0
DWIDTH 14 0
BBX 14 23 0 -4
BITMAP
001C
00FC
07FC
0FFC
0FEC
0F0C
0C3C
0DFC
0FFC
0FFC
0FCC
0E0C
0C0C
0C0C
0C0C
0CFC
0DFC
3DFC
FDF8
FCF0
FC00
F800
6000
ENDCHAR
STARTCHAR 266D
ENCODING 9837
SWIDTH 583 0
DWIDTH 14 0
BBX 9 22 3 -3
BITMAP
C000
C000
C000
C000
C000
C000
C000
C000
FE00
FF00
E380
C180
C180
C180
C180
C380
C700
CE00
DC00
F800
E000
C000
ENDCHAR
STARTCHAR 266E
ENCODING 9838
SWIDTH 583 0
DWIDTH 14 0
BBX 8 22 3 -3
BITMAP
C0
C0
C0
C0
C0
CF
FF
F3
C3
C3
C3
C3
C3
C3
FF
FF
E3
03
03
03
03
03
ENDCHAR
STARTCHAR 266F
ENCODING 9839
SWIDTH 583 0
DWIDTH 14 0
BBX 10 24 2 -4
BITMAP
0180
0180
6180
6180
6180
61C0
6FC0
FFC0
FD80
E180
6180
6180
6180
6180
61C0
6FC0
FFC0
FD80
E180
6180
6180
6180
6000
6000
ENDCHAR
STARTCHAR 267E
ENCODING 9854
SWIDTH 583 0
DWIDTH 14 0
BBX 12 20 1 -2
BITMAP
1F80
3FC0
6060
E070
C030
C030
C030
C030
DFB0
D6B0
D6B0
DFB0
C030
C030
C030
C030
E030
6060
3FC0
1F80
ENDCHAR
STARTCHAR 2680
ENCODING 9856
SWIDTH 583 0
DWIDTH 14 0
BBX 12 12 1 2
BITMAP
FFF0
FFF0
C030
C030
C030
C630
C630
C030
C030
C030
FFF0
FFF0
ENDCHAR
STARTCHAR 2681
ENCODING 9857
SWIDTH 583 0
DWIDTH 14 0
BBX 12 12 1 2
BITMAP
FFF0
C030
D030
D030
C030
C030
C030
C1B0
C1B0
C030
FFF0
FFF0
ENDCHAR
STARTCHAR 2682
ENCODING 9858
SWIDTH 583 0
DWIDTH 14 0
BBX 12 12 1 2
BITMAP
FFF0
FFF0
C030
D830
C030
C630
C630
C0B0
C0B0
C030
FFF0
FFF0
ENDCHAR
STARTCHAR 2683
ENCODING 9859
SWIDTH 583 0
DWIDTH 14 0
BBX 12 12 1 2
BITMAP
FFF0
C030
D1B0
D1B0
C030
C030
C030
D1B0
D1B0
C030
FFF0
FFF0
ENDCHAR
STARTCHAR 2684
ENCODING 9860
SWIDTH 583 0
DWIDTH 14 0
BBX 12 12 1 2
BITMAP
FFF0
FFF0
C030
D8B0
C030
C630
C630
D0B0
D8B0
C030
FFF0
FFF0
ENDCHAR
STARTCHAR 2685
ENCODING 9861
SWIDTH 583 0
DWIDTH 14 0
BBX 12 12 1 2
BITMAP
FFF0
FFF0
C030
D1B0
C030
D1B0
D1B0
D030
D1B0
C030
FFF0
FFF0
ENDCHAR
STARTCHAR 2686
ENCODING 9862
SWIDTH 583 0
DWIDTH 14 0
BBX 12 12 1 2
BITMAP
0F00
3FC0
70E0
6060
C130
C3B0
C3B0
C030
6060
70E0
3FC0
0F00
ENDCHAR
STARTCHAR 2687
ENCODING 9863
SWIDTH 583 0
DWIDTH 14 0
BBX 12 12 1 2
BITMAP
0F00
3FC0
70E0
6060
C9B0
DFB0
D9B0
C030
6060
70E0
3FC0
0F00
ENDCHAR
STARTCHAR 2688
ENCODING 9864
SWIDTH 583 0
DWIDTH 14 0
BBX 12 12 1 2
BITMAP
0F00
3FC0
7FE0
7FE0
FFF0
FC70
FC70
FFF0
7FE0
7FE0
3FC0
0F00
ENDCHAR
STARTCHAR 2689
ENCODING 9865
SWIDTH 583 0
DWIDTH 14 0
BBX 12 12 1 2
BITMAP
0F00
3FC0
7FE0
7FE0
FFF0
E470
E470
FFF0
7FE0
7FE0
3FC0
0F00
ENDCHAR
STARTCHAR 268A
ENCODING 9866
SWIDTH 583 0
DWIDTH 14 0
BBX 10 2 2 7
BITMAP
FFC0
FFC0
ENDCHAR
STARTCHAR 268B
ENCODING 9867
SWIDTH 583 0
DWIDTH 14 0
BBX 10 2 2 7
BITMAP
F3C0
F3C0
ENDCHAR
STARTCHAR 268C
ENCODING 9868
SWIDTH 583 0
DWIDTH 14 0
BBX 10 8 2 4
BITMAP
FFC0
FFC0
0000
0000
0000
0000
FFC0
FFC0
ENDCHAR
STARTCHAR 268D
ENCODING 9869
SWIDTH 583 0
DWIDTH 14 0
BBX 10 8 2 4
BITMAP
F3C0
F3C0
0000
0000
0000
0000
FFC0
FFC0
ENDCHAR
STARTCHAR 268E
ENCODING 9870
SWIDTH 583 0
DWIDTH 14 0
BBX 10 8 2 4
BITMAP
FFC0
FFC0
0000
0000
0000
0000
F3C0
F3C0
ENDCHAR
STARTCHAR 268F
ENCODING 9871
SWIDTH 583 0
DWIDTH 14 0
BBX 10 8 2 4
BITMAP
F3C0
F3C0
0000
0000
0000
0000
F3C0
F3C0
ENDCHAR
STARTCHAR 2690
ENCODING 9872
SWIDTH 583 0
DWIDTH 14 0
BBX 12 23 1 -3
BITMAP
F000
FF00
C3F0
C070
C030
C030
C030
C030
C030
C030
C030
FE30
FFF0
C1F0
C000
C000
C000
C000
C000
C000
C000
C000
C000
ENDCHAR
STARTCHAR 2691
ENCODING 9873
SWIDTH 583 0
DWIDTH 14 0
BBX 12 23 1 -3
BITMAP
F000
FF00
FFF0
FFF0
FFF0
FFF0
FFF0
FFF0
FFF0
FFF0
FFF0
FFF0
C1F0
C000
C000
C000
C000
C000
C000
C000
C000
C000
C000
ENDCHAR
STARTCHAR 2699
ENCODING 9881
SWIDTH 583 0
DWIDTH 14 0
BBX 12 12 1 2
BITMAP
0400
0400
3FC0
30C0
2440
EE70
2440
2040
30C0
3F40
0400
0400
ENDCHAR
STARTCHAR 269B
ENCODING 9883
SWIDTH 583 0
DWIDTH 14 0
BBX 12 14 1 1
BITMAP
0600
0900
78E0
97D0
99D0
B050
7660
7670
9890
9790
7DE0
0900
0900
0600
ENDCHAR
STARTCHAR 26A0
ENCODING 9888
SWIDTH 583 0
DWIDTH 14 0
BBX 11 18 2 0
BITMAP
0400
0C00
0C00
0E00
1E00
1E00
1300
1300
3300
3300
3380
7380
7F80
7FC0
F3C0
F3C0
FFE0
FFE0
ENDCHAR
STARTCHAR 26A1
ENCODING 9889
SWIDTH 583 0
DWIDTH 14 0
BBX 9 20 3 -2
BITMAP
0800
1000
1000
1000
3000
3000
2000
6000
6000
FF80
FF00
0700
0600
0600
0400
0400
0800
0800
0800
1000
ENDCHAR
STARTCHAR 26AA
ENCODING 9898
SWIDTH 583 0
DWIDTH 14 0
BBX 9 10 2 3
BITMAP
1C00
7F00
6300
C180
C180
C180
C180
6300
7F00
1C00
ENDCHAR
STARTCHAR 26AB
ENCODING 9899
SWIDTH 583 0
DWIDTH 14 0
BBX 9 9 3 4
BITMAP
3C00
7F00
FF00
FF80
FF80
FF80
FF80
7F00
3E00
ENDCHAR
STARTCHAR 26AC
ENCODING 9900
SWIDTH 583 0
DWIDTH 14 0
BBX 8 8 3 4
BITMAP
3C
7E
C3
C3
C3
C3
7E
3C
ENDCHAR
STARTCHAR 26AD
ENCODING 9901
SWIDTH 583 0
DWIDTH 14 0
BBX 7 5 4 6
BITMAP
7C
FE
AA
AA
7E
ENDCHAR
STARTCHAR 26AE
ENCODING 9902
SWIDTH 583 0
DWIDTH 14 0
BBX 12 8 1 4
BITMAP
0600
36E0
FFF0
8F10
8F10
FFF0
36C0
0600
ENDCHAR
STARTCHAR 26AF
ENCODING 9903
SWIDTH 583 0
DWIDTH 14 0
BBX 12 5 1 6
BITMAP
70E0
D9B0
8F10
8990
70E0
ENDCHAR
STARTCHAR 26B2
ENCODING 9906
SWIDTH 583 0
DWIDTH 14 0
BBX 11 22 2 -3
BITMAP
3F00
7FC0
F1C0
E0C0
E0E0
E0E0
E0C0
71C0
7F80
1F00
0E00
0E00
0E00
0E00
0E00
0E00
0E00
0E00
0E00
0E00
0E00
0E00
ENDCHAR
STARTCHAR 26CB
ENCODING 9931
SWIDTH 583 0
DWIDTH 14 0
BBX 12 12 1 2
BITMAP
FFF0
FFF0
C9B0
D0F0
E070
C030
C030
E070
D0B0
C930
FFF0
FFF0
ENDCHAR
STARTCHAR 26DA
ENCODING 9946
SWIDTH 583 0
DWIDTH 14 0
BBX 12 12 1 2
BITMAP
E070
E070
C030
0000
0000
0000
0000
0000
0000
C030
E070
E070
ENDCHAR
STARTCHAR 26DD
ENCODING 9949
SWIDTH 583 0
DWIDTH 14 0
BBX 12 12 1 2
BITMAP
FFF0
FFF0
F0F0
F9F0
DFB0
CF30
CF30
DFB0
F9F0
F0F0
FFF0
FFF0
ENDCHAR
STARTCHAR 26DE
ENCODING 9950
SWIDTH 583 0
DWIDTH 14 0
BBX 12 12 1 2
BITMAP
F9F0
E010
F010
B810
9C10
8E00
8700
8390
81D0
C0F0
E070
FFF0
ENDCHAR
STARTCHAR 26ED
ENCODING 9965
SWIDTH 583 0
DWIDTH 14 0
BBX 12 12 1 2
BITMAP
0400
0400
3FC0
30C0
2040
E070
2040
2040
30C0
3F40
0400
0400
ENDCHAR
STARTCHAR 26EE
ENCODING 9966
SWIDTH 583 0
DWIDTH 14 0
BBX 12 12 1 2
BITMAP
0400
0400
3FC0
30D0
2050
E070
A040
A040
30C0
7F60
0400
0400
ENDCHAR
STARTCHAR 26EF
ENCODING 9967
SWIDTH 583 0
DWIDTH 14 0
BBX 12 12 1 2
BITMAP
0400
0400
3FC0
30C0
2440
EE70
2440
2040
30C0
3F40
0400
0400
ENDCHAR
STARTCHAR 26F6
ENCODING 9974
SWIDTH 583 0
DWIDTH 14 0
BBX 12 12 1 2
BITMAP
F0F0
F0F0
C030
C030
0000
0000
0000
0000
C030
C030
F0F0
F0F0
ENDCHAR
STARTCHAR 2705
ENCODING 9989
SWIDTH 583 0
DWIDTH 14 0
BBX 12 12 1 2
BITMAP
FFF0
FFF0
FFB0
FF10
FE30
CC70
CCF0
E0F0
E1F0
F1F0
FFF0
FFF0
ENDCHAR
STARTCHAR 2713
ENCODING 10003
SWIDTH 583 0
DWIDTH 14 0
BBX 13 15 1 0
BITMAP
0018
0010
0020
0060
0040
0080
0080
8100
4100
6200
3200
1600
1C00
0C00
0C00
ENDCHAR
STARTCHAR 2714
ENCODING 10004
SWIDTH 583 0
DWIDTH 14 0
BBX 14 16 0 0
BITMAP
0008
001C
001C
0038
0078
0070
00F0
60E0
F1C0
79C0
3B80
3F80
1F80
1F00
0F00
0F00
ENDCHAR
STARTCHAR 2715
ENCODING 10005
SWIDTH 583 0
DWIDTH 14 0
BBX 13 18 1 -1
BITMAP
8018
C010
4030
2060
3040
1880
0980
0F00
0600
0600
0D00
0980
10C0
3040
6020
4030
8010
8000
ENDCHAR
STARTCHAR 2716
ENCODING 10006
SWIDTH 583 0
DWIDTH 14 0
BBX 15 18 0 -1
BITMAP
601C
F01C
703C
7878
3CF0
1EE0
0FE0
0FC0
0780
07C0
0FC0
1FE0
1CF0
3C70
7878
703C
F01E
6008
ENDCHAR
STARTCHAR 2717
ENCODING 10007
SWIDTH 583 0
DWIDTH 14 0
BBX 14 18 0 -1
BITMAP
0004
4008
6010
3030
1060
08C0
0D80
0700
0200
0500
0D80
08C0
1060
3030
2010
6008
C000
8000
ENDCHAR
STARTCHAR 2718
ENCODING 10008
SWIDTH 583 0
DWIDTH 14 0
BBX 16 18 -1 0
BITMAP
1006
700F
781E
3C3C
1C78
1EF0
0FE0
07C0
03C0
07C0
0FE0
1EF0
1C78
3C3C
381E
701E
F00C
6000
ENDCHAR
STARTCHAR 271A
ENCODING 10010
SWIDTH 583 0
DWIDTH 14 0
BBX 12 12 1 2
BITMAP
0700
0700
0700
0700
0700
FFF0
FFF0
0700
0700
0700
0700
0700
ENDCHAR
STARTCHAR 271B
ENCODING 10011
SWIDTH 583 0
DWIDTH 14 0
BBX 12 12 1 2
BITMAP
0600
0600
0600
0600
0600
F9F0
F9F0
0600
0600
0600
0600
0600
ENDCHAR
STARTCHAR 271C
ENCODING 10012
SWIDTH 583 0
DWIDTH 14 0
BBX 12 12 1 2
BITMAP
0600
0600
0600
0600
0600
F9F0
F9F0
0600
0600
0600
0600
0600
ENDCHAR
STARTCHAR 271D
ENCODING 10013
SWIDTH 583 0
DWIDTH 14 0
BBX 12 18 1 -1
BITMAP
0600
0600
0600
0600
0600
FFF0
FFF0
0600
0600
0600
0600
0600
0600
0600
0600
0600
0600
0600
ENDCHAR
STARTCHAR 2720
ENCODING 10016
SWIDTH 583 0
DWIDTH 14 0
BBX 12 12 1 2
BITMAP
3FE0
8F10
8610
C610
E630
FFF0
E670
C630
8610
8710
0F80
3FE0
ENDCHAR
STARTCHAR 2721
ENCODING 10017
SWIDTH 583 0
DWIDTH 14 0
BBX 14 14 0 1
BITMAP
0300
0380
0780
FFFC
7FF8
3878
3830
3830
7878
7FFC
FFFC
0780
0380
0300
ENDCHAR
STARTCHAR 2722
ENCODING 10018
SWIDTH 583 0
DWIDTH 14 0
BBX 12 12 1 2
BITMAP
0600
0600
0600
0600
0600
FFF0
FFF0
0600
0600
0600
0600
0600
ENDCHAR
STARTCHAR 2723
ENCODING 10019
SWIDTH 583 0
DWIDTH 14 0
BBX 12 12 1 2
BITMAP
0600
0700
0600
0200
6220
FFF0
FFF0
0200
0200
0700
0700
0600
ENDCHAR
STARTCHAR 2724
ENCODING 10020
SWIDTH 583 0
DWIDTH 14 0
BBX 12 12 1 2
BITMAP
0700
0F00
0F00
0700
76F0
FFF0
FFF0
7660
0F00
0F00
0F00
0600
ENDCHAR
STARTCHAR 2725
ENCODING 10021
SWIDTH 583 0
DWIDTH 14 0
BBX 12 12 1 2
BITMAP
0600
0600
0F00
0200
3240
FFF0
F270
3240
0700
0F00
0600
0600
ENDCHAR
STARTCHAR 2726
ENCODING 10022
SWIDTH 583 0
DWIDTH 14 0
BBX 12 12 1 3
BITMAP
0200
0600
0F00
0F80
3FC0
7FF0
FFE0
1FC0
0F80
0700
0600
0200
ENDCHAR
STARTCHAR 2727
ENCODING 10023
SWIDTH 583 0
DWIDTH 14 0
BBX 12 12 1 3
BITMAP
0200
0600
0F00
0F80
3DC0
70F0
F8E0
1DC0
0F80
0700
0600
0200
ENDCHAR
STARTCHAR 2731
ENCODING 10033
SWIDTH 583 0
DWIDTH 14 0
BBX 11 12 2 2
BITMAP
0E00
0E00
4E40
FFE0
FFE0
3F80
3F80
FFE0
FFE0
4E40
0E00
0E00
ENDCHAR
STARTCHAR 2732
ENCODING 10034
SWIDTH 583 0
DWIDTH 14 0
BBX 11 12 2 2
BITMAP
0400
0400
0400
E4E0
3780
1A00
1B00
75C0
C460
0400
0400
0400
ENDCHAR
STARTCHAR 2733
ENCODING 10035
SWIDTH 583 0
DWIDTH 14 0
BBX 12 12 1 2
BITMAP
0600
2640
3660
1E80
0F00
FFF0
C770
0F80
16C0
6660
2600
0600
ENDCHAR
STARTCHAR 2734
ENCODING 10036
SWIDTH 583 0
DWIDTH 14 0
BBX 12 12 1 2
BITMAP
0400
0220
2240
1A80
0F00
3FC0
C730
0B80
1280
2240
0400
0400
ENDCHAR
STARTCHAR 2736
ENCODING 10038
SWIDTH 583 0
DWIDTH 14 0
BBX 10 11 2 2
BITMAP
0800
0400
0C00
EDC0
7F80
3F00
3F00
7F80
CC40
0C00
0400
ENDCHAR
STARTCHAR 2737
ENCODING 10039
SWIDTH 583 0
DWIDTH 14 0
BBX 10 11 2 2
BITMAP
0100
1200
1A00
1E00
FFC0
3F00
3F80
FFC0
1E00
1200
1200
ENDCHAR
STARTCHAR 2738
ENCODING 10040
SWIDTH 583 0
DWIDTH 14 0
BBX 11 11 2 3
BITMAP
0100
1300
1F00
FEE0
7FC0
3F80
7F80
FFC0
1F00
1B00
1100
ENDCHAR
STARTCHAR 2739
ENCODING 10041
SWIDTH 583 0
DWIDTH 14 0
BBX 10 10 2 3
BITMAP
2500
1F00
7EC0
3F80
FFC0
3F80
7F80
9F40
1500
2400
ENDCHAR
STARTCHAR 273A
ENCODING 10042
SWIDTH 583 0
DWIDTH 14 0
BBX 12 12 1 2
BITMAP
0E00
2F80
3F40
5FA0
7FE0
FFF0
1F90
7FF0
1FC0
2F60
1F80
0E00
ENDCHAR
STARTCHAR 273B
ENCODING 10043
SWIDTH 583 0
DWIDTH 14 0
BBX 11 12 2 2
BITMAP
0C00
0E00
4C40
E4E0
7FC0
1E00
1F00
F5C0
E4E0
0C00
0E00
0400
ENDCHAR
STARTCHAR 273C
ENCODING 10044
SWIDTH 583 0
DWIDTH 14 0
BBX 11 12 2 2
BITMAP
0600
0E00
4440
E4E0
7FC0
0B00
1B00
75C0
E4E0
4440
0E00
0600
ENDCHAR
STARTCHAR 273D
ENCODING 10045
SWIDTH 583 0
DWIDTH 14 0
BBX 11 12 2 2
BITMAP
0C00
0E00
4C40
E4E0
FDC0
1E00
1F00
F5E0
E4E0
4E40
0E00
0C00
ENDCHAR
STARTCHAR 273E
ENCODING 10046
SWIDTH 583 0
DWIDTH 14 0
BBX 11 12 2 2
BITMAP
0E00
1200
F3C0
F3E0
FFE0
3F80
CC40
9E20
9F20
7EC0
1E00
0400
ENDCHAR
STARTCHAR 273F
ENCODING 10047
SWIDTH 583 0
DWIDTH 14 0
BBX 11 11 2 3
BITMAP
0E00
1E00
1E00
F3C0
E1E0
E0E0
E0C0
2080
73C0
7FC0
7B80
ENDCHAR
STARTCHAR 2740
ENCODING 10048
SWIDTH 583 0
DWIDTH 14 0
BBX 12 11 1 3
BITMAP
0E00
1100
7160
9F90
9F10
9F10
7FE0
2F40
4420
4A20
39C0
ENDCHAR
STARTCHAR 2741
ENCODING 10049
SWIDTH 583 0
DWIDTH 14 0
BBX 12 12 1 2
BITMAP
0700
3BE0
5F60
2FA0
79F0
B8F0
98D0
6FE0
5760
2BA0
1940
0600
ENDCHAR
STARTCHAR 2742
ENCODING 10050
SWIDTH 583 0
DWIDTH 14 0
BBX 11 11 2 3
BITMAP
1B00
7BC0
5B40
CE60
FBE0
1100
F1E0
EEE0
DB40
3BC0
1B80
ENDCHAR
STARTCHAR 2743
ENCODING 10051
SWIDTH 583 0
DWIDTH 14 0
BBX 11 12 2 2
BITMAP
0C00
0E00
4C40
E5A0
DDC0
3E00
1F00
F5E0
A4E0
4A40
0A00
0C00
ENDCHAR
STARTCHAR 2744
ENCODING 10052
SWIDTH 583 0
DWIDTH 14 0
BBX 11 12 2 2
BITMAP
0400
1F00
AE80
E4E0
75C0
8E00
DF60
75C0
E4E0
2E80
1500
0400
ENDCHAR
STARTCHAR 2745
ENCODING 10053
SWIDTH 583 0
DWIDTH 14 0
BBX 10 12 2 2
BITMAP
0400
0400
1E00
DEC0
3700
6F80
7FC0
3780
DEC0
1600
0400
0400
ENDCHAR
STARTCHAR 2746
ENCODING 10054
SWIDTH 583 0
DWIDTH 14 0
BBX 10 12 2 2
BITMAP
0400
1E00
7F80
E5C0
F5C0
DEC0
DEC0
E5C0
E5C0
7F80
1E00
0400
ENDCHAR
STARTCHAR 2747
ENCODING 10055
SWIDTH 583 0
DWIDTH 14 0
BBX 12 12 1 2
BITMAP
0600
2600
3640
1280
0200
F7F0
6670
0000
12C0
2660
0600
0200
ENDCHAR
STARTCHAR 2748
ENCODING 10056
SWIDTH 583 0
DWIDTH 14 0
BBX 11 11 2 3
BITMAP
0E00
6EC0
75C0
2080
CE60
EEE0
CE60
2080
75C0
6EC0
0E00
ENDCHAR
STARTCHAR 2749
ENCODING 10057
SWIDTH 583 0
DWIDTH 14 0
BBX 11 12 2 2
BITMAP
0E00
0E00
4E40
E4E0
F5E0
1F00
1F00
F5E0
E4E0
4E40
0E00
0C00
ENDCHAR
STARTCHAR 274A
ENCODING 10058
SWIDTH 583 0
DWIDTH 14 0
BBX 12 12 1 2
BITMAP
0600
2640
36E0
3EC0
0F80
FFF0
FFF0
1F80
3EC0
36E0
0600
0600
ENDCHAR
STARTCHAR 274B
ENCODING 10059
SWIDTH 583 0
DWIDTH 14 0
BBX 12 12 1 2
BITMAP
0600
3640
76E0
3FC0
1F80
FFF0
FFF0
1F80
3FE0
36E0
0640
0600
ENDCHAR
STARTCHAR 274C
ENCODING 10060
SWIDTH 583 0
DWIDTH 14 0
BBX 15 14 0 1
BITMAP
6018
F03E
787C
3CF8
1FF0
0FE0
07C0
0FC0
1FE0
3EF0
7C78
F83C
F01C
6008
ENDCHAR
STARTCHAR 274E
ENCODING 10062
SWIDTH 583 0
DWIDTH 14 0
BBX 12 12 1 2
BITMAP
FFF0
DFB0
8F10
C630
E070
F0F0
F0F0
E070
C630
CF10
FFF0
FFF0
ENDCHAR
STARTCHAR 2756
ENCODING 10070
SWIDTH 583 0
DWIDTH 14 0
BBX 11 11 2 2
BITMAP
0400
0E00
1F00
0E00
64C0
F1E0
F1C0
6480
0E00
1E00
0C00
ENDCHAR
STARTCHAR 2758
ENCODING 10072
SWIDTH 583 0
DWIDTH 14 0
BBX 1 12 7 2
BITMAP
80
80
80
80
80
80
80
80
80
80
80
80
ENDCHAR
STARTCHAR 2759
ENCODING 10073
SWIDTH 583 0
DWIDTH 14 0
BBX 2 12 6 2
BITMAP
C0
C0
C0
C0
C0
C0
C0
C0
C0
C0
C0
C0
ENDCHAR
STARTCHAR 275A
ENCODING 10074
SWIDTH 583 0
DWIDTH 14 0
BBX 3 12 6 2
BITMAP
E0
E0
E0
E0
E0
E0
E0
E0
E0
E0
E0
E0
ENDCHAR
STARTCHAR 2761
ENCODING 10081
SWIDTH 583 0
DWIDTH 14 0
BBX 11 18 2 0
BITMAP
0FE0
7FE0
7CC0
FCC0
FCC0
FCC0
FCC0
FCC0
7FC0
3FC0
00C0
00C0
00C0
00C0
C0C0
C180
7F80
3E00
ENDCHAR
STARTCHAR 2764
ENCODING 10084
SWIDTH 583 0
DWIDTH 14 0
BBX 12 11 1 2
BITMAP
70C0
FFF0
FFF0
FFF0
FFF0
7FE0
7FE0
3FC0
1F80
0F00
0600
ENDCHAR
STARTCHAR 276C
ENCODING 10092
SWIDTH 583 0
DWIDTH 14 0
BBX 8 17 3 0
BITMAP
03
07
0E
0C
18
38
70
60
C0
E0
70
30
18
1C
0E
06
03
ENDCHAR
STARTCHAR 276D
ENCODING 10093
SWIDTH 583 0
DWIDTH 14 0
BBX 9 17 3 0
BITMAP
E000
6000
3000
3800
1C00
0C00
0600
0700
0380
0300
0600
0E00
1C00
1800
3000
7000
E000
ENDCHAR
STARTCHAR 276E
ENCODING 10094
SWIDTH 583 0
DWIDTH 14 0
BBX 9 17 3 0
BITMAP
0F80
0F00
1E00
3E00
3C00
7C00
7800
F800
F000
F000
7800
7C00
3C00
3E00
1E00
1F00
0F00
ENDCHAR
STARTCHAR 276F
ENCODING 10095
SWIDTH 583 0
DWIDTH 14 0
BBX 9 17 3 0
BITMAP
F000
F800
7800
3C00
3C00
1E00
1F00
0F00
0F80
0F00
1F00
1E00
3E00
3C00
7C00
7800
F000
ENDCHAR
STARTCHAR 2770
ENCODING 10096
SWIDTH 583 0
DWIDTH 14 0
BBX 9 17 3 0
BITMAP
1F80
1F00
3F00
3E00
7E00
7C00
FC00
FC00
F800
F800
FC00
7C00
7E00
3E00
3F00
1F00
1F80
ENDCHAR
STARTCHAR 2771
ENCODING 10097
SWIDTH 583 0
DWIDTH 14 0
BBX 9 17 3 0
BITMAP
F800
FC00
7C00
7E00
3E00
3E00
3F00
1F00
1F80
1F80
1F00
3F00
3E00
7E00
7C00
FC00
F800
ENDCHAR
STARTCHAR 2776
ENCODING 10102
SWIDTH 583 0
DWIDTH 14 0
BBX 12 20 1 -2
BITMAP
1F80
3FC0
7FE0
FFF0
FFF0
F9F0
F1F0
E9F0
F9F0
F9F0
F9F0
F9F0
F9F0
E070
E070
FFF0
FFF0
7FE0
3FC0
1F80
ENDCHAR
STARTCHAR 2777
ENCODING 10103
SWIDTH 583 0
DWIDTH 14 0
BBX 12 20 1 -2
BITMAP
1F80
3FC0
7FE0
FFF0
FFF0
F0F0
E670
FE70
FE70
FCF0
F8F0
F1F0
F270
E070
E070
FFF0
FFF0
7FE0
3FC0
1F80
ENDCHAR
STARTCHAR 2778
ENCODING 10104
SWIDTH 583 0
DWIDTH 14 0
BBX 12 20 1 -2
BITMAP
1F80
3FC0
7FE0
FFF0
FFF0
E070
FEF0
FDF0
FBF0
F8F0
FE70
FE70
E670
E070
F0F0
FFF0
FFE0
7FE0
3FC0
1F80
ENDCHAR
STARTCHAR 2779
ENCODING 10105
SWIDTH 583 0
DWIDTH 14 0
BBX 12 20 1 -2
BITMAP
1F80
3FC0
7FE0
FFF0
FFF0
FCF0
FDF0
F9F0
FBF0
F2F0
E6F0
E070
FEF0
FC70
FC70
FFF0
FFF0
7FE0
3FC0
1F80
ENDCHAR
STARTCHAR 277A
ENCODING 10106
SWIDTH 583 0
DWIDTH 14 0
BBX 12 20 1 -2
BITMAP
1F80
3FC0
7FE0
FFF0
FFF0
E070
E070
E7F0
E7F0
E0F0
FE70
FE70
E670
E070
F0F0
FFF0
FFF0
7FE0
3FC0
1F80
ENDCHAR
STARTCHAR 277B
ENCODING 10107
SWIDTH 583 0
DWIDTH 14 0
BBX 12 20 1 -2
BITMAP
1F80
3FC0
7FE0
FFF0
FFF0
F0F0
E670
EE70
EFF0
E8F0
E670
EE70
E670
E070
F0F0
FFF0
FFF0
7FE0
3FC0
1F80
ENDCHAR
STARTCHAR 277C
ENCODING 10108
SWIDTH 583 0
DWIDTH 14 0
BBX 12 20 1 -2
BITMAP
1F80
3FC0
7FE0
FFF0
FFF0
E070
E070
FE70
FEF0
FCF0
FCF0
FDF0
F9F0
F9F0
F3F0
FFF0
FFF0
7FE0
3FC0
1F80
ENDCHAR
STARTCHAR 277D
ENCODING 10109
SWIDTH 583 0
DWIDTH 14 0
BBX 12 20 1 -2
BITMAP
1F80
3FC0
7FE0
FFF0
FFF0
F0F0
E670
E670
F0F0
F1F0
E4F0
E670
E670
E070
F0F0
FFF0
FFF0
7FE0
3FC0
1F80
ENDCHAR
STARTCHAR 277E
ENCODING 10110
SWIDTH 583 0
DWIDTH 14 0
BBX 12 20 1 -2
BITMAP
1F80
3FC0
7FE0
FFF0
FFF0
F0F0
E670
EE70
E670
E070
F070
FE70
E670
E070
F0F0
FFF0
FFF0
7FE0
3FC0
1F80
ENDCHAR
STARTCHAR 277F
ENCODING 10111
SWIDTH 583 0
DWIDTH 14 0
BBX 12 20 1 -2
BITMAP
3FC0
7FE0
7FE0
FFF0
FFF0
EE70
CCB0
CCB0
ECB0
EC30
EC30
ECB0
ECB0
C430
C670
FFF0
FFF0
7FE0
3FC0
1F80
ENDCHAR
STARTCHAR 2780
ENCODING 10112
SWIDTH 583 0
DWIDTH 14 0
BBX 12 20 1 -2
BITMAP
1F80
3FC0
6060
E070
C030
C630
CE30
C630
C630
C630
C630
C630
C630
C630
C630
C030
E030
6060
3FC0
1F80
ENDCHAR
STARTCHAR 2781
ENCODING 10113
SWIDTH 583 0
DWIDTH 14 0
BBX 12 20 1 -2
BITMAP
1F80
3FC0
6060
E070
C030
CF30
D9B0
C1B0
C1B0
C3B0
C330
C630
CC30
D830
DFB0
C030
E030
6060
3FC0
1F80
ENDCHAR
STARTCHAR 2782
ENCODING 10114
SWIDTH 583 0
DWIDTH 14 0
BBX 12 20 1 -2
BITMAP
1F80
3FC0
6060
E070
C030
DFB0
C130
C230
C430
C730
C1B0
C1B0
D9B0
DFB0
CF30
C030
E030
6060
3FC0
1F80
ENDCHAR
STARTCHAR 2783
ENCODING 10115
SWIDTH 583 0
DWIDTH 14 0
BBX 12 20 1 -2
BITMAP
1F80
3FC0
6060
E070
C030
C330
C230
C630
C430
CC30
C930
D930
DFB0
C130
C130
C030
E030
6060
3FC0
1F80
ENDCHAR
STARTCHAR 2784
ENCODING 10116
SWIDTH 583 0
DWIDTH 14 0
BBX 12 20 1 -2
BITMAP
1F80
3FC0
6060
E070
C030
DF30
D830
D830
D830
DF30
C1B0
C1B0
C1B0
DBB0
CF30
C030
E030
6060
3FC0
1F80
ENDCHAR
STARTCHAR 2785
ENCODING 10117
SWIDTH 583 0
DWIDTH 14 0
BBX 12 20 1 -2
BITMAP
1F80
3FC0
6060
E070
C030
CF30
D9B0
D9B0
D830
DF30
D9B0
D9B0
D9B0
DFB0
CF30
C030
E030
6060
3FC0
1F80
ENDCHAR
STARTCHAR 2786
ENCODING 10118
SWIDTH 583 0
DWIDTH 14 0
BBX 12 20 1 -2
BITMAP
1F80
3FC0
6060
E070
C030
DFB0
C1B0
C1B0
C330
C330
C330
C630
C630
C630
CC30
C030
E030
6060
3FC0
1F80
ENDCHAR
STARTCHAR 2787
ENCODING 10119
SWIDTH 583 0
DWIDTH 14 0
BBX 12 20 1 -2
BITMAP
1F80
3FC0
6060
E070
C030
CF30
D9B0
D9B0
CFB0
CF30
CF30
D9B0
D9B0
DFB0
CF30
C030
E030
6060
3FC0
1F80
ENDCHAR
STARTCHAR 2788
ENCODING 10120
SWIDTH 583 0
DWIDTH 14 0
BBX 12 20 1 -2
BITMAP
1F80
3FC0
6060
E070
C030
CF30
D9B0
D9B0
D9B0
D9B0
CFB0
C1B0
D9B0
DFB0
CF30
C030
E030
6060
3FC0
1F80
ENDCHAR
STARTCHAR 2789
ENCODING 10121
SWIDTH 583 0
DWIDTH 14 0
BBX 11 20 2 -2
BITMAP
3F80
60C0
C060
8020
8020
91A0
B3A0
B2A0
92A0
93A0
93A0
92A0
92A0
93A0
91A0
8020
8060
C060
61C0
1F00
ENDCHAR
STARTCHAR 278A
ENCODING 10122
SWIDTH 583 0
DWIDTH 14 0
BBX 12 20 2 -2
BITMAP
1F80
7FC0
FFE0
FFE0
FFF0
F1F0
E1F0
E9F0
F9F0
F9F0
F9F0
F9F0
F9F0
F9F0
F9F0
FFE0
FFE0
FFE0
7FC0
1F80
ENDCHAR
STARTCHAR 278B
ENCODING 10123
SWIDTH 583 0
DWIDTH 14 0
BBX 12 20 1 -2
BITMAP
1F80
3FC0
7FE0
FFF0
FFF0
F0F0
E670
FE70
FE70
FCF0
F8F0
F1F0
F3F0
E070
E070
FFF0
FFF0
7FE0
3FC0
1F80
ENDCHAR
STARTCHAR 278C
ENCODING 10124
SWIDTH 583 0
DWIDTH 14 0
BBX 12 20 1 -2
BITMAP
1F80
3FC0
7FE0
FFF0
FFF0
E070
FEF0
FDF0
FBF0
F8F0
FE70
FE70
E670
E070
F0F0
FFF0
FFE0
7FE0
3FC0
1F80
ENDCHAR
STARTCHAR 278D
ENCODING 10125
SWIDTH 583 0
DWIDTH 14 0
BBX 12 20 1 -2
BITMAP
1F80
3FC0
7FE0
FFF0
FFF0
FCF0
FDF0
F9F0
FBF0
F2F0
F6F0
E6F0
E070
FEF0
FEF0
FFF0
FFF0
7FE0
3FC0
1F80
ENDCHAR
STARTCHAR 278E
ENCODING 10126
SWIDTH 583 0
DWIDTH 14 0
BBX 12 20 1 -2
BITMAP
1F80
3FC0
7FE0
FFF0
FFF0
E070
E070
E7F0
E7F0
E0F0
FE70
FE70
E670
E070
F0F0
FFF0
FFF0
7FE0
3FC0
1F80
ENDCHAR
STARTCHAR 278F
ENCODING 10127
SWIDTH 583 0
DWIDTH 14 0
BBX 12 20 1 -2
BITMAP
1F80
3FC0
7FE0
FFF0
FFF0
F0F0
E670
EE70
EFF0
E8F0
E670
EE70
E670
E070
F0F0
FFF0
FFF0
7FE0
3FC0
1F80
ENDCHAR
STARTCHAR 2790
ENCODING 10128
SWIDTH 583 0
DWIDTH 14 0
BBX 12 20 1 -2
BITMAP
1F80
3FC0
7FE0
FFF0
FFF0
E070
E070
FE70
FCF0
FCF0
FCF0
F9F0
F9F0
F9F0
F3F0
FFF0
FFF0
7FE0
3FC0
1F80
ENDCHAR
STARTCHAR 2791
ENCODING 10129
SWIDTH 583 0
DWIDTH 14 0
BBX 12 20 1 -2
BITMAP
1F80
3FC0
7FE0
FFF0
FFF0
F0F0
E670
E670
F0F0
F1F0
E4F0
E670
E670
E070
F0F0
FFF0
FFF0
7FE0
3FC0
1F80
ENDCHAR
STARTCHAR 2792
ENCODING 10130
SWIDTH 583 0
DWIDTH 14 0
BBX 12 20 1 -2
BITMAP
1F80
3FC0
7FE0
FFF0
FFF0
F0F0
E670
EE70
E670
E070
F070
FE70
E670
E070
F0F0
FFF0
FFF0
7FE0
3FC0
1F80
ENDCHAR
STARTCHAR 2793
ENCODING 10131
SWIDTH 583 0
DWIDTH 14 0
BBX 12 20 1 -2
BITMAP
1F80
3FC0
7FE0
FFF0
FFF0
EE70
EC30
CCB0
ECB0
EC30
EC30
ECB0
ECB0
EC30
EE70
FFF0
FFF0
7FE0
3FC0
1F80
ENDCHAR
STARTCHAR 2794
ENCODING 10132
SWIDTH 583 0
DWIDTH 14 0
BBX 13 8 1 4
BITMAP
01C0
00E0
FFF0
FFF8
FFF0
00E0
01C0
0380
ENDCHAR
STARTCHAR 279C
ENCODING 10140
SWIDTH 583 0
DWIDTH 14 0
BBX 14 15 0 1
BITMAP
0E00
0F00
0780
03C0
01E0
00F0
7FF8
FFFC
7FFC
0078
00F0
01E0
03C0
0780
0F00
ENDCHAR
STARTCHAR 279D
ENCODING 10141
SWIDTH 583 0
DWIDTH 14 0
BBX 13 7 1 4
BITMAP
0040
0060
0070
FFF8
0070
0060
0040
ENDCHAR
STARTCHAR 279E
ENCODING 10142
SWIDTH 583 0
DWIDTH 14 0
BBX 13 7 1 5
BITMAP
0040
0060
FFF0
FFF8
FFF0
0060
0040
ENDCHAR
STARTCHAR 27A1
ENCODING 10145
SWIDTH 583 0
DWIDTH 14 0
BBX 13 8 1 4
BITMAP
0100
01C0
FFE0
FFF8
FFF0
FFE0
01C0
0100
ENDCHAR
STARTCHAR 27A2
ENCODING 10146
SWIDTH 583 0
DWIDTH 14 0
BBX 12 12 1 2
BITMAP
8000
6000
3800
3E00
1380
18E0
1FF0
3F80
3E00
7800
6000
8000
ENDCHAR
STARTCHAR 27A3
ENCODING 10147
SWIDTH 583 0
DWIDTH 14 0
BBX 12 12 1 2
BITMAP
8000
6000
3800
3E00
1F80
1FE0
19F0
3780
3E00
7800
6000
8000
ENDCHAR
STARTCHAR 27A4
ENCODING 10148
SWIDTH 583 0
DWIDTH 14 0
BBX 12 12 1 2
BITMAP
8000
6000
3800
3E00
1F80
1FE0
1FF0
3F80
3E00
7800
6000
8000
ENDCHAR
STARTCHAR 27A5
ENCODING 10149
SWIDTH 583 0
DWIDTH 14 0
BBX 14 8 -1 4
BITMAP
C040
C060
FFF8
7FFC
7FFC
3FF8
0060
0040
ENDCHAR
STARTCHAR 27A6
ENCODING 10150
SWIDTH 583 0
DWIDTH 14 0
BBX 14 8 -1 4
BITMAP
0040
0060
3FF8
7FFC
7FFC
FFF8
C060
C040
ENDCHAR
STARTCHAR 27A7
ENCODING 10151
SWIDTH 583 0
DWIDTH 14 0
BBX 7 13 4 1
BITMAP
20
20
F0
F8
F8
FC
FE
FC
FC
F8
F0
30
20
ENDCHAR
STARTCHAR 27B0
ENCODING 10160
SWIDTH 583 0
DWIDTH 14 0
BBX 12 12 1 2
BITMAP
F9F0
7FF0
0F00
0F00
1F80
1980
1980
1980
1980
1980
0F00
0F00
ENDCHAR
STARTCHAR 27BF
ENCODING 10175
SWIDTH 583 0
DWIDTH 14 0
BBX 11 12 2 2
BITMAP
CE60
3180
3180
7380
5AC0
4A40
4A40
4A40
4A40
4A40
5AC0
3180
ENDCHAR
STARTCHAR 27C2
ENCODING 10178
SWIDTH 583 0
DWIDTH 14 0
BBX 10 16 2 0
BITMAP
0E00
0E00
0E00
0E00
0E00
0E00
0E00
0E00
0E00
0E00
0E00
0E00
0E00
0E00
FFC0
FFC0
ENDCHAR
STARTCHAR 27CA
ENCODING 10186
SWIDTH 583 0
DWIDTH 14 0
BBX 8 16 3 0
BITMAP
1C
1C
1C
1C
1C
1C
1C
FF
FF
1C
1C
1C
1C
1C
1C
1C
ENDCHAR
STARTCHAR 27CB
ENCODING 10187
SWIDTH 583 0
DWIDTH 14 0
BBX 12 11 1 2
BITMAP
0020
0070
00E0
01C0
0380
0700
0E00
1C00
3800
7000
E000
ENDCHAR
STARTCHAR 27CD
ENCODING 10189
SWIDTH 583 0
DWIDTH 14 0
BBX 12 12 1 2
BITMAP
6000
F000
7800
3C00
1E00
0F00
0780
0380
01C0
00E0
0070
0020
ENDCHAR
STARTCHAR 27D2
ENCODING 10194
SWIDTH 583 0
DWIDTH 14 0
BBX 10 17 2 0
BITMAP
CCC0
CCC0
CCC0
CCC0
CCC0
CCC0
CCC0
CCC0
CCC0
CCC0
CCC0
CCC0
CCC0
CCC0
6DC0
7F80
1F00
ENDCHAR
STARTCHAR 27D3
ENCODING 10195
SWIDTH 583 0
DWIDTH 14 0
BBX 11 12 2 2
BITMAP
0060
0060
0060
1C60
1C60
1C60
0060
0060
0060
0060
FFE0
FFE0
ENDCHAR
STARTCHAR 27D4
ENCODING 10196
SWIDTH 583 0
DWIDTH 14 0
BBX 12 12 1 2
BITMAP
FFF0
FFF0
C000
C000
C000
C700
C700
C700
C000
C000
C000
C000
ENDCHAR
STARTCHAR 27D5
ENCODING 10197
SWIDTH 583 0
DWIDTH 14 0
BBX 13 12 0 2
BITMAP
F018
F838
3C78
3EF8
36D8
3398
3398
36D8
3E78
3C78
F838
F018
ENDCHAR
STARTCHAR 27D6
ENCODING 10198
SWIDTH 583 0
DWIDTH 14 0
BBX 13 12 2 2
BITMAP
C078
E0F8
F1E0
F3E0
DB60
CE60
CE60
DB60
F3E0
F1E0
E0F8
C078
ENDCHAR
STARTCHAR 27D7
ENCODING 10199
SWIDTH 583 0
DWIDTH 14 0
BBX 14 12 0 2
BITMAP
E01C
F03C
3878
3CF8
2FD8
2798
2798
2FD8
3CF8
3878
F03C
E01C
ENDCHAR
STARTCHAR 27D8
ENCODING 10200
SWIDTH 583 0
DWIDTH 14 0
BBX 10 22 2 -3
BITMAP
0E00
0E00
0E00
0E00
0E00
0E00
0E00
0E00
0E00
0E00
0E00
0E00
0E00
0E00
0E00
0E00
0E00
0E00
0E00
0E00
FFC0
FFC0
ENDCHAR
STARTCHAR 27D9
ENCODING 10201
SWIDTH 583 0
DWIDTH 14 0
BBX 10 22 2 -3
BITMAP
FFC0
FFC0
0E00
0E00
0E00
0E00
0E00
0E00
0E00
0E00
0E00
0E00
0E00
0E00
0E00
0E00
0E00
0E00
0E00
0E00
0E00
0E00
ENDCHAR
STARTCHAR 27DA
ENCODING 10202
SWIDTH 583 0
DWIDTH 14 0
BBX 13 16 1 0
BITMAP
0D80
0D80
0D80
0D80
FDF8
FDF8
0D80
0D80
0D80
FDF8
FDF8
FDF8
0D80
0D80
0D80
0D80
ENDCHAR
STARTCHAR 27DB
ENCODING 10203
SWIDTH 583 0
DWIDTH 14 0
BBX 13 16 1 0
BITMAP
0D80
0D80
0D80
0D80
0D80
0D80
0D80
FDF8
FDF8
0D80
0D80
0D80
0D80
0D80
0D80
0D80
ENDCHAR
STARTCHAR 27DC
ENCODING 10204
SWIDTH 583 0
DWIDTH 14 0
BBX 11 6 2 5
BITMAP
7800
FC00
CFE0
CFE0
FC00
7800
ENDCHAR
STARTCHAR 27DF
ENCODING 10207
SWIDTH 583 0
DWIDTH 14 0
BBX 10 20 2 0
BITMAP
0E00
1F00
3180
3180
3180
3F80
1F00
0E00
0E00
0E00
0E00
0E00
0E00
0E00
0E00
0E00
0E00
0E00
FFC0
FFC0
ENDCHAR
STARTCHAR 27E0
ENCODING 10208
SWIDTH 583 0
DWIDTH 14 0
BBX 7 11 4 2
BITMAP
10
30
38
6C
CC
FE
FE
CC
78
38
30
ENDCHAR
STARTCHAR 27E1
ENCODING 10209
SWIDTH 583 0
DWIDTH 14 0
BBX 10 10 2 3
BITMAP
0400
0C00
1A00
3300
E0C0
6180
1300
0E00
0C00
0400
ENDCHAR
STARTCHAR 27E6
ENCODING 10214
SWIDTH 583 0
DWIDTH 14 0
BBX 8 23 3 -3
BITMAP
FF
FF
D8
D8
D8
D8
D8
D8
D8
D8
D8
D8
D8
D8
D8
D8
D8
D8
D8
D8
D8
FF
FF
ENDCHAR
STARTCHAR 27E7
ENCODING 10215
SWIDTH 583 0
DWIDTH 14 0
BBX 8 23 3 -3
BITMAP
FF
FF
1B
1B
1B
1B
1B
1B
1B
1B
1B
1B
1B
1B
1B
1B
1B
1B
1B
1B
1B
FF
FF
ENDCHAR
STARTCHAR 27E8
ENCODING 10216
SWIDTH 583 0
DWIDTH 14 0
BBX 9 23 3 -3
BITMAP
0100
0180
0380
0700
0700
0E00
1C00
1C00
3800
3800
7000
E000
7000
7000
3800
3800
1C00
0E00
0E00
0700
0700
0380
0180
ENDCHAR
STARTCHAR 27E9
ENCODING 10217
SWIDTH 583 0
DWIDTH 14 0
BBX 9 22 2 -2
BITMAP
E000
7000
7000
3800
3800
1C00
0E00
0E00
0700
0700
0380
0380
0700
0700
0E00
1C00
1C00
3800
3800
7000
E000
E000
ENDCHAR
STARTCHAR 27EA
ENCODING 10218
SWIDTH 583 0
DWIDTH 14 0
BBX 10 23 2 -3
BITMAP
0880
0CC0
1DC0
19C0
3980
3380
3300
7300
6700
E600
EE00
CE00
CE00
E600
6600
6700
7300
3380
3B80
1980
19C0
1CC0
0CC0
ENDCHAR
STARTCHAR 27EB
ENCODING 10219
SWIDTH 583 0
DWIDTH 14 0
BBX 11 23 2 -3
BITMAP
4000
EE00
E600
6700
7300
3300
3380
3980
19C0
1DC0
0CC0
0CE0
0CE0
1CC0
1DC0
1980
3980
3380
7300
7700
6700
E600
CE00
ENDCHAR
STARTCHAR 27EE
ENCODING 10222
SWIDTH 583 0
DWIDTH 14 0
BBX 8 24 2 -4
BITMAP
0F
1F
3C
78
70
E0
E0
E0
E0
E0
E0
E0
E0
E0
E0
E0
E0
E0
E0
70
78
3E
1F
07
ENDCHAR
STARTCHAR 27EF
ENCODING 10223
SWIDTH 583 0
DWIDTH 14 0
BBX 8 24 4 -4
BITMAP
F0
F8
3C
1E
0E
07
07
07
07
07
07
07
07
07
07
07
07
07
07
0E
1E
7C
F8
E0
ENDCHAR
STARTCHAR 27F0
ENCODING 10224
SWIDTH 583 0
DWIDTH 14 0
BBX 10 20 2 -1
BITMAP
0C00
1E00
3B00
6D80
EDC0
2D00
2D00
2D00
2D00
2D00
2D00
2D00
2D00
2D00
2D00
2D00
2D00
2D00
2D00
2900
ENDCHAR
STARTCHAR 27F1
ENCODING 10225
SWIDTH 583 0
DWIDTH 14 0
BBX 10 20 2 -2
BITMAP
2D00
2D00
2D00
2D00
2D00
2D00
2D00
2D00
2D00
2D00
2D00
2D00
2D00
2D00
6D80
EDC0
7D80
3B00
1E00
0C00
ENDCHAR
STARTCHAR 27F2
ENCODING 10226
SWIDTH 583 0
DWIDTH 14 0
BBX 12 17 0 0
BITMAP
0300
0FC0
1860
3030
3030
3030
3030
FC30
7830
3030
0030
0030
3030
3030
1870
1FE0
07C0
ENDCHAR
STARTCHAR 27F3
ENCODING 10227
SWIDTH 583 0
DWIDTH 14 0
BBX 12 17 2 0
BITMAP
0C00
3F00
6180
C0C0
C0C0
C0C0
C0C0
C3F0
C1F0
C0E0
C000
C000
C0C0
C0C0
61C0
7F80
1F00
ENDCHAR
STARTCHAR 27F4
ENCODING 10228
SWIDTH 583 0
DWIDTH 14 0
BBX 13 10 0 3
BITMAP
0080
00C0
0E60
1D30
FFF8
FFF8
1D30
0E60
00C0
0080
ENDCHAR
STARTCHAR 2800
ENCODING 10240
SWIDTH 583 0
DWIDTH 14 0
BBX 0 0 0 0
BITMAP
ENDCHAR
STARTCHAR 2801
ENCODING 10241
SWIDTH 583 0
DWIDTH 14 0
BBX 4 4 2 16
BITMAP
60
F0
F0
60
ENDCHAR
STARTCHAR 2802
ENCODING 10242
SWIDTH 583 0
DWIDTH 14 0
BBX 4 4 2 10
BITMAP
60
F0
F0
60
ENDCHAR
STARTCHAR 2803
ENCODING 10243
SWIDTH 583 0
DWIDTH 14 0
BBX 4 10 2 10
BITMAP
60
F0
F0
60
00
00
60
F0
F0
60
ENDCHAR
STARTCHAR 2804
ENCODING 10244
SWIDTH 583 0
DWIDTH 14 0
BBX 4 4 2 3
BITMAP
60
F0
F0
60
ENDCHAR
STARTCHAR 2805
ENCODING 10245
SWIDTH 583 0
DWIDTH 14 0
BBX 4 17 2 3
BITMAP
60
F0
F0
60
00
00
00
00
00
00
00
00
00
60
F0
F0
60
ENDCHAR
STARTCHAR 2806
ENCODING 10246
SWIDTH 583 0
DWIDTH 14 0
BBX 4 11 2 3
BITMAP
60
F0
F0
60
00
00
00
60
F0
F0
60
ENDCHAR
STARTCHAR 2807
ENCODING 10247
SWIDTH 583 0
DWIDTH 14 0
BBX 4 17 2 3
BITMAP
60
F0
F0
60
00
00
60
F0
F0
60
00
00
00
60
F0
F0
60
ENDCHAR
STARTCHAR 2808
ENCODING 10248
SWIDTH 583 0
DWIDTH 14 0
BBX 4 4 9 16
BITMAP
60
F0
F0
60
ENDCHAR
STARTCHAR 2809
ENCODING 10249
SWIDTH 583 0
DWIDTH 14 0
BBX 11 4 2 16
BITMAP
60C0
F1E0
F1E0
60C0
ENDCHAR
STARTCHAR 280A
ENCODING 10250
SWIDTH 583 0
DWIDTH 14 0
BBX 11 10 2 10
BITMAP
00C0
01E0
01E0
00C0
0000
0000
6000
F000
F000
6000
ENDCHAR
STARTCHAR 280B
ENCODING 10251
SWIDTH 583 0
DWIDTH 14 0
BBX 11 10 2 10
BITMAP
60C0
F1E0
F1E0
60C0
0000
0000
6000
F000
F000
6000
ENDCHAR
STARTCHAR 280C
ENCODING 10252
SWIDTH 583 0
DWIDTH 14 0
BBX 11 17 2 3
BITMAP
00C0
01E0
01E0
00C0
0000
0000
0000
0000
0000
0000
0000
0000
0000
6000
F000
F000
6000
ENDCHAR
STARTCHAR 280D
ENCODING 10253
SWIDTH 583 0
DWIDTH 14 0
BBX 11 17 2 3
BITMAP
60C0
F1E0
F1E0
60C0
0000
0000
0000
0000
0000
0000
0000
0000
0000
6000
F000
F000
6000
ENDCHAR
STARTCHAR 280E
ENCODING 10254
SWIDTH 583 0
DWIDTH 14 0
BBX 11 17 2 3
BITMAP
00C0
01E0
01E0
00C0
0000
0000
6000
F000
F000
6000
0000
0000
0000
6000
F000
F000
6000
ENDCHAR
STARTCHAR 280F
ENCODING 10255
SWIDTH 583 0
DWIDTH 14 0
BBX 11 17 2 3
BITMAP
60C0
F1E0
F1E0
60C0
0000
0000
6000
F000
F000
6000
0000
0000
0000
6000
F000
F000
6000
ENDCHAR
STARTCHAR 2810
ENCODING 10256
SWIDTH 583 0
DWIDTH 14 0
BBX 4 4 9 10
BITMAP
60
F0
F0
60
ENDCHAR
STARTCHAR 2811
ENCODING 10257
SWIDTH 583 0
DWIDTH 14 0
BBX 11 10 2 10
BITMAP
6000
F000
F000
6000
0000
0000
00C0
01E0
01E0
00C0
ENDCHAR
STARTCHAR 2812
ENCODING 10258
SWIDTH 583 0
DWIDTH 14 0
BBX 11 4 2 10
BITMAP
60C0
F1E0
F1E0
60C0
ENDCHAR
STARTCHAR 2813
ENCODING 10259
SWIDTH 583 0
DWIDTH 14 0
BBX 11 10 2 10
BITMAP
6000
F000
F000
6000
0000
0000
60C0
F1E0
F1E0
60C0
ENDCHAR
STARTCHAR 2814
ENCODING 10260
SWIDTH 583 0
DWIDTH 14 0
BBX 11 11 2 3
BITMAP
00C0
01E0
01E0
00C0
0000
0000
0000
6000
F000
F000
6000
ENDCHAR
STARTCHAR 2815
ENCODING 10261
SWIDTH 583 0
DWIDTH 14 0
BBX 11 17 2 3
BITMAP
6000
F000
F000
6000
0000
0000
00C0
01E0
01E0
00C0
0000
0000
0000
6000
F000
F000
6000
ENDCHAR
STARTCHAR 2816
ENCODING 10262
SWIDTH 583 0
DWIDTH 14 0
BBX 11 11 2 3
BITMAP
60C0
F1E0
F1E0
60C0
0000
0000
0000
6000
F000
F000
6000
ENDCHAR
STARTCHAR 2817
ENCODING 10263
SWIDTH 583 0
DWIDTH 14 0
BBX 11 17 2 3
BITMAP
6000
F000
F000
6000
0000
0000
60C0
F1E0
F1E0
60C0
0000
0000
0000
6000
F000
F000
6000
ENDCHAR
STARTCHAR 2818
ENCODING 10264
SWIDTH 583 0
DWIDTH 14 0
BBX 4 10 9 10
BITMAP
60
F0
F0
60
00
00
60
F0
F0
60
ENDCHAR
STARTCHAR 2819
ENCODING 10265
SWIDTH 583 0
DWIDTH 14 0
BBX 11 10 2 10
BITMAP
60C0
F1E0
F1E0
60C0
0000
0000
00C0
01E0
01E0
00C0
ENDCHAR
STARTCHAR 281A
ENCODING 10266
SWIDTH 583 0
DWIDTH 14 0
BBX 11 10 2 10
BITMAP
00C0
01E0
01E0
00C0
0000
0000
60C0
F1E0
F1E0
60C0
ENDCHAR
STARTCHAR 281B
ENCODING 10267
SWIDTH 583 0
DWIDTH 14 0
BBX 11 10 2 10
BITMAP
60C0
F1E0
F1E0
60C0
0000
0000
60C0
F1E0
F1E0
60C0
ENDCHAR
STARTCHAR 281C
ENCODING 10268
SWIDTH 583 0
DWIDTH 14 0
BBX 11 17 2 3
BITMAP
00C0
01E0
01E0
00C0
0000
0000
00C0
01E0
01E0
00C0
0000
0000
0000
6000
F000
F000
6000
ENDCHAR
STARTCHAR 281D
ENCODING 10269
SWIDTH 583 0
DWIDTH 14 0
BBX 11 17 2 3
BITMAP
60C0
F1E0
F1E0
60C0
0000
0000
00C0
01E0
01E0
00C0
0000
0000
0000
6000
F000
F000
6000
ENDCHAR
STARTCHAR 281E
ENCODING 10270
SWIDTH 583 0
DWIDTH 14 0
BBX 11 17 2 3
BITMAP
00C0
01E0
01E0
00C0
0000
0000
60C0
F1E0
F1E0
60C0
0000
0000
0000
6000
F000
F000
6000
ENDCHAR
STARTCHAR 281F
ENCODING 10271
SWIDTH 583 0
DWIDTH 14 0
BBX 11 17 2 3
BITMAP
60C0
F1E0
F1E0
60C0
0000
0000
60C0
F1E0
F1E0
60C0
0000
0000
0000
6000
F000
F000
6000
ENDCHAR
STARTCHAR 2820
ENCODING 10272
SWIDTH 583 0
DWIDTH 14 0
BBX 4 4 9 3
BITMAP
60
F0
F0
60
ENDCHAR
STARTCHAR 2821
ENCODING 10273
SWIDTH 583 0
DWIDTH 14 0
BBX 11 17 2 3
BITMAP
6000
F000
F000
6000
0000
0000
0000
0000
0000
0000
0000
0000
0000
00C0
01E0
01E0
00C0
ENDCHAR
STARTCHAR 2822
ENCODING 10274
SWIDTH 583 0
DWIDTH 14 0
BBX 11 11 2 3
BITMAP
6000
F000
F000
6000
0000
0000
0000
00C0
01E0
01E0
00C0
ENDCHAR
STARTCHAR 2823
ENCODING 10275
SWIDTH 583 0
DWIDTH 14 0
BBX 11 17 2 3
BITMAP
6000
F000
F000
6000
0000
0000
6000
F000
F000
6000
0000
0000
0000
00C0
01E0
01E0
00C0
ENDCHAR
STARTCHAR 2824
ENCODING 10276
SWIDTH 583 0
DWIDTH 14 0
BBX 11 4 2 3
BITMAP
60C0
F1E0
F1E0
60C0
ENDCHAR
STARTCHAR 2825
ENCODING 10277
SWIDTH 583 0
DWIDTH 14 0
BBX 11 17 2 3
BITMAP
6000
F000
F000
6000
0000
0000
0000
0000
0000
0000
0000
0000
0000
60C0
F1E0
F1E0
60C0
ENDCHAR
STARTCHAR 2826
ENCODING 10278
SWIDTH 583 0
DWIDTH 14 0
BBX 11 11 2 3
BITMAP
6000
F000
F000
6000
0000
0000
0000
60C0
F1E0
F1E0
60C0
ENDCHAR
STARTCHAR 2827
ENCODING 10279
SWIDTH 583 0
DWIDTH 14 0
BBX 11 17 2 3
BITMAP
6000
F000
F000
6000
0000
0000
6000
F000
F000
6000
0000
0000
0000
60C0
F1E0
F1E0
60C0
ENDCHAR
STARTCHAR 2828
ENCODING 10280
SWIDTH 583 0
DWIDTH 14 0
BBX 4 17 9 3
BITMAP
60
F0
F0
60
00
00
00
00
00
00
00
00
00
60
F0
F0
60
ENDCHAR
STARTCHAR 2829
ENCODING 10281
SWIDTH 583 0
DWIDTH 14 0
BBX 11 17 2 3
BITMAP
60C0
F1E0
F1E0
60C0
0000
0000
0000
0000
0000
0000
0000
0000
0000
00C0
01E0
01E0
00C0
ENDCHAR
STARTCHAR 282A
ENCODING 10282
SWIDTH 583 0
DWIDTH 14 0
BBX 11 17 2 3
BITMAP
00C0
01E0
01E0
00C0
0000
0000
6000
F000
F000
6000
0000
0000
0000
00C0
01E0
01E0
00C0
ENDCHAR
STARTCHAR 282B
ENCODING 10283
SWIDTH 583 0
DWIDTH 14 0
BBX 11 17 2 3
BITMAP
60C0
F1E0
F1E0
60C0
0000
0000
6000
F000
F000
6000
0000
0000
0000
00C0
01E0
01E0
00C0
ENDCHAR
STARTCHAR 282C
ENCODING 10284
SWIDTH 583 0
DWIDTH 14 0
BBX 11 17 2 3
BITMAP
00C0
01E0
01E0
00C0
0000
0000
0000
0000
0000
0000
0000
0000
0000
60C0
F1E0
F1E0
60C0
ENDCHAR
STARTCHAR 282D
ENCODING 10285
SWIDTH 583 0
DWIDTH 14 0
BBX 11 17 2 3
BITMAP
60C0
F1E0
F1E0
60C0
0000
0000
0000
0000
0000
0000
0000
0000
0000
60C0
F1E0
F1E0
60C0
ENDCHAR
STARTCHAR 282E
ENCODING 10286
SWIDTH 583 0
DWIDTH 14 0
BBX 11 17 2 3
BITMAP
00C0
01E0
01E0
00C0
0000
0000
6000
F000
F000
6000
0000
0000
0000
60C0
F1E0
F1E0
60C0
ENDCHAR
STARTCHAR 282F
ENCODING 10287
SWIDTH 583 0
DWIDTH 14 0
BBX 11 17 2 3
BITMAP
60C0
F1E0
F1E0
60C0
0000
0000
6000
F000
F000
6000
0000
0000
0000
60C0
F1E0
F1E0
60C0
ENDCHAR
STARTCHAR 2830
ENCODING 10288
SWIDTH 583 0
DWIDTH 14 0
BBX 4 11 9 3
BITMAP
60
F0
F0
60
00
00
00
60
F0
F0
60
ENDCHAR
STARTCHAR 2831
ENCODING 10289
SWIDTH 583 0
DWIDTH 14 0
BBX 11 17 2 3
BITMAP
6000
F000
F000
6000
0000
0000
00C0
01E0
01E0
00C0
0000
0000
0000
00C0
01E0
01E0
00C0
ENDCHAR
STARTCHAR 2832
ENCODING 10290
SWIDTH 583 0
DWIDTH 14 0
BBX 11 11 2 3
BITMAP
60C0
F1E0
F1E0
60C0
0000
0000
0000
00C0
01E0
01E0
00C0
ENDCHAR
STARTCHAR 2833
ENCODING 10291
SWIDTH 583 0
DWIDTH 14 0
BBX 11 17 2 3
BITMAP
6000
F000
F000
6000
0000
0000
60C0
F1E0
F1E0
60C0
0000
0000
0000
00C0
01E0
01E0
00C0
ENDCHAR
STARTCHAR 2834
ENCODING 10292
SWIDTH 583 0
DWIDTH 14 0
BBX 11 11 2 3
BITMAP
00C0
01E0
01E0
00C0
0000
0000
0000
60C0
F1E0
F1E0
60C0
ENDCHAR
STARTCHAR 2835
ENCODING 10293
SWIDTH 583 0
DWIDTH 14 0
BBX 11 17 2 3
BITMAP
6000
F000
F000
6000
0000
0000
00C0
01E0
01E0
00C0
0000
0000
0000
60C0
F1E0
F1E0
60C0
ENDCHAR
STARTCHAR 2836
ENCODING 10294
SWIDTH 583 0
DWIDTH 14 0
BBX 11 11 2 3
BITMAP
60C0
F1E0
F1E0
60C0
0000
0000
0000
60C0
F1E0
F1E0
60C0
ENDCHAR
STARTCHAR 2837
ENCODING 10295
SWIDTH 583 0
DWIDTH 14 0
BBX 11 17 2 3
BITMAP
6000
F000
F000
6000
0000
0000
60C0
F1E0
F1E0
60C0
0000
0000
0000
60C0
F1E0
F1E0
60C0
ENDCHAR
STARTCHAR 2838
ENCODING 10296
SWIDTH 583 0
DWIDTH 14 0
BBX 4 17 9 3
BITMAP
60
F0
F0
60
00
00
60
F0
F0
60
00
00
00
60
F0
F0
60
ENDCHAR
STARTCHAR 2839
ENCODING 10297
SWIDTH 583 0
DWIDTH 14 0
BBX 11 17 2 3
BITMAP
60C0
F1E0
F1E0
60C0
0000
0000
00C0
01E0
01E0
00C0
0000
0000
0000
00C0
01E0
01E0
00C0
ENDCHAR
STARTCHAR 283A
ENCODING 10298
SWIDTH 583 0
DWIDTH 14 0
BBX 11 17 2 3
BITMAP
00C0
01E0
01E0
00C0
0000
0000
60C0
F1E0
F1E0
60C0
0000
0000
0000
00C0
01E0
01E0
00C0
ENDCHAR
STARTCHAR 283B
ENCODING 10299
SWIDTH 583 0
DWIDTH 14 0
BBX 11 17 2 3
BITMAP
60C0
F1E0
F1E0
60C0
0000
0000
60C0
F1E0
F1E0
60C0
0000
0000
0000
00C0
01E0
01E0
00C0
ENDCHAR
STARTCHAR 283C
ENCODING 10300
SWIDTH 583 0
DWIDTH 14 0
BBX 11 17 2 3
BITMAP
00C0
01E0
01E0
00C0
0000
0000
00C0
01E0
01E0
00C0
0000
0000
0000
60C0
F1E0
F1E0
60C0
ENDCHAR
STARTCHAR 283D
ENCODING 10301
SWIDTH 583 0
DWIDTH 14 0
BBX 11 17 2 3
BITMAP
60C0
F1E0
F1E0
60C0
0000
0000
00C0
01E0
01E0
00C0
0000
0000
0000
60C0
F1E0
F1E0
60C0
ENDCHAR
STARTCHAR 283E
ENCODING 10302
SWIDTH 583 0
DWIDTH 14 0
BBX 11 17 2 3
BITMAP
00C0
01E0
01E0
00C0
0000
0000
60C0
F1E0
F1E0
60C0
0000
0000
0000
60C0
F1E0
F1E0
60C0
ENDCHAR
STARTCHAR 283F
ENCODING 10303
SWIDTH 583 0
DWIDTH 14 0
BBX 11 17 2 3
BITMAP
60C0
F1E0
F1E0
60C0
0000
0000
60C0
F1E0
F1E0
60C0
0000
0000
0000
60C0
F1E0
F1E0
60C0
ENDCHAR
STARTCHAR 2840
ENCODING 10304
SWIDTH 583 0
DWIDTH 14 0
BBX 4 4 2 -4
BITMAP
60
F0
F0
60
ENDCHAR
STARTCHAR 2841
ENCODING 10305
SWIDTH 583 0
DWIDTH 14 0
BBX 4 24 2 -4
BITMAP
60
F0
F0
60
00
00
00
00
00
00
00
00
00
00
00
00
00
00
00
00
60
F0
F0
60
ENDCHAR
STARTCHAR 2842
ENCODING 10306
SWIDTH 583 0
DWIDTH 14 0
BBX 4 18 2 -4
BITMAP
60
F0
F0
60
00
00
00
00
00
00
00
00
00
00
60
F0
F0
60
ENDCHAR
STARTCHAR 2843
ENCODING 10307
SWIDTH 583 0
DWIDTH 14 0
BBX 4 24 2 -4
BITMAP
60
F0
F0
60
00
00
60
F0
F0
60
00
00
00
00
00
00
00
00
00
00
60
F0
F0
60
ENDCHAR
STARTCHAR 2844
ENCODING 10308
SWIDTH 583 0
DWIDTH 14 0
BBX 4 11 2 -4
BITMAP
60
F0
F0
60
00
00
00
60
F0
F0
60
ENDCHAR
STARTCHAR 2845
ENCODING 10309
SWIDTH 583 0
DWIDTH 14 0
BBX 4 24 2 -4
BITMAP
60
F0
F0
60
00
00
00
00
00
00
00
00
00
60
F0
F0
60
00
00
00
60
F0
F0
60
ENDCHAR
STARTCHAR 2846
ENCODING 10310
SWIDTH 583 0
DWIDTH 14 0
BBX 4 18 2 -4
BITMAP
60
F0
F0
60
00
00
00
60
F0
F0
60
00
00
00
60
F0
F0
60
ENDCHAR
STARTCHAR 2847
ENCODING 10311
SWIDTH 583 0
DWIDTH 14 0
BBX 4 24 2 -4
BITMAP
60
F0
F0
60
00
00
60
F0
F0
60
00
00
00
60
F0
F0
60
00
00
00
60
F0
F0
60
ENDCHAR
STARTCHAR 2848
ENCODING 10312
SWIDTH 583 0
DWIDTH 14 0
BBX 11 24 2 -4
BITMAP
00C0
01E0
01E0
00C0
0000
0000
0000
0000
0000
0000
0000
0000
0000
0000
0000
0000
0000
0000
0000
0000
6000
F000
F000
6000
ENDCHAR
STARTCHAR 2849
ENCODING 10313
SWIDTH 583 0
DWIDTH 14 0
BBX 11 24 2 -4
BITMAP
60C0
F1E0
F1E0
60C0
0000
0000
0000
0000
0000
0000
0000
0000
0000
0000
0000
0000
0000
0000
0000
0000
6000
F000
F000
6000
ENDCHAR
STARTCHAR 284A
ENCODING 10314
SWIDTH 583 0
DWIDTH 14 0
BBX 11 24 2 -4
BITMAP
00C0
01E0
01E0
00C0
0000
0000
6000
F000
F000
6000
0000
0000
0000
0000
0000
0000
0000
0000
0000
0000
6000
F000
F000
6000
ENDCHAR
STARTCHAR 284B
ENCODING 10315
SWIDTH 583 0
DWIDTH 14 0
BBX 11 24 2 -4
BITMAP
60C0
F1E0
F1E0
60C0
0000
0000
6000
F000
F000
6000
0000
0000
0000
0000
0000
0000
0000
0000
0000
0000
6000
F000
F000
6000
ENDCHAR
STARTCHAR 284C
ENCODING 10316
SWIDTH 583 0
DWIDTH 14 0
BBX 11 24 2 -4
BITMAP
00C0
01E0
01E0
00C0
0000
0000
0000
0000
0000
0000
0000
0000
0000
6000
F000
F000
6000
0000
0000
0000
6000
F000
F000
6000
ENDCHAR
STARTCHAR 284D
ENCODING 10317
SWIDTH 583 0
DWIDTH 14 0
BBX 11 24 2 -4
BITMAP
60C0
F1E0
F1E0
60C0
0000
0000
0000
0000
0000
0000
0000
0000
0000
6000
F000
F000
6000
0000
0000
0000
6000
F000
F000
6000
ENDCHAR
STARTCHAR 284E
ENCODING 10318
SWIDTH 583 0
DWIDTH 14 0
BBX 11 24 2 -4
BITMAP
00C0
01E0
01E0
00C0
0000
0000
6000
F000
F000
6000
0000
0000
0000
6000
F000
F000
6000
0000
0000
0000
6000
F000
F000
6000
ENDCHAR
STARTCHAR 284F
ENCODING 10319
SWIDTH 583 0
DWIDTH 14 0
BBX 11 24 2 -4
BITMAP
60C0
F1E0
F1E0
60C0
0000
0000
6000
F000
F000
6000
0000
0000
0000
6000
F000
F000
6000
0000
0000
0000
6000
F000
F000
6000
ENDCHAR
STARTCHAR 2850
ENCODING 10320
SWIDTH 583 0
DWIDTH 14 0
BBX 11 18 2 -4
BITMAP
00C0
01E0
01E0
00C0
0000
0000
0000
0000
0000
0000
0000
0000
0000
0000
6000
F000
F000
6000
ENDCHAR
STARTCHAR 2851
ENCODING 10321
SWIDTH 583 0
DWIDTH 14 0
BBX 11 24 2 -4
BITMAP
6000
F000
F000
6000
0000
0000
00C0
01E0
01E0
00C0
0000
0000
0000
0000
0000
0000
0000
0000
0000
0000
6000
F000
F000
6000
ENDCHAR
STARTCHAR 2852
ENCODING 10322
SWIDTH 583 0
DWIDTH 14 0
BBX 11 18 2 -4
BITMAP
60C0
F1E0
F1E0
60C0
0000
0000
0000
0000
0000
0000
0000
0000
0000
0000
6000
F000
F000
6000
ENDCHAR
STARTCHAR 2853
ENCODING 10323
SWIDTH 583 0
DWIDTH 14 0
BBX 11 24 2 -4
BITMAP
6000
F000
F000
6000
0000
0000
60C0
F1E0
F1E0
60C0
0000
0000
0000
0000
0000
0000
0000
0000
0000
0000
6000
F000
F000
6000
ENDCHAR
STARTCHAR 2854
ENCODING 10324
SWIDTH 583 0
DWIDTH 14 0
BBX 11 18 2 -4
BITMAP
00C0
01E0
01E0
00C0
0000
0000
0000
6000
F000
F000
6000
0000
0000
0000
6000
F000
F000
6000
ENDCHAR
STARTCHAR 2855
ENCODING 10325
SWIDTH 583 0
DWIDTH 14 0
BBX 11 24 2 -4
BITMAP
6000
F000
F000
6000
0000
0000
00C0
01E0
01E0
00C0
0000
0000
0000
6000
F000
F000
6000
0000
0000
0000
6000
F000
F000
6000
ENDCHAR
STARTCHAR 2856
ENCODING 10326
SWIDTH 583 0
DWIDTH 14 0
BBX 11 18 2 -4
BITMAP
60C0
F1E0
F1E0
60C0
0000
0000
0000
6000
F000
F000
6000
0000
0000
0000
6000
F000
F000
6000
ENDCHAR
STARTCHAR 2857
ENCODING 10327
SWIDTH 583 0
DWIDTH 14 0
BBX 11 24 2 -4
BITMAP
6000
F000
F000
6000
0000
0000
60C0
F1E0
F1E0
60C0
0000
0000
0000
6000
F000
F000
6000
0000
0000
0000
6000
F000
F000
6000
ENDCHAR
STARTCHAR 2858
ENCODING 10328
SWIDTH 583 0
DWIDTH 14 0
BBX 11 24 2 -4
BITMAP
00C0
01E0
01E0
00C0
0000
0000
00C0
01E0
01E0
00C0
0000
0000
0000
0000
0000
0000
0000
0000
0000
0000
6000
F000
F000
6000
ENDCHAR
STARTCHAR 2859
ENCODING 10329
SWIDTH 583 0
DWIDTH 14 0
BBX 11 24 2 -4
BITMAP
60C0
F1E0
F1E0
60C0
0000
0000
00C0
01E0
01E0
00C0
0000
0000
0000
0000
0000
0000
0000
0000
0000
0000
6000
F000
F000
6000
ENDCHAR
STARTCHAR 285A
ENCODING 10330
SWIDTH 583 0
DWIDTH 14 0
BBX 11 24 2 -4
BITMAP
00C0
01E0
01E0
00C0
0000
0000
60C0
F1E0
F1E0
60C0
0000
0000
0000
0000
0000
0000
0000
0000
0000
0000
6000
F000
F000
6000
ENDCHAR
STARTCHAR 285B
ENCODING 10331
SWIDTH 583 0
DWIDTH 14 0
BBX 11 24 2 -4
BITMAP
60C0
F1E0
F1E0
60C0
0000
0000
60C0
F1E0
F1E0
60C0
0000
0000
0000
0000
0000
0000
0000
0000
0000
0000
6000
F000
F000
6000
ENDCHAR
STARTCHAR 285C
ENCODING 10332
SWIDTH 583 0
DWIDTH 14 0
BBX 11 24 2 -4
BITMAP
00C0
01E0
01E0
00C0
0000
0000
00C0
01E0
01E0
00C0
0000
0000
0000
6000
F000
F000
6000
0000
0000
0000
6000
F000
F000
6000
ENDCHAR
STARTCHAR 285D
ENCODING 10333
SWIDTH 583 0
DWIDTH 14 0
BBX 11 24 2 -4
BITMAP
60C0
F1E0
F1E0
60C0
0000
0000
00C0
01E0
01E0
00C0
0000
0000
0000
6000
F000
F000
6000
0000
0000
0000
6000
F000
F000
6000
ENDCHAR
STARTCHAR 285E
ENCODING 10334
SWIDTH 583 0
DWIDTH 14 0
BBX 11 24 2 -4
BITMAP
00C0
01E0
01E0
00C0
0000
0000
60C0
F1E0
F1E0
60C0
0000
0000
0000
6000
F000
F000
6000
0000
0000
0000
6000
F000
F000
6000
ENDCHAR
STARTCHAR 285F
ENCODING 10335
SWIDTH 583 0
DWIDTH 14 0
BBX 11 24 2 -4
BITMAP
60C0
F1E0
F1E0
60C0
0000
0000
60C0
F1E0
F1E0
60C0
0000
0000
0000
6000
F000
F000
6000
0000
0000
0000
6000
F000
F000
6000
ENDCHAR
STARTCHAR 2860
ENCODING 10336
SWIDTH 583 0
DWIDTH 14 0
BBX 11 11 2 -4
BITMAP
00C0
01E0
01E0
00C0
0000
0000
0000
6000
F000
F000
6000
ENDCHAR
STARTCHAR 2861
ENCODING 10337
SWIDTH 583 0
DWIDTH 14 0
BBX 11 24 2 -4
BITMAP
6000
F000
F000
6000
0000
0000
0000
0000
0000
0000
0000
0000
0000
00C0
01E0
01E0
00C0
0000
0000
0000
6000
F000
F000
6000
ENDCHAR
STARTCHAR 2862
ENCODING 10338
SWIDTH 583 0
DWIDTH 14 0
BBX 11 18 2 -4
BITMAP
6000
F000
F000
6000
0000
0000
0000
00C0
01E0
01E0
00C0
0000
0000
0000
6000
F000
F000
6000
ENDCHAR
STARTCHAR 2863
ENCODING 10339
SWIDTH 583 0
DWIDTH 14 0
BBX 11 24 2 -4
BITMAP
6000
F000
F000
6000
0000
0000
6000
F000
F000
6000
0000
0000
0000
00C0
01E0
01E0
00C0
0000
0000
0000
6000
F000
F000
6000
ENDCHAR
STARTCHAR 2864
ENCODING 10340
SWIDTH 583 0
DWIDTH 14 0
BBX 11 11 2 -4
BITMAP
60C0
F1E0
F1E0
60C0
0000
0000
0000
6000
F000
F000
6000
ENDCHAR
STARTCHAR 2865
ENCODING 10341
SWIDTH 583 0
DWIDTH 14 0
BBX 11 24 2 -4
BITMAP
6000
F000
F000
6000
0000
0000
0000
0000
0000
0000
0000
0000
0000
60C0
F1E0
F1E0
60C0
0000
0000
0000
6000
F000
F000
6000
ENDCHAR
STARTCHAR 2866
ENCODING 10342
SWIDTH 583 0
DWIDTH 14 0
BBX 11 18 2 -4
BITMAP
6000
F000
F000
6000
0000
0000
0000
60C0
F1E0
F1E0
60C0
0000
0000
0000
6000
F000
F000
6000
ENDCHAR
STARTCHAR 2867
ENCODING 10343
SWIDTH 583 0
DWIDTH 14 0
BBX 11 24 2 -4
BITMAP
6000
F000
F000
6000
0000
0000
6000
F000
F000
6000
0000
0000
0000
60C0
F1E0
F1E0
60C0
0000
0000
0000
6000
F000
F000
6000
ENDCHAR
STARTCHAR 2868
ENCODING 10344
SWIDTH 583 0
DWIDTH 14 0
BBX 11 24 2 -4
BITMAP
00C0
01E0
01E0
00C0
0000
0000
0000
0000
0000
0000
0000
0000
0000
00C0
01E0
01E0
00C0
0000
0000
0000
6000
F000
F000
6000
ENDCHAR
STARTCHAR 2869
ENCODING 10345
SWIDTH 583 0
DWIDTH 14 0
BBX 11 24 2 -4
BITMAP
60C0
F1E0
F1E0
60C0
0000
0000
0000
0000
0000
0000
0000
0000
0000
00C0
01E0
01E0
00C0
0000
0000
0000
6000
F000
F000
6000
ENDCHAR
STARTCHAR 286A
ENCODING 10346
SWIDTH 583 0
DWIDTH 14 0
BBX 11 24 2 -4
BITMAP
00C0
01E0
01E0
00C0
0000
0000
6000
F000
F000
6000
0000
0000
0000
00C0
01E0
01E0
00C0
0000
0000
0000
6000
F000
F000
6000
ENDCHAR
STARTCHAR 286B
ENCODING 10347
SWIDTH 583 0
DWIDTH 14 0
BBX 11 24 2 -4
BITMAP
60C0
F1E0
F1E0
60C0
0000
0000
6000
F000
F000
6000
0000
0000
0000
00C0
01E0
01E0
00C0
0000
0000
0000
6000
F000
F000
6000
ENDCHAR
STARTCHAR 286C
ENCODING 10348
SWIDTH 583 0
DWIDTH 14 0
BBX 11 24 2 -4
BITMAP
00C0
01E0
01E0
00C0
0000
0000
0000
0000
0000
0000
0000
0000
0000
60C0
F1E0
F1E0
60C0
0000
0000
0000
6000
F000
F000
6000
ENDCHAR
STARTCHAR 286D
ENCODING 10349
SWIDTH 583 0
DWIDTH 14 0
BBX 11 24 2 -4
BITMAP
60C0
F1E0
F1E0
60C0
0000
0000
0000
0000
0000
0000
0000
0000
0000
60C0
F1E0
F1E0
60C0
0000
0000
0000
6000
F000
F000
6000
ENDCHAR
STARTCHAR 286E
ENCODING 10350
SWIDTH 583 0
DWIDTH 14 0
BBX 11 24 2 -4
BITMAP
00C0
01E0
01E0
00C0
0000
0000
6000
F000
F000
6000
0000
0000
0000
60C0
F1E0
F1E0
60C0
0000
0000
0000
6000
F000
F000
6000
ENDCHAR
STARTCHAR 286F
ENCODING 10351
SWIDTH 583 0
DWIDTH 14 0
BBX 11 24 2 -4
BITMAP
60C0
F1E0
F1E0
60C0
0000
0000
6000
F000
F000
6000
0000
0000
0000
60C0
F1E0
F1E0
60C0
0000
0000
0000
6000
F000
F000
6000
ENDCHAR
STARTCHAR 2870
ENCODING 10352
SWIDTH 583 0
DWIDTH 14 0
BBX 11 18 2 -4
BITMAP
00C0
01E0
01E0
00C0
0000
0000
0000
00C0
01E0
01E0
00C0
0000
0000
0000
6000
F000
F000
6000
ENDCHAR
STARTCHAR 2871
ENCODING 10353
SWIDTH 583 0
DWIDTH 14 0
BBX 11 24 2 -4
BITMAP
6000
F000
F000
6000
0000
0000
00C0
01E0
01E0
00C0
0000
0000
0000
00C0
01E0
01E0
00C0
0000
0000
0000
6000
F000
F000
6000
ENDCHAR
STARTCHAR 2872
ENCODING 10354
SWIDTH 583 0
DWIDTH 14 0
BBX 11 18 2 -4
BITMAP
60C0
F1E0
F1E0
60C0
0000
0000
0000
00C0
01E0
01E0
00C0
0000
0000
0000
6000
F000
F000
6000
ENDCHAR
STARTCHAR 2873
ENCODING 10355
SWIDTH 583 0
DWIDTH 14 0
BBX 11 24 2 -4
BITMAP
6000
F000
F000
6000
0000
0000
60C0
F1E0
F1E0
60C0
0000
0000
0000
00C0
01E0
01E0
00C0
0000
0000
0000
6000
F000
F000
6000
ENDCHAR
STARTCHAR 2874
ENCODING 10356
SWIDTH 583 0
DWIDTH 14 0
BBX 11 18 2 -4
BITMAP
00C0
01E0
01E0
00C0
0000
0000
0000
60C0
F1E0
F1E0
60C0
0000
0000
0000
6000
F000
F000
6000
ENDCHAR
STARTCHAR 2875
ENCODING 10357
SWIDTH 583 0
DWIDTH 14 0
BBX 11 24 2 -4
BITMAP
6000
F000
F000
6000
0000
0000
00C0
01E0
01E0
00C0
0000
0000
0000
60C0
F1E0
F1E0
60C0
0000
0000
0000
6000
F000
F000
6000
ENDCHAR
STARTCHAR 2876
ENCODING 10358
SWIDTH 583 0
DWIDTH 14 0
BBX 11 18 2 -4
BITMAP
60C0
F1E0
F1E0
60C0
0000
0000
0000
60C0
F1E0
F1E0
60C0
0000
0000
0000
6000
F000
F000
6000
ENDCHAR
STARTCHAR 2877
ENCODING 10359
SWIDTH 583 0
DWIDTH 14 0
BBX 11 24 2 -4
BITMAP
6000
F000
F000
6000
0000
0000
60C0
F1E0
F1E0
60C0
0000
0000
0000
60C0
F1E0
F1E0
60C0
0000
0000
0000
6000
F000
F000
6000
ENDCHAR
STARTCHAR 2878
ENCODING 10360
SWIDTH 583 0
DWIDTH 14 0
BBX 11 24 2 -4
BITMAP
00C0
01E0
01E0
00C0
0000
0000
00C0
01E0
01E0
00C0
0000
0000
0000
00C0
01E0
01E0
00C0
0000
0000
0000
6000
F000
F000
6000
ENDCHAR
STARTCHAR 2879
ENCODING 10361
SWIDTH 583 0
DWIDTH 14 0
BBX 11 24 2 -4
BITMAP
60C0
F1E0
F1E0
60C0
0000
0000
00C0
01E0
01E0
00C0
0000
0000
0000
00C0
01E0
01E0
00C0
0000
0000
0000
6000
F000
F000
6000
ENDCHAR
STARTCHAR 287A
ENCODING 10362
SWIDTH 583 0
DWIDTH 14 0
BBX 11 24 2 -4
BITMAP
00C0
01E0
01E0
00C0
0000
0000
60C0
F1E0
F1E0
60C0
0000
0000
0000
00C0
01E0
01E0
00C0
0000
0000
0000
6000
F000
F000
6000
ENDCHAR
STARTCHAR 287B
ENCODING 10363
SWIDTH 583 0
DWIDTH 14 0
BBX 11 24 2 -4
BITMAP
60C0
F1E0
F1E0
60C0
0000
0000
60C0
F1E0
F1E0
60C0
0000
0000
0000
00C0
01E0
01E0
00C0
0000
0000
0000
6000
F000
F000
6000
ENDCHAR
STARTCHAR 287C
ENCODING 10364
SWIDTH 583 0
DWIDTH 14 0
BBX 11 24 2 -4
BITMAP
00C0
01E0
01E0
00C0
0000
0000
00C0
01E0
01E0
00C0
0000
0000
0000
60C0
F1E0
F1E0
60C0
0000
0000
0000
6000
F000
F000
6000
ENDCHAR
STARTCHAR 287D
ENCODING 10365
SWIDTH 583 0
DWIDTH 14 0
BBX 11 24 2 -4
BITMAP
60C0
F1E0
F1E0
60C0
0000
0000
00C0
01E0
01E0
00C0
0000
0000
0000
60C0
F1E0
F1E0
60C0
0000
0000
0000
6000
F000
F000
6000
ENDCHAR
STARTCHAR 287E
ENCODING 10366
SWIDTH 583 0
DWIDTH 14 0
BBX 11 24 2 -4
BITMAP
00C0
01E0
01E0
00C0
0000
0000
60C0
F1E0
F1E0
60C0
0000
0000
0000
60C0
F1E0
F1E0
60C0
0000
0000
0000
6000
F000
F000
6000
ENDCHAR
STARTCHAR 287F
ENCODING 10367
SWIDTH 583 0
DWIDTH 14 0
BBX 11 24 2 -4
BITMAP
60C0
F1E0
F1E0
60C0
0000
0000
60C0
F1E0
F1E0
60C0
0000
0000
0000
60C0
F1E0
F1E0
60C0
0000
0000
0000
6000
F000
F000
6000
ENDCHAR
STARTCHAR 2880
ENCODING 10368
SWIDTH 583 0
DWIDTH 14 0
BBX 4 4 9 -4
BITMAP
60
F0
F0
60
ENDCHAR
STARTCHAR 2881
ENCODING 10369
SWIDTH 583 0
DWIDTH 14 0
BBX 11 24 2 -4
BITMAP
6000
F000
F000
6000
0000
0000
0000
0000
0000
0000
0000
0000
0000
0000
0000
0000
0000
0000
0000
0000
00C0
01E0
01E0
00C0
ENDCHAR
STARTCHAR 2882
ENCODING 10370
SWIDTH 583 0
DWIDTH 14 0
BBX 11 18 2 -4
BITMAP
6000
F000
F000
6000
0000
0000
0000
0000
0000
0000
0000
0000
0000
0000
00C0
01E0
01E0
00C0
ENDCHAR
STARTCHAR 2883
ENCODING 10371
SWIDTH 583 0
DWIDTH 14 0
BBX 11 24 2 -4
BITMAP
6000
F000
F000
6000
0000
0000
6000
F000
F000
6000
0000
0000
0000
0000
0000
0000
0000
0000
0000
0000
00C0
01E0
01E0
00C0
ENDCHAR
STARTCHAR 2884
ENCODING 10372
SWIDTH 583 0
DWIDTH 14 0
BBX 11 11 2 -4
BITMAP
6000
F000
F000
6000
0000
0000
0000
00C0
01E0
01E0
00C0
ENDCHAR
STARTCHAR 2885
ENCODING 10373
SWIDTH 583 0
DWIDTH 14 0
BBX 11 24 2 -4
BITMAP
6000
F000
F000
6000
0000
0000
0000
0000
0000
0000
0000
0000
0000
6000
F000
F000
6000
0000
0000
0000
00C0
01E0
01E0
00C0
ENDCHAR
STARTCHAR 2886
ENCODING 10374
SWIDTH 583 0
DWIDTH 14 0
BBX 11 18 2 -4
BITMAP
6000
F000
F000
6000
0000
0000
0000
6000
F000
F000
6000
0000
0000
0000
00C0
01E0
01E0
00C0
ENDCHAR
STARTCHAR 2887
ENCODING 10375
SWIDTH 583 0
DWIDTH 14 0
BBX 11 24 2 -4
BITMAP
6000
F000
F000
6000
0000
0000
6000
F000
F000
6000
0000
0000
0000
6000
F000
F000
6000
0000
0000
0000
00C0
01E0
01E0
00C0
ENDCHAR
STARTCHAR 2888
ENCODING 10376
SWIDTH 583 0
DWIDTH 14 0
BBX 4 24 9 -4
BITMAP
60
F0
F0
60
00
00
00
00
00
00
00
00
00
00
00
00
00
00
00
00
60
F0
F0
60
ENDCHAR
STARTCHAR 2889
ENCODING 10377
SWIDTH 583 0
DWIDTH 14 0
BBX 11 24 2 -4
BITMAP
60C0
F1E0
F1E0
60C0
0000
0000
0000
0000
0000
0000
0000
0000
0000
0000
0000
0000
0000
0000
0000
0000
00C0
01E0
01E0
00C0
ENDCHAR
STARTCHAR 288A
ENCODING 10378
SWIDTH 583 0
DWIDTH 14 0
BBX 11 24 2 -4
BITMAP
00C0
01E0
01E0
00C0
0000
0000
6000
F000
F000
6000
0000
0000
0000
0000
0000
0000
0000
0000
0000
0000
00C0
01E0
01E0
00C0
ENDCHAR
STARTCHAR 288B
ENCODING 10379
SWIDTH 583 0
DWIDTH 14 0
BBX 11 24 2 -4
BITMAP
60C0
F1E0
F1E0
60C0
0000
0000
6000
F000
F000
6000
0000
0000
0000
0000
0000
0000
0000
0000
0000
0000
00C0
01E0
01E0
00C0
ENDCHAR
STARTCHAR 288C
ENCODING 10380
SWIDTH 583 0
DWIDTH 14 0
BBX 11 24 2 -4
BITMAP
00C0
01E0
01E0
00C0
0000
0000
0000
0000
0000
0000
0000
0000
0000
6000
F000
F000
6000
0000
0000
0000
00C0
01E0
01E0
00C0
ENDCHAR
STARTCHAR 288D
ENCODING 10381
SWIDTH 583 0
DWIDTH 14 0
BBX 11 24 2 -4
BITMAP
60C0
F1E0
F1E0
60C0
0000
0000
0000
0000
0000
0000
0000
0000
0000
6000
F000
F000
6000
0000
0000
0000
00C0
01E0
01E0
00C0
ENDCHAR
STARTCHAR 288E
ENCODING 10382
SWIDTH 583 0
DWIDTH 14 0
BBX 11 24 2 -4
BITMAP
00C0
01E0
01E0
00C0
0000
0000
6000
F000
F000
6000
0000
0000
0000
6000
F000
F000
6000
0000
0000
0000
00C0
01E0
01E0
00C0
ENDCHAR
STARTCHAR 288F
ENCODING 10383
SWIDTH 583 0
DWIDTH 14 0
BBX 11 24 2 -4
BITMAP
60C0
F1E0
F1E0
60C0
0000
0000
6000
F000
F000
6000
0000
0000
0000
6000
F000
F000
6000
0000
0000
0000
00C0
01E0
01E0
00C0
ENDCHAR
STARTCHAR 2890
ENCODING 10384
SWIDTH 583 0
DWIDTH 14 0
BBX 4 18 9 -4
BITMAP
60
F0
F0
60
00
00
00
00
00
00
00
00
00
00
60
F0
F0
60
ENDCHAR
STARTCHAR 2891
ENCODING 10385
SWIDTH 583 0
DWIDTH 14 0
BBX 11 24 2 -4
BITMAP
6000
F000
F000
6000
0000
0000
00C0
01E0
01E0
00C0
0000
0000
0000
0000
0000
0000
0000
0000
0000
0000
00C0
01E0
01E0
00C0
ENDCHAR
STARTCHAR 2892
ENCODING 10386
SWIDTH 583 0
DWIDTH 14 0
BBX 11 18 2 -4
BITMAP
60C0
F1E0
F1E0
60C0
0000
0000
0000
0000
0000
0000
0000
0000
0000
0000
00C0
01E0
01E0
00C0
ENDCHAR
STARTCHAR 2893
ENCODING 10387
SWIDTH 583 0
DWIDTH 14 0
BBX 11 24 2 -4
BITMAP
6000
F000
F000
6000
0000
0000
60C0
F1E0
F1E0
60C0
0000
0000
0000
0000
0000
0000
0000
0000
0000
0000
00C0
01E0
01E0
00C0
ENDCHAR
STARTCHAR 2894
ENCODING 10388
SWIDTH 583 0
DWIDTH 14 0
BBX 11 18 2 -4
BITMAP
00C0
01E0
01E0
00C0
0000
0000
0000
6000
F000
F000
6000
0000
0000
0000
00C0
01E0
01E0
00C0
ENDCHAR
STARTCHAR 2895
ENCODING 10389
SWIDTH 583 0
DWIDTH 14 0
BBX 11 24 2 -4
BITMAP
6000
F000
F000
6000
0000
0000
00C0
01E0
01E0
00C0
0000
0000
0000
6000
F000
F000
6000
0000
0000
0000
00C0
01E0
01E0
00C0
ENDCHAR
STARTCHAR 2896
ENCODING 10390
SWIDTH 583 0
DWIDTH 14 0
BBX 11 18 2 -4
BITMAP
60C0
F1E0
F1E0
60C0
0000
0000
0000
6000
F000
F000
6000
0000
0000
0000
00C0
01E0
01E0
00C0
ENDCHAR
STARTCHAR 2897
ENCODING 10391
SWIDTH 583 0
DWIDTH 14 0
BBX 11 24 2 -4
BITMAP
6000
F000
F000
6000
0000
0000
60C0
F1E0
F1E0
60C0
0000
0000
0000
6000
F000
F000
6000
0000
0000
0000
00C0
01E0
01E0
00C0
ENDCHAR
STARTCHAR 2898
ENCODING 10392
SWIDTH 583 0
DWIDTH 14 0
BBX 4 24 9 -4
BITMAP
60
F0
F0
60
00
00
60
F0
F0
60
00
00
00
00
00
00
00
00
00
00
60
F0
F0
60
ENDCHAR
STARTCHAR 2899
ENCODING 10393
SWIDTH 583 0
DWIDTH 14 0
BBX 11 24 2 -4
BITMAP
60C0
F1E0
F1E0
60C0
0000
0000
00C0
01E0
01E0
00C0
0000
0000
0000
0000
0000
0000
0000
0000
0000
0000
00C0
01E0
01E0
00C0
ENDCHAR
STARTCHAR 289A
ENCODING 10394
SWIDTH 583 0
DWIDTH 14 0
BBX 11 24 2 -4
BITMAP
00C0
01E0
01E0
00C0
0000
0000
60C0
F1E0
F1E0
60C0
0000
0000
0000
0000
0000
0000
0000
0000
0000
0000
00C0
01E0
01E0
00C0
ENDCHAR
STARTCHAR 289B
ENCODING 10395
SWIDTH 583 0
DWIDTH 14 0
BBX 11 24 2 -4
BITMAP
60C0
F1E0
F1E0
60C0
0000
0000
60C0
F1E0
F1E0
60C0
0000
0000
0000
0000
0000
0000
0000
0000
0000
0000
00C0
01E0
01E0
00C0
ENDCHAR
STARTCHAR 289C
ENCODING 10396
SWIDTH 583 0
DWIDTH 14 0
BBX 11 24 2 -4
BITMAP
00C0
01E0
01E0
00C0
0000
0000
00C0
01E0
01E0
00C0
0000
0000
0000
6000
F000
F000
6000
0000
0000
0000
00C0
01E0
01E0
00C0
ENDCHAR
STARTCHAR 289D
ENCODING 10397
SWIDTH 583 0
DWIDTH 14 0
BBX 11 24 2 -4
BITMAP
60C0
F1E0
F1E0
60C0
0000
0000
00C0
01E0
01E0
00C0
0000
0000
0000
6000
F000
F000
6000
0000
0000
0000
00C0
01E0
01E0
00C0
ENDCHAR
STARTCHAR 289E
ENCODING 10398
SWIDTH 583 0
DWIDTH 14 0
BBX 11 24 2 -4
BITMAP
00C0
01E0
01E0
00C0
0000
0000
60C0
F1E0
F1E0
60C0
0000
0000
0000
6000
F000
F000
6000
0000
0000
0000
00C0
01E0
01E0
00C0
ENDCHAR
STARTCHAR 289F
ENCODING 10399
SWIDTH 583 0
DWIDTH 14 0
BBX 11 24 2 -4
BITMAP
60C0
F1E0
F1E0
60C0
0000
0000
60C0
F1E0
F1E0
60C0
0000
0000
0000
6000
F000
F000
6000
0000
0000
0000
00C0
01E0
01E0
00C0
ENDCHAR
STARTCHAR 28A0
ENCODING 10400
SWIDTH 583 0
DWIDTH 14 0
BBX 4 11 9 -4
BITMAP
60
F0
F0
60
00
00
00
60
F0
F0
60
ENDCHAR
STARTCHAR 28A1
ENCODING 10401
SWIDTH 583 0
DWIDTH 14 0
BBX 11 24 2 -4
BITMAP
6000
F000
F000
6000
0000
0000
0000
0000
0000
0000
0000
0000
0000
00C0
01E0
01E0
00C0
0000
0000
0000
00C0
01E0
01E0
00C0
ENDCHAR
STARTCHAR 28A2
ENCODING 10402
SWIDTH 583 0
DWIDTH 14 0
BBX 11 18 2 -4
BITMAP
6000
F000
F000
6000
0000
0000
0000
00C0
01E0
01E0
00C0
0000
0000
0000
00C0
01E0
01E0
00C0
ENDCHAR
STARTCHAR 28A3
ENCODING 10403
SWIDTH 583 0
DWIDTH 14 0
BBX 11 24 2 -4
BITMAP
6000
F000
F000
6000
0000
0000
6000
F000
F000
6000
0000
0000
0000
00C0
01E0
01E0
00C0
0000
0000
0000
00C0
01E0
01E0
00C0
ENDCHAR
STARTCHAR 28A4
ENCODING 10404
SWIDTH 583 0
DWIDTH 14 0
BBX 11 11 2 -4
BITMAP
60C0
F1E0
F1E0
60C0
0000
0000
0000
00C0
01E0
01E0
00C0
ENDCHAR
STARTCHAR 28A5
ENCODING 10405
SWIDTH 583 0
DWIDTH 14 0
BBX 11 24 2 -4
BITMAP
6000
F000
F000
6000
0000
0000
0000
0000
0000
0000
0000
0000
0000
60C0
F1E0
F1E0
60C0
0000
0000
0000
00C0
01E0
01E0
00C0
ENDCHAR
STARTCHAR 28A6
ENCODING 10406
SWIDTH 583 0
DWIDTH 14 0
BBX 11 18 2 -4
BITMAP
6000
F000
F000
6000
0000
0000
0000
60C0
F1E0
F1E0
60C0
0000
0000
0000
00C0
01E0
01E0
00C0
ENDCHAR
STARTCHAR 28A7
ENCODING 10407
SWIDTH 583 0
DWIDTH 14 0
BBX 11 24 2 -4
BITMAP
6000
F000
F000
6000
0000
0000
6000
F000
F000
6000
0000
0000
0000
60C0
F1E0
F1E0
60C0
0000
0000
0000
00C0
01E0
01E0
00C0
ENDCHAR
STARTCHAR 28A8
ENCODING 10408
SWIDTH 583 0
DWIDTH 14 0
BBX 4 24 9 -4
BITMAP
60
F0
F0
60
00
00
00
00
00
00
00
00
00
60
F0
F0
60
00
00
00
60
F0
F0
60
ENDCHAR
STARTCHAR 28A9
ENCODING 10409
SWIDTH 583 0
DWIDTH 14 0
BBX 11 24 2 -4
BITMAP
60C0
F1E0
F1E0
60C0
0000
0000
0000
0000
0000
0000
0000
0000
0000
00C0
01E0
01E0
00C0
0000
0000
0000
00C0
01E0
01E0
00C0
ENDCHAR
STARTCHAR 28AA
ENCODING 10410
SWIDTH 583 0
DWIDTH 14 0
BBX 11 24 2 -4
BITMAP
00C0
01E0
01E0
00C0
0000
0000
6000
F000
F000
6000
0000
0000
0000
00C0
01E0
01E0
00C0
0000
0000
0000
00C0
01E0
01E0
00C0
ENDCHAR
STARTCHAR 28AB
ENCODING 10411
SWIDTH 583 0
DWIDTH 14 0
BBX 11 24 2 -4
BITMAP
60C0
F1E0
F1E0
60C0
0000
0000
6000
F000
F000
6000
0000
0000
0000
00C0
01E0
01E0
00C0
0000
0000
0000
00C0
01E0
01E0
00C0
ENDCHAR
STARTCHAR 28AC
ENCODING 10412
SWIDTH 583 0
DWIDTH 14 0
BBX 11 24 2 -4
BITMAP
00C0
01E0
01E0
00C0
0000
0000
0000
0000
0000
0000
0000
0000
0000
60C0
F1E0
F1E0
60C0
0000
0000
0000
00C0
01E0
01E0
00C0
ENDCHAR
STARTCHAR 28AD
ENCODING 10413
SWIDTH 583 0
DWIDTH 14 0
BBX 11 24 2 -4
BITMAP
60C0
F1E0
F1E0
60C0
0000
0000
0000
0000
0000
0000
0000
0000
0000
60C0
F1E0
F1E0
60C0
0000
0000
0000
00C0
01E0
01E0
00C0
ENDCHAR
STARTCHAR 28AE
ENCODING 10414
SWIDTH 583 0
DWIDTH 14 0
BBX 11 24 2 -4
BITMAP
00C0
01E0
01E0
00C0
0000
0000
6000
F000
F000
6000
0000
0000
0000
60C0
F1E0
F1E0
60C0
0000
0000
0000
00C0
01E0
01E0
00C0
ENDCHAR
STARTCHAR 28AF
ENCODING 10415
SWIDTH 583 0
DWIDTH 14 0
BBX 11 24 2 -4
BITMAP
60C0
F1E0
F1E0
60C0
0000
0000
6000
F000
F000
6000
0000
0000
0000
60C0
F1E0
F1E0
60C0
0000
0000
0000
00C0
01E0
01E0
00C0
ENDCHAR
STARTCHAR 28B0
ENCODING 10416
SWIDTH 583 0
DWIDTH 14 0
BBX 4 18 9 -4
BITMAP
60
F0
F0
60
00
00
00
60
F0
F0
60
00
00
00
60
F0
F0
60
ENDCHAR
STARTCHAR 28B1
ENCODING 10417
SWIDTH 583 0
DWIDTH 14 0
BBX 11 24 2 -4
BITMAP
6000
F000
F000
6000
0000
0000
00C0
01E0
01E0
00C0
0000
0000
0000
00C0
01E0
01E0
00C0
0000
0000
0000
00C0
01E0
01E0
00C0
ENDCHAR
STARTCHAR 28B2
ENCODING 10418
SWIDTH 583 0
DWIDTH 14 0
BBX 11 18 2 -4
BITMAP
60C0
F1E0
F1E0
60C0
0000
0000
0000
00C0
01E0
01E0
00C0
0000
0000
0000
00C0
01E0
01E0
00C0
ENDCHAR
STARTCHAR 28B3
ENCODING 10419
SWIDTH 583 0
DWIDTH 14 0
BBX 11 24 2 -4
BITMAP
6000
F000
F000
6000
0000
0000
60C0
F1E0
F1E0
60C0
0000
0000
0000
00C0
01E0
01E0
00C0
0000
0000
0000
00C0
01E0
01E0
00C0
ENDCHAR
STARTCHAR 28B4
ENCODING 10420
SWIDTH 583 0
DWIDTH 14 0
BBX 11 18 2 -4
BITMAP
00C0
01E0
01E0
00C0
0000
0000
0000
60C0
F1E0
F1E0
60C0
0000
0000
0000
00C0
01E0
01E0
00C0
ENDCHAR
STARTCHAR 28B5
ENCODING 10421
SWIDTH 583 0
DWIDTH 14 0
BBX 11 24 2 -4
BITMAP
6000
F000
F000
6000
0000
0000
00C0
01E0
01E0
00C0
0000
0000
0000
60C0
F1E0
F1E0
60C0
0000
0000
0000
00C0
01E0
01E0
00C0
ENDCHAR
STARTCHAR 28B6
ENCODING 10422
SWIDTH 583 0
DWIDTH 14 0
BBX 11 18 2 -4
BITMAP
60C0
F1E0
F1E0
60C0
0000
0000
0000
60C0
F1E0
F1E0
60C0
0000
0000
0000
00C0
01E0
01E0
00C0
ENDCHAR
STARTCHAR 28B7
ENCODING 10423
SWIDTH 583 0
DWIDTH 14 0
BBX 11 24 2 -4
BITMAP
6000
F000
F000
6000
0000
0000
60C0
F1E0
F1E0
60C0
0000
0000
0000
60C0
F1E0
F1E0
60C0
0000
0000
0000
00C0
01E0
01E0
00C0
ENDCHAR
STARTCHAR 28B8
ENCODING 10424
SWIDTH 583 0
DWIDTH 14 0
BBX 4 24 9 -4
BITMAP
60
F0
F0
60
00
00
60
F0
F0
60
00
00
00
60
F0
F0
60
00
00
00
60
F0
F0
60
ENDCHAR
STARTCHAR 28B9
ENCODING 10425
SWIDTH 583 0
DWIDTH 14 0
BBX 11 24 2 -4
BITMAP
60C0
F1E0
F1E0
60C0
0000
0000
00C0
01E0
01E0
00C0
0000
0000
0000
00C0
01E0
01E0
00C0
0000
0000
0000
00C0
01E0
01E0
00C0
ENDCHAR
STARTCHAR 28BA
ENCODING 10426
SWIDTH 583 0
DWIDTH 14 0
BBX 11 24 2 -4
BITMAP
00C0
01E0
01E0
00C0
0000
0000
60C0
F1E0
F1E0
60C0
0000
0000
0000
00C0
01E0
01E0
00C0
0000
0000
0000
00C0
01E0
01E0
00C0
ENDCHAR
STARTCHAR 28BB
ENCODING 10427
SWIDTH 583 0
DWIDTH 14 0
BBX 11 24 2 -4
BITMAP
60C0
F1E0
F1E0
60C0
0000
0000
60C0
F1E0
F1E0
60C0
0000
0000
0000
00C0
01E0
01E0
00C0
0000
0000
0000
00C0
01E0
01E0
00C0
ENDCHAR
STARTCHAR 28BC
ENCODING 10428
SWIDTH 583 0
DWIDTH 14 0
BBX 11 24 2 -4
BITMAP
00C0
01E0
01E0
00C0
0000
0000
00C0
01E0
01E0
00C0
0000
0000
0000
60C0
F1E0
F1E0
60C0
0000
0000
0000
00C0
01E0
01E0
00C0
ENDCHAR
STARTCHAR 28BD
ENCODING 10429
SWIDTH 583 0
DWIDTH 14 0
BBX 11 24 2 -4
BITMAP
60C0
F1E0
F1E0
60C0
0000
0000
00C0
01E0
01E0
00C0
0000
0000
0000
60C0
F1E0
F1E0
60C0
0000
0000
0000
00C0
01E0
01E0
00C0
ENDCHAR
STARTCHAR 28BE
ENCODING 10430
SWIDTH 583 0
DWIDTH 14 0
BBX 11 24 2 -4
BITMAP
00C0
01E0
01E0
00C0
0000
0000
60C0
F1E0
F1E0
60C0
0000
0000
0000
60C0
F1E0
F1E0
60C0
0000
0000
0000
00C0
01E0
01E0
00C0
ENDCHAR
STARTCHAR 28BF
ENCODING 10431
SWIDTH 583 0
DWIDTH 14 0
BBX 11 24 2 -4
BITMAP
60C0
F1E0
F1E0
60C0
0000
0000
60C0
F1E0
F1E0
60C0
0000
0000
0000
60C0
F1E0
F1E0
60C0
0000
0000
0000
00C0
01E0
01E0
00C0
ENDCHAR
STARTCHAR 28C0
ENCODING 10432
SWIDTH 583 0
DWIDTH 14 0
BBX 11 4 2 -4
BITMAP
60C0
F1E0
F1E0
60C0
ENDCHAR
STARTCHAR 28C1
ENCODING 10433
SWIDTH 583 0
DWIDTH 14 0
BBX 11 24 2 -4
BITMAP
6000
F000
F000
6000
0000
0000
0000
0000
0000
0000
0000
0000
0000
0000
0000
0000
0000
0000
0000
0000
60C0
F1E0
F1E0
60C0
ENDCHAR
STARTCHAR 28C2
ENCODING 10434
SWIDTH 583 0
DWIDTH 14 0
BBX 11 18 2 -4
BITMAP
6000
F000
F000
6000
0000
0000
0000
0000
0000
0000
0000
0000
0000
0000
60C0
F1E0
F1E0
60C0
ENDCHAR
STARTCHAR 28C3
ENCODING 10435
SWIDTH 583 0
DWIDTH 14 0
BBX 11 24 2 -4
BITMAP
6000
F000
F000
6000
0000
0000
6000
F000
F000
6000
0000
0000
0000
0000
0000
0000
0000
0000
0000
0000
60C0
F1E0
F1E0
60C0
ENDCHAR
STARTCHAR 28C4
ENCODING 10436
SWIDTH 583 0
DWIDTH 14 0
BBX 11 11 2 -4
BITMAP
6000
F000
F000
6000
0000
0000
0000
60C0
F1E0
F1E0
60C0
ENDCHAR
STARTCHAR 28C5
ENCODING 10437
SWIDTH 583 0
DWIDTH 14 0
BBX 11 24 2 -4
BITMAP
6000
F000
F000
6000
0000
0000
0000
0000
0000
0000
0000
0000
0000
6000
F000
F000
6000
0000
0000
0000
60C0
F1E0
F1E0
60C0
ENDCHAR
STARTCHAR 28C6
ENCODING 10438
SWIDTH 583 0
DWIDTH 14 0
BBX 11 18 2 -4
BITMAP
6000
F000
F000
6000
0000
0000
0000
6000
F000
F000
6000
0000
0000
0000
60C0
F1E0
F1E0
60C0
ENDCHAR
STARTCHAR 28C7
ENCODING 10439
SWIDTH 583 0
DWIDTH 14 0
BBX 11 24 2 -4
BITMAP
6000
F000
F000
6000
0000
0000
6000
F000
F000
6000
0000
0000
0000
6000
F000
F000
6000
0000
0000
0000
60C0
F1E0
F1E0
60C0
ENDCHAR
STARTCHAR 28C8
ENCODING 10440
SWIDTH 583 0
DWIDTH 14 0
BBX 11 24 2 -4
BITMAP
00C0
01E0
01E0
00C0
0000
0000
0000
0000
0000
0000
0000
0000
0000
0000
0000
0000
0000
0000
0000
0000
60C0
F1E0
F1E0
60C0
ENDCHAR
STARTCHAR 28C9
ENCODING 10441
SWIDTH 583 0
DWIDTH 14 0
BBX 11 24 2 -4
BITMAP
60C0
F1E0
F1E0
60C0
0000
0000
0000
0000
0000
0000
0000
0000
0000
0000
0000
0000
0000
0000
0000
0000
60C0
F1E0
F1E0
60C0
ENDCHAR
STARTCHAR 28CA
ENCODING 10442
SWIDTH 583 0
DWIDTH 14 0
BBX 11 24 2 -4
BITMAP
00C0
01E0
01E0
00C0
0000
0000
6000
F000
F000
6000
0000
0000
0000
0000
0000
0000
0000
0000
0000
0000
60C0
F1E0
F1E0
60C0
ENDCHAR
STARTCHAR 28CB
ENCODING 10443
SWIDTH 583 0
DWIDTH 14 0
BBX 11 24 2 -4
BITMAP
60C0
F1E0
F1E0
60C0
0000
0000
6000
F000
F000
6000
0000
0000
0000
0000
0000
0000
0000
0000
0000
0000
60C0
F1E0
F1E0
60C0
ENDCHAR
STARTCHAR 28CC
ENCODING 10444
SWIDTH 583 0
DWIDTH 14 0
BBX 11 24 2 -4
BITMAP
00C0
01E0
01E0
00C0
0000
0000
0000
0000
0000
0000
0000
0000
0000
6000
F000
F000
6000
0000
0000
0000
60C0
F1E0
F1E0
60C0
ENDCHAR
STARTCHAR 28CD
ENCODING 10445
SWIDTH 583 0
DWIDTH 14 0
BBX 11 24 2 -4
BITMAP
60C0
F1E0
F1E0
60C0
0000
0000
0000
0000
0000
0000
0000
0000
0000
6000
F000
F000
6000
0000
0000
0000
60C0
F1E0
F1E0
60C0
ENDCHAR
STARTCHAR 28CE
ENCODING 10446
SWIDTH 583 0
DWIDTH 14 0
BBX 11 24 2 -4
BITMAP
00C0
01E0
01E0
00C0
0000
0000
6000
F000
F000
6000
0000
0000
0000
6000
F000
F000
6000
0000
0000
0000
60C0
F1E0
F1E0
60C0
ENDCHAR
STARTCHAR 28CF
ENCODING 10447
SWIDTH 583 0
DWIDTH 14 0
BBX 11 24 2 -4
BITMAP
60C0
F1E0
F1E0
60C0
0000
0000
6000
F000
F000
6000
0000
0000
0000
6000
F000
F000
6000
0000
0000
0000
60C0
F1E0
F1E0
60C0
ENDCHAR
STARTCHAR 28D0
ENCODING 10448
SWIDTH 583 0
DWIDTH 14 0
BBX 11 18 2 -4
BITMAP
00C0
01E0
01E0
00C0
0000
0000
0000
0000
0000
0000
0000
0000
0000
0000
60C0
F1E0
F1E0
60C0
ENDCHAR
STARTCHAR 28D1
ENCODING 10449
SWIDTH 583 0
DWIDTH 14 0
BBX 11 24 2 -4
BITMAP
6000
F000
F000
6000
0000
0000
00C0
01E0
01E0
00C0
0000
0000
0000
0000
0000
0000
0000
0000
0000
0000
60C0
F1E0
F1E0
60C0
ENDCHAR
STARTCHAR 28D2
ENCODING 10450
SWIDTH 583 0
DWIDTH 14 0
BBX 11 18 2 -4
BITMAP
60C0
F1E0
F1E0
60C0
0000
0000
0000
0000
0000
0000
0000
0000
0000
0000
60C0
F1E0
F1E0
60C0
ENDCHAR
STARTCHAR 28D3
ENCODING 10451
SWIDTH 583 0
DWIDTH 14 0
BBX 11 24 2 -4
BITMAP
6000
F000
F000
6000
0000
0000
60C0
F1E0
F1E0
60C0
0000
0000
0000
0000
0000
0000
0000
0000
0000
0000
60C0
F1E0
F1E0
60C0
ENDCHAR
STARTCHAR 28D4
ENCODING 10452
SWIDTH 583 0
DWIDTH 14 0
BBX 11 18 2 -4
BITMAP
00C0
01E0
01E0
00C0
0000
0000
0000
6000
F000
F000
6000
0000
0000
0000
60C0
F1E0
F1E0
60C0
ENDCHAR
STARTCHAR 28D5
ENCODING 10453
SWIDTH 583 0
DWIDTH 14 0
BBX 11 24 2 -4
BITMAP
6000
F000
F000
6000
0000
0000
00C0
01E0
01E0
00C0
0000
0000
0000
6000
F000
F000
6000
0000
0000
0000
60C0
F1E0
F1E0
60C0
ENDCHAR
STARTCHAR 28D6
ENCODING 10454
SWIDTH 583 0
DWIDTH 14 0
BBX 11 18 2 -4
BITMAP
60C0
F1E0
F1E0
60C0
0000
0000
0000
6000
F000
F000
6000
0000
0000
0000
60C0
F1E0
F1E0
60C0
ENDCHAR
STARTCHAR 28D7
ENCODING 10455
SWIDTH 583 0
DWIDTH 14 0
BBX 11 24 2 -4
BITMAP
6000
F000
F000
6000
0000
0000
60C0
F1E0
F1E0
60C0
0000
0000
0000
6000
F000
F000
6000
0000
0000
0000
60C0
F1E0
F1E0
60C0
ENDCHAR
STARTCHAR 28D8
ENCODING 10456
SWIDTH 583 0
DWIDTH 14 0
BBX 11 24 2 -4
BITMAP
00C0
01E0
01E0
00C0
0000
0000
00C0
01E0
01E0
00C0
0000
0000
0000
0000
0000
0000
0000
0000
0000
0000
60C0
F1E0
F1E0
60C0
ENDCHAR
STARTCHAR 28D9
ENCODING 10457
SWIDTH 583 0
DWIDTH 14 0
BBX 11 24 2 -4
BITMAP
60C0
F1E0
F1E0
60C0
0000
0000
00C0
01E0
01E0
00C0
0000
0000
0000
0000
0000
0000
0000
0000
0000
0000
60C0
F1E0
F1E0
60C0
ENDCHAR
STARTCHAR 28DA
ENCODING 10458
SWIDTH 583 0
DWIDTH 14 0
BBX 11 24 2 -4
BITMAP
00C0
01E0
01E0
00C0
0000
0000
60C0
F1E0
F1E0
60C0
0000
0000
0000
0000
0000
0000
0000
0000
0000
0000
60C0
F1E0
F1E0
60C0
ENDCHAR
STARTCHAR 28DB
ENCODING 10459
SWIDTH 583 0
DWIDTH 14 0
BBX 11 24 2 -4
BITMAP
60C0
F1E0
F1E0
60C0
0000
0000
60C0
F1E0
F1E0
60C0
0000
0000
0000
0000
0000
0000
0000
0000
0000
0000
60C0
F1E0
F1E0
60C0
ENDCHAR
STARTCHAR 28DC
ENCODING 10460
SWIDTH 583 0
DWIDTH 14 0
BBX 11 24 2 -4
BITMAP
00C0
01E0
01E0
00C0
0000
0000
00C0
01E0
01E0
00C0
0000
0000
0000
6000
F000
F000
6000
0000
0000
0000
60C0
F1E0
F1E0
60C0
ENDCHAR
STARTCHAR 28DD
ENCODING 10461
SWIDTH 583 0
DWIDTH 14 0
BBX 11 24 2 -4
BITMAP
60C0
F1E0
F1E0
60C0
0000
0000
00C0
01E0
01E0
00C0
0000
0000
0000
6000
F000
F000
6000
0000
0000
0000
60C0
F1E0
F1E0
60C0
ENDCHAR
STARTCHAR 28DE
ENCODING 10462
SWIDTH 583 0
DWIDTH 14 0
BBX 11 24 2 -4
BITMAP
00C0
01E0
01E0
00C0
0000
0000
60C0
F1E0
F1E0
60C0
0000
0000
0000
6000
F000
F000
6000
0000
0000
0000
60C0
F1E0
F1E0
60C0
ENDCHAR
STARTCHAR 28DF
ENCODING 10463
SWIDTH 583 0
DWIDTH 14 0
BBX 11 24 2 -4
BITMAP
60C0
F1E0
F1E0
60C0
0000
0000
60C0
F1E0
F1E0
60C0
0000
0000
0000
6000
F000
F000
6000
0000
0000
0000
60C0
F1E0
F1E0
60C0
ENDCHAR
STARTCHAR 28E0
ENCODING 10464
SWIDTH 583 0
DWIDTH 14 0
BBX 11 11 2 -4
BITMAP
00C0
01E0
01E0
00C0
0000
0000
0000
60C0
F1E0
F1E0
60C0
ENDCHAR
STARTCHAR 28E1
ENCODING 10465
SWIDTH 583 0
DWIDTH 14 0
BBX 11 24 2 -4
BITMAP
6000
F000
F000
6000
0000
0000
0000
0000
0000
0000
0000
0000
0000
00C0
01E0
01E0
00C0
0000
0000
0000
60C0
F1E0
F1E0
60C0
ENDCHAR
STARTCHAR 28E2
ENCODING 10466
SWIDTH 583 0
DWIDTH 14 0
BBX 11 18 2 -4
BITMAP
6000
F000
F000
6000
0000
0000
0000
00C0
01E0
01E0
00C0
0000
0000
0000
60C0
F1E0
F1E0
60C0
ENDCHAR
STARTCHAR 28E3
ENCODING 10467
SWIDTH 583 0
DWIDTH 14 0
BBX 11 24 2 -4
BITMAP
6000
F000
F000
6000
0000
0000
6000
F000
F000
6000
0000
0000
0000
00C0
01E0
01E0
00C0
0000
0000
0000
60C0
F1E0
F1E0
60C0
ENDCHAR
STARTCHAR 28E4
ENCODING 10468
SWIDTH 583 0
DWIDTH 14 0
BBX 11 11 2 -4
BITMAP
60C0
F1E0
F1E0
60C0
0000
0000
0000
60C0
F1E0
F1E0
60C0
ENDCHAR
STARTCHAR 28E5
ENCODING 10469
SWIDTH 583 0
DWIDTH 14 0
BBX 11 24 2 -4
BITMAP
6000
F000
F000
6000
0000
0000
0000
0000
0000
0000
0000
0000
0000
60C0
F1E0
F1E0
60C0
0000
0000
0000
60C0
F1E0
F1E0
60C0
ENDCHAR
STARTCHAR 28E6
ENCODING 10470
SWIDTH 583 0
DWIDTH 14 0
BBX 11 18 2 -4
BITMAP
6000
F000
F000
6000
0000
0000
0000
60C0
F1E0
F1E0
60C0
0000
0000
0000
60C0
F1E0
F1E0
60C0
ENDCHAR
STARTCHAR 28E7
ENCODING 10471
SWIDTH 583 0
DWIDTH 14 0
BBX 11 24 2 -4
BITMAP
6000
F000
F000
6000
0000
0000
6000
F000
F000
6000
0000
0000
0000
60C0
F1E0
F1E0
60C0
0000
0000
0000
60C0
F1E0
F1E0
60C0
ENDCHAR
STARTCHAR 28E8
ENCODING 10472
SWIDTH 583 0
DWIDTH 14 0
BBX 11 24 2 -4
BITMAP
00C0
01E0
01E0
00C0
0000
0000
0000
0000
0000
0000
0000
0000
0000
00C0
01E0
01E0
00C0
0000
0000
0000
60C0
F1E0
F1E0
60C0
ENDCHAR
STARTCHAR 28E9
ENCODING 10473
SWIDTH 583 0
DWIDTH 14 0
BBX 11 24 2 -4
BITMAP
60C0
F1E0
F1E0
60C0
0000
0000
0000
0000
0000
0000
0000
0000
0000
00C0
01E0
01E0
00C0
0000
0000
0000
60C0
F1E0
F1E0
60C0
ENDCHAR
STARTCHAR 28EA
ENCODING 10474
SWIDTH 583 0
DWIDTH 14 0
BBX 11 24 2 -4
BITMAP
00C0
01E0
01E0
00C0
0000
0000
6000
F000
F000
6000
0000
0000
0000
00C0
01E0
01E0
00C0
0000
0000
0000
60C0
F1E0
F1E0
60C0
ENDCHAR
STARTCHAR 28EB
ENCODING 10475
SWIDTH 583 0
DWIDTH 14 0
BBX 11 24 2 -4
BITMAP
60C0
F1E0
F1E0
60C0
0000
0000
6000
F000
F000
6000
0000
0000
0000
00C0
01E0
01E0
00C0
0000
0000
0000
60C0
F1E0
F1E0
60C0
ENDCHAR
STARTCHAR 28EC
ENCODING 10476
SWIDTH 583 0
DWIDTH 14 0
BBX 11 24 2 -4
BITMAP
00C0
01E0
01E0
00C0
0000
0000
0000
0000
0000
0000
0000
0000
0000
60C0
F1E0
F1E0
60C0
0000
0000
0000
60C0
F1E0
F1E0
60C0
ENDCHAR
STARTCHAR 28ED
ENCODING 10477
SWIDTH 583 0
DWIDTH 14 0
BBX 11 24 2 -4
BITMAP
60C0
F1E0
F1E0
60C0
0000
0000
0000
0000
0000
0000
0000
0000
0000
60C0
F1E0
F1E0
60C0
0000
0000
0000
60C0
F1E0
F1E0
60C0
ENDCHAR
STARTCHAR 28EE
ENCODING 10478
SWIDTH 583 0
DWIDTH 14 0
BBX 11 24 2 -4
BITMAP
00C0
01E0
01E0
00C0
0000
0000
6000
F000
F000
6000
0000
0000
0000
60C0
F1E0
F1E0
60C0
0000
0000
0000
60C0
F1E0
F1E0
60C0
ENDCHAR
STARTCHAR 28EF
ENCODING 10479
SWIDTH 583 0
DWIDTH 14 0
BBX 11 24 2 -4
BITMAP
60C0
F1E0
F1E0
60C0
0000
0000
6000
F000
F000
6000
0000
0000
0000
60C0
F1E0
F1E0
60C0
0000
0000
0000
60C0
F1E0
F1E0
60C0
ENDCHAR
STARTCHAR 28F0
ENCODING 10480
SWIDTH 583 0
DWIDTH 14 0
BBX 11 18 2 -4
BITMAP
00C0
01E0
01E0
00C0
0000
0000
0000
00C0
01E0
01E0
00C0
0000
0000
0000
60C0
F1E0
F1E0
60C0
ENDCHAR
STARTCHAR 28F1
ENCODING 10481
SWIDTH 583 0
DWIDTH 14 0
BBX 11 24 2 -4
BITMAP
6000
F000
F000
6000
0000
0000
00C0
01E0
01E0
00C0
0000
0000
0000
00C0
01E0
01E0
00C0
0000
0000
0000
60C0
F1E0
F1E0
60C0
ENDCHAR
STARTCHAR 28F2
ENCODING 10482
SWIDTH 583 0
DWIDTH 14 0
BBX 11 18 2 -4
BITMAP
60C0
F1E0
F1E0
60C0
0000
0000
0000
00C0
01E0
01E0
00C0
0000
0000
0000
60C0
F1E0
F1E0
60C0
ENDCHAR
STARTCHAR 28F3
ENCODING 10483
SWIDTH 583 0
DWIDTH 14 0
BBX 11 24 2 -4
BITMAP
6000
F000
F000
6000
0000
0000
60C0
F1E0
F1E0
60C0
0000
0000
0000
00C0
01E0
01E0
00C0
0000
0000
0000
60C0
F1E0
F1E0
60C0
ENDCHAR
STARTCHAR 28F4
ENCODING 10484
SWIDTH 583 0
DWIDTH 14 0
BBX 11 18 2 -4
BITMAP
00C0
01E0
01E0
00C0
0000
0000
0000
60C0
F1E0
F1E0
60C0
0000
0000
0000
60C0
F1E0
F1E0
60C0
ENDCHAR
STARTCHAR 28F5
ENCODING 10485
SWIDTH 583 0
DWIDTH 14 0
BBX 11 24 2 -4
BITMAP
6000
F000
F000
6000
0000
0000
00C0
01E0
01E0
00C0
0000
0000
0000
60C0
F1E0
F1E0
60C0
0000
0000
0000
60C0
F1E0
F1E0
60C0
ENDCHAR
STARTCHAR 28F6
ENCODING 10486
SWIDTH 583 0
DWIDTH 14 0
BBX 11 18 2 -4
BITMAP
60C0
F1E0
F1E0
60C0
0000
0000
0000
60C0
F1E0
F1E0
60C0
0000
0000
0000
60C0
F1E0
F1E0
60C0
ENDCHAR
STARTCHAR 28F7
ENCODING 10487
SWIDTH 583 0
DWIDTH 14 0
BBX 11 24 2 -4
BITMAP
6000
F000
F000
6000
0000
0000
60C0
F1E0
F1E0
60C0
0000
0000
0000
60C0
F1E0
F1E0
60C0
0000
0000
0000
60C0
F1E0
F1E0
60C0
ENDCHAR
STARTCHAR 28F8
ENCODING 10488
SWIDTH 583 0
DWIDTH 14 0
BBX 11 24 2 -4
BITMAP
00C0
01E0
01E0
00C0
0000
0000
00C0
01E0
01E0
00C0
0000
0000
0000
00C0
01E0
01E0
00C0
0000
0000
0000
60C0
F1E0
F1E0
60C0
ENDCHAR
STARTCHAR 28F9
ENCODING 10489
SWIDTH 583 0
DWIDTH 14 0
BBX 11 24 2 -4
BITMAP
60C0
F1E0
F1E0
60C0
0000
0000
00C0
01E0
01E0
00C0
0000
0000
0000
00C0
01E0
01E0
00C0
0000
0000
0000
60C0
F1E0
F1E0
60C0
ENDCHAR
STARTCHAR 28FA
ENCODING 10490
SWIDTH 583 0
DWIDTH 14 0
BBX 11 24 2 -4
BITMAP
00C0
01E0
01E0
00C0
0000
0000
60C0
F1E0
F1E0
60C0
0000
0000
0000
00C0
01E0
01E0
00C0
0000
0000
0000
60C0
F1E0
F1E0
60C0
ENDCHAR
STARTCHAR 28FB
ENCODING 10491
SWIDTH 583 0
DWIDTH 14 0
BBX 11 24 2 -4
BITMAP
60C0
F1E0
F1E0
60C0
0000
0000
60C0
F1E0
F1E0
60C0
0000
0000
0000
00C0
01E0
01E0
00C0
0000
0000
0000
60C0
F1E0
F1E0
60C0
ENDCHAR
STARTCHAR 28FC
ENCODING 10492
SWIDTH 583 0
DWIDTH 14 0
BBX 11 24 2 -4
BITMAP
00C0
01E0
01E0
00C0
0000
0000
00C0
01E0
01E0
00C0
0000
0000
0000
60C0
F1E0
F1E0
60C0
0000
0000
0000
60C0
F1E0
F1E0
60C0
ENDCHAR
STARTCHAR 28FD
ENCODING 10493
SWIDTH 583 0
DWIDTH 14 0
BBX 11 24 2 -4
BITMAP
60C0
F1E0
F1E0
60C0
0000
0000
00C0
01E0
01E0
00C0
0000
0000
0000
60C0
F1E0
F1E0
60C0
0000
0000
0000
60C0
F1E0
F1E0
60C0
ENDCHAR
STARTCHAR 28FE
ENCODING 10494
SWIDTH 583 0
DWIDTH 14 0
BBX 11 24 2 -4
BITMAP
00C0
01E0
01E0
00C0
0000
0000
60C0
F1E0
F1E0
60C0
0000
0000
0000
60C0
F1E0
F1E0
60C0
0000
0000
0000
60C0
F1E0
F1E0
60C0
ENDCHAR
STARTCHAR 28FF
ENCODING 10495
SWIDTH 583 0
DWIDTH 14 0
BBX 11 24 2 -4
BITMAP
60C0
F1E0
F1E0
60C0
0000
0000
60C0
F1E0
F1E0
60C0
0000
0000
0000
60C0
F1E0
F1E0
60C0
0000
0000
0000
60C0
F1E0
F1E0
60C0
ENDCHAR
STARTCHAR 2900
ENCODING 10496
SWIDTH 583 0
DWIDTH 14 0
BBX 13 10 1 3
BITMAP
0480
06C0
3360
31B0
FFF8
FFF8
31B0
3360
06C0
0480
ENDCHAR
STARTCHAR 2901
ENCODING 10497
SWIDTH 583 0
DWIDTH 14 0
BBX 13 10 1 3
BITMAP
0480
0FC0
DFE0
DBF0
FFF8
FFF8
DBF0
DFE0
0FC0
0480
ENDCHAR
STARTCHAR 2902
ENCODING 10498
SWIDTH 583 0
DWIDTH 14 0
BBX 13 10 1 3
BITMAP
0980
1980
3FF8
7FF8
C180
C180
7FF8
3FF8
1980
0980
ENDCHAR
STARTCHAR 2903
ENCODING 10499
SWIDTH 583 0
DWIDTH 14 0
BBX 14 10 0 3
BITMAP
0640
06E0
FFF0
FFF8
061C
061C
FFF8
FFF0
06E0
0640
ENDCHAR
STARTCHAR 2904
ENCODING 10500
SWIDTH 583 0
DWIDTH 14 0
BBX 13 10 1 3
BITMAP
1E80
1FC0
3FE0
7FF0
C638
C638
7FF0
3FE0
3FC0
1E80
ENDCHAR
STARTCHAR 2905
ENCODING 10501
SWIDTH 583 0
DWIDTH 14 0
BBX 13 10 1 3
BITMAP
C480
C6C0
C360
C1B0
FFF8
FFF8
C3F0
C7E0
CFC0
C480
ENDCHAR
STARTCHAR 2906
ENCODING 10502
SWIDTH 583 0
DWIDTH 14 0
BBX 13 10 1 3
BITMAP
0818
1818
3FF8
7FF8
C018
C018
7FF8
3FF8
1818
0818
ENDCHAR
STARTCHAR 2907
ENCODING 10503
SWIDTH 583 0
DWIDTH 14 0
BBX 13 10 1 3
BITMAP
C080
C0C0
FFE0
FFF0
C018
C038
FFF0
FFE0
C1C0
C080
ENDCHAR
STARTCHAR 2908
ENCODING 10504
SWIDTH 583 0
DWIDTH 14 0
BBX 10 20 2 -2
BITMAP
0C00
0C00
0C00
0C00
0C00
0C00
0C00
3F00
0C00
0C00
0C00
0C00
0C00
0C00
4C80
EDC0
7F80
3F00
1E00
0C00
ENDCHAR
STARTCHAR 2909
ENCODING 10505
SWIDTH 583 0
DWIDTH 14 0
BBX 10 20 2 -1
BITMAP
0C00
1E00
3F00
6D80
CCC0
0C00
0C00
0C00
0C00
0C00
0C00
3F00
0C00
0C00
0C00
0C00
0C00
0C00
0C00
0C00
ENDCHAR
STARTCHAR 290A
ENCODING 10506
SWIDTH 583 0
DWIDTH 14 0
BBX 9 20 3 -1
BITMAP
1800
3C00
7E00
EF00
EF80
AE00
2E00
2E00
2E00
2E00
2E00
2E00
2E00
2E00
2E00
2E00
2E00
2E00
2E00
2E00
ENDCHAR
STARTCHAR 290B
ENCODING 10507
SWIDTH 583 0
DWIDTH 14 0
BBX 9 20 3 -2
BITMAP
2E00
2E00
2E00
2E00
2E00
2E00
2E00
2E00
2E00
2E00
2E00
2E00
2E00
2E00
AF00
EF80
6F00
3E00
1C00
1800
ENDCHAR
STARTCHAR 290C
ENCODING 10508
SWIDTH 583 0
DWIDTH 14 0
BBX 13 10 1 3
BITMAP
0800
1800
3000
6000
FDF8
FDF8
6000
3000
1800
0800
ENDCHAR
STARTCHAR 290D
ENCODING 10509
SWIDTH 583 0
DWIDTH 14 0
BBX 14 10 0 3
BITMAP
0040
00E0
0070
0038
FDFC
FDFC
0038
0070
00E0
0040
ENDCHAR
STARTCHAR 290E
ENCODING 10510
SWIDTH 583 0
DWIDTH 14 0
BBX 13 9 1 3
BITMAP
0800
1800
3000
6000
F738
F738
6000
3000
1800
ENDCHAR
STARTCHAR 290F
ENCODING 10511
SWIDTH 583 0
DWIDTH 14 0
BBX 13 10 1 3
BITMAP
0080
00C0
0060
0030
E778
E778
0030
0060
00C0
0080
ENDCHAR
STARTCHAR 2910
ENCODING 10512
SWIDTH 583 0
DWIDTH 14 0
BBX 14 10 0 3
BITMAP
8240
C7E0
63F0
31F8
1EFC
1EF8
31B0
6360
C6C0
8200
ENDCHAR
STARTCHAR 2911
ENCODING 10513
SWIDTH 583 0
DWIDTH 14 0
BBX 13 10 1 3
BITMAP
0080
00C0
0060
0030
D9B8
D9B8
0030
0060
00C0
0080
ENDCHAR
STARTCHAR 2912
ENCODING 10514
SWIDTH 583 0
DWIDTH 14 0
BBX 10 21 2 -2
BITMAP
FFC0
FFC0
0000
0C00
1E00
3F00
6D80
CCC0
0C00
0C00
0C00
0C00
0C00
0C00
0C00
0C00
0C00
0C00
0C00
0C00
0C00
ENDCHAR
STARTCHAR 2913
ENCODING 10515
SWIDTH 583 0
DWIDTH 14 0
BBX 10 21 2 -3
BITMAP
0C00
0C00
0C00
0C00
0C00
0C00
0C00
0C00
0C00
0C00
0C00
0C00
4C00
ECC0
7D80
3F00
1E00
0C00
0000
FFC0
FFC0
ENDCHAR
STARTCHAR 2914
ENCODING 10516
SWIDTH 583 0
DWIDTH 14 0
BBX 14 10 0 3
BITMAP
8040
C0E0
6370
3338
1FFC
1FFC
3338
6370
C0E0
8040
ENDCHAR
STARTCHAR 2915
ENCODING 10517
SWIDTH 583 0
DWIDTH 14 0
BBX 14 10 0 3
BITMAP
4040
E060
76B0
3E98
1FFC
1FFC
3E98
76B0
E0E0
4040
ENDCHAR
STARTCHAR 2916
ENCODING 10518
SWIDTH 583 0
DWIDTH 14 0
BBX 14 10 0 3
BITMAP
8240
C7E0
63F0
31F8
1FFC
1FFC
31F8
63F0
C7E0
8240
ENDCHAR
STARTCHAR 2917
ENCODING 10519
SWIDTH 583 0
DWIDTH 14 0
BBX 14 10 0 3
BITMAP
C240
E7E0
7FF0
3CD8
1FFC
1FFC
3DF8
6FF0
C7E0
0240
ENDCHAR
STARTCHAR 2918
ENCODING 10520
SWIDTH 583 0
DWIDTH 14 0
BBX 14 10 0 3
BITMAP
8240
C7E0
6FF0
3DF8
1FFC
1FFC
3DF8
6FF0
C7E0
8240
ENDCHAR
STARTCHAR 2919
ENCODING 10521
SWIDTH 583 0
DWIDTH 14 0
BBX 14 10 1 3
BITMAP
0008
0018
0030
0060
FFC0
FFE0
0070
0038
001C
0008
ENDCHAR
STARTCHAR 291A
ENCODING 10522
SWIDTH 583 0
DWIDTH 14 0
BBX 14 10 0 3
BITMAP
8000
C000
6000
3000
1FFC
1FFC
3000
6000
C000
8000
ENDCHAR
STARTCHAR 291B
ENCODING 10523
SWIDTH 583 0
DWIDTH 14 0
BBX 14 10 1 3
BITMAP
0048
00D8
01B0
0360
FFC0
FFE0
03F0
01F8
00FC
0048
ENDCHAR
STARTCHAR 291C
ENCODING 10524
SWIDTH 583 0
DWIDTH 14 0
BBX 14 10 0 3
BITMAP
9000
D800
6C00
3600
1FFC
1FFC
3600
6C00
D800
9000
ENDCHAR
STARTCHAR 291D
ENCODING 10525
SWIDTH 583 0
DWIDTH 14 0
BBX 13 10 1 3
BITMAP
0080
01C0
0300
4600
EFF8
EFF8
4700
0380
01C0
0080
ENDCHAR
STARTCHAR 291E
ENCODING 10526
SWIDTH 583 0
DWIDTH 14 0
BBX 13 10 1 3
BITMAP
1000
1800
0C00
0630
FF78
FF78
0630
0C00
1800
1000
ENDCHAR
STARTCHAR 291F
ENCODING 10527
SWIDTH 583 0
DWIDTH 14 0
BBX 13 10 1 3
BITMAP
0098
01D8
0398
4718
EFF8
EFF8
4718
0398
01D8
0098
ENDCHAR
STARTCHAR 2920
ENCODING 10528
SWIDTH 583 0
DWIDTH 14 0
BBX 13 10 1 3
BITMAP
D000
D800
CC00
C630
FF78
FF78
C630
CC00
D800
C000
ENDCHAR
STARTCHAR 2921
ENCODING 10529
SWIDTH 583 0
DWIDTH 14 0
BBX 14 18 0 -1
BITMAP
6000
7F00
7F00
7800
5C00
CC00
CE00
4700
0300
0380
01C0
00C4
00EC
007C
003C
03F8
01F8
0008
ENDCHAR
STARTCHAR 2922
ENCODING 10530
SWIDTH 583 0
DWIDTH 14 0
BBX 14 18 0 -1
BITMAP
0008
01F8
03F8
003C
007C
00EC
00C4
01C0
0380
0300
4700
CE00
CC00
5C00
7800
7F00
7F00
6000
ENDCHAR
STARTCHAR 2923
ENCODING 10531
SWIDTH 583 0
DWIDTH 14 0
BBX 13 21 0 -4
BITMAP
6000
7F00
7700
7800
DC00
CC00
CE00
0700
0300
0380
01C0
00C0
00E0
0070
0030
0038
0018
0038
03F8
01F0
0040
ENDCHAR
STARTCHAR 2924
ENCODING 10532
SWIDTH 583 0
DWIDTH 14 0
BBX 13 21 1 -4
BITMAP
0030
07F0
0770
00F8
00D8
01D8
0398
0300
0700
0E00
0C00
1C00
3800
3000
7000
E000
C000
E000
FE00
7C00
1000
ENDCHAR
STARTCHAR 2925
ENCODING 10533
SWIDTH 583 0
DWIDTH 14 0
BBX 13 21 1 -1
BITMAP
1000
7C00
FE00
E000
C000
E000
7000
3000
3800
1C00
0C00
0E00
0700
0300
0398
01D8
00D8
00F8
07F0
07F0
0030
ENDCHAR
STARTCHAR 2926
ENCODING 10534
SWIDTH 583 0
DWIDTH 14 0
BBX 13 21 0 -1
BITMAP
0040
01F0
01F8
0038
0018
0038
0030
0070
00E0
00C0
01C0
0380
0300
0700
CE00
CC00
DC00
7800
7700
7F00
6000
ENDCHAR
STARTCHAR 2933
ENCODING 10547
SWIDTH 583 0
DWIDTH 14 0
BBX 13 10 1 3
BITMAP
0080
01C0
3C60
6E30
E7F8
C3F8
0070
00E0
01C0
0080
ENDCHAR
STARTCHAR 2940
ENCODING 10560
SWIDTH 583 0
DWIDTH 14 0
BBX 10 19 2 0
BITMAP
0600
0E00
1E00
3F80
6F80
C6C0
C0C0
C0C0
C0C0
C0C0
C0C0
C0C0
C0C0
C0C0
C0C0
C0C0
61C0
7F80
1F00
ENDCHAR
STARTCHAR 2941
ENCODING 10561
SWIDTH 583 0
DWIDTH 14 0
BBX 10 19 2 0
BITMAP
1800
1C00
1E00
3F80
7D80
D8C0
C0C0
C0C0
C0C0
C0C0
C0C0
C0C0
C0C0
C0C0
C0C0
C0C0
61C0
7F80
1F00
ENDCHAR
STARTCHAR 2947
ENCODING 10567
SWIDTH 583 0
DWIDTH 14 0
BBX 13 10 1 3
BITMAP
0080
01C0
23E0
3670
FFF8
FFF8
3770
23E0
01C0
0080
ENDCHAR
STARTCHAR 2948
ENCODING 10568
SWIDTH 583 0
DWIDTH 14 0
BBX 14 10 0 3
BITMAP
0C40
1CE0
3FB0
7C78
FFFC
7C78
34F0
1FF0
0CE0
0440
ENDCHAR
STARTCHAR 294A
ENCODING 10570
SWIDTH 583 0
DWIDTH 14 0
BBX 13 10 1 3
BITMAP
0800
1800
3000
7000
FFF8
FFF0
0060
00C0
0180
0080
ENDCHAR
STARTCHAR 294B
ENCODING 10571
SWIDTH 583 0
DWIDTH 14 0
BBX 13 10 1 3
BITMAP
0080
01C0
00C0
0060
FFF0
FFF8
7000
3000
1800
0800
ENDCHAR
STARTCHAR 294C
ENCODING 10572
SWIDTH 583 0
DWIDTH 14 0
BBX 10 20 2 -1
BITMAP
0800
0E00
0F00
0F80
0DC0
0C00
0C00
0C00
0C00
0C00
0C00
0C00
0C00
0C00
4C00
EC00
3C00
1C00
0C00
0400
ENDCHAR
STARTCHAR 294D
ENCODING 10573
SWIDTH 583 0
DWIDTH 14 0
BBX 10 20 2 -1
BITMAP
0400
0C00
3C00
7C00
EC00
4C00
0C00
0C00
0C00
0C00
0C00
0C00
0C00
0C00
0C80
0DC0
0F80
0E00
0C00
0800
ENDCHAR
STARTCHAR 294E
ENCODING 10574
SWIDTH 583 0
DWIDTH 14 0
BBX 13 6 1 7
BITMAP
0880
19C0
30C0
7060
FFF0
FFF8
ENDCHAR
STARTCHAR 294F
ENCODING 10575
SWIDTH 583 0
DWIDTH 14 0
BBX 6 20 6 -1
BITMAP
80
E0
F0
F8
DC
C0
C0
C0
C0
C0
C0
C0
C0
C0
C8
DC
F8
E0
C0
80
ENDCHAR
STARTCHAR 2950
ENCODING 10576
SWIDTH 583 0
DWIDTH 14 0
BBX 13 6 1 3
BITMAP
FFF8
FFF0
7060
30C0
1980
0880
ENDCHAR
STARTCHAR 2951
ENCODING 10577
SWIDTH 583 0
DWIDTH 14 0
BBX 6 20 2 -1
BITMAP
04
0C
3C
7C
EC
4C
0C
0C
0C
0C
0C
0C
0C
0C
4C
EC
3C
1C
0C
04
ENDCHAR
STARTCHAR 2952
ENCODING 10578
SWIDTH 583 0
DWIDTH 14 0
BBX 14 10 0 3
BITMAP
C100
C300
C600
CE00
CFFC
DFFC
C000
C000
C000
C000
ENDCHAR
STARTCHAR 2953
ENCODING 10579
SWIDTH 583 0
DWIDTH 14 0
BBX 14 10 1 3
BITMAP
020C
070C
038C
018C
FFCC
FFEC
000C
000C
000C
000C
ENDCHAR
STARTCHAR 2954
ENCODING 10580
SWIDTH 583 0
DWIDTH 14 0
BBX 10 21 2 -2
BITMAP
FFC0
FFC0
0000
0800
0E00
0F00
0F80
0DC0
0C00
0C00
0C00
0C00
0C00
0C00
0C00
0C00
0C00
0C00
0C00
0C00
0C00
ENDCHAR
STARTCHAR 2955
ENCODING 10581
SWIDTH 583 0
DWIDTH 14 0
BBX 10 21 2 -3
BITMAP
0C00
0C00
0C00
0C00
0C00
0C00
0C00
0C00
0C00
0C00
0C00
0C00
0C80
0DC0
0F80
0F00
0C00
0800
0000
FFC0
FFC0
ENDCHAR
STARTCHAR 2956
ENCODING 10582
SWIDTH 583 0
DWIDTH 14 0
BBX 14 10 0 3
BITMAP
C000
C000
C000
C000
DFFC
CFFC
CE00
C700
C300
C100
ENDCHAR
STARTCHAR 2957
ENCODING 10583
SWIDTH 583 0
DWIDTH 14 0
BBX 14 10 1 3
BITMAP
000C
000C
000C
000C
FFEC
FFCC
018C
030C
070C
020C
ENDCHAR
STARTCHAR 2958
ENCODING 10584
SWIDTH 583 0
DWIDTH 14 0
BBX 10 21 2 -2
BITMAP
FFC0
FFC0
0000
0400
0C00
3C00
7C00
EC00
4C00
0C00
0C00
0C00
0C00
0C00
0C00
0C00
0C00
0C00
0C00
0C00
0C00
ENDCHAR
STARTCHAR 2959
ENCODING 10585
SWIDTH 583 0
DWIDTH 14 0
BBX 10 21 2 -3
BITMAP
0C00
0C00
0C00
0C00
0C00
0C00
0C00
0C00
0C00
0C00
0C00
0C00
4C00
EC00
7C00
1C00
0C00
0400
0000
FFC0
FFC0
ENDCHAR
STARTCHAR 295A
ENCODING 10586
SWIDTH 583 0
DWIDTH 14 0
BBX 13 10 1 3
BITMAP
0818
1818
3818
7018
7FF8
FFF8
0018
0018
0018
0018
ENDCHAR
STARTCHAR 295B
ENCODING 10587
SWIDTH 583 0
DWIDTH 14 0
BBX 13 10 1 3
BITMAP
C080
C1C0
C0E0
C060
FFF0
FFF8
C000
C000
C000
C000
ENDCHAR
STARTCHAR 295C
ENCODING 10588
SWIDTH 583 0
DWIDTH 14 0
BBX 10 20 2 -2
BITMAP
0800
0C00
0E00
0F80
0DC0
0C80
0C00
0C00
0C00
0C00
0C00
0C00
0C00
0C00
0C00
0C00
0C00
0C00
FFC0
FFC0
ENDCHAR
STARTCHAR 295D
ENCODING 10589
SWIDTH 583 0
DWIDTH 14 0
BBX 10 20 2 -2
BITMAP
FFC0
FFC0
0C00
0C00
0C00
0C00
0C00
0C00
0C00
0C00
0C00
0C00
0C00
0C00
0CC0
0DC0
0F00
0E00
0C00
0800
ENDCHAR
STARTCHAR 295E
ENCODING 10590
SWIDTH 583 0
DWIDTH 14 0
BBX 13 10 1 3
BITMAP
0018
0018
0018
0018
FFF8
7FF8
3018
3818
1C18
0818
ENDCHAR
STARTCHAR 295F
ENCODING 10591
SWIDTH 583 0
DWIDTH 14 0
BBX 13 10 1 3
BITMAP
C000
C000
C000
C000
FFF8
FFF0
C060
C0C0
C1C0
C080
ENDCHAR
STARTCHAR 2960
ENCODING 10592
SWIDTH 583 0
DWIDTH 14 0
BBX 10 20 2 -2
BITMAP
0400
0C00
1C00
3C00
EC00
4C00
0C00
0C00
0C00
0C00
0C00
0C00
0C00
0C00
0C00
0C00
0C00
0C00
FFC0
FFC0
ENDCHAR
STARTCHAR 2961
ENCODING 10593
SWIDTH 583 0
DWIDTH 14 0
BBX 10 20 2 -2
BITMAP
FFC0
FFC0
0C00
0C00
0C00
0C00
0C00
0C00
0C00
0C00
0C00
0C00
0C00
0C00
4C00
EC00
3C00
1C00
0C00
0400
ENDCHAR
STARTCHAR 2962
ENCODING 10594
SWIDTH 583 0
DWIDTH 14 0
BBX 13 15 1 1
BITMAP
0800
1800
3000
7000
FFF8
FFF8
0000
0000
0000
FFF8
FFF8
7000
3000
1800
0800
ENDCHAR
STARTCHAR 2963
ENCODING 10595
SWIDTH 583 0
DWIDTH 14 0
BBX 15 20 0 -1
BITMAP
0440
1C60
3C78
7C7C
EC6E
0C64
0C60
0C60
0C60
0C60
0C60
0C60
0C60
0C60
0C60
0C60
0C60
0C60
0C60
0C60
ENDCHAR
STARTCHAR 2964
ENCODING 10596
SWIDTH 583 0
DWIDTH 14 0
BBX 13 15 1 1
BITMAP
0080
0180
00C0
0060
FFF0
FFF8
0000
0000
0000
FFF8
FFF0
0060
00C0
01C0
0080
ENDCHAR
STARTCHAR 2965
ENCODING 10597
SWIDTH 583 0
DWIDTH 14 0
BBX 15 20 0 -2
BITMAP
0C60
0C60
0C60
0C60
0C60
0C60
0C60
0C60
0C60
0C60
0C60
0C60
0C60
0C60
4C64
EC6E
7C78
1C70
0C60
0440
ENDCHAR
STARTCHAR 296E
ENCODING 10606
SWIDTH 583 0
DWIDTH 14 0
BBX 15 20 0 -1
BITMAP
0460
1C60
3C60
7C60
EC60
0C60
0C60
0C60
0C60
0C60
0C60
0C60
0C60
0C60
0C64
0C6E
0C78
0C70
0C60
0C40
ENDCHAR
STARTCHAR 296F
ENCODING 10607
SWIDTH 583 0
DWIDTH 14 0
BBX 15 20 0 -1
BITMAP
0C40
0C60
0C78
0C7C
0C6E
0C64
0C60
0C60
0C60
0C60
0C60
0C60
0C60
0C60
4C60
EC60
7C60
1C60
0C60
0460
ENDCHAR
STARTCHAR 2980
ENCODING 10624
SWIDTH 583 0
DWIDTH 14 0
BBX 10 23 3 -3
BITMAP
CCC0
CCC0
CCC0
CCC0
CCC0
CCC0
CCC0
CCC0
CCC0
CCC0
CCC0
CCC0
CCC0
CCC0
CCC0
CCC0
CCC0
CCC0
CCC0
CCC0
CCC0
CCC0
CCC0
ENDCHAR
STARTCHAR 2981
ENCODING 10625
SWIDTH 583 0
DWIDTH 14 0
BBX 8 8 3 4
BITMAP
3C
7E
FF
FF
FF
FF
7E
3C
ENDCHAR
STARTCHAR 2982
ENCODING 10626
SWIDTH 583 0
DWIDTH 14 0
BBX 6 15 4 -1
BITMAP
30
78
CC
CC
CC
78
30
00
00
78
FC
CC
CC
FC
78
ENDCHAR
STARTCHAR 2983
ENCODING 10627
SWIDTH 583 0
DWIDTH 14 0
BBX 9 23 2 -3
BITMAP
0380
0780
0F80
0D80
0D80
0D80
0D80
0D80
0D80
1D80
3980
F180
7980
1D80
0D80
0D80
0D80
0D80
0D80
0D80
0F80
0780
0380
ENDCHAR
STARTCHAR 2984
ENCODING 10628
SWIDTH 583 0
DWIDTH 14 0
BBX 9 23 3 -3
BITMAP
E000
F000
F800
D800
D800
D800
D800
D800
D800
DC00
CE00
C780
CF00
DC00
D800
D800
D800
D800
D800
D800
F800
F000
E000
ENDCHAR
STARTCHAR 2987
ENCODING 10631
SWIDTH 583 0
DWIDTH 14 0
BBX 7 24 4 -4
BITMAP
02
0E
1E
3E
36
76
66
E6
C6
C6
C6
C6
C6
C6
C6
C6
E6
66
76
3E
1E
0E
06
02
ENDCHAR
STARTCHAR 2988
ENCODING 10632
SWIDTH 583 0
DWIDTH 14 0
BBX 7 24 4 -4
BITMAP
80
E0
F0
F0
F8
DC
CC
CC
CE
C6
C6
C6
C6
C6
C6
CE
CC
CC
DC
F8
F0
E0
C0
80
ENDCHAR
STARTCHAR 2989
ENCODING 10633
SWIDTH 583 0
DWIDTH 14 0
BBX 7 22 3 -2
BITMAP
02
02
06
06
0E
1E
1E
3E
76
66
E6
E6
76
36
3E
1E
1E
0E
06
06
02
02
ENDCHAR
STARTCHAR 298A
ENCODING 10634
SWIDTH 583 0
DWIDTH 14 0
BBX 7 22 4 -2
BITMAP
80
80
C0
E0
E0
F0
F0
F8
DC
CC
CE
CE
DC
D8
F8
F0
F0
E0
C0
C0
80
80
ENDCHAR
STARTCHAR 2999
ENCODING 10649
SWIDTH 583 0
DWIDTH 14 0
BBX 3 17 6 0
BITMAP
E0
E0
E0
00
00
E0
E0
00
00
00
E0
E0
00
00
E0
E0
E0
ENDCHAR
STARTCHAR 299A
ENCODING 10650
SWIDTH 583 0
DWIDTH 14 0
BBX 6 23 4 -3
BITMAP
70
38
1C
38
70
70
38
1C
38
70
E0
38
1C
38
70
E0
70
1C
1C
78
E0
70
3C
ENDCHAR
STARTCHAR 29A2
ENCODING 10658
SWIDTH 583 0
DWIDTH 14 0
BBX 12 12 1 2
BITMAP
FFF0
FFE0
01C0
0380
0700
0E00
1C00
3800
7000
E000
C000
8000
ENDCHAR
STARTCHAR 29A3
ENCODING 10659
SWIDTH 583 0
DWIDTH 14 0
BBX 12 12 1 2
BITMAP
8000
C000
E000
7000
3800
1C00
0E00
0700
0380
01C0
FFE0
FFF0
ENDCHAR
STARTCHAR 29B0
ENCODING 10672
SWIDTH 583 0
DWIDTH 14 0
BBX 11 20 2 -1
BITMAP
C000
DE00
7F80
7380
71C0
F1C0
F8C0
F8E0
FCE0
ECE0
EEE0
E6E0
E7E0
E3C0
E3C0
61C0
7380
3FC0
1FC0
00E0
ENDCHAR
STARTCHAR 29B1
ENCODING 10673
SWIDTH 583 0
DWIDTH 14 0
BBX 11 23 2 -1
BITMAP
FFC0
FFC0
0000
0040
1EC0
3FC0
7380
61C0
E3C0
E3C0
E7E0
E6E0
EEE0
ECE0
FCE0
F8E0
F8C0
F0C0
71C0
7380
7F80
FF00
C000
ENDCHAR
STARTCHAR 29B2
ENCODING 10674
SWIDTH 583 0
DWIDTH 14 0
BBX 10 25 2 -1
BITMAP
0C00
1E00
1300
1B00
1E00
00C0
1EC0
3FC0
7380
61C0
E3C0
E3C0
E6C0
E6C0
EEC0
ECC0
FCC0
F8C0
F8C0
F1C0
71C0
7380
7F80
FF00
C000
ENDCHAR
STARTCHAR 29B3
ENCODING 10675
SWIDTH 583 0
DWIDTH 14 0
BBX 11 24 2 -1
BITMAP
0180
7FC0
0080
0000
0040
1EC0
3FC0
7380
61C0
E3C0
E3C0
E7E0
E6E0
EEE0
ECE0
FCE0
F8E0
F8C0
F0C0
71C0
7380
7F80
FF00
C000
ENDCHAR
STARTCHAR 29B4
ENCODING 10676
SWIDTH 583 0
DWIDTH 14 0
BBX 11 24 2 -1
BITMAP
2000
7F80
2000
0000
0040
1EC0
3FC0
7380
61C0
E3C0
E3C0
E7E0
E6E0
EEE0
ECE0
FCE0
F8E0
F8C0
F0C0
71C0
7380
7F80
FF00
C000
ENDCHAR
STARTCHAR 29B5
ENCODING 10677
SWIDTH 583 0
DWIDTH 14 0
BBX 14 12 0 2
BITMAP
07C0
1FE0
3870
3038
7018
FFFC
FFFC
7018
3038
3870
1FE0
0780
ENDCHAR
STARTCHAR 29B6
ENCODING 10678
SWIDTH 583 0
DWIDTH 14 0
BBX 12 12 1 2
BITMAP
0F00
3FC0
76E0
6660
C630
C630
C630
C630
6660
76E0
3FC0
0F00
ENDCHAR
STARTCHAR 29B7
ENCODING 10679
SWIDTH 583 0
DWIDTH 14 0
BBX 12 12 1 2
BITMAP
0F00
3FC0
79E0
6960
C930
C930
C930
C930
6960
79E0
3FC0
0F00
ENDCHAR
STARTCHAR 29B8
ENCODING 10680
SWIDTH 583 0
DWIDTH 14 0
BBX 12 12 1 2
BITMAP
0F00
3FC0
70E0
7860
DC30
CE30
C730
C3B0
61E0
70E0
3FC0
0F00
ENDCHAR
STARTCHAR 29B9
ENCODING 10681
SWIDTH 583 0
DWIDTH 14 0
BBX 12 12 1 2
BITMAP
1F80
3FC0
74E0
E470
C430
C430
C430
FFF0
6060
70E0
3FC0
0F00
ENDCHAR
STARTCHAR 29BA
ENCODING 10682
SWIDTH 583 0
DWIDTH 14 0
BBX 12 12 1 2
BITMAP
1F80
3FC0
76E0
E670
C630
FFF0
FFF0
C030
6060
70E0
3FC0
0F00
ENDCHAR
STARTCHAR 29BB
ENCODING 10683
SWIDTH 583 0
DWIDTH 14 0
BBX 12 12 1 2
BITMAP
CF30
FFF0
70E0
79E0
DFB0
CF30
CF30
DFB0
79E0
70E0
FFF0
CF30
ENDCHAR
STARTCHAR 29BC
ENCODING 10684
SWIDTH 583 0
DWIDTH 14 0
BBX 12 12 1 2
BITMAP
0F00
3FC0
70E0
79E0
DBB0
C730
CE30
DDB0
79E0
70E0
3FC0
0F00
ENDCHAR
STARTCHAR 29BD
ENCODING 10685
SWIDTH 583 0
DWIDTH 14 0
BBX 12 24 1 -3
BITMAP
0600
0F00
1F80
36C0
6660
0600
1F80
3FC0
76E0
E670
C630
C630
C630
C630
6660
76E0
3FC0
0F00
0600
0600
0600
0600
0600
0600
ENDCHAR
STARTCHAR 29BE
ENCODING 10686
SWIDTH 583 0
DWIDTH 14 0
BBX 12 12 1 2
BITMAP
0F00
3FC0
70E0
6060
CE30
C930
C930
C630
6060
70E0
3FC0
0F00
ENDCHAR
STARTCHAR 29BF
ENCODING 10687
SWIDTH 583 0
DWIDTH 14 0
BBX 12 12 1 2
BITMAP
0F00
3FC0
70E0
6060
CF30
CF30
CF30
C630
6060
70E0
3FC0
0F00
ENDCHAR
STARTCHAR 29C4
ENCODING 10692
SWIDTH 583 0
DWIDTH 14 0
BBX 12 12 1 2
BITMAP
FFF0
FFF0
C0F0
C1F0
C3B0
C730
CE30
DC30
F830
F030
FFF0
FFF0
ENDCHAR
STARTCHAR 29C5
ENCODING 10693
SWIDTH 583 0
DWIDTH 14 0
BBX 12 12 1 2
BITMAP
FFF0
FFF0
F030
F830
DC30
CE30
C730
C3B0
C1F0
C0F0
FFF0
FFF0
ENDCHAR
STARTCHAR 29C6
ENCODING 10694
SWIDTH 583 0
DWIDTH 14 0
BBX 12 12 1 2
BITMAP
FFF0
FFF0
C630
F6F0
FFF0
DFB0
DFB0
FFF0
E670
C630
FFF0
FFF0
ENDCHAR
STARTCHAR 29C7
ENCODING 10695
SWIDTH 583 0
DWIDTH 14 0
BBX 12 12 1 2
BITMAP
FFF0
FFF0
C030
C030
CE30
C930
C930
C630
C030
C030
FFF0
FFF0
ENDCHAR
STARTCHAR 29C8
ENCODING 10696
SWIDTH 583 0
DWIDTH 14 0
BBX 12 12 1 2
BITMAP
FFF0
FFF0
C030
C030
CF30
C930
C930
CF30
C030
C030
FFF0
FFF0
ENDCHAR
STARTCHAR 29C9
ENCODING 10697
SWIDTH 583 0
DWIDTH 14 0
BBX 12 12 1 2
BITMAP
FF80
FF80
C180
DFF0
DFF0
D9B0
D9B0
FFB0
FFB0
1830
1FF0
1FF0
ENDCHAR
STARTCHAR 29CA
ENCODING 10698
SWIDTH 583 0
DWIDTH 14 0
BBX 14 18 0 2
BITMAP
0300
0780
0780
0300
0000
0000
0100
0300
0780
0780
0CC0
0C60
1860
3030
3030
6018
7FF8
FFFC
ENDCHAR
STARTCHAR 29CB
ENCODING 10699
SWIDTH 583 0
DWIDTH 14 0
BBX 14 16 0 -2
BITMAP
0100
0300
0380
0780
0CC0
0C60
1860
1030
3030
6018
7FFC
FFFC
0000
0000
FFFC
FFFC
ENDCHAR
STARTCHAR 29CD
ENCODING 10701
SWIDTH 583 0
DWIDTH 14 0
BBX 14 12 0 2
BITMAP
0100
0300
0380
0780
0CC0
0C60
1860
1830
3010
6018
FFFC
FFFC
ENDCHAR
STARTCHAR 29CE
ENCODING 10702
SWIDTH 583 0
DWIDTH 14 0
BBX 10 18 2 0
BITMAP
C000
F800
FE00
CF80
C3C0
C1C0
CF80
FE40
F9C0
EFC0
3EC0
F8C0
E0C0
F0C0
3EC0
0FC0
03C0
00C0
ENDCHAR
STARTCHAR 29D1
ENCODING 10705
SWIDTH 583 0
DWIDTH 14 0
BBX 11 12 2 2
BITMAP
8060
C0E0
E1E0
F3E0
FF60
FE60
FE60
FB60
F1E0
E0E0
C060
8020
ENDCHAR
STARTCHAR 29D2
ENCODING 10706
SWIDTH 583 0
DWIDTH 14 0
BBX 11 12 2 2
BITMAP
C020
E060
F0E0
F9E0
DFE0
CFE0
CFE0
DBE0
F1E0
E0E0
C060
8020
ENDCHAR
STARTCHAR 29D3
ENCODING 10707
SWIDTH 583 0
DWIDTH 14 0
BBX 11 12 2 2
BITMAP
8060
C0E0
E1E0
F3E0
FFE0
FFE0
FFE0
FBE0
F1E0
E0E0
C060
8020
ENDCHAR
STARTCHAR 29D4
ENCODING 10708
SWIDTH 583 0
DWIDTH 14 0
BBX 11 12 2 2
BITMAP
8060
C0E0
E1C0
F380
FF00
FE00
FE00
FF00
F380
E1C0
C0E0
8060
ENDCHAR
STARTCHAR 29D5
ENCODING 10709
SWIDTH 583 0
DWIDTH 14 0
BBX 12 12 1 2
BITMAP
C030
E070
70F0
39F0
1FF0
0FF0
0FF0
1FF0
39F0
70F0
E070
4030
ENDCHAR
STARTCHAR 29D6
ENCODING 10710
SWIDTH 583 0
DWIDTH 14 0
BBX 13 18 1 -1
BITMAP
FFF8
FFF0
6070
3060
38C0
19C0
1D80
0F00
0700
0700
0F00
1D80
19C0
30C0
3060
6060
FFF0
FFF8
ENDCHAR
STARTCHAR 29D7
ENCODING 10711
SWIDTH 583 0
DWIDTH 14 0
BBX 13 18 1 -1
BITMAP
FFF8
FFF0
7FE0
3FE0
3FC0
1FC0
1F80
0F00
0700
0700
0F00
1F80
1FC0
3FC0
3FE0
7FE0
FFF0
FFF8
ENDCHAR
STARTCHAR 29D8
ENCODING 10712
SWIDTH 583 0
DWIDTH 14 0
BBX 6 23 4 -3
BITMAP
70
38
1C
38
E0
70
3C
3C
70
F0
38
1C
38
70
70
38
1C
78
E0
78
1C
38
70
ENDCHAR
STARTCHAR 29D9
ENCODING 10713
SWIDTH 583 0
DWIDTH 14 0
BBX 6 23 4 -3
BITMAP
3C
70
F0
38
1C
38
70
70
38
1C
38
E0
70
1C
3C
70
70
38
1C
38
70
70
3C
ENDCHAR
STARTCHAR 29DA
ENCODING 10714
SWIDTH 583 0
DWIDTH 14 0
BBX 11 23 2 -3
BITMAP
F700
3BC0
3DC0
7380
E700
7380
39C0
39C0
7380
E700
7380
1DE0
3BC0
E700
F700
39C0
39C0
7380
E700
7380
39C0
39C0
F780
ENDCHAR
STARTCHAR 29DB
ENCODING 10715
SWIDTH 583 0
DWIDTH 14 0
BBX 11 23 2 -3
BITMAP
39C0
7380
E700
7380
3DE0
3BC0
E700
F700
39C0
3DC0
7380
E700
7380
39C0
39C0
7780
E700
7380
1DE0
7B80
E700
7780
39C0
ENDCHAR
STARTCHAR 29DF
ENCODING 10719
SWIDTH 583 0
DWIDTH 14 0
BBX 11 4 2 6
BITMAP
F3C0
DE60
DE60
F3C0
ENDCHAR
STARTCHAR 29E2
ENCODING 10722
SWIDTH 583 0
DWIDTH 14 0
BBX 12 16 1 0
BITMAP
C630
C630
C630
C630
C630
C630
C630
C630
C630
C630
C630
C630
C630
C630
FFF0
FFF0
ENDCHAR
STARTCHAR 29E3
ENCODING 10723
SWIDTH 583 0
DWIDTH 14 0
BBX 14 17 0 0
BITMAP
01CC
01DC
019C
03B8
0338
7FF8
7FF8
0EE0
0CE0
1CC0
7FF8
7FF8
3380
7300
7700
E600
EE00
ENDCHAR
STARTCHAR 29E4
ENCODING 10724
SWIDTH 583 0
DWIDTH 14 0
BBX 14 22 0 0
BITMAP
0F30
1FF0
3BE0
0080
0000
01CC
01DC
019C
03B8
0338
7FF8
7FF8
0EE0
0CE0
1CC0
7FF8
7FF8
3380
7300
7700
E600
EE00
ENDCHAR
STARTCHAR 29E5
ENCODING 10725
SWIDTH 583 0
DWIDTH 14 0
BBX 14 16 0 0
BITMAP
01DC
019C
03B8
7FF8
7FF8
0670
0E60
7FF8
7FF8
1DC0
19C0
7FF8
7FF8
7700
6700
EE00
ENDCHAR
STARTCHAR 29E6
ENCODING 10726
SWIDTH 583 0
DWIDTH 14 0
BBX 10 16 2 0
BITMAP
E1C0
E1C0
E1C0
E1C0
FFC0
FFC0
E1C0
E1C0
E1C0
FFC0
FFC0
FFC0
E1C0
E1C0
E1C0
E1C0
ENDCHAR
STARTCHAR 29E7
ENCODING 10727
SWIDTH 583 0
DWIDTH 14 0
BBX 10 17 2 0
BITMAP
0E00
0E00
0E00
0E00
0E00
FFC0
FFC0
0E00
0E00
0E00
FFC0
FFC0
0E00
0E00
0E00
0E00
0E00
ENDCHAR
STARTCHAR 29E8
ENCODING 10728
SWIDTH 583 0
DWIDTH 14 0
BBX 14 11 0 2
BITMAP
FFFC
7FF8
3E18
3E30
1E30
1E60
0E40
06C0
0780
0380
0300
ENDCHAR
STARTCHAR 29E9
ENCODING 10729
SWIDTH 583 0
DWIDTH 14 0
BBX 14 11 0 2
BITMAP
FFFC
7FF8
21F8
31F0
19F0
19E0
0DC0
05C0
0780
0380
0300
ENDCHAR
STARTCHAR 29EB
ENCODING 10731
SWIDTH 583 0
DWIDTH 14 0
BBX 8 11 3 2
BITMAP
08
18
3C
3E
7E
FF
7F
7E
3C
1C
18
ENDCHAR
STARTCHAR 29F4
ENCODING 10740
SWIDTH 583 0
DWIDTH 14 0
BBX 12 12 1 2
BITMAP
E000
E300
E180
00C0
0060
0FF0
0FF0
0060
00C0
E180
E100
E000
ENDCHAR
STARTCHAR 29F5
ENCODING 10741
SWIDTH 583 0
DWIDTH 14 0
BBX 10 23 2 -3
BITMAP
E000
E000
7000
7000
7000
3800
3800
3800
1C00
1C00
1C00
0E00
0E00
0E00
0700
0700
0700
0380
0380
0380
01C0
01C0
01C0
ENDCHAR
STARTCHAR 29F6
ENCODING 10742
SWIDTH 583 0
DWIDTH 14 0
BBX 10 26 2 -3
BITMAP
3F00
3F00
0000
01C0
01C0
01C0
0380
0380
0380
0700
0700
0700
0E00
0E00
0E00
1C00
1C00
1C00
3800
3800
3800
7000
7000
7000
E000
E000
ENDCHAR
STARTCHAR 29F7
ENCODING 10743
SWIDTH 583 0
DWIDTH 14 0
BBX 10 24 2 -4
BITMAP
E000
E000
E000
7000
7000
7000
3800
3800
3800
1C00
1C00
FFC0
FFC0
0E00
0E00
0700
0700
0300
0380
0380
0180
01C0
01C0
00C0
ENDCHAR
STARTCHAR 29F8
ENCODING 10744
SWIDTH 583 0
DWIDTH 14 0
BBX 10 30 2 -7
BITMAP
01C0
01C0
01C0
01C0
0380
0380
0380
0380
0700
0700
0700
0700
0E00
0E00
0E00
0C00
1C00
1C00
1C00
1800
3800
3800
3800
7000
7000
7000
7000
E000
E000
E000
ENDCHAR
STARTCHAR 29F9
ENCODING 10745
SWIDTH 583 0
DWIDTH 14 0
BBX 10 30 2 -7
BITMAP
E000
E000
6000
7000
7000
7000
3000
3800
3800
3800
1C00
1C00
1C00
1C00
0E00
0E00
0E00
0E00
0700
0700
0700
0700
0380
0380
0380
0180
01C0
01C0
01C0
00C0
ENDCHAR
STARTCHAR 29FA
ENCODING 10746
SWIDTH 583 0
DWIDTH 14 0
BBX 10 11 2 3
BITMAP
3380
3380
3380
3380
3380
FFC0
FFC0
3380
3380
3380
3380
ENDCHAR
STARTCHAR 29FB
ENCODING 10747
SWIDTH 583 0
DWIDTH 14 0
BBX 10 11 2 3
BITMAP
6D80
6D80
6D80
6D80
6D80
FFC0
FFC0
6D80
6D80
6D80
6D80
ENDCHAR
STARTCHAR 2A00
ENCODING 10752
SWIDTH 583 0
DWIDTH 14 0
BBX 16 17 -1 0
BITMAP
03C0
0FF0
3C3C
700E
6006
E007
C003
C3C3
C3C3
C3C3
C3C3
E007
6006
700E
381C
1FF8
07E0
ENDCHAR
STARTCHAR 2A01
ENCODING 10753
SWIDTH 583 0
DWIDTH 14 0
BBX 16 17 -1 0
BITMAP
03C0
0FF0
3C3C
718E
6186
E187
C183
C183
DFFB
DFFB
C183
E187
6186
718E
381C
1FF8
07E0
ENDCHAR
STARTCHAR 2A02
ENCODING 10754
SWIDTH 583 0
DWIDTH 14 0
BBX 16 17 -1 0
BITMAP
03C0
0FF0
3C3C
700E
781E
EC37
C663
C3C3
C183
C3C3
C7E3
EE77
7C3E
781E
381C
1FF8
07E0
ENDCHAR
STARTCHAR 2A05
ENCODING 10757
SWIDTH 583 0
DWIDTH 14 0
BBX 10 22 2 -3
BITMAP
FFC0
FFC0
E1C0
E1C0
E1C0
E1C0
E1C0
E1C0
E1C0
E1C0
E1C0
E1C0
E1C0
E1C0
E1C0
E1C0
E1C0
E1C0
E1C0
E1C0
E1C0
E1C0
ENDCHAR
STARTCHAR 2A06
ENCODING 10758
SWIDTH 583 0
DWIDTH 14 0
BBX 10 22 2 -3
BITMAP
E1C0
E1C0
E1C0
E1C0
E1C0
E1C0
E1C0
E1C0
E1C0
E1C0
E1C0
E1C0
E1C0
E1C0
E1C0
E1C0
E1C0
E1C0
E1C0
E1C0
FFC0
FFC0
ENDCHAR
STARTCHAR 2A09
ENCODING 10761
SWIDTH 583 0
DWIDTH 14 0
BBX 12 23 1 -4
BITMAP
4020
E030
6070
7060
70E0
38C0
39C0
1DC0
1F80
0F80
0F00
0700
0F00
0F00
0F80
1F80
19C0
39C0
38E0
70E0
7070
E070
E030
ENDCHAR
STARTCHAR 2A11
ENCODING 10769
SWIDTH 583 0
DWIDTH 14 0
BBX 11 22 2 -3
BITMAP
03C0
07C0
0E00
0E00
0E00
0E00
0E00
0E00
0E00
0E00
0E40
CEE0
CEC0
EFC0
7FC0
3F00
0E00
0E00
0E00
1C00
7C00
7000
ENDCHAR
STARTCHAR 2A12
ENCODING 10770
SWIDTH 583 0
DWIDTH 14 0
BBX 9 22 3 -3
BITMAP
0780
0F80
1C00
1C00
1C00
1C00
1F80
1F80
0180
1D80
1D80
1D80
0180
0180
1F80
1F80
1C00
1C00
1C00
3800
F800
F000
ENDCHAR
STARTCHAR 2A13
ENCODING 10771
SWIDTH 583 0
DWIDTH 14 0
BBX 10 22 3 -3
BITMAP
0780
0F80
1C00
1C00
1C00
1C00
1F00
0380
01C0
1CC0
1CC0
1CC0
00C0
0180
1F80
1E00
1C00
1C00
1C00
3800
F800
F000
ENDCHAR
STARTCHAR 2A14
ENCODING 10772
SWIDTH 583 0
DWIDTH 14 0
BBX 11 22 3 -3
BITMAP
0780
0F80
1C00
1C00
1C00
1F00
1F80
11C0
00E0
0E60
0E60
0E60
00E0
00C0
1FC0
1F00
1C00
1C00
1C00
3800
F800
E000
ENDCHAR
STARTCHAR 2A15
ENCODING 10773
SWIDTH 583 0
DWIDTH 14 0
BBX 10 22 2 -3
BITMAP
0380
0780
0E00
0E00
0E00
0E00
3F00
7380
E1C0
CEC0
CEC0
CEC0
C0C0
E1C0
7F80
1F00
0E00
0E00
0E00
1C00
7C00
7000
ENDCHAR
STARTCHAR 2A16
ENCODING 10774
SWIDTH 583 0
DWIDTH 14 0
BBX 10 22 2 -3
BITMAP
03C0
07C0
0E00
0C00
0C00
0C00
FFC0
FFC0
CCC0
CCC0
CCC0
CCC0
CCC0
CCC0
FFC0
FFC0
0C00
0C00
0C00
1C00
7800
7000
ENDCHAR
STARTCHAR 2A1D
ENCODING 10781
SWIDTH 583 0
DWIDTH 14 0
BBX 10 23 2 -3
BITMAP
8040
C0C0
C0C0
C0C0
E1C0
E1C0
F3C0
F3C0
DFC0
DEC0
DEC0
CCC0
CCC0
DEC0
DEC0
FBC0
F3C0
F3C0
E1C0
E1C0
C0C0
C0C0
8040
ENDCHAR
STARTCHAR 2A1E
ENCODING 10782
SWIDTH 583 0
DWIDTH 14 0
BBX 10 22 3 -3
BITMAP
0040
00C0
01C0
03C0
07C0
0FC0
1FC0
3DC0
79C0
71C0
E1C0
E1C0
71C0
39C0
1DC0
0FC0
0FC0
07C0
03C0
01C0
00C0
0040
ENDCHAR
STARTCHAR 2A1F
ENCODING 10783
SWIDTH 583 0
DWIDTH 14 0
BBX 6 19 4 -5
BITMAP
30
78
CC
CC
CC
78
30
00
00
78
FC
CC
CC
FC
7C
18
38
30
60
ENDCHAR
STARTCHAR 2A20
ENCODING 10784
SWIDTH 583 0
DWIDTH 14 0
BBX 13 14 0 1
BITMAP
6300
7380
39C0
1CE0
0E70
0738
0318
0318
0738
0E70
1DE0
7BC0
E700
4200
ENDCHAR
STARTCHAR 2A21
ENCODING 10785
SWIDTH 583 0
DWIDTH 14 0
BBX 6 22 6 -2
BITMAP
C0
E0
F0
F8
CC
C0
C0
C0
C0
C0
C0
C0
C0
C0
C0
C0
C0
C0
C0
C0
C0
C0
ENDCHAR
STARTCHAR 2A22
ENCODING 10786
SWIDTH 583 0
DWIDTH 14 0
BBX 10 17 2 3
BITMAP
0C00
1E00
1300
1A00
1E00
0000
0C00
0C00
0C00
0C00
0C00
FFC0
FFC0
0C00
0C00
0C00
0C00
ENDCHAR
STARTCHAR 2A23
ENCODING 10787
SWIDTH 583 0
DWIDTH 14 0
BBX 10 16 2 3
BITMAP
1E00
3F00
7380
2100
0000
0C00
0C00
0C00
0C00
0C00
FFC0
FFC0
0C00
0C00
0C00
0C00
ENDCHAR
STARTCHAR 2A24
ENCODING 10788
SWIDTH 583 0
DWIDTH 14 0
BBX 12 15 1 3
BITMAP
3C20
7F70
E7E0
4180
0600
0600
0600
0600
0600
7FE0
7FE0
0600
0600
0600
0600
ENDCHAR
STARTCHAR 2A25
ENCODING 10789
SWIDTH 583 0
DWIDTH 14 0
BBX 10 13 2 0
BITMAP
0C00
0C00
0C00
0C00
FFC0
FFC0
0C00
0C00
0C00
0000
1E00
1E00
1E00
ENDCHAR
STARTCHAR 2A26
ENCODING 10790
SWIDTH 583 0
DWIDTH 14 0
BBX 12 16 1 -2
BITMAP
0600
0600
0600
0600
0600
7FE0
7FE0
0600
0600
0600
0600
0000
3C20
7E70
E7E0
43C0
ENDCHAR
STARTCHAR 2A2A
ENCODING 10794
SWIDTH 583 0
DWIDTH 14 0
BBX 10 8 2 1
BITMAP
FFC0
FFC0
0000
0000
0000
1E00
1E00
1E00
ENDCHAR
STARTCHAR 2A2B
ENCODING 10795
SWIDTH 583 0
DWIDTH 14 0
BBX 10 13 2 2
BITMAP
E000
E000
E000
0000
0000
0000
FFC0
FFC0
0000
0000
01C0
01C0
01C0
ENDCHAR
STARTCHAR 2A2C
ENCODING 10796
SWIDTH 583 0
DWIDTH 14 0
BBX 10 13 2 2
BITMAP
01C0
01C0
01C0
0000
0000
0000
FFC0
FFC0
0000
0000
E000
E000
E000
ENDCHAR
STARTCHAR 2A2D
ENCODING 10797
SWIDTH 583 0
DWIDTH 14 0
BBX 11 12 1 2
BITMAP
1C00
3E00
7600
E600
C600
FFE0
FFE0
C600
E600
7600
3E00
1C00
ENDCHAR
STARTCHAR 2A2E
ENCODING 10798
SWIDTH 583 0
DWIDTH 14 0
BBX 11 12 2 2
BITMAP
0700
0F80
0DC0
0CE0
0C60
FFE0
FFE0
0C60
0CE0
0DC0
0F80
0700
ENDCHAR
STARTCHAR 2A2F
ENCODING 10799
SWIDTH 583 0
DWIDTH 14 0
BBX 13 13 1 2
BITMAP
4000
E030
F070
78E0
3DC0
1F80
0F00
0F80
1FC0
39E0
70F0
E078
4030
ENDCHAR
STARTCHAR 2A30
ENCODING 10800
SWIDTH 583 0
DWIDTH 14 0
BBX 13 13 1 2
BITMAP
4700
E738
F770
78E0
3DC0
1F80
0F00
0F80
1FC0
39E0
70F0
E038
4010
ENDCHAR
STARTCHAR 2A31
ENCODING 10801
SWIDTH 583 0
DWIDTH 14 0
BBX 13 14 1 1
BITMAP
E030
F070
78E0
3DC0
1F80
0F00
0F80
1FC0
39E0
70F0
E078
4030
7FF0
7FF0
ENDCHAR
STARTCHAR 2A32
ENCODING 10802
SWIDTH 583 0
DWIDTH 14 0
BBX 12 12 1 2
BITMAP
C030
E070
70E0
39C0
1F80
0F00
0F00
1F80
39C0
70E0
FFF0
FFF0
ENDCHAR
STARTCHAR 2A34
ENCODING 10804
SWIDTH 583 0
DWIDTH 14 0
BBX 11 12 1 2
BITMAP
1C00
3C40
70E0
F9C0
DF80
CF00
CF00
DF80
F9C0
70E0
3C00
0C00
ENDCHAR
STARTCHAR 2A35
ENCODING 10805
SWIDTH 583 0
DWIDTH 14 0
BBX 10 12 3 2
BITMAP
0E00
8F80
C380
E7C0
7EC0
3CC0
3CC0
7EC0
E7C0
C380
0F00
0E00
ENDCHAR
STARTCHAR 2A36
ENCODING 10806
SWIDTH 583 0
DWIDTH 14 0
BBX 12 17 1 2
BITMAP
0F00
1F80
39C0
1080
0000
0F00
3FC0
70E0
79E0
DFB0
CF30
CF30
DFB0
79E0
70E0
3FC0
0F00
ENDCHAR
STARTCHAR 2A38
ENCODING 10808
SWIDTH 583 0
DWIDTH 14 0
BBX 12 12 1 2
BITMAP
0F00
3FC0
76E0
6660
C030
FFF0
FFF0
C030
6660
70E0
3FC0
0F00
ENDCHAR
STARTCHAR 2A3C
ENCODING 10812
SWIDTH 583 0
DWIDTH 14 0
BBX 11 6 2 5
BITMAP
00E0
00E0
00E0
00E0
FFE0
FFE0
ENDCHAR
STARTCHAR 2A3D
ENCODING 10813
SWIDTH 583 0
DWIDTH 14 0
BBX 10 6 2 5
BITMAP
E000
E000
E000
E000
FFC0
FFC0
ENDCHAR
STARTCHAR 2A3E
ENCODING 10814
SWIDTH 583 0
DWIDTH 14 0
BBX 5 12 5 -4
BITMAP
F0
D8
D0
70
00
F0
D0
D8
70
30
60
60
ENDCHAR
STARTCHAR 2A3F
ENCODING 10815
SWIDTH 583 0
DWIDTH 14 0
BBX 12 17 1 0
BITMAP
F9F0
F9F0
70E0
70E0
70E0
70E0
70E0
70E0
70E0
70E0
70E0
70E0
70E0
70E0
70E0
FFF0
FFF0
ENDCHAR
STARTCHAR 2A40
ENCODING 10816
SWIDTH 583 0
DWIDTH 14 0
BBX 10 17 2 0
BITMAP
1E00
7F80
6180
E0C0
DEC0
DEC0
DEC0
DEC0
C0C0
C0C0
C0C0
C0C0
C0C0
C0C0
C0C0
C0C0
C0C0
ENDCHAR
STARTCHAR 2A41
ENCODING 10817
SWIDTH 583 0
DWIDTH 14 0
BBX 10 17 2 0
BITMAP
C0C0
C0C0
C0C0
C0C0
C0C0
C0C0
C0C0
C0C0
C0C0
C0C0
C0C0
DFC0
C0C0
E0C0
61C0
7F80
1F00
ENDCHAR
STARTCHAR 2A42
ENCODING 10818
SWIDTH 583 0
DWIDTH 14 0
BBX 10 16 2 0
BITMAP
FFC0
FFC0
0000
0000
E1C0
E1C0
E1C0
E1C0
E1C0
E1C0
E1C0
E1C0
E1C0
F3C0
7F80
3F00
ENDCHAR
STARTCHAR 2A43
ENCODING 10819
SWIDTH 583 0
DWIDTH 14 0
BBX 10 16 2 0
BITMAP
FFC0
FFC0
0000
0000
3F00
7F80
F3C0
E1C0
E1C0
E1C0
E1C0
E1C0
E1C0
E1C0
E1C0
E1C0
ENDCHAR
STARTCHAR 2A4C
ENCODING 10828
SWIDTH 583 0
DWIDTH 14 0
BBX 12 16 1 0
BITMAP
FFF0
FFF0
7060
7060
7060
7060
7060
7060
7060
7060
7060
7060
70E0
38E0
3FC0
1F80
ENDCHAR
STARTCHAR 2A4D
ENCODING 10829
SWIDTH 583 0
DWIDTH 14 0
BBX 12 16 1 0
BITMAP
1F80
3FC0
38E0
70E0
7060
7060
7060
7060
7060
7060
7060
7060
7060
7060
FFF0
FFF0
ENDCHAR
STARTCHAR 2A4E
ENCODING 10830
SWIDTH 583 0
DWIDTH 14 0
BBX 10 17 2 0
BITMAP
FFC0
FFC0
C0C0
FFC0
F3C0
F3C0
F3C0
F3C0
F3C0
F3C0
F3C0
F3C0
F3C0
F3C0
F3C0
F3C0
F3C0
ENDCHAR
STARTCHAR 2A4F
ENCODING 10831
SWIDTH 583 0
DWIDTH 14 0
BBX 10 16 2 0
BITMAP
F3C0
F3C0
F3C0
F3C0
F3C0
F3C0
F3C0
F3C0
F3C0
F3C0
F3C0
F3C0
FFC0
C0C0
C0C0
FFC0
ENDCHAR
STARTCHAR 2A53
ENCODING 10835
SWIDTH 583 0
DWIDTH 14 0
BBX 12 16 1 0
BITMAP
0600
0700
0F00
0D00
0D80
0980
1A80
1E80
16C0
37C0
3740
2D60
6D60
69A0
59B0
D8B0
ENDCHAR
STARTCHAR 2A54
ENCODING 10836
SWIDTH 583 0
DWIDTH 14 0
BBX 11 16 2 0
BITMAP
B160
B360
D340
DAC0
5EC0
6E80
6D80
2D80
3500
3700
1300
1A00
1E00
0E00
0E00
0C00
ENDCHAR
STARTCHAR 2A57
ENCODING 10839
SWIDTH 583 0
DWIDTH 14 0
BBX 10 16 2 0
BITMAP
E1C0
E180
E380
E380
E700
E700
E600
EE00
EC00
FC00
F800
F800
F000
F000
F000
E000
ENDCHAR
STARTCHAR 2A58
ENCODING 10840
SWIDTH 583 0
DWIDTH 14 0
BBX 10 16 3 0
BITMAP
03C0
03C0
07C0
07C0
07C0
0FC0
0DC0
1DC0
19C0
39C0
31C0
71C0
71C0
E1C0
E1C0
C1C0
ENDCHAR
STARTCHAR 2A5A
ENCODING 10842
SWIDTH 583 0
DWIDTH 14 0
BBX 10 16 2 0
BITMAP
1E00
1E00
1E00
1E00
1F00
3F00
3F00
3F00
3F00
7D80
6D80
6D80
6D80
6DC0
ECC0
CCC0
ENDCHAR
STARTCHAR 2A5B
ENCODING 10843
SWIDTH 583 0
DWIDTH 14 0
BBX 10 16 2 0
BITMAP
CCC0
ECC0
6DC0
6D80
6D80
6D80
3F80
3F00
3F00
3F00
3F00
1F00
1E00
1E00
1E00
0E00
ENDCHAR
STARTCHAR 2A5C
ENCODING 10844
SWIDTH 583 0
DWIDTH 14 0
BBX 10 16 2 0
BITMAP
0E00
1E00
1E00
1E00
1F00
3F00
3F00
FFC0
FFC0
7380
7380
7180
6180
61C0
E1C0
E1C0
ENDCHAR
STARTCHAR 2A5D
ENCODING 10845
SWIDTH 583 0
DWIDTH 14 0
BBX 10 16 2 0
BITMAP
E1C0
E1C0
61C0
6180
7180
7380
7380
FFC0
FFC0
3F00
3F00
1F00
1E00
1E00
1E00
0E00
ENDCHAR
STARTCHAR 2A5E
ENCODING 10846
SWIDTH 583 0
DWIDTH 14 0
BBX 10 18 2 0
BITMAP
FFC0
FFC0
0000
0000
FFC0
FFC0
0000
0000
0E00
1E00
1E00
3F00
3B00
3300
7380
7180
61C0
E1C0
ENDCHAR
STARTCHAR 2A5F
ENCODING 10847
SWIDTH 583 0
DWIDTH 14 0
BBX 10 16 2 0
BITMAP
1E00
1E00
1E00
1F00
3F00
3B00
3380
7380
7180
61C0
E1C0
E0C0
0000
0000
FFC0
FFC0
ENDCHAR
STARTCHAR 2A60
ENCODING 10848
SWIDTH 583 0
DWIDTH 14 0
BBX 10 18 2 -2
BITMAP
1E00
1E00
1F00
3F00
3B00
3380
7380
6180
61C0
E1C0
0000
0000
FFC0
FFC0
0000
0000
FFC0
FFC0
ENDCHAR
STARTCHAR 2A61
ENCODING 10849
SWIDTH 583 0
DWIDTH 14 0
BBX 10 13 2 0
BITMAP
E1C0
61C0
7180
7380
3300
3F00
1F00
1E00
1E00
0E00
0000
FFC0
FFC0
ENDCHAR
STARTCHAR 2A62
ENCODING 10850
SWIDTH 583 0
DWIDTH 14 0
BBX 10 18 2 0
BITMAP
FFC0
FFC0
0000
0000
FFC0
FFC0
0000
0000
E1C0
61C0
6180
7380
3380
3B00
3F00
1F00
1E00
1E00
ENDCHAR
STARTCHAR 2A63
ENCODING 10851
SWIDTH 583 0
DWIDTH 14 0
BBX 10 18 2 -2
BITMAP
E1C0
61C0
7180
7380
3380
3B00
3F00
1E00
1E00
0E00
0000
0000
FFC0
FFC0
0000
0000
FFC0
FFC0
ENDCHAR
STARTCHAR 2A64
ENCODING 10852
SWIDTH 583 0
DWIDTH 14 0
BBX 11 16 2 0
BITMAP
0020
0060
01E0
07E0
0FE0
3CE0
F8E0
FFE0
FFE0
78E0
3EE0
0FE0
03E0
01E0
0060
0020
ENDCHAR
STARTCHAR 2A65
ENCODING 10853
SWIDTH 583 0
DWIDTH 14 0
BBX 10 14 2 1
BITMAP
C000
F000
F800
FE00
EF00
E3C0
FFC0
FFC0
E3C0
EF00
FE00
F800
E000
C000
ENDCHAR
STARTCHAR 2A66
ENCODING 10854
SWIDTH 583 0
DWIDTH 14 0
BBX 10 12 2 0
BITMAP
FFC0
FFC0
0000
0000
0000
FFC0
FFC0
0000
0000
1E00
1E00
1E00
ENDCHAR
STARTCHAR 2A67
ENCODING 10855
SWIDTH 583 0
DWIDTH 14 0
BBX 10 15 2 3
BITMAP
1E00
1E00
1E00
0000
0000
FFC0
FFC0
0000
0000
FFC0
FFC0
0000
0000
FFC0
FFC0
ENDCHAR
STARTCHAR 2A68
ENCODING 10856
SWIDTH 583 0
DWIDTH 14 0
BBX 11 16 2 0
BITMAP
3180
3180
3180
FFE0
FFE0
3180
3180
FFE0
FFE0
3180
3180
FFE0
FFE0
3180
3180
3180
ENDCHAR
STARTCHAR 2A69
ENCODING 10857
SWIDTH 583 0
DWIDTH 14 0
BBX 12 16 1 0
BITMAP
2660
2660
2660
FFF0
FFF0
2660
2660
FFF0
FFF0
2660
FFF0
FFF0
FFF0
2660
2660
2660
ENDCHAR
STARTCHAR 2A6A
ENCODING 10858
SWIDTH 583 0
DWIDTH 14 0
BBX 12 9 1 6
BITMAP
0700
0700
0700
0000
0000
3C20
7F70
F7E0
63C0
ENDCHAR
STARTCHAR 2A6B
ENCODING 10859
SWIDTH 583 0
DWIDTH 14 0
BBX 12 14 1 1
BITMAP
00E0
00E0
00E0
0000
0000
3C20
7E70
E7E0
43C0
0000
0000
7000
7000
7000
ENDCHAR
STARTCHAR 2A6C
ENCODING 10860
SWIDTH 583 0
DWIDTH 14 0
BBX 12 12 1 2
BITMAP
3C20
7E70
E7E0
43C0
0000
7FE0
7FE0
0000
1C20
7E70
F7E0
63C0
ENDCHAR
STARTCHAR 2A6D
ENCODING 10861
SWIDTH 583 0
DWIDTH 14 0
BBX 12 16 1 3
BITMAP
0F00
0F00
0F00
0000
0000
3C20
7E70
E7E0
43C0
0000
7FE0
7FE0
0000
0000
7FE0
7FE0
ENDCHAR
STARTCHAR 2A6E
ENCODING 10862
SWIDTH 583 0
DWIDTH 14 0
BBX 10 15 2 5
BITMAP
0400
0500
1E00
0E00
1500
0400
0000
0000
FFC0
FFC0
0000
0000
0000
FFC0
FFC0
ENDCHAR
STARTCHAR 2A6F
ENCODING 10863
SWIDTH 583 0
DWIDTH 14 0
BBX 12 15 1 4
BITMAP
0F00
1F80
19C0
10C0
0000
0000
0000
3C20
7E70
F7E0
63C0
1C20
7E70
F7E0
63C0
ENDCHAR
STARTCHAR 2A70
ENCODING 10864
SWIDTH 583 0
DWIDTH 14 0
BBX 12 15 1 1
BITMAP
3C20
7E70
E7E0
43C0
1C20
7E70
F7E0
63C0
0000
0000
7FE0
7FE0
0000
7FE0
7FE0
ENDCHAR
STARTCHAR 2A71
ENCODING 10865
SWIDTH 583 0
DWIDTH 14 0
BBX 10 17 2 -1
BITMAP
FFC0
FFC0
0000
FFC0
FFC0
FFC0
0C00
0C00
0C00
0C00
0C00
FFC0
FFC0
0C00
0C00
0C00
0C00
ENDCHAR
STARTCHAR 2A72
ENCODING 10866
SWIDTH 583 0
DWIDTH 14 0
BBX 10 17 2 0
BITMAP
0C00
0C00
0C00
0C00
FFC0
FFC0
0C00
0C00
0C00
0C00
0000
FFC0
FFC0
0000
0000
FFC0
FFC0
ENDCHAR
STARTCHAR 2A73
ENCODING 10867
SWIDTH 583 0
DWIDTH 14 0
BBX 12 11 1 2
BITMAP
7FE0
7FE0
0000
0000
7FE0
7FE0
0000
3C20
7E70
E7E0
43C0
ENDCHAR
STARTCHAR 2A7D
ENCODING 10877
SWIDTH 583 0
DWIDTH 14 0
BBX 11 18 2 -1
BITMAP
0040
00C0
03E0
0F80
3E00
F800
E000
F000
7C00
1E00
CF80
E3E0
78C0
3E00
0F00
07C0
01E0
0040
ENDCHAR
STARTCHAR 2A7E
ENCODING 10878
SWIDTH 583 0
DWIDTH 14 0
BBX 10 17 2 0
BITMAP
E000
F800
3E00
0F00
07C0
01C0
01C0
07C0
1F00
7C40
F1C0
C7C0
0F00
3E00
7800
E000
C000
ENDCHAR
STARTCHAR 2A7F
ENCODING 10879
SWIDTH 583 0
DWIDTH 14 0
BBX 11 18 2 -1
BITMAP
0040
01E0
03C0
0F00
3C00
F1C0
C1C0
F1C0
3C00
1F00
C780
E1E0
7840
1E00
0700
03C0
00E0
0040
ENDCHAR
STARTCHAR 2A80
ENCODING 10880
SWIDTH 583 0
DWIDTH 14 0
BBX 11 17 2 -1
BITMAP
4000
E000
7800
1E00
0780
71E0
7060
71E0
0780
1E00
7C60
F1E0
4380
0F00
1C00
7800
E000
ENDCHAR
STARTCHAR 2A85
ENCODING 10885
SWIDTH 583 0
DWIDTH 14 0
BBX 12 17 1 0
BITMAP
00E0
03E0
0F80
3E00
7800
7000
3E00
0F80
03E0
00F0
3C20
7E70
E7E0
5DE0
7E70
E7E0
43C0
ENDCHAR
STARTCHAR 2A86
ENCODING 10886
SWIDTH 583 0
DWIDTH 14 0
BBX 12 17 1 0
BITMAP
7000
7C00
1F00
07C0
00E0
00E0
03E0
0F80
3C00
7000
7C20
7E70
E7E0
5DE0
7E70
E7E0
43C0
ENDCHAR
STARTCHAR 2A87
ENCODING 10887
SWIDTH 583 0
DWIDTH 14 0
BBX 11 19 2 -2
BITMAP
0040
01E0
07C0
1F00
3C00
F000
E000
F000
7C00
1F00
07C0
01E0
0040
0700
0600
FFC0
FFC0
1C00
3800
ENDCHAR
STARTCHAR 2A88
ENCODING 10888
SWIDTH 583 0
DWIDTH 14 0
BBX 10 19 2 -2
BITMAP
8000
E000
F800
3E00
0F80
03C0
00C0
03C0
0F80
3E00
7800
F000
C000
0700
0600
FFC0
FFC0
1C00
3800
ENDCHAR
STARTCHAR 2A89
ENCODING 10889
SWIDTH 583 0
DWIDTH 14 0
BBX 12 18 1 -1
BITMAP
0020
00F0
03C0
1F00
7C00
7000
7800
3E00
0780
01F0
0060
3DB0
7F70
E7E0
3FA0
7E70
EFE0
5FC0
ENDCHAR
STARTCHAR 2A8A
ENCODING 10890
SWIDTH 583 0
DWIDTH 14 0
BBX 12 18 1 -1
BITMAP
6000
7800
3E00
0F80
03E0
00E0
01E0
07C0
1F00
7C00
7000
3DB0
7F70
E7E0
3FA0
7E70
EFE0
5FC0
ENDCHAR
STARTCHAR 2A8D
ENCODING 10893
SWIDTH 583 0
DWIDTH 14 0
BBX 12 17 1 0
BITMAP
00E0
03E0
0F80
3E00
7800
7000
3C00
0F80
03E0
00E0
3C20
7E70
E7E0
43C0
0000
7FE0
7FE0
ENDCHAR
STARTCHAR 2A8E
ENCODING 10894
SWIDTH 583 0
DWIDTH 14 0
BBX 12 18 1 -1
BITMAP
4000
7000
7C00
1F00
07C0
00E0
00E0
03E0
0F00
7C00
7000
7C20
7E70
E7E0
43C0
0000
7FE0
7FE0
ENDCHAR
STARTCHAR 2A95
ENCODING 10901
SWIDTH 583 0
DWIDTH 14 0
BBX 11 17 2 0
BITMAP
00C0
01E0
0780
1F00
3C40
F0C0
E3E0
8F80
3E00
F800
E000
F000
7C00
1E00
0F80
03E0
00C0
ENDCHAR
STARTCHAR 2A96
ENCODING 10902
SWIDTH 583 0
DWIDTH 14 0
BBX 11 17 1 0
BITMAP
6000
F800
3C00
0F00
07C0
71E0
7C60
1F20
0780
03E0
00E0
00E0
03E0
0F80
3E00
7800
6000
ENDCHAR
STARTCHAR 2A97
ENCODING 10903
SWIDTH 583 0
DWIDTH 14 0
BBX 11 17 2 1
BITMAP
00E0
01C0
0780
1E00
3840
F1E0
C3C0
0F00
3C00
F1C0
C1C0
F1C0
3C00
1F00
0780
01E0
0040
ENDCHAR
STARTCHAR 2A98
ENCODING 10904
SWIDTH 583 0
DWIDTH 14 0
BBX 11 17 2 1
BITMAP
E000
7000
3C00
0F00
4380
E1E0
7860
1E20
0780
71E0
7060
71E0
0780
1E00
3C00
F000
4000
ENDCHAR
STARTCHAR 2A99
ENCODING 10905
SWIDTH 583 0
DWIDTH 14 0
BBX 10 18 2 -1
BITMAP
FFC0
FFC0
0000
0000
FFC0
FFC0
0040
01C0
07C0
1F00
7800
E000
F000
7C00
1F00
07C0
01C0
0040
ENDCHAR
STARTCHAR 2A9A
ENCODING 10906
SWIDTH 583 0
DWIDTH 14 0
BBX 10 18 2 -1
BITMAP
FFC0
FFC0
0000
0000
FFC0
FFC0
8000
E000
F800
1E00
07C0
01C0
01C0
0F80
3E00
F800
E000
8000
ENDCHAR
STARTCHAR 2A9D
ENCODING 10909
SWIDTH 583 0
DWIDTH 14 0
BBX 12 18 1 0
BITMAP
1C20
7E70
F7E0
63C0
0000
0020
00F0
03E0
0F80
1E00
7800
7000
7800
3E00
0F80
03E0
00F0
0020
ENDCHAR
STARTCHAR 2A9E
ENCODING 10910
SWIDTH 583 0
DWIDTH 14 0
BBX 12 18 1 0
BITMAP
1C20
7E70
F7E0
63C0
0000
4000
7000
7C00
1F00
07C0
01E0
0060
01E0
07C0
0F00
3C00
7800
6000
ENDCHAR
STARTCHAR 2AAA
ENCODING 10922
SWIDTH 583 0
DWIDTH 14 0
BBX 11 14 2 1
BITMAP
00C0
01E0
0780
1F00
3C00
F800
FFC0
FFC0
F800
3C00
0F00
07C0
01E0
0040
ENDCHAR
STARTCHAR 2AAB
ENCODING 10923
SWIDTH 583 0
DWIDTH 14 0
BBX 11 14 1 1
BITMAP
6000
F800
3C00
1F00
0780
01E0
7FE0
7FE0
03E0
0780
1F00
3C00
F000
6000
ENDCHAR
STARTCHAR 2AAC
ENCODING 10924
SWIDTH 583 0
DWIDTH 14 0
BBX 11 17 2 0
BITMAP
0040
00C0
03E0
0F80
3E00
F800
FFC0
FFC0
7800
1E00
0F80
03E0
00C0
0000
0000
FFC0
FFC0
ENDCHAR
STARTCHAR 2AAD
ENCODING 10925
SWIDTH 583 0
DWIDTH 14 0
BBX 11 16 1 1
BITMAP
7000
7800
3E00
0F80
03E0
7FE0
7FE0
03E0
0F80
3E00
F800
6000
0000
0000
7FE0
7FE0
ENDCHAR
STARTCHAR 2AAE
ENCODING 10926
SWIDTH 583 0
DWIDTH 14 0
BBX 10 12 2 3
BITMAP
3F00
3F00
F3C0
F3C0
0000
0000
FFC0
FFC0
0000
0000
FFC0
FFC0
ENDCHAR
STARTCHAR 2AAF
ENCODING 10927
SWIDTH 583 0
DWIDTH 14 0
BBX 11 16 2 0
BITMAP
0040
00E0
01C0
03C0
0F00
FE00
FE00
0780
01C0
00E0
00E0
0000
0000
0000
FFC0
FFC0
ENDCHAR
STARTCHAR 2AB0
ENCODING 10928
SWIDTH 583 0
DWIDTH 14 0
BBX 11 16 1 0
BITMAP
4000
E000
7000
3800
1E00
07E0
0FE0
3E00
7800
7000
E000
4000
0000
0000
7FE0
7FE0
ENDCHAR
STARTCHAR 2AB1
ENCODING 10929
SWIDTH 583 0
DWIDTH 14 0
BBX 11 18 2 -2
BITMAP
0040
00E0
01C0
03C0
0F00
FE00
FE00
0780
01C0
00E0
00E0
0000
0700
0600
FFC0
FFC0
1C00
3800
ENDCHAR
STARTCHAR 2AB2
ENCODING 10930
SWIDTH 583 0
DWIDTH 14 0
BBX 11 18 1 -2
BITMAP
4000
E000
7000
3800
1E00
07E0
0FE0
3E00
7800
7000
E000
4000
0380
0300
7FE0
7FE0
0E00
1C00
ENDCHAR
STARTCHAR 2AB3
ENCODING 10931
SWIDTH 583 0
DWIDTH 14 0
BBX 11 16 2 0
BITMAP
0060
00E0
01C0
0780
FE00
FE00
0780
01C0
00E0
0060
0000
FFC0
FFC0
0000
FFC0
FFC0
ENDCHAR
STARTCHAR 2AB4
ENCODING 10932
SWIDTH 583 0
DWIDTH 14 0
BBX 11 16 1 0
BITMAP
C000
6000
7000
1E00
0FE0
0FE0
1E00
7000
E000
4000
0000
7FE0
7FE0
0000
7FE0
7FE0
ENDCHAR
STARTCHAR 2AB5
ENCODING 10933
SWIDTH 583 0
DWIDTH 14 0
BBX 11 17 2 -1
BITMAP
0060
00E0
01C0
0780
FE00
FE00
0780
01C0
00E0
0060
0300
FFC0
FFC0
0C00
FFC0
FFC0
3800
ENDCHAR
STARTCHAR 2AB6
ENCODING 10934
SWIDTH 583 0
DWIDTH 14 0
BBX 11 17 1 -1
BITMAP
C000
6000
7000
1E00
0FE0
07E0
1E00
7800
6000
C000
0180
7FE0
7FE0
0600
7FE0
7FE0
1C00
ENDCHAR
STARTCHAR 2AB7
ENCODING 10935
SWIDTH 583 0
DWIDTH 14 0
BBX 12 17 1 -1
BITMAP
0030
0070
00E0
03C0
7F00
7F00
03C0
00E0
0070
0030
3C20
7E70
E7E0
5DE0
7E70
E7E0
43C0
ENDCHAR
STARTCHAR 2AB8
ENCODING 10936
SWIDTH 583 0
DWIDTH 14 0
BBX 12 17 1 -1
BITMAP
6000
6000
7800
1E00
0FE0
07E0
1E00
3800
6000
E000
3C20
7E70
E7E0
5DE0
7E70
E7E0
43C0
ENDCHAR
STARTCHAR 2AB9
ENCODING 10937
SWIDTH 583 0
DWIDTH 14 0
BBX 12 17 1 -1
BITMAP
0030
0070
00E0
03C0
7F00
7F00
03C0
00E0
0070
0030
3DB0
7F70
E7E0
3FA0
7E70
EFE0
5FC0
ENDCHAR
STARTCHAR 2ABA
ENCODING 10938
SWIDTH 583 0
DWIDTH 14 0
BBX 12 17 1 -1
BITMAP
6000
6000
7800
1E00
0FE0
07E0
1E00
7800
6000
4000
3DB0
7F70
E7E0
3FA0
7E70
EFE0
5FC0
ENDCHAR
STARTCHAR 2ABD
ENCODING 10941
SWIDTH 583 0
DWIDTH 14 0
BBX 10 12 2 2
BITMAP
1FC0
3FC0
7000
E000
EF00
EF00
EF00
EF00
E000
7000
3FC0
1FC0
ENDCHAR
STARTCHAR 2ABE
ENCODING 10942
SWIDTH 583 0
DWIDTH 14 0
BBX 11 12 2 2
BITMAP
FE00
FF80
03C0
01C0
3CC0
3CE0
3CE0
3CC0
01C0
03C0
FF80
FE00
ENDCHAR
STARTCHAR 2ACF
ENCODING 10959
SWIDTH 583 0
DWIDTH 14 0
BBX 11 12 2 2
BITMAP
1FE0
3FE0
70E0
E0E0
E0E0
E0E0
E0E0
E0E0
E0E0
70E0
3FE0
1FE0
ENDCHAR
STARTCHAR 2AD0
ENCODING 10960
SWIDTH 583 0
DWIDTH 14 0
BBX 11 12 2 2
BITMAP
FE00
FF80
E3C0
E1C0
E0C0
E0E0
E0E0
E0C0
E1C0
E3C0
FF80
FE00
ENDCHAR
STARTCHAR 2AD1
ENCODING 10961
SWIDTH 583 0
DWIDTH 14 0
BBX 11 16 2 0
BITMAP
1FE0
7FE0
70E0
E0E0
E0E0
E0E0
E0E0
E0E0
70E0
7FE0
1FE0
0000
0000
0000
FFE0
FFE0
ENDCHAR
STARTCHAR 2AD2
ENCODING 10962
SWIDTH 583 0
DWIDTH 14 0
BBX 11 16 2 0
BITMAP
FF00
FF80
E3C0
E1C0
E0E0
E0E0
E0E0
E0C0
E1C0
FF80
FF00
0000
0000
0000
FFC0
FFC0
ENDCHAR
STARTCHAR 2AD9
ENCODING 10969
SWIDTH 583 0
DWIDTH 14 0
BBX 10 17 2 0
BITMAP
0C00
3F00
7F80
EDC0
CCC0
CCC0
CCC0
CCC0
CCC0
CCC0
CCC0
CCC0
CCC0
CCC0
CCC0
CCC0
CCC0
ENDCHAR
STARTCHAR 2ADA
ENCODING 10970
SWIDTH 583 0
DWIDTH 14 0
BBX 10 20 2 0
BITMAP
FFC0
FFC0
0C00
0C00
3F00
7F80
EDC0
ECC0
CCC0
CCC0
CCC0
CCC0
CCC0
CCC0
CCC0
CCC0
CCC0
CCC0
CCC0
CCC0
ENDCHAR
STARTCHAR 2ADB
ENCODING 10971
SWIDTH 583 0
DWIDTH 14 0
BBX 10 24 2 -4
BITMAP
0C00
0C00
0C00
0C00
3F00
7F80
EDC0
ECC0
CCC0
CCC0
CCC0
CCC0
CCC0
CCC0
CCC0
CCC0
CCC0
CCC0
CCC0
CCC0
0C00
0C00
0C00
0C00
ENDCHAR
STARTCHAR 2ADC
ENCODING 10972
SWIDTH 583 0
DWIDTH 14 0
BBX 12 17 1 0
BITMAP
0620
0670
0660
06C0
06C0
0780
0780
0700
0600
6E60
6E60
7E60
7E60
76E0
7EE0
7FC0
CF80
ENDCHAR
STARTCHAR 2ADD
ENCODING 10973
SWIDTH 583 0
DWIDTH 14 0
BBX 10 17 2 0
BITMAP
0C00
0C00
0C00
0C00
0C00
0C00
0C00
0C00
0C00
CCC0
CCC0
CCC0
CCC0
EDC0
7DC0
7F80
1F00
ENDCHAR
STARTCHAR 2ADE
ENCODING 10974
SWIDTH 583 0
DWIDTH 14 0
BBX 8 16 3 0
BITMAP
07
07
07
07
07
07
07
FF
FF
07
07
07
07
07
07
07
ENDCHAR
STARTCHAR 2ADF
ENCODING 10975
SWIDTH 583 0
DWIDTH 14 0
BBX 10 7 2 4
BITMAP
FFC0
FFC0
0C00
0C00
0C00
0C00
0C00
ENDCHAR
STARTCHAR 2AE0
ENCODING 10976
SWIDTH 583 0
DWIDTH 14 0
BBX 10 7 2 5
BITMAP
0C00
0C00
0C00
0C00
0C00
FFC0
FFC0
ENDCHAR
STARTCHAR 2AE2
ENCODING 10978
SWIDTH 583 0
DWIDTH 14 0
BBX 10 16 2 0
BITMAP
E000
E000
E000
FFC0
FFC0
E000
E000
FFC0
FFC0
E000
E000
FFC0
FFC0
E000
E000
E000
ENDCHAR
STARTCHAR 2AE3
ENCODING 10979
SWIDTH 583 0
DWIDTH 14 0
BBX 10 16 2 0
BITMAP
0CC0
0CC0
0CC0
0CC0
0CC0
0CC0
0CC0
FCC0
FCC0
0CC0
0CC0
0CC0
0CC0
0CC0
0CC0
0CC0
ENDCHAR
STARTCHAR 2AE4
ENCODING 10980
SWIDTH 583 0
DWIDTH 14 0
BBX 11 16 2 0
BITMAP
00E0
00E0
00E0
00E0
FFE0
FFE0
00E0
00E0
00E0
FFE0
FFE0
FFE0
00E0
00E0
00E0
00E0
ENDCHAR
STARTCHAR 2AE5
ENCODING 10981
SWIDTH 583 0
DWIDTH 14 0
BBX 10 16 2 0
BITMAP
0CC0
0CC0
0CC0
0CC0
FCC0
FCC0
0CC0
0CC0
0CC0
FCC0
FCC0
FCC0
0CC0
0CC0
0CC0
0CC0
ENDCHAR
STARTCHAR 2AE6
ENCODING 10982
SWIDTH 583 0
DWIDTH 14 0
BBX 10 16 2 0
BITMAP
CC00
CC00
CC00
CC00
CC00
CC00
CC00
FFC0
FFC0
CC00
CC00
CC00
CC00
CC00
CC00
CC00
ENDCHAR
STARTCHAR 2AE7
ENCODING 10983
SWIDTH 583 0
DWIDTH 14 0
BBX 10 12 2 3
BITMAP
FFC0
FFC0
0000
0000
0000
FFC0
FFC0
0C00
0C00
0C00
0C00
0C00
ENDCHAR
STARTCHAR 2AE8
ENCODING 10984
SWIDTH 583 0
DWIDTH 14 0
BBX 10 12 2 1
BITMAP
0C00
0C00
0C00
0C00
0C00
FFC0
FFC0
0000
0000
0000
FFC0
FFC0
ENDCHAR
STARTCHAR 2AE9
ENCODING 10985
SWIDTH 583 0
DWIDTH 14 0
BBX 10 17 2 0
BITMAP
0C00
0C00
0C00
0C00
0C00
FFC0
FFC0
0000
0000
0000
FFC0
FFC0
0C00
0C00
0C00
0C00
0C00
ENDCHAR
STARTCHAR 2AEA
ENCODING 10986
SWIDTH 583 0
DWIDTH 14 0
BBX 10 16 2 0
BITMAP
FFC0
FFC0
3300
3300
3300
3300
3300
3300
3300
3300
3300
3300
3300
3300
3300
3300
ENDCHAR
STARTCHAR 2AEB
ENCODING 10987
SWIDTH 583 0
DWIDTH 14 0
BBX 10 16 2 0
BITMAP
3300
3300
3300
3300
3300
3300
3300
3300
3300
3300
3300
3300
3300
3300
FFC0
FFC0
ENDCHAR
STARTCHAR 2AEC
ENCODING 10988
SWIDTH 583 0
DWIDTH 14 0
BBX 11 8 2 3
BITMAP
FFE0
FFE0
00E0
00E0
FFE0
FFE0
00E0
00E0
ENDCHAR
STARTCHAR 2AED
ENCODING 10989
SWIDTH 583 0
DWIDTH 14 0
BBX 10 8 2 3
BITMAP
FFC0
FFC0
E000
E000
FFC0
FFC0
E000
E000
ENDCHAR
STARTCHAR 2AEE
ENCODING 10990
SWIDTH 583 0
DWIDTH 14 0
BBX 9 16 3 0
BITMAP
1C00
1C00
1C00
9C00
DC00
7C00
3C00
1C00
1C00
1E00
1F00
1D80
1C00
1C00
1C00
1C00
ENDCHAR
STARTCHAR 2AEF
ENCODING 10991
SWIDTH 583 0
DWIDTH 14 0
BBX 7 20 4 0
BITMAP
38
7C
C6
C6
C6
FE
7C
38
38
38
38
38
38
38
38
38
38
38
38
38
ENDCHAR
STARTCHAR 2AF0
ENCODING 10992
SWIDTH 583 0
DWIDTH 14 0
BBX 7 21 4 -4
BITMAP
38
38
38
38
38
38
38
38
38
38
38
38
38
38
7C
C6
C6
C6
C6
7C
38
ENDCHAR
STARTCHAR 2AF1
ENCODING 10993
SWIDTH 583 0
DWIDTH 14 0
BBX 10 20 2 -4
BITMAP
FFC0
FFC0
0E00
0E00
0E00
0E00
0E00
0E00
0E00
0E00
0E00
0E00
0E00
1F00
3B80
3180
3180
3180
1F00
0E00
ENDCHAR
STARTCHAR 2AF2
ENCODING 10994
SWIDTH 583 0
DWIDTH 14 0
BBX 10 16 2 0
BITMAP
3380
3380
3380
3380
3380
3380
3380
FFC0
FFC0
3380
3380
3380
3380
3380
3380
3380
ENDCHAR
STARTCHAR 2AF3
ENCODING 10995
SWIDTH 583 0
DWIDTH 14 0
BBX 11 16 2 0
BITMAP
3180
3180
3180
3180
3180
3180
3DE0
FFE0
FFE0
7380
3180
3180
3180
3180
3180
3180
ENDCHAR
STARTCHAR 2AF4
ENCODING 10996
SWIDTH 583 0
DWIDTH 14 0
BBX 8 16 3 0
BITMAP
D9
D9
D9
D9
D9
D9
D9
D9
D9
D9
D9
D9
D9
D9
D9
D9
ENDCHAR
STARTCHAR 2AF5
ENCODING 10997
SWIDTH 583 0
DWIDTH 14 0
BBX 12 16 1 0
BITMAP
2660
2660
2660
2660
2660
2660
2660
FFF0
FFF0
2660
2660
2660
2660
2660
2660
2660
ENDCHAR
STARTCHAR 2AF6
ENCODING 10998
SWIDTH 583 0
DWIDTH 14 0
BBX 3 12 6 2
BITMAP
E0
E0
00
00
E0
E0
E0
00
00
00
E0
E0
ENDCHAR
STARTCHAR 2AFC
ENCODING 11004
SWIDTH 583 0
DWIDTH 14 0
BBX 8 23 3 -3
BITMAP
D9
D9
D9
D9
D9
D9
D9
D9
D9
D9
D9
D9
D9
D9
D9
D9
D9
D9
D9
D9
D9
D9
D9
ENDCHAR
STARTCHAR 2AFD
ENCODING 11005
SWIDTH 583 0
DWIDTH 14 0
BBX 14 23 0 -3
BITMAP
00CC
01CC
01DC
0198
0398
0338
0330
0730
0670
0660
0EE0
0CE0
0CC0
1DC0
19C0
3980
3B80
3380
7300
7700
6700
E600
EE00
ENDCHAR
STARTCHAR 2B00
ENCODING 11008
SWIDTH 583 0
DWIDTH 14 0
BBX 13 19 0 -2
BITMAP
0008
0038
01E8
0188
0188
0318
0238
0620
0460
08C0
1880
1180
2300
6200
4600
8C00
C800
3800
1000
ENDCHAR
STARTCHAR 2B01
ENCODING 11009
SWIDTH 583 0
DWIDTH 14 0
BBX 13 19 1 -2
BITMAP
8000
E000
9C00
8C00
8C00
C600
E200
2300
1180
1880
08C0
0460
0620
0210
0118
0188
0098
0060
0040
ENDCHAR
STARTCHAR 2B02
ENCODING 11010
SWIDTH 583 0
DWIDTH 14 0
BBX 13 19 0 -1
BITMAP
1000
3800
C800
8C00
4600
6200
2300
1180
1880
08C0
0460
0620
0238
0118
0188
0188
01E8
0038
0008
ENDCHAR
STARTCHAR 2B03
ENCODING 11011
SWIDTH 583 0
DWIDTH 14 0
BBX 13 19 1 -1
BITMAP
0040
0060
0098
0188
0118
0230
0620
0460
08C0
1880
1180
2300
E200
C600
8C00
8C00
9C00
E000
8000
ENDCHAR
STARTCHAR 2B04
ENCODING 11012
SWIDTH 583 0
DWIDTH 14 0
BBX 14 8 0 5
BITMAP
0CC0
1FE0
3018
C00C
6018
1FE0
0CC0
0080
ENDCHAR
STARTCHAR 2B05
ENCODING 11013
SWIDTH 583 0
DWIDTH 14 0
BBX 13 8 1 4
BITMAP
0800
1800
7FF8
FFF8
FFF8
7FF8
1800
0800
ENDCHAR
STARTCHAR 2B06
ENCODING 11014
SWIDTH 583 0
DWIDTH 14 0
BBX 8 20 3 -1
BITMAP
18
18
3C
7E
7F
FF
3C
3C
3C
3C
3C
3C
3C
3C
3C
3C
3C
3C
3C
3C
ENDCHAR
STARTCHAR 2B07
ENCODING 11015
SWIDTH 583 0
DWIDTH 14 0
BBX 8 20 3 -2
BITMAP
3C
3C
3C
3C
3C
3C
3C
3C
3C
3C
3C
3C
3C
3C
FF
7E
7E
3C
18
08
ENDCHAR
STARTCHAR 2B08
ENCODING 11016
SWIDTH 583 0
DWIDTH 14 0
BBX 13 18 0 -1
BITMAP
0008
0038
01F8
01F8
00F8
01F8
01F8
03E0
07C0
0780
0F80
1F00
1E00
3E00
7C00
7800
F800
3000
ENDCHAR
STARTCHAR 2B09
ENCODING 11017
SWIDTH 583 0
DWIDTH 14 0
BBX 13 18 1 -1
BITMAP
8000
F000
FC00
FE00
FC00
FC00
FE00
9F00
0F00
0F80
07C0
03C0
03E0
01F0
00F0
00F8
0078
0030
ENDCHAR
STARTCHAR 2B0A
ENCODING 11018
SWIDTH 583 0
DWIDTH 14 0
BBX 13 18 0 0
BITMAP
3000
F800
7800
7C00
3E00
1E00
1F00
0F80
0780
07C0
03E0
01F8
01F8
00F8
01F8
01F8
0038
0008
ENDCHAR
STARTCHAR 2B0B
ENCODING 11019
SWIDTH 583 0
DWIDTH 14 0
BBX 13 18 1 0
BITMAP
0030
0078
00F8
00F0
01F0
03E0
03C0
07C0
0F80
0F00
9F00
FE00
FC00
FC00
FE00
FC00
E000
8000
ENDCHAR
STARTCHAR 2B0C
ENCODING 11020
SWIDTH 583 0
DWIDTH 14 0
BBX 13 8 1 4
BITMAP
0900
19C0
7FE0
FFF8
FFF0
7FE0
19C0
0900
ENDCHAR
STARTCHAR 2B0D
ENCODING 11021
SWIDTH 583 0
DWIDTH 14 0
BBX 8 20 3 -1
BITMAP
18
18
3C
7E
7F
FF
3C
3C
3C
3C
3C
3C
3C
3C
FF
7E
7E
3C
18
08
ENDCHAR
STARTCHAR 2B0E
ENCODING 11022
SWIDTH 583 0
DWIDTH 14 0
BBX 13 9 1 -1
BITMAP
FFC0
FFC0
00C0
00C0
00C0
06D8
03F0
01E0
00C0
ENDCHAR
STARTCHAR 2B0F
ENCODING 11023
SWIDTH 583 0
DWIDTH 14 0
BBX 13 10 1 7
BITMAP
0080
01C0
03E0
07F0
06D8
00C0
00C0
00C0
FFC0
FFC0
ENDCHAR
STARTCHAR 2B10
ENCODING 11024
SWIDTH 583 0
DWIDTH 14 0
BBX 13 9 1 -1
BITMAP
1FF8
1FF8
1800
1800
1800
DB00
7E00
3C00
1800
ENDCHAR
STARTCHAR 2B11
ENCODING 11025
SWIDTH 583 0
DWIDTH 14 0
BBX 13 10 1 7
BITMAP
1000
3800
7C00
FE00
DB00
1800
1800
1800
1FF8
1FF8
ENDCHAR
STARTCHAR 2B12
ENCODING 11026
SWIDTH 583 0
DWIDTH 14 0
BBX 12 12 1 2
BITMAP
FFF0
FFF0
FFF0
FFF0
FFF0
FFF0
C030
C030
C030
C030
FFF0
FFF0
ENDCHAR
STARTCHAR 2B13
ENCODING 11027
SWIDTH 583 0
DWIDTH 14 0
BBX 12 12 1 2
BITMAP
FFF0
FFF0
C030
C030
C030
C030
FFF0
FFF0
FFF0
FFF0
FFF0
FFF0
ENDCHAR
STARTCHAR 2B14
ENCODING 11028
SWIDTH 583 0
DWIDTH 14 0
BBX 12 12 1 2
BITMAP
FFF0
FFF0
DFF0
CFF0
C7F0
C3F0
C1F0
C0F0
C070
C030
FFF0
FFF0
ENDCHAR
STARTCHAR 2B15
ENCODING 11029
SWIDTH 583 0
DWIDTH 14 0
BBX 12 12 1 2
BITMAP
FFF0
FFF0
E030
F030
F830
FC30
FE30
FF30
FFB0
FFF0
FFF0
FFF0
ENDCHAR
STARTCHAR 2B16
ENCODING 11030
SWIDTH 583 0
DWIDTH 14 0
BBX 11 11 2 2
BITMAP
0400
0E00
1B00
3980
78C0
F860
F840
7880
3900
1A00
0C00
ENDCHAR
STARTCHAR 2B17
ENCODING 11031
SWIDTH 583 0
DWIDTH 14 0
BBX 11 11 2 2
BITMAP
0400
0E00
1700
2780
47C0
87E0
C7C0
6780
3700
1E00
0C00
ENDCHAR
STARTCHAR 2B18
ENCODING 11032
SWIDTH 583 0
DWIDTH 14 0
BBX 11 11 2 2
BITMAP
0400
0E00
1F00
3F80
7FC0
FFE0
C040
6080
3100
1A00
0C00
ENDCHAR
STARTCHAR 2B19
ENCODING 11033
SWIDTH 583 0
DWIDTH 14 0
BBX 11 11 2 2
BITMAP
0400
0E00
1300
2180
40C0
8060
FFC0
7F80
3F00
1E00
0C00
ENDCHAR
STARTCHAR 2B1A
ENCODING 11034
SWIDTH 583 0
DWIDTH 14 0
BBX 12 12 1 2
BITMAP
D6B0
D6B0
0000
C030
0000
C030
C030
0000
C030
0000
D6B0
D6B0
ENDCHAR
STARTCHAR 2B1B
ENCODING 11035
SWIDTH 583 0
DWIDTH 14 0
BBX 18 18 -2 -1
BITMAP
FFFFC0
FFFFC0
FFFFC0
FFFFC0
FFFFC0
FFFFC0
FFFFC0
FFFFC0
FFFFC0
FFFFC0
FFFFC0
FFFFC0
FFFFC0
FFFFC0
FFFFC0
FFFFC0
FFFFC0
FFFFC0
ENDCHAR
STARTCHAR 2B1C
ENCODING 11036
SWIDTH 583 0
DWIDTH 14 0
BBX 18 18 -2 -1
BITMAP
FFFFC0
FFFFC0
C000C0
C000C0
C000C0
C000C0
C000C0
C000C0
C000C0
C000C0
C000C0
C000C0
C000C0
C000C0
C000C0
C000C0
FFFFC0
FFFFC0
ENDCHAR
STARTCHAR 2B1D
ENCODING 11037
SWIDTH 583 0
DWIDTH 14 0
BBX 4 4 5 6
BITMAP
F0
F0
F0
F0
ENDCHAR
STARTCHAR 2B1E
ENCODING 11038
SWIDTH 583 0
DWIDTH 14 0
BBX 4 4 5 6
BITMAP
F0
90
90
F0
ENDCHAR
STARTCHAR 2B1F
ENCODING 11039
SWIDTH 583 0
DWIDTH 14 0
BBX 12 11 1 3
BITMAP
0600
0F80
3FC0
7FF0
FFF0
7FF0
7FE0
7FE0
3FE0
3FC0
3FC0
ENDCHAR
STARTCHAR 2B20
ENCODING 11040
SWIDTH 583 0
DWIDTH 14 0
BBX 12 11 1 3
BITMAP
0600
0F80
39C0
70F0
E030
6030
6060
6060
3060
3FC0
3FC0
ENDCHAR
STARTCHAR 2B21
ENCODING 11041
SWIDTH 583 0
DWIDTH 14 0
BBX 11 12 2 2
BITMAP
0E00
3F80
F1C0
C0E0
C060
C060
C060
C060
E0E0
7BC0
1F00
0C00
ENDCHAR
STARTCHAR 2B22
ENCODING 11042
SWIDTH 583 0
DWIDTH 14 0
BBX 11 12 2 2
BITMAP
0E00
3F80
FFC0
FFE0
FFE0
FFE0
FFE0
FFE0
FFE0
7FC0
1F00
0C00
ENDCHAR
STARTCHAR 2B23
ENCODING 11043
SWIDTH 583 0
DWIDTH 14 0
BBX 12 11 1 3
BITMAP
1F80
3FC0
3FE0
7FE0
7FF0
FFF0
FFF0
7FE0
3FE0
3FC0
1FC0
ENDCHAR
STARTCHAR 2B24
ENCODING 11044
SWIDTH 583 0
DWIDTH 14 0
BBX 18 18 -2 -1
BITMAP
03F000
0FFC00
1FFE00
3FFF00
7FFF80
7FFF80
7FFFC0
FFFFC0
FFFFC0
FFFFC0
FFFFC0
7FFFC0
7FFF80
3FFF80
3FFF00
1FFE00
07FC00
01E000
ENDCHAR
STARTCHAR 2B25
ENCODING 11045
SWIDTH 583 0
DWIDTH 14 0
BBX 9 9 3 4
BITMAP
0800
1C00
3E00
7F00
FF80
FF00
7E00
3C00
1800
ENDCHAR
STARTCHAR 2B26
ENCODING 11046
SWIDTH 583 0
DWIDTH 14 0
BBX 9 9 3 4
BITMAP
0800
1C00
3600
6300
C180
C100
6200
3400
1800
ENDCHAR
STARTCHAR 2B27
ENCODING 11047
SWIDTH 583 0
DWIDTH 14 0
BBX 6 8 4 5
BITMAP
30
38
78
FC
7C
78
38
10
ENDCHAR
STARTCHAR 2B28
ENCODING 11048
SWIDTH 583 0
DWIDTH 14 0
BBX 6 8 4 5
BITMAP
30
38
78
CC
6C
78
38
10
ENDCHAR
STARTCHAR 2B29
ENCODING 11049
SWIDTH 583 0
DWIDTH 14 0
BBX 6 6 4 6
BITMAP
30
78
FC
FC
78
30
ENDCHAR
STARTCHAR 2B2A
ENCODING 11050
SWIDTH 583 0
DWIDTH 14 0
BBX 4 6 5 6
BITMAP
20
70
F0
F0
60
20
ENDCHAR
STARTCHAR 2B2B
ENCODING 11051
SWIDTH 583 0
DWIDTH 14 0
BBX 4 6 5 6
BITMAP
20
70
D0
F0
60
20
ENDCHAR
STARTCHAR 2B2C
ENCODING 11052
SWIDTH 583 0
DWIDTH 14 0
BBX 12 8 1 4
BITMAP
1F80
7FE0
7FF0
FFF0
FFF0
7FE0
3FE0
0F80
ENDCHAR
STARTCHAR 2B2D
ENCODING 11053
SWIDTH 583 0
DWIDTH 14 0
BBX 12 8 1 4
BITMAP
1F80
7FE0
6070
C030
C030
6070
3FC0
0F00
ENDCHAR
STARTCHAR 2B2E
ENCODING 11054
SWIDTH 583 0
DWIDTH 14 0
BBX 8 12 3 2
BITMAP
3C
7E
7E
FF
FF
FF
FF
FF
7F
7E
3E
18
ENDCHAR
STARTCHAR 2B2F
ENCODING 11055
SWIDTH 583 0
DWIDTH 14 0
BBX 8 12 3 2
BITMAP
3C
7E
66
C3
C3
C3
C3
C3
43
66
3E
18
ENDCHAR
STARTCHAR 2B30
ENCODING 11056
SWIDTH 583 0
DWIDTH 14 0
BBX 13 10 1 3
BITMAP
0800
1800
33C0
6440
FFF8
FFF8
6440
3380
1800
0800
ENDCHAR
STARTCHAR 2B31
ENCODING 11057
SWIDTH 583 0
DWIDTH 14 0
BBX 13 20 1 -2
BITMAP
1000
3000
6000
FFF8
FFF8
6000
3000
3000
6000
FFF8
FFF8
6000
3000
3000
6000
FFF8
FFF8
6000
3000
1000
ENDCHAR
STARTCHAR 2B32
ENCODING 11058
SWIDTH 583 0
DWIDTH 14 0
BBX 13 10 1 3
BITMAP
0800
1800
3380
6540
FFF8
FFF8
6740
3380
1800
0800
ENDCHAR
STARTCHAR 2B34
ENCODING 11060
SWIDTH 583 0
DWIDTH 14 0
BBX 14 9 0 3
BITMAP
0D80
1F80
3F30
7E30
FFFC
7FFC
3630
1B30
0D80
ENDCHAR
STARTCHAR 2B35
ENCODING 11061
SWIDTH 583 0
DWIDTH 14 0
BBX 13 10 1 3
BITMAP
0900
1B00
36D0
6CD0
FFF8
FFF8
6CD0
36D0
1B00
0900
ENDCHAR
STARTCHAR 2B36
ENCODING 11062
SWIDTH 583 0
DWIDTH 14 0
BBX 13 10 1 3
BITMAP
0918
1B18
3618
6C18
FFF8
FFF8
6C18
3618
1B18
0918
ENDCHAR
STARTCHAR 2B37
ENCODING 11063
SWIDTH 583 0
DWIDTH 14 0
BBX 14 10 1 3
BITMAP
0B08
1F18
3630
6C60
FEC0
FEC0
6C60
3630
1B1C
0008
ENDCHAR
STARTCHAR 2B38
ENCODING 11064
SWIDTH 583 0
DWIDTH 14 0
BBX 13 10 1 3
BITMAP
0800
1800
3000
6000
ED98
ED98
6000
3000
1800
0800
ENDCHAR
STARTCHAR 2B39
ENCODING 11065
SWIDTH 583 0
DWIDTH 14 0
BBX 14 10 1 3
BITMAP
0808
181C
3338
6370
FFE0
FFE0
6370
3338
181C
0808
ENDCHAR
STARTCHAR 2B3A
ENCODING 11066
SWIDTH 583 0
DWIDTH 14 0
BBX 14 10 1 3
BITMAP
0808
1818
3DB0
6DE0
FFC0
FFC0
6DE0
3DB8
181C
0808
ENDCHAR
STARTCHAR 2B3B
ENCODING 11067
SWIDTH 583 0
DWIDTH 14 0
BBX 14 10 1 3
BITMAP
0908
1B18
3630
6C60
FFC0
FFE0
6C70
3638
1B1C
0008
ENDCHAR
STARTCHAR 2B3C
ENCODING 11068
SWIDTH 583 0
DWIDTH 14 0
BBX 14 10 0 3
BITMAP
0D84
1F8C
3FD8
7EF0
FFE0
7FE0
36F0
1BD8
0D8C
0004
ENDCHAR
STARTCHAR 2B3D
ENCODING 11069
SWIDTH 583 0
DWIDTH 14 0
BBX 15 10 0 3
BITMAP
0D84
1F8C
3FD8
7EF0
FFE0
7FE0
36F0
1BD8
0D8E
0004
ENDCHAR
STARTCHAR 2B3E
ENCODING 11070
SWIDTH 583 0
DWIDTH 14 0
BBX 13 9 1 3
BITMAP
0800
1800
3C60
66C0
FFF8
FFF8
66C0
3460
1800
ENDCHAR
STARTCHAR 2B3F
ENCODING 11071
SWIDTH 583 0
DWIDTH 14 0
BBX 13 10 1 3
BITMAP
1800
3800
33E0
6360
FE38
FC18
6000
3000
1800
0800
ENDCHAR
STARTCHAR 2B45
ENCODING 11077
SWIDTH 583 0
DWIDTH 14 0
BBX 13 10 1 3
BITMAP
1800
3800
3FF8
6000
FFF8
C000
7FF0
3FF8
1800
0800
ENDCHAR
STARTCHAR 2B46
ENCODING 11078
SWIDTH 583 0
DWIDTH 14 0
BBX 13 10 1 3
BITMAP
0080
01C0
FFE0
0070
FFF8
0018
FFF0
FFE0
01C0
0080
ENDCHAR
STARTCHAR 2B4D
ENCODING 11085
SWIDTH 583 0
DWIDTH 14 0
BBX 12 20 2 -2
BITMAP
3000
3000
7000
7000
7000
6000
6000
E020
E3E0
FFE0
FEC0
E0C0
01C0
01C0
01C0
0980
0780
07F0
03C0
0100
ENDCHAR
STARTCHAR 2B50
ENCODING 11088
SWIDTH 583 0
DWIDTH 14 0
BBX 8 9 3 4
BITMAP
08
08
18
F7
62
24
3C
26
40
ENDCHAR
STARTCHAR 2B51
ENCODING 11089
SWIDTH 583 0
DWIDTH 14 0
BBX 6 6 4 6
BITMAP
10
30
FC
38
68
40
ENDCHAR
STARTCHAR 2B52
ENCODING 11090
SWIDTH 583 0
DWIDTH 14 0
BBX 7 5 4 6
BITMAP
10
EE
48
48
78
ENDCHAR
STARTCHAR 2B53
ENCODING 11091
SWIDTH 583 0
DWIDTH 14 0
BBX 11 12 2 2
BITMAP
0700
3F00
FF80
FFC0
FFC0
FFE0
FFE0
FFC0
FF80
FF80
1F00
0200
ENDCHAR
STARTCHAR 2B54
ENCODING 11092
SWIDTH 583 0
DWIDTH 14 0
BBX 11 12 2 2
BITMAP
0700
3F00
F980
C1C0
C0C0
C060
C060
C0C0
E180
FF80
1F00
0200
ENDCHAR
STARTCHAR 2B55
ENCODING 11093
SWIDTH 583 0
DWIDTH 14 0
BBX 18 18 -2 -1
BITMAP
03F000
0FFC00
1FFE00
3C0F00
780780
700380
F001C0
E001C0
E001C0
E001C0
E001C0
F001C0
700380
780780
3E1F00
1FFE00
0FFC00
01F000
ENDCHAR
STARTCHAR 2B58
ENCODING 11096
SWIDTH 583 0
DWIDTH 14 0
BBX 12 12 1 2
BITMAP
1F80
3FC0
70E0
E070
C030
C030
C030
C030
E070
70E0
3FC0
0F00
ENDCHAR
STARTCHAR 2B59
ENCODING 11097
SWIDTH 583 0
DWIDTH 14 0
BBX 12 12 1 2
BITMAP
1F80
3FC0
70E0
F9F0
DFB0
CF30
CF30
DFB0
F9F0
70E0
3FC0
0F00
ENDCHAR
STARTCHAR 2B60
ENCODING 11104
SWIDTH 583 0
DWIDTH 14 0
BBX 13 7 1 4
BITMAP
2000
2000
6000
FFF8
FFF8
6000
2000
ENDCHAR
STARTCHAR 2B61
ENCODING 11105
SWIDTH 583 0
DWIDTH 14 0
BBX 8 20 3 -1
BITMAP
18
3C
7E
FF
18
18
18
18
18
18
18
18
18
18
18
18
18
18
18
18
ENDCHAR
STARTCHAR 2B62
ENCODING 11106
SWIDTH 583 0
DWIDTH 14 0
BBX 13 8 1 4
BITMAP
0040
0060
0070
FFF8
FFF8
0070
0060
0040
ENDCHAR
STARTCHAR 2B63
ENCODING 11107
SWIDTH 583 0
DWIDTH 14 0
BBX 8 20 3 -2
BITMAP
18
18
18
18
18
18
18
18
18
18
18
18
18
18
18
18
FF
7E
3C
18
ENDCHAR
STARTCHAR 2B64
ENCODING 11108
SWIDTH 583 0
DWIDTH 14 0
BBX 13 8 1 4
BITMAP
2040
2060
6070
FFF8
FFF8
6070
2060
0040
ENDCHAR
STARTCHAR 2B65
ENCODING 11109
SWIDTH 583 0
DWIDTH 14 0
BBX 8 20 3 -1
BITMAP
18
3C
7E
FF
18
18
18
18
18
18
18
18
18
18
18
18
FF
7E
3C
18
ENDCHAR
STARTCHAR 2B66
ENCODING 11110
SWIDTH 583 0
DWIDTH 14 0
BBX 14 18 0 -1
BITMAP
6000
7E00
7800
7800
5C00
8C00
0E00
0700
0300
0380
01C0
00C0
00E0
0070
0030
0038
001C
0008
ENDCHAR
STARTCHAR 2B67
ENCODING 11111
SWIDTH 583 0
DWIDTH 14 0
BBX 13 18 1 -1
BITMAP
0010
01F0
00F0
0078
00F8
01C0
0180
0380
0700
0600
0E00
1C00
1800
3800
7000
6000
E000
4000
ENDCHAR
STARTCHAR 2B68
ENCODING 11112
SWIDTH 583 0
DWIDTH 14 0
BBX 13 18 1 -1
BITMAP
4000
E000
6000
7000
3800
1800
1C00
0E00
0600
0700
0380
0180
01C8
00F8
0078
00F0
03F0
0010
ENDCHAR
STARTCHAR 2B69
ENCODING 11113
SWIDTH 583 0
DWIDTH 14 0
BBX 14 18 0 -1
BITMAP
0008
001C
0038
0030
0070
00E0
00C0
01C0
0380
0300
0700
0E00
8C00
5C00
7800
7800
7E00
6000
ENDCHAR
STARTCHAR 2B6A
ENCODING 11114
SWIDTH 583 0
DWIDTH 14 0
BBX 13 7 1 4
BITMAP
2000
2000
6000
FBC8
FBC8
6000
2000
ENDCHAR
STARTCHAR 2B6B
ENCODING 11115
SWIDTH 583 0
DWIDTH 14 0
BBX 7 20 4 -1
BITMAP
30
78
FC
32
30
00
30
30
30
30
00
00
30
30
30
30
00
30
30
30
ENDCHAR
STARTCHAR 2B6C
ENCODING 11116
SWIDTH 583 0
DWIDTH 14 0
BBX 12 7 1 4
BITMAP
0080
0040
0060
BCF0
BCF0
0060
0040
ENDCHAR
STARTCHAR 2B6D
ENCODING 11117
SWIDTH 583 0
DWIDTH 14 0
BBX 7 19 4 -2
BITMAP
30
30
30
00
30
30
30
30
00
30
30
30
30
00
00
30
FE
78
30
ENDCHAR
STARTCHAR 2B6E
ENCODING 11118
SWIDTH 583 0
DWIDTH 14 0
BBX 10 19 2 1
BITMAP
0800
0C00
1E00
3E00
6C00
C800
C000
C000
C000
C000
C000
C0C0
C0C0
C0C0
C0C0
C0C0
61C0
7F80
1F00
ENDCHAR
STARTCHAR 2B6F
ENCODING 11119
SWIDTH 583 0
DWIDTH 14 0
BBX 10 19 2 1
BITMAP
0400
0C00
1E00
1F80
0D80
04C0
00C0
00C0
00C0
00C0
00C0
C0C0
C0C0
C0C0
C0C0
C0C0
61C0
7F80
1F00
ENDCHAR
STARTCHAR 2B70
ENCODING 11120
SWIDTH 583 0
DWIDTH 14 0
BBX 14 10 0 3
BITMAP
C000
C400
C400
CC00
DFFC
DFFC
CC00
C400
C400
C000
ENDCHAR
STARTCHAR 2B71
ENCODING 11121
SWIDTH 583 0
DWIDTH 14 0
BBX 10 21 2 -2
BITMAP
FFC0
FFC0
0000
0C00
1E00
3F00
7F80
0C00
0C00
0C00
0C00
0C00
0C00
0C00
0C00
0C00
0C00
0C00
0C00
0C00
0C00
ENDCHAR
STARTCHAR 2B72
ENCODING 11122
SWIDTH 583 0
DWIDTH 14 0
BBX 14 10 1 3
BITMAP
000C
010C
018C
01CC
FFEC
FFEC
01CC
018C
010C
000C
ENDCHAR
STARTCHAR 2B73
ENCODING 11123
SWIDTH 583 0
DWIDTH 14 0
BBX 10 21 2 -3
BITMAP
0C00
0C00
0C00
0C00
0C00
0C00
0C00
0C00
0C00
0C00
0C00
0C00
0C00
0C00
7F80
3F00
1E00
0C00
0000
FFC0
FFC0
ENDCHAR
STARTCHAR 2B7A
ENCODING 11130
SWIDTH 583 0
DWIDTH 14 0
BBX 13 7 1 4
BITMAP
2000
26C0
66C0
FFF8
FFF8
66C0
26C0
ENDCHAR
STARTCHAR 2B7B
ENCODING 11131
SWIDTH 583 0
DWIDTH 14 0
BBX 7 20 4 -1
BITMAP
30
78
FC
32
30
30
30
30
30
FC
30
30
30
FC
30
30
30
30
30
30
ENDCHAR
STARTCHAR 2B7C
ENCODING 11132
SWIDTH 583 0
DWIDTH 14 0
BBX 13 8 1 4
BITMAP
0040
1A60
1A70
FFF8
FFF8
1A70
1A60
0040
ENDCHAR
STARTCHAR 2B7D
ENCODING 11133
SWIDTH 583 0
DWIDTH 14 0
BBX 8 20 3 -2
BITMAP
18
18
18
18
18
18
7E
18
18
7E
18
18
18
18
18
18
FF
7E
3C
18
ENDCHAR
STARTCHAR 2B7E
ENCODING 11134
SWIDTH 583 0
DWIDTH 14 0
BBX 15 18 0 -1
BITMAP
C000
C400
C400
CC00
DFFC
DFFC
CC00
C400
C006
0086
00C6
00E6
7FF6
7FF6
00E6
00C6
0086
0006
ENDCHAR
STARTCHAR 2B7F
ENCODING 11135
SWIDTH 583 0
DWIDTH 14 0
BBX 17 22 -1 -3
BITMAP
01FF80
0DFF80
0C0000
0C1800
0C3C00
0C7E00
0CFF00
0C1800
0C1800
0C1800
0C1800
0C1800
0C1800
0C1800
0C1800
7F9800
3F1800
1E1800
0C1800
001800
FFD800
FFC000
ENDCHAR
STARTCHAR 2B80
ENCODING 11136
SWIDTH 583 0
DWIDTH 14 0
BBX 14 16 0 0
BITMAP
1000
1000
7000
FFFC
7FFC
3000
1000
0000
0000
0030
0038
7FFC
7FFC
0038
0030
0020
ENDCHAR
STARTCHAR 2B81
ENCODING 11137
SWIDTH 583 0
DWIDTH 14 0
BBX 15 20 0 -1
BITMAP
1830
3C30
7E30
FF30
1830
1830
1830
1830
1830
1830
1830
1830
1830
1830
1830
1830
19FE
18FC
1878
1830
ENDCHAR
STARTCHAR 2B82
ENCODING 11138
SWIDTH 583 0
DWIDTH 14 0
BBX 14 16 0 0
BITMAP
0020
0030
0038
7FFC
7FFC
0038
0030
0000
0000
1000
3000
7FFC
FFFC
7000
1000
1000
ENDCHAR
STARTCHAR 2B83
ENCODING 11139
SWIDTH 583 0
DWIDTH 14 0
BBX 15 20 0 -1
BITMAP
1830
1878
18FC
19FE
1830
1830
1830
1830
1830
1830
1830
1830
1830
1830
1830
1830
FF30
7E30
3C30
1830
ENDCHAR
STARTCHAR 2B84
ENCODING 11140
SWIDTH 583 0
DWIDTH 14 0
BBX 14 16 0 0
BITMAP
1000
1000
7000
FFFC
7FFC
3000
1000
0000
0000
1000
3000
7FFC
FFFC
7000
1000
1000
ENDCHAR
STARTCHAR 2B85
ENCODING 11141
SWIDTH 583 0
DWIDTH 14 0
BBX 15 20 0 -1
BITMAP
1830
3C78
7EFC
FFFE
1830
1830
1830
1830
1830
1830
1830
1830
1830
1830
1830
1830
1830
1830
1830
1830
ENDCHAR
STARTCHAR 2B86
ENCODING 11142
SWIDTH 583 0
DWIDTH 14 0
BBX 13 16 1 0
BITMAP
0040
0060
0070
FFF8
FFF8
0070
0060
0000
0000
0060
0070
FFF8
FFF8
0070
0060
0040
ENDCHAR
STARTCHAR 2B87
ENCODING 11143
SWIDTH 583 0
DWIDTH 14 0
BBX 15 20 0 -2
BITMAP
1830
1830
1830
1830
1830
1830
1830
1830
1830
1830
1830
1830
1830
1830
1830
1830
FFFE
7EFC
3C78
1830
ENDCHAR
STARTCHAR 2B8C
ENCODING 11148
SWIDTH 583 0
DWIDTH 14 0
BBX 13 13 1 3
BITMAP
2000
2000
6000
FFE0
FFF0
6038
2018
0018
0018
0018
0030
FFF0
FFE0
ENDCHAR
STARTCHAR 2B8D
ENCODING 11149
SWIDTH 583 0
DWIDTH 14 0
BBX 12 21 3 -3
BITMAP
C180
C3C0
C7E0
CFF0
C180
C180
C180
C180
C180
C180
C180
C180
C180
C180
C180
C180
C180
C180
E380
7F00
3E00
ENDCHAR
STARTCHAR 2B8E
ENCODING 11150
SWIDTH 583 0
DWIDTH 14 0
BBX 13 13 1 0
BITMAP
3FF8
7FF8
E000
C000
C000
C040
C060
E070
7FF8
3FF8
0070
0060
0040
ENDCHAR
STARTCHAR 2B8F
ENCODING 11151
SWIDTH 583 0
DWIDTH 14 0
BBX 12 21 0 -2
BITMAP
07C0
0FE0
1C70
1830
1830
1830
1830
1830
1830
1830
1830
1830
1830
1830
1830
1830
1830
FF30
7E30
3C30
1830
ENDCHAR
STARTCHAR 2B90
ENCODING 11152
SWIDTH 583 0
DWIDTH 14 0
BBX 13 13 1 0
BITMAP
03F8
03F0
0030
0030
0070
0060
2060
6060
FFE0
FFC0
6000
2000
2000
ENDCHAR
STARTCHAR 2B91
ENCODING 11153
SWIDTH 583 0
DWIDTH 14 0
BBX 13 13 1 0
BITMAP
FC00
FC00
C000
E000
6000
6000
7060
7070
3FF8
3FF8
0070
0060
0040
ENDCHAR
STARTCHAR 2B92
ENCODING 11154
SWIDTH 583 0
DWIDTH 14 0
BBX 13 13 1 0
BITMAP
FEF8
FEF8
0018
0018
0018
0018
0118
0318
F7F8
FFF8
0700
0300
0100
ENDCHAR
STARTCHAR 2B93
ENCODING 11155
SWIDTH 583 0
DWIDTH 14 0
BBX 13 13 1 0
BITMAP
F3F8
F3F8
C000
C000
C000
C000
C400
C600
FF78
FF78
0600
0400
0800
ENDCHAR
STARTCHAR 2B94
ENCODING 11156
SWIDTH 583 0
DWIDTH 14 0
BBX 11 12 2 2
BITMAP
0400
7FC0
77C0
64C0
6000
F0C0
61E0
00C0
68C0
7DC0
7DC0
0800
ENDCHAR
STARTCHAR 2B95
ENCODING 11157
SWIDTH 583 0
DWIDTH 14 0
BBX 13 8 1 4
BITMAP
0100
01C0
FFE0
FFF8
FFF0
FFE0
01C0
0100
ENDCHAR
STARTCHAR 2BA0
ENCODING 11168
SWIDTH 583 0
DWIDTH 14 0
BBX 13 13 1 0
BITMAP
0018
0018
0018
0018
0018
0018
2018
6018
FFF8
FFF8
6000
2000
2000
ENDCHAR
STARTCHAR 2BA1
ENCODING 11169
SWIDTH 583 0
DWIDTH 14 0
BBX 13 13 1 0
BITMAP
C000
C000
C000
C000
C000
C040
C060
C070
FFF8
FFF8
0070
0060
0040
ENDCHAR
STARTCHAR 2BA2
ENCODING 11170
SWIDTH 583 0
DWIDTH 14 0
BBX 13 13 1 3
BITMAP
2000
2000
6000
FFF8
FFF8
6018
2018
0018
0018
0018
0018
0018
0018
ENDCHAR
STARTCHAR 2BA3
ENCODING 11171
SWIDTH 583 0
DWIDTH 14 0
BBX 13 13 1 3
BITMAP
0040
0060
0070
FFF8
FFF8
C070
C060
C040
C000
C000
C000
C000
C000
ENDCHAR
STARTCHAR 2BA4
ENCODING 11172
SWIDTH 583 0
DWIDTH 14 0
BBX 11 21 0 -3
BITMAP
1800
3C00
7E00
FF00
1800
1800
1800
1800
1800
1800
1800
1800
1800
1800
1800
1800
1800
1800
1800
1FE0
1FE0
ENDCHAR
STARTCHAR 2BA5
ENCODING 11173
SWIDTH 583 0
DWIDTH 14 0
BBX 11 21 4 -3
BITMAP
0300
0780
0FC0
1FE0
0300
0300
0300
0300
0300
0300
0300
0300
0300
0300
0300
0300
0300
0300
0300
FF00
FF00
ENDCHAR
STARTCHAR 2BA6
ENCODING 11174
SWIDTH 583 0
DWIDTH 14 0
BBX 11 21 0 -2
BITMAP
1FE0
1FE0
1800
1800
1800
1800
1800
1800
1800
1800
1800
1800
1800
1800
1800
1800
1800
FF00
7E00
3C00
1800
ENDCHAR
STARTCHAR 2BA7
ENCODING 11175
SWIDTH 583 0
DWIDTH 14 0
BBX 11 21 4 -2
BITMAP
FF00
FF00
0300
0300
0300
0300
0300
0300
0300
0300
0300
0300
0300
0300
0300
0300
0300
1FE0
0FC0
0780
0300
ENDCHAR
STARTCHAR 2BB8
ENCODING 11192
SWIDTH 583 0
DWIDTH 14 0
BBX 9 20 3 -2
BITMAP
0800
1C00
3600
3E00
6300
E380
2200
2200
2200
2200
2200
2200
2200
2200
3E00
0000
3E00
2200
2200
3E00
ENDCHAR
STARTCHAR 2BB9
ENCODING 11193
SWIDTH 583 0
DWIDTH 14 0
BBX 12 8 1 4
BITMAP
FFF0
FFF0
C630
CF30
DDB0
C830
FFF0
FFF0
ENDCHAR
STARTCHAR 2BBA
ENCODING 11194
SWIDTH 583 0
DWIDTH 14 0
BBX 12 12 1 2
BITMAP
1FF0
1FF0
1830
FFB0
FFB0
D9B0
D9B0
DFF0
DFF0
C180
FF80
FF80
ENDCHAR
STARTCHAR 2BBB
ENCODING 11195
SWIDTH 583 0
DWIDTH 14 0
BBX 12 12 1 2
BITMAP
1FF0
1FF0
1FF0
FFF0
FFF0
DFF0
DFF0
DFF0
DFF0
C180
FF80
FF80
ENDCHAR
STARTCHAR 2BBC
ENCODING 11196
SWIDTH 583 0
DWIDTH 14 0
BBX 12 12 1 2
BITMAP
1FF0
1FF0
1FF0
FFF0
FFF0
FFF0
FFF0
FFF0
FFF0
FF80
FF80
FF80
ENDCHAR
STARTCHAR 2BBD
ENCODING 11197
SWIDTH 583 0
DWIDTH 14 0
BBX 12 12 1 2
BITMAP
FFF0
FFF0
D030
D8B0
CD30
C630
C630
C930
D0B0
C030
FFF0
FFF0
ENDCHAR
STARTCHAR 2BBE
ENCODING 11198
SWIDTH 583 0
DWIDTH 14 0
BBX 12 12 1 2
BITMAP
0F00
3FC0
70E0
6060
CF30
CF30
CF30
CF30
6060
70E0
3FC0
0F00
ENDCHAR
STARTCHAR 2BBF
ENCODING 11199
SWIDTH 583 0
DWIDTH 14 0
BBX 12 12 1 2
BITMAP
0F00
3FC0
70E0
6060
CF30
CF30
CF30
CF30
6060
70E0
3FC0
0F00
ENDCHAR
STARTCHAR 2BC0
ENCODING 11200
SWIDTH 583 0
DWIDTH 14 0
BBX 12 12 1 2
BITMAP
FFF0
FFF0
FFF0
FFF0
FFF0
FFF0
FFF0
FFF0
FFF0
FFF0
FFF0
FFF0
ENDCHAR
STARTCHAR 2BC1
ENCODING 11201
SWIDTH 583 0
DWIDTH 14 0
BBX 11 11 2 2
BITMAP
0400
0E00
1F00
3F80
7FC0
FFE0
FFC0
7F80
3F00
1E00
0C00
ENDCHAR
STARTCHAR 2BC2
ENCODING 11202
SWIDTH 583 0
DWIDTH 14 0
BBX 12 11 1 2
BITMAP
3FC0
3FC0
3FE0
7FE0
7FE0
7FF0
FFF0
7FE0
1FC0
0F00
0600
ENDCHAR
STARTCHAR 2BC3
ENCODING 11203
SWIDTH 583 0
DWIDTH 14 0
BBX 12 12 1 2
BITMAP
0F00
3FE0
7FE0
7FE0
7FF0
FFF0
FFF0
7FF0
7FE0
3FE0
1FC0
0600
ENDCHAR
STARTCHAR 2BC4
ENCODING 11204
SWIDTH 583 0
DWIDTH 14 0
BBX 11 11 2 3
BITMAP
3F00
7F80
FFC0
FFE0
FFE0
FFE0
FFE0
FFE0
FFE0
7FC0
3F80
ENDCHAR
STARTCHAR 2BC5
ENCODING 11205
SWIDTH 583 0
DWIDTH 14 0
BBX 10 8 2 5
BITMAP
0C00
0E00
1E00
1F00
3F00
7F80
7FC0
FFC0
ENDCHAR
STARTCHAR 2BC6
ENCODING 11206
SWIDTH 583 0
DWIDTH 14 0
BBX 11 9 2 4
BITMAP
FFE0
FFC0
7F80
3F80
3F00
1F00
1E00
0C00
0400
ENDCHAR
STARTCHAR 2BC7
ENCODING 11207
SWIDTH 583 0
DWIDTH 14 0
BBX 9 11 3 3
BITMAP
0080
0180
0780
1F80
3F80
FF80
7F80
3F80
0F80
0380
0180
ENDCHAR
STARTCHAR 2BC8
ENCODING 11208
SWIDTH 583 0
DWIDTH 14 0
BBX 8 10 3 4
BITMAP
C0
E0
F8
FE
FF
FF
FC
F0
E0
80
ENDCHAR
STARTCHAR 2BCA
ENCODING 11210
SWIDTH 583 0
DWIDTH 14 0
BBX 12 6 1 8
BITMAP
0F80
3FC0
7FE0
7FF0
FFF0
FFF0
ENDCHAR
STARTCHAR 2BCB
ENCODING 11211
SWIDTH 583 0
DWIDTH 14 0
BBX 12 6 1 2
BITMAP
FFF0
FFF0
7FE0
7FE0
3FC0
0F00
ENDCHAR
STARTCHAR 2BCC
ENCODING 11212
SWIDTH 583 0
DWIDTH 14 0
BBX 10 10 2 3
BITMAP
0400
0C00
1E00
3F00
FFC0
7F80
1F00
0E00
0C00
0400
ENDCHAR
STARTCHAR 2BCD
ENCODING 11213
SWIDTH 583 0
DWIDTH 14 0
BBX 9 9 3 4
BITMAP
0080
E700
7F00
7F00
7E00
7E00
7F00
FF00
C100
ENDCHAR
STARTCHAR 2BCE
ENCODING 11214
SWIDTH 583 0
DWIDTH 14 0
BBX 10 10 2 3
BITMAP
0400
0C00
1A00
3300
E0C0
6180
1300
0E00
0C00
0400
ENDCHAR
STARTCHAR 2BCF
ENCODING 11215
SWIDTH 583 0
DWIDTH 14 0
BBX 9 9 3 4
BITMAP
0080
C300
BD00
4200
4200
4200
4200
BD00
8300
ENDCHAR
STARTCHAR 2BD0
ENCODING 11216
SWIDTH 583 0
DWIDTH 14 0
BBX 11 12 1 2
BITMAP
0600
7FC0
7FC0
66C0
66C0
FFE0
FFE0
66C0
66C0
7FC0
7FC0
0600
ENDCHAR
STARTCHAR 2BD1
ENCODING 11217
SWIDTH 583 0
DWIDTH 14 0
BBX 11 19 2 -2
BITMAP
0400
0C00
0E00
1E00
3300
3100
6F80
72C0
C2C0
8E60
8C60
C0C0
6CC0
6D80
3300
1300
1E00
0E00
0C00
ENDCHAR
STARTCHAR 2BD2
ENCODING 11218
SWIDTH 583 0
DWIDTH 14 0
BBX 10 16 2 0
BITMAP
0E00
0E00
0E00
FFC0
FFC0
0E00
0E00
FFC0
FFC0
0E00
0E00
FFC0
FFC0
0E00
0E00
0E00
ENDCHAR
STARTCHAR 2BE8
ENCODING 11240
SWIDTH 583 0
DWIDTH 14 0
BBX 5 11 2 4
BITMAP
08
08
08
08
F8
78
18
18
38
30
40
ENDCHAR
STARTCHAR 2BE9
ENCODING 11241
SWIDTH 583 0
DWIDTH 14 0
BBX 6 11 7 4
BITMAP
80
80
80
C0
FC
F0
E0
E0
E0
20
10
ENDCHAR
STARTCHAR 2BEA
ENCODING 11242
SWIDTH 583 0
DWIDTH 14 0
BBX 11 11 2 4
BITMAP
0400
0400
0C00
0E00
FBE0
7980
1B00
1D00
3F00
3100
4080
ENDCHAR
STARTCHAR 2BEB
ENCODING 11243
SWIDTH 583 0
DWIDTH 14 0
BBX 11 11 2 4
BITMAP
0400
0400
0C00
0E00
FFE0
6780
1700
1F00
3F00
3100
4080
ENDCHAR
STARTCHAR 2BEC
ENCODING 11244
SWIDTH 583 0
DWIDTH 14 0
BBX 13 7 1 4
BITMAP
2200
2200
6600
EFF8
EFF8
6600
2200
ENDCHAR
STARTCHAR 2BED
ENCODING 11245
SWIDTH 583 0
DWIDTH 14 0
BBX 8 20 3 -1
BITMAP
18
3C
7E
FF
18
3C
7E
FF
18
18
18
18
18
18
18
18
18
18
18
18
ENDCHAR
STARTCHAR 2BEE
ENCODING 11246
SWIDTH 583 0
DWIDTH 14 0
BBX 13 8 1 4
BITMAP
0440
0660
0770
FFF8
FFF8
0770
0660
0440
ENDCHAR
STARTCHAR 2BEF
ENCODING 11247
SWIDTH 583 0
DWIDTH 14 0
BBX 8 20 3 -2
BITMAP
18
18
18
18
18
18
18
18
18
18
18
18
FF
7E
3C
18
FF
7E
3C
18
ENDCHAR
STARTCHAR 2BFA
ENCODING 11258
SWIDTH 583 0
DWIDTH 14 0
BBX 11 4 2 6
BITMAP
7BC0
DE60
DE60
7BC0
ENDCHAR
STARTCHAR 2BFB
ENCODING 11259
SWIDTH 583 0
DWIDTH 14 0
BBX 14 4 0 6
BITMAP
F83C
DFEC
DFEC
703C
ENDCHAR
STARTCHAR 2BFC
ENCODING 11260
SWIDTH 583 0
DWIDTH 14 0
BBX 5 10 5 3
BITMAP
70
D8
D8
F8
70
70
D8
D8
D8
70
ENDCHAR
STARTCHAR 2BFD
ENCODING 11261
SWIDTH 583 0
DWIDTH 14 0
BBX 5 10 5 3
BITMAP
20
70
20
20
20
70
F8
D8
D8
70
ENDCHAR
STARTCHAR 2BFE
ENCODING 11262
SWIDTH 583 0
DWIDTH 14 0
BBX 12 12 1 2
BITMAP
0030
0030
0030
0030
0030
0030
0030
0030
0030
0030
FFF0
FFF0
ENDCHAR
STARTCHAR 2BFF
ENCODING 11263
SWIDTH 583 0
DWIDTH 14 0
BBX 12 24 1 -4
BITMAP
FFF0
FFF0
FFF0
FFF0
FFF0
0600
0600
0600
0600
07F0
07F0
07F0
07F0
07F0
0600
0600
0600
0600
0600
FFF0
FFF0
FFF0
FFF0
FFF0
ENDCHAR
STARTCHAR 2C60
ENCODING 11360
SWIDTH 583 0
DWIDTH 14 0
BBX 12 18 1 0
BITMAP
7E00
7E00
3800
3800
3800
3800
FF00
FF00
3800
3800
FF00
FF00
3800
3800
3870
3870
7FF0
7FF0
ENDCHAR
STARTCHAR 2C61
ENCODING 11361
SWIDTH 583 0
DWIDTH 14 0
BBX 10 18 2 0
BITMAP
FE00
FE00
0E00
0E00
0E00
0E00
3F80
3F80
0E00
3F80
3F80
0E00
0E00
0E00
0E00
0E00
FFC0
FFC0
ENDCHAR
STARTCHAR 2C62
ENCODING 11362
SWIDTH 583 0
DWIDTH 14 0
BBX 13 18 0 0
BITMAP
3F00
3F00
1C00
1C00
1C00
1C00
1C00
7D80
FF80
DF00
1C00
1C00
1C00
1C00
1C38
1C38
3FF8
3FF8
ENDCHAR
STARTCHAR 2C63
ENCODING 11363
SWIDTH 583 0
DWIDTH 14 0
BBX 12 18 0 0
BITMAP
7F80
7FE0
39E0
3870
FF70
FF70
3870
3870
39E0
3FE0
3FC0
3800
3800
3800
3800
3800
7E00
7E00
ENDCHAR
STARTCHAR 2C64
ENCODING 11364
SWIDTH 583 0
DWIDTH 14 0
BBX 13 23 1 -5
BITMAP
FF80
FFC0
73E0
70E0
70E0
70E0
70E0
71E0
7FC0
7F80
7700
7300
7380
7380
71C0
71C0
70F8
70F8
7000
7000
7C00
3C00
1C00
ENDCHAR
STARTCHAR 2C65
ENCODING 11365
SWIDTH 583 0
DWIDTH 14 0
BBX 12 15 2 -2
BITMAP
00C0
3FC0
7FC0
FBC0
E3E0
03E0
1FE0
7FE0
FCE0
E8E0
F8E0
FBE0
7FF0
3CF0
6000
ENDCHAR
STARTCHAR 2C66
ENCODING 11366
SWIDTH 583 0
DWIDTH 14 0
BBX 11 22 2 -2
BITMAP
00C0
0080
3980
3980
3B00
3B00
3A00
FFC0
FFC0
3C00
3C00
3C00
3800
3800
3800
38E0
38E0
3DE0
7FC0
6F80
4000
4000
ENDCHAR
STARTCHAR 2C67
ENCODING 11367
SWIDTH 583 0
DWIDTH 14 0
BBX 12 22 1 -4
BITMAP
F9F0
F9F0
70E0
70E0
70E0
70E0
70E0
70E0
7FE0
7FE0
70E0
70E0
70E0
70E0
70E0
70E0
F9F0
F9F0
0070
0070
0070
0070
ENDCHAR
STARTCHAR 2C68
ENCODING 11368
SWIDTH 583 0
DWIDTH 14 0
BBX 13 22 1 -4
BITMAP
F000
F000
7000
7000
7000
7780
77C0
7FE0
70E0
70E0
70E0
70E0
70E0
70E0
70E0
70E0
F9F8
F9F8
0038
0038
0038
0038
ENDCHAR
STARTCHAR 2C69
ENCODING 11369
SWIDTH 583 0
DWIDTH 14 0
BBX 12 22 1 -4
BITMAP
F8F0
F9F0
71C0
7380
7300
7700
7600
7E00
7C00
7E00
7E00
7700
7300
7380
7180
71C0
F9F0
F8F0
0070
0070
0070
0070
ENDCHAR
STARTCHAR 2C6A
ENCODING 11370
SWIDTH 583 0
DWIDTH 14 0
BBX 12 22 1 -4
BITMAP
F000
F000
7000
7000
7000
70F0
71F0
7380
7380
7700
7E00
7E00
7F00
7F00
7380
71C0
F9F0
F8F0
0070
0070
0070
0070
ENDCHAR
STARTCHAR 2C6B
ENCODING 11371
SWIDTH 583 0
DWIDTH 14 0
BBX 11 22 2 -4
BITMAP
FFE0
FFE0
E1E0
E1C0
03C0
0780
0780
0F00
0F00
1E00
1E00
3C00
3800
7800
70E0
F0E0
FFE0
FFE0
00E0
00E0
00E0
00E0
ENDCHAR
STARTCHAR 2C6C
ENCODING 11372
SWIDTH 583 0
DWIDTH 14 0
BBX 11 17 2 -4
BITMAP
FFE0
FFE0
E1E0
E3C0
0780
0700
0E00
1C00
3800
70E0
F0E0
FFE0
FFE0
00E0
00E0
00E0
00E0
ENDCHAR
STARTCHAR 2C6D
ENCODING 11373
SWIDTH 583 0
DWIDTH 14 0
BBX 11 18 2 0
BITMAP
3DE0
7FE0
FFC0
E1C0
E1C0
E1C0
E1C0
E1C0
E1C0
E1C0
E1C0
E1C0
E1C0
E1C0
E1C0
FFC0
7FE0
3DE0
ENDCHAR
STARTCHAR 2C6E
ENCODING 11374
SWIDTH 583 0
DWIDTH 14 0
BBX 13 23 1 -5
BITMAP
F078
F078
7878
78F8
78F8
78F8
7DF8
7DB8
75B8
77B8
7738
7738
7738
7038
7038
7038
F038
F038
0038
0038
00F0
01F0
01C0
ENDCHAR
STARTCHAR 2C6F
ENCODING 11375
SWIDTH 583 0
DWIDTH 14 0
BBX 12 18 1 0
BITMAP
F9F0
F9F0
70E0
70E0
30E0
3FC0
3FC0
39C0
39C0
1980
1B80
1F80
1F80
0F00
0F00
0F00
0F00
0F00
ENDCHAR
STARTCHAR 2C70
ENCODING 11376
SWIDTH 583 0
DWIDTH 14 0
BBX 12 18 1 0
BITMAP
F3C0
F7E0
7FE0
70F0
7070
7070
7070
7070
7070
7070
7070
7070
7070
7070
7070
7DE0
F7E0
F3C0
ENDCHAR
STARTCHAR 2C71
ENCODING 11377
SWIDTH 583 0
DWIDTH 14 0
BBX 13 13 1 0
BITMAP
F838
F8F8
30F0
38E0
39C0
39C0
1DC0
1DC0
1DC0
0D80
0F80
0F80
0700
ENDCHAR
STARTCHAR 2C72
ENCODING 11378
SWIDTH 583 0
DWIDTH 14 0
BBX 15 18 1 0
BITMAP
F00E
F01E
603C
6038
6038
6738
6738
7738
7738
35B0
3DB0
3DB0
3DF0
3DF0
3CE0
38E0
38E0
18E0
ENDCHAR
STARTCHAR 2C73
ENCODING 11379
SWIDTH 583 0
DWIDTH 14 0
BBX 15 13 1 0
BITMAP
F00E
F01E
603C
6038
6738
7738
37B8
3DB0
3DB0
3DF0
3CF0
38E0
18E0
ENDCHAR
STARTCHAR 2C74
ENCODING 11380
SWIDTH 583 0
DWIDTH 14 0
BBX 13 13 1 0
BITMAP
1EF8
3FF8
3F70
3B60
FFE0
FEE0
1CC0
0EC0
0FC0
0FC0
0780
0780
0780
ENDCHAR
STARTCHAR 2C75
ENCODING 11381
SWIDTH 583 0
DWIDTH 14 0
BBX 8 18 3 0
BITMAP
FC
FC
70
70
70
70
70
73
7F
7F
73
70
70
70
70
70
FC
FC
ENDCHAR
STARTCHAR 2C76
ENCODING 11382
SWIDTH 583 0
DWIDTH 14 0
BBX 8 13 3 0
BITMAP
FC
FC
70
70
73
7F
7F
73
70
70
70
FC
FC
ENDCHAR
STARTCHAR 2C77
ENCODING 11383
SWIDTH 583 0
DWIDTH 14 0
BBX 13 13 1 0
BITMAP
61E0
73F0
67F0
E738
E738
E738
E738
E738
E738
7770
7FF0
3FE0
0F80
ENDCHAR
STARTCHAR 2C78
ENCODING 11384
SWIDTH 583 0
DWIDTH 14 0
BBX 14 13 2 0
BITMAP
1F00
7FC0
7BC0
E0E0
E0E0
FFE0
FFE0
E000
E000
E0EC
7FFC
7FFC
1F00
ENDCHAR
STARTCHAR 2C79
ENCODING 11385
SWIDTH 583 0
DWIDTH 14 0
BBX 11 18 1 0
BITMAP
0E00
0F00
0F00
0380
0380
0380
0380
0380
0380
0380
0380
0380
0380
0380
E380
FF80
7BE0
73E0
ENDCHAR
STARTCHAR 2C7A
ENCODING 11386
SWIDTH 583 0
DWIDTH 14 0
BBX 11 13 2 0
BITMAP
1F00
7FC0
7BC0
E0E0
E0E0
E0E0
E0E0
EEE0
FFE0
FBE0
7BC0
7FC0
1F00
ENDCHAR
STARTCHAR 2C7B
ENCODING 11387
SWIDTH 583 0
DWIDTH 14 0
BBX 11 13 2 0
BITMAP
FFE0
FFE0
E1C0
E1C0
01C0
01C0
1FC0
1FC0
01C0
E1C0
E1C0
FFE0
FFE0
ENDCHAR
STARTCHAR 2C7C
ENCODING 11388
SWIDTH 583 0
DWIDTH 14 0
BBX 8 15 2 -6
BITMAP
07
07
07
1F
1F
03
03
03
03
03
03
03
E3
7E
3C
ENDCHAR
STARTCHAR 2C7D
ENCODING 11389
SWIDTH 583 0
DWIDTH 14 0
BBX 10 13 3 8
BITMAP
F3C0
F3C0
7380
7380
3300
3300
3300
3F00
1E00
1E00
1E00
1E00
0C00
ENDCHAR
STARTCHAR 2C7E
ENCODING 11390
SWIDTH 583 0
DWIDTH 14 0
BBX 11 23 2 -5
BITMAP
3EE0
7FE0
7FE0
E0E0
E0E0
E000
7000
7800
3E00
1F80
03C0
01C0
00E0
E0E0
E0E0
FFC0
FFC0
7F00
7000
3800
1F80
0FE0
03E0
ENDCHAR
STARTCHAR 2C7F
ENCODING 11391
SWIDTH 583 0
DWIDTH 14 0
BBX 10 23 2 -5
BITMAP
FFC0
FFC0
E1C0
E1C0
0380
0380
0700
0700
0F00
0E00
1E00
1C00
3C00
3800
3800
7800
7000
F000
7800
3C00
1F80
07C0
01C0
ENDCHAR
STARTCHAR 2DE0
ENCODING 11744
SWIDTH 0 0
DWIDTH 0 0
BBX 4 7 -9 15
BITMAP
70
C0
B0
D0
90
90
F0
ENDCHAR
STARTCHAR 2DE1
ENCODING 11745
SWIDTH 0 0
DWIDTH 0 0
BBX 5 5 -10 15
BITMAP
F0
58
70
48
F8
ENDCHAR
STARTCHAR 2DE2
ENCODING 11746
SWIDTH 0 0
DWIDTH 0 0
BBX 4 5 -9 15
BITMAP
F0
50
40
40
E0
ENDCHAR
STARTCHAR 2DE3
ENCODING 11747
SWIDTH 0 0
DWIDTH 0 0
BBX 4 7 -9 15
BITMAP
F0
50
50
50
F0
90
90
ENDCHAR
STARTCHAR 2DE4
ENCODING 11748
SWIDTH 0 0
DWIDTH 0 0
BBX 5 5 -10 15
BITMAP
A8
F8
70
F8
A8
ENDCHAR
STARTCHAR 2DE5
ENCODING 11749
SWIDTH 0 0
DWIDTH 0 0
BBX 4 5 -9 15
BITMAP
F0
90
70
10
F0
ENDCHAR
STARTCHAR 2DE6
ENCODING 11750
SWIDTH 0 0
DWIDTH 0 0
BBX 5 5 -9 15
BITMAP
D8
F0
E0
F0
D8
ENDCHAR
STARTCHAR 2DE7
ENCODING 11751
SWIDTH 0 0
DWIDTH 0 0
BBX 6 5 -10 15
BITMAP
7C
28
28
28
CC
ENDCHAR
STARTCHAR 2DE8
ENCODING 11752
SWIDTH 0 0
DWIDTH 0 0
BBX 5 5 -9 15
BITMAP
D8
D8
D8
A8
E8
ENDCHAR
STARTCHAR 2DE9
ENCODING 11753
SWIDTH 0 0
DWIDTH 0 0
BBX 5 5 -10 15
BITMAP
D8
D8
F8
D8
D8
ENDCHAR
STARTCHAR 2DEA
ENCODING 11754
SWIDTH 0 0
DWIDTH 0 0
BBX 4 5 -9 15
BITMAP
E0
90
90
90
E0
ENDCHAR
STARTCHAR 2DEB
ENCODING 11755
SWIDTH 0 0
DWIDTH 0 0
BBX 5 5 -10 15
BITMAP
F8
50
50
50
D8
ENDCHAR
STARTCHAR 2DEC
ENCODING 11756
SWIDTH 0 0
DWIDTH 0 0
BBX 5 7 -10 15
BITMAP
F8
48
48
48
78
40
E0
ENDCHAR
STARTCHAR 2DED
ENCODING 11757
SWIDTH 0 0
DWIDTH 0 0
BBX 4 5 -9 15
BITMAP
F0
90
80
90
E0
ENDCHAR
STARTCHAR 2DEE
ENCODING 11758
SWIDTH 0 0
DWIDTH 0 0
BBX 5 5 -10 15
BITMAP
F8
A8
20
20
70
ENDCHAR
STARTCHAR 2DEF
ENCODING 11759
SWIDTH 0 0
DWIDTH 0 0
BBX 5 5 -10 15
BITMAP
D8
70
20
70
D8
ENDCHAR
STARTCHAR 2DF0
ENCODING 11760
SWIDTH 0 0
DWIDTH 0 0
BBX 5 7 -10 15
BITMAP
D8
50
50
50
F8
08
08
ENDCHAR
STARTCHAR 2DF1
ENCODING 11761
SWIDTH 0 0
DWIDTH 0 0
BBX 5 5 -10 15
BITMAP
D8
D0
70
10
38
ENDCHAR
STARTCHAR 2DF2
ENCODING 11762
SWIDTH 0 0
DWIDTH 0 0
BBX 5 5 -9 15
BITMAP
A8
A8
A8
A8
F8
ENDCHAR
STARTCHAR 2DF3
ENCODING 11763
SWIDTH 0 0
DWIDTH 0 0
BBX 5 7 -9 15
BITMAP
B8
B0
B0
B0
B0
F8
08
ENDCHAR
STARTCHAR 2DF4
ENCODING 11764
SWIDTH 0 0
DWIDTH 0 0
BBX 4 5 -9 15
BITMAP
60
90
F0
90
60
ENDCHAR
STARTCHAR 2DF5
ENCODING 11765
SWIDTH 0 0
DWIDTH 0 0
BBX 5 5 -10 15
BITMAP
F8
98
90
90
F8
ENDCHAR
STARTCHAR 2DF6
ENCODING 11766
SWIDTH 0 0
DWIDTH 0 0
BBX 5 5 -9 16
BITMAP
F0
90
70
90
F8
ENDCHAR
STARTCHAR 2DF7
ENCODING 11767
SWIDTH 0 0
DWIDTH 0 0
BBX 4 5 -9 15
BITMAP
60
90
F0
90
70
ENDCHAR
STARTCHAR 2DF8
ENCODING 11768
SWIDTH 0 0
DWIDTH 0 0
BBX 5 5 -10 15
BITMAP
70
70
70
D8
D8
ENDCHAR
STARTCHAR 2DF9
ENCODING 11769
SWIDTH 0 0
DWIDTH 0 0
BBX 4 8 -9 15
BITMAP
10
90
90
E0
60
E0
A0
E0
ENDCHAR
STARTCHAR 2DFA
ENCODING 11770
SWIDTH 0 0
DWIDTH 0 0
BBX 5 7 -10 15
BITMAP
60
20
F0
20
38
28
78
ENDCHAR
STARTCHAR 2DFB
ENCODING 11771
SWIDTH 0 0
DWIDTH 0 0
BBX 5 5 -9 15
BITMAP
B8
A8
E8
A8
B8
ENDCHAR
STARTCHAR 2DFC
ENCODING 11772
SWIDTH 0 0
DWIDTH 0 0
BBX 4 5 -9 15
BITMAP
B0
D0
F0
D0
B0
ENDCHAR
STARTCHAR 2DFD
ENCODING 11773
SWIDTH 0 0
DWIDTH 0 0
BBX 5 5 -10 15
BITMAP
20
50
70
70
A8
ENDCHAR
STARTCHAR 2DFE
ENCODING 11774
SWIDTH 0 0
DWIDTH 0 0
BBX 5 5 -10 15
BITMAP
F8
50
70
A8
A8
ENDCHAR
STARTCHAR 2DFF
ENCODING 11775
SWIDTH 0 0
DWIDTH 0 0
BBX 6 5 -10 15
BITMAP
B8
A8
E8
B8
D4
ENDCHAR
STARTCHAR 2E0B
ENCODING 11787
SWIDTH 583 0
DWIDTH 14 0
BBX 9 8 3 10
BITMAP
FF80
C180
C180
C180
C180
C180
C180
FF80
ENDCHAR
STARTCHAR 2E0C
ENCODING 11788
SWIDTH 583 0
DWIDTH 14 0
BBX 10 10 2 9
BITMAP
4000
E000
7000
3800
1C00
0E00
0700
0380
01C0
0080
ENDCHAR
STARTCHAR 2E0D
ENCODING 11789
SWIDTH 583 0
DWIDTH 14 0
BBX 9 10 3 9
BITMAP
0100
0380
0300
0600
0C00
1800
3000
6000
C000
8000
ENDCHAR
STARTCHAR 2E12
ENCODING 11794
SWIDTH 583 0
DWIDTH 14 0
BBX 5 8 5 -4
BITMAP
E0
F0
38
38
38
F8
F0
E0
ENDCHAR
STARTCHAR 2E13
ENCODING 11795
SWIDTH 583 0
DWIDTH 14 0
BBX 12 13 1 2
BITMAP
0020
7070
70E0
71C0
0380
0700
0F00
1E00
1C00
38E0
70E0
E0E0
4000
ENDCHAR
STARTCHAR 2E18
ENCODING 11800
SWIDTH 583 0
DWIDTH 14 0
BBX 12 18 1 -5
BITMAP
0780
0780
0780
0780
0000
0000
0FC0
0FC0
3FC0
7FC0
F0E0
E0E0
E0E0
E070
E3F0
FFF0
7F70
3E20
ENDCHAR
STARTCHAR 2E1A
ENCODING 11802
SWIDTH 583 0
DWIDTH 14 0
BBX 10 12 2 7
BITMAP
6180
F3C0
F3C0
6180
0000
0000
0000
0000
0000
0000
FFC0
FFC0
ENDCHAR
STARTCHAR 2E1B
ENCODING 11803
SWIDTH 583 0
DWIDTH 14 0
BBX 13 13 1 5
BITMAP
0700
0F80
0980
0F80
0700
0000
0000
1C20
3E38
7F70
77F0
E3E0
21C0
ENDCHAR
STARTCHAR 2E1C
ENCODING 11804
SWIDTH 583 0
DWIDTH 14 0
BBX 9 9 3 -2
BITMAP
8000
C000
6000
3000
1800
0C00
0600
0300
0180
ENDCHAR
STARTCHAR 2E1D
ENCODING 11805
SWIDTH 583 0
DWIDTH 14 0
BBX 10 10 2 -2
BITMAP
0080
01C0
0380
0700
0E00
1C00
3800
7000
E000
4000
ENDCHAR
STARTCHAR 2E1E
ENCODING 11806
SWIDTH 583 0
DWIDTH 14 0
BBX 12 12 1 5
BITMAP
0700
0700
0700
0000
0000
0000
1C30
3E70
7770
73E0
E3C0
0080
ENDCHAR
STARTCHAR 2E1F
ENCODING 11807
SWIDTH 583 0
DWIDTH 14 0
BBX 12 12 1 -1
BITMAP
1C20
3E70
7770
73E0
E3C0
0080
0000
0000
0000
0700
0700
0700
ENDCHAR
STARTCHAR 2E20
ENCODING 11808
SWIDTH 583 0
DWIDTH 14 0
BBX 8 24 4 -4
BITMAP
E0
E0
E0
E0
E0
E0
E0
E0
E0
E0
E0
FF
FF
E0
E0
E0
E0
E0
E0
E0
E0
E0
E0
E0
ENDCHAR
STARTCHAR 2E21
ENCODING 11809
SWIDTH 583 0
DWIDTH 14 0
BBX 8 24 3 -4
BITMAP
07
07
07
07
07
07
07
07
07
07
07
FF
FF
07
07
07
07
07
07
07
07
07
07
07
ENDCHAR
STARTCHAR 2E22
ENCODING 11810
SWIDTH 583 0
DWIDTH 14 0
BBX 8 12 4 8
BITMAP
FF
FF
E0
E0
E0
E0
E0
E0
E0
E0
E0
E0
ENDCHAR
STARTCHAR 2E23
ENCODING 11811
SWIDTH 583 0
DWIDTH 14 0
BBX 8 12 3 8
BITMAP
FF
FF
07
07
07
07
07
07
07
07
07
07
ENDCHAR
STARTCHAR 2E24
ENCODING 11812
SWIDTH 583 0
DWIDTH 14 0
BBX 8 12 4 -4
BITMAP
E0
E0
E0
E0
E0
E0
E0
E0
E0
E0
FF
FF
ENDCHAR
STARTCHAR 2E25
ENCODING 11813
SWIDTH 583 0
DWIDTH 14 0
BBX 8 12 3 -4
BITMAP
07
07
07
07
07
07
07
07
07
07
FF
FF
ENDCHAR
STARTCHAR 2E26
ENCODING 11814
SWIDTH 583 0
DWIDTH 14 0
BBX 13 10 1 3
BITMAP
1FF8
7FF8
7800
E000
C000
C000
E000
F800
7FF8
1FF8
ENDCHAR
STARTCHAR 2E27
ENCODING 11815
SWIDTH 583 0
DWIDTH 14 0
BBX 13 10 1 3
BITMAP
FFC0
FFF0
00F8
0038
0018
0018
0038
00F8
FFF0
FFE0
ENDCHAR
STARTCHAR 2E28
ENCODING 11816
SWIDTH 583 0
DWIDTH 14 0
BBX 10 25 1 -4
BITMAP
18C0
3BC0
7FC0
7700
E700
EE00
EE00
EE00
EE00
EE00
EE00
EE00
EE00
EE00
EE00
EE00
EE00
EE00
EE00
EE00
E700
7700
7FC0
3BC0
18C0
ENDCHAR
STARTCHAR 2E29
ENCODING 11817
SWIDTH 583 0
DWIDTH 14 0
BBX 10 25 3 -4
BITMAP
C600
F700
FF80
3B80
39C0
1DC0
1DC0
1DC0
1DC0
1DC0
1DC0
1DC0
1DC0
1DC0
1DC0
1DC0
1DC0
1DC0
1DC0
1DC0
39C0
3B80
FF80
F700
C600
ENDCHAR
STARTCHAR 2E2A
ENCODING 11818
SWIDTH 583 0
DWIDTH 14 0
BBX 12 13 1 0
BITMAP
F0F0
F0F0
F0F0
F0F0
0000
0000
0000
0000
0000
0F00
0F00
0F00
0F00
ENDCHAR
STARTCHAR 2E2B
ENCODING 11819
SWIDTH 583 0
DWIDTH 14 0
BBX 12 13 1 0
BITMAP
0F00
0F00
0F00
0F00
0000
0000
0000
0000
0000
F0F0
F0F0
F0F0
F0F0
ENDCHAR
STARTCHAR 2E2C
ENCODING 11820
SWIDTH 583 0
DWIDTH 14 0
BBX 12 13 1 0
BITMAP
F0F0
F0F0
F0F0
F0F0
0000
0000
0000
0000
0000
F0F0
F0F0
F0F0
F0F0
ENDCHAR
STARTCHAR 2E2D
ENCODING 11821
SWIDTH 583 0
DWIDTH 14 0
BBX 13 13 1 0
BITMAP
0700
0700
0000
0000
0000
0000
E738
E738
0000
0000
0000
0700
0700
ENDCHAR
STARTCHAR 2E2E
ENCODING 11822
SWIDTH 583 0
DWIDTH 14 0
BBX 11 18 2 0
BITMAP
1F00
7F80
7FC0
E1C0
E1E0
E000
E000
F000
7E00
3E00
0E00
0E00
0000
0000
1E00
1E00
1E00
1E00
ENDCHAR
STARTCHAR 2E2F
ENCODING 11823
SWIDTH 583 0
DWIDTH 14 0
BBX 3 3 6 15
BITMAP
C0
C0
E0
ENDCHAR
STARTCHAR 2E30
ENCODING 11824
SWIDTH 583 0
DWIDTH 14 0
BBX 6 6 4 5
BITMAP
78
FC
CC
CC
FC
78
ENDCHAR
STARTCHAR 2E31
ENCODING 11825
SWIDTH 583 0
DWIDTH 14 0
BBX 4 4 5 6
BITMAP
F0
F0
F0
F0
ENDCHAR
STARTCHAR 2E32
ENCODING 11826
SWIDTH 583 0
DWIDTH 14 0
BBX 4 9 5 0
BITMAP
30
70
60
C0
C0
F0
F0
F0
F0
ENDCHAR
STARTCHAR 2E33
ENCODING 11827
SWIDTH 583 0
DWIDTH 14 0
BBX 4 4 5 4
BITMAP
F0
F0
F0
F0
ENDCHAR
STARTCHAR 2E34
ENCODING 11828
SWIDTH 583 0
DWIDTH 14 0
BBX 4 9 5 -1
BITMAP
F0
F0
F0
F0
30
30
60
E0
C0
ENDCHAR
STARTCHAR 2E35
ENCODING 11829
SWIDTH 583 0
DWIDTH 14 0
BBX 4 18 5 0
BITMAP
30
70
60
C0
C0
F0
F0
F0
F0
00
00
00
00
00
F0
F0
F0
F0
ENDCHAR
STARTCHAR 2E36
ENCODING 11830
SWIDTH 583 0
DWIDTH 14 0
BBX 7 24 2 -4
BITMAP
0E
0E
0E
0E
0E
0E
0E
FE
FE
0E
0E
0E
0E
0E
0E
0E
0E
0E
0E
0E
0E
0E
0E
0E
ENDCHAR
STARTCHAR 2E37
ENCODING 11831
SWIDTH 583 0
DWIDTH 14 0
BBX 7 24 6 -4
BITMAP
E0
E0
E0
E0
E0
E0
E0
FE
FE
E0
E0
E0
E0
E0
E0
E0
E0
E0
E0
E0
E0
E0
E0
E0
ENDCHAR
STARTCHAR 2E38
ENCODING 11832
SWIDTH 583 0
DWIDTH 14 0
BBX 10 24 2 -4
BITMAP
0E00
0E00
0E00
0E00
0E00
0E00
0E00
0E00
0E00
0E00
0E00
0E00
0E00
0E00
0E00
FFC0
FFC0
0E00
0E00
0E00
0E00
0E00
0E00
0E00
ENDCHAR
STARTCHAR 2E3D
ENCODING 11837
SWIDTH 583 0
DWIDTH 14 0
BBX 3 23 6 -4
BITMAP
E0
E0
00
00
E0
E0
00
00
E0
E0
00
00
E0
E0
00
00
E0
E0
00
00
00
E0
E0
ENDCHAR
STARTCHAR 2E3E
ENCODING 11838
SWIDTH 583 0
DWIDTH 14 0
BBX 5 24 5 -4
BITMAP
78
F8
C0
F0
78
18
70
C0
F0
78
18
78
F0
C0
F0
78
18
70
C0
F0
78
18
F8
F0
ENDCHAR
STARTCHAR 2E40
ENCODING 11840
SWIDTH 583 0
DWIDTH 14 0
BBX 10 7 2 5
BITMAP
FFC0
FFC0
0000
0000
0000
FFC0
FFC0
ENDCHAR
STARTCHAR 2E41
ENCODING 11841
SWIDTH 583 0
DWIDTH 14 0
BBX 4 9 5 -5
BITMAP
F0
F0
F0
F0
C0
C0
60
70
30
ENDCHAR
STARTCHAR 2E42
ENCODING 11842
SWIDTH 583 0
DWIDTH 14 0
BBX 10 8 2 -5
BITMAP
F3C0
F3C0
F3C0
F3C0
C300
C300
6180
30C0
ENDCHAR
STARTCHAR 2E43
ENCODING 11843
SWIDTH 583 0
DWIDTH 14 0
BBX 11 7 2 7
BITMAP
E000
E000
E000
E000
7800
7FE0
1FE0
ENDCHAR
STARTCHAR 2E44
ENCODING 11844
SWIDTH 583 0
DWIDTH 14 0
BBX 6 23 4 -4
BITMAP
1C
3C
38
38
78
70
70
E0
00
00
00
00
00
00
00
1C
3C
38
38
78
70
70
E0
ENDCHAR
STARTCHAR 2E45
ENCODING 11845
SWIDTH 583 0
DWIDTH 14 0
BBX 11 4 2 4
BITMAP
7F80
7FC0
E0C0
C0E0
ENDCHAR
STARTCHAR 2E46
ENCODING 11846
SWIDTH 583 0
DWIDTH 14 0
BBX 10 13 2 0
BITMAP
C0C0
FBC0
7FC0
3F00
0000
0000
0000
0000
0000
0000
7F80
FFC0
E0C0
ENDCHAR
STARTCHAR 2E47
ENCODING 11847
SWIDTH 583 0
DWIDTH 14 0
BBX 11 4 2 5
BITMAP
C0E0
F3C0
7FC0
3F00
ENDCHAR
STARTCHAR 2E48
ENCODING 11848
SWIDTH 583 0
DWIDTH 14 0
BBX 11 7 1 5
BITMAP
0E00
0E00
0E00
E0E0
7BE0
7FC0
1F80
ENDCHAR
STARTCHAR 2E49
ENCODING 11849
SWIDTH 583 0
DWIDTH 14 0
BBX 4 18 5 -5
BITMAP
F0
F0
F0
F0
30
30
70
E0
C0
F0
F0
F0
F0
30
30
60
E0
C0
ENDCHAR
STARTCHAR 2E4A
ENCODING 11850
SWIDTH 583 0
DWIDTH 14 0
BBX 10 24 2 -4
BITMAP
01C0
01C0
01C0
0380
0380
0380
0700
0700
0700
0E00
1E00
1E00
1E00
1E00
1C00
3800
3800
3800
7000
7000
7000
E000
E000
E000
ENDCHAR
STARTCHAR 2E4B
ENCODING 11851
SWIDTH 583 0
DWIDTH 14 0
BBX 10 24 2 -4
BITMAP
0E00
0E00
0E00
0E00
0E00
FFC0
FFC0
0E00
0E00
0E00
0E00
FFC0
FFC0
0E00
0E00
0E00
0E00
FFC0
FFC0
0E00
0E00
0E00
0E00
0E00
ENDCHAR
STARTCHAR 2E52
ENCODING 11858
SWIDTH 583 0
DWIDTH 14 0
BBX 11 18 2 0
BITMAP
FFE0
FFE0
00E0
00E0
00E0
00E0
00E0
00E0
00E0
00E0
00E0
00E0
00E0
E0E0
70E0
7BC0
3FC0
1F00
ENDCHAR
STARTCHAR 2E59
ENCODING 11865
SWIDTH 583 0
DWIDTH 14 0
BBX 8 12 2 8
BITMAP
0F
3F
3C
70
70
E0
E0
E0
E0
E0
E0
E0
ENDCHAR
STARTCHAR 2E5A
ENCODING 11866
SWIDTH 583 0
DWIDTH 14 0
BBX 8 12 4 8
BITMAP
F0
FC
3C
0E
0E
07
07
07
07
07
07
07
ENDCHAR
STARTCHAR 2E5B
ENCODING 11867
SWIDTH 583 0
DWIDTH 14 0
BBX 8 13 2 -4
BITMAP
E0
E0
E0
E0
E0
E0
E0
E0
70
78
3F
1F
07
ENDCHAR
STARTCHAR 2E5C
ENCODING 11868
SWIDTH 583 0
DWIDTH 14 0
BBX 8 13 4 -4
BITMAP
07
07
07
07
07
07
07
0F
0E
1E
FC
F8
E0
ENDCHAR
STARTCHAR 3248
ENCODING 12872
SWIDTH 583 0
DWIDTH 14 0
BBX 11 20 2 -2
BITMAP
FFE0
F1E0
E0E0
C060
C060
91A0
B3A0
B2A0
92A0
93A0
93A0
92A0
92A0
BBA0
B9A0
C060
C060
E0E0
F1E0
FFE0
ENDCHAR
STARTCHAR 3249
ENCODING 12873
SWIDTH 583 0
DWIDTH 14 0
BBX 11 20 2 -2
BITMAP
FFE0
F1E0
E0E0
C060
C060
B1E0
BBA0
EAA0
8AA0
9BA0
93A0
B2A0
AAA0
FBA0
F9E0
C060
C060
E0E0
F1E0
FFE0
ENDCHAR
STARTCHAR 324A
ENCODING 12874
SWIDTH 583 0
DWIDTH 14 0
BBX 11 20 2 -2
BITMAP
FFE0
F1E0
E0E0
C060
C060
B9E0
BBA0
9AA0
B2A0
BBA0
9BA0
8AA0
8AA0
BBA0
B1E0
C060
C060
E0E0
F1E0
FFE0
ENDCHAR
STARTCHAR 324B
ENCODING 12875
SWIDTH 583 0
DWIDTH 14 0
BBX 11 20 2 -2
BITMAP
FFE0
F1E0
E0E0
C060
C060
91A0
93A0
92A0
A2A0
ABA0
ABA0
BAA0
8AA0
9BA0
99A0
C060
C060
E0E0
F1E0
FFE0
ENDCHAR
STARTCHAR 324C
ENCODING 12876
SWIDTH 583 0
DWIDTH 14 0
BBX 11 20 2 -2
BITMAP
FFE0
F1E0
E0E0
C060
C060
B9E0
BBA0
A2A0
A2A0
B3A0
BBA0
8AA0
8AA0
BBA0
B1E0
C060
C060
E0E0
F1E0
FFE0
ENDCHAR
STARTCHAR 324D
ENCODING 12877
SWIDTH 583 0
DWIDTH 14 0
BBX 11 20 2 -2
BITMAP
FFE0
F1E0
E0E0
C060
C060
B1E0
BBA0
A2A0
A2A0
BBA0
BBA0
AAA0
AAA0
BBA0
B1E0
C060
C060
E0E0
F1E0
FFE0
ENDCHAR
STARTCHAR 324E
ENCODING 12878
SWIDTH 583 0
DWIDTH 14 0
BBX 11 20 2 -2
BITMAP
FFE0
F1E0
E0E0
C060
C060
B9A0
BBA0
92A0
92A0
93A0
93A0
92A0
92A0
B3A0
A1A0
C060
C060
E0E0
F1E0
FFE0
ENDCHAR
STARTCHAR 324F
ENCODING 12879
SWIDTH 583 0
DWIDTH 14 0
BBX 11 20 2 -2
BITMAP
FFE0
F1E0
E0E0
C060
C060
B1E0
BBA0
AAA0
AAA0
BBA0
BBA0
AAA0
AAA0
BBA0
B9E0
C060
C060
E0E0
F1E0
FFE0
ENDCHAR
STARTCHAR 3251
ENCODING 12881
SWIDTH 583 0
DWIDTH 14 0
BBX 11 20 2 -2
BITMAP
3F80
60C0
C060
8020
8020
B120
BB20
EB20
8920
9920
9120
B120
A920
BBA0
BBA0
8020
8060
C060
61C0
1F00
ENDCHAR
STARTCHAR 3252
ENCODING 12882
SWIDTH 583 0
DWIDTH 14 0
BBX 11 20 2 -2
BITMAP
3F00
60C0
C040
8060
8020
B320
BBA0
EAA0
88A0
98A0
9120
B120
ABA0
FBA0
FBA0
8020
8060
C040
61C0
1F00
ENDCHAR
STARTCHAR 3253
ENCODING 12883
SWIDTH 583 0
DWIDTH 14 0
BBX 11 20 2 -2
BITMAP
3F00
60C0
C040
8060
8020
B3A0
BBA0
E9A0
8920
99A0
90A0
B0A0
AAA0
FBA0
FB20
8020
8060
C040
61C0
1F00
ENDCHAR
STARTCHAR 3254
ENCODING 12884
SWIDTH 583 0
DWIDTH 14 0
BBX 11 20 2 -2
BITMAP
3F80
60C0
C060
8020
8020
B0A0
B920
A920
8920
9BA0
92A0
B3A0
A8A0
B8A0
B8A0
8020
8060
C060
61C0
1F00
ENDCHAR
STARTCHAR 3255
ENCODING 12885
SWIDTH 583 0
DWIDTH 14 0
BBX 11 20 2 -2
BITMAP
3F00
60C0
C040
8060
8020
B3A0
BBA0
EA20
8A20
9B20
93A0
B0A0
AAA0
FBA0
FB20
8020
8060
C040
61C0
1F00
ENDCHAR
STARTCHAR 3256
ENCODING 12886
SWIDTH 583 0
DWIDTH 14 0
BBX 11 20 2 -2
BITMAP
3F00
60C0
C040
8060
8020
B1A0
BBA0
EAA0
8A20
9BA0
92A0
B2A0
AAA0
FBA0
F9A0
8020
8060
C040
61C0
1F00
ENDCHAR
STARTCHAR 3257
ENCODING 12887
SWIDTH 583 0
DWIDTH 14 0
BBX 11 20 2 -2
BITMAP
3F80
60C0
C060
8020
8020
B3A0
BBA0
E8A0
88A0
99A0
9120
B120
A920
F920
F920
8020
8060
C060
61C0
1F00
ENDCHAR
STARTCHAR 3258
ENCODING 12888
SWIDTH 583 0
DWIDTH 14 0
BBX 11 20 2 -2
BITMAP
3F00
60C0
C060
8060
8020
B1A0
BBA0
EAA0
8AA0
99A0
91A0
B2A0
AAA0
FBA0
F9A0
8020
8060
C040
61C0
1F00
ENDCHAR
STARTCHAR 3259
ENCODING 12889
SWIDTH 583 0
DWIDTH 14 0
BBX 11 20 2 -2
BITMAP
3F00
60C0
C040
8060
8020
B1A0
BBA0
EAA0
8AA0
9AA0
93A0
B0A0
AAA0
FBA0
F9A0
8020
8060
C040
61C0
1F00
ENDCHAR
STARTCHAR 325A
ENCODING 12890
SWIDTH 583 0
DWIDTH 14 0
BBX 11 20 2 -2
BITMAP
3F00
60C0
C040
8060
8020
B9A0
BBA0
92A0
B2A0
BBA0
9BA0
8AA0
AAA0
BBA0
B1A0
8020
8060
C040
61C0
1F00
ENDCHAR
STARTCHAR 325B
ENCODING 12891
SWIDTH 583 0
DWIDTH 14 0
BBX 11 20 2 -2
BITMAP
3F80
60C0
C060
8020
8020
B920
BB20
9320
B120
B920
9920
8920
A920
BBA0
B3A0
8020
8060
C060
61C0
1F00
ENDCHAR
STARTCHAR 325C
ENCODING 12892
SWIDTH 583 0
DWIDTH 14 0
BBX 11 20 2 -2
BITMAP
3F00
60C0
C040
8060
8020
BBA0
BBA0
92A0
B0A0
B8A0
9920
8920
ABA0
BBA0
B3A0
8020
8060
C040
61C0
1F00
ENDCHAR
STARTCHAR 325D
ENCODING 12893
SWIDTH 583 0
DWIDTH 14 0
BBX 11 20 2 -2
BITMAP
3F00
60C0
C040
8060
8020
BBA0
BBA0
91A0
B120
B9A0
98A0
88A0
AAA0
BBA0
B320
8020
8060
C040
61C0
1F00
ENDCHAR
STARTCHAR 325E
ENCODING 12894
SWIDTH 583 0
DWIDTH 14 0
BBX 11 20 2 -2
BITMAP
3F80
60C0
C060
8020
8020
B8A0
B920
9120
9120
99A0
9AA0
8BA0
A8A0
B9A0
B1A0
8020
8060
C060
61C0
1F00
ENDCHAR
STARTCHAR 325F
ENCODING 12895
SWIDTH 583 0
DWIDTH 14 0
BBX 11 20 2 -2
BITMAP
3F00
60C0
C040
8060
8020
BBA0
BBA0
9220
B220
BB20
9BA0
88A0
A8A0
BBA0
B320
8020
8060
C040
61C0
1F00
ENDCHAR
STARTCHAR 32B1
ENCODING 12977
SWIDTH 583 0
DWIDTH 14 0
BBX 11 20 2 -2
BITMAP
3F00
60C0
C040
8060
8020
B9A0
BBA0
92A0
B220
BBA0
9AA0
8AA0
AAA0
BBA0
B1A0
8020
8060
C040
61C0
1F00
ENDCHAR
STARTCHAR 32B2
ENCODING 12978
SWIDTH 583 0
DWIDTH 14 0
BBX 11 20 2 -2
BITMAP
3F80
60C0
C060
8020
8020
BBA0
BBA0
90A0
90A0
B9A0
9920
8920
A920
B920
B120
8020
8060
C060
61C0
1F00
ENDCHAR
STARTCHAR 32B3
ENCODING 12979
SWIDTH 583 0
DWIDTH 14 0
BBX 11 20 2 -2
BITMAP
3F00
60C0
C060
8060
8020
B9A0
BBA0
92A0
B2A0
B9A0
9BA0
8AA0
AAA0
BBA0
B1A0
8020
8060
C040
61C0
1F00
ENDCHAR
STARTCHAR 32B4
ENCODING 12980
SWIDTH 583 0
DWIDTH 14 0
BBX 11 20 2 -2
BITMAP
3F00
60C0
C040
8060
8020
B9A0
BBA0
92A0
B2A0
BAA0
9BA0
88A0
AAA0
BBA0
B1A0
8020
8060
C040
61C0
1F00
ENDCHAR
STARTCHAR 32B5
ENCODING 12981
SWIDTH 583 0
DWIDTH 14 0
BBX 11 20 2 -2
BITMAP
3F80
60C0
C060
8020
8020
91A0
93A0
92A0
A2A0
ABA0
ABA0
BAA0
8AA0
9BA0
99A0
8020
8060
C060
61C0
1F00
ENDCHAR
STARTCHAR 32B6
ENCODING 12982
SWIDTH 583 0
DWIDTH 14 0
BBX 11 20 2 -2
BITMAP
3F80
60C0
C060
8020
8020
9120
9320
9320
A120
B120
B120
B920
9120
9BA0
9BA0
8020
8060
C060
61C0
1F00
ENDCHAR
STARTCHAR 32B7
ENCODING 12983
SWIDTH 583 0
DWIDTH 14 0
BBX 11 20 2 -2
BITMAP
3F00
60C0
C040
8060
8020
9320
93A0
B2A0
A0A0
B0A0
B120
B920
93A0
9BA0
9BA0
8020
8060
C040
61C0
1F00
ENDCHAR
STARTCHAR 32B8
ENCODING 12984
SWIDTH 583 0
DWIDTH 14 0
BBX 11 20 2 -2
BITMAP
3F80
60C0
C060
8060
8020
93A0
93A0
91A0
A120
A9A0
A8A0
B8A0
BAA0
9BA0
99A0
8020
8060
C040
61C0
1F00
ENDCHAR
STARTCHAR 32B9
ENCODING 12985
SWIDTH 583 0
DWIDTH 14 0
BBX 11 20 2 -2
BITMAP
3F80
60C0
C060
8060
8020
90A0
9120
9120
A120
AAA0
AAA0
BBA0
88A0
99A0
99A0
8020
8060
C040
61C0
1F00
ENDCHAR
STARTCHAR 32BA
ENCODING 12986
SWIDTH 583 0
DWIDTH 14 0
BBX 11 20 2 -2
BITMAP
3F80
60C0
C060
8020
8020
93A0
93A0
9220
A220
ABA0
ABA0
B8A0
B8A0
9BA0
99A0
8020
8060
C060
61C0
1F00
ENDCHAR
STARTCHAR 32BB
ENCODING 12987
SWIDTH 583 0
DWIDTH 14 0
BBX 11 20 2 -2
BITMAP
3F80
60C0
C060
8020
8020
91A0
93A0
92A0
A220
ABA0
ABA0
BAA0
BAA0
9BA0
99A0
8020
8060
C060
61C0
1F00
ENDCHAR
STARTCHAR 32BC
ENCODING 12988
SWIDTH 583 0
DWIDTH 14 0
BBX 11 20 2 -2
BITMAP
3F80
60C0
C060
8020
8020
93A0
93A0
90A0
A0A0
A8A0
A9A0
B920
8920
9920
9920
8020
8060
C060
61C0
1F00
ENDCHAR
STARTCHAR 32BD
ENCODING 12989
SWIDTH 583 0
DWIDTH 14 0
BBX 11 20 2 -2
BITMAP
3F80
60C0
C060
8020
8020
91A0
93A0
92A0
A2A0
A9A0
ABA0
BAA0
8AA0
9BA0
99A0
8020
8060
C060
61C0
1F00
ENDCHAR
STARTCHAR 32BE
ENCODING 12990
SWIDTH 583 0
DWIDTH 14 0
BBX 11 20 2 -2
BITMAP
3F80
60C0
C060
8020
8020
91A0
93A0
92A0
A2A0
ABA0
ABA0
B8A0
BAA0
9BA0
99A0
8020
8060
C060
61C0
1F00
ENDCHAR
STARTCHAR 32BF
ENCODING 12991
SWIDTH 583 0
DWIDTH 14 0
BBX 11 20 2 -2
BITMAP
3F00
60C0
C040
8060
8020
B9A0
BBA0
A2A0
A2A0
B3A0
BBA0
8AA0
8AA0
BBA0
B1A0
8020
8060
C040
61C0
1F00
ENDCHAR
STARTCHAR 4DC0
ENCODING 19904
SWIDTH 583 0
DWIDTH 14 0
BBX 10 21 2 -2
BITMAP
FFC0
FFC0
0000
0000
FFC0
FFC0
0000
0000
FFC0
FFC0
0000
0000
FFC0
FFC0
0000
FFC0
FFC0
0000
0000
FFC0
FFC0
ENDCHAR
STARTCHAR 4DC1
ENCODING 19905
SWIDTH 583 0
DWIDTH 14 0
BBX 10 21 2 -2
BITMAP
F3C0
F3C0
0000
0000
F3C0
F3C0
0000
0000
F3C0
F3C0
0000
0000
F3C0
F3C0
0000
F3C0
F3C0
0000
0000
F3C0
F3C0
ENDCHAR
STARTCHAR 4DC2
ENCODING 19906
SWIDTH 583 0
DWIDTH 14 0
BBX 10 21 2 -2
BITMAP
F3C0
F3C0
0000
0000
FFC0
FFC0
0000
0000
F3C0
F3C0
0000
0000
F3C0
F3C0
0000
F3C0
F3C0
0000
0000
FFC0
FFC0
ENDCHAR
STARTCHAR 4DC3
ENCODING 19907
SWIDTH 583 0
DWIDTH 14 0
BBX 10 21 2 -2
BITMAP
FFC0
FFC0
0000
0000
F3C0
F3C0
0000
0000
F3C0
F3C0
0000
0000
F3C0
F3C0
0000
FFC0
FFC0
0000
0000
F3C0
F3C0
ENDCHAR
STARTCHAR 4DC4
ENCODING 19908
SWIDTH 583 0
DWIDTH 14 0
BBX 10 21 2 -2
BITMAP
F3C0
F3C0
0000
0000
FFC0
FFC0
0000
0000
F3C0
F3C0
0000
0000
FFC0
FFC0
0000
FFC0
FFC0
0000
0000
FFC0
FFC0
ENDCHAR
STARTCHAR 4DC5
ENCODING 19909
SWIDTH 583 0
DWIDTH 14 0
BBX 10 21 2 -2
BITMAP
FFC0
FFC0
0000
0000
FFC0
FFC0
0000
0000
FFC0
FFC0
0000
0000
F3C0
F3C0
0000
FFC0
FFC0
0000
0000
F3C0
F3C0
ENDCHAR
STARTCHAR 4DC6
ENCODING 19910
SWIDTH 583 0
DWIDTH 14 0
BBX 10 21 2 -2
BITMAP
F3C0
F3C0
0000
0000
F3C0
F3C0
0000
0000
F3C0
F3C0
0000
0000
F3C0
F3C0
0000
FFC0
FFC0
0000
0000
F3C0
F3C0
ENDCHAR
STARTCHAR 4DC7
ENCODING 19911
SWIDTH 583 0
DWIDTH 14 0
BBX 10 21 2 -2
BITMAP
F3C0
F3C0
0000
0000
FFC0
FFC0
0000
0000
F3C0
F3C0
0000
0000
F3C0
F3C0
0000
F3C0
F3C0
0000
0000
F3C0
F3C0
ENDCHAR
STARTCHAR 4DC8
ENCODING 19912
SWIDTH 583 0
DWIDTH 14 0
BBX 10 21 2 -2
BITMAP
FFC0
FFC0
0000
0000
FFC0
FFC0
0000
0000
F3C0
F3C0
0000
0000
FFC0
FFC0
0000
FFC0
FFC0
0000
0000
FFC0
FFC0
ENDCHAR
STARTCHAR 4DC9
ENCODING 19913
SWIDTH 583 0
DWIDTH 14 0
BBX 10 21 2 -2
BITMAP
FFC0
FFC0
0000
0000
FFC0
FFC0
0000
0000
FFC0
FFC0
0000
0000
F3C0
F3C0
0000
FFC0
FFC0
0000
0000
FFC0
FFC0
ENDCHAR
STARTCHAR 4DCA
ENCODING 19914
SWIDTH 583 0
DWIDTH 14 0
BBX 10 21 2 -2
BITMAP
F3C0
F3C0
0000
0000
F3C0
F3C0
0000
0000
F3C0
F3C0
0000
0000
FFC0
FFC0
0000
FFC0
FFC0
0000
0000
FFC0
FFC0
ENDCHAR
STARTCHAR 4DCB
ENCODING 19915
SWIDTH 583 0
DWIDTH 14 0
BBX 10 21 2 -2
BITMAP
FFC0
FFC0
0000
0000
FFC0
FFC0
0000
0000
FFC0
FFC0
0000
0000
F3C0
F3C0
0000
F3C0
F3C0
0000
0000
F3C0
F3C0
ENDCHAR
STARTCHAR 4DCC
ENCODING 19916
SWIDTH 583 0
DWIDTH 14 0
BBX 10 21 2 -2
BITMAP
FFC0
FFC0
0000
0000
FFC0
FFC0
0000
0000
FFC0
FFC0
0000
0000
FFC0
FFC0
0000
F3C0
F3C0
0000
0000
FFC0
FFC0
ENDCHAR
STARTCHAR 4DCD
ENCODING 19917
SWIDTH 583 0
DWIDTH 14 0
BBX 10 21 2 -2
BITMAP
FFC0
FFC0
0000
0000
F3C0
F3C0
0000
0000
FFC0
FFC0
0000
0000
FFC0
FFC0
0000
FFC0
FFC0
0000
0000
FFC0
FFC0
ENDCHAR
STARTCHAR 4DCE
ENCODING 19918
SWIDTH 583 0
DWIDTH 14 0
BBX 10 21 2 -2
BITMAP
F3C0
F3C0
0000
0000
F3C0
F3C0
0000
0000
F3C0
F3C0
0000
0000
FFC0
FFC0
0000
F3C0
F3C0
0000
0000
F3C0
F3C0
ENDCHAR
STARTCHAR 4DCF
ENCODING 19919
SWIDTH 583 0
DWIDTH 14 0
BBX 10 21 2 -2
BITMAP
F3C0
F3C0
0000
0000
F3C0
F3C0
0000
0000
FFC0
FFC0
0000
0000
F3C0
F3C0
0000
F3C0
F3C0
0000
0000
F3C0
F3C0
ENDCHAR
STARTCHAR 4DD0
ENCODING 19920
SWIDTH 583 0
DWIDTH 14 0
BBX 10 21 2 -2
BITMAP
F3C0
F3C0
0000
0000
FFC0
FFC0
0000
0000
FFC0
FFC0
0000
0000
F3C0
F3C0
0000
F3C0
F3C0
0000
0000
FFC0
FFC0
ENDCHAR
STARTCHAR 4DD1
ENCODING 19921
SWIDTH 583 0
DWIDTH 14 0
BBX 10 21 2 -2
BITMAP
FFC0
FFC0
0000
0000
F3C0
F3C0
0000
0000
F3C0
F3C0
0000
0000
FFC0
FFC0
0000
FFC0
FFC0
0000
0000
F3C0
F3C0
ENDCHAR
STARTCHAR 4DD2
ENCODING 19922
SWIDTH 583 0
DWIDTH 14 0
BBX 10 21 2 -2
BITMAP
F3C0
F3C0
0000
0000
F3C0
F3C0
0000
0000
F3C0
F3C0
0000
0000
F3C0
F3C0
0000
FFC0
FFC0
0000
0000
FFC0
FFC0
ENDCHAR
STARTCHAR 4DD3
ENCODING 19923
SWIDTH 583 0
DWIDTH 14 0
BBX 10 21 2 -2
BITMAP
FFC0
FFC0
0000
0000
FFC0
FFC0
0000
0000
F3C0
F3C0
0000
0000
F3C0
F3C0
0000
F3C0
F3C0
0000
0000
F3C0
F3C0
ENDCHAR
STARTCHAR 4DD4
ENCODING 19924
SWIDTH 583 0
DWIDTH 14 0
BBX 10 21 2 -2
BITMAP
FFC0
FFC0
0000
0000
F3C0
F3C0
0000
0000
FFC0
FFC0
0000
0000
F3C0
F3C0
0000
F3C0
F3C0
0000
0000
FFC0
FFC0
ENDCHAR
STARTCHAR 4DD5
ENCODING 19925
SWIDTH 583 0
DWIDTH 14 0
BBX 10 21 2 -2
BITMAP
FFC0
FFC0
0000
0000
F3C0
F3C0
0000
0000
F3C0
F3C0
0000
0000
FFC0
FFC0
0000
F3C0
F3C0
0000
0000
FFC0
FFC0
ENDCHAR
STARTCHAR 4DD6
ENCODING 19926
SWIDTH 583 0
DWIDTH 14 0
BBX 10 21 2 -2
BITMAP
FFC0
FFC0
0000
0000
F3C0
F3C0
0000
0000
F3C0
F3C0
0000
0000
F3C0
F3C0
0000
F3C0
F3C0
0000
0000
F3C0
F3C0
ENDCHAR
STARTCHAR 4DD7
ENCODING 19927
SWIDTH 583 0
DWIDTH 14 0
BBX 10 21 2 -2
BITMAP
F3C0
F3C0
0000
0000
F3C0
F3C0
0000
0000
F3C0
F3C0
0000
0000
F3C0
F3C0
0000
F3C0
F3C0
0000
0000
FFC0
FFC0
ENDCHAR
STARTCHAR 4DD8
ENCODING 19928
SWIDTH 583 0
DWIDTH 14 0
BBX 10 21 2 -2
BITMAP
FFC0
FFC0
0000
0000
FFC0
FFC0
0000
0000
FFC0
FFC0
0000
0000
F3C0
F3C0
0000
F3C0
F3C0
0000
0000
FFC0
FFC0
ENDCHAR
STARTCHAR 4DD9
ENCODING 19929
SWIDTH 583 0
DWIDTH 14 0
BBX 10 21 2 -2
BITMAP
FFC0
FFC0
0000
0000
F3C0
F3C0
0000
0000
F3C0
F3C0
0000
0000
FFC0
FFC0
0000
FFC0
FFC0
0000
0000
FFC0
FFC0
ENDCHAR
STARTCHAR 4DDA
ENCODING 19930
SWIDTH 583 0
DWIDTH 14 0
BBX 10 21 2 -2
BITMAP
FFC0
FFC0
0000
0000
F3C0
F3C0
0000
0000
F3C0
F3C0
0000
0000
F3C0
F3C0
0000
F3C0
F3C0
0000
0000
FFC0
FFC0
ENDCHAR
STARTCHAR 4DDB
ENCODING 19931
SWIDTH 583 0
DWIDTH 14 0
BBX 10 21 2 -2
BITMAP
F3C0
F3C0
0000
0000
FFC0
FFC0
0000
0000
FFC0
FFC0
0000
0000
FFC0
FFC0
0000
FFC0
FFC0
0000
0000
F3C0
F3C0
ENDCHAR
STARTCHAR 4DDC
ENCODING 19932
SWIDTH 583 0
DWIDTH 14 0
BBX 10 21 2 -2
BITMAP
F3C0
F3C0
0000
0000
FFC0
FFC0
0000
0000
F3C0
F3C0
0000
0000
F3C0
F3C0
0000
FFC0
FFC0
0000
0000
F3C0
F3C0
ENDCHAR
STARTCHAR 4DDD
ENCODING 19933
SWIDTH 583 0
DWIDTH 14 0
BBX 10 21 2 -2
BITMAP
FFC0
FFC0
0000
0000
F3C0
F3C0
0000
0000
FFC0
FFC0
0000
0000
FFC0
FFC0
0000
F3C0
F3C0
0000
0000
FFC0
FFC0
ENDCHAR
STARTCHAR 4DDE
ENCODING 19934
SWIDTH 583 0
DWIDTH 14 0
BBX 10 21 2 -2
BITMAP
F3C0
F3C0
0000
0000
FFC0
FFC0
0000
0000
FFC0
FFC0
0000
0000
FFC0
FFC0
0000
F3C0
F3C0
0000
0000
F3C0
F3C0
ENDCHAR
STARTCHAR 4DDF
ENCODING 19935
SWIDTH 583 0
DWIDTH 14 0
BBX 10 21 2 -2
BITMAP
F3C0
F3C0
0000
0000
F3C0
F3C0
0000
0000
FFC0
FFC0
0000
0000
FFC0
FFC0
0000
FFC0
FFC0
0000
0000
F3C0
F3C0
ENDCHAR
STARTCHAR 4DE0
ENCODING 19936
SWIDTH 583 0
DWIDTH 14 0
BBX 10 21 2 -2
BITMAP
FFC0
FFC0
0000
0000
FFC0
FFC0
0000
0000
FFC0
FFC0
0000
0000
FFC0
FFC0
0000
F3C0
F3C0
0000
0000
F3C0
F3C0
ENDCHAR
STARTCHAR 4DE1
ENCODING 19937
SWIDTH 583 0
DWIDTH 14 0
BBX 10 21 2 -2
BITMAP
F3C0
F3C0
0000
0000
F3C0
F3C0
0000
0000
FFC0
FFC0
0000
0000
FFC0
FFC0
0000
FFC0
FFC0
0000
0000
FFC0
FFC0
ENDCHAR
STARTCHAR 4DE2
ENCODING 19938
SWIDTH 583 0
DWIDTH 14 0
BBX 10 21 2 -2
BITMAP
FFC0
FFC0
0000
0000
F3C0
F3C0
0000
0000
FFC0
FFC0
0000
0000
F3C0
F3C0
0000
F3C0
F3C0
0000
0000
F3C0
F3C0
ENDCHAR
STARTCHAR 4DE3
ENCODING 19939
SWIDTH 583 0
DWIDTH 14 0
BBX 10 21 2 -2
BITMAP
F3C0
F3C0
0000
0000
F3C0
F3C0
0000
0000
F3C0
F3C0
0000
0000
FFC0
FFC0
0000
F3C0
F3C0
0000
0000
FFC0
FFC0
ENDCHAR
STARTCHAR 4DE4
ENCODING 19940
SWIDTH 583 0
DWIDTH 14 0
BBX 10 21 2 -2
BITMAP
FFC0
FFC0
0000
0000
FFC0
FFC0
0000
0000
F3C0
F3C0
0000
0000
FFC0
FFC0
0000
F3C0
F3C0
0000
0000
FFC0
FFC0
ENDCHAR
STARTCHAR 4DE5
ENCODING 19941
SWIDTH 583 0
DWIDTH 14 0
BBX 10 21 2 -2
BITMAP
FFC0
FFC0
0000
0000
F3C0
F3C0
0000
0000
FFC0
FFC0
0000
0000
F3C0
F3C0
0000
FFC0
FFC0
0000
0000
FFC0
FFC0
ENDCHAR
STARTCHAR 4DE6
ENCODING 19942
SWIDTH 583 0
DWIDTH 14 0
BBX 10 21 2 -2
BITMAP
F3C0
F3C0
0000
0000
FFC0
FFC0
0000
0000
F3C0
F3C0
0000
0000
FFC0
FFC0
0000
F3C0
F3C0
0000
0000
F3C0
F3C0
ENDCHAR
STARTCHAR 4DE7
ENCODING 19943
SWIDTH 583 0
DWIDTH 14 0
BBX 10 21 2 -2
BITMAP
F3C0
F3C0
0000
0000
F3C0
F3C0
0000
0000
FFC0
FFC0
0000
0000
F3C0
F3C0
0000
FFC0
FFC0
0000
0000
F3C0
F3C0
ENDCHAR
STARTCHAR 4DE8
ENCODING 19944
SWIDTH 583 0
DWIDTH 14 0
BBX 10 21 2 -2
BITMAP
FFC0
FFC0
0000
0000
F3C0
F3C0
0000
0000
F3C0
F3C0
0000
0000
F3C0
F3C0
0000
FFC0
FFC0
0000
0000
FFC0
FFC0
ENDCHAR
STARTCHAR 4DE9
ENCODING 19945
SWIDTH 583 0
DWIDTH 14 0
BBX 10 21 2 -2
BITMAP
FFC0
FFC0
0000
0000
FFC0
FFC0
0000
0000
F3C0
F3C0
0000
0000
F3C0
F3C0
0000
F3C0
F3C0
0000
0000
FFC0
FFC0
ENDCHAR
STARTCHAR 4DEA
ENCODING 19946
SWIDTH 583 0
DWIDTH 14 0
BBX 10 21 2 -2
BITMAP
F3C0
F3C0
0000
0000
FFC0
FFC0
0000
0000
FFC0
FFC0
0000
0000
FFC0
FFC0
0000
FFC0
FFC0
0000
0000
FFC0
FFC0
ENDCHAR
STARTCHAR 4DEB
ENCODING 19947
SWIDTH 583 0
DWIDTH 14 0
BBX 10 21 2 -2
BITMAP
FFC0
FFC0
0000
0000
FFC0
FFC0
0000
0000
FFC0
FFC0
0000
0000
FFC0
FFC0
0000
FFC0
FFC0
0000
0000
F3C0
F3C0
ENDCHAR
STARTCHAR 4DEC
ENCODING 19948
SWIDTH 583 0
DWIDTH 14 0
BBX 10 21 2 -2
BITMAP
F3C0
F3C0
0000
0000
FFC0
FFC0
0000
0000
FFC0
FFC0
0000
0000
F3C0
F3C0
0000
F3C0
F3C0
0000
0000
F3C0
F3C0
ENDCHAR
STARTCHAR 4DED
ENCODING 19949
SWIDTH 583 0
DWIDTH 14 0
BBX 10 21 2 -2
BITMAP
F3C0
F3C0
0000
0000
F3C0
F3C0
0000
0000
F3C0
F3C0
0000
0000
FFC0
FFC0
0000
FFC0
FFC0
0000
0000
F3C0
F3C0
ENDCHAR
STARTCHAR 4DEE
ENCODING 19950
SWIDTH 583 0
DWIDTH 14 0
BBX 10 21 2 -2
BITMAP
F3C0
F3C0
0000
0000
FFC0
FFC0
0000
0000
FFC0
FFC0
0000
0000
F3C0
F3C0
0000
FFC0
FFC0
0000
0000
F3C0
F3C0
ENDCHAR
STARTCHAR 4DEF
ENCODING 19951
SWIDTH 583 0
DWIDTH 14 0
BBX 10 21 2 -2
BITMAP
F3C0
F3C0
0000
0000
FFC0
FFC0
0000
0000
F3C0
F3C0
0000
0000
FFC0
FFC0
0000
FFC0
FFC0
0000
0000
F3C0
F3C0
ENDCHAR
STARTCHAR 4DF0
ENCODING 19952
SWIDTH 583 0
DWIDTH 14 0
BBX 10 21 2 -2
BITMAP
F3C0
F3C0
0000
0000
FFC0
FFC0
0000
0000
FFC0
FFC0
0000
0000
FFC0
FFC0
0000
F3C0
F3C0
0000
0000
FFC0
FFC0
ENDCHAR
STARTCHAR 4DF1
ENCODING 19953
SWIDTH 583 0
DWIDTH 14 0
BBX 10 21 2 -2
BITMAP
FFC0
FFC0
0000
0000
F3C0
F3C0
0000
0000
FFC0
FFC0
0000
0000
FFC0
FFC0
0000
FFC0
FFC0
0000
0000
F3C0
F3C0
ENDCHAR
STARTCHAR 4DF2
ENCODING 19954
SWIDTH 583 0
DWIDTH 14 0
BBX 10 21 2 -2
BITMAP
F3C0
F3C0
0000
0000
F3C0
F3C0
0000
0000
FFC0
FFC0
0000
0000
F3C0
F3C0
0000
F3C0
F3C0
0000
0000
FFC0
FFC0
ENDCHAR
STARTCHAR 4DF3
ENCODING 19955
SWIDTH 583 0
DWIDTH 14 0
BBX 10 21 2 -2
BITMAP
FFC0
FFC0
0000
0000
F3C0
F3C0
0000
0000
F3C0
F3C0
0000
0000
FFC0
FFC0
0000
F3C0
F3C0
0000
0000
F3C0
F3C0
ENDCHAR
STARTCHAR 4DF4
ENCODING 19956
SWIDTH 583 0
DWIDTH 14 0
BBX 10 21 2 -2
BITMAP
FFC0
FFC0
0000
0000
FFC0
FFC0
0000
0000
F3C0
F3C0
0000
0000
FFC0
FFC0
0000
F3C0
F3C0
0000
0000
F3C0
F3C0
ENDCHAR
STARTCHAR 4DF5
ENCODING 19957
SWIDTH 583 0
DWIDTH 14 0
BBX 10 21 2 -2
BITMAP
F3C0
F3C0
0000
0000
F3C0
F3C0
0000
0000
FFC0
FFC0
0000
0000
F3C0
F3C0
0000
FFC0
FFC0
0000
0000
FFC0
FFC0
ENDCHAR
STARTCHAR 4DF6
ENCODING 19958
SWIDTH 583 0
DWIDTH 14 0
BBX 10 21 2 -2
BITMAP
F3C0
F3C0
0000
0000
F3C0
F3C0
0000
0000
FFC0
FFC0
0000
0000
FFC0
FFC0
0000
F3C0
F3C0
0000
0000
FFC0
FFC0
ENDCHAR
STARTCHAR 4DF7
ENCODING 19959
SWIDTH 583 0
DWIDTH 14 0
BBX 10 21 2 -2
BITMAP
FFC0
FFC0
0000
0000
F3C0
F3C0
0000
0000
FFC0
FFC0
0000
0000
FFC0
FFC0
0000
F3C0
F3C0
0000
0000
F3C0
F3C0
ENDCHAR
STARTCHAR 4DF8
ENCODING 19960
SWIDTH 583 0
DWIDTH 14 0
BBX 10 21 2 -2
BITMAP
FFC0
FFC0
0000
0000
FFC0
FFC0
0000
0000
F3C0
F3C0
0000
0000
FFC0
FFC0
0000
FFC0
FFC0
0000
0000
F3C0
F3C0
ENDCHAR
STARTCHAR 4DF9
ENCODING 19961
SWIDTH 583 0
DWIDTH 14 0
BBX 10 21 2 -2
BITMAP
F3C0
F3C0
0000
0000
FFC0
FFC0
0000
0000
FFC0
FFC0
0000
0000
F3C0
F3C0
0000
FFC0
FFC0
0000
0000
FFC0
FFC0
ENDCHAR
STARTCHAR 4DFA
ENCODING 19962
SWIDTH 583 0
DWIDTH 14 0
BBX 10 21 2 -2
BITMAP
FFC0
FFC0
0000
0000
FFC0
FFC0
0000
0000
F3C0
F3C0
0000
0000
F3C0
F3C0
0000
FFC0
FFC0
0000
0000
F3C0
F3C0
ENDCHAR
STARTCHAR 4DFB
ENCODING 19963
SWIDTH 583 0
DWIDTH 14 0
BBX 10 21 2 -2
BITMAP
F3C0
F3C0
0000
0000
FFC0
FFC0
0000
0000
F3C0
F3C0
0000
0000
F3C0
F3C0
0000
FFC0
FFC0
0000
0000
FFC0
FFC0
ENDCHAR
STARTCHAR 4DFC
ENCODING 19964
SWIDTH 583 0
DWIDTH 14 0
BBX 10 21 2 -2
BITMAP
FFC0
FFC0
0000
0000
FFC0
FFC0
0000
0000
F3C0
F3C0
0000
0000
F3C0
F3C0
0000
FFC0
FFC0
0000
0000
FFC0
FFC0
ENDCHAR
STARTCHAR 4DFD
ENCODING 19965
SWIDTH 583 0
DWIDTH 14 0
BBX 10 21 2 -2
BITMAP
F3C0
F3C0
0000
0000
F3C0
F3C0
0000
0000
FFC0
FFC0
0000
0000
FFC0
FFC0
0000
F3C0
F3C0
0000
0000
F3C0
F3C0
ENDCHAR
STARTCHAR 4DFE
ENCODING 19966
SWIDTH 583 0
DWIDTH 14 0
BBX 10 21 2 -2
BITMAP
F3C0
F3C0
0000
0000
FFC0
FFC0
0000
0000
F3C0
F3C0
0000
0000
FFC0
FFC0
0000
F3C0
F3C0
0000
0000
FFC0
FFC0
ENDCHAR
STARTCHAR 4DFF
ENCODING 19967
SWIDTH 583 0
DWIDTH 14 0
BBX 10 21 2 -2
BITMAP
FFC0
FFC0
0000
0000
F3C0
F3C0
0000
0000
FFC0
FFC0
0000
0000
F3C0
F3C0
0000
FFC0
FFC0
0000
0000
F3C0
F3C0
ENDCHAR
STARTCHAR A640
ENCODING 42560
SWIDTH 583 0
DWIDTH 14 0
BBX 10 23 2 -5
BITMAP
FFC0
FFC0
E1C0
E3C0
0380
0780
0700
0F00
0E00
1E00
1C00
3C00
3800
7800
7000
F000
FF80
FFC0
00C0
78C0
FFC0
E780
C380
ENDCHAR
STARTCHAR A641
ENCODING 42561
SWIDTH 583 0
DWIDTH 14 0
BBX 10 18 2 -5
BITMAP
FFC0
FFC0
E1C0
E380
0700
0F00
0E00
1C00
3800
7000
F000
FF80
FFC0
00C0
78C0
FFC0
E780
C380
ENDCHAR
STARTCHAR A642
ENCODING 42562
SWIDTH 583 0
DWIDTH 14 0
BBX 10 23 2 -5
BITMAP
FFC0
FFC0
E1C0
E3C0
0380
0780
0700
3F80
3F80
1E00
1C00
3C00
3800
7800
7000
F000
FF80
FFC0
00C0
78C0
FFC0
E780
E380
ENDCHAR
STARTCHAR A643
ENCODING 42563
SWIDTH 583 0
DWIDTH 14 0
BBX 10 18 2 -5
BITMAP
FFC0
FFC0
E1C0
E380
0700
3F80
3F80
1C00
3800
7000
F000
FF80
FFC0
00C0
78C0
FFC0
E780
E380
ENDCHAR
STARTCHAR A644
ENCODING 42564
SWIDTH 583 0
DWIDTH 14 0
BBX 11 18 2 0
BITMAP
EF80
FFC0
FBC0
E0E0
E0E0
00E0
01C0
03C0
1F80
3E00
7800
F000
E000
E0E0
E0E0
FBE0
7FE0
3EE0
ENDCHAR
STARTCHAR A645
ENCODING 42565
SWIDTH 583 0
DWIDTH 14 0
BBX 10 13 2 0
BITMAP
EF00
FF80
FBC0
E1C0
E1C0
0F80
3F00
7C00
E1C0
E1C0
F7C0
7FC0
3DC0
ENDCHAR
STARTCHAR A646
ENCODING 42566
SWIDTH 583 0
DWIDTH 14 0
BBX 11 18 2 0
BITMAP
FE00
FE00
0E00
0E00
0E00
0E00
0E00
0E00
0E00
0E00
0E00
0E00
0E00
0E00
0E00
0F00
07E0
03E0
ENDCHAR
STARTCHAR A647
ENCODING 42567
SWIDTH 583 0
DWIDTH 14 0
BBX 11 13 2 0
BITMAP
FE00
FE00
0E00
0E00
0E00
0E00
0E00
0E00
0E00
0E00
0F00
07E0
03E0
ENDCHAR
STARTCHAR A648
ENCODING 42568
SWIDTH 583 0
DWIDTH 14 0
BBX 12 18 1 0
BITMAP
1FC0
1FC0
0700
0700
1FC0
1FC0
0700
0F00
1FC0
3FC0
70E0
70E0
70E0
70E0
70E0
70E0
F9F0
F9F0
ENDCHAR
STARTCHAR A649
ENCODING 42569
SWIDTH 583 0
DWIDTH 14 0
BBX 12 13 1 0
BITMAP
1FC0
1FC0
0600
1FC0
1FC0
0F00
1FC0
3FC0
70E0
70E0
70E0
F9F0
F9F0
ENDCHAR
STARTCHAR A64A
ENCODING 42570
SWIDTH 583 0
DWIDTH 14 0
BBX 13 18 1 0
BITMAP
F838
F878
38F0
38E0
1CC0
1DC0
0FC0
0F80
3FE0
3FE0
7770
7770
7070
7070
70F0
3FE0
3FE0
0F80
ENDCHAR
STARTCHAR A64B
ENCODING 42571
SWIDTH 583 0
DWIDTH 14 0
BBX 9 18 3 0
BITMAP
0380
0380
E380
E380
E300
E700
7700
7E00
3C00
1C00
3C00
7E00
E700
E700
E700
FF00
7E00
3C00
ENDCHAR
STARTCHAR A64C
ENCODING 42572
SWIDTH 583 0
DWIDTH 14 0
BBX 12 18 1 0
BITMAP
38C0
78E0
F8F0
E070
E070
E070
E070
E070
E070
E070
E070
E070
E770
E770
E770
FFF0
7FE0
3DE0
ENDCHAR
STARTCHAR A64D
ENCODING 42573
SWIDTH 583 0
DWIDTH 14 0
BBX 13 13 1 0
BITMAP
38E0
78F0
F8F8
E038
E038
E038
E038
E038
E038
E738
FFF8
7FF0
3DE0
ENDCHAR
STARTCHAR A64E
ENCODING 42574
SWIDTH 583 0
DWIDTH 14 0
BBX 12 18 1 0
BITMAP
F000
FC00
3C00
0E00
0E00
0E00
0E00
0FC0
0FE0
0EF0
0E70
0E70
0E70
0E70
0E70
0EF0
1FE0
1FC0
ENDCHAR
STARTCHAR A64F
ENCODING 42575
SWIDTH 583 0
DWIDTH 14 0
BBX 12 13 1 0
BITMAP
F000
FC00
3C00
0E00
0E00
0FE0
0FF0
0E70
0E70
0E70
0EF0
1FE0
1FC0
ENDCHAR
STARTCHAR A650
ENCODING 42576
SWIDTH 583 0
DWIDTH 14 0
BBX 14 18 1 0
BITMAP
FC3C
FC3C
D818
D818
D818
1818
1818
1E18
1F18
1B98
1998
1998
1998
1998
1998
1F98
3F3C
3E3C
ENDCHAR
STARTCHAR A651
ENCODING 42577
SWIDTH 583 0
DWIDTH 14 0
BBX 14 13 1 0
BITMAP
FC3C
FC3C
D818
D818
1818
1F18
1F98
1998
1998
1998
1B98
3FBC
3F3C
ENDCHAR
STARTCHAR A652
ENCODING 42578
SWIDTH 583 0
DWIDTH 14 0
BBX 13 18 1 0
BITMAP
F3C0
F3C0
6180
7FF0
7FF0
61B0
6180
6180
61F0
61F0
61B8
6198
6198
6198
6198
61F8
F3F0
F3E0
ENDCHAR
STARTCHAR A653
ENCODING 42579
SWIDTH 583 0
DWIDTH 14 0
BBX 13 18 1 0
BITMAP
E380
E380
6180
6180
6180
7FF0
7FF0
61B0
6180
6180
61F0
61F8
61B8
6198
6198
61B8
F3F0
F3F0
ENDCHAR
STARTCHAR A654
ENCODING 42580
SWIDTH 583 0
DWIDTH 14 0
BBX 13 18 1 0
BITMAP
3C78
7E78
FF70
E770
E770
E770
E770
E770
E7F0
E7F0
E770
E770
E770
E770
E770
FF70
7E78
3C78
ENDCHAR
STARTCHAR A655
ENCODING 42581
SWIDTH 583 0
DWIDTH 14 0
BBX 13 13 1 0
BITMAP
3C78
7E78
FF70
E770
E770
E770
E7F0
E7F0
E770
E770
FF70
7E78
3C78
ENDCHAR
STARTCHAR A656
ENCODING 42582
SWIDTH 583 0
DWIDTH 14 0
BBX 14 18 1 0
BITMAP
F0E0
F0E0
70E0
70E0
71F0
71B0
71B0
71B0
7FB0
7FB0
71F0
73F8
7318
7318
7318
7318
F7BC
F7BC
ENDCHAR
STARTCHAR A657
ENCODING 42583
SWIDTH 583 0
DWIDTH 14 0
BBX 14 13 1 0
BITMAP
F1E0
F3F0
77F8
7738
7038
7038
7FF8
7FF8
7738
7738
77F8
F7FC
F3BC
ENDCHAR
STARTCHAR A658
ENCODING 42584
SWIDTH 583 0
DWIDTH 14 0
BBX 12 18 1 0
BITMAP
0F00
0F00
0F00
0F00
0F00
1F80
1980
1980
1980
3FC0
3FC0
30C0
30C0
70E0
70E0
70E0
FFF0
FFF0
ENDCHAR
STARTCHAR A659
ENCODING 42585
SWIDTH 583 0
DWIDTH 14 0
BBX 12 13 1 0
BITMAP
0F00
0F00
0F00
1F80
1F80
1980
3980
3FC0
3FC0
30C0
70E0
FFF0
FFF0
ENDCHAR
STARTCHAR A65A
ENCODING 42586
SWIDTH 583 0
DWIDTH 14 0
BBX 14 18 0 0
BITMAP
7FF8
3FF8
1830
1870
0C60
0EC0
1FF0
1FF0
1830
1830
3FF0
3FF0
33B8
3398
3398
7398
F39C
F39C
ENDCHAR
STARTCHAR A65B
ENCODING 42587
SWIDTH 583 0
DWIDTH 14 0
BBX 14 13 0 0
BITMAP
7FF8
3FF0
1830
0C60
0EC0
1FF0
1FF0
3830
3FF0
3FF8
3398
F39C
F39C
ENDCHAR
STARTCHAR A65C
ENCODING 42588
SWIDTH 583 0
DWIDTH 14 0
BBX 14 18 1 0
BITMAP
F0E0
F0E0
60E0
60E0
60E0
61B0
61B0
61B0
61B0
7FF0
7FF0
61B0
63B8
6318
6318
6318
E7FC
E7FC
ENDCHAR
STARTCHAR A65D
ENCODING 42589
SWIDTH 583 0
DWIDTH 14 0
BBX 14 13 1 0
BITMAP
F0E0
F0E0
60E0
60E0
61B0
61B0
61B0
7FF0
7FF0
63B8
6318
E7FC
E7FC
ENDCHAR
STARTCHAR A65E
ENCODING 42590
SWIDTH 583 0
DWIDTH 14 0
BBX 14 23 0 -5
BITMAP
0780
0780
0F80
0FC0
0FC0
1BC0
1BE0
1B60
1B60
3B70
3330
3330
3338
7318
E33C
E33C
0300
0300
0300
0300
0300
0FE0
0FE0
ENDCHAR
STARTCHAR A65F
ENCODING 42591
SWIDTH 583 0
DWIDTH 14 0
BBX 14 18 0 -5
BITMAP
0780
0F80
0FC0
1FC0
1BC0
1BE0
3B60
3370
3370
3330
7338
E33C
E33C
0300
0300
0300
0FE0
0FE0
ENDCHAR
STARTCHAR A660
ENCODING 42592
SWIDTH 583 0
DWIDTH 14 0
BBX 12 22 1 -4
BITMAP
F9F0
F9F0
70E0
70E0
70E0
70E0
70E0
70E0
70E0
70E0
70E0
70E0
70E0
70E0
70E0
70E0
FFF0
FFF0
E000
E000
E000
E000
ENDCHAR
STARTCHAR A661
ENCODING 42593
SWIDTH 583 0
DWIDTH 14 0
BBX 12 17 1 -4
BITMAP
F9F0
F9F0
70E0
70E0
70E0
70E0
70E0
70E0
70E0
70E0
70E0
FFF0
FFF0
E000
E000
E000
E000
ENDCHAR
STARTCHAR A662
ENCODING 42594
SWIDTH 583 0
DWIDTH 14 0
BBX 14 22 1 -4
BITMAP
7FFC
7FFC
3B8C
3B8C
3B80
3B80
3B80
3B80
3B80
3B80
3B80
3B80
3B80
3B80
3380
7380
FFC0
FFC0
C0C0
C0C0
C0C0
C0C0
ENDCHAR
STARTCHAR A663
ENCODING 42595
SWIDTH 583 0
DWIDTH 14 0
BBX 14 17 1 -4
BITMAP
7FFC
7FFC
3B8C
3B8C
3B80
3B80
3B80
3B80
3B80
3380
7380
FFC0
FFC0
C0C0
C0C0
C0C0
C0C0
ENDCHAR
STARTCHAR A664
ENCODING 42596
SWIDTH 583 0
DWIDTH 14 0
BBX 14 18 0 0
BITMAP
7FFC
7FFC
39CC
39CC
39C0
39C0
39C0
39C0
39C0
39C0
39C0
39C0
39C0
39C0
79C0
F1C0
F3E0
C3E0
ENDCHAR
STARTCHAR A665
ENCODING 42597
SWIDTH 583 0
DWIDTH 14 0
BBX 14 13 0 0
BITMAP
7FFC
7FFC
39CC
39CC
39C0
39C0
39C0
39C0
39C0
39C0
F1C0
F3E0
E3E0
ENDCHAR
STARTCHAR A666
ENCODING 42598
SWIDTH 583 0
DWIDTH 14 0
BBX 14 18 0 0
BITMAP
E0FC
F0FC
71CC
71CC
71CC
79C0
7BC0
7BC0
6AC0
6EC0
6EC0
6EC0
60C0
60C0
60C0
60C0
F1E0
F1E0
ENDCHAR
STARTCHAR A667
ENCODING 42599
SWIDTH 583 0
DWIDTH 14 0
BBX 15 13 0 0
BITMAP
F1FE
F1FE
71C6
7BC6
7BC0
7BC0
6AC0
6AC0
6AC0
6EC0
6EC0
F5E0
F5E0
ENDCHAR
STARTCHAR A668
ENCODING 42600
SWIDTH 583 0
DWIDTH 14 0
BBX 11 18 2 0
BITMAP
1F00
7FC0
7BC0
E1E0
E0E0
E0E0
E0E0
EEE0
EEE0
EEE0
EEE0
E0E0
E0E0
E0E0
E1E0
7BC0
7FC0
1F00
ENDCHAR
STARTCHAR A669
ENCODING 42601
SWIDTH 583 0
DWIDTH 14 0
BBX 11 13 2 0
BITMAP
1F00
7FC0
7BC0
E0E0
EEE0
EEE0
EEE0
EEE0
E0E0
E0E0
7BC0
7FC0
1F00
ENDCHAR
STARTCHAR A66A
ENCODING 42602
SWIDTH 583 0
DWIDTH 14 0
BBX 11 18 2 0
BITMAP
1F00
7FC0
7BC0
E1E0
E0E0
E0E0
E0E0
FEE0
FEE0
FEE0
FEE0
E0E0
E0E0
E0E0
E1E0
7BC0
7FC0
1F00
ENDCHAR
STARTCHAR A66B
ENCODING 42603
SWIDTH 583 0
DWIDTH 14 0
BBX 11 13 2 0
BITMAP
1F00
7FC0
7BC0
E0E0
FEE0
FEE0
FEE0
FEE0
E0E0
E0E0
7BC0
7FC0
1F00
ENDCHAR
STARTCHAR A66C
ENCODING 42604
SWIDTH 583 0
DWIDTH 14 0
BBX 12 18 1 0
BITMAP
79E0
7FF0
FF70
E770
E770
E770
E770
FFF0
FFF0
FFF0
FFF0
E770
E770
E770
E770
FF70
FFF0
39E0
ENDCHAR
STARTCHAR A66D
ENCODING 42605
SWIDTH 583 0
DWIDTH 14 0
BBX 12 13 1 0
BITMAP
39E0
7FF0
FF70
E770
E770
FFF0
FFF0
FFF0
E770
E770
FF70
FFF0
3DE0
ENDCHAR
STARTCHAR A66E
ENCODING 42606
SWIDTH 583 0
DWIDTH 14 0
BBX 14 23 1 -5
BITMAP
3FE0
6DB0
6DB0
7FF0
7FF0
6DB0
6DB0
7FF8
DB6C
DB6C
FFFC
FFFC
DB6C
DB6C
FFFC
7FF0
6DB0
6DB0
7FF0
7FF0
6DB0
6DB0
3FE0
ENDCHAR
STARTCHAR A66F
ENCODING 42607
SWIDTH 0 0
DWIDTH 0 0
BBX 8 3 -11 15
BITMAP
FF
FF
C7
ENDCHAR
STARTCHAR A670
ENCODING 42608
SWIDTH 0 0
DWIDTH 0 0
BBX 33 33 -24 -11
BITMAP
0003200000
0001C00000
01B0C36000
00E1E1C000
00E121C000
01B0036000
0000001200
3600001E00
1C00000C00
1C00001E00
3600001300
0000000000
0000000000
0000000000
4800000480
7800000780
3000000300
7800000780
C800000C80
0000000000
0000000000
0000000000
3600001200
1C00001E00
1C00000C00
3600001E00
2200001200
0130036000
00E021C000
00C361C000
01E1C36000
0121C20000
0003600000
ENDCHAR
STARTCHAR A671
ENCODING 42609
SWIDTH 0 0
DWIDTH 0 0
BBX 28 29 -21 -8
BITMAP
003FC000
01E07800
03000C00
04000600
08000100
F80001F0
00000000
00000000
00000000
00000000
00000000
00000000
00000000
00000000
00000000
00000000
00000000
00000000
00000000
00000000
00000000
00000000
00000000
00000000
F80001F0
0C000300
06000600
03C03800
007FE000
ENDCHAR
STARTCHAR A672
ENCODING 42610
SWIDTH 0 0
DWIDTH 0 0
BBX 32 33 -23 -10
BITMAP
00008000
00008000
0003C000
00008000
00000000
00000000
00000000
00000000
00000000
F000000F
00000000
00000000
00000000
00000000
00000000
00000000
F000000F
00000000
00000000
00000000
00000000
00000000
00000000
F000000F
00000000
00000000
00000000
00000000
00000000
00408100
00408100
00408100
00408100
ENDCHAR
STARTCHAR A673
ENCODING 42611
SWIDTH 583 0
DWIDTH 14 0
BBX 10 10 2 7
BITMAP
0C00
0E00
FFC0
7B80
2180
2180
7B80
FFC0
0E00
0C00
ENDCHAR
STARTCHAR A674
ENCODING 42612
SWIDTH 0 0
DWIDTH 0 0
BBX 4 5 -9 15
BITMAP
F0
D0
80
D0
60
ENDCHAR
STARTCHAR A675
ENCODING 42613
SWIDTH 0 0
DWIDTH 0 0
BBX 5 5 -10 15
BITMAP
D8
50
70
50
D8
ENDCHAR
STARTCHAR A676
ENCODING 42614
SWIDTH 0 0
DWIDTH 0 0
BBX 4 7 -9 15
BITMAP
B0
B0
E0
20
20
20
F0
ENDCHAR
STARTCHAR A677
ENCODING 42615
SWIDTH 0 0
DWIDTH 0 0
BBX 5 7 -10 15
BITMAP
D8
50
50
70
20
60
C0
ENDCHAR
STARTCHAR A678
ENCODING 42616
SWIDTH 0 0
DWIDTH 0 0
BBX 5 5 -10 15
BITMAP
E0
A0
38
28
78
ENDCHAR
STARTCHAR A679
ENCODING 42617
SWIDTH 0 0
DWIDTH 0 0
BBX 6 5 -10 15
BITMAP
CC
44
74
54
FC
ENDCHAR
STARTCHAR A67A
ENCODING 42618
SWIDTH 0 0
DWIDTH 0 0
BBX 5 5 -10 15
BITMAP
C0
40
78
58
F8
ENDCHAR
STARTCHAR A67B
ENCODING 42619
SWIDTH 0 0
DWIDTH 0 0
BBX 5 5 -10 15
BITMAP
E8
E8
68
78
50
ENDCHAR
STARTCHAR A67C
ENCODING 42620
SWIDTH 0 0
DWIDTH 0 0
BBX 11 4 -12 15
BITMAP
C0E0
F3C0
7FC0
3F00
ENDCHAR
STARTCHAR A67D
ENCODING 42621
SWIDTH 0 0
DWIDTH 0 0
BBX 6 3 -10 15
BITMAP
FC
F8
18
ENDCHAR
STARTCHAR A67E
ENCODING 42622
SWIDTH 583 0
DWIDTH 14 0
BBX 11 4 2 15
BITMAP
C0E0
F3C0
7FC0
3F00
ENDCHAR
STARTCHAR A67F
ENCODING 42623
SWIDTH 583 0
DWIDTH 14 0
BBX 6 3 4 15
BITMAP
7C
FC
1C
ENDCHAR
STARTCHAR A680
ENCODING 42624
SWIDTH 583 0
DWIDTH 14 0
BBX 13 26 1 -4
BITMAP
3800
3800
3800
3800
7FF0
7FF0
38E0
38E0
38E0
38E0
38E0
38E0
38E0
38E0
38E0
38E0
38E0
38E0
78E0
70E0
FFF8
FFF8
E038
E038
E038
E038
ENDCHAR
STARTCHAR A681
ENCODING 42625
SWIDTH 583 0
DWIDTH 14 0
BBX 13 21 1 -4
BITMAP
3800
3800
3800
3800
7FF0
7FF0
38E0
38E0
38E0
38E0
38E0
38E0
38E0
38E0
70E0
FFF8
FFF8
E038
E038
E038
E038
ENDCHAR
STARTCHAR A682
ENCODING 42626
SWIDTH 583 0
DWIDTH 14 0
BBX 10 23 2 -5
BITMAP
3DC0
7FC0
7FC0
E1C0
E1C0
E000
E000
E000
7000
7800
3C00
1E00
0F00
0780
0380
01C0
01C0
01C0
E1C0
E1C0
FF80
FF80
EF00
ENDCHAR
STARTCHAR A683
ENCODING 42627
SWIDTH 583 0
DWIDTH 14 0
BBX 10 23 2 -5
BITMAP
3DC0
7FC0
7FC0
E1C0
E1C0
E000
E000
E000
7000
7800
3C00
1E00
0F00
0780
0380
01C0
01C0
01C0
E1C0
E1C0
FF80
FF80
EF00
ENDCHAR
STARTCHAR A684
ENCODING 42628
SWIDTH 583 0
DWIDTH 14 0
BBX 14 18 1 0
BITMAP
F9BC
E9B0
CDB0
CDB0
CDB0
0DB0
0DE0
09E0
3FE0
3FE0
0DE0
0DE0
0DB0
0DB0
CDB0
CDB0
59B0
71BC
ENDCHAR
STARTCHAR A685
ENCODING 42629
SWIDTH 583 0
DWIDTH 14 0
BBX 14 13 1 0
BITMAP
F9BC
EDB0
CDB0
0DB0
0DB0
3DA0
3FE0
0FE0
0DB0
0DB0
CDB0
6DB0
79BC
ENDCHAR
STARTCHAR A686
ENCODING 42630
SWIDTH 583 0
DWIDTH 14 0
BBX 14 18 0 0
BITMAP
F73C
F73C
7738
7738
7738
7738
7738
7738
7738
7FF8
3FF8
0038
0038
0038
0038
0038
007C
007C
ENDCHAR
STARTCHAR A687
ENCODING 42631
SWIDTH 583 0
DWIDTH 14 0
BBX 14 13 0 0
BITMAP
F73C
F73C
7738
7738
7738
7738
7FF8
3FF8
0038
0038
0038
007C
007C
ENDCHAR
STARTCHAR A688
ENCODING 42632
SWIDTH 583 0
DWIDTH 14 0
BBX 13 22 1 -4
BITMAP
7FF0
7FF0
38E0
38E0
38E0
38E0
38E0
38E0
38E0
38E0
38E0
38E0
38E0
38E0
70E0
70E0
FFE0
FFF8
E018
E030
E008
E078
ENDCHAR
STARTCHAR A689
ENCODING 42633
SWIDTH 583 0
DWIDTH 14 0
BBX 13 17 1 -4
BITMAP
7FF0
7FF0
38E0
38E0
38E0
38E0
38E0
38E0
38E0
38E0
70E0
FFE0
FFF8
E018
E030
E008
E078
ENDCHAR
STARTCHAR A68A
ENCODING 42634
SWIDTH 583 0
DWIDTH 14 0
BBX 12 24 1 -6
BITMAP
FFC0
FFC0
CEC0
CEC0
0E00
0E00
0E00
0E00
0EC0
0FE0
0EF0
0E70
0E70
0E70
0E70
0E70
3F70
3F70
0070
0070
0070
01E0
03E0
0380
ENDCHAR
STARTCHAR A68B
ENCODING 42635
SWIDTH 583 0
DWIDTH 14 0
BBX 12 19 1 -6
BITMAP
FFC0
FFC0
CEC0
CEC0
0E00
0E00
0FE0
0FE0
0E70
0E70
0E70
3F70
3F70
0070
0070
0070
01E0
03E0
0380
ENDCHAR
STARTCHAR A68C
ENCODING 42636
SWIDTH 583 0
DWIDTH 14 0
BBX 11 18 2 0
BITMAP
FFE0
FFE0
EEE0
EEE0
0E00
0E00
0E00
0E00
0E00
0E00
0E00
0E00
0E00
0E00
0E00
0F00
07E0
03E0
ENDCHAR
STARTCHAR A68D
ENCODING 42637
SWIDTH 583 0
DWIDTH 14 0
BBX 11 13 2 0
BITMAP
FFE0
FFE0
EEE0
EEE0
0E00
0E00
0E00
0E00
0E00
0E00
0F00
07E0
03E0
ENDCHAR
STARTCHAR A68E
ENCODING 42638
SWIDTH 583 0
DWIDTH 14 0
BBX 12 23 1 -5
BITMAP
F9F0
F9F0
70E0
70E0
70E0
70E0
70E0
70E0
70E0
70E0
70E0
70E0
70E0
70E0
70E0
70E0
FFF0
FFF0
0030
3FB0
4030
4030
3FE0
ENDCHAR
STARTCHAR A68F
ENCODING 42639
SWIDTH 583 0
DWIDTH 14 0
BBX 12 18 1 -5
BITMAP
F9F0
F9F0
70E0
70E0
70E0
70E0
70E0
70E0
70E0
70E0
70E0
FFF0
FFF0
0030
3FB0
4030
4030
3FE0
ENDCHAR
STARTCHAR A690
ENCODING 42640
SWIDTH 583 0
DWIDTH 14 0
BBX 11 23 2 -5
BITMAP
FFE0
FFE0
CEE0
CEE0
0E00
0E00
0E00
0E00
0E00
0E00
0E00
0E00
0E00
0E00
0E00
0E00
7F80
FF80
E000
E000
F000
7E00
3E00
ENDCHAR
STARTCHAR A691
ENCODING 42641
SWIDTH 583 0
DWIDTH 14 0
BBX 11 18 2 -5
BITMAP
FFE0
FFE0
CEE0
CEE0
0E00
0E00
0E00
0E00
0E00
0E00
0E00
7F80
FF80
E000
E000
F000
7E00
3E00
ENDCHAR
STARTCHAR A692
ENCODING 42642
SWIDTH 583 0
DWIDTH 14 0
BBX 12 18 1 0
BITMAP
FE70
FE70
BA70
BA70
3870
3870
3870
3870
3C70
1FF0
0FF0
0070
0070
0070
0070
0070
01F0
01F0
ENDCHAR
STARTCHAR A693
ENCODING 42643
SWIDTH 583 0
DWIDTH 14 0
BBX 12 13 1 0
BITMAP
FE70
FE70
BA70
BA70
3870
3C70
1FF0
0FF0
0070
0070
0070
01F0
01F0
ENDCHAR
STARTCHAR A694
ENCODING 42644
SWIDTH 583 0
DWIDTH 14 0
BBX 12 18 1 0
BITMAP
1C00
3C00
7C00
7000
7000
7000
7000
7F80
7FC0
71E0
70E0
70E0
70E0
70E0
70E0
70E0
F9F0
F9F0
ENDCHAR
STARTCHAR A695
ENCODING 42645
SWIDTH 583 0
DWIDTH 14 0
BBX 12 18 1 0
BITMAP
1C00
3C00
7C00
7000
7000
7780
77C0
7FE0
70E0
70E0
70E0
70E0
70E0
70E0
70E0
70E0
F9F0
F9F0
ENDCHAR
STARTCHAR A696
ENCODING 42646
SWIDTH 583 0
DWIDTH 14 0
BBX 14 23 0 -5
BITMAP
F73C
F73C
7738
7738
7738
7738
7738
7738
7738
7738
7738
7738
7738
7738
7738
7738
FFFC
FFFC
000C
3FEC
200C
200C
3FF8
ENDCHAR
STARTCHAR A697
ENCODING 42647
SWIDTH 583 0
DWIDTH 14 0
BBX 14 18 0 -5
BITMAP
F73C
F73C
7738
7738
7738
7738
7738
7738
7738
7738
7738
FFFC
FFFC
000C
3FEC
200C
200C
3FF8
ENDCHAR
STARTCHAR A698
ENCODING 42648
SWIDTH 583 0
DWIDTH 14 0
BBX 13 18 1 0
BITMAP
79E0
7FF0
FFF8
E738
E738
E738
E738
E738
E738
E738
E738
E738
E738
E738
E738
FFF8
FFF0
39E0
ENDCHAR
STARTCHAR A699
ENCODING 42649
SWIDTH 583 0
DWIDTH 14 0
BBX 13 13 1 0
BITMAP
39E0
7FF0
FFF8
E738
E738
E738
E738
E738
E738
E738
FFF8
FFF0
3DE0
ENDCHAR
STARTCHAR A69A
ENCODING 42650
SWIDTH 583 0
DWIDTH 14 0
BBX 11 18 2 0
BITMAP
1F00
7FC0
7FC0
EEE0
EEE0
EEE0
EEE0
EEE0
FFE0
FFE0
EEE0
EEE0
EEE0
EEE0
EEE0
7FC0
7FC0
1F00
ENDCHAR
STARTCHAR A69B
ENCODING 42651
SWIDTH 583 0
DWIDTH 14 0
BBX 11 13 2 0
BITMAP
1F00
7FC0
7FC0
EEE0
EEE0
FFE0
FFE0
FFE0
EEE0
EEE0
7FC0
7FC0
1F00
ENDCHAR
STARTCHAR A69C
ENCODING 42652
SWIDTH 583 0
DWIDTH 14 0
BBX 9 8 2 8
BITMAP
FC00
D800
1F00
1F80
1980
1980
3F80
3F00
ENDCHAR
STARTCHAR A69D
ENCODING 42653
SWIDTH 583 0
DWIDTH 14 0
BBX 8 9 3 8
BITMAP
E0
E0
60
7E
7F
61
61
FF
FE
ENDCHAR
STARTCHAR A69E
ENCODING 42654
SWIDTH 0 0
DWIDTH 0 0
BBX 5 9 -10 15
BITMAP
60
20
70
A8
A8
A8
F8
20
70
ENDCHAR
STARTCHAR A69F
ENCODING 42655
SWIDTH 0 0
DWIDTH 0 0
BBX 4 5 -9 15
BITMAP
F0
D0
E0
D0
B0
ENDCHAR
STARTCHAR A700
ENCODING 42752
SWIDTH 583 0
DWIDTH 14 0
BBX 8 10 3 -2
BITMAP
3F
7F
E0
C0
C0
C0
C0
60
7F
1F
ENDCHAR
STARTCHAR A701
ENCODING 42753
SWIDTH 583 0
DWIDTH 14 0
BBX 8 13 3 -5
BITMAP
3F
7F
E0
C0
C0
C0
C0
60
7F
1F
00
FF
FF
ENDCHAR
STARTCHAR A702
ENCODING 42754
SWIDTH 583 0
DWIDTH 14 0
BBX 8 10 3 8
BITMAP
3F
7F
E0
C0
C0
C0
C0
60
7F
1F
ENDCHAR
STARTCHAR A703
ENCODING 42755
SWIDTH 583 0
DWIDTH 14 0
BBX 8 13 3 5
BITMAP
3F
7F
E0
C0
C0
C0
C0
60
7F
1F
00
FF
FF
ENDCHAR
STARTCHAR A704
ENCODING 42756
SWIDTH 583 0
DWIDTH 14 0
BBX 8 10 3 8
BITMAP
FC
FE
07
03
03
03
03
06
FE
F8
ENDCHAR
STARTCHAR A705
ENCODING 42757
SWIDTH 583 0
DWIDTH 14 0
BBX 8 13 3 5
BITMAP
FC
FE
07
03
03
03
03
07
FE
F8
00
FF
FF
ENDCHAR
STARTCHAR A706
ENCODING 42758
SWIDTH 583 0
DWIDTH 14 0
BBX 8 10 3 -2
BITMAP
FC
FE
07
03
03
03
03
06
FE
F8
ENDCHAR
STARTCHAR A707
ENCODING 42759
SWIDTH 583 0
DWIDTH 14 0
BBX 8 13 3 -5
BITMAP
FC
FE
07
03
03
03
03
07
FE
F8
00
FF
FF
ENDCHAR
STARTCHAR A708
ENCODING 42760
SWIDTH 583 0
DWIDTH 14 0
BBX 9 18 3 0
BITMAP
6380
F380
F380
F380
0380
0380
0380
0380
0380
0380
0380
0380
0380
0380
0380
0380
0380
0380
ENDCHAR
STARTCHAR A709
ENCODING 42761
SWIDTH 583 0
DWIDTH 14 0
BBX 9 18 3 0
BITMAP
0380
0380
0380
0380
F380
F380
F380
6380
0380
0380
0380
0380
0380
0380
0380
0380
0380
0380
ENDCHAR
STARTCHAR A70A
ENCODING 42762
SWIDTH 583 0
DWIDTH 14 0
BBX 9 18 3 0
BITMAP
0380
0380
0380
0380
0380
0380
0380
6380
F380
F380
7380
0380
0380
0380
0380
0380
0380
0380
ENDCHAR
STARTCHAR A70B
ENCODING 42763
SWIDTH 583 0
DWIDTH 14 0
BBX 9 18 3 0
BITMAP
0380
0380
0380
0380
0380
0380
0380
0380
0380
0380
0380
F380
F380
F380
2380
0380
0380
0380
ENDCHAR
STARTCHAR A70C
ENCODING 42764
SWIDTH 583 0
DWIDTH 14 0
BBX 9 18 3 0
BITMAP
0380
0380
0380
0380
0380
0380
0380
0380
0380
0380
0380
0380
0380
0380
6380
F380
F380
6380
ENDCHAR
STARTCHAR A70D
ENCODING 42765
SWIDTH 583 0
DWIDTH 14 0
BBX 8 18 3 0
BITMAP
E6
EF
EF
EF
E0
E0
E0
E0
E0
E0
E0
E0
E0
E0
E0
E0
E0
E0
ENDCHAR
STARTCHAR A70E
ENCODING 42766
SWIDTH 583 0
DWIDTH 14 0
BBX 8 18 3 0
BITMAP
E0
E0
E0
E0
E7
EF
EF
E6
E0
E0
E0
E0
E0
E0
E0
E0
E0
E0
ENDCHAR
STARTCHAR A70F
ENCODING 42767
SWIDTH 583 0
DWIDTH 14 0
BBX 8 18 3 0
BITMAP
E0
E0
E0
E0
E0
E0
E0
E6
EF
EF
E7
E0
E0
E0
E0
E0
E0
E0
ENDCHAR
STARTCHAR A710
ENCODING 42768
SWIDTH 583 0
DWIDTH 14 0
BBX 8 18 3 0
BITMAP
E0
E0
E0
E0
E0
E0
E0
E0
E0
E0
E0
EF
EF
EF
E2
E0
E0
E0
ENDCHAR
STARTCHAR A711
ENCODING 42769
SWIDTH 583 0
DWIDTH 14 0
BBX 8 18 3 0
BITMAP
E0
E0
E0
E0
E0
E0
E0
E0
E0
E0
E0
E0
E0
E0
E6
EF
EF
E7
ENDCHAR
STARTCHAR A712
ENCODING 42770
SWIDTH 583 0
DWIDTH 14 0
BBX 8 18 3 0
BITMAP
FF
FF
E0
E0
E0
E0
E0
E0
E0
E0
E0
E0
E0
E0
E0
E0
E0
E0
ENDCHAR
STARTCHAR A713
ENCODING 42771
SWIDTH 583 0
DWIDTH 14 0
BBX 8 18 3 0
BITMAP
E0
E0
E0
E0
FF
FF
E0
E0
E0
E0
E0
E0
E0
E0
E0
E0
E0
E0
ENDCHAR
STARTCHAR A714
ENCODING 42772
SWIDTH 583 0
DWIDTH 14 0
BBX 8 18 3 0
BITMAP
E0
E0
E0
E0
E0
E0
E0
E0
FF
FF
E0
E0
E0
E0
E0
E0
E0
E0
ENDCHAR
STARTCHAR A715
ENCODING 42773
SWIDTH 583 0
DWIDTH 14 0
BBX 8 18 3 0
BITMAP
E0
E0
E0
E0
E0
E0
E0
E0
E0
E0
E0
E0
FF
FF
E0
E0
E0
E0
ENDCHAR
STARTCHAR A716
ENCODING 42774
SWIDTH 583 0
DWIDTH 14 0
BBX 8 18 3 0
BITMAP
E0
E0
E0
E0
E0
E0
E0
E0
E0
E0
E0
E0
E0
E0
E0
E0
FF
FF
ENDCHAR
STARTCHAR A717
ENCODING 42775
SWIDTH 583 0
DWIDTH 14 0
BBX 6 8 4 9
BITMAP
0C
0C
4C
EC
EC
0C
0C
0C
ENDCHAR
STARTCHAR A718
ENCODING 42776
SWIDTH 583 0
DWIDTH 14 0
BBX 7 8 3 10
BITMAP
E0
E2
E6
0C
18
38
70
20
ENDCHAR
STARTCHAR A719
ENCODING 42777
SWIDTH 583 0
DWIDTH 14 0
BBX 8 7 3 12
BITMAP
18
1C
18
00
00
FF
FF
ENDCHAR
STARTCHAR A71A
ENCODING 42778
SWIDTH 583 0
DWIDTH 14 0
BBX 8 6 3 12
BITMAP
03
03
03
03
FF
FF
ENDCHAR
STARTCHAR A71B
ENCODING 42779
SWIDTH 583 0
DWIDTH 14 0
BBX 7 14 4 7
BITMAP
30
7C
B6
30
30
30
30
30
30
30
30
30
30
30
ENDCHAR
STARTCHAR A71C
ENCODING 42780
SWIDTH 583 0
DWIDTH 14 0
BBX 7 15 4 6
BITMAP
30
30
30
30
30
30
30
30
30
30
30
B6
7C
38
10
ENDCHAR
STARTCHAR A71D
ENCODING 42781
SWIDTH 583 0
DWIDTH 14 0
BBX 4 12 5 8
BITMAP
60
60
60
60
60
60
60
00
00
60
F0
60
ENDCHAR
STARTCHAR A71E
ENCODING 42782
SWIDTH 583 0
DWIDTH 14 0
BBX 4 12 5 8
BITMAP
60
F0
60
00
00
60
60
60
60
60
60
60
ENDCHAR
STARTCHAR A71F
ENCODING 42783
SWIDTH 583 0
DWIDTH 14 0
BBX 4 12 5 -2
BITMAP
60
F0
60
00
00
60
60
60
60
60
60
60
ENDCHAR
STARTCHAR A720
ENCODING 42784
SWIDTH 583 0
DWIDTH 14 0
BBX 10 7 2 11
BITMAP
FFC0
FFC0
CC00
CC00
CC00
CC00
CC00
ENDCHAR
STARTCHAR A721
ENCODING 42785
SWIDTH 583 0
DWIDTH 14 0
BBX 10 7 2 0
BITMAP
CC00
CC00
CC00
CC00
CC00
FFC0
FFC0
ENDCHAR
STARTCHAR A722
ENCODING 42786
SWIDTH 583 0
DWIDTH 14 0
BBX 5 18 4 0
BITMAP
E0
F0
78
18
18
38
F8
F0
00
E0
F0
78
18
18
18
78
F0
E0
ENDCHAR
STARTCHAR A723
ENCODING 42787
SWIDTH 583 0
DWIDTH 14 0
BBX 4 13 5 0
BITMAP
C0
E0
E0
60
E0
E0
00
E0
E0
70
E0
E0
C0
ENDCHAR
STARTCHAR A724
ENCODING 42788
SWIDTH 583 0
DWIDTH 14 0
BBX 6 11 5 7
BITMAP
1C
7C
78
E0
C0
C0
C0
E0
78
7C
1C
ENDCHAR
STARTCHAR A725
ENCODING 42789
SWIDTH 583 0
DWIDTH 14 0
BBX 4 8 5 5
BITMAP
30
70
F0
C0
C0
F0
70
30
ENDCHAR
STARTCHAR A726
ENCODING 42790
SWIDTH 583 0
DWIDTH 14 0
BBX 12 23 1 -5
BITMAP
F9F0
F9F0
70E0
70E0
70E0
70E0
70E0
7FE0
7FE0
70E0
70E0
70E0
70E0
70E0
70E0
70E0
F8E0
F8E0
00E0
00E0
03E0
03C0
0380
ENDCHAR
STARTCHAR A727
ENCODING 42791
SWIDTH 583 0
DWIDTH 14 0
BBX 11 23 1 -5
BITMAP
F000
F000
7000
7000
7000
7780
77C0
7FE0
70E0
70E0
70E0
70E0
70E0
70E0
70E0
70E0
F8E0
F8E0
00E0
00E0
03E0
03C0
0380
ENDCHAR
STARTCHAR A72A
ENCODING 42794
SWIDTH 583 0
DWIDTH 14 0
BBX 11 18 2 0
BITMAP
1F80
7FE0
7FE0
E0E0
E0E0
E000
F000
7E00
3E00
7800
E000
E000
E000
E0E0
E1E0
7FC0
7FC0
1F00
ENDCHAR
STARTCHAR A72B
ENCODING 42795
SWIDTH 583 0
DWIDTH 14 0
BBX 11 18 2 0
BITMAP
3EE0
7FE0
FFE0
E0E0
E000
E000
7800
3E00
7E00
7000
E000
E000
E000
E000
E0E0
7BE0
7FC0
1F80
ENDCHAR
STARTCHAR A72C
ENCODING 42796
SWIDTH 583 0
DWIDTH 14 0
BBX 10 23 2 -5
BITMAP
0380
0700
0700
0E00
0C00
1C00
1800
3800
3380
7380
E380
E380
FFC0
FFC0
0380
0380
0380
0380
0380
0380
0F80
0F00
0E00
ENDCHAR
STARTCHAR A72D
ENCODING 42797
SWIDTH 583 0
DWIDTH 14 0
BBX 10 18 2 -5
BITMAP
0780
0700
0E00
1C00
1C00
3800
7380
E380
FFC0
FFC0
0380
0380
0380
0380
0380
0F80
0F00
0E00
ENDCHAR
STARTCHAR A72E
ENCODING 42798
SWIDTH 583 0
DWIDTH 14 0
BBX 13 23 2 -5
BITMAP
0380
0700
0700
0E00
0C00
1C00
1800
3800
3380
7380
E380
E380
FFC0
FFC0
0380
03B0
03F8
03B0
03B0
03B0
0F80
0F00
0E00
ENDCHAR
STARTCHAR A72F
ENCODING 42799
SWIDTH 583 0
DWIDTH 14 0
BBX 13 18 2 -5
BITMAP
0780
0700
0E00
1C00
1C00
3800
7380
E380
FFC0
FFC0
0380
0380
03B8
03B8
03B8
0FB0
0F00
0E00
ENDCHAR
STARTCHAR A730
ENCODING 42800
SWIDTH 583 0
DWIDTH 14 0
BBX 11 13 2 0
BITMAP
FFE0
FFE0
70E0
70E0
7000
7F00
7F00
7000
7000
7000
7000
FC00
FC00
ENDCHAR
STARTCHAR A731
ENCODING 42801
SWIDTH 583 0
DWIDTH 14 0
BBX 10 13 2 0
BITMAP
3DC0
7FC0
FFC0
E1C0
E1C0
7C00
3F00
0F80
E1C0
E1C0
FFC0
FF80
EF00
ENDCHAR
STARTCHAR A732
ENCODING 42802
SWIDTH 583 0
DWIDTH 14 0
BBX 14 18 1 0
BITMAP
1CE0
1CE0
1CE0
1CE0
3DF0
3FF0
37F0
37B0
37B0
37B0
3FF0
7FF8
77B8
6798
6798
6318
F33C
F33C
ENDCHAR
STARTCHAR A733
ENCODING 42803
SWIDTH 583 0
DWIDTH 14 0
BBX 12 13 1 0
BITMAP
3DE0
7FF0
FF70
E770
0770
3FF0
7FF0
F7F0
E770
E770
FF70
FFF0
7BF0
ENDCHAR
STARTCHAR A734
ENCODING 42804
SWIDTH 583 0
DWIDTH 14 0
BBX 13 18 1 0
BITMAP
1DE0
1FF0
1FF8
1F38
3F38
3F38
3F38
3738
3738
3738
3F38
7F38
7738
6738
6738
67F8
F3F0
F3E0
ENDCHAR
STARTCHAR A735
ENCODING 42805
SWIDTH 583 0
DWIDTH 14 0
BBX 13 13 1 0
BITMAP
3DE0
7FF0
FFF8
E738
0738
3F38
7F38
F738
E738
E738
FFF8
7FF0
3DE0
ENDCHAR
STARTCHAR A736
ENCODING 42806
SWIDTH 583 0
DWIDTH 14 0
BBX 14 18 1 0
BITMAP
1C3C
1C3C
1E1C
1E1C
3E1C
371C
371C
371C
339C
339C
3F9C
7F9C
739C
639C
639C
63FC
F1F8
F0F0
ENDCHAR
STARTCHAR A737
ENCODING 42807
SWIDTH 583 0
DWIDTH 14 0
BBX 12 13 1 0
BITMAP
3CF0
7EF0
FF70
E770
0770
3F70
7F70
F770
E770
E770
FF70
FFF0
7BF0
ENDCHAR
STARTCHAR A73E
ENCODING 42814
SWIDTH 583 0
DWIDTH 14 0
BBX 11 18 2 0
BITMAP
3F00
FF80
FBC0
E1E0
E0E0
00E0
00E0
0EE0
0EE0
0EE0
0EE0
00E0
00E0
E0E0
E0E0
FBC0
7FC0
1F00
ENDCHAR
STARTCHAR A73F
ENCODING 42815
SWIDTH 583 0
DWIDTH 14 0
BBX 11 13 2 0
BITMAP
EF80
FFC0
F1C0
E0E0
EEE0
0EE0
0EE0
0EE0
E0E0
F0E0
7FC0
7FC0
1F00
ENDCHAR
STARTCHAR A740
ENCODING 42816
SWIDTH 583 0
DWIDTH 14 0
BBX 13 18 0 0
BITMAP
7C78
7CF8
38E0
FFC0
FFC0
3B80
3B00
3F00
3F00
3F00
3F80
3B80
39C0
39C0
38E0
38E0
7C78
7C78
ENDCHAR
STARTCHAR A741
ENCODING 42817
SWIDTH 583 0
DWIDTH 14 0
BBX 13 18 1 0
BITMAP
7800
7800
3800
FE00
FE00
38F8
38F8
39C0
3B80
3B00
3F00
3F00
3F00
3F80
39C0
39C0
7CF8
7C78
ENDCHAR
STARTCHAR A742
ENCODING 42818
SWIDTH 583 0
DWIDTH 14 0
BBX 12 18 1 0
BITMAP
F8F0
F9F0
71C0
7380
7380
7700
7600
7E00
7E00
7E00
7FE0
77C0
7380
7780
7FC0
7DC0
F8F0
F8F0
ENDCHAR
STARTCHAR A743
ENCODING 42819
SWIDTH 583 0
DWIDTH 14 0
BBX 12 18 1 0
BITMAP
F000
F000
7000
7000
7000
70F0
71F0
73C0
7380
7700
7E00
7EC0
7FC0
7F80
7780
7FC0
FDF0
F8F0
ENDCHAR
STARTCHAR A744
ENCODING 42820
SWIDTH 583 0
DWIDTH 14 0
BBX 13 18 0 0
BITMAP
7C78
7CF8
38E0
FFC0
FFC0
3B80
3B00
3F00
3F00
3F00
3FF0
3BE0
39C0
3BC0
3FE0
3EE0
7C78
7C78
ENDCHAR
STARTCHAR A745
ENCODING 42821
SWIDTH 583 0
DWIDTH 14 0
BBX 13 18 1 0
BITMAP
7800
7800
3800
FE00
FE00
38F8
38F8
39C0
3B80
3B00
3F00
3F60
3FE0
3FC0
3BC0
3FC0
7EF8
7C78
ENDCHAR
STARTCHAR A748
ENCODING 42824
SWIDTH 583 0
DWIDTH 14 0
BBX 12 18 1 0
BITMAP
7E00
7E00
3800
FE00
FE00
3800
3800
3800
3800
3800
3800
3800
3800
3800
3870
3870
7FF0
7FF0
ENDCHAR
STARTCHAR A749
ENCODING 42825
SWIDTH 583 0
DWIDTH 14 0
BBX 10 18 2 0
BITMAP
FE00
FE00
0E00
7F00
7F00
0E00
0E00
0E00
0E00
0E00
0E00
0E00
0E00
0E00
0E00
0E00
FFC0
FFC0
ENDCHAR
STARTCHAR A74A
ENCODING 42826
SWIDTH 583 0
DWIDTH 14 0
BBX 13 18 1 0
BITMAP
0F80
3FE0
3DE0
70F0
7070
7070
7070
7070
FFF8
FFF8
7070
7070
7070
7070
70F0
3DE0
3FE0
0F80
ENDCHAR
STARTCHAR A74B
ENCODING 42827
SWIDTH 583 0
DWIDTH 14 0
BBX 13 13 1 0
BITMAP
0F80
3FE0
3DE0
7070
7070
FFF8
FFF8
7070
7070
7070
3DE0
3FE0
0F80
ENDCHAR
STARTCHAR A74E
ENCODING 42830
SWIDTH 583 0
DWIDTH 14 0
BBX 13 18 1 0
BITMAP
79E0
7FF0
FFF8
E738
E738
E738
E738
E738
E738
E738
E738
E738
E738
E738
E738
FFF8
FFF0
39E0
ENDCHAR
STARTCHAR A74F
ENCODING 42831
SWIDTH 583 0
DWIDTH 14 0
BBX 13 13 1 0
BITMAP
39E0
7FF0
FFF8
E738
E738
E738
E738
E738
E738
E738
FFF8
FFF0
3DE0
ENDCHAR
STARTCHAR A750
ENCODING 42832
SWIDTH 583 0
DWIDTH 14 0
BBX 12 18 1 0
BITMAP
7F80
7FE0
39E0
3870
3870
3870
3870
3870
39E0
3FE0
3F80
3800
FE00
FE00
3800
3800
7E00
7E00
ENDCHAR
STARTCHAR A751
ENCODING 42833
SWIDTH 583 0
DWIDTH 14 0
BBX 12 18 1 -5
BITMAP
F3C0
FFE0
7FE0
7070
7070
7070
7070
7070
7070
7070
7FE0
77E0
73C0
FE00
FE00
7000
FC00
FC00
ENDCHAR
STARTCHAR A75A
ENCODING 42842
SWIDTH 583 0
DWIDTH 14 0
BBX 11 18 3 0
BITMAP
3E00
7F00
F780
E3C0
C1C0
01C0
01C0
01C0
03C0
0780
1F00
1E00
0E00
0700
0780
0380
03E0
01E0
ENDCHAR
STARTCHAR A75B
ENCODING 42843
SWIDTH 583 0
DWIDTH 14 0
BBX 11 13 3 0
BITMAP
3E00
FF80
FF80
C1C0
01C0
01C0
0780
1F80
1E00
0700
0780
03E0
01E0
ENDCHAR
STARTCHAR A760
ENCODING 42848
SWIDTH 583 0
DWIDTH 14 0
BBX 14 23 1 -5
BITMAP
E33C
E33C
7338
77B8
77B0
37B0
37B0
37B0
37B0
34B0
34B0
3CF0
3CE0
1CE0
1CE0
1CE0
1CE0
1CE0
00E0
00E0
00C0
07C0
0780
ENDCHAR
STARTCHAR A761
ENCODING 42849
SWIDTH 583 0
DWIDTH 14 0
BBX 14 18 1 -5
BITMAP
E33C
E33C
77B8
77B0
37B0
37B0
37B0
34B0
3CF0
1CE0
1CE0
1CE0
1CE0
00E0
00E0
00C0
07C0
0780
ENDCHAR
STARTCHAR A764
ENCODING 42852
SWIDTH 583 0
DWIDTH 14 0
BBX 12 18 1 0
BITMAP
7E00
7E00
3800
FE00
3800
3FC0
3FE0
39E0
3870
3870
3870
38F0
3FE0
3FC0
3800
3800
7E00
7E00
ENDCHAR
STARTCHAR A765
ENCODING 42853
SWIDTH 583 0
DWIDTH 14 0
BBX 12 23 1 -5
BITMAP
F000
F000
7000
FE00
FE00
73C0
77E0
7DE0
7070
7070
7070
7070
7070
7070
7070
7DE0
77E0
73C0
7000
7000
7000
FC00
FC00
ENDCHAR
STARTCHAR A766
ENCODING 42854
SWIDTH 583 0
DWIDTH 14 0
BBX 12 18 1 0
BITMAP
7E00
7E00
3800
3800
3FC0
3FE0
38F0
3870
3870
3870
39F0
3FE0
3FC0
3800
FE00
3800
7E00
7E00
ENDCHAR
STARTCHAR A767
ENCODING 42855
SWIDTH 583 0
DWIDTH 14 0
BBX 12 23 1 -5
BITMAP
F000
F000
7000
7000
7000
73C0
77E0
7DE0
7070
7070
7070
7070
7070
7070
7070
7DE0
77E0
73C0
FE00
FE00
7000
FC00
FC00
ENDCHAR
STARTCHAR A779
ENCODING 42873
SWIDTH 583 0
DWIDTH 14 0
BBX 11 18 1 0
BITMAP
FF00
FFC0
0FC0
30E0
70E0
70E0
70E0
70E0
70E0
70E0
70E0
70E0
70E0
70E0
70E0
3FC0
3FC0
0F00
ENDCHAR
STARTCHAR A77A
ENCODING 42874
SWIDTH 583 0
DWIDTH 14 0
BBX 11 18 2 1
BITMAP
1800
3E00
0F00
0780
0380
01C0
01C0
3FC0
7FE0
F1E0
E0E0
E0E0
E0E0
E0E0
E1E0
7FC0
7F80
1F00
ENDCHAR
STARTCHAR A77B
ENCODING 42875
SWIDTH 583 0
DWIDTH 14 0
BBX 11 23 2 -5
BITMAP
FBC0
FFE0
3FE0
38E0
3800
3800
3800
3800
3800
3800
3800
3800
3800
3800
3800
3800
3FC0
3FC0
3800
3800
3800
3800
3800
ENDCHAR
STARTCHAR A77C
ENCODING 42876
SWIDTH 583 0
DWIDTH 14 0
BBX 11 18 2 -5
BITMAP
FBC0
FFE0
3FE0
38E0
3800
3800
3800
3800
3800
3800
3800
3FC0
3FC0
3800
3800
3800
3800
3800
ENDCHAR
STARTCHAR A77D
ENCODING 42877
SWIDTH 583 0
DWIDTH 14 0
BBX 11 18 2 0
BITMAP
FFE0
FFE0
E3E0
EF00
1C00
1800
1800
1C00
1F00
3F80
73C0
E0E0
E0E0
E0E0
E0E0
FFC0
7FC0
1F00
ENDCHAR
STARTCHAR A77E
ENCODING 42878
SWIDTH 583 0
DWIDTH 14 0
BBX 10 18 2 0
BITMAP
3F00
7F80
FFC0
E1C0
E1C0
E1C0
E1C0
7380
7F00
1E00
0F00
0700
0700
0E00
3CC0
F8C0
FFC0
FFC0
ENDCHAR
STARTCHAR A77F
ENCODING 42879
SWIDTH 583 0
DWIDTH 14 0
BBX 11 18 2 -5
BITMAP
1F00
7FC0
FBC0
E0E0
E0E0
E0E0
E0E0
71C0
7F80
1F00
0F00
0700
0700
0E00
3CE0
F8E0
FFE0
FFE0
ENDCHAR
STARTCHAR A780
ENCODING 42880
SWIDTH 583 0
DWIDTH 14 0
BBX 11 18 2 0
BITMAP
FFE0
FFE0
E380
E380
0380
0380
0380
0380
0380
0380
0380
0380
0380
0380
0380
0380
07E0
07E0
ENDCHAR
STARTCHAR A781
ENCODING 42881
SWIDTH 583 0
DWIDTH 14 0
BBX 10 18 2 -5
BITMAP
FFC0
FFC0
1C00
1C00
1C00
1C00
1C00
1C00
1C00
1C00
1C00
1C00
1C00
1C00
1C00
1C00
1FC0
1FC0
ENDCHAR
STARTCHAR A782
ENCODING 42882
SWIDTH 583 0
DWIDTH 14 0
BBX 14 23 1 -5
BITMAP
F780
FFC0
7FE0
70E0
70E0
70E0
70E0
70E0
70E0
70E0
70E0
70E0
70E0
70E0
70E0
7078
707C
701C
7000
7000
7000
7000
7000
ENDCHAR
STARTCHAR A783
ENCODING 42883
SWIDTH 583 0
DWIDTH 14 0
BBX 14 18 1 -5
BITMAP
F780
FFC0
7FE0
70E0
70E0
70E0
70E0
70E0
70E0
70E0
7078
707C
701C
7000
7000
7000
7000
7000
ENDCHAR
STARTCHAR A784
ENCODING 42884
SWIDTH 583 0
DWIDTH 14 0
BBX 11 23 2 -5
BITMAP
FBC0
FFC0
3FE0
38E0
3800
3800
3800
3800
3800
3800
3800
3800
3800
3800
3800
3800
3800
3800
3800
3800
3800
3800
3800
ENDCHAR
STARTCHAR A785
ENCODING 42885
SWIDTH 583 0
DWIDTH 14 0
BBX 11 18 2 -5
BITMAP
FBC0
FFC0
3FE0
38E0
3800
3800
3800
3800
3800
3800
3800
3800
3800
3800
3800
3800
3800
3800
ENDCHAR
STARTCHAR A786
ENCODING 42886
SWIDTH 583 0
DWIDTH 14 0
BBX 10 18 2 0
BITMAP
FFC0
FFC0
3800
7000
E000
E000
E000
E000
E000
E000
E000
E000
E000
E1C0
E1C0
7FC0
7F80
1F00
ENDCHAR
STARTCHAR A787
ENCODING 42887
SWIDTH 583 0
DWIDTH 14 0
BBX 10 13 2 0
BITMAP
FFC0
FFC0
7800
6000
E000
E000
E000
E000
E1C0
E1C0
7FC0
7F80
1F00
ENDCHAR
STARTCHAR A788
ENCODING 42888
SWIDTH 583 0
DWIDTH 14 0
BBX 8 4 3 -6
BITMAP
3C
3E
67
C3
ENDCHAR
STARTCHAR A789
ENCODING 42889
SWIDTH 583 0
DWIDTH 14 0
BBX 4 11 5 1
BITMAP
60
F0
F0
60
00
00
00
60
F0
F0
60
ENDCHAR
STARTCHAR A78A
ENCODING 42890
SWIDTH 583 0
DWIDTH 14 0
BBX 6 6 4 4
BITMAP
FC
FC
00
00
FC
FC
ENDCHAR
STARTCHAR A78B
ENCODING 42891
SWIDTH 583 0
DWIDTH 14 0
BBX 3 10 6 8
BITMAP
E0
E0
E0
E0
E0
E0
E0
E0
E0
E0
ENDCHAR
STARTCHAR A78C
ENCODING 42892
SWIDTH 583 0
DWIDTH 14 0
BBX 3 5 6 13
BITMAP
E0
E0
E0
E0
E0
ENDCHAR
STARTCHAR A78D
ENCODING 42893
SWIDTH 583 0
DWIDTH 14 0
BBX 13 18 1 0
BITMAP
F8F8
F8F8
70E0
70E0
70E0
70E0
70E0
70E0
7FE0
7FE0
00E0
00E0
00E0
00E0
00E0
00E0
01F8
01F8
ENDCHAR
STARTCHAR A78E
ENCODING 42894
SWIDTH 583 0
DWIDTH 14 0
BBX 10 23 2 -5
BITMAP
FE00
FE00
0E00
0E00
0E00
0E00
7E00
7E00
EE00
7FC0
3FC0
0E00
0E00
0E00
0E00
0E00
0E00
0E00
0E00
0E00
0F80
0780
0380
ENDCHAR
STARTCHAR A78F
ENCODING 42895
SWIDTH 583 0
DWIDTH 14 0
BBX 5 5 5 8
BITMAP
70
F8
F8
F8
70
ENDCHAR
STARTCHAR A790
ENCODING 42896
SWIDTH 583 0
DWIDTH 14 0
BBX 12 22 1 -4
BITMAP
F1F0
F9F0
78E0
78E0
7CE0
7CE0
7CE0
76E0
76E0
76E0
73E0
73E0
73E0
71E0
71E0
71E0
F9F0
F8F0
0070
0070
0070
0070
ENDCHAR
STARTCHAR A791
ENCODING 42897
SWIDTH 583 0
DWIDTH 14 0
BBX 13 17 1 -4
BITMAP
F780
FFC0
7FE0
70E0
70E0
70E0
70E0
70E0
70E0
70E0
70E0
F9F8
F9F8
0038
0038
0038
0038
ENDCHAR
STARTCHAR A792
ENCODING 42898
SWIDTH 583 0
DWIDTH 14 0
BBX 13 18 0 0
BITMAP
07E0
1FF8
1FF8
3838
3838
3800
3800
3800
FF00
FF00
3800
3800
3800
3838
3878
1FF0
1FF0
07C0
ENDCHAR
STARTCHAR A793
ENCODING 42899
SWIDTH 583 0
DWIDTH 14 0
BBX 13 13 0 0
BITMAP
0FB8
1FF8
3FF8
3838
3838
FF00
FF00
3800
3838
3878
1FF0
1FF0
07C0
ENDCHAR
STARTCHAR A794
ENCODING 42900
SWIDTH 583 0
DWIDTH 14 0
BBX 11 18 2 -5
BITMAP
3EE0
7FE0
FFE0
E0E0
E0E0
E000
E000
E000
E0E0
E0E0
FBE0
7FE0
3EE0
00E0
00E0
01E0
03C0
0380
ENDCHAR
STARTCHAR A795
ENCODING 42901
SWIDTH 583 0
DWIDTH 14 0
BBX 13 23 1 -5
BITMAP
F000
F000
7000
7000
7000
7780
77C0
7FE0
70E0
70E0
70E0
70E0
70E0
70E0
70E0
70E0
F9F8
F9F8
0038
0038
00F0
01F0
01C0
ENDCHAR
STARTCHAR A798
ENCODING 42904
SWIDTH 583 0
DWIDTH 14 0
BBX 12 18 1 0
BITMAP
7FF0
7FF0
3870
3870
FE00
FE00
3800
3800
3F80
3F80
3800
3800
3800
3800
3800
3800
7E00
7E00
ENDCHAR
STARTCHAR A799
ENCODING 42905
SWIDTH 583 0
DWIDTH 14 0
BBX 11 18 2 0
BITMAP
0780
0FC0
1FC0
1CE0
1C00
1C00
FFC0
FFC0
1C00
1C00
1C00
7F00
7F00
1C00
1C00
1C00
FF80
FF80
ENDCHAR
STARTCHAR A79A
ENCODING 42906
SWIDTH 583 0
DWIDTH 14 0
BBX 12 18 2 0
BITMAP
3CF0
7EF0
7FE0
E0E0
E0E0
E0E0
E0E0
78E0
3CE0
7CE0
F0E0
E0E0
E0E0
E0E0
E1E0
FBE0
7EF0
3CF0
ENDCHAR
STARTCHAR A79B
ENCODING 42907
SWIDTH 583 0
DWIDTH 14 0
BBX 12 13 2 0
BITMAP
3CF0
7EF0
FBE0
E0E0
E0E0
7CE0
7CE0
F8E0
E0E0
E0E0
FBE0
7EF0
3CF0
ENDCHAR
STARTCHAR A79C
ENCODING 42908
SWIDTH 583 0
DWIDTH 14 0
BBX 11 18 2 0
BITMAP
1F00
7FC0
7FC0
E1E0
E0E0
E0E0
F0E0
7CE0
3CE0
78E0
E0E0
E0E0
E0E0
E0E0
E0E0
7BC0
7FC0
1F00
ENDCHAR
STARTCHAR A79D
ENCODING 42909
SWIDTH 583 0
DWIDTH 14 0
BBX 11 13 2 0
BITMAP
3F00
7FC0
FBC0
E0E0
E0E0
7CE0
7CE0
F8E0
E0E0
E0E0
FBC0
7FC0
3F00
ENDCHAR
STARTCHAR A79E
ENCODING 42910
SWIDTH 583 0
DWIDTH 14 0
BBX 12 18 1 0
BITMAP
F9F0
F9F0
70E0
70E0
70E0
70E0
70E0
3CE0
1CE0
3CE0
78E0
70E0
70E0
70E0
70E0
7FE0
3FF0
1EF0
ENDCHAR
STARTCHAR A79F
ENCODING 42911
SWIDTH 583 0
DWIDTH 14 0
BBX 13 13 1 0
BITMAP
F0F0
F0F0
7070
7070
7070
3E70
3E70
7C70
7070
7070
7DF0
3F78
1E78
ENDCHAR
STARTCHAR A7A0
ENCODING 42912
SWIDTH 583 0
DWIDTH 14 0
BBX 13 18 1 0
BITMAP
1F70
3FF0
7FF0
7070
7070
7000
7000
7078
7FF8
FFF0
F070
7070
7070
7070
7070
78F0
3F70
1E70
ENDCHAR
STARTCHAR A7A1
ENCODING 42913
SWIDTH 583 0
DWIDTH 14 0
BBX 13 18 1 -5
BITMAP
1FF0
3FF0
7FF0
7FF8
FFE0
FFE0
3FC0
3F80
7000
7000
7800
3FE0
1FF0
0070
0070
79F0
7FE0
1FC0
ENDCHAR
STARTCHAR A7A2
ENCODING 42914
SWIDTH 583 0
DWIDTH 14 0
BBX 13 18 0 0
BITMAP
7C78
7CF8
38E0
39C0
39C0
3B80
3B00
3F78
3FF8
FF80
7F80
3B80
39C0
39C0
38E0
38E0
7C78
7C78
ENDCHAR
STARTCHAR A7A3
ENCODING 42915
SWIDTH 583 0
DWIDTH 14 0
BBX 13 18 0 0
BITMAP
7800
7800
3800
3800
3800
3878
38F8
39F8
3FF8
FF80
7F00
3F00
3F80
3FC0
39C0
38E0
7CF8
7C78
ENDCHAR
STARTCHAR A7A4
ENCODING 42916
SWIDTH 583 0
DWIDTH 14 0
BBX 12 18 1 0
BITMAP
F1F0
F9F0
78E0
78E0
7CE0
7CE0
7CE0
76F0
7FF0
FFE0
F3E0
73E0
73E0
71E0
71E0
71E0
F9E0
F8E0
ENDCHAR
STARTCHAR A7A5
ENCODING 42917
SWIDTH 583 0
DWIDTH 14 0
BBX 12 13 1 0
BITMAP
F780
FFC0
7FE0
70E0
70F0
73F0
7FE0
FCE0
F0E0
70E0
70E0
F9F0
F9F0
ENDCHAR
STARTCHAR A7A6
ENCODING 42918
SWIDTH 583 0
DWIDTH 14 0
BBX 13 18 1 0
BITMAP
FF80
FFE0
71E0
7070
73F0
7FF0
FC70
F070
71E0
7FE0
7F80
7380
73C0
71C0
71E0
70E0
F8F8
F878
ENDCHAR
STARTCHAR A7A7
ENCODING 42919
SWIDTH 583 0
DWIDTH 14 0
BBX 12 13 1 0
BITMAP
7DC0
7FE0
1FE0
1C60
1C10
1FF0
7FE0
FC00
DC00
1C00
1C00
7F00
7F00
ENDCHAR
STARTCHAR A7A8
ENCODING 42920
SWIDTH 583 0
DWIDTH 14 0
BBX 12 18 1 0
BITMAP
1EE0
3FE0
7FE0
70E0
70E0
7000
7800
3CF0
1FF0
FF80
E3C0
01E0
00E0
70E0
70E0
7FE0
7FC0
7780
ENDCHAR
STARTCHAR A7A9
ENCODING 42921
SWIDTH 583 0
DWIDTH 14 0
BBX 12 13 1 0
BITMAP
1EE0
3FE0
7DE0
70E0
70F0
3FF0
7FE0
FFC0
70E0
70E0
7BE0
7FC0
7780
ENDCHAR
STARTCHAR A7AA
ENCODING 42922
SWIDTH 583 0
DWIDTH 14 0
BBX 14 18 -1 0
BITMAP
3C7C
7C7C
FC38
DC38
1C38
1C38
1C38
1C38
1FF8
1FF8
1C38
1C38
1C38
1C38
1C38
1C38
3E7C
3E7C
ENDCHAR
STARTCHAR A7AB
ENCODING 42923
SWIDTH 583 0
DWIDTH 14 0
BBX 11 18 2 0
BITMAP
EF80
FFC0
FBC0
E0E0
E0E0
00E0
01C0
0FC0
0F80
03C0
01E0
00E0
00E0
E0E0
E1E0
7BC0
7F80
1F00
ENDCHAR
STARTCHAR A7AC
ENCODING 42924
SWIDTH 583 0
DWIDTH 14 0
BBX 11 23 2 -5
BITMAP
3DE0
7FE0
FFC0
E1C0
E1C0
E1C0
E1C0
E1C0
E1C0
E1C0
E1C0
E1C0
E1C0
E1C0
E1C0
FFC0
7FC0
3DC0
01C0
E1C0
FF80
7F80
3E00
ENDCHAR
STARTCHAR A7AD
ENCODING 42925
SWIDTH 583 0
DWIDTH 14 0
BBX 13 18 0 0
BITMAP
3F00
3F00
1C00
1C00
1C00
1C00
7C00
FC00
DC00
FF80
FF80
1C00
1C00
1C00
1C38
1C38
3FF8
3FF8
ENDCHAR
STARTCHAR A7AE
ENCODING 42926
SWIDTH 583 0
DWIDTH 14 0
BBX 11 18 2 0
BITMAP
FFE0
FFE0
EEE0
EEE0
0E00
0E00
0E00
0E00
0E00
0E00
0E00
0E00
0E00
0E00
EEE0
EEE0
FFE0
FFE0
ENDCHAR
STARTCHAR A7AF
ENCODING 42927
SWIDTH 583 0
DWIDTH 14 0
BBX 12 14 2 -1
BITMAP
1F00
7FC0
7BC0
E1E0
E0E0
E0E0
EEE0
E6E0
E7E0
E3E0
7FC0
7FC0
1FE0
0070
ENDCHAR
STARTCHAR A7B0
ENCODING 42928
SWIDTH 583 0
DWIDTH 14 0
BBX 12 18 1 0
BITMAP
F1F0
F1F0
38E0
38E0
1CE0
1CE0
0EE0
0FE0
07E0
07E0
07E0
07E0
0EE0
1CE0
1CE0
38E0
F9F0
F1F0
ENDCHAR
STARTCHAR A7B1
ENCODING 42929
SWIDTH 583 0
DWIDTH 14 0
BBX 11 18 2 0
BITMAP
3F80
3F80
0E00
0E00
0E00
0E00
0E00
0E00
0E00
0E00
0E00
0E00
0E00
0E00
EEE0
EEE0
FFE0
FFE0
ENDCHAR
STARTCHAR A7B2
ENCODING 42930
SWIDTH 583 0
DWIDTH 14 0
BBX 12 18 2 0
BITMAP
1F80
1F80
0380
0380
0380
0380
0380
0380
0380
0380
0380
3F80
FF80
FF80
E3C0
F7E0
7F70
3E20
ENDCHAR
STARTCHAR A7B3
ENCODING 42931
SWIDTH 583 0
DWIDTH 14 0
BBX 12 23 1 -5
BITMAP
F9F0
F9F0
70E0
39C0
39C0
1980
1F80
1F80
0F00
0F00
0F00
0600
0F00
0F00
0F00
1F80
1F80
1980
39C0
39C0
70E0
F9F0
F9F0
ENDCHAR
STARTCHAR A7B4
ENCODING 42932
SWIDTH 583 0
DWIDTH 14 0
BBX 12 23 1 -5
BITMAP
FF80
FFC0
73E0
70E0
70E0
70E0
71E0
7FC0
7FC0
73E0
70E0
7070
7070
7070
70F0
73E0
7FC0
7F80
7000
7000
7000
FC00
FC00
ENDCHAR
STARTCHAR A7B5
ENCODING 42933
SWIDTH 583 0
DWIDTH 14 0
BBX 12 23 1 -5
BITMAP
0F80
3FC0
3FE0
70E0
70E0
70E0
71E0
73C0
73C0
73E0
70F0
7070
7070
7070
70F0
7FE0
77E0
73C0
7000
7000
7000
FC00
FC00
ENDCHAR
STARTCHAR A7B6
ENCODING 42934
SWIDTH 583 0
DWIDTH 14 0
BBX 13 18 1 1
BITMAP
7070
7070
6070
6030
E030
E038
E738
E738
E738
E738
E738
E738
E738
E738
6730
7DF0
7DF0
38E0
ENDCHAR
STARTCHAR A7B7
ENCODING 42935
SWIDTH 583 0
DWIDTH 14 0
BBX 13 13 1 0
BITMAP
7070
7070
6070
E038
E738
E738
E738
E738
E738
E738
7FF0
7DF0
38E0
ENDCHAR
STARTCHAR A7B8
ENCODING 42936
SWIDTH 583 0
DWIDTH 14 0
BBX 12 22 1 -2
BITMAP
0040
00C0
F9F0
F9F0
71E0
71E0
71E0
73E0
73E0
72E0
76E0
76E0
74E0
7CE0
7CE0
78E0
78E0
3FC0
3FC0
3F00
3000
2000
ENDCHAR
STARTCHAR A7B9
ENCODING 42937
SWIDTH 583 0
DWIDTH 14 0
BBX 12 15 1 -1
BITMAP
00C0
F1E0
F1E0
71E0
71E0
73E0
72E0
76E0
74E0
7CE0
78E0
7FE0
3FF0
3EF0
2000
ENDCHAR
STARTCHAR A7BA
ENCODING 42938
SWIDTH 583 0
DWIDTH 14 0
BBX 12 20 1 0
BITMAP
8000
C000
CF00
8F00
0F00
0F00
0F00
1F80
1F80
1980
1980
39C0
3FC0
3FC0
38C0
30C0
70E0
70E0
F9F0
F9F0
ENDCHAR
STARTCHAR A7BB
ENCODING 42939
SWIDTH 583 0
DWIDTH 14 0
BBX 12 18 2 0
BITMAP
0800
0C00
0C00
0800
0000
3F00
7FC0
FBC0
E0E0
00E0
1FE0
7FE0
F8E0
E0E0
E0E0
FBE0
7FF0
3CF0
ENDCHAR
STARTCHAR A7BC
ENCODING 42940
SWIDTH 583 0
DWIDTH 14 0
BBX 13 20 -1 0
BITMAP
8000
C000
DFF8
9FF8
01C0
01C0
01C0
01C0
01C0
01C0
01C0
01C0
01C0
01C0
01C0
01C0
01C0
01C0
1FF8
1FF8
ENDCHAR
STARTCHAR A7BD
ENCODING 42941
SWIDTH 583 0
DWIDTH 14 0
BBX 10 18 2 0
BITMAP
0800
0C00
0C00
0800
0000
FE00
FE00
0E00
0E00
0E00
0E00
0E00
0E00
0E00
0E00
0E00
FFC0
FFC0
ENDCHAR
STARTCHAR A7BE
ENCODING 42942
SWIDTH 583 0
DWIDTH 14 0
BBX 16 20 -2 0
BITMAP
8000
C000
DF1F
9F1F
0E0E
0E0E
0E0E
0E0E
0E0E
0E0E
0E0E
0E0E
0E0E
0E0E
0E0E
0E0E
0E0E
07BC
07FC
01F0
ENDCHAR
STARTCHAR A7BF
ENCODING 42943
SWIDTH 583 0
DWIDTH 14 0
BBX 12 18 1 0
BITMAP
0400
0600
0600
0400
0000
F1E0
F1E0
70E0
70E0
70E0
70E0
70E0
70E0
70E0
70E0
7FE0
3FF0
1EF0
ENDCHAR
STARTCHAR A7C0
ENCODING 42944
SWIDTH 583 0
DWIDTH 14 0
BBX 11 25 2 -4
BITMAP
0E00
0E00
0E00
0E00
3F80
7FC0
F1E0
E0E0
E0E0
E0E0
E0E0
E0E0
E0E0
E0E0
E0E0
E0E0
E0E0
E0E0
F1E0
7FC0
3F80
0E00
0E00
0E00
0E00
ENDCHAR
STARTCHAR A7C1
ENCODING 42945
SWIDTH 583 0
DWIDTH 14 0
BBX 11 20 2 -4
BITMAP
0E00
0E00
0E00
0E00
3F80
7FC0
F1E0
E0E0
E0E0
E0E0
E0E0
E0E0
E0E0
F1E0
7FC0
3F80
0E00
0E00
0E00
0E00
ENDCHAR
STARTCHAR A7C4
ENCODING 42948
SWIDTH 583 0
DWIDTH 14 0
BBX 11 23 2 -5
BITMAP
1F80
7FE0
7FE0
E0E0
E0E0
E000
E000
E000
E000
E000
E000
E000
E000
E0E0
E0E0
FBE0
7FE0
3EE0
00E0
00E0
01C0
03C0
0380
ENDCHAR
STARTCHAR A7C5
ENCODING 42949
SWIDTH 583 0
DWIDTH 14 0
BBX 10 23 2 -5
BITMAP
3DC0
7FC0
FFC0
E1C0
E1C0
E000
F000
7800
3E00
1F00
0780
03C0
01C0
E1C0
E1C0
F3C0
FF80
EF00
E000
E000
F000
7800
3800
ENDCHAR
STARTCHAR A7C6
ENCODING 42950
SWIDTH 583 0
DWIDTH 14 0
BBX 11 23 2 -5
BITMAP
FFE0
FFE0
E1E0
E1C0
03C0
0780
0780
0F00
0F00
1E00
1E00
3C00
3800
7800
70E0
F0E0
FFE0
FFE0
00E0
00E0
03E0
03C0
0380
ENDCHAR
STARTCHAR A7C7
ENCODING 42951
SWIDTH 583 0
DWIDTH 14 0
BBX 11 18 1 0
BITMAP
FF00
FFC0
73C0
70E0
70E0
70E0
70E0
70E0
7FE0
7FE0
70E0
70E0
70E0
70E0
70E0
77C0
FF80
FF00
ENDCHAR
STARTCHAR A7C8
ENCODING 42952
SWIDTH 583 0
DWIDTH 14 0
BBX 11 18 2 0
BITMAP
03C0
03C0
01C0
01C0
01C0
3DC0
7FC0
FFC0
E1C0
E1C0
E1C0
FFC0
FFC0
E1C0
E1C0
FFC0
7FE0
3DE0
ENDCHAR
STARTCHAR A7C9
ENCODING 42953
SWIDTH 583 0
DWIDTH 14 0
BBX 12 18 1 0
BITMAP
1EE0
3FE0
7FE0
70E0
70E0
7000
7800
3C00
FFF0
FFF0
03C0
01E0
00E0
70E0
70E0
7FE0
7FC0
7780
ENDCHAR
STARTCHAR A7CA
ENCODING 42954
SWIDTH 583 0
DWIDTH 14 0
BBX 12 13 1 0
BITMAP
1EE0
3FE0
7DE0
70E0
70E0
FFF0
FFF0
07C0
70E0
70E0
7BE0
7FC0
7780
ENDCHAR
STARTCHAR A7CB
ENCODING 42955
SWIDTH 583 0
DWIDTH 14 0
BBX 10 18 2 0
BITMAP
E1C0
FBC0
DF40
0E00
0E00
0E00
1E00
1F00
1B00
3B80
3B80
3B80
3B80
3B80
3B80
3F00
1F00
0E00
ENDCHAR
STARTCHAR A7CC
ENCODING 42956
SWIDTH 583 0
DWIDTH 14 0
BBX 10 22 2 -2
BITMAP
0080
0180
3DC0
7FC0
FFC0
E3C0
E3C0
E600
F600
7C00
3E00
1F00
0F80
1BC0
19C0
F1C0
F1C0
FFC0
FF80
EF00
6000
4000
ENDCHAR
STARTCHAR A7CD
ENCODING 42957
SWIDTH 583 0
DWIDTH 14 0
BBX 10 15 2 -1
BITMAP
0180
3DC0
7FC0
FBC0
E7C0
E7C0
7C00
3F00
0F80
F9C0
F1C0
F7C0
FF80
EF00
4000
ENDCHAR
STARTCHAR A7CE
ENCODING 42958
SWIDTH 583 0
DWIDTH 14 0
BBX 11 18 2 0
BITMAP
1F00
7F80
7FC0
E1C0
E0E0
E000
E000
F000
7000
3800
1C00
1C00
0E00
0E00
0E00
0E00
3F80
3F80
ENDCHAR
STARTCHAR A7CF
ENCODING 42959
SWIDTH 583 0
DWIDTH 14 0
BBX 11 13 2 0
BITMAP
3F00
7FC0
FBC0
E0E0
E000
F000
7800
3C00
1C00
1E00
0E00
3F80
3F80
ENDCHAR
STARTCHAR A7DA
ENCODING 42970
SWIDTH 583 0
DWIDTH 14 0
BBX 12 18 1 0
BITMAP
1FC0
1FC0
0700
0700
0700
0700
0700
0700
0700
0F80
0F80
1F80
1DC0
39C0
38E0
38E0
F9F0
F9F0
ENDCHAR
STARTCHAR A7DB
ENCODING 42971
SWIDTH 583 0
DWIDTH 14 0
BBX 12 18 1 0
BITMAP
7800
7C00
3C00
0E00
0E00
0600
0F00
0F00
0F00
1F80
1F80
1980
39C0
39C0
39C0
70E0
F9F0
F9F0
ENDCHAR
STARTCHAR A7DC
ENCODING 42972
SWIDTH 583 0
DWIDTH 14 0
BBX 12 18 1 0
BITMAP
1FC0
1FC0
0700
0700
1FC0
1FC0
0700
0700
0700
0F80
0F80
1F80
1DC0
19C0
38E0
38E0
F9F0
F9F0
ENDCHAR
STARTCHAR A7F1
ENCODING 42993
SWIDTH 583 0
DWIDTH 14 0
BBX 8 13 3 8
BITMAP
7B
FF
C3
C0
E0
78
3C
1E
07
03
C3
FF
DE
ENDCHAR
STARTCHAR A7F2
ENCODING 42994
SWIDTH 583 0
DWIDTH 14 0
BBX 8 13 3 8
BITMAP
3E
7F
FF
C3
C0
C0
C0
C0
C0
C3
FF
7E
3C
ENDCHAR
STARTCHAR A7F3
ENCODING 42995
SWIDTH 583 0
DWIDTH 14 0
BBX 8 13 3 8
BITMAP
FF
FF
63
63
60
7C
7C
60
60
60
60
F0
F0
ENDCHAR
STARTCHAR A7F4
ENCODING 42996
SWIDTH 583 0
DWIDTH 14 0
BBX 9 14 3 7
BITMAP
3C00
7F00
FF00
C300
C300
C300
C300
C300
DB00
CF00
E700
7F00
3F00
0180
ENDCHAR
STARTCHAR A7F5
ENCODING 42997
SWIDTH 583 0
DWIDTH 14 0
BBX 9 18 3 0
BITMAP
1F80
1F80
0700
0700
0700
0700
0700
E700
FF00
FF00
E700
0700
0700
0700
0700
0700
1F80
1F80
ENDCHAR
STARTCHAR A7F6
ENCODING 42998
SWIDTH 583 0
DWIDTH 14 0
BBX 9 13 3 0
BITMAP
1F80
1F80
0700
0700
E700
FF00
FF00
E700
0700
0700
0700
1F80
1F80
ENDCHAR
STARTCHAR A7F7
ENCODING 42999
SWIDTH 583 0
DWIDTH 14 0
BBX 13 9 1 2
BITMAP
E038
E038
E038
E038
FFF8
FFF8
E038
E038
E038
ENDCHAR
STARTCHAR A7F8
ENCODING 43000
SWIDTH 583 0
DWIDTH 14 0
BBX 9 9 3 8
BITMAP
F780
F780
FF80
7F80
7F80
6180
6180
F780
F780
ENDCHAR
STARTCHAR A7F9
ENCODING 43001
SWIDTH 583 0
DWIDTH 14 0
BBX 8 9 3 8
BITMAP
6E
FF
DB
DF
DF
D8
DB
FF
6E
ENDCHAR
STARTCHAR A7FA
ENCODING 43002
SWIDTH 583 0
DWIDTH 14 0
BBX 14 13 1 0
BITMAP
F73C
F73C
7738
7738
7738
7738
7738
7738
7738
7738
7738
FFFC
FFFC
ENDCHAR
STARTCHAR A7FB
ENCODING 43003
SWIDTH 583 0
DWIDTH 14 0
BBX 10 18 2 0
BITMAP
FFC0
FFC0
E380
E380
0380
0380
0380
0380
1F80
1F80
0380
0380
0380
0380
0380
0380
0FC0
0FC0
ENDCHAR
STARTCHAR A7FC
ENCODING 43004
SWIDTH 583 0
DWIDTH 14 0
BBX 11 18 2 0
BITMAP
1FE0
7FE0
79C0
E1C0
E1C0
E1C0
E1C0
E1C0
79C0
7FC0
1FC0
01C0
01C0
01C0
01C0
01C0
07E0
07E0
ENDCHAR
STARTCHAR A7FD
ENCODING 43005
SWIDTH 583 0
DWIDTH 14 0
BBX 13 18 1 0
BITMAP
F078
F078
7038
7038
7038
7738
7738
7738
77B8
7DB8
7DB8
7DF8
78F8
78F8
78F8
7878
F078
F078
ENDCHAR
STARTCHAR A7FE
ENCODING 43006
SWIDTH 583 0
DWIDTH 14 0
BBX 10 23 2 0
BITMAP
FFC0
FFC0
1C00
1C00
1C00
1C00
1C00
1C00
1C00
1C00
1C00
1C00
1C00
1C00
1C00
1C00
1C00
1C00
1C00
1C00
1C00
FFC0
FFC0
ENDCHAR
STARTCHAR A7FF
ENCODING 43007
SWIDTH 583 0
DWIDTH 14 0
BBX 15 18 0 0
BITMAP
19DE
1DDE
1DCC
1DDC
1DDC
1DD8
3DD8
3DD8
3DD8
3778
3778
3778
3770
7770
7770
6770
F770
F730
ENDCHAR
STARTCHAR A92E
ENCODING 43310
SWIDTH 583 0
DWIDTH 14 0
BBX 10 5 2 4
BITMAP
0400
3F00
7F80
E1C0
60C0
ENDCHAR
STARTCHAR AB30
ENCODING 43824
SWIDTH 583 0
DWIDTH 14 0
BBX 13 13 1 0
BITMAP
1E78
3FF8
3FF0
78F0
7070
7070
FFF8
FFF8
7070
7070
7DF0
3FF8
1E78
ENDCHAR
STARTCHAR AB31
ENCODING 43825
SWIDTH 583 0
DWIDTH 14 0
BBX 13 13 1 0
BITMAP
39E0
7FF0
FFF8
E738
0700
3FF8
7FF8
F738
E738
E738
FFF8
FFF0
79E0
ENDCHAR
STARTCHAR AB32
ENCODING 43826
SWIDTH 583 0
DWIDTH 14 0
BBX 11 13 2 0
BITMAP
0600
1F00
7F80
C3C0
C1C0
C380
CE00
F800
E000
F060
7DC0
7F80
1C00
ENDCHAR
STARTCHAR AB33
ENCODING 43827
SWIDTH 583 0
DWIDTH 14 0
BBX 13 13 1 0
BITMAP
0F80
3FE0
3DE0
7070
7070
7FF0
7FF0
7000
FFF8
7870
3DE0
1FE0
0F80
ENDCHAR
STARTCHAR AB35
ENCODING 43829
SWIDTH 583 0
DWIDTH 14 0
BBX 11 18 2 0
BITMAP
0780
0FC0
1FC0
1CE0
1C00
1C00
FFC0
FFC0
1C00
1C00
1C00
1C00
1C00
1C00
1C00
1C00
1C00
1C00
ENDCHAR
STARTCHAR AB36
ENCODING 43830
SWIDTH 583 0
DWIDTH 14 0
BBX 12 18 2 -5
BITMAP
3DE0
7FE0
FFC0
E1C0
E1C0
E1C0
E1C0
E1C0
E1C0
F3C0
7FC0
3DC0
3DC0
7FC0
E3C0
F7E0
FF70
3E20
ENDCHAR
STARTCHAR AB37
ENCODING 43831
SWIDTH 583 0
DWIDTH 14 0
BBX 12 18 1 0
BITMAP
7F00
7F00
0700
0760
0770
0770
0730
0770
7FF0
FFE0
C700
E700
E700
6700
0700
0700
7FE0
7FE0
ENDCHAR
STARTCHAR AB38
ENCODING 43832
SWIDTH 583 0
DWIDTH 14 0
BBX 10 18 2 0
BITMAP
FE00
FE00
0E00
0E00
0E00
3E80
7FC0
EF80
1F80
7FC0
6F80
0F00
0E00
0E00
0E00
0E00
FFC0
FFC0
ENDCHAR
STARTCHAR AB39
ENCODING 43833
SWIDTH 583 0
DWIDTH 14 0
BBX 10 18 2 0
BITMAP
FE00
FE00
0E00
0E00
0E00
1E00
3F00
6F80
6F80
6F80
6F80
3F00
1E00
0E00
0E00
0E00
FFC0
FFC0
ENDCHAR
STARTCHAR AB3A
ENCODING 43834
SWIDTH 583 0
DWIDTH 14 0
BBX 14 13 1 0
BITMAP
EE70
FFF8
7FB8
6318
6318
6318
6318
637C
63FC
6398
6398
E3F8
E3F0
ENDCHAR
STARTCHAR AB3B
ENCODING 43835
SWIDTH 583 0
DWIDTH 14 0
BBX 13 13 1 0
BITMAP
F3C0
F7E0
7DE0
70F0
7070
7070
7070
73F8
73F8
7770
77F0
FBF0
F9E0
ENDCHAR
STARTCHAR AB3C
ENCODING 43836
SWIDTH 583 0
DWIDTH 14 0
BBX 13 18 1 -5
BITMAP
F780
FFC0
7FE0
70E0
70E0
70E0
70E0
70E0
70E0
70E0
70E0
F8E0
FFE0
07E0
0EE0
0FF0
07F8
0380
ENDCHAR
STARTCHAR AB3D
ENCODING 43837
SWIDTH 583 0
DWIDTH 14 0
BBX 11 13 2 0
BITMAP
0700
1F80
7FC0
C1C0
C1C0
C0E0
C0C0
C0C0
C0C0
F080
FB00
7E00
1800
ENDCHAR
STARTCHAR AB3E
ENCODING 43838
SWIDTH 583 0
DWIDTH 14 0
BBX 11 15 2 -1
BITMAP
00C0
0780
1F80
7FC0
C3C0
C7C0
C6E0
CCC0
CCC0
D8C0
F880
FB00
7E00
7800
6000
ENDCHAR
STARTCHAR AB3F
ENCODING 43839
SWIDTH 583 0
DWIDTH 14 0
BBX 11 15 2 -1
BITMAP
0040
1FE0
3FC0
7FC0
73E0
E3E0
06E0
0EE0
0CE0
FCE0
F8E0
FBC0
FFC0
EF80
6000
ENDCHAR
STARTCHAR AB40
ENCODING 43840
SWIDTH 583 0
DWIDTH 14 0
BBX 13 13 1 0
BITMAP
79E0
FFF0
FFF8
E738
E700
E7F8
E7F8
E738
E738
E738
FFF8
FFF0
79E0
ENDCHAR
STARTCHAR AB41
ENCODING 43841
SWIDTH 583 0
DWIDTH 14 0
BBX 13 15 1 -1
BITMAP
0010
3CF8
7FF0
FFF8
E778
0778
FFF8
FFF8
E7B8
E7B8
E7B8
FFF8
7FF0
3EE0
0200
ENDCHAR
STARTCHAR AB42
ENCODING 43842
SWIDTH 583 0
DWIDTH 14 0
BBX 12 13 1 0
BITMAP
39E0
7FF0
FFF0
E670
0670
FFF0
FFF0
E670
E670
E670
FFF0
7FF0
39E0
ENDCHAR
STARTCHAR AB43
ENCODING 43843
SWIDTH 583 0
DWIDTH 14 0
BBX 12 13 1 0
BITMAP
33E0
77E0
F770
E770
E770
E770
E770
E770
E770
E770
FF70
FFF0
3DE0
ENDCHAR
STARTCHAR AB44
ENCODING 43844
SWIDTH 583 0
DWIDTH 14 0
BBX 12 15 1 -1
BITMAP
0020
33F0
77E0
F770
E770
E7F0
E7F0
E7F0
E7F0
E7F0
E770
FF70
FFF0
7FE0
0200
ENDCHAR
STARTCHAR AB45
ENCODING 43845
SWIDTH 583 0
DWIDTH 14 0
BBX 11 13 2 0
BITMAP
0E00
0E00
0E00
0E00
0E00
3F80
7FC0
71C0
E0E0
E0E0
E0E0
E0E0
E0E0
ENDCHAR
STARTCHAR AB46
ENCODING 43846
SWIDTH 583 0
DWIDTH 14 0
BBX 13 18 1 -5
BITMAP
FFC0
FFE0
70F0
7070
7070
7070
7FE0
7FE0
7780
7380
7380
F9C0
F9C0
01C0
00E0
00E0
0078
0078
ENDCHAR
STARTCHAR AB47
ENCODING 43847
SWIDTH 583 0
DWIDTH 14 0
BBX 8 13 3 0
BITMAP
7B
7F
3E
38
38
38
38
38
38
38
38
FE
FE
ENDCHAR
STARTCHAR AB49
ENCODING 43849
SWIDTH 583 0
DWIDTH 14 0
BBX 12 13 1 0
BITMAP
7DE0
7FE0
1FF0
1C70
1C00
1C00
1C00
FE00
FE00
DC00
FC00
FC00
7800
ENDCHAR
STARTCHAR AB4B
ENCODING 43851
SWIDTH 583 0
DWIDTH 14 0
BBX 11 13 2 0
BITMAP
FF80
FF80
E380
E380
0380
0380
0380
0380
0380
0380
0380
07E0
07E0
ENDCHAR
STARTCHAR AB4C
ENCODING 43852
SWIDTH 583 0
DWIDTH 14 0
BBX 10 13 2 0
BITMAP
FE00
FE00
CE00
CE00
0E00
0E80
0FC0
0EC0
0EC0
0EC0
0EC0
07C0
0780
ENDCHAR
STARTCHAR AB4D
ENCODING 43853
SWIDTH 583 0
DWIDTH 14 0
BBX 10 18 2 0
BITMAP
03C0
07C0
0780
0E00
0E00
0E00
0E00
0E00
0E00
0E00
0E00
0E00
0E00
0E00
0E00
3C00
FC00
F000
ENDCHAR
STARTCHAR AB4E
ENCODING 43854
SWIDTH 583 0
DWIDTH 14 0
BBX 12 13 1 0
BITMAP
F000
F000
7000
7000
70E0
70E0
70E0
70E0
70E0
70E0
79E0
3FF0
1EF0
ENDCHAR
STARTCHAR AB4F
ENCODING 43855
SWIDTH 583 0
DWIDTH 14 0
BBX 12 13 1 0
BITMAP
F000
F000
7000
7000
70E0
70E0
FFF0
FFF0
70E0
70E0
7FE0
3FF0
1EF0
ENDCHAR
STARTCHAR AB52
ENCODING 43858
SWIDTH 583 0
DWIDTH 14 0
BBX 13 13 1 0
BITMAP
E0F0
F0F0
F070
3870
3870
3870
3870
3870
3870
3870
3FF0
1FF8
0F78
ENDCHAR
STARTCHAR AB53
ENCODING 43859
SWIDTH 583 0
DWIDTH 14 0
BBX 12 18 1 -5
BITMAP
F9F0
F9F0
39C0
39C0
1F80
1F80
0F00
0F00
0600
0600
0F00
0F00
1F80
1F80
39C0
39C0
F9F0
F9F0
ENDCHAR
STARTCHAR AB5B
ENCODING 43867
SWIDTH 583 0
DWIDTH 14 0
BBX 10 13 2 0
BITMAP
E0C0
E0C0
E1C0
7FC0
7F80
1F00
0000
1F00
7F80
7FC0
E1C0
E0C0
E0C0
ENDCHAR
STARTCHAR AB5C
ENCODING 43868
SWIDTH 583 0
DWIDTH 14 0
BBX 9 17 3 4
BITMAP
E000
E000
6000
6000
6F00
7F80
6380
6180
6180
6180
6180
F180
F180
0180
0180
0700
0700
ENDCHAR
STARTCHAR AB5D
ENCODING 43869
SWIDTH 583 0
DWIDTH 14 0
BBX 9 13 3 8
BITMAP
7C00
7C00
0D00
0D80
0D80
0D80
7F80
CC00
CC00
6C00
0C00
7F00
7F00
ENDCHAR
STARTCHAR AB5E
ENCODING 43870
SWIDTH 583 0
DWIDTH 14 0
BBX 7 13 4 8
BITMAP
F8
F8
18
18
18
7A
FE
58
18
18
18
FE
FE
ENDCHAR
STARTCHAR AB5F
ENCODING 43871
SWIDTH 583 0
DWIDTH 14 0
BBX 11 9 1 8
BITMAP
E1C0
F1C0
30C0
30C0
30C0
30C0
39C0
3FE0
1EE0
ENDCHAR
STARTCHAR AB60
ENCODING 43872
SWIDTH 583 0
DWIDTH 14 0
BBX 13 13 1 0
BITMAP
FF80
FF80
7700
7700
7700
77F0
77F8
7738
7738
7738
7778
F7F0
F7E0
ENDCHAR
STARTCHAR AB61
ENCODING 43873
SWIDTH 583 0
DWIDTH 14 0
BBX 13 13 1 0
BITMAP
F1E0
F3F0
77F8
7738
7738
7FF8
7FF8
7700
7700
7738
77F8
F3F0
F1E0
ENDCHAR
STARTCHAR AB62
ENCODING 43874
SWIDTH 583 0
DWIDTH 14 0
BBX 12 13 1 0
BITMAP
3BC0
7FE0
FFF0
EE70
0E70
0FF0
0FF0
0E00
EE00
EE70
FFF0
FFE0
FFC0
ENDCHAR
STARTCHAR AB63
ENCODING 43875
SWIDTH 583 0
DWIDTH 14 0
BBX 13 13 0 0
BITMAP
F1E0
F3F0
77F8
7738
7738
7738
7738
7738
7738
7738
77F8
7FF0
3DE0
ENDCHAR
STARTCHAR AB64
ENCODING 43876
SWIDTH 583 0
DWIDTH 14 0
BBX 11 13 2 0
BITMAP
3DE0
7FE0
FFC0
E1C0
E1C0
E1C0
E1C0
E1C0
E1C0
E1C0
FFC0
7FE0
3DE0
ENDCHAR
STARTCHAR AB65
ENCODING 43877
SWIDTH 583 0
DWIDTH 14 0
BBX 10 13 2 0
BITMAP
1E00
7F80
7F80
E1C0
E1C0
E1C0
E1C0
E1C0
E1C0
7380
7380
F3C0
F3C0
ENDCHAR
STARTCHAR AB66
ENCODING 43878
SWIDTH 583 0
DWIDTH 14 0
BBX 13 23 1 -5
BITMAP
1C00
1C00
0C00
0C00
0C00
6FF0
FFF0
FC70
CC60
CCE0
CCC0
CDC0
CD80
CF80
CF30
FF30
FFF0
6FF0
0030
0030
0038
0038
0018
ENDCHAR
STARTCHAR AB67
ENCODING 43879
SWIDTH 583 0
DWIDTH 14 0
BBX 12 23 1 -5
BITMAP
3000
3000
3000
3000
3000
FFF0
FFF0
33F0
33B0
33B0
31C0
31E0
30F0
3330
3330
3BF0
1FF0
1FE0
0300
0300
0380
01C0
00C0
ENDCHAR
STARTCHAR AB68
ENCODING 43880
SWIDTH 583 0
DWIDTH 14 0
BBX 11 13 2 0
BITMAP
1FC0
1FC0
0700
0700
0700
1F60
1FE0
37C0
0700
C700
FF00
FFC0
77C0
ENDCHAR
STARTCHAR AB69
ENCODING 43881
SWIDTH 583 0
DWIDTH 14 0
BBX 9 9 3 8
BITMAP
3600
3600
7700
7700
7F00
5D00
4900
E380
E380
ENDCHAR
STARTCHAR AB6A
ENCODING 43882
SWIDTH 583 0
DWIDTH 14 0
BBX 6 6 4 4
BITMAP
0C
0C
FC
FC
0C
0C
ENDCHAR
STARTCHAR AB6B
ENCODING 43883
SWIDTH 583 0
DWIDTH 14 0
BBX 6 6 4 4
BITMAP
C0
C0
FC
FC
C0
C0
ENDCHAR
STARTCHAR E0A0
ENCODING 57504
SWIDTH 583 0
DWIDTH 14 0
BBX 12 21 2 -2
BITMAP
C000
C0C0
C1E0
C3F0
C3F0
C3F0
C1E0
C0C0
C0C0
C0C0
C0C0
C0C0
C1C0
C1C0
C380
FF00
FE00
C000
C000
C000
C000
ENDCHAR
STARTCHAR E0A1
ENCODING 57505
SWIDTH 583 0
DWIDTH 14 0
BBX 9 22 3 -3
BITMAP
E000
E000
C000
C000
C000
C000
C000
C600
FE00
FE00
0000
0000
3380
3B80
3980
3D80
3580
3780
3780
3380
3B80
3980
ENDCHAR
STARTCHAR E0A2
ENCODING 57506
SWIDTH 583 0
DWIDTH 14 0
BBX 12 21 1 -2
BITMAP
0F00
3FC0
70E0
70E0
6060
6060
6060
6060
6060
FFF0
FFF0
FFF0
F9F0
F9F0
F9F0
F9F0
F9F0
F9F0
FFF0
FFF0
FFF0
ENDCHAR
STARTCHAR E0A3
ENCODING 57507
SWIDTH 583 0
DWIDTH 14 0
BBX 10 22 3 -3
BITMAP
7C00
FE00
C600
C000
C000
C000
C000
C600
7C00
3800
0000
0000
39C0
39C0
3D80
3D80
3580
3780
3380
3380
3980
3980
ENDCHAR
STARTCHAR E0AE
ENCODING 57518
SWIDTH 583 0
DWIDTH 14 0
BBX 14 2 0 -7
BITMAP
FFFC
FFFC
ENDCHAR
STARTCHAR E0AF
ENCODING 57519
SWIDTH 583 0
DWIDTH 14 0
BBX 14 2 0 21
BITMAP
FFFC
FFFC
ENDCHAR
STARTCHAR E0B0
ENCODING 57520
SWIDTH 583 0
DWIDTH 14 0
BBX 14 29 0 -7
BITMAP
8000
C000
E000
F000
F000
F800
FC00
FE00
FF00
FF80
FFC0
FFE0
FFF0
FFF8
FFFC
FFFC
FFF8
FFF0
FFE0
FFC0
FF80
FF00
FE00
FC00
F800
F000
E000
C000
8000
ENDCHAR
STARTCHAR E0B1
ENCODING 57521
SWIDTH 583 0
DWIDTH 14 0
BBX 16 29 -2 -7
BITMAP
6000
7000
3800
1C00
0C00
0600
0300
0180
00C0
00E0
0070
0038
001C
000E
0007
0007
000E
001C
0038
0070
00E0
01C0
0380
0700
0E00
1C00
3800
7000
E000
ENDCHAR
STARTCHAR E0B2
ENCODING 57522
SWIDTH 583 0
DWIDTH 14 0
BBX 15 30 0 -7
BITMAP
0002
0006
000E
001E
003E
007E
00FE
01FE
03FE
07FE
0FFE
1FFE
3FFE
7FFE
FFFE
7FFE
3FFE
1FFE
1FFE
0FFE
07FE
03FE
01FE
00FE
007E
003E
001E
000E
0006
0002
ENDCHAR
STARTCHAR E0B3
ENCODING 57523
SWIDTH 583 0
DWIDTH 14 0
BBX 16 30 0 -7
BITMAP
0002
0007
000E
001C
0038
0070
00E0
01C0
0380
0700
0E00
1C00
3800
7000
E000
6000
3000
1800
1C00
0E00
0700
0380
01C0
00E0
0070
0038
001C
000E
0007
0002
ENDCHAR
STARTCHAR E0B4
ENCODING 57524
SWIDTH 583 0
DWIDTH 14 0
BBX 15 30 0 -7
BITMAP
F000
FC00
FF00
FF80
FFC0
FFE0
FFF0
FFF8
FFF8
FFFC
FFFC
FFFC
FFFC
FFFC
FFFE
FFFE
FFFC
FFFC
FFFC
FFFC
FFFC
FFF8
FFF8
FFF0
FFE0
FFC0
FF80
FF00
FC00
F000
ENDCHAR
STARTCHAR E0B5
ENCODING 57525
SWIDTH 583 0
DWIDTH 14 0
BBX 14 30 0 -7
BITMAP
E000
FC00
1F00
0380
01C0
00E0
0070
0030
0038
0018
001C
000C
000C
000C
000C
000C
000C
000C
000C
0018
0018
0038
0030
0070
00E0
01C0
0780
1E00
FC00
E000
ENDCHAR
STARTCHAR E0B6
ENCODING 57526
SWIDTH 583 0
DWIDTH 14 0
BBX 15 30 0 -7
BITMAP
001E
00FE
03FE
07FE
0FFE
1FFE
1FFE
3FFE
7FFE
7FFE
7FFE
FFFE
FFFE
FFFE
FFFE
FFFE
FFFE
FFFE
FFFE
7FFE
7FFE
7FFE
3FFE
1FFE
1FFE
0FFE
07FE
03FE
00FE
001E
ENDCHAR
STARTCHAR E0B7
ENCODING 57527
SWIDTH 583 0
DWIDTH 14 0
BBX 15 30 0 -7
BITMAP
001E
00FE
03E0
0700
0E00
1C00
1800
3000
7000
6000
6000
E000
C000
C000
C000
C000
C000
C000
E000
6000
6000
7000
3000
1800
1C00
0E00
0780
01E0
00FE
001E
ENDCHAR
STARTCHAR E0B8
ENCODING 57528
SWIDTH 583 0
DWIDTH 14 0
BBX 14 30 0 -7
BITMAP
8000
8000
8000
C000
C000
E000
E000
F000
F000
F800
F800
FC00
FC00
FE00
FE00
FF00
FF00
FF00
FF80
FF80
FFC0
FFC0
FFE0
FFE0
FFF0
FFF0
FFF8
FFF8
FFFC
FFFC
ENDCHAR
STARTCHAR E0B9
ENCODING 57529
SWIDTH 583 0
DWIDTH 14 0
BBX 16 31 -2 -8
BITMAP
C000
E000
6000
7000
3000
3800
1800
1C00
0C00
0E00
0600
0700
0300
0380
0180
01C0
00C0
00C0
0060
0060
0030
0030
0018
0018
001C
000C
000E
0006
0007
0003
0002
ENDCHAR
STARTCHAR E0BA
ENCODING 57530
SWIDTH 583 0
DWIDTH 14 0
BBX 15 30 0 -7
BITMAP
0002
0002
0006
0006
000E
000E
001E
001E
003E
003E
007E
007E
00FE
00FE
01FE
01FE
03FE
03FE
03FE
07FE
07FE
0FFE
0FFE
1FFE
1FFE
3FFE
3FFE
7FFE
7FFE
FFFE
ENDCHAR
STARTCHAR E0BB
ENCODING 57531
SWIDTH 583 0
DWIDTH 14 0
BBX 16 31 -2 -7
BITMAP
0003
0003
0007
0006
000E
000C
001C
0018
0038
0030
0070
0060
00E0
00C0
01C0
0180
0180
0300
0300
0600
0600
0E00
0C00
1C00
1800
3800
3000
7000
6000
E000
4000
ENDCHAR
STARTCHAR E0BC
ENCODING 57532
SWIDTH 583 0
DWIDTH 14 0
BBX 14 29 0 -7
BITMAP
FFFC
FFFC
FFF8
FFF8
FFF0
FFF0
FFE0
FFE0
FFC0
FFC0
FF80
FF80
FF00
FF00
FE00
FE00
FC00
FC00
F800
F800
F000
F000
E000
E000
C000
C000
8000
8000
8000
ENDCHAR
STARTCHAR E0BD
ENCODING 57533
SWIDTH 583 0
DWIDTH 14 0
BBX 16 30 0 -8
BITMAP
0003
0003
0006
0006
000E
000C
001C
0018
0038
0030
0070
0060
00E0
00C0
01C0
0180
0380
0300
0700
0600
0E00
0C00
0C00
1800
1800
3000
3000
6000
6000
E000
ENDCHAR
STARTCHAR E0BE
ENCODING 57534
SWIDTH 583 0
DWIDTH 14 0
BBX 15 30 0 -7
BITMAP
FFFE
7FFE
7FFE
3FFE
3FFE
1FFE
1FFE
0FFE
0FFE
07FE
07FE
03FE
03FE
01FE
01FE
00FE
00FE
00FE
007E
007E
003E
003E
001E
001E
000E
000E
0006
0006
0002
0002
ENDCHAR
STARTCHAR E0BF
ENCODING 57535
SWIDTH 583 0
DWIDTH 14 0
BBX 16 31 0 -7
BITMAP
4000
E000
6000
7000
3000
3800
1800
1C00
0C00
0E00
0600
0600
0300
0300
0180
0180
00C0
00C0
00E0
0060
0070
0030
0038
0018
001C
000C
000E
0006
0007
0003
0002
ENDCHAR
STARTCHAR EE00
ENCODING 60928
SWIDTH 583 0
DWIDTH 14 0
BBX 10 16 4 0
BITMAP
FFC0
FFC0
C000
C000
C000
C000
C000
C000
C000
C000
C000
C000
C000
C000
FFC0
FFC0
ENDCHAR
STARTCHAR EE01
ENCODING 60929
SWIDTH 583 0
DWIDTH 14 0
BBX 15 16 0 0
BITMAP
FFFE
FFFE
0000
0000
0000
0000
0000
0000
0000
0000
0000
0000
0000
0000
FFFE
FFFE
ENDCHAR
STARTCHAR EE02
ENCODING 60930
SWIDTH 583 0
DWIDTH 14 0
BBX 10 16 0 0
BITMAP
FFC0
FFC0
00C0
00C0
00C0
00C0
00C0
00C0
00C0
00C0
00C0
00C0
00C0
00C0
FFC0
FFC0
ENDCHAR
STARTCHAR EE03
ENCODING 60931
SWIDTH 583 0
DWIDTH 14 0
BBX 10 16 4 0
BITMAP
FFC0
FFC0
C000
CFC0
CFC0
CFC0
CFC0
CFC0
CFC0
CFC0
CFC0
CFC0
CFC0
C000
FFC0
FFC0
ENDCHAR
STARTCHAR EE04
ENCODING 60932
SWIDTH 583 0
DWIDTH 14 0
BBX 15 16 0 0
BITMAP
FFFE
FFFE
0000
FFFE
FFFE
FFFE
FFFE
FFFE
FFFE
FFFE
FFFE
FFFE
FFFE
0000
FFFE
FFFE
ENDCHAR
STARTCHAR EE05
ENCODING 60933
SWIDTH 583 0
DWIDTH 14 0
BBX 10 16 0 0
BITMAP
FFC0
FFC0
00C0
FCC0
FCC0
FCC0
FCC0
FCC0
FCC0
FCC0
FCC0
FCC0
FCC0
00C0
FFC0
FFC0
ENDCHAR
STARTCHAR EE06
ENCODING 60934
SWIDTH 583 0
DWIDTH 14 0
BBX 5 2 5 12
BITMAP
F8
F8
ENDCHAR
STARTCHAR EE07
ENCODING 60935
SWIDTH 583 0
DWIDTH 14 0
BBX 6 8 7 5
BITMAP
C0
F0
38
18
0C
0C
0C
0C
ENDCHAR
STARTCHAR EE08
ENCODING 60936
SWIDTH 583 0
DWIDTH 14 0
BBX 7 9 6 2
BITMAP
04
06
06
06
06
0C
1C
F8
E0
ENDCHAR
STARTCHAR EE09
ENCODING 60937
SWIDTH 583 0
DWIDTH 14 0
BBX 12 6 1 2
BITMAP
C030
C030
6060
70E0
3FC0
0F00
ENDCHAR
STARTCHAR EE0A
ENCODING 60938
SWIDTH 583 0
DWIDTH 14 0
BBX 8 9 1 2
BITMAP
40
C0
C0
C0
C0
60
70
3E
0F
ENDCHAR
STARTCHAR EE0B
ENCODING 60939
SWIDTH 583 0
DWIDTH 14 0
BBX 6 9 1 5
BITMAP
0C
3C
70
60
C0
C0
C0
C0
40
ENDCHAR
STARTCHAR F880
ENCODING 63616
SWIDTH 583 0
DWIDTH 14 0
BBX 10 18 2 0
BITMAP
FFC0
C440
88C0
9140
A240
C4C0
8940
9240
A240
C4C0
8940
9240
A440
C8C0
8940
9240
A440
FFC0
ENDCHAR
STARTCHAR F881
ENCODING 63617
SWIDTH 583 0
DWIDTH 14 0
BBX 11 10 2 3
BITMAP
2100
1700
1D00
1D00
E0C0
7FA0
3B80
1F00
3300
2100
ENDCHAR
STARTCHAR F882
ENCODING 63618
SWIDTH 583 0
DWIDTH 14 0
BBX 13 23 0 0
BITMAP
0C18
1C18
1830
1020
0000
0000
FEF8
FEF8
3818
3818
3818
3818
3818
3818
3818
3818
3818
3818
3998
3998
39F8
FEF0
FEF0
ENDCHAR
STARTCHAR F883
ENCODING 63619
SWIDTH 583 0
DWIDTH 14 0
BBX 13 23 0 -5
BITMAP
0C08
1818
1830
1030
0000
0000
78F8
78F8
3838
3838
3838
3838
3838
3838
3838
3838
FE38
FE38
0038
0338
0338
03F0
01F0
ENDCHAR
STARTCHAR F891
ENCODING 63633
SWIDTH 0 0
DWIDTH 0 0
BBX 7 7 -11 14
BITMAP
38
7C
D6
FE
38
10
30
ENDCHAR
STARTCHAR F892
ENCODING 63634
SWIDTH 0 0
DWIDTH 0 0
BBX 7 7 -11 14
BITMAP
38
7C
D6
FE
38
10
18
ENDCHAR
STARTCHAR F896
ENCODING 63638
SWIDTH 0 0
DWIDTH 0 0
BBX 3 28 -3 -5
BITMAP
20
60
80
00
00
00
00
00
00
00
00
00
00
00
00
00
00
00
00
00
00
00
00
00
00
E0
60
20
ENDCHAR
STARTCHAR F897
ENCODING 63639
SWIDTH 0 0
DWIDTH 0 0
BBX 3 28 0 -5
BITMAP
80
C0
20
00
00
00
00
00
00
00
00
00
00
00
00
00
00
00
00
00
00
00
00
00
00
E0
C0
80
ENDCHAR
STARTCHAR F898
ENCODING 63640
SWIDTH 0 0
DWIDTH 0 0
BBX 3 35 -3 -10
BITMAP
20
60
E0
00
00
00
00
00
00
00
00
00
00
00
00
00
00
00
00
00
00
00
00
00
00
00
00
00
00
00
00
00
00
E0
20
ENDCHAR
STARTCHAR F899
ENCODING 63641
SWIDTH 0 0
DWIDTH 0 0
BBX 3 35 0 -10
BITMAP
80
C0
E0
00
00
00
00
00
00
00
00
00
00
00
00
00
00
00
00
00
00
00
00
00
00
00
00
00
00
00
00
00
00
E0
80
ENDCHAR
STARTCHAR F89A
ENCODING 63642
SWIDTH 0 0
DWIDTH 0 0
BBX 58 1 -29 0
BITMAP
FFFFFFFFFFFFFFC0
ENDCHAR
STARTCHAR F89B
ENCODING 63643
SWIDTH 0 0
DWIDTH 0 0
BBX 3 6 -3 -3
BITMAP
80
C0
E0
E0
C0
80
ENDCHAR
STARTCHAR F89C
ENCODING 63644
SWIDTH 0 0
DWIDTH 0 0
BBX 3 6 0 -3
BITMAP
20
60
E0
E0
60
20
ENDCHAR
STARTCHAR F89D
ENCODING 63645
SWIDTH 583 0
DWIDTH 14 0
BBX 0 0 0 0
BITMAP
ENDCHAR
STARTCHAR F89E
ENCODING 63646
SWIDTH 583 0
DWIDTH 14 0
BBX 0 0 0 0
BITMAP
ENDCHAR
STARTCHAR F89F
ENCODING 63647
SWIDTH 583 0
DWIDTH 14 0
BBX 15 30 0 -7
BITMAP
0100
0100
0100
FF00
0100
01FE
0100
0100
0100
0100
01FE
0100
0100
0100
0100
7F00
0100
0100
0100
0100
0100
0100
0100
01FC
0100
0100
FF00
0100
01FE
0100
ENDCHAR
STARTCHAR FB00
ENCODING 64256
SWIDTH 583 0
DWIDTH 14 0
BBX 12 18 2 0
BITMAP
18E0
3DE0
3DF0
3DF0
3180
3180
FFE0
FFE0
3180
3180
3180
3180
3180
3180
3180
3180
FFC0
FFC0
ENDCHAR
STARTCHAR FB01
ENCODING 64257
SWIDTH 583 0
DWIDTH 14 0
BBX 12 18 1 0
BITMAP
0780
0F80
1E00
1800
1800
FFC0
FFC0
18C0
18C0
18C0
18C0
18C0
18C0
18C0
18C0
18C0
7FF0
7FF0
ENDCHAR
STARTCHAR FB02
ENCODING 64258
SWIDTH 583 0
DWIDTH 14 0
BBX 12 18 1 0
BITMAP
1FC0
1FC0
38C0
30C0
30C0
30C0
FEC0
FEC0
30C0
30C0
30C0
30C0
30C0
30C0
30C0
30C0
7FF0
7FF0
ENDCHAR
STARTCHAR FB03
ENCODING 64259
SWIDTH 583 0
DWIDTH 14 0
BBX 12 18 1 0
BITMAP
3DC0
3FC0
7780
6600
6600
FFE0
FFE0
6660
6660
6660
6660
6660
6660
6660
6660
6660
FFF0
FFF0
ENDCHAR
STARTCHAR FB04
ENCODING 64260
SWIDTH 583 0
DWIDTH 14 0
BBX 12 18 1 0
BITMAP
3FE0
3FE0
7760
6660
6660
6660
FFE0
FFE0
6660
6660
6660
6660
6660
6660
6660
6660
FFF0
FFF0
ENDCHAR
STARTCHAR FB05
ENCODING 64261
SWIDTH 583 0
DWIDTH 14 0
BBX 11 18 2 0
BITMAP
1F80
3F80
7180
6180
6180
63E0
63E0
6180
6180
6180
6180
6180
6180
61A0
61A0
F9E0
F9E0
F8C0
ENDCHAR
STARTCHAR FB06
ENCODING 64262
SWIDTH 583 0
DWIDTH 14 0
BBX 12 18 2 0
BITMAP
0F80
1F80
1D80
1980
1980
7FE0
FFE0
FD80
ED80
E180
F180
7980
3D80
CDB0
CDB0
FDF0
FDF0
F8E0
ENDCHAR
STARTCHAR FB29
ENCODING 64297
SWIDTH 583 0
DWIDTH 14 0
BBX 10 6 2 7
BITMAP
0E00
0E00
0E00
0E00
FFC0
FFC0
ENDCHAR
STARTCHAR FEFF
ENCODING 65279
SWIDTH 0 0
DWIDTH 0 0
BBX 0 0 0 0
BITMAP
ENDCHAR
STARTCHAR FFFC
ENCODING 65532
SWIDTH 583 0
DWIDTH 14 0
BBX 11 20 2 -2
BITMAP
DB60
8020
8020
8020
0000
2480
B6A0
D6A0
D6A0
D6A0
5680
D6A0
D6A0
B7A0
2480
0000
8020
8020
8020
DB60
ENDCHAR
STARTCHAR FFFD
ENCODING 65533
SWIDTH 583 0
DWIDTH 14 0
BBX 12 19 1 -2
BITMAP
0200
0600
0700
0F00
1F80
10C0
2640
3E60
7E60
F8F0
79F0
7FE0
39C0
19C0
1F80
0F80
0F00
0600
0200
ENDCHAR
ENDFONT
