STARTFONT 2.1
COMMENT
COMMENT Converted from OpenType font "IosevkaCustomNerdFont-Regular.ttf" by "otf2bdf 3.0".
COMMENT
FONT -FreeType-IosevkaCustom Nerd Font-Medium-R-Normal--16-160-72-72-C-89-ISO10646-1
SIZE 16 72 72
FONTBOUNDINGBOX 38 30 -19 -9
STARTPROPERTIES 19
FOUNDRY "FreeType"
FAMILY_NAME "IosevkaCustom Nerd Font"
WEIGHT_NAME "Medium"
SLANT "R"
SETWIDTH_NAME "Normal"
ADD_STYLE_NAME ""
PIXEL_SIZE 16
POINT_SIZE 160
RESOLUTION_X 72
RESOLUTION_Y 72
SPACING "C"
AVERAGE_WIDTH 89
CHARSET_REGISTRY "ISO10646"
CHARSET_ENCODING "1"
FONT_ASCENT 15
FONT_DESCENT 4
COPYRIGHT "Copyright 2015-2026, Renzhi Li (aka. Belleve Invis, belleve@typeof.net)."
_OTF_FONTFILE "IosevkaCustomNerdFont-Regular.ttf"
_OTF_PSNAME "IosevkaCustomNF"
ENDPROPERTIES
CHARS 5721
STARTCHAR 000D
ENCODING 13
SWIDTH 0 0
DWIDTH 0 0
BBX 0 0 0 0
BITMAP
ENDCHAR
STARTCHAR 0020
ENCODING 32
SWIDTH 625 0
DWIDTH 10 0
BBX 0 0 0 0
BITMAP
ENDCHAR
STARTCHAR 0021
ENCODING 33
SWIDTH 562 0
DWIDTH 9 0
BBX 2 13 4 0
BITMAP
80
80
80
80
80
80
80
80
00
00
00
C0
C0
ENDCHAR
STARTCHAR 0022
ENCODING 34
SWIDTH 562 0
DWIDTH 9 0
BBX 5 6 2 8
BITMAP
88
88
88
88
88
88
ENDCHAR
STARTCHAR 0023
ENCODING 35
SWIDTH 687 0
DWIDTH 11 0
BBX 9 13 1 0
BITMAP
1900
1300
1300
1300
7F80
3200
3200
2600
2600
FF00
2400
6400
4C00
ENDCHAR
STARTCHAR 0024
ENCODING 36
SWIDTH 687 0
DWIDTH 11 0
BBX 7 17 2 -2
BITMAP
10
10
10
7A
D6
92
90
F0
38
1C
12
92
D6
BC
10
10
10
ENDCHAR
STARTCHAR 0025
ENCODING 37
SWIDTH 625 0
DWIDTH 10 0
BBX 8 13 1 0
BITMAP
E3
92
96
94
9C
F8
18
17
39
29
69
49
C7
ENDCHAR
STARTCHAR 0026
ENCODING 38
SWIDTH 625 0
DWIDTH 10 0
BBX 7 13 2 0
BITMAP
78
CC
84
80
80
C4
7E
C4
84
84
84
CC
74
ENDCHAR
STARTCHAR 0027
ENCODING 39
SWIDTH 562 0
DWIDTH 9 0
BBX 1 6 4 8
BITMAP
80
80
80
80
80
80
ENDCHAR
STARTCHAR 0028
ENCODING 40
SWIDTH 562 0
DWIDTH 9 0
BBX 5 17 2 -3
BITMAP
38
60
C0
80
80
80
80
80
80
80
80
80
80
80
C0
60
38
ENDCHAR
STARTCHAR 0029
ENCODING 41
SWIDTH 625 0
DWIDTH 10 0
BBX 5 17 3 -3
BITMAP
C0
70
10
18
08
08
08
08
08
08
08
08
08
18
10
30
E0
ENDCHAR
STARTCHAR 002A
ENCODING 42
SWIDTH 562 0
DWIDTH 9 0
BBX 7 8 1 5
BITMAP
10
12
D6
78
78
D6
12
10
ENDCHAR
STARTCHAR 002B
ENCODING 43
SWIDTH 687 0
DWIDTH 11 0
BBX 7 7 2 2
BITMAP
10
10
10
FE
10
10
10
ENDCHAR
STARTCHAR 002C
ENCODING 44
SWIDTH 625 0
DWIDTH 10 0
BBX 3 6 4 -4
BITMAP
C0
E0
E0
60
40
C0
ENDCHAR
STARTCHAR 002D
ENCODING 45
SWIDTH 687 0
DWIDTH 11 0
BBX 7 1 2 5
BITMAP
FE
ENDCHAR
STARTCHAR 002E
ENCODING 46
SWIDTH 625 0
DWIDTH 10 0
BBX 3 3 4 0
BITMAP
C0
E0
E0
ENDCHAR
STARTCHAR 002F
ENCODING 47
SWIDTH 625 0
DWIDTH 10 0
BBX 6 17 2 -2
BITMAP
04
0C
0C
08
18
18
10
10
30
20
20
60
40
40
C0
80
80
ENDCHAR
STARTCHAR 0030
ENCODING 48
SWIDTH 625 0
DWIDTH 10 0
BBX 6 13 2 0
BITMAP
78
CC
84
84
8C
94
A4
A4
C4
84
84
CC
78
ENDCHAR
STARTCHAR 0031
ENCODING 49
SWIDTH 625 0
DWIDTH 10 0
BBX 6 13 2 0
BITMAP
30
70
D0
10
10
10
10
10
10
10
10
10
FC
ENDCHAR
STARTCHAR 0032
ENCODING 50
SWIDTH 625 0
DWIDTH 10 0
BBX 7 13 1 0
BITMAP
3C
66
C2
02
02
06
0C
38
60
40
C0
C2
FE
ENDCHAR
STARTCHAR 0033
ENCODING 51
SWIDTH 625 0
DWIDTH 10 0
BBX 7 13 2 0
BITMAP
FE
84
0C
18
30
38
04
06
02
02
86
CC
78
ENDCHAR
STARTCHAR 0034
ENCODING 52
SWIDTH 625 0
DWIDTH 10 0
BBX 7 13 1 0
BITMAP
0C
0C
1C
14
34
24
64
44
C4
FE
04
04
1E
ENDCHAR
STARTCHAR 0035
ENCODING 53
SWIDTH 625 0
DWIDTH 10 0
BBX 6 13 2 0
BITMAP
FC
84
84
80
80
80
F8
0C
04
04
04
0C
F8
ENDCHAR
STARTCHAR 0036
ENCODING 54
SWIDTH 625 0
DWIDTH 10 0
BBX 6 13 2 0
BITMAP
78
CC
84
80
80
B8
CC
84
84
84
84
CC
78
ENDCHAR
STARTCHAR 0037
ENCODING 55
SWIDTH 625 0
DWIDTH 10 0
BBX 6 13 2 0
BITMAP
FC
84
04
0C
08
08
18
10
10
30
20
20
60
ENDCHAR
STARTCHAR 0038
ENCODING 56
SWIDTH 625 0
DWIDTH 10 0
BBX 6 13 2 0
BITMAP
78
CC
84
84
84
CC
78
C8
84
84
84
CC
78
ENDCHAR
STARTCHAR 0039
ENCODING 57
SWIDTH 625 0
DWIDTH 10 0
BBX 6 13 2 0
BITMAP
78
CC
84
84
84
84
CC
74
04
04
84
CC
78
ENDCHAR
STARTCHAR 003A
ENCODING 58
SWIDTH 625 0
DWIDTH 10 0
BBX 3 9 4 0
BITMAP
E0
E0
C0
00
00
00
C0
E0
E0
ENDCHAR
STARTCHAR 003B
ENCODING 59
SWIDTH 625 0
DWIDTH 10 0
BBX 3 12 4 -4
BITMAP
E0
E0
C0
00
00
00
C0
E0
E0
60
40
C0
ENDCHAR
STARTCHAR 003C
ENCODING 60
SWIDTH 625 0
DWIDTH 10 0
BBX 7 9 2 2
BITMAP
06
18
30
C0
C0
60
38
0C
06
ENDCHAR
STARTCHAR 003D
ENCODING 61
SWIDTH 687 0
DWIDTH 11 0
BBX 7 4 2 4
BITMAP
FE
00
00
FE
ENDCHAR
STARTCHAR 003E
ENCODING 62
SWIDTH 625 0
DWIDTH 10 0
BBX 7 9 1 2
BITMAP
C0
30
18
06
06
0C
38
60
C0
ENDCHAR
STARTCHAR 003F
ENCODING 63
SWIDTH 562 0
DWIDTH 9 0
BBX 7 13 1 0
BITMAP
7C
66
C2
02
02
06
1C
10
10
00
00
18
18
ENDCHAR
STARTCHAR 0040
ENCODING 64
SWIDTH 625 0
DWIDTH 10 0
BBX 8 14 1 -1
BITMAP
7C
C7
81
BD
A5
A5
A5
A5
A5
A5
BF
80
C0
7E
ENDCHAR
STARTCHAR 0041
ENCODING 65
SWIDTH 625 0
DWIDTH 10 0
BBX 8 13 1 0
BITMAP
18
18
18
18
3C
24
24
24
7E
66
42
42
E7
ENDCHAR
STARTCHAR 0042
ENCODING 66
SWIDTH 625 0
DWIDTH 10 0
BBX 8 13 1 0
BITMAP
FC
46
42
42
42
46
7C
46
41
41
41
46
FC
ENDCHAR
STARTCHAR 0043
ENCODING 67
SWIDTH 625 0
DWIDTH 10 0
BBX 6 13 2 0
BITMAP
74
CC
84
80
80
80
80
80
80
80
84
CC
78
ENDCHAR
STARTCHAR 0044
ENCODING 68
SWIDTH 562 0
DWIDTH 9 0
BBX 7 13 1 0
BITMAP
F8
44
46
42
42
42
42
42
42
42
46
44
F8
ENDCHAR
STARTCHAR 0045
ENCODING 69
SWIDTH 625 0
DWIDTH 10 0
BBX 7 13 1 0
BITMAP
FE
42
40
40
40
40
7C
40
40
40
40
42
FE
ENDCHAR
STARTCHAR 0046
ENCODING 70
SWIDTH 625 0
DWIDTH 10 0
BBX 7 13 1 0
BITMAP
FE
42
42
40
40
40
7C
40
40
40
40
40
F0
ENDCHAR
STARTCHAR 0047
ENCODING 71
SWIDTH 625 0
DWIDTH 10 0
BBX 7 13 2 0
BITMAP
78
CC
84
80
80
80
9E
84
84
84
84
DC
74
ENDCHAR
STARTCHAR 0048
ENCODING 72
SWIDTH 625 0
DWIDTH 10 0
BBX 8 13 1 0
BITMAP
E7
42
42
42
42
42
7E
42
42
42
42
42
E7
ENDCHAR
STARTCHAR 0049
ENCODING 73
SWIDTH 625 0
DWIDTH 10 0
BBX 6 13 2 0
BITMAP
FC
10
10
10
10
10
10
10
10
10
10
10
FC
ENDCHAR
STARTCHAR 004A
ENCODING 74
SWIDTH 625 0
DWIDTH 10 0
BBX 6 13 2 0
BITMAP
3C
04
04
04
04
04
04
04
04
04
84
CC
78
ENDCHAR
STARTCHAR 004B
ENCODING 75
SWIDTH 625 0
DWIDTH 10 0
BBX 7 13 2 0
BITMAP
86
8C
88
98
90
B0
E0
B0
90
98
88
8C
84
ENDCHAR
STARTCHAR 004C
ENCODING 76
SWIDTH 562 0
DWIDTH 9 0
BBX 7 13 1 0
BITMAP
F0
40
40
40
40
40
40
40
40
40
40
42
FE
ENDCHAR
STARTCHAR 004D
ENCODING 77
SWIDTH 687 0
DWIDTH 11 0
BBX 9 13 1 0
BITMAP
E380
6300
6300
6500
5500
5500
5500
4900
4900
4100
4100
4100
E380
ENDCHAR
STARTCHAR 004E
ENCODING 78
SWIDTH 625 0
DWIDTH 10 0
BBX 8 13 1 0
BITMAP
E7
62
62
62
52
52
52
4A
4A
4A
46
46
E6
ENDCHAR
STARTCHAR 004F
ENCODING 79
SWIDTH 562 0
DWIDTH 9 0
BBX 6 13 2 0
BITMAP
78
CC
84
84
84
84
84
84
84
84
84
CC
78
ENDCHAR
STARTCHAR 0050
ENCODING 80
SWIDTH 562 0
DWIDTH 9 0
BBX 7 13 1 0
BITMAP
FC
46
46
42
42
42
46
7C
40
40
40
40
F0
ENDCHAR
STARTCHAR 0051
ENCODING 81
SWIDTH 562 0
DWIDTH 9 0
BBX 6 13 2 0
BITMAP
78
CC
84
84
84
84
84
B4
94
8C
8C
CC
7C
ENDCHAR
STARTCHAR 0052
ENCODING 82
SWIDTH 625 0
DWIDTH 10 0
BBX 9 13 1 0
BITMAP
FE00
4200
4300
4100
4100
4100
4300
7E00
4C00
4C00
4600
4200
E380
ENDCHAR
STARTCHAR 0053
ENCODING 83
SWIDTH 625 0
DWIDTH 10 0
BBX 6 13 2 0
BITMAP
74
CC
84
80
80
E0
70
18
0C
04
84
CC
B8
ENDCHAR
STARTCHAR 0054
ENCODING 84
SWIDTH 625 0
DWIDTH 10 0
BBX 7 13 2 0
BITMAP
FE
92
92
10
10
10
10
10
10
10
10
10
78
ENDCHAR
STARTCHAR 0055
ENCODING 85
SWIDTH 625 0
DWIDTH 10 0
BBX 8 13 1 0
BITMAP
E7
42
42
42
42
42
42
42
42
42
42
66
3C
ENDCHAR
STARTCHAR 0056
ENCODING 86
SWIDTH 687 0
DWIDTH 11 0
BBX 9 13 1 0
BITMAP
E380
4100
6300
6300
2200
2200
2200
3600
1400
1400
1400
1C00
1C00
ENDCHAR
STARTCHAR 0057
ENCODING 87
SWIDTH 687 0
DWIDTH 11 0
BBX 9 13 1 0
BITMAP
E380
4100
4100
4100
4900
4900
5900
7700
3600
3600
3600
3600
2200
ENDCHAR
STARTCHAR 0058
ENCODING 88
SWIDTH 625 0
DWIDTH 10 0
BBX 8 13 1 0
BITMAP
E7
66
24
24
18
18
18
18
18
24
24
66
E7
ENDCHAR
STARTCHAR 0059
ENCODING 89
SWIDTH 625 0
DWIDTH 10 0
BBX 8 13 1 0
BITMAP
E7
66
26
24
34
14
18
08
08
08
08
08
3C
ENDCHAR
STARTCHAR 005A
ENCODING 90
SWIDTH 625 0
DWIDTH 10 0
BBX 6 13 2 0
BITMAP
FC
8C
0C
18
18
10
30
20
60
40
C0
84
FC
ENDCHAR
STARTCHAR 005B
ENCODING 91
SWIDTH 625 0
DWIDTH 10 0
BBX 5 16 3 -2
BITMAP
F8
80
80
80
80
80
80
80
80
80
80
80
80
80
80
F8
ENDCHAR
STARTCHAR 005C
ENCODING 92
SWIDTH 625 0
DWIDTH 10 0
BBX 7 17 1 -2
BITMAP
C0
40
40
60
20
20
30
10
10
18
08
08
0C
04
04
06
02
ENDCHAR
STARTCHAR 005D
ENCODING 93
SWIDTH 625 0
DWIDTH 10 0
BBX 5 16 2 -2
BITMAP
F8
08
08
08
08
08
08
08
08
08
08
08
08
08
08
F8
ENDCHAR
STARTCHAR 005E
ENCODING 94
SWIDTH 625 0
DWIDTH 10 0
BBX 7 5 1 7
BITMAP
18
2C
66
C2
02
ENDCHAR
STARTCHAR 005F
ENCODING 95
SWIDTH 687 0
DWIDTH 11 0
BBX 7 1 2 -1
BITMAP
FE
ENDCHAR
STARTCHAR 0060
ENCODING 96
SWIDTH 625 0
DWIDTH 10 0
BBX 4 3 2 10
BITMAP
C0
60
30
ENDCHAR
STARTCHAR 0061
ENCODING 97
SWIDTH 562 0
DWIDTH 9 0
BBX 8 9 1 0
BITMAP
3C
66
C2
02
3E
62
C2
C6
7B
ENDCHAR
STARTCHAR 0062
ENCODING 98
SWIDTH 562 0
DWIDTH 9 0
BBX 7 13 1 0
BITMAP
C0
40
40
40
5C
66
42
42
42
42
42
66
DC
ENDCHAR
STARTCHAR 0063
ENCODING 99
SWIDTH 625 0
DWIDTH 10 0
BBX 6 9 2 0
BITMAP
74
CC
84
80
80
80
84
CC
78
ENDCHAR
STARTCHAR 0064
ENCODING 100
SWIDTH 625 0
DWIDTH 10 0
BBX 7 13 2 0
BITMAP
0C
04
04
04
74
CC
84
84
84
84
84
CC
76
ENDCHAR
STARTCHAR 0065
ENCODING 101
SWIDTH 562 0
DWIDTH 9 0
BBX 7 9 1 0
BITMAP
7C
64
C6
82
FE
80
C2
46
3C
ENDCHAR
STARTCHAR 0066
ENCODING 102
SWIDTH 625 0
DWIDTH 10 0
BBX 7 13 2 0
BITMAP
1C
34
22
20
20
FC
20
20
20
20
20
20
FC
ENDCHAR
STARTCHAR 0067
ENCODING 103
SWIDTH 625 0
DWIDTH 10 0
BBX 7 13 2 -4
BITMAP
76
CC
84
84
84
84
84
CC
74
04
84
CC
78
ENDCHAR
STARTCHAR 0068
ENCODING 104
SWIDTH 625 0
DWIDTH 10 0
BBX 8 13 1 0
BITMAP
C0
40
40
40
5C
66
42
42
42
42
42
42
E7
ENDCHAR
STARTCHAR 0069
ENCODING 105
SWIDTH 625 0
DWIDTH 10 0
BBX 6 13 2 0
BITMAP
30
30
00
00
F0
10
10
10
10
10
10
10
FC
ENDCHAR
STARTCHAR 006A
ENCODING 106
SWIDTH 562 0
DWIDTH 9 0
BBX 7 17 0 -4
BITMAP
06
06
00
00
3C
04
04
04
04
04
04
04
04
04
84
CC
78
ENDCHAR
STARTCHAR 006B
ENCODING 107
SWIDTH 625 0
DWIDTH 10 0
BBX 8 13 1 0
BITMAP
C0
40
40
40
47
4C
48
50
70
78
4C
44
E7
ENDCHAR
STARTCHAR 006C
ENCODING 108
SWIDTH 625 0
DWIDTH 10 0
BBX 6 13 2 0
BITMAP
F0
10
10
10
10
10
10
10
10
10
10
10
FC
ENDCHAR
STARTCHAR 006D
ENCODING 109
SWIDTH 562 0
DWIDTH 9 0
BBX 9 9 0 0
BITMAP
F700
5B00
4900
4900
4900
4900
4900
4900
C980
ENDCHAR
STARTCHAR 006E
ENCODING 110
SWIDTH 625 0
DWIDTH 10 0
BBX 8 9 1 0
BITMAP
DC
66
42
42
42
42
42
42
E7
ENDCHAR
STARTCHAR 006F
ENCODING 111
SWIDTH 562 0
DWIDTH 9 0
BBX 6 9 2 0
BITMAP
78
CC
84
84
84
84
84
CC
78
ENDCHAR
STARTCHAR 0070
ENCODING 112
SWIDTH 625 0
DWIDTH 10 0
BBX 8 13 1 -4
BITMAP
DE
63
41
41
41
41
41
63
5E
40
40
40
F0
ENDCHAR
STARTCHAR 0071
ENCODING 113
SWIDTH 687 0
DWIDTH 11 0
BBX 8 13 2 -4
BITMAP
77
CC
84
84
84
84
84
CC
74
04
04
04
0F
ENDCHAR
STARTCHAR 0072
ENCODING 114
SWIDTH 562 0
DWIDTH 9 0
BBX 7 9 1 0
BITMAP
EE
36
20
20
20
20
20
20
F8
ENDCHAR
STARTCHAR 0073
ENCODING 115
SWIDTH 625 0
DWIDTH 10 0
BBX 6 9 2 0
BITMAP
74
CC
84
C0
78
0C
84
CC
B8
ENDCHAR
STARTCHAR 0074
ENCODING 116
SWIDTH 562 0
DWIDTH 9 0
BBX 7 13 1 0
BITMAP
20
20
20
20
FC
20
20
20
20
20
26
34
1C
ENDCHAR
STARTCHAR 0075
ENCODING 117
SWIDTH 625 0
DWIDTH 10 0
BBX 8 9 1 0
BITMAP
C6
42
42
42
42
42
42
66
3B
ENDCHAR
STARTCHAR 0076
ENCODING 118
SWIDTH 687 0
DWIDTH 11 0
BBX 9 9 1 0
BITMAP
E380
6300
6300
2200
3600
3600
1400
1C00
1C00
ENDCHAR
STARTCHAR 0077
ENCODING 119
SWIDTH 687 0
DWIDTH 11 0
BBX 9 9 1 0
BITMAP
E380
4100
4900
4900
5500
7700
3600
3600
2200
ENDCHAR
STARTCHAR 0078
ENCODING 120
SWIDTH 625 0
DWIDTH 10 0
BBX 8 9 1 0
BITMAP
E7
24
3C
18
18
18
3C
24
E7
ENDCHAR
STARTCHAR 0079
ENCODING 121
SWIDTH 625 0
DWIDTH 10 0
BBX 8 13 1 -4
BITMAP
E7
42
66
24
24
24
18
18
18
18
10
30
60
ENDCHAR
STARTCHAR 007A
ENCODING 122
SWIDTH 625 0
DWIDTH 10 0
BBX 6 9 2 0
BITMAP
FC
8C
08
10
30
60
40
C4
FC
ENDCHAR
STARTCHAR 007B
ENCODING 123
SWIDTH 562 0
DWIDTH 9 0
BBX 5 17 2 -2
BITMAP
18
30
20
20
20
20
20
60
C0
60
20
20
20
20
20
30
18
ENDCHAR
STARTCHAR 007C
ENCODING 124
SWIDTH 562 0
DWIDTH 9 0
BBX 1 17 4 -2
BITMAP
80
80
80
80
80
80
80
80
80
80
80
80
80
80
80
80
80
ENDCHAR
STARTCHAR 007D
ENCODING 125
SWIDTH 562 0
DWIDTH 9 0
BBX 5 17 2 -2
BITMAP
C0
60
20
20
20
20
20
30
18
30
20
20
20
20
20
60
C0
ENDCHAR
STARTCHAR 007E
ENCODING 126
SWIDTH 625 0
DWIDTH 10 0
BBX 7 4 1 3
BITMAP
22
72
DE
8C
ENDCHAR
STARTCHAR 00A0
ENCODING 160
SWIDTH 625 0
DWIDTH 10 0
BBX 0 0 0 0
BITMAP
ENDCHAR
STARTCHAR 00A1
ENCODING 161
SWIDTH 562 0
DWIDTH 9 0
BBX 2 13 4 -4
BITMAP
C0
C0
00
00
00
80
80
80
80
80
80
80
80
ENDCHAR
STARTCHAR 00A2
ENCODING 162
SWIDTH 687 0
DWIDTH 11 0
BBX 7 13 2 -2
BITMAP
10
10
7A
D6
92
90
90
90
92
D6
7C
10
10
ENDCHAR
STARTCHAR 00A3
ENCODING 163
SWIDTH 625 0
DWIDTH 10 0
BBX 7 13 1 0
BITMAP
1C
36
26
20
20
20
F8
20
20
20
60
42
FE
ENDCHAR
STARTCHAR 00A4
ENCODING 164
SWIDTH 625 0
DWIDTH 10 0
BBX 7 8 1 2
BITMAP
FE
66
42
42
42
66
7E
02
ENDCHAR
STARTCHAR 00A5
ENCODING 165
SWIDTH 625 0
DWIDTH 10 0
BBX 8 13 1 0
BITMAP
E7
67
26
26
34
1C
18
7F
08
08
7F
08
3C
ENDCHAR
STARTCHAR 00A6
ENCODING 166
SWIDTH 562 0
DWIDTH 9 0
BBX 1 16 4 -2
BITMAP
80
80
80
80
80
80
80
00
00
80
80
80
80
80
80
80
ENDCHAR
STARTCHAR 00A7
ENCODING 167
SWIDTH 625 0
DWIDTH 10 0
BBX 6 16 2 -2
BITMAP
78
CC
84
80
C0
78
DC
84
84
CC
78
0C
04
84
CC
78
ENDCHAR
STARTCHAR 00A8
ENCODING 168
SWIDTH 625 0
DWIDTH 10 0
BBX 6 2 2 10
BITMAP
CC
CC
ENDCHAR
STARTCHAR 00A9
ENCODING 169
SWIDTH 562 0
DWIDTH 9 0
BBX 7 14 1 -1
BITMAP
78
C4
86
82
BA
A2
A2
A2
A2
AA
BA
86
C6
7C
ENDCHAR
STARTCHAR 00AA
ENCODING 170
SWIDTH 562 0
DWIDTH 9 0
BBX 5 8 2 3
BITMAP
F0
88
78
88
98
E8
00
F8
ENDCHAR
STARTCHAR 00AB
ENCODING 171
SWIDTH 625 0
DWIDTH 10 0
BBX 7 9 1 1
BITMAP
12
26
64
48
C8
4C
24
32
02
ENDCHAR
STARTCHAR 00AC
ENCODING 172
SWIDTH 625 0
DWIDTH 10 0
BBX 7 5 1 1
BITMAP
FE
02
02
02
02
ENDCHAR
STARTCHAR 00AD
ENCODING 173
SWIDTH 687 0
DWIDTH 11 0
BBX 7 1 2 5
BITMAP
FE
ENDCHAR
STARTCHAR 00AE
ENCODING 174
SWIDTH 562 0
DWIDTH 9 0
BBX 7 8 1 7
BITMAP
78
C4
BE
AA
BA
B2
EE
7C
ENDCHAR
STARTCHAR 00AF
ENCODING 175
SWIDTH 687 0
DWIDTH 11 0
BBX 7 1 2 11
BITMAP
FE
ENDCHAR
STARTCHAR 00B0
ENCODING 176
SWIDTH 625 0
DWIDTH 10 0
BBX 3 4 3 9
BITMAP
E0
A0
A0
E0
ENDCHAR
STARTCHAR 00B1
ENCODING 177
SWIDTH 687 0
DWIDTH 11 0
BBX 7 9 2 0
BITMAP
10
10
10
FE
10
10
10
00
FE
ENDCHAR
STARTCHAR 00B2
ENCODING 178
SWIDTH 562 0
DWIDTH 9 0
BBX 5 8 2 5
BITMAP
70
88
08
18
70
C0
88
F8
ENDCHAR
STARTCHAR 00B3
ENCODING 179
SWIDTH 562 0
DWIDTH 9 0
BBX 5 8 2 5
BITMAP
F8
90
20
70
18
08
88
70
ENDCHAR
STARTCHAR 00B4
ENCODING 180
SWIDTH 625 0
DWIDTH 10 0
BBX 3 5 4 9
BITMAP
20
20
40
C0
80
ENDCHAR
STARTCHAR 00B5
ENCODING 181
SWIDTH 625 0
DWIDTH 10 0
BBX 8 13 1 -4
BITMAP
C6
42
42
42
42
42
42
66
7B
40
40
40
40
ENDCHAR
STARTCHAR 00B6
ENCODING 182
SWIDTH 625 0
DWIDTH 10 0
BBX 6 13 2 0
BITMAP
7C
F4
F4
F4
F4
F4
74
14
14
14
14
14
14
ENDCHAR
STARTCHAR 00B7
ENCODING 183
SWIDTH 625 0
DWIDTH 10 0
BBX 3 3 4 4
BITMAP
C0
E0
E0
ENDCHAR
STARTCHAR 00B8
ENCODING 184
SWIDTH 625 0
DWIDTH 10 0
BBX 4 3 3 -4
BITMAP
40
30
F0
ENDCHAR
STARTCHAR 00B9
ENCODING 185
SWIDTH 687 0
DWIDTH 11 0
BBX 5 8 3 5
BITMAP
60
A0
20
20
20
20
20
F8
ENDCHAR
STARTCHAR 00BA
ENCODING 186
SWIDTH 562 0
DWIDTH 9 0
BBX 5 8 2 3
BITMAP
70
88
88
88
88
70
00
F8
ENDCHAR
STARTCHAR 00BB
ENCODING 187
SWIDTH 625 0
DWIDTH 10 0
BBX 7 9 1 1
BITMAP
C8
4C
24
32
12
26
64
48
08
ENDCHAR
STARTCHAR 00BC
ENCODING 188
SWIDTH 625 0
DWIDTH 10 0
BBX 7 17 2 -3
BITMAP
30
50
10
10
10
10
78
00
FE
00
00
18
28
28
48
7C
18
ENDCHAR
STARTCHAR 00BD
ENCODING 189
SWIDTH 625 0
DWIDTH 10 0
BBX 6 18 2 -3
BITMAP
10
30
10
10
10
10
10
78
00
FC
00
38
48
08
10
20
48
78
ENDCHAR
STARTCHAR 00BE
ENCODING 190
SWIDTH 562 0
DWIDTH 9 0
BBX 7 17 1 -3
BITMAP
78
18
30
38
08
48
38
00
FE
00
18
18
28
28
48
78
18
ENDCHAR
STARTCHAR 00BF
ENCODING 191
SWIDTH 625 0
DWIDTH 10 0
BBX 7 13 2 -4
BITMAP
30
30
00
00
10
10
70
C0
80
80
86
CC
78
ENDCHAR
STARTCHAR 00C0
ENCODING 192
SWIDTH 625 0
DWIDTH 10 0
BBX 8 17 1 0
BITMAP
30
10
08
00
18
18
18
18
3C
24
24
24
7E
66
42
42
E7
ENDCHAR
STARTCHAR 00C1
ENCODING 193
SWIDTH 625 0
DWIDTH 10 0
BBX 8 17 1 0
BITMAP
0C
08
10
00
18
18
18
18
3C
24
24
24
7E
66
42
42
E7
ENDCHAR
STARTCHAR 00C2
ENCODING 194
SWIDTH 625 0
DWIDTH 10 0
BBX 8 17 1 0
BITMAP
18
3C
24
00
18
18
18
18
3C
24
24
24
7E
66
42
42
E7
ENDCHAR
STARTCHAR 00C3
ENCODING 195
SWIDTH 625 0
DWIDTH 10 0
BBX 8 17 1 0
BITMAP
32
7E
4C
00
18
18
18
18
3C
24
24
24
7E
66
42
42
E7
ENDCHAR
STARTCHAR 00C4
ENCODING 196
SWIDTH 625 0
DWIDTH 10 0
BBX 8 16 1 0
BITMAP
66
64
00
18
18
18
18
3C
24
24
24
7E
66
42
42
E7
ENDCHAR
STARTCHAR 00C5
ENCODING 197
SWIDTH 625 0
DWIDTH 10 0
BBX 8 17 1 0
BITMAP
18
28
18
00
18
18
18
18
3C
24
24
24
7E
66
42
42
E7
ENDCHAR
STARTCHAR 00C6
ENCODING 198
SWIDTH 625 0
DWIDTH 10 0
BBX 8 13 1 0
BITMAP
3F
1D
1D
14
14
34
37
24
24
7C
64
45
E7
ENDCHAR
STARTCHAR 00C7
ENCODING 199
SWIDTH 625 0
DWIDTH 10 0
BBX 6 16 2 -3
BITMAP
74
CC
84
80
80
80
80
80
80
80
84
CC
78
10
08
78
ENDCHAR
STARTCHAR 00C8
ENCODING 200
SWIDTH 625 0
DWIDTH 10 0
BBX 7 17 1 0
BITMAP
20
10
00
00
FE
42
40
40
40
40
7C
40
40
40
40
42
FE
ENDCHAR
STARTCHAR 00C9
ENCODING 201
SWIDTH 625 0
DWIDTH 10 0
BBX 7 17 1 0
BITMAP
0C
18
10
00
FE
42
40
40
40
40
7C
40
40
40
40
42
FE
ENDCHAR
STARTCHAR 00CA
ENCODING 202
SWIDTH 625 0
DWIDTH 10 0
BBX 7 17 1 0
BITMAP
18
28
24
00
FE
42
40
40
40
40
7C
40
40
40
40
42
FE
ENDCHAR
STARTCHAR 00CB
ENCODING 203
SWIDTH 625 0
DWIDTH 10 0
BBX 7 16 1 0
BITMAP
66
64
00
FE
42
40
40
40
40
7C
40
40
40
40
42
FE
ENDCHAR
STARTCHAR 00CC
ENCODING 204
SWIDTH 625 0
DWIDTH 10 0
BBX 6 17 2 0
BITMAP
60
30
10
00
FC
10
10
10
10
10
10
10
10
10
10
10
FC
ENDCHAR
STARTCHAR 00CD
ENCODING 205
SWIDTH 625 0
DWIDTH 10 0
BBX 6 17 2 0
BITMAP
08
10
10
00
FC
10
10
10
10
10
10
10
10
10
10
10
FC
ENDCHAR
STARTCHAR 00CE
ENCODING 206
SWIDTH 625 0
DWIDTH 10 0
BBX 6 17 2 0
BITMAP
30
28
40
00
FC
10
10
10
10
10
10
10
10
10
10
10
FC
ENDCHAR
STARTCHAR 00CF
ENCODING 207
SWIDTH 625 0
DWIDTH 10 0
BBX 6 16 2 0
BITMAP
CC
C8
00
FC
10
10
10
10
10
10
10
10
10
10
10
FC
ENDCHAR
STARTCHAR 00D0
ENCODING 208
SWIDTH 625 0
DWIDTH 10 0
BBX 8 13 1 0
BITMAP
FC
46
43
41
41
41
F1
41
41
41
43
46
FC
ENDCHAR
STARTCHAR 00D1
ENCODING 209
SWIDTH 625 0
DWIDTH 10 0
BBX 8 17 1 0
BITMAP
32
7E
4C
00
E7
62
62
62
52
52
52
4A
4A
4A
46
46
E6
ENDCHAR
STARTCHAR 00D2
ENCODING 210
SWIDTH 562 0
DWIDTH 9 0
BBX 6 17 2 0
BITMAP
40
20
10
00
78
CC
84
84
84
84
84
84
84
84
84
CC
78
ENDCHAR
STARTCHAR 00D3
ENCODING 211
SWIDTH 562 0
DWIDTH 9 0
BBX 6 17 2 0
BITMAP
18
10
20
00
78
CC
84
84
84
84
84
84
84
84
84
CC
78
ENDCHAR
STARTCHAR 00D4
ENCODING 212
SWIDTH 562 0
DWIDTH 9 0
BBX 6 17 2 0
BITMAP
30
58
48
00
78
CC
84
84
84
84
84
84
84
84
84
CC
78
ENDCHAR
STARTCHAR 00D5
ENCODING 213
SWIDTH 562 0
DWIDTH 9 0
BBX 6 17 2 0
BITMAP
64
FC
98
00
78
CC
84
84
84
84
84
84
84
84
84
CC
78
ENDCHAR
STARTCHAR 00D6
ENCODING 214
SWIDTH 562 0
DWIDTH 9 0
BBX 6 16 2 0
BITMAP
CC
C8
00
78
CC
84
84
84
84
84
84
84
84
84
CC
78
ENDCHAR
STARTCHAR 00D7
ENCODING 215
SWIDTH 625 0
DWIDTH 10 0
BBX 8 8 1 1
BITMAP
83
C6
64
38
18
2C
66
C3
ENDCHAR
STARTCHAR 00D8
ENCODING 216
SWIDTH 562 0
DWIDTH 9 0
BBX 6 15 2 -1
BITMAP
04
7C
CC
8C
9C
94
94
A4
A4
A4
C4
C4
CC
F8
80
ENDCHAR
STARTCHAR 00D9
ENCODING 217
SWIDTH 625 0
DWIDTH 10 0
BBX 8 17 1 0
BITMAP
30
10
08
00
E7
42
42
42
42
42
42
42
42
42
42
66
3C
ENDCHAR
STARTCHAR 00DA
ENCODING 218
SWIDTH 625 0
DWIDTH 10 0
BBX 8 17 1 0
BITMAP
0C
08
10
00
E7
42
42
42
42
42
42
42
42
42
42
66
3C
ENDCHAR
STARTCHAR 00DB
ENCODING 219
SWIDTH 625 0
DWIDTH 10 0
BBX 8 17 1 0
BITMAP
18
2C
24
00
E7
42
42
42
42
42
42
42
42
42
42
66
3C
ENDCHAR
STARTCHAR 00DC
ENCODING 220
SWIDTH 625 0
DWIDTH 10 0
BBX 8 16 1 0
BITMAP
66
64
00
E7
42
42
42
42
42
42
42
42
42
42
66
3C
ENDCHAR
STARTCHAR 00DD
ENCODING 221
SWIDTH 625 0
DWIDTH 10 0
BBX 8 17 1 0
BITMAP
04
08
10
00
E7
66
26
24
34
14
18
08
08
08
08
08
3C
ENDCHAR
STARTCHAR 00DE
ENCODING 222
SWIDTH 562 0
DWIDTH 9 0
BBX 7 13 1 0
BITMAP
F0
40
40
7C
46
42
42
42
46
7C
40
40
F0
ENDCHAR
STARTCHAR 00DF
ENCODING 223
SWIDTH 562 0
DWIDTH 9 0
BBX 7 13 1 0
BITMAP
3C
66
42
42
42
46
4C
46
42
42
42
46
DC
ENDCHAR
STARTCHAR 00E0
ENCODING 224
SWIDTH 562 0
DWIDTH 9 0
BBX 8 13 1 0
BITMAP
20
30
18
00
3C
66
C2
02
3E
62
C2
C6
7B
ENDCHAR
STARTCHAR 00E1
ENCODING 225
SWIDTH 562 0
DWIDTH 9 0
BBX 8 13 1 0
BITMAP
0C
18
10
00
3C
66
C2
02
3E
62
C2
C6
7B
ENDCHAR
STARTCHAR 00E2
ENCODING 226
SWIDTH 562 0
DWIDTH 9 0
BBX 8 13 1 0
BITMAP
18
2C
44
00
3C
66
C2
02
3E
62
C2
C6
7B
ENDCHAR
STARTCHAR 00E3
ENCODING 227
SWIDTH 562 0
DWIDTH 9 0
BBX 8 13 1 0
BITMAP
32
5E
4C
00
3C
66
C2
02
3E
62
C2
C6
7B
ENDCHAR
STARTCHAR 00E4
ENCODING 228
SWIDTH 562 0
DWIDTH 9 0
BBX 8 13 1 0
BITMAP
66
66
00
00
3C
66
C2
02
3E
62
C2
C6
7B
ENDCHAR
STARTCHAR 00E5
ENCODING 229
SWIDTH 562 0
DWIDTH 9 0
BBX 8 13 1 0
BITMAP
38
28
18
00
3C
66
C2
02
3E
62
C2
C6
7B
ENDCHAR
STARTCHAR 00E6
ENCODING 230
SWIDTH 562 0
DWIDTH 9 0
BBX 7 9 1 0
BITMAP
EC
D6
92
12
7E
90
92
96
EC
ENDCHAR
STARTCHAR 00E7
ENCODING 231
SWIDTH 625 0
DWIDTH 10 0
BBX 6 12 2 -3
BITMAP
74
CC
84
80
80
80
84
CC
78
10
08
78
ENDCHAR
STARTCHAR 00E8
ENCODING 232
SWIDTH 562 0
DWIDTH 9 0
BBX 7 13 1 0
BITMAP
20
30
10
00
7C
64
C6
82
FE
80
C2
46
3C
ENDCHAR
STARTCHAR 00E9
ENCODING 233
SWIDTH 562 0
DWIDTH 9 0
BBX 7 13 1 0
BITMAP
08
18
10
00
7C
64
C6
82
FE
80
C2
46
3C
ENDCHAR
STARTCHAR 00EA
ENCODING 234
SWIDTH 562 0
DWIDTH 9 0
BBX 7 13 1 0
BITMAP
38
28
44
00
7C
64
C6
82
FE
80
C2
46
3C
ENDCHAR
STARTCHAR 00EB
ENCODING 235
SWIDTH 562 0
DWIDTH 9 0
BBX 7 13 1 0
BITMAP
66
66
00
00
7C
64
C6
82
FE
80
C2
46
3C
ENDCHAR
STARTCHAR 00EC
ENCODING 236
SWIDTH 625 0
DWIDTH 10 0
BBX 6 13 2 0
BITMAP
60
30
10
00
F0
10
10
10
10
10
10
10
FC
ENDCHAR
STARTCHAR 00ED
ENCODING 237
SWIDTH 625 0
DWIDTH 10 0
BBX 6 13 2 0
BITMAP
08
10
10
00
F0
10
10
10
10
10
10
10
FC
ENDCHAR
STARTCHAR 00EE
ENCODING 238
SWIDTH 625 0
DWIDTH 10 0
BBX 6 13 2 0
BITMAP
30
68
40
00
F0
10
10
10
10
10
10
10
FC
ENDCHAR
STARTCHAR 00EF
ENCODING 239
SWIDTH 625 0
DWIDTH 10 0
BBX 6 13 2 0
BITMAP
CC
CC
00
00
F0
10
10
10
10
10
10
10
FC
ENDCHAR
STARTCHAR 00F0
ENCODING 240
SWIDTH 625 0
DWIDTH 10 0
BBX 6 13 2 0
BITMAP
40
70
1C
F8
0C
7C
CC
84
84
84
84
CC
78
ENDCHAR
STARTCHAR 00F1
ENCODING 241
SWIDTH 625 0
DWIDTH 10 0
BBX 8 13 1 0
BITMAP
32
7E
4C
00
DC
66
42
42
42
42
42
42
E7
ENDCHAR
STARTCHAR 00F2
ENCODING 242
SWIDTH 562 0
DWIDTH 9 0
BBX 6 13 2 0
BITMAP
40
20
10
00
78
CC
84
84
84
84
84
CC
78
ENDCHAR
STARTCHAR 00F3
ENCODING 243
SWIDTH 562 0
DWIDTH 9 0
BBX 6 13 2 0
BITMAP
18
10
20
00
78
CC
84
84
84
84
84
CC
78
ENDCHAR
STARTCHAR 00F4
ENCODING 244
SWIDTH 562 0
DWIDTH 9 0
BBX 6 13 2 0
BITMAP
30
58
48
00
78
CC
84
84
84
84
84
CC
78
ENDCHAR
STARTCHAR 00F5
ENCODING 245
SWIDTH 562 0
DWIDTH 9 0
BBX 6 13 2 0
BITMAP
64
FC
98
00
78
CC
84
84
84
84
84
CC
78
ENDCHAR
STARTCHAR 00F6
ENCODING 246
SWIDTH 562 0
DWIDTH 9 0
BBX 6 13 2 0
BITMAP
CC
CC
00
00
78
CC
84
84
84
84
84
CC
78
ENDCHAR
STARTCHAR 00F7
ENCODING 247
SWIDTH 687 0
DWIDTH 11 0
BBX 7 9 2 1
BITMAP
30
30
00
00
FE
00
00
30
30
ENDCHAR
STARTCHAR 00F8
ENCODING 248
SWIDTH 562 0
DWIDTH 9 0
BBX 6 9 2 0
BITMAP
7C
CC
9C
94
B4
A4
C4
CC
F8
ENDCHAR
STARTCHAR 00F9
ENCODING 249
SWIDTH 625 0
DWIDTH 10 0
BBX 8 13 1 0
BITMAP
20
10
08
00
C6
42
42
42
42
42
42
66
3B
ENDCHAR
STARTCHAR 00FA
ENCODING 250
SWIDTH 625 0
DWIDTH 10 0
BBX 8 13 1 0
BITMAP
0C
08
10
00
C6
42
42
42
42
42
42
66
3B
ENDCHAR
STARTCHAR 00FB
ENCODING 251
SWIDTH 625 0
DWIDTH 10 0
BBX 8 13 1 0
BITMAP
18
2C
24
00
C6
42
42
42
42
42
42
66
3B
ENDCHAR
STARTCHAR 00FC
ENCODING 252
SWIDTH 625 0
DWIDTH 10 0
BBX 8 13 1 0
BITMAP
66
66
00
00
C6
42
42
42
42
42
42
66
3B
ENDCHAR
STARTCHAR 00FD
ENCODING 253
SWIDTH 625 0
DWIDTH 10 0
BBX 8 17 1 -4
BITMAP
04
08
10
00
E7
42
66
24
24
24
18
18
18
18
10
30
60
ENDCHAR
STARTCHAR 00FE
ENCODING 254
SWIDTH 625 0
DWIDTH 10 0
BBX 8 17 1 -4
BITMAP
C0
40
40
40
5E
63
41
41
41
41
41
63
5E
40
40
40
F0
ENDCHAR
STARTCHAR 00FF
ENCODING 255
SWIDTH 625 0
DWIDTH 10 0
BBX 8 17 1 -4
BITMAP
66
66
00
00
E7
42
66
24
24
24
18
18
18
18
10
30
60
ENDCHAR
STARTCHAR 0100
ENCODING 256
SWIDTH 625 0
DWIDTH 10 0
BBX 8 16 1 0
BITMAP
7E
00
00
18
18
18
3C
3C
24
24
24
7E
66
42
42
E7
ENDCHAR
STARTCHAR 0101
ENCODING 257
SWIDTH 625 0
DWIDTH 10 0
BBX 7 12 2 0
BITMAP
FC
00
00
78
CC
84
04
7C
C4
84
8C
F6
ENDCHAR
STARTCHAR 0102
ENCODING 258
SWIDTH 625 0
DWIDTH 10 0
BBX 8 17 1 0
BITMAP
66
64
3C
00
18
18
18
18
3C
24
24
24
7E
66
42
42
E7
ENDCHAR
STARTCHAR 0103
ENCODING 259
SWIDTH 562 0
DWIDTH 9 0
BBX 8 13 1 0
BITMAP
46
64
3C
00
7C
C6
02
02
3E
62
C2
C6
7B
ENDCHAR
STARTCHAR 0104
ENCODING 260
SWIDTH 625 0
DWIDTH 10 0
BBX 8 17 1 -4
BITMAP
18
18
18
1C
3C
24
24
24
7E
66
42
42
E7
02
04
04
07
ENDCHAR
STARTCHAR 0105
ENCODING 261
SWIDTH 562 0
DWIDTH 9 0
BBX 8 13 1 -4
BITMAP
3C
66
C2
02
3E
62
C2
C6
7B
02
02
02
03
ENDCHAR
STARTCHAR 0106
ENCODING 262
SWIDTH 625 0
DWIDTH 10 0
BBX 6 17 2 0
BITMAP
18
10
20
00
74
CC
84
80
80
80
80
80
80
80
84
CC
78
ENDCHAR
STARTCHAR 0107
ENCODING 263
SWIDTH 625 0
DWIDTH 10 0
BBX 6 13 2 0
BITMAP
18
10
20
00
74
CC
84
80
80
80
84
CC
78
ENDCHAR
STARTCHAR 0108
ENCODING 264
SWIDTH 625 0
DWIDTH 10 0
BBX 6 17 2 0
BITMAP
30
58
48
00
74
CC
84
80
80
80
80
80
80
80
84
CC
78
ENDCHAR
STARTCHAR 0109
ENCODING 265
SWIDTH 625 0
DWIDTH 10 0
BBX 6 13 2 0
BITMAP
30
58
48
00
74
CC
84
80
80
80
84
CC
78
ENDCHAR
STARTCHAR 010A
ENCODING 266
SWIDTH 625 0
DWIDTH 10 0
BBX 6 16 2 0
BITMAP
30
30
00
74
CC
84
80
80
80
80
80
80
80
84
CC
78
ENDCHAR
STARTCHAR 010B
ENCODING 267
SWIDTH 625 0
DWIDTH 10 0
BBX 6 13 2 0
BITMAP
30
30
00
00
74
CC
84
80
80
80
84
CC
78
ENDCHAR
STARTCHAR 010C
ENCODING 268
SWIDTH 625 0
DWIDTH 10 0
BBX 6 17 2 0
BITMAP
48
58
30
00
74
CC
84
80
80
80
80
80
80
80
84
CC
78
ENDCHAR
STARTCHAR 010D
ENCODING 269
SWIDTH 625 0
DWIDTH 10 0
BBX 6 13 2 0
BITMAP
48
30
30
00
74
CC
84
80
80
80
84
CC
78
ENDCHAR
STARTCHAR 010E
ENCODING 270
SWIDTH 562 0
DWIDTH 9 0
BBX 7 17 1 0
BITMAP
24
2C
18
00
F8
44
46
42
42
42
42
42
42
42
46
44
F8
ENDCHAR
STARTCHAR 010F
ENCODING 271
SWIDTH 625 0
DWIDTH 10 0
BBX 8 13 2 0
BITMAP
0F
05
06
04
74
CC
84
84
84
84
84
CC
76
ENDCHAR
STARTCHAR 0110
ENCODING 272
SWIDTH 625 0
DWIDTH 10 0
BBX 8 13 1 0
BITMAP
FC
46
43
41
41
41
F1
41
41
41
43
46
FC
ENDCHAR
STARTCHAR 0111
ENCODING 273
SWIDTH 625 0
DWIDTH 10 0
BBX 7 13 2 0
BITMAP
0C
04
1E
04
74
CC
84
84
84
84
84
CC
76
ENDCHAR
STARTCHAR 0112
ENCODING 274
SWIDTH 625 0
DWIDTH 10 0
BBX 7 16 1 0
BITMAP
7E
00
00
FE
42
40
40
40
40
7C
40
40
40
40
42
FE
ENDCHAR
STARTCHAR 0113
ENCODING 275
SWIDTH 562 0
DWIDTH 9 0
BBX 7 12 1 0
BITMAP
7E
00
00
3C
66
42
42
FE
C0
42
66
3C
ENDCHAR
STARTCHAR 0114
ENCODING 276
SWIDTH 625 0
DWIDTH 10 0
BBX 7 17 1 0
BITMAP
46
64
3C
00
FE
42
40
40
40
40
7C
40
40
40
40
42
FE
ENDCHAR
STARTCHAR 0115
ENCODING 277
SWIDTH 562 0
DWIDTH 9 0
BBX 7 13 1 0
BITMAP
44
7C
00
00
7C
64
C6
82
FE
80
C2
46
3C
ENDCHAR
STARTCHAR 0116
ENCODING 278
SWIDTH 625 0
DWIDTH 10 0
BBX 7 16 1 0
BITMAP
18
18
00
FE
42
40
40
40
40
7C
40
40
40
40
42
FE
ENDCHAR
STARTCHAR 0117
ENCODING 279
SWIDTH 562 0
DWIDTH 9 0
BBX 7 13 1 0
BITMAP
18
18
00
00
7C
64
C6
82
FE
80
C2
46
3C
ENDCHAR
STARTCHAR 0118
ENCODING 280
SWIDTH 625 0
DWIDTH 10 0
BBX 7 17 1 -4
BITMAP
FE
42
40
40
40
40
7C
40
40
40
40
42
FE
06
04
04
06
ENDCHAR
STARTCHAR 0119
ENCODING 281
SWIDTH 562 0
DWIDTH 9 0
BBX 7 12 1 -3
BITMAP
7C
64
C6
82
FE
80
C2
46
3C
04
04
06
ENDCHAR
STARTCHAR 011A
ENCODING 282
SWIDTH 625 0
DWIDTH 10 0
BBX 7 17 1 0
BITMAP
24
2C
18
00
FE
42
40
40
40
40
7C
40
40
40
40
42
FE
ENDCHAR
STARTCHAR 011B
ENCODING 283
SWIDTH 562 0
DWIDTH 9 0
BBX 7 13 1 0
BITMAP
6C
28
10
00
7C
64
C6
82
FE
80
C2
46
3C
ENDCHAR
STARTCHAR 011C
ENCODING 284
SWIDTH 625 0
DWIDTH 10 0
BBX 7 17 2 0
BITMAP
30
78
48
00
78
CC
84
80
80
80
9E
84
84
84
84
DC
74
ENDCHAR
STARTCHAR 011D
ENCODING 285
SWIDTH 625 0
DWIDTH 10 0
BBX 7 17 2 -4
BITMAP
30
78
48
00
76
CC
84
84
84
84
84
CC
74
04
84
CC
78
ENDCHAR
STARTCHAR 011E
ENCODING 286
SWIDTH 625 0
DWIDTH 10 0
BBX 7 16 2 0
BITMAP
C8
78
00
78
CC
84
84
80
80
9E
84
84
84
84
DC
74
ENDCHAR
STARTCHAR 011F
ENCODING 287
SWIDTH 625 0
DWIDTH 10 0
BBX 7 17 2 -4
BITMAP
CC
48
78
00
76
CC
84
84
84
84
84
CC
74
04
84
CC
78
ENDCHAR
STARTCHAR 0120
ENCODING 288
SWIDTH 625 0
DWIDTH 10 0
BBX 7 16 2 0
BITMAP
30
30
00
78
CC
84
80
80
80
9E
84
84
84
84
DC
74
ENDCHAR
STARTCHAR 0121
ENCODING 289
SWIDTH 625 0
DWIDTH 10 0
BBX 7 17 2 -4
BITMAP
30
30
00
00
76
CC
84
84
84
84
84
CC
74
04
84
CC
78
ENDCHAR
STARTCHAR 0122
ENCODING 290
SWIDTH 625 0
DWIDTH 10 0
BBX 7 17 2 -4
BITMAP
78
CC
84
80
80
80
9E
84
84
84
84
DC
74
00
30
10
20
ENDCHAR
STARTCHAR 0123
ENCODING 291
SWIDTH 625 0
DWIDTH 10 0
BBX 7 17 2 -4
BITMAP
30
20
30
00
76
CC
84
84
84
84
84
CC
74
04
84
CC
78
ENDCHAR
STARTCHAR 0124
ENCODING 292
SWIDTH 625 0
DWIDTH 10 0
BBX 8 17 1 0
BITMAP
18
3C
24
00
E7
42
42
42
42
42
7E
42
42
42
42
42
E7
ENDCHAR
STARTCHAR 0125
ENCODING 293
SWIDTH 625 0
DWIDTH 10 0
BBX 9 17 0 0
BITMAP
2000
5000
8800
0000
6000
2000
2000
2000
2E00
3300
2100
2100
2100
2100
2100
2100
7380
ENDCHAR
STARTCHAR 0126
ENCODING 294
SWIDTH 625 0
DWIDTH 10 0
BBX 8 13 1 0
BITMAP
E7
42
42
FF
42
42
7E
42
42
42
42
42
E7
ENDCHAR
STARTCHAR 0127
ENCODING 295
SWIDTH 625 0
DWIDTH 10 0
BBX 8 13 1 0
BITMAP
C0
40
F0
40
5C
66
42
42
42
42
42
42
E7
ENDCHAR
STARTCHAR 0128
ENCODING 296
SWIDTH 625 0
DWIDTH 10 0
BBX 6 17 2 0
BITMAP
64
FC
98
00
FC
10
10
10
10
10
10
10
10
10
10
10
FC
ENDCHAR
STARTCHAR 0129
ENCODING 297
SWIDTH 625 0
DWIDTH 10 0
BBX 6 13 2 0
BITMAP
64
FC
98
00
F0
10
10
10
10
10
10
10
FC
ENDCHAR
STARTCHAR 012A
ENCODING 298
SWIDTH 625 0
DWIDTH 10 0
BBX 6 16 2 0
BITMAP
FC
00
00
FC
10
10
10
10
10
10
10
10
10
10
10
FC
ENDCHAR
STARTCHAR 012B
ENCODING 299
SWIDTH 625 0
DWIDTH 10 0
BBX 6 12 2 0
BITMAP
FC
00
00
F0
10
10
10
10
10
10
10
FC
ENDCHAR
STARTCHAR 012C
ENCODING 300
SWIDTH 625 0
DWIDTH 10 0
BBX 6 17 2 0
BITMAP
C4
4C
78
00
FC
10
10
10
10
10
10
10
10
10
10
10
FC
ENDCHAR
STARTCHAR 012D
ENCODING 301
SWIDTH 625 0
DWIDTH 10 0
BBX 6 13 2 0
BITMAP
C4
48
78
00
F0
10
10
10
10
10
10
10
FC
ENDCHAR
STARTCHAR 012E
ENCODING 302
SWIDTH 625 0
DWIDTH 10 0
BBX 6 17 2 -4
BITMAP
FC
10
10
10
10
10
10
10
10
10
10
10
FC
04
08
08
0C
ENDCHAR
STARTCHAR 012F
ENCODING 303
SWIDTH 625 0
DWIDTH 10 0
BBX 6 17 2 -4
BITMAP
30
30
00
00
F0
10
10
10
10
10
10
10
FC
04
08
08
0C
ENDCHAR
STARTCHAR 0130
ENCODING 304
SWIDTH 625 0
DWIDTH 10 0
BBX 6 16 2 0
BITMAP
30
30
00
FC
10
10
10
10
10
10
10
10
10
10
10
FC
ENDCHAR
STARTCHAR 0131
ENCODING 305
SWIDTH 625 0
DWIDTH 10 0
BBX 6 9 2 0
BITMAP
F0
10
10
10
10
10
10
10
FC
ENDCHAR
STARTCHAR 0132
ENCODING 306
SWIDTH 625 0
DWIDTH 10 0
BBX 8 13 1 0
BITMAP
F7
21
21
21
21
21
21
21
21
21
2D
27
F6
ENDCHAR
STARTCHAR 0133
ENCODING 307
SWIDTH 625 0
DWIDTH 10 0
BBX 9 17 1 -4
BITMAP
2180
2180
0000
0000
E700
2100
2100
2100
2100
2100
2100
2100
F100
0100
0900
0B00
0E00
ENDCHAR
STARTCHAR 0134
ENCODING 308
SWIDTH 625 0
DWIDTH 10 0
BBX 7 17 2 0
BITMAP
0C
1A
12
00
3C
04
04
04
04
04
04
04
04
04
84
CC
78
ENDCHAR
STARTCHAR 0135
ENCODING 309
SWIDTH 562 0
DWIDTH 9 0
BBX 8 17 0 -4
BITMAP
0C
1A
11
00
3C
04
04
04
04
04
04
04
04
04
84
CC
78
ENDCHAR
STARTCHAR 0136
ENCODING 310
SWIDTH 562 0
DWIDTH 9 0
BBX 7 17 2 -4
BITMAP
8E
88
98
90
90
A0
E0
A0
B0
90
98
88
8C
00
20
20
20
ENDCHAR
STARTCHAR 0137
ENCODING 311
SWIDTH 625 0
DWIDTH 10 0
BBX 8 17 1 -4
BITMAP
C0
40
40
40
47
4C
48
50
70
78
4C
44
E7
00
10
10
10
ENDCHAR
STARTCHAR 0138
ENCODING 312
SWIDTH 625 0
DWIDTH 10 0
BBX 8 9 1 0
BITMAP
C7
44
48
50
70
78
4C
44
E3
ENDCHAR
STARTCHAR 0139
ENCODING 313
SWIDTH 562 0
DWIDTH 9 0
BBX 7 17 1 0
BITMAP
30
60
40
00
F0
40
40
40
40
40
40
40
40
40
40
42
FE
ENDCHAR
STARTCHAR 013A
ENCODING 314
SWIDTH 625 0
DWIDTH 10 0
BBX 6 17 2 0
BITMAP
08
10
10
00
F0
10
10
10
10
10
10
10
10
10
10
10
FC
ENDCHAR
STARTCHAR 013B
ENCODING 315
SWIDTH 562 0
DWIDTH 9 0
BBX 7 17 1 -4
BITMAP
F0
40
40
40
40
40
40
40
40
40
40
42
FE
00
18
18
10
ENDCHAR
STARTCHAR 013C
ENCODING 316
SWIDTH 625 0
DWIDTH 10 0
BBX 6 17 2 -4
BITMAP
F0
10
10
10
10
10
10
10
10
10
10
10
FC
00
10
10
10
ENDCHAR
STARTCHAR 013D
ENCODING 317
SWIDTH 625 0
DWIDTH 10 0
BBX 7 13 1 0
BITMAP
F6
42
44
40
40
40
40
40
40
40
40
42
FE
ENDCHAR
STARTCHAR 013E
ENCODING 318
SWIDTH 625 0
DWIDTH 10 0
BBX 6 13 2 0
BITMAP
F4
14
10
10
10
10
10
10
10
10
10
10
FC
ENDCHAR
STARTCHAR 013F
ENCODING 319
SWIDTH 562 0
DWIDTH 9 0
BBX 7 13 1 0
BITMAP
F0
40
40
40
40
4C
4C
40
40
40
40
42
FE
ENDCHAR
STARTCHAR 0140
ENCODING 320
SWIDTH 562 0
DWIDTH 9 0
BBX 7 13 1 0
BITMAP
F0
10
10
10
10
16
16
10
10
10
10
10
FC
ENDCHAR
STARTCHAR 0141
ENCODING 321
SWIDTH 562 0
DWIDTH 9 0
BBX 8 13 0 0
BITMAP
78
20
20
20
20
2C
30
E0
20
20
20
21
7F
ENDCHAR
STARTCHAR 0142
ENCODING 322
SWIDTH 625 0
DWIDTH 10 0
BBX 6 13 2 0
BITMAP
F0
10
10
10
14
1C
30
D0
10
10
10
10
FC
ENDCHAR
STARTCHAR 0143
ENCODING 323
SWIDTH 625 0
DWIDTH 10 0
BBX 8 17 1 0
BITMAP
0C
08
10
00
E7
62
62
62
52
52
52
4A
4A
4A
46
46
E6
ENDCHAR
STARTCHAR 0144
ENCODING 324
SWIDTH 625 0
DWIDTH 10 0
BBX 8 13 1 0
BITMAP
0C
08
10
00
DC
66
42
42
42
42
42
42
E7
ENDCHAR
STARTCHAR 0145
ENCODING 325
SWIDTH 625 0
DWIDTH 10 0
BBX 8 17 1 -4
BITMAP
E7
62
62
62
52
52
52
4A
4A
4A
46
46
E6
00
18
08
10
ENDCHAR
STARTCHAR 0146
ENCODING 326
SWIDTH 625 0
DWIDTH 10 0
BBX 8 13 1 -4
BITMAP
DC
66
42
42
42
42
42
42
E7
00
18
08
10
ENDCHAR
STARTCHAR 0147
ENCODING 327
SWIDTH 625 0
DWIDTH 10 0
BBX 8 17 1 0
BITMAP
24
3C
18
00
E7
62
62
62
52
52
52
4A
4A
4A
46
46
E6
ENDCHAR
STARTCHAR 0148
ENCODING 328
SWIDTH 625 0
DWIDTH 10 0
BBX 8 13 1 0
BITMAP
24
3C
18
00
DC
66
42
42
42
42
42
42
E7
ENDCHAR
STARTCHAR 0149
ENCODING 329
SWIDTH 625 0
DWIDTH 10 0
BBX 8 13 1 0
BITMAP
80
80
80
00
DC
66
42
42
42
42
42
42
E7
ENDCHAR
STARTCHAR 014A
ENCODING 330
SWIDTH 625 0
DWIDTH 10 0
BBX 7 17 1 -4
BITMAP
DC
66
42
42
42
42
42
42
42
42
42
42
E2
02
02
06
0C
ENDCHAR
STARTCHAR 014B
ENCODING 331
SWIDTH 625 0
DWIDTH 10 0
BBX 7 13 1 -4
BITMAP
DC
66
42
42
42
42
42
42
E2
02
02
06
0C
ENDCHAR
STARTCHAR 014C
ENCODING 332
SWIDTH 562 0
DWIDTH 9 0
BBX 6 16 2 0
BITMAP
FC
00
00
78
CC
84
84
84
84
84
84
84
84
84
CC
78
ENDCHAR
STARTCHAR 014D
ENCODING 333
SWIDTH 562 0
DWIDTH 9 0
BBX 6 12 2 0
BITMAP
FC
00
00
78
CC
84
84
84
84
84
CC
78
ENDCHAR
STARTCHAR 014E
ENCODING 334
SWIDTH 562 0
DWIDTH 9 0
BBX 6 17 2 0
BITMAP
C8
48
78
00
78
CC
84
84
84
84
84
84
84
84
84
CC
78
ENDCHAR
STARTCHAR 014F
ENCODING 335
SWIDTH 562 0
DWIDTH 9 0
BBX 6 13 2 0
BITMAP
C8
78
00
00
78
CC
84
84
84
84
84
CC
78
ENDCHAR
STARTCHAR 0150
ENCODING 336
SWIDTH 562 0
DWIDTH 9 0
BBX 6 17 2 0
BITMAP
24
6C
48
00
78
CC
84
84
84
84
84
84
84
84
84
CC
78
ENDCHAR
STARTCHAR 0151
ENCODING 337
SWIDTH 562 0
DWIDTH 9 0
BBX 6 13 2 0
BITMAP
24
6C
48
00
78
CC
84
84
84
84
84
CC
78
ENDCHAR
STARTCHAR 0152
ENCODING 338
SWIDTH 562 0
DWIDTH 9 0
BBX 7 13 1 0
BITMAP
6E
DA
8A
88
88
88
8E
88
88
88
88
DA
7E
ENDCHAR
STARTCHAR 0153
ENCODING 339
SWIDTH 562 0
DWIDTH 9 0
BBX 7 9 1 0
BITMAP
EC
B6
92
92
9E
90
92
B6
EC
ENDCHAR
STARTCHAR 0154
ENCODING 340
SWIDTH 625 0
DWIDTH 10 0
BBX 9 17 1 0
BITMAP
0600
0C00
1800
0000
FE00
4200
4300
4100
4100
4100
4300
7E00
4C00
4C00
4600
4200
E380
ENDCHAR
STARTCHAR 0155
ENCODING 341
SWIDTH 562 0
DWIDTH 9 0
BBX 7 13 1 0
BITMAP
08
18
10
00
EE
36
20
20
20
20
20
20
F8
ENDCHAR
STARTCHAR 0156
ENCODING 342
SWIDTH 625 0
DWIDTH 10 0
BBX 9 17 1 -4
BITMAP
FE00
4200
4300
4100
4100
4100
4300
7E00
4C00
4C00
4600
4200
E380
0000
1800
0800
0800
ENDCHAR
STARTCHAR 0157
ENCODING 343
SWIDTH 562 0
DWIDTH 9 0
BBX 7 13 1 -4
BITMAP
EE
36
20
20
20
20
20
20
F8
00
20
20
20
ENDCHAR
STARTCHAR 0158
ENCODING 344
SWIDTH 625 0
DWIDTH 10 0
BBX 9 17 1 0
BITMAP
2200
3600
1C00
0000
FE00
4200
4300
4100
4100
4100
4300
7E00
4C00
4C00
4600
4200
E380
ENDCHAR
STARTCHAR 0159
ENCODING 345
SWIDTH 562 0
DWIDTH 9 0
BBX 7 13 1 0
BITMAP
44
28
38
00
EE
36
20
20
20
20
20
20
F8
ENDCHAR
STARTCHAR 015A
ENCODING 346
SWIDTH 625 0
DWIDTH 10 0
BBX 6 17 2 0
BITMAP
18
10
20
00
74
CC
84
80
80
E0
70
18
0C
04
84
CC
B8
ENDCHAR
STARTCHAR 015B
ENCODING 347
SWIDTH 625 0
DWIDTH 10 0
BBX 6 13 2 0
BITMAP
18
10
20
00
74
CC
84
C0
78
0C
84
CC
B8
ENDCHAR
STARTCHAR 015C
ENCODING 348
SWIDTH 625 0
DWIDTH 10 0
BBX 6 17 2 0
BITMAP
30
58
48
00
74
CC
84
80
80
E0
70
18
0C
04
84
CC
B8
ENDCHAR
STARTCHAR 015D
ENCODING 349
SWIDTH 625 0
DWIDTH 10 0
BBX 6 13 2 0
BITMAP
30
78
48
00
74
CC
84
C0
78
0C
84
CC
B8
ENDCHAR
STARTCHAR 015E
ENCODING 350
SWIDTH 625 0
DWIDTH 10 0
BBX 6 16 2 -3
BITMAP
74
CC
84
80
80
E0
70
18
0C
04
84
CC
B8
10
08
78
ENDCHAR
STARTCHAR 015F
ENCODING 351
SWIDTH 625 0
DWIDTH 10 0
BBX 6 12 2 -3
BITMAP
74
CC
84
C0
78
0C
84
CC
B8
10
08
78
ENDCHAR
STARTCHAR 0160
ENCODING 352
SWIDTH 625 0
DWIDTH 10 0
BBX 6 17 2 0
BITMAP
48
58
30
00
74
CC
84
80
80
E0
70
18
0C
04
84
CC
B8
ENDCHAR
STARTCHAR 0161
ENCODING 353
SWIDTH 625 0
DWIDTH 10 0
BBX 6 13 2 0
BITMAP
48
30
30
00
74
CC
84
C0
78
0C
84
CC
B8
ENDCHAR
STARTCHAR 0162
ENCODING 354
SWIDTH 625 0
DWIDTH 10 0
BBX 7 17 2 -4
BITMAP
FE
92
92
10
10
10
10
10
10
10
10
10
78
10
08
08
78
ENDCHAR
STARTCHAR 0163
ENCODING 355
SWIDTH 562 0
DWIDTH 9 0
BBX 7 16 1 -3
BITMAP
20
20
20
20
FE
20
20
20
20
20
22
26
1C
18
1C
3C
ENDCHAR
STARTCHAR 0164
ENCODING 356
SWIDTH 625 0
DWIDTH 10 0
BBX 7 17 2 0
BITMAP
4C
68
38
00
FE
92
92
10
10
10
10
10
10
10
10
10
78
ENDCHAR
STARTCHAR 0165
ENCODING 357
SWIDTH 562 0
DWIDTH 9 0
BBX 7 13 1 0
BITMAP
24
24
24
20
FC
20
20
20
20
20
26
34
1C
ENDCHAR
STARTCHAR 0166
ENCODING 358
SWIDTH 625 0
DWIDTH 10 0
BBX 7 13 2 0
BITMAP
FE
92
92
10
10
10
10
7C
10
10
10
10
7C
ENDCHAR
STARTCHAR 0167
ENCODING 359
SWIDTH 562 0
DWIDTH 9 0
BBX 7 13 1 0
BITMAP
20
20
20
20
FC
20
20
F8
20
20
26
34
1C
ENDCHAR
STARTCHAR 0168
ENCODING 360
SWIDTH 625 0
DWIDTH 10 0
BBX 8 17 1 0
BITMAP
32
7E
4C
00
E7
42
42
42
42
42
42
42
42
42
42
66
3C
ENDCHAR
STARTCHAR 0169
ENCODING 361
SWIDTH 625 0
DWIDTH 10 0
BBX 8 13 1 0
BITMAP
32
7E
4C
00
C6
42
42
42
42
42
42
66
3B
ENDCHAR
STARTCHAR 016A
ENCODING 362
SWIDTH 625 0
DWIDTH 10 0
BBX 8 16 1 0
BITMAP
7E
00
00
E7
42
42
42
42
42
42
42
42
42
42
66
3C
ENDCHAR
STARTCHAR 016B
ENCODING 363
SWIDTH 625 0
DWIDTH 10 0
BBX 8 12 1 0
BITMAP
7E
00
00
C6
42
42
42
42
42
42
66
3B
ENDCHAR
STARTCHAR 016C
ENCODING 364
SWIDTH 625 0
DWIDTH 10 0
BBX 8 17 1 0
BITMAP
46
64
3C
00
E7
42
42
42
42
42
42
42
42
42
42
66
3C
ENDCHAR
STARTCHAR 016D
ENCODING 365
SWIDTH 625 0
DWIDTH 10 0
BBX 8 13 1 0
BITMAP
66
24
3C
00
C6
42
42
42
42
42
42
66
3B
ENDCHAR
STARTCHAR 016E
ENCODING 366
SWIDTH 625 0
DWIDTH 10 0
BBX 8 17 1 0
BITMAP
18
28
18
00
E7
42
42
42
42
42
42
42
42
42
42
66
3C
ENDCHAR
STARTCHAR 016F
ENCODING 367
SWIDTH 625 0
DWIDTH 10 0
BBX 8 13 1 0
BITMAP
18
28
18
00
C6
42
42
42
42
42
42
66
3B
ENDCHAR
STARTCHAR 0170
ENCODING 368
SWIDTH 625 0
DWIDTH 10 0
BBX 8 17 1 0
BITMAP
1A
36
24
00
E7
42
42
42
42
42
42
42
42
42
42
66
3C
ENDCHAR
STARTCHAR 0171
ENCODING 369
SWIDTH 625 0
DWIDTH 10 0
BBX 8 13 1 0
BITMAP
13
36
24
00
C6
42
42
42
42
42
42
66
3B
ENDCHAR
STARTCHAR 0172
ENCODING 370
SWIDTH 625 0
DWIDTH 10 0
BBX 8 16 1 -3
BITMAP
E7
42
42
42
42
42
42
42
42
42
42
66
3C
10
10
18
ENDCHAR
STARTCHAR 0173
ENCODING 371
SWIDTH 625 0
DWIDTH 10 0
BBX 8 13 1 -4
BITMAP
C6
42
42
42
42
42
42
66
3B
03
02
02
03
ENDCHAR
STARTCHAR 0174
ENCODING 372
SWIDTH 687 0
DWIDTH 11 0
BBX 9 17 1 0
BITMAP
0800
1400
2200
0000
E380
4100
4100
4100
4900
4900
5900
7700
3600
3600
3600
3600
2200
ENDCHAR
STARTCHAR 0175
ENCODING 373
SWIDTH 687 0
DWIDTH 11 0
BBX 9 13 1 0
BITMAP
1C00
1400
2200
0000
E380
4100
4900
4900
5500
7700
3600
3600
2200
ENDCHAR
STARTCHAR 0176
ENCODING 374
SWIDTH 625 0
DWIDTH 10 0
BBX 8 17 1 0
BITMAP
18
34
24
00
E7
66
26
24
34
14
18
08
08
08
08
08
3C
ENDCHAR
STARTCHAR 0177
ENCODING 375
SWIDTH 625 0
DWIDTH 10 0
BBX 8 17 1 -4
BITMAP
18
3C
24
00
E7
42
66
24
24
24
18
18
18
18
10
30
60
ENDCHAR
STARTCHAR 0178
ENCODING 376
SWIDTH 625 0
DWIDTH 10 0
BBX 8 16 1 0
BITMAP
66
64
00
E7
66
26
24
34
14
18
08
08
08
08
08
3C
ENDCHAR
STARTCHAR 0179
ENCODING 377
SWIDTH 625 0
DWIDTH 10 0
BBX 6 17 2 0
BITMAP
18
10
20
00
FC
8C
0C
18
18
10
30
20
60
40
C0
84
FC
ENDCHAR
STARTCHAR 017A
ENCODING 378
SWIDTH 625 0
DWIDTH 10 0
BBX 6 13 2 0
BITMAP
18
10
20
00
FC
8C
08
10
30
60
40
C4
FC
ENDCHAR
STARTCHAR 017B
ENCODING 379
SWIDTH 625 0
DWIDTH 10 0
BBX 6 16 2 0
BITMAP
30
30
00
FC
8C
0C
18
18
10
30
20
60
40
C0
84
FC
ENDCHAR
STARTCHAR 017C
ENCODING 380
SWIDTH 625 0
DWIDTH 10 0
BBX 6 13 2 0
BITMAP
30
30
00
00
FC
8C
08
10
30
60
40
C4
FC
ENDCHAR
STARTCHAR 017D
ENCODING 381
SWIDTH 625 0
DWIDTH 10 0
BBX 6 17 2 0
BITMAP
48
58
30
00
FC
8C
0C
18
18
10
30
20
60
40
C0
84
FC
ENDCHAR
STARTCHAR 017E
ENCODING 382
SWIDTH 625 0
DWIDTH 10 0
BBX 6 13 2 0
BITMAP
48
58
30
00
FC
8C
08
10
30
60
40
C4
FC
ENDCHAR
STARTCHAR 017F
ENCODING 383
SWIDTH 562 0
DWIDTH 9 0
BBX 6 13 2 0
BITMAP
18
3C
24
20
20
20
20
20
20
20
20
20
F0
ENDCHAR
STARTCHAR 0180
ENCODING 384
SWIDTH 625 0
DWIDTH 10 0
BBX 8 13 1 0
BITMAP
C0
40
F0
40
5E
63
41
41
41
41
41
63
DE
ENDCHAR
STARTCHAR 0181
ENCODING 385
SWIDTH 625 0
DWIDTH 10 0
BBX 9 13 0 0
BITMAP
FE00
A300
A100
2100
2100
2300
3E00
2300
2080
2080
2080
2300
7E00
ENDCHAR
STARTCHAR 0182
ENCODING 386
SWIDTH 562 0
DWIDTH 9 0
BBX 7 13 1 0
BITMAP
FE
42
42
40
40
40
7C
46
42
42
42
46
FC
ENDCHAR
STARTCHAR 0183
ENCODING 387
SWIDTH 562 0
DWIDTH 9 0
BBX 7 13 1 0
BITMAP
FE
42
40
40
5C
66
42
42
42
42
42
66
DC
ENDCHAR
STARTCHAR 0184
ENCODING 388
SWIDTH 625 0
DWIDTH 10 0
BBX 8 13 1 0
BITMAP
30
70
D0
90
10
10
1E
13
11
11
11
13
3E
ENDCHAR
STARTCHAR 0185
ENCODING 389
SWIDTH 625 0
DWIDTH 10 0
BBX 8 9 1 0
BITMAP
30
70
D0
90
1E
13
11
13
3E
ENDCHAR
STARTCHAR 0186
ENCODING 390
SWIDTH 562 0
DWIDTH 9 0
BBX 6 13 2 0
BITMAP
78
CC
84
04
04
04
04
04
04
04
84
CC
B8
ENDCHAR
STARTCHAR 0187
ENCODING 391
SWIDTH 625 0
DWIDTH 10 0
BBX 8 16 2 0
BITMAP
03
06
04
74
CC
84
84
80
80
80
80
80
80
84
CC
78
ENDCHAR
STARTCHAR 0188
ENCODING 392
SWIDTH 625 0
DWIDTH 10 0
BBX 8 13 2 0
BITMAP
03
06
04
04
74
CC
84
80
80
80
84
CC
78
ENDCHAR
STARTCHAR 0189
ENCODING 393
SWIDTH 625 0
DWIDTH 10 0
BBX 8 13 1 0
BITMAP
FC
46
43
41
41
41
F1
41
41
41
43
46
FC
ENDCHAR
STARTCHAR 018A
ENCODING 394
SWIDTH 562 0
DWIDTH 9 0
BBX 8 13 0 0
BITMAP
FC
A2
A3
21
21
21
21
21
21
21
23
22
7C
ENDCHAR
STARTCHAR 018B
ENCODING 395
SWIDTH 625 0
DWIDTH 10 0
BBX 7 13 2 0
BITMAP
7E
44
44
04
04
04
7C
C4
84
84
84
C4
7E
ENDCHAR
STARTCHAR 018C
ENCODING 396
SWIDTH 625 0
DWIDTH 10 0
BBX 7 13 2 0
BITMAP
7E
44
04
04
74
CC
84
84
84
84
84
CC
76
ENDCHAR
STARTCHAR 018D
ENCODING 397
SWIDTH 562 0
DWIDTH 9 0
BBX 6 13 2 -4
BITMAP
78
CC
84
84
84
84
CC
78
0C
04
04
4C
78
ENDCHAR
STARTCHAR 018E
ENCODING 398
SWIDTH 625 0
DWIDTH 10 0
BBX 7 13 2 0
BITMAP
FE
84
84
04
04
04
7C
04
04
04
04
84
FE
ENDCHAR
STARTCHAR 018F
ENCODING 399
SWIDTH 562 0
DWIDTH 9 0
BBX 6 13 2 0
BITMAP
B8
CC
84
04
04
04
FC
84
84
84
84
CC
78
ENDCHAR
STARTCHAR 0190
ENCODING 400
SWIDTH 687 0
DWIDTH 11 0
BBX 7 13 2 0
BITMAP
7A
C6
82
80
80
C0
70
C0
80
80
82
C6
7C
ENDCHAR
STARTCHAR 0191
ENCODING 401
SWIDTH 625 0
DWIDTH 10 0
BBX 8 17 0 -4
BITMAP
7F
21
21
20
20
20
3E
20
20
20
20
20
20
20
20
60
C0
ENDCHAR
STARTCHAR 0192
ENCODING 402
SWIDTH 687 0
DWIDTH 11 0
BBX 8 17 2 -4
BITMAP
0E
1A
13
10
10
FE
10
10
10
10
10
10
10
10
10
30
E0
ENDCHAR
STARTCHAR 0193
ENCODING 403
SWIDTH 625 0
DWIDTH 10 0
BBX 8 16 2 0
BITMAP
03
06
04
7C
CC
84
84
80
80
9E
84
84
84
84
DC
74
ENDCHAR
STARTCHAR 0194
ENCODING 404
SWIDTH 625 0
DWIDTH 10 0
BBX 8 17 1 -4
BITMAP
E7
62
22
26
34
14
1C
18
08
08
18
1C
14
14
14
14
1C
ENDCHAR
STARTCHAR 0195
ENCODING 405
SWIDTH 687 0
DWIDTH 11 0
BBX 9 13 1 0
BITMAP
C000
4000
4000
4000
7B80
5900
4900
4900
4900
4900
4900
4B00
EE00
ENDCHAR
STARTCHAR 0196
ENCODING 406
SWIDTH 562 0
DWIDTH 9 0
BBX 7 13 1 0
BITMAP
F0
10
10
10
10
10
10
10
10
10
10
18
0E
ENDCHAR
STARTCHAR 0197
ENCODING 407
SWIDTH 625 0
DWIDTH 10 0
BBX 6 13 2 0
BITMAP
FC
10
10
10
10
10
78
10
10
10
10
10
FC
ENDCHAR
STARTCHAR 0198
ENCODING 408
SWIDTH 625 0
DWIDTH 10 0
BBX 6 13 2 0
BITMAP
8C
88
90
90
B0
A0
E0
B0
90
98
88
88
84
ENDCHAR
STARTCHAR 0199
ENCODING 409
SWIDTH 625 0
DWIDTH 10 0
BBX 8 13 1 0
BITMAP
30
60
40
40
43
44
4C
58
78
78
4C
46
E3
ENDCHAR
STARTCHAR 019A
ENCODING 410
SWIDTH 625 0
DWIDTH 10 0
BBX 6 13 2 0
BITMAP
F0
10
10
10
10
10
78
10
10
10
10
10
FC
ENDCHAR
STARTCHAR 019B
ENCODING 411
SWIDTH 625 0
DWIDTH 10 0
BBX 8 13 1 0
BITMAP
60
34
18
78
18
18
18
24
24
24
66
42
E7
ENDCHAR
STARTCHAR 019C
ENCODING 412
SWIDTH 562 0
DWIDTH 9 0
BBX 9 13 0 0
BITMAP
C980
4900
4900
4900
4900
4900
4900
4900
4900
4900
4900
5B00
6D80
ENDCHAR
STARTCHAR 019D
ENCODING 413
SWIDTH 625 0
DWIDTH 10 0
BBX 9 17 0 -4
BITMAP
7380
3100
3100
3900
2900
2900
2900
2500
2500
2500
2300
2300
2300
2000
2000
6000
C000
ENDCHAR
STARTCHAR 019E
ENCODING 414
SWIDTH 687 0
DWIDTH 11 0
BBX 9 13 1 -4
BITMAP
DC00
6600
4200
4200
4200
4200
4200
4200
E200
0200
0200
0200
0780
ENDCHAR
STARTCHAR 019F
ENCODING 415
SWIDTH 562 0
DWIDTH 9 0
BBX 6 13 2 0
BITMAP
78
CC
84
84
84
84
FC
84
84
84
84
CC
78
ENDCHAR
STARTCHAR 01A0
ENCODING 416
SWIDTH 625 0
DWIDTH 10 0
BBX 8 15 2 0
BITMAP
03
01
7A
CE
84
84
84
84
84
84
84
84
84
CC
78
ENDCHAR
STARTCHAR 01A1
ENCODING 417
SWIDTH 625 0
DWIDTH 10 0
BBX 8 11 2 0
BITMAP
03
01
7A
CE
84
84
84
84
84
CC
78
ENDCHAR
STARTCHAR 01A2
ENCODING 418
SWIDTH 625 0
DWIDTH 10 0
BBX 8 17 1 -4
BITMAP
72
DE
8E
8A
8A
8A
8A
8A
8A
8A
8A
DA
72
02
02
02
07
ENDCHAR
STARTCHAR 01A3
ENCODING 419
SWIDTH 625 0
DWIDTH 10 0
BBX 8 13 1 -4
BITMAP
72
DE
8E
8A
8A
8A
8A
DA
72
02
02
02
07
ENDCHAR
STARTCHAR 01A4
ENCODING 420
SWIDTH 562 0
DWIDTH 9 0
BBX 8 13 0 0
BITMAP
7E
A3
A3
21
21
21
23
3E
20
20
20
20
78
ENDCHAR
STARTCHAR 01A5
ENCODING 421
SWIDTH 625 0
DWIDTH 10 0
BBX 8 16 1 -4
BITMAP
30
60
40
5E
63
41
41
41
41
41
63
5E
40
40
40
F0
ENDCHAR
STARTCHAR 01A6
ENCODING 422
SWIDTH 625 0
DWIDTH 10 0
BBX 9 17 1 -4
BITMAP
F000
4000
4000
7E00
4300
4100
4100
4100
4300
7E00
4C00
4400
E400
0600
0200
0300
0180
ENDCHAR
STARTCHAR 01A7
ENCODING 423
SWIDTH 625 0
DWIDTH 10 0
BBX 6 13 2 0
BITMAP
B8
CC
84
04
0C
18
70
E0
80
80
84
CC
74
ENDCHAR
STARTCHAR 01A8
ENCODING 424
SWIDTH 625 0
DWIDTH 10 0
BBX 6 9 2 0
BITMAP
B8
CC
84
0C
78
C0
84
CC
74
ENDCHAR
STARTCHAR 01A9
ENCODING 425
SWIDTH 625 0
DWIDTH 10 0
BBX 7 13 1 0
BITMAP
FE
C2
42
60
20
30
10
30
20
60
40
C2
FE
ENDCHAR
STARTCHAR 01AA
ENCODING 426
SWIDTH 562 0
DWIDTH 9 0
BBX 5 17 2 -4
BITMAP
E0
A0
A0
E0
20
20
20
20
20
20
20
20
20
20
20
30
18
ENDCHAR
STARTCHAR 01AB
ENCODING 427
SWIDTH 562 0
DWIDTH 9 0
BBX 7 16 1 -3
BITMAP
20
20
20
20
FC
20
20
20
20
20
22
36
1E
02
06
0C
ENDCHAR
STARTCHAR 01AC
ENCODING 428
SWIDTH 625 0
DWIDTH 10 0
BBX 7 13 2 0
BITMAP
7E
92
92
10
10
10
10
10
10
10
10
10
78
ENDCHAR
STARTCHAR 01AD
ENCODING 429
SWIDTH 562 0
DWIDTH 9 0
BBX 7 13 1 0
BITMAP
18
30
20
20
FC
20
20
20
20
20
26
34
1C
ENDCHAR
STARTCHAR 01AE
ENCODING 430
SWIDTH 625 0
DWIDTH 10 0
BBX 7 16 2 -3
BITMAP
FE
92
92
10
10
10
10
10
10
10
10
10
10
10
18
0C
ENDCHAR
STARTCHAR 01AF
ENCODING 431
SWIDTH 625 0
DWIDTH 10 0
BBX 9 15 1 0
BITMAP
0180
0080
E700
4200
4200
4200
4200
4200
4200
4200
4200
4200
4200
6600
3C00
ENDCHAR
STARTCHAR 01B0
ENCODING 432
SWIDTH 625 0
DWIDTH 10 0
BBX 9 11 1 0
BITMAP
0180
0080
C700
4200
4200
4200
4200
4200
4200
6600
3B00
ENDCHAR
STARTCHAR 01B1
ENCODING 433
SWIDTH 562 0
DWIDTH 9 0
BBX 6 13 2 0
BITMAP
DC
50
C8
8C
84
84
84
84
84
84
8C
C8
78
ENDCHAR
STARTCHAR 01B2
ENCODING 434
SWIDTH 625 0
DWIDTH 10 0
BBX 7 13 1 0
BITMAP
EC
46
42
42
42
42
42
42
42
42
42
66
3C
ENDCHAR
STARTCHAR 01B3
ENCODING 435
SWIDTH 625 0
DWIDTH 10 0
BBX 8 13 1 0
BITMAP
E3
62
26
24
34
14
1C
08
08
08
08
08
3C
ENDCHAR
STARTCHAR 01B4
ENCODING 436
SWIDTH 625 0
DWIDTH 10 0
BBX 8 13 1 -4
BITMAP
E3
42
66
26
24
34
1C
18
18
18
10
30
60
ENDCHAR
STARTCHAR 01B5
ENCODING 437
SWIDTH 625 0
DWIDTH 10 0
BBX 6 13 2 0
BITMAP
FC
8C
0C
18
18
10
7C
20
60
40
C0
84
FC
ENDCHAR
STARTCHAR 01B6
ENCODING 438
SWIDTH 625 0
DWIDTH 10 0
BBX 6 9 2 0
BITMAP
FC
8C
08
10
7C
60
40
C4
FC
ENDCHAR
STARTCHAR 01B7
ENCODING 439
SWIDTH 625 0
DWIDTH 10 0
BBX 7 13 2 0
BITMAP
FC
84
88
18
30
20
7C
06
02
02
82
C6
78
ENDCHAR
STARTCHAR 01B8
ENCODING 440
SWIDTH 625 0
DWIDTH 10 0
BBX 7 13 2 0
BITMAP
FE
42
62
30
10
08
7C
C0
80
80
82
C6
7C
ENDCHAR
STARTCHAR 01B9
ENCODING 441
SWIDTH 625 0
DWIDTH 10 0
BBX 7 13 2 -4
BITMAP
FE
42
20
10
18
7C
C0
80
80
80
82
C6
7C
ENDCHAR
STARTCHAR 01BA
ENCODING 442
SWIDTH 625 0
DWIDTH 10 0
BBX 7 13 2 -4
BITMAP
FC
8C
10
20
7C
06
06
0C
78
C0
80
CC
78
ENDCHAR
STARTCHAR 01BB
ENCODING 443
SWIDTH 625 0
DWIDTH 10 0
BBX 8 13 1 0
BITMAP
3C
66
42
02
02
06
FF
18
30
60
40
42
7E
ENDCHAR
STARTCHAR 01BC
ENCODING 444
SWIDTH 625 0
DWIDTH 10 0
BBX 7 13 2 0
BITMAP
FC
44
44
40
40
40
7C
06
02
02
02
0E
F8
ENDCHAR
STARTCHAR 01BD
ENCODING 445
SWIDTH 625 0
DWIDTH 10 0
BBX 7 9 2 0
BITMAP
FC
44
40
40
7C
06
02
06
FC
ENDCHAR
STARTCHAR 01BE
ENCODING 446
SWIDTH 625 0
DWIDTH 10 0
BBX 6 13 2 0
BITMAP
20
20
20
20
FC
20
30
18
0C
04
84
CC
B8
ENDCHAR
STARTCHAR 01BF
ENCODING 447
SWIDTH 625 0
DWIDTH 10 0
BBX 8 13 1 -4
BITMAP
DE
63
41
41
43
42
46
5C
78
60
40
40
F0
ENDCHAR
STARTCHAR 01C0
ENCODING 448
SWIDTH 562 0
DWIDTH 9 0
BBX 1 17 4 -4
BITMAP
80
80
80
80
80
80
80
80
80
80
80
80
80
80
80
80
80
ENDCHAR
STARTCHAR 01C1
ENCODING 449
SWIDTH 625 0
DWIDTH 10 0
BBX 4 17 3 -4
BITMAP
90
90
90
90
90
90
90
90
90
90
90
90
90
90
90
90
90
ENDCHAR
STARTCHAR 01C2
ENCODING 450
SWIDTH 687 0
DWIDTH 11 0
BBX 7 17 2 -4
BITMAP
10
10
10
10
10
10
10
FE
10
10
FE
10
10
10
10
10
10
ENDCHAR
STARTCHAR 01C3
ENCODING 451
SWIDTH 562 0
DWIDTH 9 0
BBX 2 13 4 0
BITMAP
80
80
80
80
80
80
80
80
00
00
00
C0
C0
ENDCHAR
STARTCHAR 01C4
ENCODING 452
SWIDTH 687 0
DWIDTH 11 0
BBX 10 17 0 0
BITMAP
0200
0180
0180
0000
F3C0
5AC0
4AC0
4880
4880
4980
4980
4900
4900
4B00
4B00
5A40
F3C0
ENDCHAR
STARTCHAR 01C5
ENCODING 453
SWIDTH 687 0
DWIDTH 11 0
BBX 10 13 0 1
BITMAP
F380
5980
4800
4800
4BC0
4AC0
48C0
4880
4980
4900
4B00
5A40
F3C0
ENDCHAR
STARTCHAR 01C6
ENCODING 454
SWIDTH 687 0
DWIDTH 11 0
BBX 9 13 1 1
BITMAP
3500
1300
1200
1000
D780
F580
9180
9100
9300
9200
9600
B480
D780
ENDCHAR
STARTCHAR 01C7
ENCODING 455
SWIDTH 687 0
DWIDTH 11 0
BBX 9 13 1 0
BITMAP
C380
4080
4080
4080
4080
4080
4080
4080
4080
4080
4480
5580
F300
ENDCHAR
STARTCHAR 01C8
ENCODING 456
SWIDTH 625 0
DWIDTH 10 0
BBX 9 17 1 -4
BITMAP
C180
4180
4000
4000
4300
4100
4100
4100
4100
4100
4100
5100
F100
0100
0900
0B00
0600
ENDCHAR
STARTCHAR 01C9
ENCODING 457
SWIDTH 687 0
DWIDTH 11 0
BBX 9 17 1 -4
BITMAP
E180
2180
2000
2000
2380
2080
2080
2080
2080
2080
2080
2080
F080
0080
0880
0D80
0700
ENDCHAR
STARTCHAR 01CA
ENCODING 458
SWIDTH 625 0
DWIDTH 10 0
BBX 9 13 0 0
BITMAP
DB80
5080
5080
5080
5080
7080
7080
7080
5080
5080
5480
5380
D300
ENDCHAR
STARTCHAR 01CB
ENCODING 459
SWIDTH 625 0
DWIDTH 10 0
BBX 9 17 0 -4
BITMAP
D980
5180
5000
5000
5380
7080
7080
7080
5080
5080
5080
5080
D080
0080
0480
0580
0300
ENDCHAR
STARTCHAR 01CC
ENCODING 460
SWIDTH 625 0
DWIDTH 10 0
BBX 9 17 0 -4
BITMAP
0180
0180
0000
0000
A380
F080
9080
9080
9080
9080
9080
9080
D880
0080
0480
0580
0300
ENDCHAR
STARTCHAR 01CD
ENCODING 461
SWIDTH 625 0
DWIDTH 10 0
BBX 8 17 1 0
BITMAP
24
3C
18
00
18
18
18
18
3C
24
24
24
7E
66
42
42
E7
ENDCHAR
STARTCHAR 01CE
ENCODING 462
SWIDTH 562 0
DWIDTH 9 0
BBX 8 13 1 0
BITMAP
44
2C
18
00
3C
66
C2
02
3E
62
C2
C6
7B
ENDCHAR
STARTCHAR 01CF
ENCODING 463
SWIDTH 625 0
DWIDTH 10 0
BBX 6 17 2 0
BITMAP
40
68
30
00
FC
10
10
10
10
10
10
10
10
10
10
10
FC
ENDCHAR
STARTCHAR 01D0
ENCODING 464
SWIDTH 625 0
DWIDTH 10 0
BBX 6 13 2 0
BITMAP
40
68
30
00
F0
10
10
10
10
10
10
10
FC
ENDCHAR
STARTCHAR 01D1
ENCODING 465
SWIDTH 562 0
DWIDTH 9 0
BBX 6 17 2 0
BITMAP
48
58
30
00
78
CC
84
84
84
84
84
84
84
84
84
CC
78
ENDCHAR
STARTCHAR 01D2
ENCODING 466
SWIDTH 562 0
DWIDTH 9 0
BBX 6 13 2 0
BITMAP
48
30
30
00
78
CC
84
84
84
84
84
CC
78
ENDCHAR
STARTCHAR 01D3
ENCODING 467
SWIDTH 625 0
DWIDTH 10 0
BBX 8 17 1 0
BITMAP
24
3C
18
00
E7
42
42
42
42
42
42
42
42
42
42
66
3C
ENDCHAR
STARTCHAR 01D4
ENCODING 468
SWIDTH 625 0
DWIDTH 10 0
BBX 8 13 1 0
BITMAP
24
2C
18
00
C6
42
42
42
42
42
42
66
3B
ENDCHAR
STARTCHAR 01D5
ENCODING 469
SWIDTH 625 0
DWIDTH 10 0
BBX 8 19 1 0
BITMAP
7E
00
00
66
64
00
E7
42
42
42
42
42
42
42
42
42
42
66
3C
ENDCHAR
STARTCHAR 01D6
ENCODING 470
SWIDTH 625 0
DWIDTH 10 0
BBX 8 16 1 0
BITMAP
7E
00
00
66
66
00
00
C6
42
42
42
42
42
42
66
3B
ENDCHAR
STARTCHAR 01D7
ENCODING 471
SWIDTH 625 0
DWIDTH 10 0
BBX 8 20 1 0
BITMAP
0C
08
10
00
66
64
00
E7
42
42
42
42
42
42
42
42
42
42
66
3C
ENDCHAR
STARTCHAR 01D8
ENCODING 472
SWIDTH 625 0
DWIDTH 10 0
BBX 8 17 1 0
BITMAP
04
08
10
00
66
66
00
00
C6
42
42
42
42
42
42
66
3B
ENDCHAR
STARTCHAR 01D9
ENCODING 473
SWIDTH 625 0
DWIDTH 10 0
BBX 8 20 1 0
BITMAP
24
38
18
00
66
64
00
E7
42
42
42
42
42
42
42
42
42
42
66
3C
ENDCHAR
STARTCHAR 01DA
ENCODING 474
SWIDTH 625 0
DWIDTH 10 0
BBX 8 16 1 0
BITMAP
24
38
18
66
66
00
00
C6
42
42
42
42
42
42
66
3B
ENDCHAR
STARTCHAR 01DB
ENCODING 475
SWIDTH 625 0
DWIDTH 10 0
BBX 8 20 1 0
BITMAP
20
10
08
00
66
64
00
E7
42
42
42
42
42
42
42
42
42
42
66
3C
ENDCHAR
STARTCHAR 01DC
ENCODING 476
SWIDTH 625 0
DWIDTH 10 0
BBX 8 17 1 0
BITMAP
20
10
08
00
66
66
00
00
C6
42
42
42
42
42
42
66
3B
ENDCHAR
STARTCHAR 01DD
ENCODING 477
SWIDTH 562 0
DWIDTH 9 0
BBX 7 9 1 0
BITMAP
78
C4
86
02
FE
82
C6
C4
7C
ENDCHAR
STARTCHAR 01DE
ENCODING 478
SWIDTH 625 0
DWIDTH 10 0
BBX 8 19 1 0
BITMAP
7E
00
00
66
64
00
18
18
18
3C
3C
24
24
24
7E
66
42
42
E7
ENDCHAR
STARTCHAR 01DF
ENCODING 479
SWIDTH 625 0
DWIDTH 10 0
BBX 7 16 2 0
BITMAP
FC
00
00
CC
CC
00
00
78
CC
84
04
7C
C4
84
8C
F6
ENDCHAR
STARTCHAR 01E0
ENCODING 480
SWIDTH 625 0
DWIDTH 10 0
BBX 8 19 1 0
BITMAP
7E
00
00
18
18
00
18
18
18
3C
3C
24
24
24
7E
66
42
42
E7
ENDCHAR
STARTCHAR 01E1
ENCODING 481
SWIDTH 625 0
DWIDTH 10 0
BBX 7 16 2 0
BITMAP
FC
00
00
30
30
00
00
78
CC
84
04
7C
C4
84
8C
F6
ENDCHAR
STARTCHAR 01E2
ENCODING 482
SWIDTH 625 0
DWIDTH 10 0
BBX 8 16 1 0
BITMAP
3F
00
00
3F
1D
1D
14
14
34
37
24
24
3C
64
45
E7
ENDCHAR
STARTCHAR 01E3
ENCODING 483
SWIDTH 562 0
DWIDTH 9 0
BBX 7 12 1 0
BITMAP
7E
00
00
EC
D6
92
12
7E
90
92
96
EC
ENDCHAR
STARTCHAR 01E4
ENCODING 484
SWIDTH 625 0
DWIDTH 10 0
BBX 7 13 2 0
BITMAP
78
CC
84
80
80
80
9E
84
84
9E
84
DC
74
ENDCHAR
STARTCHAR 01E5
ENCODING 485
SWIDTH 687 0
DWIDTH 11 0
BBX 9 13 1 -4
BITMAP
3D80
7300
6100
4100
FF80
4100
6100
6300
3D00
0100
6100
6300
3E00
ENDCHAR
STARTCHAR 01E6
ENCODING 486
SWIDTH 625 0
DWIDTH 10 0
BBX 7 17 2 0
BITMAP
48
78
30
00
78
CC
84
80
80
80
9E
84
84
84
84
DC
74
ENDCHAR
STARTCHAR 01E7
ENCODING 487
SWIDTH 625 0
DWIDTH 10 0
BBX 7 17 2 -4
BITMAP
48
78
30
00
76
CC
84
84
84
84
84
CC
74
04
84
CC
78
ENDCHAR
STARTCHAR 01E8
ENCODING 488
SWIDTH 625 0
DWIDTH 10 0
BBX 7 17 2 0
BITMAP
88
58
30
00
86
8C
88
98
90
B0
E0
B0
90
98
88
8C
84
ENDCHAR
STARTCHAR 01E9
ENCODING 489
SWIDTH 625 0
DWIDTH 10 0
BBX 9 17 0 0
BITMAP
8800
5000
7000
0000
6000
2000
2000
2000
2380
2600
2400
2800
3800
3C00
2600
2200
7380
ENDCHAR
STARTCHAR 01EA
ENCODING 490
SWIDTH 562 0
DWIDTH 9 0
BBX 6 16 2 -3
BITMAP
78
CC
84
84
84
84
84
84
84
84
84
CC
78
20
20
30
ENDCHAR
STARTCHAR 01EB
ENCODING 491
SWIDTH 562 0
DWIDTH 9 0
BBX 6 12 2 -3
BITMAP
78
CC
84
84
84
84
84
CC
78
20
20
30
ENDCHAR
STARTCHAR 01EC
ENCODING 492
SWIDTH 562 0
DWIDTH 9 0
BBX 6 19 2 -3
BITMAP
FC
00
00
78
CC
84
84
84
84
84
84
84
84
84
CC
78
20
20
30
ENDCHAR
STARTCHAR 01ED
ENCODING 493
SWIDTH 562 0
DWIDTH 9 0
BBX 6 15 2 -3
BITMAP
FC
00
00
78
CC
84
84
84
84
84
CC
78
20
20
30
ENDCHAR
STARTCHAR 01EE
ENCODING 494
SWIDTH 625 0
DWIDTH 10 0
BBX 7 17 2 0
BITMAP
44
68
38
00
FC
84
88
18
30
20
7C
06
02
02
82
C6
78
ENDCHAR
STARTCHAR 01EF
ENCODING 495
SWIDTH 625 0
DWIDTH 10 0
BBX 7 17 2 -4
BITMAP
44
68
38
00
FC
84
08
10
20
78
04
06
02
02
86
CC
78
ENDCHAR
STARTCHAR 01F0
ENCODING 496
SWIDTH 562 0
DWIDTH 9 0
BBX 8 17 0 -4
BITMAP
11
1A
0C
00
3C
04
04
04
04
04
04
04
04
04
84
CC
78
ENDCHAR
STARTCHAR 01F1
ENCODING 497
SWIDTH 687 0
DWIDTH 11 0
BBX 10 13 0 0
BITMAP
F3C0
5AC0
4AC0
4880
4880
4980
4980
4900
4900
4B00
4B00
5A40
F3C0
ENDCHAR
STARTCHAR 01F2
ENCODING 498
SWIDTH 687 0
DWIDTH 11 0
BBX 10 13 0 0
BITMAP
F000
5800
4800
4800
4BC0
4AC0
48C0
4880
4980
4900
4B00
5A40
F3C0
ENDCHAR
STARTCHAR 01F3
ENCODING 499
SWIDTH 687 0
DWIDTH 11 0
BBX 9 13 1 0
BITMAP
3000
1000
1000
1000
D780
F580
9180
9100
9300
9200
9680
F480
D780
ENDCHAR
STARTCHAR 01F4
ENCODING 500
SWIDTH 625 0
DWIDTH 10 0
BBX 7 17 2 0
BITMAP
18
10
20
00
78
CC
84
80
80
80
9E
84
84
84
84
DC
74
ENDCHAR
STARTCHAR 01F5
ENCODING 501
SWIDTH 625 0
DWIDTH 10 0
BBX 7 17 2 -4
BITMAP
18
10
20
00
76
CC
84
84
84
84
84
CC
74
04
84
CC
78
ENDCHAR
STARTCHAR 01F6
ENCODING 502
SWIDTH 687 0
DWIDTH 11 0
BBX 9 13 1 0
BITMAP
FC00
4800
4800
4800
4B80
4900
7900
4900
4900
4900
4900
4B00
EE00
ENDCHAR
STARTCHAR 01F7
ENCODING 503
SWIDTH 625 0
DWIDTH 10 0
BBX 8 13 1 0
BITMAP
DE
63
41
41
43
42
46
5C
78
60
40
40
F0
ENDCHAR
STARTCHAR 01F8
ENCODING 504
SWIDTH 625 0
DWIDTH 10 0
BBX 8 17 1 0
BITMAP
30
10
08
00
E7
62
62
62
52
52
52
4A
4A
4A
46
46
E6
ENDCHAR
STARTCHAR 01F9
ENCODING 505
SWIDTH 625 0
DWIDTH 10 0
BBX 8 13 1 0
BITMAP
20
10
08
00
DC
66
42
42
42
42
42
42
E7
ENDCHAR
STARTCHAR 01FA
ENCODING 506
SWIDTH 625 0
DWIDTH 10 0
BBX 8 20 1 1
BITMAP
0C
18
00
18
28
18
00
18
18
18
18
3C
24
24
24
7E
66
42
42
E7
ENDCHAR
STARTCHAR 01FB
ENCODING 507
SWIDTH 562 0
DWIDTH 9 0
BBX 8 16 1 1
BITMAP
0C
10
00
38
28
18
00
3C
66
C2
02
3E
62
C2
C6
7B
ENDCHAR
STARTCHAR 01FC
ENCODING 508
SWIDTH 625 0
DWIDTH 10 0
BBX 8 17 1 0
BITMAP
04
04
08
00
3F
1D
1D
14
14
34
37
24
24
7C
64
45
E7
ENDCHAR
STARTCHAR 01FD
ENCODING 509
SWIDTH 562 0
DWIDTH 9 0
BBX 7 13 1 0
BITMAP
08
18
10
00
EC
D6
92
12
7E
90
92
96
EC
ENDCHAR
STARTCHAR 01FE
ENCODING 510
SWIDTH 562 0
DWIDTH 9 0
BBX 6 18 2 0
BITMAP
10
20
00
04
7C
CC
8C
9C
94
94
A4
A4
A4
C4
C4
CC
F8
80
ENDCHAR
STARTCHAR 01FF
ENCODING 511
SWIDTH 562 0
DWIDTH 9 0
BBX 6 13 2 0
BITMAP
10
30
00
00
7C
CC
9C
94
B4
A4
C4
CC
F8
ENDCHAR
STARTCHAR 0200
ENCODING 512
SWIDTH 625 0
DWIDTH 10 0
BBX 8 17 1 0
BITMAP
D8
6C
24
00
18
18
18
18
3C
24
24
24
7E
66
42
42
E7
ENDCHAR
STARTCHAR 0201
ENCODING 513
SWIDTH 562 0
DWIDTH 9 0
BBX 8 13 1 0
BITMAP
98
4C
24
00
3C
66
C2
02
3E
62
C2
C6
7B
ENDCHAR
STARTCHAR 0202
ENCODING 514
SWIDTH 625 0
DWIDTH 10 0
BBX 8 16 1 0
BITMAP
3C
66
00
18
18
18
18
3C
24
24
24
7E
66
42
42
E7
ENDCHAR
STARTCHAR 0203
ENCODING 515
SWIDTH 562 0
DWIDTH 9 0
BBX 8 13 1 0
BITMAP
3C
64
46
00
3C
66
C2
02
3E
62
C2
C6
7B
ENDCHAR
STARTCHAR 0204
ENCODING 516
SWIDTH 625 0
DWIDTH 10 0
BBX 7 17 1 0
BITMAP
D8
6C
24
00
FE
42
40
40
40
40
7C
40
40
40
40
42
FE
ENDCHAR
STARTCHAR 0205
ENCODING 517
SWIDTH 562 0
DWIDTH 9 0
BBX 7 13 1 0
BITMAP
90
C8
24
00
7C
64
C6
82
FE
80
C2
46
3C
ENDCHAR
STARTCHAR 0206
ENCODING 518
SWIDTH 625 0
DWIDTH 10 0
BBX 7 16 1 0
BITMAP
3C
64
00
FE
42
40
40
40
40
7C
40
40
40
40
42
FE
ENDCHAR
STARTCHAR 0207
ENCODING 519
SWIDTH 562 0
DWIDTH 9 0
BBX 7 13 1 0
BITMAP
38
6C
44
00
7C
64
C6
82
FE
80
C2
46
3C
ENDCHAR
STARTCHAR 0208
ENCODING 520
SWIDTH 625 0
DWIDTH 10 0
BBX 6 17 2 0
BITMAP
90
D8
68
00
FC
10
10
10
10
10
10
10
10
10
10
10
FC
ENDCHAR
STARTCHAR 0209
ENCODING 521
SWIDTH 625 0
DWIDTH 10 0
BBX 6 13 2 0
BITMAP
90
D8
48
00
F0
10
10
10
10
10
10
10
FC
ENDCHAR
STARTCHAR 020A
ENCODING 522
SWIDTH 625 0
DWIDTH 10 0
BBX 6 16 2 0
BITMAP
78
CC
00
FC
10
10
10
10
10
10
10
10
10
10
10
FC
ENDCHAR
STARTCHAR 020B
ENCODING 523
SWIDTH 625 0
DWIDTH 10 0
BBX 6 13 2 0
BITMAP
78
4C
C4
00
F0
10
10
10
10
10
10
10
FC
ENDCHAR
STARTCHAR 020C
ENCODING 524
SWIDTH 562 0
DWIDTH 9 0
BBX 7 17 1 0
BITMAP
D8
6C
24
00
3C
66
42
42
42
42
42
42
42
42
42
66
3C
ENDCHAR
STARTCHAR 020D
ENCODING 525
SWIDTH 562 0
DWIDTH 9 0
BBX 7 13 1 0
BITMAP
D8
6C
24
00
3C
66
42
42
42
42
42
66
3C
ENDCHAR
STARTCHAR 020E
ENCODING 526
SWIDTH 562 0
DWIDTH 9 0
BBX 6 16 2 0
BITMAP
78
C8
00
78
CC
84
84
84
84
84
84
84
84
84
CC
78
ENDCHAR
STARTCHAR 020F
ENCODING 527
SWIDTH 562 0
DWIDTH 9 0
BBX 6 13 2 0
BITMAP
78
48
C8
00
78
CC
84
84
84
84
84
CC
78
ENDCHAR
STARTCHAR 0210
ENCODING 528
SWIDTH 625 0
DWIDTH 10 0
BBX 9 17 1 0
BITMAP
C800
6C00
2200
0000
FE00
4200
4300
4100
4100
4100
4300
7E00
4C00
4C00
4600
4200
E380
ENDCHAR
STARTCHAR 0211
ENCODING 529
SWIDTH 562 0
DWIDTH 9 0
BBX 7 13 1 0
BITMAP
90
C8
24
00
EE
36
20
20
20
20
20
20
F8
ENDCHAR
STARTCHAR 0212
ENCODING 530
SWIDTH 625 0
DWIDTH 10 0
BBX 9 16 1 0
BITMAP
3E00
6200
0000
FE00
4200
4300
4100
4100
4100
4300
7E00
4C00
4C00
4600
4200
E380
ENDCHAR
STARTCHAR 0213
ENCODING 531
SWIDTH 562 0
DWIDTH 9 0
BBX 7 13 1 0
BITMAP
38
64
44
00
EE
36
20
20
20
20
20
20
F8
ENDCHAR
STARTCHAR 0214
ENCODING 532
SWIDTH 625 0
DWIDTH 10 0
BBX 8 17 1 0
BITMAP
D8
6C
24
00
E7
42
42
42
42
42
42
42
42
42
42
66
3C
ENDCHAR
STARTCHAR 0215
ENCODING 533
SWIDTH 625 0
DWIDTH 10 0
BBX 8 13 1 0
BITMAP
D8
6C
24
00
C6
42
42
42
42
42
42
66
3B
ENDCHAR
STARTCHAR 0216
ENCODING 534
SWIDTH 625 0
DWIDTH 10 0
BBX 8 16 1 0
BITMAP
3C
66
00
E7
42
42
42
42
42
42
42
42
42
42
66
3C
ENDCHAR
STARTCHAR 0217
ENCODING 535
SWIDTH 625 0
DWIDTH 10 0
BBX 8 13 1 0
BITMAP
3C
64
46
00
C6
42
42
42
42
42
42
66
3B
ENDCHAR
STARTCHAR 0218
ENCODING 536
SWIDTH 625 0
DWIDTH 10 0
BBX 6 17 2 -4
BITMAP
74
CC
84
80
80
E0
70
18
0C
04
84
CC
B8
00
30
30
20
ENDCHAR
STARTCHAR 0219
ENCODING 537
SWIDTH 625 0
DWIDTH 10 0
BBX 6 13 2 -4
BITMAP
74
CC
84
C0
78
0C
84
CC
B8
00
30
10
20
ENDCHAR
STARTCHAR 021A
ENCODING 538
SWIDTH 625 0
DWIDTH 10 0
BBX 7 17 2 -4
BITMAP
FE
92
92
10
10
10
10
10
10
10
10
10
78
00
10
10
10
ENDCHAR
STARTCHAR 021B
ENCODING 539
SWIDTH 562 0
DWIDTH 9 0
BBX 7 17 1 -4
BITMAP
20
20
20
20
FC
20
20
20
20
20
26
34
1C
00
18
08
10
ENDCHAR
STARTCHAR 021C
ENCODING 540
SWIDTH 625 0
DWIDTH 10 0
BBX 6 13 2 0
BITMAP
B8
CC
84
04
0C
18
7C
44
04
0C
18
70
C0
ENDCHAR
STARTCHAR 021D
ENCODING 541
SWIDTH 625 0
DWIDTH 10 0
BBX 6 13 2 -4
BITMAP
B8
CC
84
04
0C
18
7C
44
04
0C
18
70
C0
ENDCHAR
STARTCHAR 021E
ENCODING 542
SWIDTH 625 0
DWIDTH 10 0
BBX 8 17 1 0
BITMAP
24
3C
18
00
E7
42
42
42
42
42
7E
42
42
42
42
42
E7
ENDCHAR
STARTCHAR 021F
ENCODING 543
SWIDTH 625 0
DWIDTH 10 0
BBX 9 17 0 0
BITMAP
8800
5000
7000
0000
6000
2000
2000
2000
2E00
3300
2100
2100
2100
2100
2100
2100
7380
ENDCHAR
STARTCHAR 0220
ENCODING 544
SWIDTH 687 0
DWIDTH 11 0
BBX 9 17 1 -4
BITMAP
DC00
6600
4200
4200
4200
4200
4200
4200
4200
4200
4200
4200
E200
0200
0200
0200
0780
ENDCHAR
STARTCHAR 0221
ENCODING 545
SWIDTH 625 0
DWIDTH 10 0
BBX 8 14 2 -1
BITMAP
0C
04
04
04
74
CC
84
84
84
87
8D
DD
77
20
ENDCHAR
STARTCHAR 0222
ENCODING 546
SWIDTH 625 0
DWIDTH 10 0
BBX 6 13 2 0
BITMAP
18
4C
C4
84
84
CC
78
CC
84
84
84
CC
78
ENDCHAR
STARTCHAR 0223
ENCODING 547
SWIDTH 625 0
DWIDTH 10 0
BBX 6 13 2 0
BITMAP
58
CC
84
84
CC
78
CC
84
84
84
84
CC
78
ENDCHAR
STARTCHAR 0224
ENCODING 548
SWIDTH 625 0
DWIDTH 10 0
BBX 6 16 2 -3
BITMAP
FC
84
0C
08
18
10
30
20
60
40
C0
C0
F8
0C
04
04
ENDCHAR
STARTCHAR 0225
ENCODING 549
SWIDTH 625 0
DWIDTH 10 0
BBX 6 12 2 -3
BITMAP
FC
84
08
18
30
60
40
C0
F8
0C
04
04
ENDCHAR
STARTCHAR 0226
ENCODING 550
SWIDTH 625 0
DWIDTH 10 0
BBX 8 16 1 0
BITMAP
18
18
00
18
18
18
18
3C
24
24
24
7E
66
42
42
E7
ENDCHAR
STARTCHAR 0227
ENCODING 551
SWIDTH 562 0
DWIDTH 9 0
BBX 8 13 1 0
BITMAP
18
18
00
00
3C
66
C2
02
3E
62
C2
C6
7B
ENDCHAR
STARTCHAR 0228
ENCODING 552
SWIDTH 625 0
DWIDTH 10 0
BBX 7 17 1 -4
BITMAP
FE
42
40
40
40
40
7C
40
40
40
40
42
FE
10
0C
04
38
ENDCHAR
STARTCHAR 0229
ENCODING 553
SWIDTH 562 0
DWIDTH 9 0
BBX 7 12 1 -3
BITMAP
7C
4C
86
82
FE
80
82
46
7C
18
08
78
ENDCHAR
STARTCHAR 022A
ENCODING 554
SWIDTH 562 0
DWIDTH 9 0
BBX 6 19 2 0
BITMAP
FC
00
00
CC
C8
00
78
CC
84
84
84
84
84
84
84
84
84
CC
78
ENDCHAR
STARTCHAR 022B
ENCODING 555
SWIDTH 562 0
DWIDTH 9 0
BBX 6 16 2 0
BITMAP
FC
00
00
CC
CC
00
00
78
CC
84
84
84
84
84
CC
78
ENDCHAR
STARTCHAR 022C
ENCODING 556
SWIDTH 562 0
DWIDTH 9 0
BBX 6 19 2 0
BITMAP
FC
00
64
FC
98
00
78
CC
84
84
84
84
84
84
84
84
84
CC
78
ENDCHAR
STARTCHAR 022D
ENCODING 557
SWIDTH 562 0
DWIDTH 9 0
BBX 6 16 2 0
BITMAP
FC
00
00
64
FC
98
00
78
CC
84
84
84
84
84
CC
78
ENDCHAR
STARTCHAR 022E
ENCODING 558
SWIDTH 562 0
DWIDTH 9 0
BBX 6 16 2 0
BITMAP
30
30
00
78
CC
84
84
84
84
84
84
84
84
84
CC
78
ENDCHAR
STARTCHAR 022F
ENCODING 559
SWIDTH 562 0
DWIDTH 9 0
BBX 6 13 2 0
BITMAP
30
30
00
00
78
CC
84
84
84
84
84
CC
78
ENDCHAR
STARTCHAR 0230
ENCODING 560
SWIDTH 562 0
DWIDTH 9 0
BBX 6 19 2 0
BITMAP
FC
00
00
30
30
00
78
CC
84
84
84
84
84
84
84
84
84
CC
78
ENDCHAR
STARTCHAR 0231
ENCODING 561
SWIDTH 562 0
DWIDTH 9 0
BBX 6 16 2 0
BITMAP
FC
00
00
30
30
00
00
78
CC
84
84
84
84
84
CC
78
ENDCHAR
STARTCHAR 0232
ENCODING 562
SWIDTH 625 0
DWIDTH 10 0
BBX 8 16 1 0
BITMAP
7E
00
00
E7
66
66
26
34
14
1C
08
08
08
08
08
3C
ENDCHAR
STARTCHAR 0233
ENCODING 563
SWIDTH 625 0
DWIDTH 10 0
BBX 8 16 1 -4
BITMAP
7E
00
00
E7
42
46
66
24
24
3C
18
18
18
10
30
60
ENDCHAR
STARTCHAR 0234
ENCODING 564
SWIDTH 625 0
DWIDTH 10 0
BBX 7 13 1 0
BITMAP
F0
10
10
10
10
10
10
10
1E
32
72
5A
CC
ENDCHAR
STARTCHAR 0235
ENCODING 565
SWIDTH 625 0
DWIDTH 10 0
BBX 9 9 1 0
BITMAP
DC00
6600
4200
4200
4200
4380
4680
4E80
FB80
ENDCHAR
STARTCHAR 0236
ENCODING 566
SWIDTH 562 0
DWIDTH 9 0
BBX 7 13 0 0
BITMAP
10
10
10
10
7E
10
10
10
1C
36
52
D6
8C
ENDCHAR
STARTCHAR 0237
ENCODING 567
SWIDTH 562 0
DWIDTH 9 0
BBX 6 13 0 -4
BITMAP
3C
04
04
04
04
04
04
04
04
04
84
CC
78
ENDCHAR
STARTCHAR 0238
ENCODING 568
SWIDTH 562 0
DWIDTH 9 0
BBX 7 13 1 0
BITMAP
30
10
10
10
DE
B6
92
92
92
92
92
B6
EC
ENDCHAR
STARTCHAR 0239
ENCODING 569
SWIDTH 562 0
DWIDTH 9 0
BBX 7 13 1 -4
BITMAP
EC
B2
92
92
92
92
92
92
FE
10
10
10
3C
ENDCHAR
STARTCHAR 023A
ENCODING 570
SWIDTH 625 0
DWIDTH 10 0
BBX 8 15 1 -1
BITMAP
02
1A
1C
1C
1C
3C
2C
2C
34
7E
76
62
62
E7
40
ENDCHAR
STARTCHAR 023B
ENCODING 571
SWIDTH 625 0
DWIDTH 10 0
BBX 6 15 2 -1
BITMAP
04
74
CC
8C
88
90
90
90
A0
A0
A0
C4
CC
78
80
ENDCHAR
STARTCHAR 023C
ENCODING 572
SWIDTH 625 0
DWIDTH 10 0
BBX 6 11 2 -1
BITMAP
04
7C
CC
94
90
A0
A0
A4
CC
78
80
ENDCHAR
STARTCHAR 023D
ENCODING 573
SWIDTH 562 0
DWIDTH 9 0
BBX 8 13 0 0
BITMAP
78
20
20
20
20
20
FC
20
20
20
20
21
7F
ENDCHAR
STARTCHAR 023E
ENCODING 574
SWIDTH 625 0
DWIDTH 10 0
BBX 7 15 2 -1
BITMAP
04
FE
9A
9A
18
10
10
10
30
30
30
50
50
78
80
ENDCHAR
STARTCHAR 023F
ENCODING 575
SWIDTH 625 0
DWIDTH 10 0
BBX 7 12 1 -3
BITMAP
7A
E6
C2
60
3C
06
02
C6
7C
40
30
1E
ENDCHAR
STARTCHAR 0240
ENCODING 576
SWIDTH 625 0
DWIDTH 10 0
BBX 6 12 2 -3
BITMAP
FC
84
08
18
10
20
60
40
C0
60
30
1C
ENDCHAR
STARTCHAR 0241
ENCODING 577
SWIDTH 625 0
DWIDTH 10 0
BBX 6 13 2 0
BITMAP
78
CC
84
04
04
0C
08
18
10
10
10
10
78
ENDCHAR
STARTCHAR 0242
ENCODING 578
SWIDTH 625 0
DWIDTH 10 0
BBX 6 9 2 0
BITMAP
78
CC
04
04
08
18
30
30
78
ENDCHAR
STARTCHAR 0243
ENCODING 579
SWIDTH 625 0
DWIDTH 10 0
BBX 8 13 1 0
BITMAP
FC
46
42
42
42
46
7C
46
41
F1
41
47
FC
ENDCHAR
STARTCHAR 0244
ENCODING 580
SWIDTH 625 0
DWIDTH 10 0
BBX 8 13 1 0
BITMAP
E7
42
42
42
42
42
FF
42
42
42
42
66
3C
ENDCHAR
STARTCHAR 0245
ENCODING 581
SWIDTH 687 0
DWIDTH 11 0
BBX 9 13 1 0
BITMAP
1C00
1C00
1400
1400
1400
3600
3200
2200
2200
6300
6300
4100
E380
ENDCHAR
STARTCHAR 0246
ENCODING 582
SWIDTH 625 0
DWIDTH 10 0
BBX 7 15 1 -1
BITMAP
02
FE
46
44
48
48
48
7C
50
50
60
60
62
FE
40
ENDCHAR
STARTCHAR 0247
ENCODING 583
SWIDTH 562 0
DWIDTH 9 0
BBX 7 11 1 -1
BITMAP
04
7C
6C
CE
9A
FE
B0
E2
66
7C
40
ENDCHAR
STARTCHAR 0248
ENCODING 584
SWIDTH 625 0
DWIDTH 10 0
BBX 8 13 2 0
BITMAP
3C
04
04
04
04
04
1F
04
04
04
84
CC
78
ENDCHAR
STARTCHAR 0249
ENCODING 585
SWIDTH 562 0
DWIDTH 9 0
BBX 8 17 0 -4
BITMAP
06
06
00
00
3C
04
04
04
1F
04
04
04
04
04
84
CC
78
ENDCHAR
STARTCHAR 024A
ENCODING 586
SWIDTH 625 0
DWIDTH 10 0
BBX 8 17 2 -4
BITMAP
76
CC
84
84
84
84
84
84
84
84
84
CC
74
04
04
06
03
ENDCHAR
STARTCHAR 024B
ENCODING 587
SWIDTH 625 0
DWIDTH 10 0
BBX 8 13 2 -4
BITMAP
76
CC
84
84
84
84
84
CC
74
04
04
06
03
ENDCHAR
STARTCHAR 024C
ENCODING 588
SWIDTH 625 0
DWIDTH 10 0
BBX 9 13 1 0
BITMAP
FE00
4200
4300
4100
4100
4100
4300
FE00
4C00
4C00
4600
4200
E380
ENDCHAR
STARTCHAR 024D
ENCODING 589
SWIDTH 562 0
DWIDTH 9 0
BBX 7 9 1 0
BITMAP
EE
36
20
20
F8
20
20
20
F8
ENDCHAR
STARTCHAR 024E
ENCODING 590
SWIDTH 625 0
DWIDTH 10 0
BBX 8 13 1 0
BITMAP
E7
66
26
FF
34
14
18
08
08
08
08
08
3C
ENDCHAR
STARTCHAR 024F
ENCODING 591
SWIDTH 625 0
DWIDTH 10 0
BBX 8 13 1 -4
BITMAP
E7
42
66
24
FF
24
18
18
18
18
10
30
60
ENDCHAR
STARTCHAR 0250
ENCODING 592
SWIDTH 625 0
DWIDTH 10 0
BBX 7 9 1 0
BITMAP
DC
66
42
42
7C
40
42
66
3C
ENDCHAR
STARTCHAR 0251
ENCODING 593
SWIDTH 625 0
DWIDTH 10 0
BBX 7 9 2 0
BITMAP
76
CC
84
84
84
84
84
CC
76
ENDCHAR
STARTCHAR 0252
ENCODING 594
SWIDTH 562 0
DWIDTH 9 0
BBX 7 9 1 0
BITMAP
DC
66
42
42
42
42
42
66
DC
ENDCHAR
STARTCHAR 0253
ENCODING 595
SWIDTH 562 0
DWIDTH 9 0
BBX 7 13 1 0
BITMAP
30
60
40
40
5C
66
42
42
42
42
42
66
DC
ENDCHAR
STARTCHAR 0254
ENCODING 596
SWIDTH 562 0
DWIDTH 9 0
BBX 6 9 2 0
BITMAP
78
CC
84
04
04
04
84
CC
B8
ENDCHAR
STARTCHAR 0255
ENCODING 597
SWIDTH 625 0
DWIDTH 10 0
BBX 7 9 1 0
BITMAP
3A
66
42
40
40
5C
62
E2
BC
ENDCHAR
STARTCHAR 0256
ENCODING 598
SWIDTH 625 0
DWIDTH 10 0
BBX 8 16 2 -3
BITMAP
0C
04
04
04
74
CC
84
84
84
84
84
CC
74
04
06
03
ENDCHAR
STARTCHAR 0257
ENCODING 599
SWIDTH 625 0
DWIDTH 10 0
BBX 8 13 2 0
BITMAP
03
06
04
04
74
CC
84
84
84
84
84
CC
76
ENDCHAR
STARTCHAR 0258
ENCODING 600
SWIDTH 562 0
DWIDTH 9 0
BBX 7 9 1 0
BITMAP
7C
64
C6
82
FE
02
86
C4
7C
ENDCHAR
STARTCHAR 0259
ENCODING 601
SWIDTH 562 0
DWIDTH 9 0
BBX 7 9 1 0
BITMAP
BC
C6
06
02
FE
82
C6
C4
7C
ENDCHAR
STARTCHAR 025A
ENCODING 602
SWIDTH 625 0
DWIDTH 10 0
BBX 9 9 1 0
BITMAP
F000
D800
0A00
0E00
FA00
8B00
8980
D800
7000
ENDCHAR
STARTCHAR 025B
ENCODING 603
SWIDTH 625 0
DWIDTH 10 0
BBX 7 9 1 0
BITMAP
7A
46
40
40
38
C0
80
C6
7C
ENDCHAR
STARTCHAR 025C
ENCODING 604
SWIDTH 625 0
DWIDTH 10 0
BBX 7 9 2 0
BITMAP
BC
C4
06
04
38
06
02
C6
7C
ENDCHAR
STARTCHAR 025D
ENCODING 605
SWIDTH 562 0
DWIDTH 9 0
BBX 8 9 1 0
BITMAP
F6
DE
0B
09
30
18
08
D8
70
ENDCHAR
STARTCHAR 025E
ENCODING 606
SWIDTH 625 0
DWIDTH 10 0
BBX 7 9 2 0
BITMAP
78
CC
84
84
B8
84
86
CE
7C
ENDCHAR
STARTCHAR 025F
ENCODING 607
SWIDTH 562 0
DWIDTH 9 0
BBX 8 13 0 -4
BITMAP
3C
04
04
04
1F
04
04
04
04
04
84
CC
78
ENDCHAR
STARTCHAR 0260
ENCODING 608
SWIDTH 625 0
DWIDTH 10 0
BBX 8 16 2 -4
BITMAP
03
06
04
74
CC
84
84
84
84
84
CC
74
04
84
CC
78
ENDCHAR
STARTCHAR 0261
ENCODING 609
SWIDTH 625 0
DWIDTH 10 0
BBX 7 13 2 -4
BITMAP
76
CC
84
84
84
84
84
CC
74
04
84
CC
78
ENDCHAR
STARTCHAR 0262
ENCODING 610
SWIDTH 625 0
DWIDTH 10 0
BBX 7 9 2 0
BITMAP
78
CC
84
80
9E
84
8C
D4
74
ENDCHAR
STARTCHAR 0263
ENCODING 611
SWIDTH 625 0
DWIDTH 10 0
BBX 8 13 1 -4
BITMAP
E7
22
24
34
14
18
08
18
1C
14
14
14
1C
ENDCHAR
STARTCHAR 0264
ENCODING 612
SWIDTH 687 0
DWIDTH 11 0
BBX 7 9 2 0
BITMAP
CE
BA
30
30
58
48
48
58
30
ENDCHAR
STARTCHAR 0265
ENCODING 613
SWIDTH 625 0
DWIDTH 10 0
BBX 8 13 1 -4
BITMAP
C6
42
42
42
42
42
42
66
3A
02
02
02
0F
ENDCHAR
STARTCHAR 0266
ENCODING 614
SWIDTH 625 0
DWIDTH 10 0
BBX 8 13 1 0
BITMAP
30
60
40
40
5C
66
42
42
42
42
42
42
E7
ENDCHAR
STARTCHAR 0267
ENCODING 615
SWIDTH 625 0
DWIDTH 10 0
BBX 7 16 1 -3
BITMAP
30
60
40
40
5C
66
42
42
42
42
42
42
E2
02
06
0C
ENDCHAR
STARTCHAR 0268
ENCODING 616
SWIDTH 625 0
DWIDTH 10 0
BBX 6 13 2 0
BITMAP
30
30
00
00
F0
10
10
10
78
10
10
10
FC
ENDCHAR
STARTCHAR 0269
ENCODING 617
SWIDTH 562 0
DWIDTH 9 0
BBX 7 9 1 0
BITMAP
F0
10
10
10
10
10
10
18
0E
ENDCHAR
STARTCHAR 026A
ENCODING 618
SWIDTH 625 0
DWIDTH 10 0
BBX 4 9 3 0
BITMAP
F0
20
20
20
20
20
20
20
F0
ENDCHAR
STARTCHAR 026B
ENCODING 619
SWIDTH 625 0
DWIDTH 10 0
BBX 6 13 2 0
BITMAP
F0
10
10
10
10
74
5C
10
10
10
10
10
FC
ENDCHAR
STARTCHAR 026C
ENCODING 620
SWIDTH 625 0
DWIDTH 10 0
BBX 6 13 2 0
BITMAP
F0
10
10
10
10
70
50
78
10
10
10
10
FC
ENDCHAR
STARTCHAR 026D
ENCODING 621
SWIDTH 562 0
DWIDTH 9 0
BBX 6 17 1 -4
BITMAP
F0
10
10
10
10
10
10
10
10
10
10
10
10
10
10
18
0C
ENDCHAR
STARTCHAR 026E
ENCODING 622
SWIDTH 625 0
DWIDTH 10 0
BBX 8 17 1 -4
BITMAP
C0
40
40
40
7E
42
46
4C
48
4C
46
43
41
01
43
66
3C
ENDCHAR
STARTCHAR 026F
ENCODING 623
SWIDTH 562 0
DWIDTH 9 0
BBX 9 9 0 0
BITMAP
C900
4900
4900
4900
4900
4900
4900
4900
7F80
ENDCHAR
STARTCHAR 0270
ENCODING 624
SWIDTH 625 0
DWIDTH 10 0
BBX 9 13 0 -4
BITMAP
C900
4900
4900
4900
4900
4900
4900
5B00
6D00
0100
0100
0100
0380
ENDCHAR
STARTCHAR 0271
ENCODING 625
SWIDTH 562 0
DWIDTH 9 0
BBX 8 13 0 -4
BITMAP
F6
5B
49
49
49
49
49
49
C9
01
01
03
06
ENDCHAR
STARTCHAR 0272
ENCODING 626
SWIDTH 625 0
DWIDTH 10 0
BBX 9 13 0 -4
BITMAP
6E00
3300
2100
2100
2100
2100
2100
2100
2380
2000
2000
6000
C000
ENDCHAR
STARTCHAR 0273
ENCODING 627
SWIDTH 625 0
DWIDTH 10 0
BBX 9 13 1 -4
BITMAP
DC00
6600
4200
4200
4200
4200
4200
4200
E200
0200
0200
0300
0180
ENDCHAR
STARTCHAR 0274
ENCODING 628
SWIDTH 625 0
DWIDTH 10 0
BBX 8 9 1 0
BITMAP
E7
62
72
52
52
4A
4A
46
E6
ENDCHAR
STARTCHAR 0275
ENCODING 629
SWIDTH 562 0
DWIDTH 9 0
BBX 7 9 1 0
BITMAP
7C
64
C6
82
FE
82
C6
44
7C
ENDCHAR
STARTCHAR 0276
ENCODING 630
SWIDTH 562 0
DWIDTH 9 0
BBX 7 9 1 0
BITMAP
6E
DA
8A
88
8E
88
88
DA
7E
ENDCHAR
STARTCHAR 0277
ENCODING 631
SWIDTH 562 0
DWIDTH 9 0
BBX 7 9 1 0
BITMAP
38
6C
C6
92
92
92
92
EE
6C
ENDCHAR
STARTCHAR 0278
ENCODING 632
SWIDTH 562 0
DWIDTH 9 0
BBX 7 17 1 -4
BITMAP
3C
10
10
10
7C
D6
92
92
92
92
92
D6
7C
10
10
10
3C
ENDCHAR
STARTCHAR 0279
ENCODING 633
SWIDTH 562 0
DWIDTH 9 0
BBX 7 9 1 0
BITMAP
3E
08
08
08
08
08
98
D8
EE
ENDCHAR
STARTCHAR 027A
ENCODING 634
SWIDTH 562 0
DWIDTH 9 0
BBX 7 13 1 0
BITMAP
3E
08
08
08
08
08
08
08
08
08
98
D8
EE
ENDCHAR
STARTCHAR 027B
ENCODING 635
SWIDTH 562 0
DWIDTH 9 0
BBX 7 12 1 -3
BITMAP
3E
08
08
08
08
08
98
D8
E8
08
0C
06
ENDCHAR
STARTCHAR 027C
ENCODING 636
SWIDTH 562 0
DWIDTH 9 0
BBX 7 13 1 -4
BITMAP
EE
36
20
20
20
20
20
20
20
20
20
20
F8
ENDCHAR
STARTCHAR 027D
ENCODING 637
SWIDTH 562 0
DWIDTH 9 0
BBX 7 12 1 -3
BITMAP
EE
32
20
20
20
20
20
20
20
20
20
18
ENDCHAR
STARTCHAR 027E
ENCODING 638
SWIDTH 562 0
DWIDTH 9 0
BBX 5 9 2 0
BITMAP
18
30
20
20
20
20
20
20
F0
ENDCHAR
STARTCHAR 027F
ENCODING 639
SWIDTH 562 0
DWIDTH 9 0
BBX 5 13 2 -4
BITMAP
E0
30
10
10
10
10
10
10
10
10
10
10
78
ENDCHAR
STARTCHAR 0280
ENCODING 640
SWIDTH 625 0
DWIDTH 10 0
BBX 9 9 1 0
BITMAP
FE00
4300
4100
4300
7E00
4C00
4400
4600
E380
ENDCHAR
STARTCHAR 0281
ENCODING 641
SWIDTH 625 0
DWIDTH 10 0
BBX 9 9 1 0
BITMAP
E380
4600
4600
4C00
7E00
4300
4100
4300
FE00
ENDCHAR
STARTCHAR 0282
ENCODING 642
SWIDTH 625 0
DWIDTH 10 0
BBX 6 12 2 -3
BITMAP
74
CC
84
C0
78
0C
84
CC
B8
80
80
60
ENDCHAR
STARTCHAR 0283
ENCODING 643
SWIDTH 625 0
DWIDTH 10 0
BBX 6 17 2 -4
BITMAP
0C
18
10
10
10
10
10
10
10
10
10
10
10
10
10
30
E0
ENDCHAR
STARTCHAR 0284
ENCODING 644
SWIDTH 562 0
DWIDTH 9 0
BBX 8 17 0 -4
BITMAP
03
06
04
04
0C
04
04
04
1F
04
04
04
04
04
84
CC
78
ENDCHAR
STARTCHAR 0285
ENCODING 645
SWIDTH 625 0
DWIDTH 10 0
BBX 6 13 2 -4
BITMAP
E0
30
10
10
10
10
10
10
10
10
10
18
0C
ENDCHAR
STARTCHAR 0286
ENCODING 646
SWIDTH 625 0
DWIDTH 10 0
BBX 7 17 1 -4
BITMAP
0E
18
10
10
10
10
10
10
10
10
10
10
F0
9C
94
B2
62
ENDCHAR
STARTCHAR 0287
ENCODING 647
SWIDTH 562 0
DWIDTH 9 0
BBX 7 13 1 -4
BITMAP
78
6C
C4
04
04
04
04
04
7E
04
04
04
04
ENDCHAR
STARTCHAR 0288
ENCODING 648
SWIDTH 625 0
DWIDTH 10 0
BBX 8 16 1 -3
BITMAP
10
10
10
10
FF
10
10
10
10
10
10
10
10
10
18
0C
ENDCHAR
STARTCHAR 0289
ENCODING 649
SWIDTH 625 0
DWIDTH 10 0
BBX 8 9 1 0
BITMAP
C6
42
42
42
FF
42
42
66
3B
ENDCHAR
STARTCHAR 028A
ENCODING 650
SWIDTH 625 0
DWIDTH 10 0
BBX 7 9 2 0
BITMAP
EE
6C
C4
86
86
86
86
CC
78
ENDCHAR
STARTCHAR 028B
ENCODING 651
SWIDTH 625 0
DWIDTH 10 0
BBX 7 9 1 0
BITMAP
EC
46
42
42
42
42
42
66
3C
ENDCHAR
STARTCHAR 028C
ENCODING 652
SWIDTH 687 0
DWIDTH 11 0
BBX 9 9 1 0
BITMAP
1C00
1C00
1400
3600
3600
2200
6300
6300
E380
ENDCHAR
STARTCHAR 028D
ENCODING 653
SWIDTH 687 0
DWIDTH 11 0
BBX 9 9 1 0
BITMAP
2200
3600
3600
7700
5500
4900
4900
4100
E380
ENDCHAR
STARTCHAR 028E
ENCODING 654
SWIDTH 625 0
DWIDTH 10 0
BBX 8 13 1 0
BITMAP
06
0C
08
18
18
18
18
24
24
24
66
42
E7
ENDCHAR
STARTCHAR 028F
ENCODING 655
SWIDTH 625 0
DWIDTH 10 0
BBX 8 9 1 0
BITMAP
E7
66
34
14
18
08
08
08
3C
ENDCHAR
STARTCHAR 0290
ENCODING 656
SWIDTH 625 0
DWIDTH 10 0
BBX 8 13 2 -4
BITMAP
FC
8C
08
10
30
60
44
C4
FC
04
04
06
03
ENDCHAR
STARTCHAR 0291
ENCODING 657
SWIDTH 625 0
DWIDTH 10 0
BBX 7 11 2 -2
BITMAP
FC
84
08
18
30
60
4C
D2
FC
20
20
ENDCHAR
STARTCHAR 0292
ENCODING 658
SWIDTH 625 0
DWIDTH 10 0
BBX 7 13 2 -4
BITMAP
FC
84
08
10
20
78
04
06
02
02
86
CC
78
ENDCHAR
STARTCHAR 0293
ENCODING 659
SWIDTH 562 0
DWIDTH 9 0
BBX 7 13 2 -4
BITMAP
F8
88
10
30
20
78
0C
0C
04
F4
8C
8E
7A
ENDCHAR
STARTCHAR 0294
ENCODING 660
SWIDTH 625 0
DWIDTH 10 0
BBX 6 13 2 0
BITMAP
78
CC
84
04
04
0C
08
18
10
10
10
10
78
ENDCHAR
STARTCHAR 0295
ENCODING 661
SWIDTH 625 0
DWIDTH 10 0
BBX 6 13 2 0
BITMAP
78
CC
84
80
80
C0
60
20
30
10
10
10
78
ENDCHAR
STARTCHAR 0296
ENCODING 662
SWIDTH 625 0
DWIDTH 10 0
BBX 6 13 2 0
BITMAP
78
10
10
10
10
18
08
0C
04
04
84
CC
78
ENDCHAR
STARTCHAR 0297
ENCODING 663
SWIDTH 625 0
DWIDTH 10 0
BBX 6 13 2 -4
BITMAP
74
CC
84
80
80
80
80
80
80
80
84
CC
78
ENDCHAR
STARTCHAR 0298
ENCODING 664
SWIDTH 562 0
DWIDTH 9 0
BBX 6 13 2 0
BITMAP
78
CC
84
84
84
84
B4
B4
84
84
84
CC
78
ENDCHAR
STARTCHAR 0299
ENCODING 665
SWIDTH 625 0
DWIDTH 10 0
BBX 8 9 1 0
BITMAP
FC
46
42
46
7C
42
43
43
FE
ENDCHAR
STARTCHAR 029A
ENCODING 666
SWIDTH 562 0
DWIDTH 9 0
BBX 7 9 1 0
BITMAP
3C
66
42
42
32
42
82
C6
7C
ENDCHAR
STARTCHAR 029B
ENCODING 667
SWIDTH 625 0
DWIDTH 10 0
BBX 8 13 2 0
BITMAP
03
06
04
04
7C
CC
84
80
9E
84
8C
D4
74
ENDCHAR
STARTCHAR 029C
ENCODING 668
SWIDTH 625 0
DWIDTH 10 0
BBX 8 9 1 0
BITMAP
E7
42
42
42
7E
42
42
42
E7
ENDCHAR
STARTCHAR 029D
ENCODING 669
SWIDTH 562 0
DWIDTH 9 0
BBX 7 17 2 -4
BITMAP
18
18
00
00
F0
10
10
10
10
10
10
10
F0
98
94
B6
62
ENDCHAR
STARTCHAR 029E
ENCODING 670
SWIDTH 625 0
DWIDTH 10 0
BBX 9 13 0 -4
BITMAP
E180
3100
1100
1B00
0F00
0D00
1900
3100
E100
0100
0100
0100
0780
ENDCHAR
STARTCHAR 029F
ENCODING 671
SWIDTH 562 0
DWIDTH 9 0
BBX 7 9 1 0
BITMAP
F0
40
40
40
40
40
40
42
FE
ENDCHAR
STARTCHAR 02A0
ENCODING 672
SWIDTH 625 0
DWIDTH 10 0
BBX 8 16 2 -4
BITMAP
03
06
04
74
CC
84
84
84
84
84
CC
74
04
04
04
0F
ENDCHAR
STARTCHAR 02A1
ENCODING 673
SWIDTH 625 0
DWIDTH 10 0
BBX 6 13 2 0
BITMAP
78
CC
84
04
04
0C
08
18
10
7C
10
10
7C
ENDCHAR
STARTCHAR 02A2
ENCODING 674
SWIDTH 625 0
DWIDTH 10 0
BBX 7 13 2 0
BITMAP
78
CC
86
80
80
C0
40
60
30
7C
10
10
7C
ENDCHAR
STARTCHAR 02A3
ENCODING 675
SWIDTH 562 0
DWIDTH 9 0
BBX 7 13 1 0
BITMAP
20
20
20
20
FE
A6
A6
A4
AC
A8
B8
B2
FE
ENDCHAR
STARTCHAR 02A4
ENCODING 676
SWIDTH 562 0
DWIDTH 9 0
BBX 7 17 1 -4
BITMAP
20
20
20
20
FC
A4
A4
A4
A8
AC
A6
A2
E2
02
12
16
0C
ENDCHAR
STARTCHAR 02A5
ENCODING 677
SWIDTH 562 0
DWIDTH 9 0
BBX 7 15 1 -2
BITMAP
20
20
20
20
FE
A2
A4
A4
A8
A8
AE
B6
FE
08
08
ENDCHAR
STARTCHAR 02A6
ENCODING 678
SWIDTH 562 0
DWIDTH 9 0
BBX 8 13 0 0
BITMAP
20
20
20
20
FF
27
29
24
26
21
21
31
1E
ENDCHAR
STARTCHAR 02A7
ENCODING 679
SWIDTH 625 0
DWIDTH 10 0
BBX 8 17 1 -4
BITMAP
43
46
44
44
FC
44
44
44
44
44
54
54
64
04
04
0C
18
ENDCHAR
STARTCHAR 02A8
ENCODING 680
SWIDTH 562 0
DWIDTH 9 0
BBX 8 13 0 0
BITMAP
20
20
20
20
FF
25
25
24
24
27
25
3D
1B
ENDCHAR
STARTCHAR 02A9
ENCODING 681
SWIDTH 562 0
DWIDTH 9 0
BBX 7 17 1 -4
BITMAP
60
50
50
40
FC
4A
4A
4A
4A
4A
4A
4A
FA
02
02
06
04
ENDCHAR
STARTCHAR 02AA
ENCODING 682
SWIDTH 562 0
DWIDTH 9 0
BBX 9 13 -1 0
BITMAP
E000
2000
2000
2000
2380
2480
2480
2200
2300
2180
2080
3080
1F00
ENDCHAR
STARTCHAR 02AB
ENCODING 683
SWIDTH 562 0
DWIDTH 9 0
BBX 9 13 -1 0
BITMAP
E000
2000
2000
2000
2780
2580
2180
2100
2300
2200
2600
3480
1F80
ENDCHAR
STARTCHAR 02AC
ENCODING 684
SWIDTH 687 0
DWIDTH 11 0
BBX 9 13 1 0
BITMAP
E380
4100
4900
7700
3600
3600
0000
E380
4100
4900
7700
3600
3600
ENDCHAR
STARTCHAR 02AD
ENCODING 685
SWIDTH 625 0
DWIDTH 10 0
BBX 6 10 2 1
BITMAP
FC
84
84
84
00
00
FC
84
84
84
ENDCHAR
STARTCHAR 02AE
ENCODING 686
SWIDTH 625 0
DWIDTH 10 0
BBX 9 13 0 -4
BITMAP
C300
6100
2100
2100
2100
2100
2100
3300
1D00
0100
0100
0100
0780
ENDCHAR
STARTCHAR 02AF
ENCODING 687
SWIDTH 625 0
DWIDTH 10 0
BBX 10 13 0 -4
BITMAP
C300
6100
2100
2100
2100
2100
2100
3300
1D00
0100
0100
0100
00C0
ENDCHAR
STARTCHAR 02B0
ENCODING 688
SWIDTH 625 0
DWIDTH 10 0
BBX 6 8 2 5
BITMAP
C0
40
78
44
44
44
44
CC
ENDCHAR
STARTCHAR 02B1
ENCODING 689
SWIDTH 625 0
DWIDTH 10 0
BBX 6 8 2 5
BITMAP
60
40
78
44
44
44
44
CC
ENDCHAR
STARTCHAR 02B2
ENCODING 690
SWIDTH 625 0
DWIDTH 10 0
BBX 5 11 1 3
BITMAP
08
08
00
38
08
08
08
08
08
C8
70
ENDCHAR
STARTCHAR 02B3
ENCODING 691
SWIDTH 562 0
DWIDTH 9 0
BBX 5 6 2 5
BITMAP
F8
48
40
40
40
E0
ENDCHAR
STARTCHAR 02B4
ENCODING 692
SWIDTH 562 0
DWIDTH 9 0
BBX 5 6 2 5
BITMAP
38
10
10
10
B0
D8
ENDCHAR
STARTCHAR 02B5
ENCODING 693
SWIDTH 562 0
DWIDTH 9 0
BBX 5 8 2 3
BITMAP
38
10
10
10
B0
D0
10
18
ENDCHAR
STARTCHAR 02B6
ENCODING 694
SWIDTH 562 0
DWIDTH 9 0
BBX 6 6 1 5
BITMAP
CC
48
78
44
44
F8
ENDCHAR
STARTCHAR 02B7
ENCODING 695
SWIDTH 625 0
DWIDTH 10 0
BBX 6 6 2 5
BITMAP
CC
CC
78
78
78
48
ENDCHAR
STARTCHAR 02B8
ENCODING 696
SWIDTH 625 0
DWIDTH 10 0
BBX 6 8 2 3
BITMAP
CC
48
48
38
30
30
20
60
ENDCHAR
STARTCHAR 02B9
ENCODING 697
SWIDTH 625 0
DWIDTH 10 0
BBX 4 6 3 8
BITMAP
30
20
60
40
40
C0
ENDCHAR
STARTCHAR 02BA
ENCODING 698
SWIDTH 625 0
DWIDTH 10 0
BBX 6 6 2 8
BITMAP
6C
4C
48
C8
98
90
ENDCHAR
STARTCHAR 02BB
ENCODING 699
SWIDTH 625 0
DWIDTH 10 0
BBX 2 6 4 7
BITMAP
40
40
80
C0
C0
C0
ENDCHAR
STARTCHAR 02BC
ENCODING 700
SWIDTH 625 0
DWIDTH 10 0
BBX 2 6 4 7
BITMAP
C0
C0
C0
40
40
80
ENDCHAR
STARTCHAR 02BD
ENCODING 701
SWIDTH 625 0
DWIDTH 10 0
BBX 2 6 4 7
BITMAP
C0
C0
C0
80
40
40
ENDCHAR
STARTCHAR 02BE
ENCODING 702
SWIDTH 562 0
DWIDTH 9 0
BBX 3 6 3 8
BITMAP
C0
60
20
20
60
C0
ENDCHAR
STARTCHAR 02BF
ENCODING 703
SWIDTH 625 0
DWIDTH 10 0
BBX 3 6 4 8
BITMAP
60
C0
80
80
C0
60
ENDCHAR
STARTCHAR 02C0
ENCODING 704
SWIDTH 562 0
DWIDTH 9 0
BBX 5 6 2 8
BITMAP
70
98
08
18
30
20
ENDCHAR
STARTCHAR 02C1
ENCODING 705
SWIDTH 562 0
DWIDTH 9 0
BBX 5 6 2 8
BITMAP
70
C8
80
80
60
20
ENDCHAR
STARTCHAR 02C2
ENCODING 706
SWIDTH 625 0
DWIDTH 10 0
BBX 4 3 3 10
BITMAP
30
C0
70
ENDCHAR
STARTCHAR 02C3
ENCODING 707
SWIDTH 625 0
DWIDTH 10 0
BBX 4 3 3 10
BITMAP
C0
30
E0
ENDCHAR
STARTCHAR 02C4
ENCODING 708
SWIDTH 625 0
DWIDTH 10 0
BBX 4 3 3 10
BITMAP
60
B0
90
ENDCHAR
STARTCHAR 02C5
ENCODING 709
SWIDTH 625 0
DWIDTH 10 0
BBX 4 3 3 10
BITMAP
90
B0
60
ENDCHAR
STARTCHAR 02C6
ENCODING 710
SWIDTH 625 0
DWIDTH 10 0
BBX 5 3 2 10
BITMAP
30
58
88
ENDCHAR
STARTCHAR 02C7
ENCODING 711
SWIDTH 625 0
DWIDTH 10 0
BBX 5 3 2 10
BITMAP
88
58
30
ENDCHAR
STARTCHAR 02C8
ENCODING 712
SWIDTH 562 0
DWIDTH 9 0
BBX 1 6 4 8
BITMAP
80
80
80
80
80
80
ENDCHAR
STARTCHAR 02C9
ENCODING 713
SWIDTH 625 0
DWIDTH 10 0
BBX 6 1 2 11
BITMAP
FC
ENDCHAR
STARTCHAR 02CA
ENCODING 714
SWIDTH 625 0
DWIDTH 10 0
BBX 3 3 4 10
BITMAP
60
40
80
ENDCHAR
STARTCHAR 02CB
ENCODING 715
SWIDTH 625 0
DWIDTH 10 0
BBX 3 3 3 10
BITMAP
80
C0
60
ENDCHAR
STARTCHAR 02CC
ENCODING 716
SWIDTH 562 0
DWIDTH 9 0
BBX 1 6 4 -4
BITMAP
80
80
80
80
80
80
ENDCHAR
STARTCHAR 02CD
ENCODING 717
SWIDTH 625 0
DWIDTH 10 0
BBX 6 1 2 -3
BITMAP
FC
ENDCHAR
STARTCHAR 02CE
ENCODING 718
SWIDTH 625 0
DWIDTH 10 0
BBX 3 3 4 -4
BITMAP
80
C0
60
ENDCHAR
STARTCHAR 02CF
ENCODING 719
SWIDTH 625 0
DWIDTH 10 0
BBX 3 3 3 -4
BITMAP
20
40
80
ENDCHAR
STARTCHAR 02D0
ENCODING 720
SWIDTH 625 0
DWIDTH 10 0
BBX 2 9 4 0
BITMAP
C0
C0
80
00
00
00
80
C0
C0
ENDCHAR
STARTCHAR 02D1
ENCODING 721
SWIDTH 625 0
DWIDTH 10 0
BBX 2 3 4 6
BITMAP
C0
C0
80
ENDCHAR
STARTCHAR 02D2
ENCODING 722
SWIDTH 625 0
DWIDTH 10 0
BBX 2 3 4 3
BITMAP
C0
40
C0
ENDCHAR
STARTCHAR 02D3
ENCODING 723
SWIDTH 625 0
DWIDTH 10 0
BBX 2 3 4 3
BITMAP
C0
80
C0
ENDCHAR
STARTCHAR 02D4
ENCODING 724
SWIDTH 625 0
DWIDTH 10 0
BBX 4 4 3 3
BITMAP
40
40
40
F0
ENDCHAR
STARTCHAR 02D5
ENCODING 725
SWIDTH 625 0
DWIDTH 10 0
BBX 4 4 3 3
BITMAP
F0
40
40
40
ENDCHAR
STARTCHAR 02D6
ENCODING 726
SWIDTH 625 0
DWIDTH 10 0
BBX 4 4 3 3
BITMAP
40
F0
40
40
ENDCHAR
STARTCHAR 02D7
ENCODING 727
SWIDTH 625 0
DWIDTH 10 0
BBX 4 1 3 4
BITMAP
F0
ENDCHAR
STARTCHAR 02D8
ENCODING 728
SWIDTH 625 0
DWIDTH 10 0
BBX 6 2 2 10
BITMAP
CC
78
ENDCHAR
STARTCHAR 02D9
ENCODING 729
SWIDTH 625 0
DWIDTH 10 0
BBX 2 2 4 10
BITMAP
C0
C0
ENDCHAR
STARTCHAR 02DA
ENCODING 730
SWIDTH 562 0
DWIDTH 9 0
BBX 3 3 3 10
BITMAP
E0
A0
E0
ENDCHAR
STARTCHAR 02DB
ENCODING 731
SWIDTH 562 0
DWIDTH 9 0
BBX 3 4 3 -4
BITMAP
40
80
80
E0
ENDCHAR
STARTCHAR 02DC
ENCODING 732
SWIDTH 625 0
DWIDTH 10 0
BBX 6 3 2 10
BITMAP
64
AC
98
ENDCHAR
STARTCHAR 02DD
ENCODING 733
SWIDTH 625 0
DWIDTH 10 0
BBX 6 3 2 10
BITMAP
24
6C
D8
ENDCHAR
STARTCHAR 02DE
ENCODING 734
SWIDTH 625 0
DWIDTH 10 0
BBX 10 6 -1 1
BITMAP
0C00
3C00
E400
8400
0640
03C0
ENDCHAR
STARTCHAR 02DF
ENCODING 735
SWIDTH 625 0
DWIDTH 10 0
BBX 4 3 3 10
BITMAP
90
60
B0
ENDCHAR
STARTCHAR 02E0
ENCODING 736
SWIDTH 625 0
DWIDTH 10 0
BBX 6 8 2 3
BITMAP
CC
48
30
30
30
30
30
30
ENDCHAR
STARTCHAR 02E1
ENCODING 737
SWIDTH 687 0
DWIDTH 11 0
BBX 5 8 3 5
BITMAP
E0
20
20
20
20
20
20
F8
ENDCHAR
STARTCHAR 02E2
ENCODING 738
SWIDTH 562 0
DWIDTH 9 0
BBX 5 6 2 5
BITMAP
78
88
E0
38
88
F0
ENDCHAR
STARTCHAR 02E3
ENCODING 739
SWIDTH 625 0
DWIDTH 10 0
BBX 6 6 2 5
BITMAP
CC
78
30
30
78
CC
ENDCHAR
STARTCHAR 02E4
ENCODING 740
SWIDTH 562 0
DWIDTH 9 0
BBX 5 8 2 5
BITMAP
70
88
80
C0
40
20
20
70
ENDCHAR
STARTCHAR 02E5
ENCODING 741
SWIDTH 562 0
DWIDTH 9 0
BBX 5 13 2 0
BITMAP
F8
08
08
08
08
08
08
08
08
08
08
08
08
ENDCHAR
STARTCHAR 02E6
ENCODING 742
SWIDTH 562 0
DWIDTH 9 0
BBX 5 13 2 0
BITMAP
08
08
08
F8
08
08
08
08
08
08
08
08
08
ENDCHAR
STARTCHAR 02E7
ENCODING 743
SWIDTH 562 0
DWIDTH 9 0
BBX 5 13 2 0
BITMAP
08
08
08
08
08
08
F8
08
08
08
08
08
08
ENDCHAR
STARTCHAR 02E8
ENCODING 744
SWIDTH 562 0
DWIDTH 9 0
BBX 5 13 2 0
BITMAP
08
08
08
08
08
08
08
08
08
F8
08
08
08
ENDCHAR
STARTCHAR 02E9
ENCODING 745
SWIDTH 562 0
DWIDTH 9 0
BBX 5 12 2 0
BITMAP
08
08
08
08
08
08
08
08
08
08
08
F8
ENDCHAR
STARTCHAR 02EA
ENCODING 746
SWIDTH 562 0
DWIDTH 9 0
BBX 5 6 2 0
BITMAP
80
80
80
80
80
F8
ENDCHAR
STARTCHAR 02EB
ENCODING 747
SWIDTH 562 0
DWIDTH 9 0
BBX 5 6 2 0
BITMAP
80
80
F8
80
80
80
ENDCHAR
STARTCHAR 02EC
ENCODING 748
SWIDTH 625 0
DWIDTH 10 0
BBX 5 3 2 -4
BITMAP
88
58
30
ENDCHAR
STARTCHAR 02ED
ENCODING 749
SWIDTH 625 0
DWIDTH 10 0
BBX 6 2 2 10
BITMAP
FC
FC
ENDCHAR
STARTCHAR 02EE
ENCODING 750
SWIDTH 562 0
DWIDTH 9 0
BBX 7 6 1 7
BITMAP
C6
C6
C6
42
44
84
ENDCHAR
STARTCHAR 02EF
ENCODING 751
SWIDTH 625 0
DWIDTH 10 0
BBX 4 3 3 -4
BITMAP
90
B0
60
ENDCHAR
STARTCHAR 02F0
ENCODING 752
SWIDTH 625 0
DWIDTH 10 0
BBX 4 3 3 -4
BITMAP
60
B0
90
ENDCHAR
STARTCHAR 02F1
ENCODING 753
SWIDTH 625 0
DWIDTH 10 0
BBX 4 3 3 -4
BITMAP
30
C0
70
ENDCHAR
STARTCHAR 02F2
ENCODING 754
SWIDTH 625 0
DWIDTH 10 0
BBX 4 3 3 -4
BITMAP
C0
30
E0
ENDCHAR
STARTCHAR 02F3
ENCODING 755
SWIDTH 562 0
DWIDTH 9 0
BBX 3 3 3 -4
BITMAP
E0
A0
E0
ENDCHAR
STARTCHAR 02F4
ENCODING 756
SWIDTH 625 0
DWIDTH 10 0
BBX 2 2 3 4
BITMAP
80
40
ENDCHAR
STARTCHAR 02F5
ENCODING 757
SWIDTH 625 0
DWIDTH 10 0
BBX 6 3 1 4
BITMAP
D8
6C
24
ENDCHAR
STARTCHAR 02F6
ENCODING 758
SWIDTH 625 0
DWIDTH 10 0
BBX 6 2 3 4
BITMAP
4C
98
ENDCHAR
STARTCHAR 02F7
ENCODING 759
SWIDTH 625 0
DWIDTH 10 0
BBX 6 3 2 -4
BITMAP
64
AC
98
ENDCHAR
STARTCHAR 02F8
ENCODING 760
SWIDTH 625 0
DWIDTH 10 0
BBX 2 8 4 4
BITMAP
C0
C0
00
00
00
00
C0
C0
ENDCHAR
STARTCHAR 02F9
ENCODING 761
SWIDTH 562 0
DWIDTH 9 0
BBX 5 5 2 8
BITMAP
F8
80
80
80
80
ENDCHAR
STARTCHAR 02FA
ENCODING 762
SWIDTH 562 0
DWIDTH 9 0
BBX 5 5 2 8
BITMAP
F8
08
08
08
08
ENDCHAR
STARTCHAR 02FB
ENCODING 763
SWIDTH 562 0
DWIDTH 9 0
BBX 5 5 2 0
BITMAP
80
80
80
80
F8
ENDCHAR
STARTCHAR 02FC
ENCODING 764
SWIDTH 562 0
DWIDTH 9 0
BBX 5 5 2 0
BITMAP
08
08
08
08
F8
ENDCHAR
STARTCHAR 02FD
ENCODING 765
SWIDTH 625 0
DWIDTH 10 0
BBX 6 2 2 -4
BITMAP
84
FC
ENDCHAR
STARTCHAR 02FE
ENCODING 766
SWIDTH 625 0
DWIDTH 10 0
BBX 7 2 2 -4
BITMAP
80
FE
ENDCHAR
STARTCHAR 02FF
ENCODING 767
SWIDTH 625 0
DWIDTH 10 0
BBX 6 3 2 -4
BITMAP
80
FC
80
ENDCHAR
STARTCHAR 0300
ENCODING 768
SWIDTH 0 0
DWIDTH 0 0
BBX 3 3 -7 10
BITMAP
C0
40
20
ENDCHAR
STARTCHAR 0301
ENCODING 769
SWIDTH 0 0
DWIDTH 0 0
BBX 3 3 -6 10
BITMAP
20
60
C0
ENDCHAR
STARTCHAR 0302
ENCODING 770
SWIDTH 0 0
DWIDTH 0 0
BBX 5 3 -7 10
BITMAP
60
D0
88
ENDCHAR
STARTCHAR 0303
ENCODING 771
SWIDTH 0 0
DWIDTH 0 0
BBX 6 3 -8 10
BITMAP
64
F4
98
ENDCHAR
STARTCHAR 0304
ENCODING 772
SWIDTH 0 0
DWIDTH 0 0
BBX 6 1 -7 11
BITMAP
FC
ENDCHAR
STARTCHAR 0305
ENCODING 773
SWIDTH 0 0
DWIDTH 0 0
BBX 10 1 -9 11
BITMAP
FFC0
ENDCHAR
STARTCHAR 0306
ENCODING 774
SWIDTH 0 0
DWIDTH 0 0
BBX 6 2 -8 10
BITMAP
CC
78
ENDCHAR
STARTCHAR 0307
ENCODING 775
SWIDTH 0 0
DWIDTH 0 0
BBX 2 2 -6 10
BITMAP
C0
C0
ENDCHAR
STARTCHAR 0308
ENCODING 776
SWIDTH 0 0
DWIDTH 0 0
BBX 6 2 -8 10
BITMAP
CC
CC
ENDCHAR
STARTCHAR 0309
ENCODING 777
SWIDTH 0 0
DWIDTH 0 0
BBX 3 3 -6 10
BITMAP
E0
20
60
ENDCHAR
STARTCHAR 030A
ENCODING 778
SWIDTH 0 0
DWIDTH 0 0
BBX 3 3 -6 10
BITMAP
E0
A0
E0
ENDCHAR
STARTCHAR 030B
ENCODING 779
SWIDTH 0 0
DWIDTH 0 0
BBX 6 3 -7 10
BITMAP
64
48
90
ENDCHAR
STARTCHAR 030C
ENCODING 780
SWIDTH 0 0
DWIDTH 0 0
BBX 5 3 -7 10
BITMAP
88
D0
60
ENDCHAR
STARTCHAR 030D
ENCODING 781
SWIDTH 0 0
DWIDTH 0 0
BBX 1 2 -5 10
BITMAP
80
80
ENDCHAR
STARTCHAR 030E
ENCODING 782
SWIDTH 0 0
DWIDTH 0 0
BBX 4 2 -6 10
BITMAP
90
90
ENDCHAR
STARTCHAR 030F
ENCODING 783
SWIDTH 0 0
DWIDTH 0 0
BBX 6 3 -8 10
BITMAP
90
D8
6C
ENDCHAR
STARTCHAR 0310
ENCODING 784
SWIDTH 0 0
DWIDTH 0 0
BBX 4 3 -7 10
BITMAP
60
90
70
ENDCHAR
STARTCHAR 0311
ENCODING 785
SWIDTH 0 0
DWIDTH 0 0
BBX 6 2 -8 11
BITMAP
78
CC
ENDCHAR
STARTCHAR 0312
ENCODING 786
SWIDTH 0 0
DWIDTH 0 0
BBX 1 3 -6 10
BITMAP
80
80
80
ENDCHAR
STARTCHAR 0313
ENCODING 787
SWIDTH 0 0
DWIDTH 0 0
BBX 1 3 -5 10
BITMAP
80
80
80
ENDCHAR
STARTCHAR 0314
ENCODING 788
SWIDTH 0 0
DWIDTH 0 0
BBX 2 3 -6 10
BITMAP
C0
80
80
ENDCHAR
STARTCHAR 0315
ENCODING 789
SWIDTH 0 0
DWIDTH 0 0
BBX 1 3 -1 10
BITMAP
80
80
80
ENDCHAR
STARTCHAR 0316
ENCODING 790
SWIDTH 0 0
DWIDTH 0 0
BBX 3 3 -6 -4
BITMAP
80
40
20
ENDCHAR
STARTCHAR 0317
ENCODING 791
SWIDTH 0 0
DWIDTH 0 0
BBX 3 3 -7 -4
BITMAP
20
60
C0
ENDCHAR
STARTCHAR 0318
ENCODING 792
SWIDTH 0 0
DWIDTH 0 0
BBX 4 2 -7 -4
BITMAP
F0
10
ENDCHAR
STARTCHAR 0319
ENCODING 793
SWIDTH 0 0
DWIDTH 0 0
BBX 4 2 -7 -4
BITMAP
F0
80
ENDCHAR
STARTCHAR 031A
ENCODING 794
SWIDTH 0 0
DWIDTH 0 0
BBX 4 3 -3 10
BITMAP
F0
10
10
ENDCHAR
STARTCHAR 031B
ENCODING 795
SWIDTH 0 0
DWIDTH 0 0
BBX 2 3 0 8
BITMAP
C0
40
80
ENDCHAR
STARTCHAR 031C
ENCODING 796
SWIDTH 0 0
DWIDTH 0 0
BBX 2 3 -6 -4
BITMAP
C0
80
C0
ENDCHAR
STARTCHAR 031D
ENCODING 797
SWIDTH 0 0
DWIDTH 0 0
BBX 4 2 -7 -4
BITMAP
40
F0
ENDCHAR
STARTCHAR 031E
ENCODING 798
SWIDTH 0 0
DWIDTH 0 0
BBX 4 3 -7 -4
BITMAP
F0
40
40
ENDCHAR
STARTCHAR 031F
ENCODING 799
SWIDTH 0 0
DWIDTH 0 0
BBX 4 2 -7 -4
BITMAP
F0
60
ENDCHAR
STARTCHAR 0320
ENCODING 800
SWIDTH 0 0
DWIDTH 0 0
BBX 4 1 -7 -3
BITMAP
F0
ENDCHAR
STARTCHAR 0321
ENCODING 801
SWIDTH 0 0
DWIDTH 0 0
BBX 3 4 -3 -3
BITMAP
20
20
60
C0
ENDCHAR
STARTCHAR 0322
ENCODING 802
SWIDTH 0 0
DWIDTH 0 0
BBX 3 4 -1 -3
BITMAP
80
80
C0
60
ENDCHAR
STARTCHAR 0323
ENCODING 803
SWIDTH 0 0
DWIDTH 0 0
BBX 2 2 -6 -4
BITMAP
C0
C0
ENDCHAR
STARTCHAR 0324
ENCODING 804
SWIDTH 0 0
DWIDTH 0 0
BBX 6 2 -8 -4
BITMAP
CC
CC
ENDCHAR
STARTCHAR 0325
ENCODING 805
SWIDTH 0 0
DWIDTH 0 0
BBX 3 3 -6 -4
BITMAP
E0
A0
E0
ENDCHAR
STARTCHAR 0326
ENCODING 806
SWIDTH 0 0
DWIDTH 0 0
BBX 1 3 -5 -4
BITMAP
80
80
80
ENDCHAR
STARTCHAR 0327
ENCODING 807
SWIDTH 0 0
DWIDTH 0 0
BBX 4 3 -7 -4
BITMAP
40
30
F0
ENDCHAR
STARTCHAR 0328
ENCODING 808
SWIDTH 0 0
DWIDTH 0 0
BBX 3 4 -6 -4
BITMAP
40
80
80
E0
ENDCHAR
STARTCHAR 0329
ENCODING 809
SWIDTH 0 0
DWIDTH 0 0
BBX 1 2 -5 -4
BITMAP
80
80
ENDCHAR
STARTCHAR 032A
ENCODING 810
SWIDTH 0 0
DWIDTH 0 0
BBX 5 3 -7 -4
BITMAP
F8
88
88
ENDCHAR
STARTCHAR 032B
ENCODING 811
SWIDTH 0 0
DWIDTH 0 0
BBX 3 4 -6 -5
BITMAP
80
A0
E0
E0
ENDCHAR
STARTCHAR 032C
ENCODING 812
SWIDTH 0 0
DWIDTH 0 0
BBX 5 3 -7 -4
BITMAP
88
D0
60
ENDCHAR
STARTCHAR 032D
ENCODING 813
SWIDTH 0 0
DWIDTH 0 0
BBX 5 3 -7 -4
BITMAP
60
D0
88
ENDCHAR
STARTCHAR 032E
ENCODING 814
SWIDTH 0 0
DWIDTH 0 0
BBX 6 2 -8 -4
BITMAP
CC
78
ENDCHAR
STARTCHAR 032F
ENCODING 815
SWIDTH 0 0
DWIDTH 0 0
BBX 6 2 -8 -3
BITMAP
78
CC
ENDCHAR
STARTCHAR 0330
ENCODING 816
SWIDTH 0 0
DWIDTH 0 0
BBX 6 3 -8 -4
BITMAP
64
F4
98
ENDCHAR
STARTCHAR 0331
ENCODING 817
SWIDTH 0 0
DWIDTH 0 0
BBX 6 1 -7 -3
BITMAP
FC
ENDCHAR
STARTCHAR 0332
ENCODING 818
SWIDTH 0 0
DWIDTH 0 0
BBX 10 1 -9 -3
BITMAP
FFC0
ENDCHAR
STARTCHAR 0333
ENCODING 819
SWIDTH 0 0
DWIDTH 0 0
BBX 10 2 -10 -4
BITMAP
FFC0
FFC0
ENDCHAR
STARTCHAR 0334
ENCODING 820
SWIDTH 0 0
DWIDTH 0 0
BBX 6 2 -8 4
BITMAP
7C
D8
ENDCHAR
STARTCHAR 0335
ENCODING 821
SWIDTH 0 0
DWIDTH 0 0
BBX 5 1 -7 4
BITMAP
F8
ENDCHAR
STARTCHAR 0336
ENCODING 822
SWIDTH 0 0
DWIDTH 0 0
BBX 10 1 -9 4
BITMAP
FFC0
ENDCHAR
STARTCHAR 0337
ENCODING 823
SWIDTH 0 0
DWIDTH 0 0
BBX 6 11 -8 -1
BITMAP
04
04
08
08
10
10
20
20
40
40
80
ENDCHAR
STARTCHAR 0338
ENCODING 824
SWIDTH 0 0
DWIDTH 0 0
BBX 6 15 -8 -3
BITMAP
04
04
08
08
08
10
10
10
20
20
20
40
40
40
80
ENDCHAR
STARTCHAR 0339
ENCODING 825
SWIDTH 0 0
DWIDTH 0 0
BBX 2 3 -6 -4
BITMAP
C0
40
C0
ENDCHAR
STARTCHAR 033A
ENCODING 826
SWIDTH 0 0
DWIDTH 0 0
BBX 5 2 -7 -4
BITMAP
88
F8
ENDCHAR
STARTCHAR 033B
ENCODING 827
SWIDTH 0 0
DWIDTH 0 0
BBX 5 2 -7 -4
BITMAP
F8
F8
ENDCHAR
STARTCHAR 033C
ENCODING 828
SWIDTH 0 0
DWIDTH 0 0
BBX 6 3 -8 -4
BITMAP
78
74
D4
ENDCHAR
STARTCHAR 033D
ENCODING 829
SWIDTH 0 0
DWIDTH 0 0
BBX 4 3 -7 10
BITMAP
D0
60
D0
ENDCHAR
STARTCHAR 033E
ENCODING 830
SWIDTH 0 0
DWIDTH 0 0
BBX 2 2 -6 10
BITMAP
C0
40
ENDCHAR
STARTCHAR 033F
ENCODING 831
SWIDTH 0 0
DWIDTH 0 0
BBX 10 2 -10 10
BITMAP
FFC0
FFC0
ENDCHAR
STARTCHAR 0340
ENCODING 832
SWIDTH 0 0
DWIDTH 0 0
BBX 3 3 -7 10
BITMAP
C0
40
20
ENDCHAR
STARTCHAR 0341
ENCODING 833
SWIDTH 0 0
DWIDTH 0 0
BBX 3 3 -6 10
BITMAP
20
60
C0
ENDCHAR
STARTCHAR 0342
ENCODING 834
SWIDTH 0 0
DWIDTH 0 0
BBX 6 2 -8 11
BITMAP
78
CC
ENDCHAR
STARTCHAR 0343
ENCODING 835
SWIDTH 0 0
DWIDTH 0 0
BBX 1 3 -5 10
BITMAP
80
80
80
ENDCHAR
STARTCHAR 0344
ENCODING 836
SWIDTH 0 0
DWIDTH 0 0
BBX 6 3 -8 11
BITMAP
10
10
D4
ENDCHAR
STARTCHAR 0345
ENCODING 837
SWIDTH 0 0
DWIDTH 0 0
BBX 1 2 -5 -4
BITMAP
80
80
ENDCHAR
STARTCHAR 0346
ENCODING 838
SWIDTH 0 0
DWIDTH 0 0
BBX 5 3 -7 10
BITMAP
F8
88
88
ENDCHAR
STARTCHAR 0347
ENCODING 839
SWIDTH 0 0
DWIDTH 0 0
BBX 4 2 -7 -4
BITMAP
F0
F0
ENDCHAR
STARTCHAR 0348
ENCODING 840
SWIDTH 0 0
DWIDTH 0 0
BBX 4 2 -6 -4
BITMAP
90
90
ENDCHAR
STARTCHAR 0349
ENCODING 841
SWIDTH 0 0
DWIDTH 0 0
BBX 4 3 -7 -4
BITMAP
F0
10
10
ENDCHAR
STARTCHAR 034A
ENCODING 842
SWIDTH 0 0
DWIDTH 0 0
BBX 6 2 -8 10
BITMAP
74
BC
ENDCHAR
STARTCHAR 034B
ENCODING 843
SWIDTH 0 0
DWIDTH 0 0
BBX 6 4 -8 10
BITMAP
10
64
9C
10
ENDCHAR
STARTCHAR 034C
ENCODING 844
SWIDTH 0 0
DWIDTH 0 0
BBX 6 4 -8 9
BITMAP
64
9C
64
9C
ENDCHAR
STARTCHAR 034D
ENCODING 845
SWIDTH 0 0
DWIDTH 0 0
BBX 6 3 -8 -4
BITMAP
48
FC
44
ENDCHAR
STARTCHAR 034E
ENCODING 846
SWIDTH 0 0
DWIDTH 0 0
BBX 3 3 -6 -4
BITMAP
40
E0
40
ENDCHAR
STARTCHAR 034F
ENCODING 847
SWIDTH 0 0
DWIDTH 0 0
BBX 0 0 0 0
BITMAP
ENDCHAR
STARTCHAR 0350
ENCODING 848
SWIDTH 0 0
DWIDTH 0 0
BBX 4 3 -7 10
BITMAP
C0
30
E0
ENDCHAR
STARTCHAR 0351
ENCODING 849
SWIDTH 0 0
DWIDTH 0 0
BBX 2 3 -6 10
BITMAP
C0
80
C0
ENDCHAR
STARTCHAR 0352
ENCODING 850
SWIDTH 0 0
DWIDTH 0 0
BBX 4 3 -7 10
BITMAP
70
D0
F0
ENDCHAR
STARTCHAR 0353
ENCODING 851
SWIDTH 0 0
DWIDTH 0 0
BBX 4 3 -7 -4
BITMAP
D0
60
D0
ENDCHAR
STARTCHAR 0354
ENCODING 852
SWIDTH 0 0
DWIDTH 0 0
BBX 4 3 -7 -4
BITMAP
30
C0
70
ENDCHAR
STARTCHAR 0355
ENCODING 853
SWIDTH 0 0
DWIDTH 0 0
BBX 4 3 -7 -4
BITMAP
C0
30
E0
ENDCHAR
STARTCHAR 0356
ENCODING 854
SWIDTH 0 0
DWIDTH 0 0
BBX 8 3 -9 -4
BITMAP
E6
3B
C9
ENDCHAR
STARTCHAR 0357
ENCODING 855
SWIDTH 0 0
DWIDTH 0 0
BBX 2 3 -6 10
BITMAP
C0
40
C0
ENDCHAR
STARTCHAR 0358
ENCODING 856
SWIDTH 0 0
DWIDTH 0 0
BBX 2 1 0 10
BITMAP
C0
ENDCHAR
STARTCHAR 0359
ENCODING 857
SWIDTH 0 0
DWIDTH 0 0
BBX 3 3 -6 -5
BITMAP
40
E0
60
ENDCHAR
STARTCHAR 035A
ENCODING 858
SWIDTH 0 0
DWIDTH 0 0
BBX 6 3 -7 -4
BITMAP
F8
94
F8
ENDCHAR
STARTCHAR 035B
ENCODING 859
SWIDTH 0 0
DWIDTH 0 0
BBX 4 3 -7 10
BITMAP
40
F0
10
ENDCHAR
STARTCHAR 035C
ENCODING 860
SWIDTH 0 0
DWIDTH 0 0
BBX 14 3 -7 -9
BITMAP
8004
F038
1FE0
ENDCHAR
STARTCHAR 035D
ENCODING 861
SWIDTH 0 0
DWIDTH 0 0
BBX 14 3 -7 14
BITMAP
8004
F03C
1FE0
ENDCHAR
STARTCHAR 035E
ENCODING 862
SWIDTH 0 0
DWIDTH 0 0
BBX 15 1 -7 15
BITMAP
FFFE
ENDCHAR
STARTCHAR 035F
ENCODING 863
SWIDTH 0 0
DWIDTH 0 0
BBX 15 1 -7 -8
BITMAP
FFFE
ENDCHAR
STARTCHAR 0360
ENCODING 864
SWIDTH 0 0
DWIDTH 0 0
BBX 14 3 -7 14
BITMAP
3C00
E70C
81F8
ENDCHAR
STARTCHAR 0361
ENCODING 865
SWIDTH 0 0
DWIDTH 0 0
BBX 14 3 -7 14
BITMAP
1FE0
7078
C00C
ENDCHAR
STARTCHAR 0362
ENCODING 866
SWIDTH 0 0
DWIDTH 0 0
BBX 15 4 -7 -9
BITMAP
000C
FFFE
000C
0008
ENDCHAR
STARTCHAR 0363
ENCODING 867
SWIDTH 0 0
DWIDTH 0 0
BBX 3 4 -6 10
BITMAP
60
A0
60
E0
ENDCHAR
STARTCHAR 0364
ENCODING 868
SWIDTH 0 0
DWIDTH 0 0
BBX 3 4 -6 10
BITMAP
E0
A0
C0
E0
ENDCHAR
STARTCHAR 0365
ENCODING 869
SWIDTH 0 0
DWIDTH 0 0
BBX 3 5 -6 10
BITMAP
40
C0
40
40
E0
ENDCHAR
STARTCHAR 0366
ENCODING 870
SWIDTH 0 0
DWIDTH 0 0
BBX 3 4 -6 10
BITMAP
E0
A0
A0
E0
ENDCHAR
STARTCHAR 0367
ENCODING 871
SWIDTH 0 0
DWIDTH 0 0
BBX 4 4 -7 10
BITMAP
D0
50
50
70
ENDCHAR
STARTCHAR 0368
ENCODING 872
SWIDTH 0 0
DWIDTH 0 0
BBX 2 3 -6 10
BITMAP
C0
80
C0
ENDCHAR
STARTCHAR 0369
ENCODING 873
SWIDTH 0 0
DWIDTH 0 0
BBX 3 5 -6 10
BITMAP
20
E0
A0
A0
E0
ENDCHAR
STARTCHAR 036A
ENCODING 874
SWIDTH 0 0
DWIDTH 0 0
BBX 4 5 -7 10
BITMAP
C0
40
70
50
D0
ENDCHAR
STARTCHAR 036B
ENCODING 875
SWIDTH 0 0
DWIDTH 0 0
BBX 4 4 -6 10
BITMAP
E0
E0
E0
F0
ENDCHAR
STARTCHAR 036C
ENCODING 876
SWIDTH 0 0
DWIDTH 0 0
BBX 3 3 -6 10
BITMAP
E0
40
E0
ENDCHAR
STARTCHAR 036D
ENCODING 877
SWIDTH 0 0
DWIDTH 0 0
BBX 3 5 -6 10
BITMAP
40
E0
40
40
60
ENDCHAR
STARTCHAR 036E
ENCODING 878
SWIDTH 0 0
DWIDTH 0 0
BBX 3 4 -6 10
BITMAP
A0
C0
C0
40
ENDCHAR
STARTCHAR 036F
ENCODING 879
SWIDTH 0 0
DWIDTH 0 0
BBX 3 4 -6 10
BITMAP
E0
C0
40
E0
ENDCHAR
STARTCHAR 0370
ENCODING 880
SWIDTH 625 0
DWIDTH 10 0
BBX 6 13 2 0
BITMAP
F0
40
40
40
40
40
7C
44
40
40
40
40
F0
ENDCHAR
STARTCHAR 0371
ENCODING 881
SWIDTH 625 0
DWIDTH 10 0
BBX 6 9 2 0
BITMAP
C0
40
40
40
7C
40
40
40
40
ENDCHAR
STARTCHAR 0372
ENCODING 882
SWIDTH 625 0
DWIDTH 10 0
BBX 7 13 2 0
BITMAP
FE
92
92
92
92
92
92
10
10
10
10
10
78
ENDCHAR
STARTCHAR 0373
ENCODING 883
SWIDTH 625 0
DWIDTH 10 0
BBX 7 13 2 -4
BITMAP
FE
92
92
92
92
92
92
10
10
10
10
10
10
ENDCHAR
STARTCHAR 0374
ENCODING 884
SWIDTH 625 0
DWIDTH 10 0
BBX 4 6 3 8
BITMAP
30
20
60
40
40
C0
ENDCHAR
STARTCHAR 0375
ENCODING 885
SWIDTH 625 0
DWIDTH 10 0
BBX 4 6 3 -4
BITMAP
30
20
60
40
40
C0
ENDCHAR
STARTCHAR 0376
ENCODING 886
SWIDTH 625 0
DWIDTH 10 0
BBX 8 13 1 0
BITMAP
E6
46
46
4A
4A
4A
52
52
52
72
62
62
67
ENDCHAR
STARTCHAR 0377
ENCODING 887
SWIDTH 625 0
DWIDTH 10 0
BBX 7 9 1 0
BITMAP
C6
46
4A
4A
52
52
72
62
62
ENDCHAR
STARTCHAR 037A
ENCODING 890
SWIDTH 562 0
DWIDTH 9 0
BBX 1 2 4 -4
BITMAP
80
80
ENDCHAR
STARTCHAR 037B
ENCODING 891
SWIDTH 562 0
DWIDTH 9 0
BBX 7 9 1 0
BITMAP
3C
66
C2
02
02
02
C2
66
3C
ENDCHAR
STARTCHAR 037C
ENCODING 892
SWIDTH 625 0
DWIDTH 10 0
BBX 6 9 2 0
BITMAP
78
CC
84
B0
B0
84
84
CC
78
ENDCHAR
STARTCHAR 037D
ENCODING 893
SWIDTH 562 0
DWIDTH 9 0
BBX 7 9 1 0
BITMAP
3C
66
C2
1A
1A
02
C2
66
3C
ENDCHAR
STARTCHAR 037E
ENCODING 894
SWIDTH 625 0
DWIDTH 10 0
BBX 3 12 4 -4
BITMAP
E0
E0
C0
00
00
00
C0
E0
E0
60
40
C0
ENDCHAR
STARTCHAR 037F
ENCODING 895
SWIDTH 625 0
DWIDTH 10 0
BBX 6 13 2 0
BITMAP
3C
04
04
04
04
04
04
04
04
04
84
CC
78
ENDCHAR
STARTCHAR 0384
ENCODING 900
SWIDTH 625 0
DWIDTH 10 0
BBX 2 3 4 10
BITMAP
C0
80
80
ENDCHAR
STARTCHAR 0385
ENCODING 901
SWIDTH 625 0
DWIDTH 10 0
BBX 6 3 2 11
BITMAP
30
30
AC
ENDCHAR
STARTCHAR 0386
ENCODING 902
SWIDTH 625 0
DWIDTH 10 0
BBX 8 14 1 0
BITMAP
80
98
98
18
18
3C
24
24
24
7E
66
42
42
E7
ENDCHAR
STARTCHAR 0387
ENCODING 903
SWIDTH 625 0
DWIDTH 10 0
BBX 3 3 4 4
BITMAP
C0
E0
E0
ENDCHAR
STARTCHAR 0388
ENCODING 904
SWIDTH 625 0
DWIDTH 10 0
BBX 9 15 -1 0
BITMAP
8000
8000
BF80
1080
1000
1000
1000
1000
1F00
1000
1000
1000
1000
1080
3F80
ENDCHAR
STARTCHAR 0389
ENCODING 905
SWIDTH 625 0
DWIDTH 10 0
BBX 10 15 -1 0
BITMAP
8000
8000
B9C0
1080
1080
1080
1080
1080
1F80
1080
1080
1080
1080
1080
39C0
ENDCHAR
STARTCHAR 038A
ENCODING 906
SWIDTH 625 0
DWIDTH 10 0
BBX 8 15 0 0
BITMAP
80
80
BF
04
04
04
04
04
04
04
04
04
04
04
3F
ENDCHAR
STARTCHAR 038C
ENCODING 908
SWIDTH 562 0
DWIDTH 9 0
BBX 8 15 0 0
BITMAP
80
80
9E
33
21
21
21
21
21
21
21
21
21
33
1E
ENDCHAR
STARTCHAR 038E
ENCODING 910
SWIDTH 625 0
DWIDTH 10 0
BBX 10 15 -1 0
BITMAP
8000
8000
B9C0
1980
0980
0900
0D00
0500
0600
0200
0200
0200
0200
0200
0F00
ENDCHAR
STARTCHAR 038F
ENCODING 911
SWIDTH 562 0
DWIDTH 9 0
BBX 8 15 0 0
BITMAP
80
80
9C
32
23
23
23
23
23
23
23
23
32
14
37
ENDCHAR
STARTCHAR 0390
ENCODING 912
SWIDTH 562 0
DWIDTH 9 0
BBX 7 13 1 0
BITMAP
10
10
56
00
F0
10
10
10
10
10
10
18
0E
ENDCHAR
STARTCHAR 0391
ENCODING 913
SWIDTH 625 0
DWIDTH 10 0
BBX 8 13 1 0
BITMAP
18
18
18
18
3C
24
24
24
7E
66
42
42
E7
ENDCHAR
STARTCHAR 0392
ENCODING 914
SWIDTH 625 0
DWIDTH 10 0
BBX 8 13 1 0
BITMAP
FC
46
42
42
42
46
7C
46
41
41
41
46
FC
ENDCHAR
STARTCHAR 0393
ENCODING 915
SWIDTH 562 0
DWIDTH 9 0
BBX 7 13 1 0
BITMAP
FE
42
42
40
40
40
40
40
40
40
40
40
F0
ENDCHAR
STARTCHAR 0394
ENCODING 916
SWIDTH 625 0
DWIDTH 10 0
BBX 7 13 1 0
BITMAP
18
18
38
38
2C
2C
24
64
44
46
42
C2
FE
ENDCHAR
STARTCHAR 0395
ENCODING 917
SWIDTH 625 0
DWIDTH 10 0
BBX 7 13 1 0
BITMAP
FE
42
40
40
40
40
7C
40
40
40
40
42
FE
ENDCHAR
STARTCHAR 0396
ENCODING 918
SWIDTH 625 0
DWIDTH 10 0
BBX 6 13 2 0
BITMAP
FC
8C
0C
18
18
10
30
20
60
40
C0
84
FC
ENDCHAR
STARTCHAR 0397
ENCODING 919
SWIDTH 625 0
DWIDTH 10 0
BBX 8 13 1 0
BITMAP
E7
42
42
42
42
42
7E
42
42
42
42
42
E7
ENDCHAR
STARTCHAR 0398
ENCODING 920
SWIDTH 562 0
DWIDTH 9 0
BBX 6 13 2 0
BITMAP
78
CC
84
84
84
84
B4
B4
84
84
84
CC
78
ENDCHAR
STARTCHAR 0399
ENCODING 921
SWIDTH 625 0
DWIDTH 10 0
BBX 6 13 2 0
BITMAP
FC
10
10
10
10
10
10
10
10
10
10
10
FC
ENDCHAR
STARTCHAR 039A
ENCODING 922
SWIDTH 625 0
DWIDTH 10 0
BBX 7 13 2 0
BITMAP
86
8C
88
98
90
B0
E0
B0
90
98
88
8C
84
ENDCHAR
STARTCHAR 039B
ENCODING 923
SWIDTH 625 0
DWIDTH 10 0
BBX 8 13 1 0
BITMAP
18
18
18
18
3C
24
24
24
66
66
42
42
E7
ENDCHAR
STARTCHAR 039C
ENCODING 924
SWIDTH 687 0
DWIDTH 11 0
BBX 9 13 1 0
BITMAP
E380
6300
6300
6500
5500
5500
5500
4900
4900
4100
4100
4100
E380
ENDCHAR
STARTCHAR 039D
ENCODING 925
SWIDTH 625 0
DWIDTH 10 0
BBX 8 13 1 0
BITMAP
E7
62
62
62
52
52
52
4A
4A
4A
46
46
E6
ENDCHAR
STARTCHAR 039E
ENCODING 926
SWIDTH 625 0
DWIDTH 10 0
BBX 7 13 2 0
BITMAP
FE
82
82
00
00
44
7C
00
00
00
00
82
FE
ENDCHAR
STARTCHAR 039F
ENCODING 927
SWIDTH 562 0
DWIDTH 9 0
BBX 6 13 2 0
BITMAP
78
CC
84
84
84
84
84
84
84
84
84
CC
78
ENDCHAR
STARTCHAR 03A0
ENCODING 928
SWIDTH 625 0
DWIDTH 10 0
BBX 8 13 1 0
BITMAP
FF
42
42
42
42
42
42
42
42
42
42
42
E7
ENDCHAR
STARTCHAR 03A1
ENCODING 929
SWIDTH 562 0
DWIDTH 9 0
BBX 7 13 1 0
BITMAP
FC
46
46
42
42
42
46
7C
40
40
40
40
F0
ENDCHAR
STARTCHAR 03A3
ENCODING 931
SWIDTH 625 0
DWIDTH 10 0
BBX 7 13 1 0
BITMAP
FE
C2
42
60
20
30
10
30
20
60
40
C2
FE
ENDCHAR
STARTCHAR 03A4
ENCODING 932
SWIDTH 625 0
DWIDTH 10 0
BBX 7 13 2 0
BITMAP
FE
92
92
10
10
10
10
10
10
10
10
10
78
ENDCHAR
STARTCHAR 03A5
ENCODING 933
SWIDTH 625 0
DWIDTH 10 0
BBX 8 13 1 0
BITMAP
E7
66
26
24
34
14
18
08
08
08
08
08
3C
ENDCHAR
STARTCHAR 03A6
ENCODING 934
SWIDTH 562 0
DWIDTH 9 0
BBX 7 13 1 0
BITMAP
3C
10
30
7C
D6
92
92
92
D6
7C
38
10
3C
ENDCHAR
STARTCHAR 03A7
ENCODING 935
SWIDTH 625 0
DWIDTH 10 0
BBX 8 13 1 0
BITMAP
E7
66
24
24
18
18
18
18
18
24
24
66
E7
ENDCHAR
STARTCHAR 03A8
ENCODING 936
SWIDTH 562 0
DWIDTH 9 0
BBX 9 13 0 0
BITMAP
C980
4900
4900
4900
4900
4900
4900
6B00
3E00
0800
0800
0800
3C00
ENDCHAR
STARTCHAR 03A9
ENCODING 937
SWIDTH 562 0
DWIDTH 9 0
BBX 6 13 2 0
BITMAP
70
C8
8C
8C
8C
8C
8C
8C
8C
8C
C8
50
DC
ENDCHAR
STARTCHAR 03AA
ENCODING 938
SWIDTH 625 0
DWIDTH 10 0
BBX 6 16 2 0
BITMAP
CC
C8
00
FC
10
10
10
10
10
10
10
10
10
10
10
FC
ENDCHAR
STARTCHAR 03AB
ENCODING 939
SWIDTH 625 0
DWIDTH 10 0
BBX 8 16 1 0
BITMAP
66
64
00
E7
66
26
24
34
14
18
08
08
08
08
08
3C
ENDCHAR
STARTCHAR 03AC
ENCODING 940
SWIDTH 625 0
DWIDTH 10 0
BBX 7 13 2 0
BITMAP
10
10
10
00
76
DC
8C
84
84
84
8C
DE
72
ENDCHAR
STARTCHAR 03AD
ENCODING 941
SWIDTH 562 0
DWIDTH 9 0
BBX 7 13 1 0
BITMAP
10
10
10
00
3C
44
40
40
38
C0
80
C6
7C
ENDCHAR
STARTCHAR 03AE
ENCODING 942
SWIDTH 625 0
DWIDTH 10 0
BBX 7 17 1 -4
BITMAP
18
18
10
00
DC
66
42
42
42
42
42
42
42
02
02
02
02
ENDCHAR
STARTCHAR 03AF
ENCODING 943
SWIDTH 562 0
DWIDTH 9 0
BBX 7 13 1 0
BITMAP
10
10
10
00
F0
10
10
10
10
10
10
18
0E
ENDCHAR
STARTCHAR 03B0
ENCODING 944
SWIDTH 562 0
DWIDTH 9 0
BBX 7 13 1 0
BITMAP
18
10
56
00
C4
46
42
42
42
42
46
64
38
ENDCHAR
STARTCHAR 03B1
ENCODING 945
SWIDTH 625 0
DWIDTH 10 0
BBX 7 9 2 0
BITMAP
76
DC
8C
84
84
84
8C
DE
72
ENDCHAR
STARTCHAR 03B2
ENCODING 946
SWIDTH 625 0
DWIDTH 10 0
BBX 7 17 2 -4
BITMAP
78
CC
84
84
84
8C
B8
8C
82
82
82
C6
BC
80
80
80
80
ENDCHAR
STARTCHAR 03B3
ENCODING 947
SWIDTH 625 0
DWIDTH 10 0
BBX 8 13 0 -4
BITMAP
E1
21
31
13
12
1E
1C
0C
08
08
08
08
08
ENDCHAR
STARTCHAR 03B4
ENCODING 948
SWIDTH 562 0
DWIDTH 9 0
BBX 6 13 2 0
BITMAP
78
C8
80
80
C0
78
8C
84
84
84
84
CC
78
ENDCHAR
STARTCHAR 03B5
ENCODING 949
SWIDTH 562 0
DWIDTH 9 0
BBX 7 9 1 0
BITMAP
3C
44
40
40
38
C0
80
C6
7C
ENDCHAR
STARTCHAR 03B6
ENCODING 950
SWIDTH 625 0
DWIDTH 10 0
BBX 6 17 2 -4
BITMAP
FC
0C
18
30
60
40
C0
80
80
80
80
C0
78
0C
04
0C
18
ENDCHAR
STARTCHAR 03B7
ENCODING 951
SWIDTH 625 0
DWIDTH 10 0
BBX 7 13 1 -4
BITMAP
DC
66
42
42
42
42
42
42
42
02
02
02
02
ENDCHAR
STARTCHAR 03B8
ENCODING 952
SWIDTH 562 0
DWIDTH 9 0
BBX 7 13 1 0
BITMAP
38
6C
44
C6
82
82
FE
82
82
C6
44
6C
38
ENDCHAR
STARTCHAR 03B9
ENCODING 953
SWIDTH 562 0
DWIDTH 9 0
BBX 7 9 1 0
BITMAP
F0
10
10
10
10
10
10
18
0E
ENDCHAR
STARTCHAR 03BA
ENCODING 954
SWIDTH 562 0
DWIDTH 9 0
BBX 8 9 1 0
BITMAP
C7
4C
48
50
70
78
4C
44
47
ENDCHAR
STARTCHAR 03BB
ENCODING 955
SWIDTH 625 0
DWIDTH 10 0
BBX 7 13 2 0
BITMAP
C0
20
20
30
30
30
38
68
48
4C
C4
84
86
ENDCHAR
STARTCHAR 03BC
ENCODING 956
SWIDTH 625 0
DWIDTH 10 0
BBX 8 13 1 -4
BITMAP
C6
42
42
42
42
42
42
66
7B
40
40
40
40
ENDCHAR
STARTCHAR 03BD
ENCODING 957
SWIDTH 625 0
DWIDTH 10 0
BBX 7 9 1 0
BITMAP
C2
42
62
26
24
3C
38
18
10
ENDCHAR
STARTCHAR 03BE
ENCODING 958
SWIDTH 625 0
DWIDTH 10 0
BBX 6 17 2 -4
BITMAP
FC
60
80
80
80
C0
38
60
80
80
80
C0
78
0C
04
0C
18
ENDCHAR
STARTCHAR 03BF
ENCODING 959
SWIDTH 562 0
DWIDTH 9 0
BBX 6 9 2 0
BITMAP
78
CC
84
84
84
84
84
CC
78
ENDCHAR
STARTCHAR 03C0
ENCODING 960
SWIDTH 562 0
DWIDTH 9 0
BBX 7 9 1 0
BITMAP
FE
44
44
44
44
44
44
44
46
ENDCHAR
STARTCHAR 03C1
ENCODING 961
SWIDTH 562 0
DWIDTH 9 0
BBX 6 13 2 -4
BITMAP
78
CC
84
84
84
84
84
CC
B8
80
80
80
80
ENDCHAR
STARTCHAR 03C2
ENCODING 962
SWIDTH 625 0
DWIDTH 10 0
BBX 6 13 2 -4
BITMAP
78
CC
84
80
80
80
80
C0
78
0C
04
0C
18
ENDCHAR
STARTCHAR 03C3
ENCODING 963
SWIDTH 625 0
DWIDTH 10 0
BBX 8 9 2 0
BITMAP
7F
C8
84
84
84
84
84
CC
78
ENDCHAR
STARTCHAR 03C4
ENCODING 964
SWIDTH 687 0
DWIDTH 11 0
BBX 7 9 2 0
BITMAP
FE
20
20
20
20
20
20
30
1E
ENDCHAR
STARTCHAR 03C5
ENCODING 965
SWIDTH 562 0
DWIDTH 9 0
BBX 7 9 1 0
BITMAP
C4
46
42
42
42
42
46
64
38
ENDCHAR
STARTCHAR 03C6
ENCODING 966
SWIDTH 562 0
DWIDTH 9 0
BBX 7 13 1 -4
BITMAP
4C
96
92
92
92
92
96
D4
7C
10
10
10
10
ENDCHAR
STARTCHAR 03C7
ENCODING 967
SWIDTH 625 0
DWIDTH 10 0
BBX 9 13 1 -4
BITMAP
C300
6200
2600
3400
1C00
1800
0800
1800
1C00
3400
2600
6200
4380
ENDCHAR
STARTCHAR 03C8
ENCODING 968
SWIDTH 562 0
DWIDTH 9 0
BBX 8 17 0 -4
BITMAP
08
08
08
08
C9
49
49
49
49
49
49
6B
3E
08
08
08
08
ENDCHAR
STARTCHAR 03C9
ENCODING 969
SWIDTH 562 0
DWIDTH 9 0
BBX 7 9 1 0
BITMAP
C4
86
82
92
92
92
92
EE
6C
ENDCHAR
STARTCHAR 03CA
ENCODING 970
SWIDTH 562 0
DWIDTH 9 0
BBX 7 13 1 0
BITMAP
66
66
00
00
F0
10
10
10
10
10
10
18
0E
ENDCHAR
STARTCHAR 03CB
ENCODING 971
SWIDTH 562 0
DWIDTH 9 0
BBX 7 13 1 0
BITMAP
66
66
00
00
C6
46
42
42
42
42
46
64
38
ENDCHAR
STARTCHAR 03CC
ENCODING 972
SWIDTH 562 0
DWIDTH 9 0
BBX 6 13 2 0
BITMAP
30
20
20
00
78
CC
84
84
84
84
84
CC
78
ENDCHAR
STARTCHAR 03CD
ENCODING 973
SWIDTH 562 0
DWIDTH 9 0
BBX 7 13 1 0
BITMAP
18
10
10
00
C4
46
42
42
42
42
46
64
38
ENDCHAR
STARTCHAR 03CE
ENCODING 974
SWIDTH 562 0
DWIDTH 9 0
BBX 7 13 1 0
BITMAP
10
10
10
00
44
86
82
92
92
92
92
EE
6C
ENDCHAR
STARTCHAR 03CF
ENCODING 975
SWIDTH 625 0
DWIDTH 10 0
BBX 7 17 2 -4
BITMAP
86
8C
88
98
90
B0
E0
B0
90
98
88
8C
84
0C
18
30
10
ENDCHAR
STARTCHAR 03D0
ENCODING 976
SWIDTH 625 0
DWIDTH 10 0
BBX 7 13 2 0
BITMAP
78
CC
84
84
84
8C
B8
8C
82
82
82
C6
7C
ENDCHAR
STARTCHAR 03D1
ENCODING 977
SWIDTH 625 0
DWIDTH 10 0
BBX 7 13 2 0
BITMAP
38
6C
44
44
64
34
1E
84
84
84
84
CC
78
ENDCHAR
STARTCHAR 03D2
ENCODING 978
SWIDTH 625 0
DWIDTH 10 0
BBX 8 13 1 0
BITMAP
C3
62
22
24
34
14
1C
08
08
08
08
08
3C
ENDCHAR
STARTCHAR 03D3
ENCODING 979
SWIDTH 625 0
DWIDTH 10 0
BBX 11 14 -2 0
BITMAP
6000
5860
CC40
0440
0480
0680
0280
0380
0100
0100
0100
0100
0100
0780
ENDCHAR
STARTCHAR 03D4
ENCODING 980
SWIDTH 625 0
DWIDTH 10 0
BBX 8 16 1 0
BITMAP
66
64
00
C3
62
22
24
34
14
1C
08
08
08
08
08
3C
ENDCHAR
STARTCHAR 03D5
ENCODING 981
SWIDTH 562 0
DWIDTH 9 0
BBX 7 17 1 -4
BITMAP
10
10
10
10
7C
D6
92
92
92
92
92
D6
7C
10
10
10
10
ENDCHAR
STARTCHAR 03D6
ENCODING 982
SWIDTH 562 0
DWIDTH 9 0
BBX 7 9 1 0
BITMAP
FE
86
82
92
92
92
92
EE
6C
ENDCHAR
STARTCHAR 03D7
ENCODING 983
SWIDTH 562 0
DWIDTH 9 0
BBX 7 13 1 -4
BITMAP
82
C6
4C
5C
54
64
E4
C6
82
02
02
06
0C
ENDCHAR
STARTCHAR 03D8
ENCODING 984
SWIDTH 562 0
DWIDTH 9 0
BBX 6 13 2 0
BITMAP
78
CC
84
84
84
84
84
84
CC
78
10
10
78
ENDCHAR
STARTCHAR 03D9
ENCODING 985
SWIDTH 625 0
DWIDTH 10 0
BBX 7 13 2 -4
BITMAP
78
C4
82
82
82
82
82
C6
7C
10
10
10
10
ENDCHAR
STARTCHAR 03DA
ENCODING 986
SWIDTH 625 0
DWIDTH 10 0
BBX 6 13 2 0
BITMAP
78
CC
84
80
80
80
80
80
C0
70
10
10
78
ENDCHAR
STARTCHAR 03DB
ENCODING 987
SWIDTH 625 0
DWIDTH 10 0
BBX 6 14 2 -4
BITMAP
04
7C
C0
80
80
80
80
80
C0
78
0C
04
0C
18
ENDCHAR
STARTCHAR 03DC
ENCODING 988
SWIDTH 562 0
DWIDTH 9 0
BBX 7 13 1 0
BITMAP
FE
42
42
40
40
40
7C
44
40
40
40
40
F0
ENDCHAR
STARTCHAR 03DD
ENCODING 989
SWIDTH 625 0
DWIDTH 10 0
BBX 6 13 3 -4
BITMAP
FC
80
80
80
F0
90
80
80
80
80
80
80
80
ENDCHAR
STARTCHAR 03DE
ENCODING 990
SWIDTH 625 0
DWIDTH 10 0
BBX 6 13 2 0
BITMAP
E0
40
40
C0
C0
80
FC
04
04
0C
08
08
1C
ENDCHAR
STARTCHAR 03DF
ENCODING 991
SWIDTH 625 0
DWIDTH 10 0
BBX 6 13 2 0
BITMAP
80
80
80
80
80
8C
FC
C4
04
04
04
04
04
ENDCHAR
STARTCHAR 03E0
ENCODING 992
SWIDTH 625 0
DWIDTH 10 0
BBX 7 13 2 0
BITMAP
20
30
30
70
50
58
58
58
D8
98
BC
A4
A6
ENDCHAR
STARTCHAR 03E1
ENCODING 993
SWIDTH 562 0
DWIDTH 9 0
BBX 7 13 1 -4
BITMAP
C0
60
10
18
7C
44
06
06
1A
12
02
02
02
ENDCHAR
STARTCHAR 03F0
ENCODING 1008
SWIDTH 562 0
DWIDTH 9 0
BBX 7 9 1 0
BITMAP
82
C6
4C
5C
54
64
E4
C6
82
ENDCHAR
STARTCHAR 03F1
ENCODING 1009
SWIDTH 562 0
DWIDTH 9 0
BBX 6 13 2 -4
BITMAP
78
CC
84
84
84
84
84
CC
B8
80
80
C0
7C
ENDCHAR
STARTCHAR 03F2
ENCODING 1010
SWIDTH 625 0
DWIDTH 10 0
BBX 6 9 2 0
BITMAP
78
CC
84
80
80
80
84
CC
78
ENDCHAR
STARTCHAR 03F3
ENCODING 1011
SWIDTH 562 0
DWIDTH 9 0
BBX 7 17 0 -4
BITMAP
06
06
00
00
3C
04
04
04
04
04
04
04
04
04
84
CC
78
ENDCHAR
STARTCHAR 03F4
ENCODING 1012
SWIDTH 562 0
DWIDTH 9 0
BBX 6 13 2 0
BITMAP
78
CC
84
84
84
84
FC
84
84
84
84
CC
78
ENDCHAR
STARTCHAR 03F5
ENCODING 1013
SWIDTH 562 0
DWIDTH 9 0
BBX 7 9 1 0
BITMAP
3E
60
C0
80
F8
80
C0
60
3E
ENDCHAR
STARTCHAR 03F6
ENCODING 1014
SWIDTH 562 0
DWIDTH 9 0
BBX 7 9 1 0
BITMAP
F8
0C
06
02
3E
02
06
0C
F8
ENDCHAR
STARTCHAR 03F7
ENCODING 1015
SWIDTH 562 0
DWIDTH 9 0
BBX 7 13 1 0
BITMAP
F0
40
40
7C
46
42
42
42
46
7C
40
40
F0
ENDCHAR
STARTCHAR 03F8
ENCODING 1016
SWIDTH 562 0
DWIDTH 9 0
BBX 6 17 2 -4
BITMAP
80
80
80
80
B8
CC
84
84
84
84
84
CC
B8
80
80
80
80
ENDCHAR
STARTCHAR 03F9
ENCODING 1017
SWIDTH 625 0
DWIDTH 10 0
BBX 6 13 2 0
BITMAP
74
CC
84
80
80
80
80
80
80
80
84
CC
78
ENDCHAR
STARTCHAR 03FA
ENCODING 1018
SWIDTH 687 0
DWIDTH 11 0
BBX 9 13 1 0
BITMAP
E380
6300
5500
5500
5500
4900
4100
4100
4100
4100
4100
4100
E380
ENDCHAR
STARTCHAR 03FB
ENCODING 1019
SWIDTH 562 0
DWIDTH 9 0
BBX 7 13 1 -4
BITMAP
C6
CA
AA
92
82
82
82
82
82
80
80
80
80
ENDCHAR
STARTCHAR 03FC
ENCODING 1020
SWIDTH 625 0
DWIDTH 10 0
BBX 8 13 1 -4
BITMAP
3C
63
41
41
41
41
41
63
5E
40
40
F0
40
ENDCHAR
STARTCHAR 03FD
ENCODING 1021
SWIDTH 562 0
DWIDTH 9 0
BBX 6 13 2 0
BITMAP
B8
CC
84
04
04
04
04
04
04
04
84
CC
78
ENDCHAR
STARTCHAR 03FE
ENCODING 1022
SWIDTH 625 0
DWIDTH 10 0
BBX 6 13 2 0
BITMAP
74
CC
84
80
80
80
B0
B0
80
80
84
CC
78
ENDCHAR
STARTCHAR 03FF
ENCODING 1023
SWIDTH 562 0
DWIDTH 9 0
BBX 6 13 2 0
BITMAP
B8
CC
84
04
04
04
34
34
04
04
84
CC
78
ENDCHAR
STARTCHAR 0400
ENCODING 1024
SWIDTH 625 0
DWIDTH 10 0
BBX 7 17 1 0
BITMAP
20
10
00
00
FE
42
40
40
40
40
7C
40
40
40
40
42
FE
ENDCHAR
STARTCHAR 0401
ENCODING 1025
SWIDTH 625 0
DWIDTH 10 0
BBX 7 16 1 0
BITMAP
66
64
00
FE
42
40
40
40
40
7C
40
40
40
40
42
FE
ENDCHAR
STARTCHAR 0402
ENCODING 1026
SWIDTH 625 0
DWIDTH 10 0
BBX 7 17 1 -4
BITMAP
FE
92
92
10
10
10
1C
16
12
12
12
12
3A
02
02
06
0C
ENDCHAR
STARTCHAR 0403
ENCODING 1027
SWIDTH 562 0
DWIDTH 9 0
BBX 7 17 1 0
BITMAP
0C
18
10
00
FE
42
42
40
40
40
40
40
40
40
40
40
F0
ENDCHAR
STARTCHAR 0404
ENCODING 1028
SWIDTH 625 0
DWIDTH 10 0
BBX 6 13 2 0
BITMAP
74
CC
84
80
80
80
F0
80
80
80
84
CC
78
ENDCHAR
STARTCHAR 0405
ENCODING 1029
SWIDTH 625 0
DWIDTH 10 0
BBX 6 13 2 0
BITMAP
74
CC
84
80
80
E0
70
18
0C
04
84
CC
B8
ENDCHAR
STARTCHAR 0406
ENCODING 1030
SWIDTH 625 0
DWIDTH 10 0
BBX 6 13 2 0
BITMAP
FC
10
10
10
10
10
10
10
10
10
10
10
FC
ENDCHAR
STARTCHAR 0407
ENCODING 1031
SWIDTH 625 0
DWIDTH 10 0
BBX 6 16 2 0
BITMAP
CC
C8
00
FC
10
10
10
10
10
10
10
10
10
10
10
FC
ENDCHAR
STARTCHAR 0408
ENCODING 1032
SWIDTH 625 0
DWIDTH 10 0
BBX 6 13 2 0
BITMAP
3C
04
04
04
04
04
04
04
04
04
84
CC
78
ENDCHAR
STARTCHAR 0409
ENCODING 1033
SWIDTH 625 0
DWIDTH 10 0
BBX 9 13 0 0
BITMAP
7C00
2400
2400
2400
2400
2400
2700
2580
2480
2480
2480
6580
CF00
ENDCHAR
STARTCHAR 040A
ENCODING 1034
SWIDTH 562 0
DWIDTH 9 0
BBX 8 13 0 0
BITMAP
CC
48
48
48
48
48
7E
4B
49
49
49
4B
CE
ENDCHAR
STARTCHAR 040B
ENCODING 1035
SWIDTH 625 0
DWIDTH 10 0
BBX 9 13 1 0
BITMAP
FE00
9200
9200
1000
1000
1C00
1600
1200
1200
1200
1200
1200
3B80
ENDCHAR
STARTCHAR 040C
ENCODING 1036
SWIDTH 625 0
DWIDTH 10 0
BBX 8 17 1 0
BITMAP
0C
18
10
00
E3
46
44
4C
48
58
70
58
48
4C
44
46
E3
ENDCHAR
STARTCHAR 040D
ENCODING 1037
SWIDTH 625 0
DWIDTH 10 0
BBX 8 17 1 0
BITMAP
30
10
08
00
E7
42
46
46
4A
4A
5A
52
72
62
62
42
E7
ENDCHAR
STARTCHAR 040E
ENCODING 1038
SWIDTH 625 0
DWIDTH 10 0
BBX 8 17 1 0
BITMAP
66
64
3C
00
E7
42
66
24
24
24
18
18
18
18
10
30
60
ENDCHAR
STARTCHAR 040F
ENCODING 1039
SWIDTH 625 0
DWIDTH 10 0
BBX 8 16 1 -3
BITMAP
E7
42
42
42
42
42
42
42
42
42
42
42
FF
08
08
08
ENDCHAR
STARTCHAR 0410
ENCODING 1040
SWIDTH 625 0
DWIDTH 10 0
BBX 8 13 1 0
BITMAP
18
18
18
18
3C
24
24
24
7E
66
42
42
E7
ENDCHAR
STARTCHAR 0411
ENCODING 1041
SWIDTH 562 0
DWIDTH 9 0
BBX 7 13 1 0
BITMAP
FE
42
42
40
40
40
7C
46
42
42
42
46
FC
ENDCHAR
STARTCHAR 0412
ENCODING 1042
SWIDTH 625 0
DWIDTH 10 0
BBX 8 13 1 0
BITMAP
FC
46
42
42
42
46
7C
46
41
41
41
46
FC
ENDCHAR
STARTCHAR 0413
ENCODING 1043
SWIDTH 562 0
DWIDTH 9 0
BBX 7 13 1 0
BITMAP
FE
42
42
40
40
40
40
40
40
40
40
40
F0
ENDCHAR
STARTCHAR 0414
ENCODING 1044
SWIDTH 625 0
DWIDTH 10 0
BBX 8 16 1 -3
BITMAP
7F
22
22
22
22
22
22
22
22
22
62
42
FF
81
81
81
ENDCHAR
STARTCHAR 0415
ENCODING 1045
SWIDTH 625 0
DWIDTH 10 0
BBX 7 13 1 0
BITMAP
FE
42
40
40
40
40
7C
40
40
40
40
42
FE
ENDCHAR
STARTCHAR 0416
ENCODING 1046
SWIDTH 562 0
DWIDTH 9 0
BBX 9 13 0 0
BITMAP
C980
4900
4B00
6B00
2A00
2A00
3E00
2A00
2A00
6A00
4B00
4900
C980
ENDCHAR
STARTCHAR 0417
ENCODING 1047
SWIDTH 625 0
DWIDTH 10 0
BBX 7 13 2 0
BITMAP
B8
CC
84
04
04
0C
38
04
02
02
82
C6
78
ENDCHAR
STARTCHAR 0418
ENCODING 1048
SWIDTH 625 0
DWIDTH 10 0
BBX 8 13 1 0
BITMAP
E7
42
46
46
4A
4A
5A
52
72
62
62
42
E7
ENDCHAR
STARTCHAR 0419
ENCODING 1049
SWIDTH 625 0
DWIDTH 10 0
BBX 8 17 1 0
BITMAP
46
64
3C
00
E7
42
46
46
4A
4A
5A
52
72
62
62
42
E7
ENDCHAR
STARTCHAR 041A
ENCODING 1050
SWIDTH 625 0
DWIDTH 10 0
BBX 8 13 1 0
BITMAP
E3
46
44
4C
48
58
70
58
48
4C
44
46
E3
ENDCHAR
STARTCHAR 041B
ENCODING 1051
SWIDTH 625 0
DWIDTH 10 0
BBX 9 13 0 0
BITMAP
7F80
2100
2100
2100
2100
2100
2100
2100
2100
2100
6100
6100
C380
ENDCHAR
STARTCHAR 041C
ENCODING 1052
SWIDTH 687 0
DWIDTH 11 0
BBX 9 13 1 0
BITMAP
E380
6300
6300
6500
5500
5500
5500
4900
4900
4100
4100
4100
E380
ENDCHAR
STARTCHAR 041D
ENCODING 1053
SWIDTH 625 0
DWIDTH 10 0
BBX 8 13 1 0
BITMAP
E7
42
42
42
42
42
7E
42
42
42
42
42
E7
ENDCHAR
STARTCHAR 041E
ENCODING 1054
SWIDTH 562 0
DWIDTH 9 0
BBX 6 13 2 0
BITMAP
78
CC
84
84
84
84
84
84
84
84
84
CC
78
ENDCHAR
STARTCHAR 041F
ENCODING 1055
SWIDTH 625 0
DWIDTH 10 0
BBX 8 13 1 0
BITMAP
FF
42
42
42
42
42
42
42
42
42
42
42
E7
ENDCHAR
STARTCHAR 0420
ENCODING 1056
SWIDTH 562 0
DWIDTH 9 0
BBX 7 13 1 0
BITMAP
FC
46
46
42
42
42
46
7C
40
40
40
40
F0
ENDCHAR
STARTCHAR 0421
ENCODING 1057
SWIDTH 625 0
DWIDTH 10 0
BBX 6 13 2 0
BITMAP
74
CC
84
80
80
80
80
80
80
80
84
CC
78
ENDCHAR
STARTCHAR 0422
ENCODING 1058
SWIDTH 625 0
DWIDTH 10 0
BBX 7 13 2 0
BITMAP
FE
92
92
10
10
10
10
10
10
10
10
10
78
ENDCHAR
STARTCHAR 0423
ENCODING 1059
SWIDTH 625 0
DWIDTH 10 0
BBX 8 13 1 0
BITMAP
E7
42
66
24
24
24
18
18
18
18
10
30
60
ENDCHAR
STARTCHAR 0424
ENCODING 1060
SWIDTH 562 0
DWIDTH 9 0
BBX 7 13 1 0
BITMAP
3C
10
10
7C
D6
92
92
92
92
7C
10
10
3C
ENDCHAR
STARTCHAR 0425
ENCODING 1061
SWIDTH 625 0
DWIDTH 10 0
BBX 8 13 1 0
BITMAP
E7
66
24
24
18
18
18
18
18
24
24
66
E7
ENDCHAR
STARTCHAR 0426
ENCODING 1062
SWIDTH 625 0
DWIDTH 10 0
BBX 8 16 1 -3
BITMAP
E7
42
42
42
42
42
42
42
42
42
42
42
FF
01
01
01
ENDCHAR
STARTCHAR 0427
ENCODING 1063
SWIDTH 687 0
DWIDTH 11 0
BBX 9 13 1 0
BITMAP
E380
4200
4200
4200
4200
4200
6200
3E00
0200
0200
0200
0200
0780
ENDCHAR
STARTCHAR 0428
ENCODING 1064
SWIDTH 687 0
DWIDTH 11 0
BBX 9 13 1 0
BITMAP
C980
4900
4900
4900
4900
4900
4900
4900
4900
4900
4900
4900
FF80
ENDCHAR
STARTCHAR 0429
ENCODING 1065
SWIDTH 625 0
DWIDTH 10 0
BBX 9 16 0 -3
BITMAP
C980
4900
4900
4900
4900
4900
4900
4900
4900
4900
4900
4900
FF80
0080
0080
0080
ENDCHAR
STARTCHAR 042A
ENCODING 1066
SWIDTH 625 0
DWIDTH 10 0
BBX 8 13 1 0
BITMAP
F8
90
90
10
10
10
1E
13
11
11
11
13
3E
ENDCHAR
STARTCHAR 042B
ENCODING 1067
SWIDTH 687 0
DWIDTH 11 0
BBX 9 13 1 0
BITMAP
E380
4100
4100
4100
4100
4100
7900
4D00
4500
4500
4500
4D00
FB80
ENDCHAR
STARTCHAR 042C
ENCODING 1068
SWIDTH 625 0
DWIDTH 10 0
BBX 8 13 1 0
BITMAP
E0
40
40
40
40
40
7E
43
41
41
41
43
FE
ENDCHAR
STARTCHAR 042D
ENCODING 1069
SWIDTH 562 0
DWIDTH 9 0
BBX 6 13 2 0
BITMAP
B8
CC
84
04
04
04
3C
04
04
04
84
CC
78
ENDCHAR
STARTCHAR 042E
ENCODING 1070
SWIDTH 625 0
DWIDTH 10 0
BBX 8 13 1 0
BITMAP
E6
4B
49
49
49
49
79
49
49
49
49
4B
E6
ENDCHAR
STARTCHAR 042F
ENCODING 1071
SWIDTH 625 0
DWIDTH 10 0
BBX 8 13 1 0
BITMAP
3F
62
42
42
42
42
62
3E
12
32
22
62
C7
ENDCHAR
STARTCHAR 0430
ENCODING 1072
SWIDTH 562 0
DWIDTH 9 0
BBX 8 9 1 0
BITMAP
3C
66
C2
02
3E
62
C2
C6
7B
ENDCHAR
STARTCHAR 0431
ENCODING 1073
SWIDTH 625 0
DWIDTH 10 0
BBX 6 13 2 0
BITMAP
04
7C
C0
80
B8
CC
84
84
84
84
84
CC
78
ENDCHAR
STARTCHAR 0432
ENCODING 1074
SWIDTH 625 0
DWIDTH 10 0
BBX 8 9 1 0
BITMAP
FC
46
42
46
7C
42
43
43
FE
ENDCHAR
STARTCHAR 0433
ENCODING 1075
SWIDTH 562 0
DWIDTH 9 0
BBX 7 9 1 0
BITMAP
FE
42
40
40
40
40
40
40
F0
ENDCHAR
STARTCHAR 0434
ENCODING 1076
SWIDTH 625 0
DWIDTH 10 0
BBX 8 12 1 -3
BITMAP
7F
22
22
22
22
22
22
62
FF
81
81
81
ENDCHAR
STARTCHAR 0435
ENCODING 1077
SWIDTH 562 0
DWIDTH 9 0
BBX 7 9 1 0
BITMAP
7C
64
C6
82
FE
80
C2
46
3C
ENDCHAR
STARTCHAR 0436
ENCODING 1078
SWIDTH 562 0
DWIDTH 9 0
BBX 9 9 0 0
BITMAP
C980
4900
6B00
2A00
3E00
2A00
6B00
4900
C980
ENDCHAR
STARTCHAR 0437
ENCODING 1079
SWIDTH 625 0
DWIDTH 10 0
BBX 7 9 2 0
BITMAP
BC
C4
06
04
38
06
02
C6
7C
ENDCHAR
STARTCHAR 0438
ENCODING 1080
SWIDTH 625 0
DWIDTH 10 0
BBX 8 9 1 0
BITMAP
E7
42
46
4A
5A
72
62
42
E7
ENDCHAR
STARTCHAR 0439
ENCODING 1081
SWIDTH 625 0
DWIDTH 10 0
BBX 8 13 1 0
BITMAP
66
24
3C
00
E7
42
46
4A
5A
72
62
42
E7
ENDCHAR
STARTCHAR 043A
ENCODING 1082
SWIDTH 625 0
DWIDTH 10 0
BBX 8 9 1 0
BITMAP
E7
44
4C
48
70
58
4C
44
E7
ENDCHAR
STARTCHAR 043B
ENCODING 1083
SWIDTH 625 0
DWIDTH 10 0
BBX 9 9 0 0
BITMAP
7F80
2100
2100
2100
2100
2100
2100
6100
C380
ENDCHAR
STARTCHAR 043C
ENCODING 1084
SWIDTH 687 0
DWIDTH 11 0
BBX 9 9 1 0
BITMAP
E380
6300
6500
5500
5500
5500
5500
4900
EB80
ENDCHAR
STARTCHAR 043D
ENCODING 1085
SWIDTH 625 0
DWIDTH 10 0
BBX 8 9 1 0
BITMAP
E7
42
42
42
7E
42
42
42
E7
ENDCHAR
STARTCHAR 043E
ENCODING 1086
SWIDTH 562 0
DWIDTH 9 0
BBX 6 9 2 0
BITMAP
78
CC
84
84
84
84
84
CC
78
ENDCHAR
STARTCHAR 043F
ENCODING 1087
SWIDTH 625 0
DWIDTH 10 0
BBX 8 9 1 0
BITMAP
FF
42
42
42
42
42
42
42
E7
ENDCHAR
STARTCHAR 0440
ENCODING 1088
SWIDTH 625 0
DWIDTH 10 0
BBX 8 13 1 -4
BITMAP
DE
63
41
41
41
41
41
63
5E
40
40
40
F0
ENDCHAR
STARTCHAR 0441
ENCODING 1089
SWIDTH 625 0
DWIDTH 10 0
BBX 6 9 2 0
BITMAP
74
CC
84
80
80
80
84
CC
78
ENDCHAR
STARTCHAR 0442
ENCODING 1090
SWIDTH 625 0
DWIDTH 10 0
BBX 7 9 2 0
BITMAP
FE
92
10
10
10
10
10
10
78
ENDCHAR
STARTCHAR 0443
ENCODING 1091
SWIDTH 625 0
DWIDTH 10 0
BBX 8 13 1 -4
BITMAP
E7
42
66
24
24
24
18
18
18
18
10
30
60
ENDCHAR
STARTCHAR 0444
ENCODING 1092
SWIDTH 562 0
DWIDTH 9 0
BBX 7 17 1 -4
BITMAP
30
10
10
10
7C
D6
92
92
92
92
92
D6
7C
10
10
10
3C
ENDCHAR
STARTCHAR 0445
ENCODING 1093
SWIDTH 625 0
DWIDTH 10 0
BBX 8 9 1 0
BITMAP
E7
24
3C
18
18
18
3C
24
E7
ENDCHAR
STARTCHAR 0446
ENCODING 1094
SWIDTH 625 0
DWIDTH 10 0
BBX 8 12 1 -3
BITMAP
E7
42
42
42
42
42
42
42
FF
01
01
01
ENDCHAR
STARTCHAR 0447
ENCODING 1095
SWIDTH 687 0
DWIDTH 11 0
BBX 9 9 1 0
BITMAP
E380
4200
4200
4200
6200
3E00
0200
0200
0780
ENDCHAR
STARTCHAR 0448
ENCODING 1096
SWIDTH 687 0
DWIDTH 11 0
BBX 9 9 1 0
BITMAP
C980
4900
4900
4900
4900
4900
4900
4900
FF80
ENDCHAR
STARTCHAR 0449
ENCODING 1097
SWIDTH 625 0
DWIDTH 10 0
BBX 9 12 0 -3
BITMAP
C980
4900
4900
4900
4900
4900
4900
4900
FF80
0080
0080
0080
ENDCHAR
STARTCHAR 044A
ENCODING 1098
SWIDTH 625 0
DWIDTH 10 0
BBX 8 9 1 0
BITMAP
F8
90
90
10
1E
13
11
13
3E
ENDCHAR
STARTCHAR 044B
ENCODING 1099
SWIDTH 687 0
DWIDTH 11 0
BBX 9 9 1 0
BITMAP
E380
4100
4100
4100
7900
4D00
4500
4D00
FB80
ENDCHAR
STARTCHAR 044C
ENCODING 1100
SWIDTH 625 0
DWIDTH 10 0
BBX 8 9 1 0
BITMAP
E0
40
40
40
7E
43
41
43
FE
ENDCHAR
STARTCHAR 044D
ENCODING 1101
SWIDTH 625 0
DWIDTH 10 0
BBX 6 9 2 0
BITMAP
B8
CC
84
04
3C
04
84
CC
78
ENDCHAR
STARTCHAR 044E
ENCODING 1102
SWIDTH 625 0
DWIDTH 10 0
BBX 8 9 1 0
BITMAP
E6
4B
49
49
79
49
49
4B
E6
ENDCHAR
STARTCHAR 044F
ENCODING 1103
SWIDTH 625 0
DWIDTH 10 0
BBX 8 9 1 0
BITMAP
3F
62
42
42
7E
12
32
22
E7
ENDCHAR
STARTCHAR 0450
ENCODING 1104
SWIDTH 562 0
DWIDTH 9 0
BBX 7 13 1 0
BITMAP
20
30
10
00
7C
64
C6
82
FE
80
C2
46
3C
ENDCHAR
STARTCHAR 0451
ENCODING 1105
SWIDTH 562 0
DWIDTH 9 0
BBX 7 13 1 0
BITMAP
66
66
00
00
7C
64
C6
82
FE
80
C2
46
3C
ENDCHAR
STARTCHAR 0452
ENCODING 1106
SWIDTH 625 0
DWIDTH 10 0
BBX 7 17 1 -4
BITMAP
C0
40
40
F0
5C
66
42
42
42
42
42
42
E2
02
02
06
0C
ENDCHAR
STARTCHAR 0453
ENCODING 1107
SWIDTH 562 0
DWIDTH 9 0
BBX 7 13 1 0
BITMAP
08
18
10
00
FE
42
40
40
40
40
40
40
F0
ENDCHAR
STARTCHAR 0454
ENCODING 1108
SWIDTH 625 0
DWIDTH 10 0
BBX 7 9 1 0
BITMAP
3A
66
C2
C0
F8
C0
C2
66
3C
ENDCHAR
STARTCHAR 0455
ENCODING 1109
SWIDTH 625 0
DWIDTH 10 0
BBX 6 9 2 0
BITMAP
74
CC
84
C0
78
0C
84
CC
B8
ENDCHAR
STARTCHAR 0456
ENCODING 1110
SWIDTH 625 0
DWIDTH 10 0
BBX 6 13 2 0
BITMAP
30
30
00
00
F0
10
10
10
10
10
10
10
FC
ENDCHAR
STARTCHAR 0457
ENCODING 1111
SWIDTH 625 0
DWIDTH 10 0
BBX 6 13 2 0
BITMAP
CC
CC
00
00
F0
10
10
10
10
10
10
10
FC
ENDCHAR
STARTCHAR 0458
ENCODING 1112
SWIDTH 562 0
DWIDTH 9 0
BBX 7 17 0 -4
BITMAP
06
06
00
00
3C
04
04
04
04
04
04
04
04
04
84
CC
78
ENDCHAR
STARTCHAR 0459
ENCODING 1113
SWIDTH 625 0
DWIDTH 10 0
BBX 9 9 0 0
BITMAP
7C00
2400
2400
2400
2700
2580
2480
6580
CF00
ENDCHAR
STARTCHAR 045A
ENCODING 1114
SWIDTH 562 0
DWIDTH 9 0
BBX 8 9 0 0
BITMAP
CC
48
48
48
7E
4B
49
4B
CE
ENDCHAR
STARTCHAR 045B
ENCODING 1115
SWIDTH 625 0
DWIDTH 10 0
BBX 8 13 1 0
BITMAP
C0
40
F0
40
5C
66
42
42
42
42
42
42
E7
ENDCHAR
STARTCHAR 045C
ENCODING 1116
SWIDTH 625 0
DWIDTH 10 0
BBX 8 13 1 0
BITMAP
0C
18
10
00
E7
44
4C
48
70
58
4C
44
E7
ENDCHAR
STARTCHAR 045D
ENCODING 1117
SWIDTH 625 0
DWIDTH 10 0
BBX 8 13 1 0
BITMAP
20
10
08
00
E7
42
46
4A
5A
72
62
42
E7
ENDCHAR
STARTCHAR 045E
ENCODING 1118
SWIDTH 625 0
DWIDTH 10 0
BBX 8 17 1 -4
BITMAP
66
24
3C
00
E7
42
66
24
24
24
18
18
18
18
10
30
60
ENDCHAR
STARTCHAR 045F
ENCODING 1119
SWIDTH 625 0
DWIDTH 10 0
BBX 8 12 1 -3
BITMAP
E7
42
42
42
42
42
42
42
FF
08
08
08
ENDCHAR
STARTCHAR 0460
ENCODING 1120
SWIDTH 625 0
DWIDTH 10 0
BBX 8 13 1 0
BITMAP
FD
49
49
49
49
59
5F
76
36
36
36
36
32
ENDCHAR
STARTCHAR 0461
ENCODING 1121
SWIDTH 625 0
DWIDTH 10 0
BBX 8 9 1 0
BITMAP
FD
49
49
49
5F
76
36
36
32
ENDCHAR
STARTCHAR 0462
ENCODING 1122
SWIDTH 625 0
DWIDTH 10 0
BBX 8 13 1 0
BITMAP
38
10
10
FE
92
10
1E
13
11
11
11
13
3E
ENDCHAR
STARTCHAR 0463
ENCODING 1123
SWIDTH 625 0
DWIDTH 10 0
BBX 8 13 1 0
BITMAP
30
10
10
10
FE
92
92
10
1E
13
11
13
3E
ENDCHAR
STARTCHAR 0464
ENCODING 1124
SWIDTH 625 0
DWIDTH 10 0
BBX 8 13 1 0
BITMAP
EF
4D
49
48
48
48
7E
48
48
48
49
4D
E6
ENDCHAR
STARTCHAR 0465
ENCODING 1125
SWIDTH 625 0
DWIDTH 10 0
BBX 8 9 1 0
BITMAP
EF
4D
49
48
7E
48
49
49
E6
ENDCHAR
STARTCHAR 0466
ENCODING 1126
SWIDTH 562 0
DWIDTH 9 0
BBX 9 13 0 0
BITMAP
0800
1C00
1400
1400
1400
3600
2200
3E00
6A00
6B00
4900
4900
C980
ENDCHAR
STARTCHAR 0467
ENCODING 1127
SWIDTH 562 0
DWIDTH 9 0
BBX 9 9 0 0
BITMAP
1800
1C00
1400
3400
2600
3E00
6B00
4900
C980
ENDCHAR
STARTCHAR 0468
ENCODING 1128
SWIDTH 687 0
DWIDTH 11 0
BBX 10 13 1 0
BITMAP
C200
4600
4700
4500
4500
4500
4D00
7F80
4A80
4A80
5A80
5A80
D2C0
ENDCHAR
STARTCHAR 0469
ENCODING 1129
SWIDTH 625 0
DWIDTH 10 0
BBX 10 9 0 0
BITMAP
E200
4700
4500
4500
4500
7F80
4A80
4A80
DAC0
ENDCHAR
STARTCHAR 046A
ENCODING 1130
SWIDTH 562 0
DWIDTH 9 0
BBX 9 13 0 0
BITMAP
7F00
4100
2200
2200
3400
1400
3E00
6A00
4B00
4900
4900
4900
C980
ENDCHAR
STARTCHAR 046B
ENCODING 1131
SWIDTH 562 0
DWIDTH 9 0
BBX 9 9 0 0
BITMAP
7F00
6200
2200
1400
3E00
6B00
4900
4900
C980
ENDCHAR
STARTCHAR 046C
ENCODING 1132
SWIDTH 625 0
DWIDTH 10 0
BBX 10 13 0 0
BITMAP
DF80
4880
4880
4D00
4500
4700
7F80
4A80
4A80
4A80
4A80
5A80
D2C0
ENDCHAR
STARTCHAR 046D
ENCODING 1133
SWIDTH 625 0
DWIDTH 10 0
BBX 10 9 0 0
BITMAP
CF80
4880
4900
4500
7F80
4A80
4A80
4A80
D240
ENDCHAR
STARTCHAR 046E
ENCODING 1134
SWIDTH 625 0
DWIDTH 10 0
BBX 7 20 2 -4
BITMAP
4C
38
30
B8
CC
84
04
04
0C
38
04
02
02
02
06
78
80
80
C0
60
ENDCHAR
STARTCHAR 046F
ENCODING 1135
SWIDTH 625 0
DWIDTH 10 0
BBX 7 17 2 -4
BITMAP
44
68
38
00
BC
CE
06
06
3C
06
02
06
7C
C0
80
C0
60
ENDCHAR
STARTCHAR 0470
ENCODING 1136
SWIDTH 625 0
DWIDTH 10 0
BBX 8 13 1 0
BITMAP
C9
49
4A
2A
2A
3A
1C
1C
0C
08
08
08
3C
ENDCHAR
STARTCHAR 0471
ENCODING 1137
SWIDTH 625 0
DWIDTH 10 0
BBX 8 17 1 -4
BITMAP
18
08
08
08
C9
49
4A
2A
2A
3A
1C
1C
1C
08
08
08
3C
ENDCHAR
STARTCHAR 0472
ENCODING 1138
SWIDTH 562 0
DWIDTH 9 0
BBX 6 13 2 0
BITMAP
78
CC
84
84
84
E4
A4
9C
84
84
84
CC
78
ENDCHAR
STARTCHAR 0473
ENCODING 1139
SWIDTH 625 0
DWIDTH 10 0
BBX 7 9 2 0
BITMAP
7C
C6
82
F2
9E
82
86
CC
7C
ENDCHAR
STARTCHAR 0474
ENCODING 1140
SWIDTH 625 0
DWIDTH 10 0
BBX 8 13 1 0
BITMAP
E3
42
66
66
26
24
24
34
34
14
1C
18
18
ENDCHAR
STARTCHAR 0475
ENCODING 1141
SWIDTH 625 0
DWIDTH 10 0
BBX 8 9 1 0
BITMAP
E3
62
66
26
24
34
14
1C
18
ENDCHAR
STARTCHAR 0476
ENCODING 1142
SWIDTH 625 0
DWIDTH 10 0
BBX 8 17 1 0
BITMAP
48
6C
26
00
E3
42
66
66
26
24
24
34
34
14
1C
18
18
ENDCHAR
STARTCHAR 0477
ENCODING 1143
SWIDTH 625 0
DWIDTH 10 0
BBX 8 13 1 0
BITMAP
48
6C
26
00
E3
62
66
26
24
34
14
1C
18
ENDCHAR
STARTCHAR 0478
ENCODING 1144
SWIDTH 625 0
DWIDTH 10 0
BBX 9 17 1 -4
BITMAP
6000
F000
9000
9000
9C80
9500
9500
9500
9500
9700
9600
F200
6200
0200
0200
0600
0C00
ENDCHAR
STARTCHAR 0479
ENCODING 1145
SWIDTH 625 0
DWIDTH 10 0
BBX 9 13 1 -4
BITMAP
CC80
A500
A500
A500
A500
A700
A600
A200
C200
0200
0200
0600
0C00
ENDCHAR
STARTCHAR 047A
ENCODING 1146
SWIDTH 562 0
DWIDTH 9 0
BBX 7 14 1 -1
BITMAP
7C
F6
92
82
82
82
82
82
82
82
82
F6
7C
10
ENDCHAR
STARTCHAR 047B
ENCODING 1147
SWIDTH 562 0
DWIDTH 9 0
BBX 7 11 1 -1
BITMAP
10
7C
F6
82
82
82
82
82
F6
7C
10
ENDCHAR
STARTCHAR 047C
ENCODING 1148
SWIDTH 562 0
DWIDTH 9 0
BBX 7 18 1 0
BITMAP
3C
32
10
10
00
6C
C6
82
82
82
82
82
82
82
92
92
96
6C
ENDCHAR
STARTCHAR 047D
ENCODING 1149
SWIDTH 562 0
DWIDTH 9 0
BBX 7 15 1 0
BITMAP
38
24
52
10
10
00
6C
C6
82
82
82
82
92
96
EC
ENDCHAR
STARTCHAR 047E
ENCODING 1150
SWIDTH 625 0
DWIDTH 10 0
BBX 8 16 1 0
BITMAP
7F
49
00
FD
49
49
49
59
59
5D
7F
76
36
36
36
22
ENDCHAR
STARTCHAR 047F
ENCODING 1151
SWIDTH 625 0
DWIDTH 10 0
BBX 8 13 1 0
BITMAP
7F
49
49
00
FD
C9
49
59
59
7E
36
36
22
ENDCHAR
STARTCHAR 0480
ENCODING 1152
SWIDTH 625 0
DWIDTH 10 0
BBX 6 16 2 -3
BITMAP
74
CC
84
80
80
80
80
80
80
80
80
C0
70
10
10
3C
ENDCHAR
STARTCHAR 0481
ENCODING 1153
SWIDTH 625 0
DWIDTH 10 0
BBX 6 13 2 -4
BITMAP
74
CC
84
80
80
80
80
C0
70
10
10
10
3C
ENDCHAR
STARTCHAR 0482
ENCODING 1154
SWIDTH 625 0
DWIDTH 10 0
BBX 6 11 2 -3
BITMAP
04
0C
68
38
1C
20
E0
70
D8
80
80
ENDCHAR
STARTCHAR 0483
ENCODING 1155
SWIDTH 0 0
DWIDTH 0 0
BBX 5 3 -7 10
BITMAP
08
F8
80
ENDCHAR
STARTCHAR 0484
ENCODING 1156
SWIDTH 0 0
DWIDTH 0 0
BBX 6 2 -8 10
BITMAP
78
C4
ENDCHAR
STARTCHAR 0485
ENCODING 1157
SWIDTH 0 0
DWIDTH 0 0
BBX 2 3 -6 10
BITMAP
C0
80
80
ENDCHAR
STARTCHAR 0486
ENCODING 1158
SWIDTH 0 0
DWIDTH 0 0
BBX 1 3 -5 10
BITMAP
80
80
80
ENDCHAR
STARTCHAR 0487
ENCODING 1159
SWIDTH 0 0
DWIDTH 0 0
BBX 7 2 -8 10
BITMAP
78
C6
ENDCHAR
STARTCHAR 0488
ENCODING 1160
SWIDTH 0 0
DWIDTH 0 0
BBX 22 22 -16 -6
BITMAP
003000
002800
064980
090140
000000
300038
480028
000000
000000
000000
60001C
B00014
000000
000000
000000
000000
300038
480028
000000
060180
093140
006800
ENDCHAR
STARTCHAR 0489
ENCODING 1161
SWIDTH 0 0
DWIDTH 0 0
BBX 21 23 -15 -7
BITMAP
002000
042080
040100
000000
000000
200030
000000
000000
000000
000000
000000
C00018
000000
000000
000000
000000
600030
000000
000000
040100
042080
002000
002000
ENDCHAR
STARTCHAR 048A
ENCODING 1162
SWIDTH 625 0
DWIDTH 10 0
BBX 8 20 1 -3
BITMAP
46
64
3C
00
E7
42
46
46
4A
4A
5A
52
72
62
62
42
E7
01
03
02
ENDCHAR
STARTCHAR 048B
ENCODING 1163
SWIDTH 625 0
DWIDTH 10 0
BBX 8 16 1 -3
BITMAP
66
24
3C
00
E7
42
46
4A
5A
72
62
42
E7
01
03
02
ENDCHAR
STARTCHAR 048C
ENCODING 1164
SWIDTH 625 0
DWIDTH 10 0
BBX 8 13 1 0
BITMAP
E0
40
40
F0
40
40
7E
43
41
41
41
43
FE
ENDCHAR
STARTCHAR 048D
ENCODING 1165
SWIDTH 625 0
DWIDTH 10 0
BBX 8 9 1 0
BITMAP
E0
40
F0
40
7E
43
41
43
FE
ENDCHAR
STARTCHAR 048E
ENCODING 1166
SWIDTH 562 0
DWIDTH 9 0
BBX 7 13 1 0
BITMAP
FC
46
46
42
4A
4A
4E
7C
44
40
40
40
F0
ENDCHAR
STARTCHAR 048F
ENCODING 1167
SWIDTH 625 0
DWIDTH 10 0
BBX 8 13 1 -4
BITMAP
DE
63
41
41
41
41
4D
67
5E
42
43
40
F0
ENDCHAR
STARTCHAR 0490
ENCODING 1168
SWIDTH 562 0
DWIDTH 9 0
BBX 7 15 1 0
BITMAP
02
02
FE
40
40
40
40
40
40
40
40
40
40
40
F0
ENDCHAR
STARTCHAR 0491
ENCODING 1169
SWIDTH 562 0
DWIDTH 9 0
BBX 7 12 1 0
BITMAP
02
02
02
FE
40
40
40
40
40
40
40
F0
ENDCHAR
STARTCHAR 0492
ENCODING 1170
SWIDTH 562 0
DWIDTH 9 0
BBX 7 13 1 0
BITMAP
FE
22
22
20
20
20
F8
20
20
20
20
20
F0
ENDCHAR
STARTCHAR 0493
ENCODING 1171
SWIDTH 562 0
DWIDTH 9 0
BBX 7 9 1 0
BITMAP
FE
22
20
20
F8
20
20
20
F0
ENDCHAR
STARTCHAR 0494
ENCODING 1172
SWIDTH 562 0
DWIDTH 9 0
BBX 7 17 1 -4
BITMAP
FE
42
42
40
40
40
5C
66
42
42
42
42
F2
02
02
06
0C
ENDCHAR
STARTCHAR 0495
ENCODING 1173
SWIDTH 562 0
DWIDTH 9 0
BBX 7 13 1 -4
BITMAP
FE
42
40
40
5C
66
42
42
F2
02
02
06
0C
ENDCHAR
STARTCHAR 0496
ENCODING 1174
SWIDTH 625 0
DWIDTH 10 0
BBX 9 16 0 -3
BITMAP
C980
4900
4B00
6A00
2A00
2A00
3E00
2A00
2A00
6A00
4B00
4900
C980
0080
0080
0080
ENDCHAR
STARTCHAR 0497
ENCODING 1175
SWIDTH 625 0
DWIDTH 10 0
BBX 9 12 0 -3
BITMAP
C980
4B00
6A00
2A00
3E00
2A00
6A00
4B00
C980
0080
0080
0080
ENDCHAR
STARTCHAR 0498
ENCODING 1176
SWIDTH 625 0
DWIDTH 10 0
BBX 7 15 2 -2
BITMAP
B8
CC
84
04
0C
38
04
02
02
82
C6
7C
10
10
10
ENDCHAR
STARTCHAR 0499
ENCODING 1177
SWIDTH 562 0
DWIDTH 9 0
BBX 7 12 1 -3
BITMAP
BC
C6
06
06
3C
06
02
C6
7C
10
10
10
ENDCHAR
STARTCHAR 049A
ENCODING 1178
SWIDTH 625 0
DWIDTH 10 0
BBX 8 16 1 -3
BITMAP
E3
46
44
4C
48
58
70
58
48
4C
44
46
E3
01
01
01
ENDCHAR
STARTCHAR 049B
ENCODING 1179
SWIDTH 625 0
DWIDTH 10 0
BBX 8 12 1 -3
BITMAP
E3
44
4C
48
70
58
4C
44
E7
01
01
01
ENDCHAR
STARTCHAR 049C
ENCODING 1180
SWIDTH 625 0
DWIDTH 10 0
BBX 8 13 1 0
BITMAP
E3
42
42
46
54
54
7C
54
54
56
42
42
E3
ENDCHAR
STARTCHAR 049D
ENCODING 1181
SWIDTH 625 0
DWIDTH 10 0
BBX 8 9 1 0
BITMAP
E3
42
56
54
7C
54
56
42
E3
ENDCHAR
STARTCHAR 049E
ENCODING 1182
SWIDTH 625 0
DWIDTH 10 0
BBX 8 13 1 0
BITMAP
E3
26
F4
2C
28
38
30
38
28
2C
24
26
E3
ENDCHAR
STARTCHAR 049F
ENCODING 1183
SWIDTH 687 0
DWIDTH 11 0
BBX 9 13 1 0
BITMAP
E000
2000
F800
2000
2380
2200
2600
2C00
3800
2C00
2600
2600
E380
ENDCHAR
STARTCHAR 04A0
ENCODING 1184
SWIDTH 625 0
DWIDTH 10 0
BBX 9 13 1 0
BITMAP
FB80
9200
9200
1600
1400
1400
1C00
1400
1400
1600
1200
1200
3B80
ENDCHAR
STARTCHAR 04A1
ENCODING 1185
SWIDTH 625 0
DWIDTH 10 0
BBX 9 9 1 0
BITMAP
FB80
9200
9200
1400
1C00
1400
1600
1200
3B80
ENDCHAR
STARTCHAR 04A2
ENCODING 1186
SWIDTH 625 0
DWIDTH 10 0
BBX 8 16 1 -3
BITMAP
E7
42
42
42
42
42
7E
42
42
42
42
42
E7
01
01
01
ENDCHAR
STARTCHAR 04A3
ENCODING 1187
SWIDTH 625 0
DWIDTH 10 0
BBX 8 12 1 -3
BITMAP
E7
42
42
42
7E
42
42
42
E7
01
01
01
ENDCHAR
STARTCHAR 04A4
ENCODING 1188
SWIDTH 687 0
DWIDTH 11 0
BBX 9 13 1 0
BITMAP
FF80
4880
4880
4800
4800
4800
7800
4800
4800
4800
4800
4800
FC00
ENDCHAR
STARTCHAR 04A5
ENCODING 1189
SWIDTH 687 0
DWIDTH 11 0
BBX 9 9 1 0
BITMAP
FF80
4880
4880
4800
7800
4800
4800
4800
FC00
ENDCHAR
STARTCHAR 04A6
ENCODING 1190
SWIDTH 625 0
DWIDTH 10 0
BBX 8 17 1 -4
BITMAP
FC
48
48
48
4A
4F
49
49
49
49
49
49
CD
01
01
03
06
ENDCHAR
STARTCHAR 04A7
ENCODING 1191
SWIDTH 625 0
DWIDTH 10 0
BBX 8 13 1 -4
BITMAP
FC
48
48
4E
4B
49
49
49
CD
01
01
03
06
ENDCHAR
STARTCHAR 04A8
ENCODING 1192
SWIDTH 562 0
DWIDTH 9 0
BBX 7 13 1 0
BITMAP
60
C0
80
8C
9E
92
92
92
92
92
9E
CC
7E
ENDCHAR
STARTCHAR 04A9
ENCODING 1193
SWIDTH 562 0
DWIDTH 9 0
BBX 7 9 1 0
BITMAP
60
C0
8C
96
92
92
92
CC
7E
ENDCHAR
STARTCHAR 04AA
ENCODING 1194
SWIDTH 625 0
DWIDTH 10 0
BBX 6 15 2 -2
BITMAP
74
CC
84
80
80
80
80
80
80
84
CC
78
10
10
10
ENDCHAR
STARTCHAR 04AB
ENCODING 1195
SWIDTH 625 0
DWIDTH 10 0
BBX 6 12 2 -3
BITMAP
74
CC
84
80
80
80
84
CC
78
10
10
10
ENDCHAR
STARTCHAR 04AC
ENCODING 1196
SWIDTH 625 0
DWIDTH 10 0
BBX 7 16 2 -3
BITMAP
FE
92
92
10
10
10
10
10
10
10
10
10
78
08
08
08
ENDCHAR
STARTCHAR 04AD
ENCODING 1197
SWIDTH 625 0
DWIDTH 10 0
BBX 7 12 2 -3
BITMAP
FE
92
10
10
10
10
10
10
78
08
08
08
ENDCHAR
STARTCHAR 04AE
ENCODING 1198
SWIDTH 625 0
DWIDTH 10 0
BBX 8 13 1 0
BITMAP
E7
66
26
24
34
14
18
08
08
08
08
08
3C
ENDCHAR
STARTCHAR 04AF
ENCODING 1199
SWIDTH 625 0
DWIDTH 10 0
BBX 8 13 1 -4
BITMAP
E7
42
66
24
24
34
14
18
08
08
08
08
3C
ENDCHAR
STARTCHAR 04B0
ENCODING 1200
SWIDTH 625 0
DWIDTH 10 0
BBX 8 13 1 0
BITMAP
E7
66
26
24
34
1C
18
3C
08
08
08
08
3C
ENDCHAR
STARTCHAR 04B1
ENCODING 1201
SWIDTH 625 0
DWIDTH 10 0
BBX 8 13 1 -4
BITMAP
E7
42
66
26
24
34
14
1C
18
3C
08
08
3C
ENDCHAR
STARTCHAR 04B2
ENCODING 1202
SWIDTH 625 0
DWIDTH 10 0
BBX 8 16 1 -3
BITMAP
E7
66
24
24
18
18
18
18
18
24
24
66
E7
01
01
01
ENDCHAR
STARTCHAR 04B3
ENCODING 1203
SWIDTH 625 0
DWIDTH 10 0
BBX 8 12 1 -3
BITMAP
E7
24
3C
18
18
18
3C
24
E7
01
01
01
ENDCHAR
STARTCHAR 04B4
ENCODING 1204
SWIDTH 625 0
DWIDTH 10 0
BBX 8 16 1 -3
BITMAP
FB
AA
AA
22
22
22
22
22
22
22
22
22
7F
01
01
01
ENDCHAR
STARTCHAR 04B5
ENCODING 1205
SWIDTH 625 0
DWIDTH 10 0
BBX 8 12 1 -3
BITMAP
FB
AA
AA
22
22
22
22
22
7F
01
01
01
ENDCHAR
STARTCHAR 04B6
ENCODING 1206
SWIDTH 625 0
DWIDTH 10 0
BBX 8 16 1 -3
BITMAP
E7
42
42
42
42
42
62
3E
02
02
02
02
07
01
01
01
ENDCHAR
STARTCHAR 04B7
ENCODING 1207
SWIDTH 625 0
DWIDTH 10 0
BBX 8 12 1 -3
BITMAP
E7
42
42
42
66
3E
02
02
07
01
01
01
ENDCHAR
STARTCHAR 04B8
ENCODING 1208
SWIDTH 687 0
DWIDTH 11 0
BBX 9 13 1 0
BITMAP
E380
4200
4200
4200
4200
4A00
6A00
3E00
0A00
0A00
0200
0200
0780
ENDCHAR
STARTCHAR 04B9
ENCODING 1209
SWIDTH 687 0
DWIDTH 11 0
BBX 9 9 1 0
BITMAP
E380
4200
4A00
6A00
3E00
0A00
0A00
0200
0780
ENDCHAR
STARTCHAR 04BA
ENCODING 1210
SWIDTH 625 0
DWIDTH 10 0
BBX 8 13 1 0
BITMAP
E0
40
40
40
40
7C
46
42
42
42
42
42
E7
ENDCHAR
STARTCHAR 04BB
ENCODING 1211
SWIDTH 625 0
DWIDTH 10 0
BBX 8 13 1 0
BITMAP
C0
40
40
40
5C
66
42
42
42
42
42
42
E7
ENDCHAR
STARTCHAR 04BC
ENCODING 1212
SWIDTH 562 0
DWIDTH 9 0
BBX 7 13 1 0
BITMAP
0C
16
12
12
92
92
FE
10
10
10
12
16
0C
ENDCHAR
STARTCHAR 04BD
ENCODING 1213
SWIDTH 562 0
DWIDTH 9 0
BBX 7 9 1 0
BITMAP
0C
16
92
92
FE
10
12
16
0C
ENDCHAR
STARTCHAR 04BE
ENCODING 1214
SWIDTH 562 0
DWIDTH 9 0
BBX 7 16 1 -3
BITMAP
0C
1A
12
12
92
92
FE
10
10
10
12
12
1E
04
04
04
ENDCHAR
STARTCHAR 04BF
ENCODING 1215
SWIDTH 562 0
DWIDTH 9 0
BBX 7 12 1 -3
BITMAP
0C
1A
92
92
FE
10
10
12
1E
04
04
04
ENDCHAR
STARTCHAR 04C0
ENCODING 1216
SWIDTH 625 0
DWIDTH 10 0
BBX 6 13 2 0
BITMAP
FC
10
10
10
10
10
10
10
10
10
10
10
FC
ENDCHAR
STARTCHAR 04C1
ENCODING 1217
SWIDTH 562 0
DWIDTH 9 0
BBX 9 17 0 0
BITMAP
2200
2600
1C00
0000
C980
4900
4B00
6B00
2A00
2A00
3E00
2A00
2A00
6A00
4B00
4900
C980
ENDCHAR
STARTCHAR 04C2
ENCODING 1218
SWIDTH 562 0
DWIDTH 9 0
BBX 9 13 0 0
BITMAP
2200
3600
1C00
0000
C980
4900
6B00
2A00
3E00
2A00
6B00
4900
C980
ENDCHAR
STARTCHAR 04C3
ENCODING 1219
SWIDTH 625 0
DWIDTH 10 0
BBX 8 17 1 -4
BITMAP
E3
46
44
4C
48
58
7C
46
42
42
42
42
E2
02
02
06
0C
ENDCHAR
STARTCHAR 04C4
ENCODING 1220
SWIDTH 625 0
DWIDTH 10 0
BBX 8 13 1 -4
BITMAP
E3
44
4C
48
7C
46
42
42
E2
02
02
06
0C
ENDCHAR
STARTCHAR 04C5
ENCODING 1221
SWIDTH 625 0
DWIDTH 10 0
BBX 9 16 0 -3
BITMAP
7F80
2100
2100
2100
2100
2100
2100
2100
2100
2100
6100
6100
C380
0080
0180
0100
ENDCHAR
STARTCHAR 04C6
ENCODING 1222
SWIDTH 625 0
DWIDTH 10 0
BBX 9 12 0 -3
BITMAP
7F80
2100
2100
2100
2100
2100
2100
6100
C380
0080
0180
0100
ENDCHAR
STARTCHAR 04C7
ENCODING 1223
SWIDTH 625 0
DWIDTH 10 0
BBX 8 17 1 -4
BITMAP
E7
42
42
42
42
42
7E
42
42
42
42
42
E2
02
02
06
0C
ENDCHAR
STARTCHAR 04C8
ENCODING 1224
SWIDTH 625 0
DWIDTH 10 0
BBX 8 13 1 -4
BITMAP
E7
42
42
42
7E
42
42
42
E2
02
02
06
0C
ENDCHAR
STARTCHAR 04C9
ENCODING 1225
SWIDTH 625 0
DWIDTH 10 0
BBX 8 16 1 -3
BITMAP
E7
42
42
42
42
42
7E
42
42
42
42
42
E7
01
03
02
ENDCHAR
STARTCHAR 04CA
ENCODING 1226
SWIDTH 625 0
DWIDTH 10 0
BBX 8 12 1 -3
BITMAP
E7
42
42
42
7E
42
42
42
E7
01
03
02
ENDCHAR
STARTCHAR 04CB
ENCODING 1227
SWIDTH 625 0
DWIDTH 10 0
BBX 8 16 1 -3
BITMAP
E7
42
42
42
42
42
62
3E
02
02
02
02
07
04
04
04
ENDCHAR
STARTCHAR 04CC
ENCODING 1228
SWIDTH 625 0
DWIDTH 10 0
BBX 8 12 1 -3
BITMAP
E7
42
42
42
62
3E
02
02
07
04
04
04
ENDCHAR
STARTCHAR 04CD
ENCODING 1229
SWIDTH 687 0
DWIDTH 11 0
BBX 9 16 1 -3
BITMAP
E380
6300
6300
6500
5500
5500
5500
4900
4900
4100
4100
4100
E380
0080
0180
0100
ENDCHAR
STARTCHAR 04CE
ENCODING 1230
SWIDTH 625 0
DWIDTH 10 0
BBX 9 12 1 -3
BITMAP
E380
6300
6500
5500
5500
5500
5500
4900
EB80
0080
0180
0100
ENDCHAR
STARTCHAR 04CF
ENCODING 1231
SWIDTH 625 0
DWIDTH 10 0
BBX 6 13 2 0
BITMAP
F0
10
10
10
10
10
10
10
10
10
10
10
FC
ENDCHAR
STARTCHAR 04D0
ENCODING 1232
SWIDTH 625 0
DWIDTH 10 0
BBX 8 17 1 0
BITMAP
66
64
3C
00
18
18
18
18
3C
24
24
24
7E
66
42
42
E7
ENDCHAR
STARTCHAR 04D1
ENCODING 1233
SWIDTH 562 0
DWIDTH 9 0
BBX 8 13 1 0
BITMAP
46
64
3C
00
7C
C6
02
02
3E
62
C2
C6
7B
ENDCHAR
STARTCHAR 04D2
ENCODING 1234
SWIDTH 625 0
DWIDTH 10 0
BBX 8 16 1 0
BITMAP
66
64
00
18
18
18
18
3C
24
24
24
7E
66
42
42
E7
ENDCHAR
STARTCHAR 04D3
ENCODING 1235
SWIDTH 562 0
DWIDTH 9 0
BBX 8 13 1 0
BITMAP
66
66
00
00
3C
66
C2
02
3E
62
C2
C6
7B
ENDCHAR
STARTCHAR 04D4
ENCODING 1236
SWIDTH 625 0
DWIDTH 10 0
BBX 8 13 1 0
BITMAP
3F
1D
1D
14
14
34
37
24
24
7C
64
45
E7
ENDCHAR
STARTCHAR 04D5
ENCODING 1237
SWIDTH 562 0
DWIDTH 9 0
BBX 7 9 1 0
BITMAP
EC
D6
92
12
7E
90
92
96
EC
ENDCHAR
STARTCHAR 04D6
ENCODING 1238
SWIDTH 625 0
DWIDTH 10 0
BBX 7 17 1 0
BITMAP
46
64
3C
00
FE
42
40
40
40
40
7C
40
40
40
40
42
FE
ENDCHAR
STARTCHAR 04D7
ENCODING 1239
SWIDTH 562 0
DWIDTH 9 0
BBX 7 13 1 0
BITMAP
44
7C
00
00
7C
64
C6
82
FE
80
C2
46
3C
ENDCHAR
STARTCHAR 04D8
ENCODING 1240
SWIDTH 562 0
DWIDTH 9 0
BBX 6 13 2 0
BITMAP
B8
CC
84
04
04
04
FC
84
84
84
84
CC
78
ENDCHAR
STARTCHAR 04D9
ENCODING 1241
SWIDTH 562 0
DWIDTH 9 0
BBX 7 9 1 0
BITMAP
BC
C6
06
02
FE
82
C6
C4
7C
ENDCHAR
STARTCHAR 04DA
ENCODING 1242
SWIDTH 562 0
DWIDTH 9 0
BBX 6 16 2 0
BITMAP
CC
C8
00
B8
CC
84
04
04
04
FC
84
84
84
84
CC
78
ENDCHAR
STARTCHAR 04DB
ENCODING 1243
SWIDTH 562 0
DWIDTH 9 0
BBX 7 13 1 0
BITMAP
66
66
00
00
BC
C6
06
02
FE
82
C6
C4
7C
ENDCHAR
STARTCHAR 04DC
ENCODING 1244
SWIDTH 562 0
DWIDTH 9 0
BBX 9 16 0 0
BITMAP
3300
3200
0000
C980
4900
4B00
6B00
2A00
2A00
3E00
2A00
2A00
6A00
4B00
4900
C980
ENDCHAR
STARTCHAR 04DD
ENCODING 1245
SWIDTH 562 0
DWIDTH 9 0
BBX 9 13 0 0
BITMAP
3300
3300
0000
0000
C980
4900
6B00
2A00
3E00
2A00
6B00
4900
C980
ENDCHAR
STARTCHAR 04DE
ENCODING 1246
SWIDTH 625 0
DWIDTH 10 0
BBX 7 16 2 0
BITMAP
CC
C8
00
B8
CC
84
04
04
0C
38
04
02
02
82
C6
78
ENDCHAR
STARTCHAR 04DF
ENCODING 1247
SWIDTH 625 0
DWIDTH 10 0
BBX 7 13 2 0
BITMAP
CC
CC
00
00
BC
C4
06
04
38
06
02
C6
7C
ENDCHAR
STARTCHAR 04E0
ENCODING 1248
SWIDTH 625 0
DWIDTH 10 0
BBX 7 13 2 0
BITMAP
FC
84
88
18
30
20
7C
06
02
02
82
C6
78
ENDCHAR
STARTCHAR 04E1
ENCODING 1249
SWIDTH 625 0
DWIDTH 10 0
BBX 7 13 2 -4
BITMAP
FC
84
08
10
20
78
04
06
02
02
86
CC
78
ENDCHAR
STARTCHAR 04E2
ENCODING 1250
SWIDTH 625 0
DWIDTH 10 0
BBX 8 16 1 0
BITMAP
7E
00
00
E7
42
46
46
4A
4A
5A
52
72
62
62
42
E7
ENDCHAR
STARTCHAR 04E3
ENCODING 1251
SWIDTH 625 0
DWIDTH 10 0
BBX 8 12 1 0
BITMAP
7E
00
00
E7
42
46
4A
5A
72
62
42
E7
ENDCHAR
STARTCHAR 04E4
ENCODING 1252
SWIDTH 625 0
DWIDTH 10 0
BBX 8 16 1 0
BITMAP
66
64
00
E7
42
46
46
4A
4A
5A
52
72
62
62
42
E7
ENDCHAR
STARTCHAR 04E5
ENCODING 1253
SWIDTH 625 0
DWIDTH 10 0
BBX 8 13 1 0
BITMAP
66
66
00
00
E7
42
46
4A
5A
72
62
42
E7
ENDCHAR
STARTCHAR 04E6
ENCODING 1254
SWIDTH 562 0
DWIDTH 9 0
BBX 6 16 2 0
BITMAP
CC
C8
00
78
CC
84
84
84
84
84
84
84
84
84
CC
78
ENDCHAR
STARTCHAR 04E7
ENCODING 1255
SWIDTH 562 0
DWIDTH 9 0
BBX 6 13 2 0
BITMAP
CC
CC
00
00
78
CC
84
84
84
84
84
CC
78
ENDCHAR
STARTCHAR 04E8
ENCODING 1256
SWIDTH 562 0
DWIDTH 9 0
BBX 6 13 2 0
BITMAP
78
CC
84
84
84
84
FC
84
84
84
84
CC
78
ENDCHAR
STARTCHAR 04E9
ENCODING 1257
SWIDTH 562 0
DWIDTH 9 0
BBX 7 9 1 0
BITMAP
7C
64
C6
82
FE
82
C6
44
7C
ENDCHAR
STARTCHAR 04EA
ENCODING 1258
SWIDTH 562 0
DWIDTH 9 0
BBX 6 16 2 0
BITMAP
CC
C8
00
78
CC
84
84
84
84
FC
84
84
84
84
CC
78
ENDCHAR
STARTCHAR 04EB
ENCODING 1259
SWIDTH 562 0
DWIDTH 9 0
BBX 7 13 1 0
BITMAP
66
66
00
00
7C
64
C6
82
FE
82
C6
44
7C
ENDCHAR
STARTCHAR 04EC
ENCODING 1260
SWIDTH 562 0
DWIDTH 9 0
BBX 6 16 2 0
BITMAP
CC
C8
00
B8
CC
84
04
04
04
3C
04
04
04
84
CC
78
ENDCHAR
STARTCHAR 04ED
ENCODING 1261
SWIDTH 625 0
DWIDTH 10 0
BBX 6 13 2 0
BITMAP
CC
CC
00
00
B8
CC
84
04
3C
04
84
CC
78
ENDCHAR
STARTCHAR 04EE
ENCODING 1262
SWIDTH 625 0
DWIDTH 10 0
BBX 8 16 1 0
BITMAP
7E
00
00
E7
42
46
66
24
24
3C
18
18
18
10
30
60
ENDCHAR
STARTCHAR 04EF
ENCODING 1263
SWIDTH 625 0
DWIDTH 10 0
BBX 8 16 1 -4
BITMAP
7E
00
00
E7
42
46
66
24
24
3C
18
18
18
10
30
60
ENDCHAR
STARTCHAR 04F0
ENCODING 1264
SWIDTH 625 0
DWIDTH 10 0
BBX 8 16 1 0
BITMAP
66
64
00
E7
42
66
24
24
24
18
18
18
18
10
30
60
ENDCHAR
STARTCHAR 04F1
ENCODING 1265
SWIDTH 625 0
DWIDTH 10 0
BBX 8 17 1 -4
BITMAP
66
66
00
00
E7
42
66
24
24
24
18
18
18
18
10
30
60
ENDCHAR
STARTCHAR 04F2
ENCODING 1266
SWIDTH 625 0
DWIDTH 10 0
BBX 8 17 1 0
BITMAP
1B
36
24
00
E7
42
66
24
24
24
18
18
18
18
10
30
60
ENDCHAR
STARTCHAR 04F3
ENCODING 1267
SWIDTH 625 0
DWIDTH 10 0
BBX 8 17 1 -4
BITMAP
1B
36
24
00
E7
42
66
24
24
24
18
18
18
18
10
30
60
ENDCHAR
STARTCHAR 04F4
ENCODING 1268
SWIDTH 687 0
DWIDTH 11 0
BBX 9 16 1 0
BITMAP
6600
6400
0000
E380
4200
4200
4200
4200
4200
6200
3E00
0200
0200
0200
0200
0780
ENDCHAR
STARTCHAR 04F5
ENCODING 1269
SWIDTH 687 0
DWIDTH 11 0
BBX 9 13 1 0
BITMAP
6600
6600
0000
0000
E380
4200
4200
4200
6200
3E00
0200
0200
0780
ENDCHAR
STARTCHAR 04F6
ENCODING 1270
SWIDTH 625 0
DWIDTH 10 0
BBX 7 16 2 -3
BITMAP
FE
42
42
40
40
40
40
40
40
40
40
40
E0
20
20
20
ENDCHAR
STARTCHAR 04F7
ENCODING 1271
SWIDTH 625 0
DWIDTH 10 0
BBX 7 12 2 -3
BITMAP
FE
42
40
40
40
40
40
40
E0
20
20
20
ENDCHAR
STARTCHAR 04F8
ENCODING 1272
SWIDTH 687 0
DWIDTH 11 0
BBX 9 16 1 0
BITMAP
3300
3200
0000
E380
4100
4100
4100
4100
4100
7900
4D00
4500
4500
4500
4D00
FB80
ENDCHAR
STARTCHAR 04F9
ENCODING 1273
SWIDTH 687 0
DWIDTH 11 0
BBX 9 13 1 0
BITMAP
3300
3300
0000
0000
E380
4100
4100
4100
7900
4D00
4500
4D00
FB80
ENDCHAR
STARTCHAR 04FA
ENCODING 1274
SWIDTH 562 0
DWIDTH 9 0
BBX 7 17 1 -4
BITMAP
7E
22
22
20
20
20
F8
20
20
20
20
20
70
10
10
10
60
ENDCHAR
STARTCHAR 04FB
ENCODING 1275
SWIDTH 562 0
DWIDTH 9 0
BBX 7 13 1 -4
BITMAP
7E
22
20
20
F8
20
20
20
70
10
10
30
60
ENDCHAR
STARTCHAR 04FC
ENCODING 1276
SWIDTH 625 0
DWIDTH 10 0
BBX 8 17 1 -4
BITMAP
E7
66
24
24
18
18
18
18
18
24
24
66
E7
01
01
03
06
ENDCHAR
STARTCHAR 04FD
ENCODING 1277
SWIDTH 625 0
DWIDTH 10 0
BBX 8 13 1 -4
BITMAP
E7
24
3C
18
18
18
3C
24
E7
01
01
03
06
ENDCHAR
STARTCHAR 04FE
ENCODING 1278
SWIDTH 625 0
DWIDTH 10 0
BBX 8 13 1 0
BITMAP
E7
66
66
24
3C
18
7E
18
3C
24
66
66
E7
ENDCHAR
STARTCHAR 04FF
ENCODING 1279
SWIDTH 625 0
DWIDTH 10 0
BBX 8 9 1 0
BITMAP
E7
66
3C
18
7E
18
3C
66
E7
ENDCHAR
STARTCHAR 0500
ENCODING 1280
SWIDTH 625 0
DWIDTH 10 0
BBX 7 13 2 0
BITMAP
0E
04
04
04
04
04
7C
C4
84
84
84
C4
7E
ENDCHAR
STARTCHAR 0501
ENCODING 1281
SWIDTH 625 0
DWIDTH 10 0
BBX 7 13 2 0
BITMAP
0C
04
04
04
74
CC
84
84
84
84
84
CC
76
ENDCHAR
STARTCHAR 0502
ENCODING 1282
SWIDTH 625 0
DWIDTH 10 0
BBX 8 13 1 0
BITMAP
38
10
10
10
10
70
D7
92
92
92
92
F6
6C
ENDCHAR
STARTCHAR 0503
ENCODING 1283
SWIDTH 625 0
DWIDTH 10 0
BBX 8 13 1 0
BITMAP
30
10
10
10
D0
B0
90
90
97
92
92
B6
FC
ENDCHAR
STARTCHAR 0504
ENCODING 1284
SWIDTH 625 0
DWIDTH 10 0
BBX 8 13 1 0
BITMAP
E0
B0
90
10
10
30
67
32
12
12
12
16
1C
ENDCHAR
STARTCHAR 0505
ENCODING 1285
SWIDTH 625 0
DWIDTH 10 0
BBX 9 9 1 0
BITMAP
B000
D800
1800
1800
3380
1900
0900
0B00
0E00
ENDCHAR
STARTCHAR 0506
ENCODING 1286
SWIDTH 625 0
DWIDTH 10 0
BBX 7 16 2 -3
BITMAP
B8
CC
84
04
04
0C
38
04
02
02
02
02
02
02
02
02
ENDCHAR
STARTCHAR 0507
ENCODING 1287
SWIDTH 625 0
DWIDTH 10 0
BBX 8 12 1 -3
BITMAP
BC
C6
06
06
1C
06
02
02
03
01
01
01
ENDCHAR
STARTCHAR 0508
ENCODING 1288
SWIDTH 687 0
DWIDTH 11 0
BBX 10 13 0 0
BITMAP
7E00
2400
2400
2400
2400
2400
25C0
2480
2480
2480
2480
6580
C300
ENDCHAR
STARTCHAR 0509
ENCODING 1289
SWIDTH 687 0
DWIDTH 11 0
BBX 10 9 0 0
BITMAP
7E00
2400
2400
2400
25C0
2480
2480
6580
C700
ENDCHAR
STARTCHAR 050A
ENCODING 1290
SWIDTH 687 0
DWIDTH 11 0
BBX 9 13 1 0
BITMAP
FC00
4800
4800
4800
4800
4800
7B80
4900
4900
4900
4900
4B00
EE00
ENDCHAR
STARTCHAR 050B
ENCODING 1291
SWIDTH 687 0
DWIDTH 11 0
BBX 9 9 1 0
BITMAP
FC00
4800
4800
4800
7B80
4900
4900
4B00
EE00
ENDCHAR
STARTCHAR 050C
ENCODING 1292
SWIDTH 625 0
DWIDTH 10 0
BBX 7 13 2 0
BITMAP
74
CC
84
80
80
80
8E
84
84
84
84
CC
78
ENDCHAR
STARTCHAR 050D
ENCODING 1293
SWIDTH 625 0
DWIDTH 10 0
BBX 7 9 2 0
BITMAP
74
CC
84
80
8E
84
84
CC
78
ENDCHAR
STARTCHAR 050E
ENCODING 1294
SWIDTH 625 0
DWIDTH 10 0
BBX 9 13 1 0
BITMAP
FE00
9200
9200
1000
1000
1000
1380
1100
1100
1100
1100
1B00
0E00
ENDCHAR
STARTCHAR 050F
ENCODING 1295
SWIDTH 625 0
DWIDTH 10 0
BBX 9 9 1 0
BITMAP
FE00
9200
9200
1000
1380
1100
1100
1900
0E00
ENDCHAR
STARTCHAR 0510
ENCODING 1296
SWIDTH 687 0
DWIDTH 11 0
BBX 7 13 2 0
BITMAP
7A
C6
82
80
80
C0
70
C0
80
80
82
C6
7C
ENDCHAR
STARTCHAR 0511
ENCODING 1297
SWIDTH 625 0
DWIDTH 10 0
BBX 7 9 1 0
BITMAP
7A
46
40
40
38
C0
80
C6
7C
ENDCHAR
STARTCHAR 0512
ENCODING 1298
SWIDTH 625 0
DWIDTH 10 0
BBX 9 17 0 -4
BITMAP
7F80
2100
2100
2100
2100
2100
2100
2100
2100
2100
6100
6100
C380
0080
0080
0180
0300
ENDCHAR
STARTCHAR 0513
ENCODING 1299
SWIDTH 625 0
DWIDTH 10 0
BBX 9 13 0 -4
BITMAP
7F80
2100
2100
2100
2100
2100
2100
6100
C380
0080
0080
0180
0300
ENDCHAR
STARTCHAR 0514
ENCODING 1300
SWIDTH 562 0
DWIDTH 9 0
BBX 8 13 0 0
BITMAP
F1
53
4A
4A
4E
4C
44
4C
4E
4A
4A
D3
91
ENDCHAR
STARTCHAR 0515
ENCODING 1301
SWIDTH 687 0
DWIDTH 11 0
BBX 9 9 1 0
BITMAP
F980
4900
4F00
4600
4600
4600
4F00
C900
9980
ENDCHAR
STARTCHAR 0516
ENCODING 1302
SWIDTH 687 0
DWIDTH 11 0
BBX 9 13 1 0
BITMAP
F380
5B00
4A00
4E00
4C00
4C00
5800
7800
4C00
4400
4200
4300
E380
ENDCHAR
STARTCHAR 0517
ENCODING 1303
SWIDTH 687 0
DWIDTH 11 0
BBX 9 13 1 -4
BITMAP
F380
5A00
4E00
4C00
4800
4C00
4E00
5A00
7380
4000
4000
4000
E000
ENDCHAR
STARTCHAR 0518
ENCODING 1304
SWIDTH 562 0
DWIDTH 9 0
BBX 8 13 0 0
BITMAP
3F
65
45
44
44
44
67
3C
34
34
24
65
C7
ENDCHAR
STARTCHAR 0519
ENCODING 1305
SWIDTH 625 0
DWIDTH 10 0
BBX 8 9 1 0
BITMAP
3E
4B
49
49
7F
28
29
6B
C6
ENDCHAR
STARTCHAR 051A
ENCODING 1306
SWIDTH 562 0
DWIDTH 9 0
BBX 6 13 2 0
BITMAP
78
CC
84
84
84
84
84
B4
94
8C
8C
CC
7C
ENDCHAR
STARTCHAR 051B
ENCODING 1307
SWIDTH 687 0
DWIDTH 11 0
BBX 8 13 2 -4
BITMAP
77
CC
84
84
84
84
84
CC
74
04
04
04
0F
ENDCHAR
STARTCHAR 051C
ENCODING 1308
SWIDTH 687 0
DWIDTH 11 0
BBX 9 13 1 0
BITMAP
E380
4100
4100
4100
4900
4900
5900
7700
3600
3600
3600
3600
2200
ENDCHAR
STARTCHAR 051D
ENCODING 1309
SWIDTH 687 0
DWIDTH 11 0
BBX 9 9 1 0
BITMAP
E380
4100
4900
4900
5500
7700
3600
3600
2200
ENDCHAR
STARTCHAR 051E
ENCODING 1310
SWIDTH 625 0
DWIDTH 10 0
BBX 8 13 1 0
BITMAP
E3
56
5C
4C
4E
5A
70
58
48
4C
44
46
E3
ENDCHAR
STARTCHAR 051F
ENCODING 1311
SWIDTH 625 0
DWIDTH 10 0
BBX 8 9 1 0
BITMAP
F7
5C
4C
4E
72
58
4C
44
E7
ENDCHAR
STARTCHAR 0520
ENCODING 1312
SWIDTH 625 0
DWIDTH 10 0
BBX 8 17 1 -4
BITMAP
FC
48
48
48
4A
4F
49
49
49
49
49
C9
9D
01
01
03
06
ENDCHAR
STARTCHAR 0521
ENCODING 1313
SWIDTH 625 0
DWIDTH 10 0
BBX 8 13 1 -4
BITMAP
FC
48
48
4E
4B
49
49
C9
9D
01
01
03
06
ENDCHAR
STARTCHAR 0522
ENCODING 1314
SWIDTH 625 0
DWIDTH 10 0
BBX 8 17 1 -4
BITMAP
FC
48
48
48
48
4F
7B
49
49
49
49
49
FD
01
01
03
06
ENDCHAR
STARTCHAR 0523
ENCODING 1315
SWIDTH 625 0
DWIDTH 10 0
BBX 8 13 1 -4
BITMAP
FC
48
48
4A
7F
49
49
49
FD
01
01
03
06
ENDCHAR
STARTCHAR 0524
ENCODING 1316
SWIDTH 625 0
DWIDTH 10 0
BBX 8 16 1 -3
BITMAP
FF
42
42
42
42
42
42
42
42
42
42
42
E7
01
01
01
ENDCHAR
STARTCHAR 0525
ENCODING 1317
SWIDTH 625 0
DWIDTH 10 0
BBX 8 12 1 -3
BITMAP
FF
42
42
42
42
42
42
42
E7
01
01
01
ENDCHAR
STARTCHAR 0526
ENCODING 1318
SWIDTH 625 0
DWIDTH 10 0
BBX 8 16 1 -3
BITMAP
E0
40
40
40
40
7C
46
42
42
42
42
42
E7
01
01
01
ENDCHAR
STARTCHAR 0527
ENCODING 1319
SWIDTH 625 0
DWIDTH 10 0
BBX 8 16 1 -3
BITMAP
C0
40
40
40
5C
66
42
42
42
42
42
42
E7
01
01
01
ENDCHAR
STARTCHAR 0528
ENCODING 1320
SWIDTH 625 0
DWIDTH 10 0
BBX 9 17 0 -4
BITMAP
7380
2100
2100
2100
2100
2100
3F00
2100
2100
2100
2100
2100
2380
2000
2000
6000
C000
ENDCHAR
STARTCHAR 0529
ENCODING 1321
SWIDTH 625 0
DWIDTH 10 0
BBX 9 13 0 -4
BITMAP
7380
2100
2100
2100
3F00
2100
2100
2100
2380
2000
2000
6000
C000
ENDCHAR
STARTCHAR 052A
ENCODING 1322
SWIDTH 625 0
DWIDTH 10 0
BBX 9 16 1 -3
BITMAP
F580
6500
6500
6500
6500
6700
7E00
6600
6500
6500
6500
6500
F580
9000
9000
9000
ENDCHAR
STARTCHAR 052B
ENCODING 1323
SWIDTH 625 0
DWIDTH 10 0
BBX 9 12 1 -3
BITMAP
F580
6500
6500
6500
7E00
6500
6500
6500
F580
9000
9000
9000
ENDCHAR
STARTCHAR 052C
ENCODING 1324
SWIDTH 625 0
DWIDTH 10 0
BBX 8 16 1 -3
BITMAP
E7
42
46
46
4E
4A
7E
3E
32
22
62
42
FF
81
81
81
ENDCHAR
STARTCHAR 052D
ENCODING 1325
SWIDTH 625 0
DWIDTH 10 0
BBX 8 12 1 -3
BITMAP
E7
42
46
4A
7E
3A
22
42
FF
81
81
81
ENDCHAR
STARTCHAR 052E
ENCODING 1326
SWIDTH 625 0
DWIDTH 10 0
BBX 9 16 0 -3
BITMAP
7F80
2100
2100
2100
2100
2100
2100
2100
2100
2100
6100
6100
C380
0080
0080
0080
ENDCHAR
STARTCHAR 052F
ENCODING 1327
SWIDTH 625 0
DWIDTH 10 0
BBX 9 12 0 -3
BITMAP
7F80
2100
2100
2100
2100
2100
2100
6100
C380
0080
0080
0080
ENDCHAR
STARTCHAR 0531
ENCODING 1329
SWIDTH 625 0
DWIDTH 10 0
BBX 8 14 1 -1
BITMAP
E7
42
42
42
42
42
42
42
5A
4A
4E
66
3E
02
ENDCHAR
STARTCHAR 0532
ENCODING 1330
SWIDTH 625 0
DWIDTH 10 0
BBX 7 13 1 0
BITMAP
3C
66
42
40
40
40
40
40
7E
40
40
40
E0
ENDCHAR
STARTCHAR 0533
ENCODING 1331
SWIDTH 625 0
DWIDTH 10 0
BBX 8 13 2 0
BITMAP
78
CC
84
84
84
84
84
C4
7F
04
04
04
0E
ENDCHAR
STARTCHAR 0534
ENCODING 1332
SWIDTH 625 0
DWIDTH 10 0
BBX 8 13 2 0
BITMAP
78
CC
84
04
04
04
04
04
07
04
04
04
0E
ENDCHAR
STARTCHAR 0535
ENCODING 1333
SWIDTH 625 0
DWIDTH 10 0
BBX 7 13 1 0
BITMAP
E0
40
40
40
7E
40
40
40
40
40
42
66
3C
ENDCHAR
STARTCHAR 0536
ENCODING 1334
SWIDTH 625 0
DWIDTH 10 0
BBX 6 13 2 0
BITMAP
78
CC
84
04
04
04
04
04
04
04
08
B0
FC
ENDCHAR
STARTCHAR 0537
ENCODING 1335
SWIDTH 625 0
DWIDTH 10 0
BBX 8 13 1 0
BITMAP
E0
40
40
40
7F
40
40
40
40
40
40
40
FC
ENDCHAR
STARTCHAR 0538
ENCODING 1336
SWIDTH 625 0
DWIDTH 10 0
BBX 7 13 1 0
BITMAP
3C
66
42
40
40
40
40
40
40
40
40
40
FE
ENDCHAR
STARTCHAR 0539
ENCODING 1337
SWIDTH 625 0
DWIDTH 10 0
BBX 9 13 1 0
BITMAP
3C00
6600
4200
4200
4200
4200
4200
4200
4F80
5A00
5200
5E00
EC00
ENDCHAR
STARTCHAR 053A
ENCODING 1338
SWIDTH 625 0
DWIDTH 10 0
BBX 8 13 2 0
BITMAP
0E
04
04
04
7F
C4
84
84
84
84
84
CC
78
ENDCHAR
STARTCHAR 053B
ENCODING 1339
SWIDTH 625 0
DWIDTH 10 0
BBX 8 13 1 0
BITMAP
E0
40
40
40
5C
66
42
42
47
40
40
40
E0
ENDCHAR
STARTCHAR 053C
ENCODING 1340
SWIDTH 625 0
DWIDTH 10 0
BBX 7 13 1 0
BITMAP
E0
40
40
40
40
40
40
40
40
40
40
40
FE
ENDCHAR
STARTCHAR 053D
ENCODING 1341
SWIDTH 625 0
DWIDTH 10 0
BBX 9 13 1 0
BITMAP
E000
4000
4000
4000
7980
4900
4900
4900
4900
4900
4900
4B00
EE00
ENDCHAR
STARTCHAR 053E
ENCODING 1342
SWIDTH 625 0
DWIDTH 10 0
BBX 8 13 1 0
BITMAP
8F
98
FC
66
42
42
42
42
42
42
42
66
3C
ENDCHAR
STARTCHAR 053F
ENCODING 1343
SWIDTH 625 0
DWIDTH 10 0
BBX 8 13 1 0
BITMAP
E0
40
40
40
47
42
42
66
3A
02
02
02
07
ENDCHAR
STARTCHAR 0540
ENCODING 1344
SWIDTH 625 0
DWIDTH 10 0
BBX 8 13 1 0
BITMAP
7C
06
02
02
02
06
FC
06
02
02
02
02
07
ENDCHAR
STARTCHAR 0541
ENCODING 1345
SWIDTH 625 0
DWIDTH 10 0
BBX 7 13 1 0
BITMAP
3C
66
C2
02
02
02
02
02
72
CE
C6
CC
7E
ENDCHAR
STARTCHAR 0542
ENCODING 1346
SWIDTH 625 0
DWIDTH 10 0
BBX 8 13 2 0
BITMAP
78
CC
84
04
04
04
04
04
04
04
04
04
0F
ENDCHAR
STARTCHAR 0543
ENCODING 1347
SWIDTH 625 0
DWIDTH 10 0
BBX 7 13 1 0
BITMAP
38
60
40
40
FC
46
42
42
42
42
42
62
3E
ENDCHAR
STARTCHAR 0544
ENCODING 1348
SWIDTH 625 0
DWIDTH 10 0
BBX 9 13 1 0
BITMAP
E780
4200
4200
4200
4200
4200
4200
4200
4200
4200
4200
6600
3C00
ENDCHAR
STARTCHAR 0545
ENCODING 1349
SWIDTH 562 0
DWIDTH 9 0
BBX 7 13 1 0
BITMAP
3C
66
42
02
02
46
7C
06
02
02
C2
66
3C
ENDCHAR
STARTCHAR 0546
ENCODING 1350
SWIDTH 625 0
DWIDTH 10 0
BBX 8 13 0 0
BITMAP
F0
20
20
20
20
20
20
20
20
20
21
33
1E
ENDCHAR
STARTCHAR 0547
ENCODING 1351
SWIDTH 625 0
DWIDTH 10 0
BBX 6 13 2 0
BITMAP
C0
30
4C
80
80
80
80
80
80
80
84
CC
78
ENDCHAR
STARTCHAR 0548
ENCODING 1352
SWIDTH 625 0
DWIDTH 10 0
BBX 8 13 1 0
BITMAP
3C
66
42
42
42
42
42
42
42
42
42
42
E7
ENDCHAR
STARTCHAR 0549
ENCODING 1353
SWIDTH 562 0
DWIDTH 9 0
BBX 6 12 2 0
BITMAP
78
CC
84
04
04
04
04
04
04
88
70
18
ENDCHAR
STARTCHAR 054A
ENCODING 1354
SWIDTH 625 0
DWIDTH 10 0
BBX 8 13 1 0
BITMAP
78
D6
92
12
12
12
12
12
02
02
02
02
07
ENDCHAR
STARTCHAR 054B
ENCODING 1355
SWIDTH 625 0
DWIDTH 10 0
BBX 6 13 2 0
BITMAP
78
CC
84
84
84
84
C4
44
64
24
28
B0
FC
ENDCHAR
STARTCHAR 054C
ENCODING 1356
SWIDTH 625 0
DWIDTH 10 0
BBX 9 13 1 0
BITMAP
3C00
6600
4200
4200
4200
4200
4200
4200
4380
4200
4200
4200
E700
ENDCHAR
STARTCHAR 054D
ENCODING 1357
SWIDTH 625 0
DWIDTH 10 0
BBX 8 13 1 0
BITMAP
E7
42
42
42
42
42
42
42
42
42
42
66
3C
ENDCHAR
STARTCHAR 054E
ENCODING 1358
SWIDTH 625 0
DWIDTH 10 0
BBX 9 13 1 0
BITMAP
0700
0200
0200
0200
E200
4200
4200
6600
3A00
0200
0200
0200
0780
ENDCHAR
STARTCHAR 054F
ENCODING 1359
SWIDTH 562 0
DWIDTH 9 0
BBX 6 13 2 0
BITMAP
78
CC
84
80
80
E0
70
18
0C
04
84
CC
78
ENDCHAR
STARTCHAR 0550
ENCODING 1360
SWIDTH 625 0
DWIDTH 10 0
BBX 7 13 1 0
BITMAP
3C
66
42
40
40
40
40
40
40
40
40
40
E0
ENDCHAR
STARTCHAR 0551
ENCODING 1361
SWIDTH 625 0
DWIDTH 10 0
BBX 7 13 1 0
BITMAP
3C
66
42
42
42
66
FC
06
02
02
42
66
3C
ENDCHAR
STARTCHAR 0552
ENCODING 1362
SWIDTH 625 0
DWIDTH 10 0
BBX 7 13 1 0
BITMAP
E0
40
40
40
7E
40
40
40
40
40
40
40
E0
ENDCHAR
STARTCHAR 0553
ENCODING 1363
SWIDTH 562 0
DWIDTH 9 0
BBX 7 13 1 0
BITMAP
3C
10
30
7C
D6
92
92
92
D6
7C
38
10
3C
ENDCHAR
STARTCHAR 0554
ENCODING 1364
SWIDTH 625 0
DWIDTH 10 0
BBX 8 13 1 0
BITMAP
3E
63
41
41
41
63
5E
40
40
FF
40
40
E0
ENDCHAR
STARTCHAR 0555
ENCODING 1365
SWIDTH 562 0
DWIDTH 9 0
BBX 6 13 2 0
BITMAP
78
CC
84
84
84
84
84
84
84
84
84
CC
78
ENDCHAR
STARTCHAR 0556
ENCODING 1366
SWIDTH 562 0
DWIDTH 9 0
BBX 7 13 1 0
BITMAP
78
D0
90
90
90
D0
3C
16
12
12
92
D6
78
ENDCHAR
STARTCHAR 0559
ENCODING 1369
SWIDTH 625 0
DWIDTH 10 0
BBX 3 6 4 8
BITMAP
60
C0
80
80
C0
60
ENDCHAR
STARTCHAR 055A
ENCODING 1370
SWIDTH 562 0
DWIDTH 9 0
BBX 3 6 3 8
BITMAP
C0
60
20
20
60
C0
ENDCHAR
STARTCHAR 055B
ENCODING 1371
SWIDTH 625 0
DWIDTH 10 0
BBX 4 6 3 8
BITMAP
30
20
60
40
40
C0
ENDCHAR
STARTCHAR 055C
ENCODING 1372
SWIDTH 625 0
DWIDTH 10 0
BBX 4 6 3 8
BITMAP
10
30
20
40
80
80
ENDCHAR
STARTCHAR 055D
ENCODING 1373
SWIDTH 625 0
DWIDTH 10 0
BBX 3 6 3 8
BITMAP
C0
C0
40
60
20
20
ENDCHAR
STARTCHAR 055E
ENCODING 1374
SWIDTH 625 0
DWIDTH 10 0
BBX 5 4 2 9
BITMAP
78
48
88
98
ENDCHAR
STARTCHAR 055F
ENCODING 1375
SWIDTH 0 0
DWIDTH 0 0
BBX 6 2 -7 10
BITMAP
80
FC
ENDCHAR
STARTCHAR 0560
ENCODING 1376
SWIDTH 562 0
DWIDTH 9 0
BBX 9 9 0 0
BITMAP
F700
5B00
4900
4900
4900
4900
4900
4900
C980
ENDCHAR
STARTCHAR 0561
ENCODING 1377
SWIDTH 562 0
DWIDTH 9 0
BBX 9 9 0 0
BITMAP
C900
4900
4900
4900
4900
4900
4900
4900
7F80
ENDCHAR
STARTCHAR 0562
ENCODING 1378
SWIDTH 625 0
DWIDTH 10 0
BBX 7 13 1 -4
BITMAP
DC
66
42
42
42
40
40
40
7E
40
40
40
F0
ENDCHAR
STARTCHAR 0563
ENCODING 1379
SWIDTH 687 0
DWIDTH 11 0
BBX 9 13 2 -4
BITMAP
7700
CC00
8400
8400
8400
8400
8400
CC00
7780
0400
0400
0400
0F00
ENDCHAR
STARTCHAR 0564
ENCODING 1380
SWIDTH 687 0
DWIDTH 11 0
BBX 10 13 1 -4
BITMAP
DC00
6600
4200
4200
4200
4200
4200
4200
E3C0
0200
0200
0200
0780
ENDCHAR
STARTCHAR 0565
ENCODING 1381
SWIDTH 625 0
DWIDTH 10 0
BBX 8 13 1 0
BITMAP
C0
40
40
40
7E
40
40
40
42
42
42
66
3B
ENDCHAR
STARTCHAR 0566
ENCODING 1382
SWIDTH 625 0
DWIDTH 10 0
BBX 8 13 2 -4
BITMAP
76
CC
84
84
84
84
84
CC
74
04
04
04
07
ENDCHAR
STARTCHAR 0567
ENCODING 1383
SWIDTH 625 0
DWIDTH 10 0
BBX 8 13 1 0
BITMAP
C0
40
40
40
7F
40
40
40
40
40
40
40
FC
ENDCHAR
STARTCHAR 0568
ENCODING 1384
SWIDTH 625 0
DWIDTH 10 0
BBX 8 13 1 -4
BITMAP
DC
66
42
42
42
42
42
42
47
40
40
40
7E
ENDCHAR
STARTCHAR 0569
ENCODING 1385
SWIDTH 625 0
DWIDTH 10 0
BBX 9 13 1 -4
BITMAP
DC00
6600
4200
4200
4F80
4A00
5200
4E00
4400
4000
4000
4000
F000
ENDCHAR
STARTCHAR 056A
ENCODING 1386
SWIDTH 625 0
DWIDTH 10 0
BBX 8 13 2 0
BITMAP
0C
04
04
04
7F
C4
84
84
84
84
84
CC
78
ENDCHAR
STARTCHAR 056B
ENCODING 1387
SWIDTH 625 0
DWIDTH 10 0
BBX 8 17 1 -4
BITMAP
C0
40
40
40
5C
66
42
42
42
42
42
42
47
40
40
40
F0
ENDCHAR
STARTCHAR 056C
ENCODING 1388
SWIDTH 625 0
DWIDTH 10 0
BBX 5 13 3 -4
BITMAP
C0
40
40
40
40
40
40
40
40
40
40
40
78
ENDCHAR
STARTCHAR 056D
ENCODING 1389
SWIDTH 687 0
DWIDTH 11 0
BBX 9 17 1 -4
BITMAP
C000
4000
4000
4000
7B00
5900
4900
4900
4900
4900
4900
4B00
4D80
4000
4000
4000
E000
ENDCHAR
STARTCHAR 056E
ENCODING 1390
SWIDTH 625 0
DWIDTH 10 0
BBX 7 13 2 0
BITMAP
20
60
60
30
7E
CC
84
84
84
84
84
CC
78
ENDCHAR
STARTCHAR 056F
ENCODING 1391
SWIDTH 625 0
DWIDTH 10 0
BBX 8 17 1 -4
BITMAP
C0
40
40
40
46
42
42
42
42
42
42
66
3A
02
02
02
0F
ENDCHAR
STARTCHAR 0570
ENCODING 1392
SWIDTH 625 0
DWIDTH 10 0
BBX 8 13 1 0
BITMAP
C0
40
40
40
5C
66
42
42
42
42
42
42
E7
ENDCHAR
STARTCHAR 0571
ENCODING 1393
SWIDTH 625 0
DWIDTH 10 0
BBX 7 13 2 0
BITMAP
40
40
70
60
F8
8C
84
84
84
84
84
CC
76
ENDCHAR
STARTCHAR 0572
ENCODING 1394
SWIDTH 625 0
DWIDTH 10 0
BBX 9 13 1 -4
BITMAP
DC00
6600
4200
4200
4200
4200
4200
4200
E200
0200
0200
0200
0380
ENDCHAR
STARTCHAR 0573
ENCODING 1395
SWIDTH 625 0
DWIDTH 10 0
BBX 8 13 1 0
BITMAP
38
60
40
40
FC
46
42
42
42
42
42
66
3B
ENDCHAR
STARTCHAR 0574
ENCODING 1396
SWIDTH 625 0
DWIDTH 10 0
BBX 9 13 1 0
BITMAP
0380
0200
0200
0200
C200
4200
4200
4200
4200
4200
4200
6600
3B00
ENDCHAR
STARTCHAR 0575
ENCODING 1397
SWIDTH 625 0
DWIDTH 10 0
BBX 4 13 2 -4
BITMAP
30
10
10
10
10
10
10
10
10
10
10
30
E0
ENDCHAR
STARTCHAR 0576
ENCODING 1398
SWIDTH 625 0
DWIDTH 10 0
BBX 9 13 0 0
BITMAP
E000
2000
2000
2000
2300
2100
2100
2100
2100
2100
2100
3300
1D80
ENDCHAR
STARTCHAR 0577
ENCODING 1399
SWIDTH 625 0
DWIDTH 10 0
BBX 6 13 2 -4
BITMAP
78
CC
04
04
04
0C
08
18
30
20
40
C0
FC
ENDCHAR
STARTCHAR 0578
ENCODING 1400
SWIDTH 625 0
DWIDTH 10 0
BBX 8 9 1 0
BITMAP
DC
66
42
42
42
42
42
42
E7
ENDCHAR
STARTCHAR 0579
ENCODING 1401
SWIDTH 687 0
DWIDTH 11 0
BBX 7 13 2 -4
BITMAP
40
40
40
40
3C
0C
08
18
30
20
60
C0
FE
ENDCHAR
STARTCHAR 057A
ENCODING 1402
SWIDTH 625 0
DWIDTH 10 0
BBX 9 13 0 -4
BITMAP
C900
4900
4900
4900
4900
4900
4900
5B00
6D00
0100
0100
0100
0380
ENDCHAR
STARTCHAR 057B
ENCODING 1403
SWIDTH 625 0
DWIDTH 10 0
BBX 6 13 2 -4
BITMAP
78
CC
84
84
84
CC
68
38
30
20
40
C0
FC
ENDCHAR
STARTCHAR 057C
ENCODING 1404
SWIDTH 625 0
DWIDTH 10 0
BBX 8 9 1 0
BITMAP
DE
66
43
41
43
43
42
46
C7
ENDCHAR
STARTCHAR 057D
ENCODING 1405
SWIDTH 625 0
DWIDTH 10 0
BBX 8 9 1 0
BITMAP
C6
42
42
42
42
42
42
66
3B
ENDCHAR
STARTCHAR 057E
ENCODING 1406
SWIDTH 625 0
DWIDTH 10 0
BBX 9 17 1 -4
BITMAP
0600
0200
0200
0200
C200
4200
4200
4200
4200
4200
4200
6600
3A00
0200
0200
0200
0380
ENDCHAR
STARTCHAR 057F
ENCODING 1407
SWIDTH 562 0
DWIDTH 9 0
BBX 9 9 0 0
BITMAP
CF00
4B00
4900
4900
4900
4900
4900
5900
6980
ENDCHAR
STARTCHAR 0580
ENCODING 1408
SWIDTH 625 0
DWIDTH 10 0
BBX 8 13 1 -4
BITMAP
DC
66
42
42
42
42
42
42
47
40
40
40
F0
ENDCHAR
STARTCHAR 0581
ENCODING 1409
SWIDTH 625 0
DWIDTH 10 0
BBX 7 13 2 -4
BITMAP
76
CC
84
84
84
84
84
CC
74
04
04
0C
78
ENDCHAR
STARTCHAR 0582
ENCODING 1410
SWIDTH 625 0
DWIDTH 10 0
BBX 7 9 1 0
BITMAP
C0
40
40
40
40
40
40
40
FE
ENDCHAR
STARTCHAR 0583
ENCODING 1411
SWIDTH 562 0
DWIDTH 9 0
BBX 9 17 0 -4
BITMAP
1800
0800
0800
0800
CF00
4B00
4900
4900
4900
4900
4900
5900
6980
0800
0800
0800
3C00
ENDCHAR
STARTCHAR 0584
ENCODING 1412
SWIDTH 625 0
DWIDTH 10 0
BBX 8 13 1 -4
BITMAP
DE
67
43
41
41
41
62
5C
FF
40
40
40
F0
ENDCHAR
STARTCHAR 0585
ENCODING 1413
SWIDTH 562 0
DWIDTH 9 0
BBX 6 9 2 0
BITMAP
78
CC
84
84
84
84
84
CC
78
ENDCHAR
STARTCHAR 0586
ENCODING 1414
SWIDTH 562 0
DWIDTH 9 0
BBX 7 17 1 -4
BITMAP
70
D0
90
90
90
D0
7C
16
12
12
92
D6
7C
10
10
10
78
ENDCHAR
STARTCHAR 0587
ENCODING 1415
SWIDTH 562 0
DWIDTH 9 0
BBX 7 13 1 0
BITMAP
C0
40
40
40
58
48
48
48
48
48
48
58
6E
ENDCHAR
STARTCHAR 0588
ENCODING 1416
SWIDTH 562 0
DWIDTH 9 0
BBX 6 13 1 -4
BITMAP
30
10
10
10
7C
10
10
10
10
10
10
30
E0
ENDCHAR
STARTCHAR 0589
ENCODING 1417
SWIDTH 625 0
DWIDTH 10 0
BBX 3 9 4 0
BITMAP
E0
E0
C0
00
00
00
C0
E0
E0
ENDCHAR
STARTCHAR 058A
ENCODING 1418
SWIDTH 687 0
DWIDTH 11 0
BBX 7 1 2 5
BITMAP
FE
ENDCHAR
STARTCHAR 058D
ENCODING 1421
SWIDTH 625 0
DWIDTH 10 0
BBX 6 7 2 2
BITMAP
7C
FC
B4
FC
FC
6C
30
ENDCHAR
STARTCHAR 058E
ENCODING 1422
SWIDTH 625 0
DWIDTH 10 0
BBX 6 7 2 2
BITMAP
7C
EC
BC
FC
BC
7C
30
ENDCHAR
STARTCHAR 058F
ENCODING 1423
SWIDTH 625 0
DWIDTH 10 0
BBX 7 13 2 0
BITMAP
78
CC
84
04
04
1E
04
04
1E
04
04
04
0E
ENDCHAR
STARTCHAR 0E3F
ENCODING 3647
SWIDTH 625 0
DWIDTH 10 0
BBX 7 15 1 -2
BITMAP
10
F8
54
52
52
56
7C
5C
52
52
52
56
FC
10
10
ENDCHAR
STARTCHAR 10FB
ENCODING 4347
SWIDTH 625 0
DWIDTH 10 0
BBX 7 8 1 0
BITMAP
E0
40
00
06
06
00
E0
E0
ENDCHAR
STARTCHAR 1AB0
ENCODING 6832
SWIDTH 0 0
DWIDTH 0 0
BBX 8 3 -9 10
BITMAP
76
DD
89
ENDCHAR
STARTCHAR 1AB1
ENCODING 6833
SWIDTH 0 0
DWIDTH 0 0
BBX 8 3 -9 10
BITMAP
1C
D7
DF
ENDCHAR
STARTCHAR 1AB2
ENCODING 6834
SWIDTH 0 0
DWIDTH 0 0
BBX 6 3 -8 10
BITMAP
78
94
FC
ENDCHAR
STARTCHAR 1AB3
ENCODING 6835
SWIDTH 0 0
DWIDTH 0 0
BBX 3 3 -6 10
BITMAP
40
E0
40
ENDCHAR
STARTCHAR 1AB4
ENCODING 6836
SWIDTH 0 0
DWIDTH 0 0
BBX 6 5 -8 10
BITMAP
30
30
00
CC
CC
ENDCHAR
STARTCHAR 1AB5
ENCODING 6837
SWIDTH 0 0
DWIDTH 0 0
BBX 8 3 -9 -4
BITMAP
D9
66
DD
ENDCHAR
STARTCHAR 1AB7
ENCODING 6839
SWIDTH 0 0
DWIDTH 0 0
BBX 1 3 -6 -4
BITMAP
80
80
80
ENDCHAR
STARTCHAR 1AB8
ENCODING 6840
SWIDTH 0 0
DWIDTH 0 0
BBX 5 3 -7 -4
BITMAP
88
88
88
ENDCHAR
STARTCHAR 1ABB
ENCODING 6843
SWIDTH 0 0
DWIDTH 0 0
BBX 6 3 -7 10
BITMAP
84
84
84
ENDCHAR
STARTCHAR 1ABC
ENCODING 6844
SWIDTH 0 0
DWIDTH 0 0
BBX 9 3 -9 10
BITMAP
C280
C280
C280
ENDCHAR
STARTCHAR 1ABD
ENCODING 6845
SWIDTH 0 0
DWIDTH 0 0
BBX 6 3 -7 -4
BITMAP
8C
84
84
ENDCHAR
STARTCHAR 1ABF
ENCODING 6847
SWIDTH 0 0
DWIDTH 0 0
BBX 3 4 -6 -5
BITMAP
A0
E0
E0
20
ENDCHAR
STARTCHAR 1AC0
ENCODING 6848
SWIDTH 0 0
DWIDTH 0 0
BBX 3 4 -6 -5
BITMAP
20
E0
E0
A0
ENDCHAR
STARTCHAR 1AC1
ENCODING 6849
SWIDTH 0 0
DWIDTH 0 0
BBX 1 2 -8 9
BITMAP
80
80
ENDCHAR
STARTCHAR 1AC2
ENCODING 6850
SWIDTH 0 0
DWIDTH 0 0
BBX 1 3 -3 9
BITMAP
80
80
80
ENDCHAR
STARTCHAR 1AC3
ENCODING 6851
SWIDTH 0 0
DWIDTH 0 0
BBX 1 3 -8 -4
BITMAP
80
80
80
ENDCHAR
STARTCHAR 1AC4
ENCODING 6852
SWIDTH 0 0
DWIDTH 0 0
BBX 1 3 -3 -4
BITMAP
80
80
80
ENDCHAR
STARTCHAR 1AC5
ENCODING 6853
SWIDTH 0 0
DWIDTH 0 0
BBX 7 3 -8 9
BITMAP
C6
82
C6
ENDCHAR
STARTCHAR 1AC6
ENCODING 6854
SWIDTH 0 0
DWIDTH 0 0
BBX 3 4 -6 10
BITMAP
A0
E0
E0
C0
ENDCHAR
STARTCHAR 1AC7
ENCODING 6855
SWIDTH 0 0
DWIDTH 0 0
BBX 4 4 -7 9
BITMAP
10
B0
B0
50
ENDCHAR
STARTCHAR 1AC8
ENCODING 6856
SWIDTH 0 0
DWIDTH 0 0
BBX 4 2 -7 10
BITMAP
20
F0
ENDCHAR
STARTCHAR 1AC9
ENCODING 6857
SWIDTH 0 0
DWIDTH 0 0
BBX 8 2 -9 10
BITMAP
22
FF
ENDCHAR
STARTCHAR 1ACA
ENCODING 6858
SWIDTH 0 0
DWIDTH 0 0
BBX 7 2 -8 -3
BITMAP
44
FE
ENDCHAR
STARTCHAR 1ACB
ENCODING 6859
SWIDTH 0 0
DWIDTH 0 0
BBX 8 3 -8 9
BITMAP
2B
56
84
ENDCHAR
STARTCHAR 1ACC
ENCODING 6860
SWIDTH 0 0
DWIDTH 0 0
BBX 3 5 -6 9
BITMAP
E0
40
C0
A0
40
ENDCHAR
STARTCHAR 1ACD
ENCODING 6861
SWIDTH 0 0
DWIDTH 0 0
BBX 3 5 -6 9
BITMAP
E0
A0
A0
80
80
ENDCHAR
STARTCHAR 1ACE
ENCODING 6862
SWIDTH 0 0
DWIDTH 0 0
BBX 3 4 -6 9
BITMAP
E0
80
A0
40
ENDCHAR
STARTCHAR 1ACF
ENCODING 6863
SWIDTH 0 0
DWIDTH 0 0
BBX 8 2 -9 10
BITMAP
99
77
ENDCHAR
STARTCHAR 1AD9
ENCODING 6873
SWIDTH 0 0
DWIDTH 0 0
BBX 3 6 -6 9
BITMAP
C0
E0
C0
A0
C0
80
ENDCHAR
STARTCHAR 1ADA
ENCODING 6874
SWIDTH 0 0
DWIDTH 0 0
BBX 3 6 -6 9
BITMAP
80
80
C0
A0
C0
80
ENDCHAR
STARTCHAR 1ADB
ENCODING 6875
SWIDTH 0 0
DWIDTH 0 0
BBX 4 2 -7 10
BITMAP
F0
20
ENDCHAR
STARTCHAR 1ADC
ENCODING 6876
SWIDTH 0 0
DWIDTH 0 0
BBX 5 4 -7 11
BITMAP
C0
00
10
18
ENDCHAR
STARTCHAR 1ADD
ENCODING 6877
SWIDTH 0 0
DWIDTH 0 0
BBX 6 3 -8 -4
BITMAP
1C
D4
1C
ENDCHAR
STARTCHAR 1AE0
ENCODING 6880
SWIDTH 0 0
DWIDTH 0 0
BBX 4 2 -7 10
BITMAP
10
F0
ENDCHAR
STARTCHAR 1AE1
ENCODING 6881
SWIDTH 0 0
DWIDTH 0 0
BBX 4 2 -7 10
BITMAP
80
F0
ENDCHAR
STARTCHAR 1AE2
ENCODING 6882
SWIDTH 0 0
DWIDTH 0 0
BBX 4 1 -7 10
BITMAP
F0
ENDCHAR
STARTCHAR 1AE3
ENCODING 6883
SWIDTH 0 0
DWIDTH 0 0
BBX 5 2 -7 10
BITMAP
88
F8
ENDCHAR
STARTCHAR 1AE4
ENCODING 6884
SWIDTH 0 0
DWIDTH 0 0
BBX 5 3 -7 9
BITMAP
F8
88
F8
ENDCHAR
STARTCHAR 1AE5
ENCODING 6885
SWIDTH 0 0
DWIDTH 0 0
BBX 5 2 -8 10
BITMAP
D8
A8
ENDCHAR
STARTCHAR 1AE6
ENCODING 6886
SWIDTH 0 0
DWIDTH 0 0
BBX 4 4 -7 -5
BITMAP
70
B0
B0
10
ENDCHAR
STARTCHAR 1AE7
ENCODING 6887
SWIDTH 0 0
DWIDTH 0 0
BBX 4 3 -7 9
BITMAP
70
B0
90
ENDCHAR
STARTCHAR 1AE8
ENCODING 6888
SWIDTH 0 0
DWIDTH 0 0
BBX 4 3 -7 9
BITMAP
F0
00
F0
ENDCHAR
STARTCHAR 1AE9
ENCODING 6889
SWIDTH 0 0
DWIDTH 0 0
BBX 4 2 -7 10
BITMAP
F0
10
ENDCHAR
STARTCHAR 1AEA
ENCODING 6890
SWIDTH 0 0
DWIDTH 0 0
BBX 3 3 -6 9
BITMAP
40
E0
40
ENDCHAR
STARTCHAR 1AEB
ENCODING 6891
SWIDTH 0 0
DWIDTH 0 0
BBX 15 3 -7 13
BITMAP
0008
FFFE
0008
ENDCHAR
STARTCHAR 1C80
ENCODING 7296
SWIDTH 625 0
DWIDTH 10 0
BBX 6 9 2 0
BITMAP
78
DC
94
9C
80
9C
94
DC
78
ENDCHAR
STARTCHAR 1C81
ENCODING 7297
SWIDTH 625 0
DWIDTH 10 0
BBX 8 13 1 -4
BITMAP
7F
22
22
22
22
22
22
62
FF
81
81
81
81
ENDCHAR
STARTCHAR 1C82
ENCODING 7298
SWIDTH 562 0
DWIDTH 9 0
BBX 5 9 2 0
BITMAP
70
D8
88
88
88
88
88
D8
70
ENDCHAR
STARTCHAR 1C83
ENCODING 7299
SWIDTH 562 0
DWIDTH 9 0
BBX 7 11 1 -2
BITMAP
7A
C6
82
80
80
80
80
80
82
C6
7C
ENDCHAR
STARTCHAR 1C84
ENCODING 7300
SWIDTH 625 0
DWIDTH 10 0
BBX 7 13 2 0
BITMAP
FE
84
84
04
04
04
04
04
04
04
04
04
1E
ENDCHAR
STARTCHAR 1C85
ENCODING 7301
SWIDTH 687 0
DWIDTH 11 0
BBX 9 9 1 0
BITMAP
FF80
4900
4900
4900
4900
4900
4900
4900
C980
ENDCHAR
STARTCHAR 1C86
ENCODING 7302
SWIDTH 625 0
DWIDTH 10 0
BBX 8 13 1 0
BITMAP
F8
90
90
10
10
10
10
10
1E
13
11
13
3E
ENDCHAR
STARTCHAR 1C87
ENCODING 7303
SWIDTH 625 0
DWIDTH 10 0
BBX 8 16 1 0
BITMAP
30
10
10
FE
92
92
10
10
10
10
10
1E
13
11
13
3E
ENDCHAR
STARTCHAR 1C88
ENCODING 7304
SWIDTH 625 0
DWIDTH 10 0
BBX 8 13 1 0
BITMAP
E1
63
22
36
14
1C
36
22
22
22
22
36
1C
ENDCHAR
STARTCHAR 1C89
ENCODING 7305
SWIDTH 625 0
DWIDTH 10 0
BBX 8 13 1 0
BITMAP
FE
92
92
10
10
10
1E
13
11
11
11
13
3E
ENDCHAR
STARTCHAR 1C8A
ENCODING 7306
SWIDTH 625 0
DWIDTH 10 0
BBX 8 9 1 0
BITMAP
FE
92
10
10
1E
11
11
11
3E
ENDCHAR
STARTCHAR 1D00
ENCODING 7424
SWIDTH 625 0
DWIDTH 10 0
BBX 8 9 1 0
BITMAP
18
18
3C
24
24
3C
66
42
E7
ENDCHAR
STARTCHAR 1D01
ENCODING 7425
SWIDTH 625 0
DWIDTH 10 0
BBX 8 9 1 0
BITMAP
3F
1D
15
14
37
3C
24
45
E7
ENDCHAR
STARTCHAR 1D02
ENCODING 7426
SWIDTH 562 0
DWIDTH 9 0
BBX 7 9 1 0
BITMAP
6C
B6
92
12
FC
90
92
B6
EC
ENDCHAR
STARTCHAR 1D03
ENCODING 7427
SWIDTH 687 0
DWIDTH 11 0
BBX 9 9 1 0
BITMAP
FC00
4600
4300
4600
FF80
4300
4300
4300
FE00
ENDCHAR
STARTCHAR 1D04
ENCODING 7428
SWIDTH 625 0
DWIDTH 10 0
BBX 6 9 2 0
BITMAP
74
CC
84
80
80
80
84
CC
78
ENDCHAR
STARTCHAR 1D05
ENCODING 7429
SWIDTH 562 0
DWIDTH 9 0
BBX 7 9 1 0
BITMAP
F8
4C
46
42
42
42
46
4C
F8
ENDCHAR
STARTCHAR 1D06
ENCODING 7430
SWIDTH 625 0
DWIDTH 10 0
BBX 8 9 1 0
BITMAP
FC
46
43
41
F1
41
43
46
FC
ENDCHAR
STARTCHAR 1D07
ENCODING 7431
SWIDTH 625 0
DWIDTH 10 0
BBX 7 9 1 0
BITMAP
FE
42
40
40
7C
40
40
42
FE
ENDCHAR
STARTCHAR 1D08
ENCODING 7432
SWIDTH 625 0
DWIDTH 10 0
BBX 7 9 2 0
BITMAP
7C
C6
02
06
3C
04
04
C4
BC
ENDCHAR
STARTCHAR 1D09
ENCODING 7433
SWIDTH 625 0
DWIDTH 10 0
BBX 6 13 2 -4
BITMAP
FC
10
10
10
10
10
10
10
1C
00
00
30
30
ENDCHAR
STARTCHAR 1D0A
ENCODING 7434
SWIDTH 625 0
DWIDTH 10 0
BBX 6 9 2 0
BITMAP
3C
04
04
04
04
04
84
CC
78
ENDCHAR
STARTCHAR 1D0B
ENCODING 7435
SWIDTH 625 0
DWIDTH 10 0
BBX 7 9 2 0
BITMAP
8E
88
98
B0
E0
B0
98
88
8C
ENDCHAR
STARTCHAR 1D0C
ENCODING 7436
SWIDTH 562 0
DWIDTH 9 0
BBX 8 9 0 0
BITMAP
78
20
20
2C
30
E0
20
21
7F
ENDCHAR
STARTCHAR 1D0D
ENCODING 7437
SWIDTH 687 0
DWIDTH 11 0
BBX 9 9 1 0
BITMAP
E380
6300
7500
5500
5500
4900
4100
4100
E380
ENDCHAR
STARTCHAR 1D0E
ENCODING 7438
SWIDTH 625 0
DWIDTH 10 0
BBX 8 9 1 0
BITMAP
E7
46
4A
4A
52
52
72
62
67
ENDCHAR
STARTCHAR 1D0F
ENCODING 7439
SWIDTH 562 0
DWIDTH 9 0
BBX 6 9 2 0
BITMAP
78
CC
84
84
84
84
84
CC
78
ENDCHAR
STARTCHAR 1D10
ENCODING 7440
SWIDTH 562 0
DWIDTH 9 0
BBX 6 9 2 0
BITMAP
78
CC
84
04
04
04
84
CC
B8
ENDCHAR
STARTCHAR 1D11
ENCODING 7441
SWIDTH 625 0
DWIDTH 10 0
BBX 8 7 1 1
BITMAP
7E
C3
81
81
81
C3
7E
ENDCHAR
STARTCHAR 1D12
ENCODING 7442
SWIDTH 625 0
DWIDTH 10 0
BBX 8 7 1 1
BITMAP
7E
C3
83
81
81
C2
43
ENDCHAR
STARTCHAR 1D13
ENCODING 7443
SWIDTH 625 0
DWIDTH 10 0
BBX 11 7 0 1
BITMAP
3F00
E180
7080
4EC0
4380
61E0
3F00
ENDCHAR
STARTCHAR 1D14
ENCODING 7444
SWIDTH 562 0
DWIDTH 9 0
BBX 7 9 1 0
BITMAP
6C
B6
92
12
F2
92
92
B6
EC
ENDCHAR
STARTCHAR 1D15
ENCODING 7445
SWIDTH 562 0
DWIDTH 9 0
BBX 7 9 1 0
BITMAP
6C
C4
C6
C4
7C
C4
C2
C4
78
ENDCHAR
STARTCHAR 1D16
ENCODING 7446
SWIDTH 562 0
DWIDTH 9 0
BBX 6 5 2 4
BITMAP
78
CC
84
84
84
ENDCHAR
STARTCHAR 1D17
ENCODING 7447
SWIDTH 562 0
DWIDTH 9 0
BBX 6 5 2 0
BITMAP
84
84
84
CC
78
ENDCHAR
STARTCHAR 1D18
ENCODING 7448
SWIDTH 562 0
DWIDTH 9 0
BBX 7 9 1 0
BITMAP
FC
46
42
46
7C
40
40
40
F0
ENDCHAR
STARTCHAR 1D19
ENCODING 7449
SWIDTH 625 0
DWIDTH 10 0
BBX 8 9 1 0
BITMAP
3F
62
42
42
7E
12
32
22
E7
ENDCHAR
STARTCHAR 1D1A
ENCODING 7450
SWIDTH 625 0
DWIDTH 10 0
BBX 8 9 1 0
BITMAP
E7
22
32
12
3E
62
42
62
3F
ENDCHAR
STARTCHAR 1D1B
ENCODING 7451
SWIDTH 625 0
DWIDTH 10 0
BBX 7 9 2 0
BITMAP
FE
92
10
10
10
10
10
10
78
ENDCHAR
STARTCHAR 1D1C
ENCODING 7452
SWIDTH 625 0
DWIDTH 10 0
BBX 8 9 1 0
BITMAP
E7
42
42
42
42
42
42
66
3C
ENDCHAR
STARTCHAR 1D1D
ENCODING 7453
SWIDTH 625 0
DWIDTH 10 0
BBX 8 9 1 0
BITMAP
01
FF
86
01
01
01
03
FE
80
ENDCHAR
STARTCHAR 1D1E
ENCODING 7454
SWIDTH 625 0
DWIDTH 10 0
BBX 9 9 0 0
BITMAP
0080
3F80
E300
8180
0080
8080
C180
3F00
2000
ENDCHAR
STARTCHAR 1D1F
ENCODING 7455
SWIDTH 625 0
DWIDTH 10 0
BBX 8 9 1 0
BITMAP
01
FF
01
01
FF
01
01
FF
80
ENDCHAR
STARTCHAR 1D20
ENCODING 7456
SWIDTH 687 0
DWIDTH 11 0
BBX 9 9 1 0
BITMAP
E380
6300
6300
2200
3600
3600
1400
1C00
1C00
ENDCHAR
STARTCHAR 1D21
ENCODING 7457
SWIDTH 687 0
DWIDTH 11 0
BBX 9 9 1 0
BITMAP
E380
4100
4900
4900
5500
7700
3600
3600
2200
ENDCHAR
STARTCHAR 1D22
ENCODING 7458
SWIDTH 625 0
DWIDTH 10 0
BBX 6 9 2 0
BITMAP
FC
8C
08
10
30
60
40
C4
FC
ENDCHAR
STARTCHAR 1D23
ENCODING 7459
SWIDTH 625 0
DWIDTH 10 0
BBX 7 9 2 0
BITMAP
FC
8C
10
20
7C
06
06
C4
7C
ENDCHAR
STARTCHAR 1D24
ENCODING 7460
SWIDTH 625 0
DWIDTH 10 0
BBX 6 13 2 0
BITMAP
78
CC
C4
04
0C
18
30
C0
80
80
84
CC
78
ENDCHAR
STARTCHAR 1D25
ENCODING 7461
SWIDTH 625 0
DWIDTH 10 0
BBX 7 9 2 0
BITMAP
30
78
78
78
78
30
30
BA
CE
ENDCHAR
STARTCHAR 1D26
ENCODING 7462
SWIDTH 562 0
DWIDTH 9 0
BBX 7 9 1 0
BITMAP
FE
42
40
40
40
40
40
40
F0
ENDCHAR
STARTCHAR 1D27
ENCODING 7463
SWIDTH 625 0
DWIDTH 10 0
BBX 8 9 1 0
BITMAP
18
18
3C
34
24
24
66
42
E7
ENDCHAR
STARTCHAR 1D28
ENCODING 7464
SWIDTH 625 0
DWIDTH 10 0
BBX 8 9 1 0
BITMAP
FF
42
42
42
42
42
42
42
E7
ENDCHAR
STARTCHAR 1D29
ENCODING 7465
SWIDTH 562 0
DWIDTH 9 0
BBX 7 9 1 0
BITMAP
FC
46
42
46
7C
40
40
40
F0
ENDCHAR
STARTCHAR 1D2A
ENCODING 7466
SWIDTH 562 0
DWIDTH 9 0
BBX 9 9 0 0
BITMAP
C980
4900
4900
4900
6B00
3E00
0800
0800
3C00
ENDCHAR
STARTCHAR 1D2B
ENCODING 7467
SWIDTH 625 0
DWIDTH 10 0
BBX 9 9 0 0
BITMAP
7F80
2100
2100
2100
2100
2100
2100
6100
C380
ENDCHAR
STARTCHAR 1D2C
ENCODING 7468
SWIDTH 625 0
DWIDTH 10 0
BBX 6 8 2 5
BITMAP
30
30
30
48
78
48
48
CC
ENDCHAR
STARTCHAR 1D2D
ENCODING 7469
SWIDTH 625 0
DWIDTH 10 0
BBX 6 8 2 5
BITMAP
7C
34
30
5C
50
70
54
DC
ENDCHAR
STARTCHAR 1D2E
ENCODING 7470
SWIDTH 562 0
DWIDTH 9 0
BBX 6 8 1 5
BITMAP
F8
4C
44
78
4C
44
44
F8
ENDCHAR
STARTCHAR 1D2F
ENCODING 7471
SWIDTH 625 0
DWIDTH 10 0
BBX 6 8 2 5
BITMAP
F8
4C
44
FC
4C
44
4C
F8
ENDCHAR
STARTCHAR 1D30
ENCODING 7472
SWIDTH 562 0
DWIDTH 9 0
BBX 6 8 1 5
BITMAP
F8
44
44
44
44
44
44
F8
ENDCHAR
STARTCHAR 1D31
ENCODING 7473
SWIDTH 562 0
DWIDTH 9 0
BBX 6 8 1 5
BITMAP
FC
44
40
78
40
40
44
FC
ENDCHAR
STARTCHAR 1D32
ENCODING 7474
SWIDTH 562 0
DWIDTH 9 0
BBX 6 8 2 5
BITMAP
FC
88
08
78
08
08
88
FC
ENDCHAR
STARTCHAR 1D33
ENCODING 7475
SWIDTH 625 0
DWIDTH 10 0
BBX 6 8 2 5
BITMAP
7C
84
80
9C
84
84
84
7C
ENDCHAR
STARTCHAR 1D34
ENCODING 7476
SWIDTH 625 0
DWIDTH 10 0
BBX 6 8 2 5
BITMAP
CC
44
44
7C
44
44
44
CC
ENDCHAR
STARTCHAR 1D35
ENCODING 7477
SWIDTH 687 0
DWIDTH 11 0
BBX 5 8 3 5
BITMAP
F8
20
20
20
20
20
20
F8
ENDCHAR
STARTCHAR 1D36
ENCODING 7478
SWIDTH 625 0
DWIDTH 10 0
BBX 5 8 2 5
BITMAP
38
08
08
08
08
08
88
70
ENDCHAR
STARTCHAR 1D37
ENCODING 7479
SWIDTH 625 0
DWIDTH 10 0
BBX 5 8 3 5
BITMAP
98
90
A0
E0
A0
B0
90
98
ENDCHAR
STARTCHAR 1D38
ENCODING 7480
SWIDTH 625 0
DWIDTH 10 0
BBX 6 8 2 5
BITMAP
E0
40
40
40
40
40
44
FC
ENDCHAR
STARTCHAR 1D39
ENCODING 7481
SWIDTH 562 0
DWIDTH 9 0
BBX 6 8 1 5
BITMAP
CC
6C
6C
74
54
54
44
CC
ENDCHAR
STARTCHAR 1D3A
ENCODING 7482
SWIDTH 625 0
DWIDTH 10 0
BBX 6 8 2 5
BITMAP
CC
64
64
54
54
54
4C
CC
ENDCHAR
STARTCHAR 1D3B
ENCODING 7483
SWIDTH 625 0
DWIDTH 10 0
BBX 6 8 2 5
BITMAP
CC
4C
54
54
54
64
64
4C
ENDCHAR
STARTCHAR 1D3C
ENCODING 7484
SWIDTH 562 0
DWIDTH 9 0
BBX 5 8 2 5
BITMAP
70
88
88
88
88
88
88
70
ENDCHAR
STARTCHAR 1D3D
ENCODING 7485
SWIDTH 562 0
DWIDTH 9 0
BBX 5 8 2 5
BITMAP
50
88
88
70
98
88
88
70
ENDCHAR
STARTCHAR 1D3E
ENCODING 7486
SWIDTH 625 0
DWIDTH 10 0
BBX 6 8 2 5
BITMAP
F8
44
44
44
78
40
40
E0
ENDCHAR
STARTCHAR 1D3F
ENCODING 7487
SWIDTH 625 0
DWIDTH 10 0
BBX 6 8 2 5
BITMAP
F8
44
44
44
78
58
48
CC
ENDCHAR
STARTCHAR 1D40
ENCODING 7488
SWIDTH 562 0
DWIDTH 9 0
BBX 5 8 2 5
BITMAP
F8
A8
20
20
20
20
20
70
ENDCHAR
STARTCHAR 1D41
ENCODING 7489
SWIDTH 625 0
DWIDTH 10 0
BBX 6 8 2 5
BITMAP
CC
44
44
44
44
44
44
38
ENDCHAR
STARTCHAR 1D42
ENCODING 7490
SWIDTH 625 0
DWIDTH 10 0
BBX 6 8 2 5
BITMAP
CC
84
78
78
78
78
78
48
ENDCHAR
STARTCHAR 1D43
ENCODING 7491
SWIDTH 562 0
DWIDTH 9 0
BBX 5 6 2 5
BITMAP
F0
88
78
88
98
E8
ENDCHAR
STARTCHAR 1D44
ENCODING 7492
SWIDTH 562 0
DWIDTH 9 0
BBX 5 6 2 5
BITMAP
F8
88
88
F8
80
78
ENDCHAR
STARTCHAR 1D45
ENCODING 7493
SWIDTH 562 0
DWIDTH 9 0
BBX 5 6 2 5
BITMAP
68
98
88
88
88
78
ENDCHAR
STARTCHAR 1D46
ENCODING 7494
SWIDTH 625 0
DWIDTH 10 0
BBX 6 6 2 5
BITMAP
7C
D4
FC
D0
D4
7C
ENDCHAR
STARTCHAR 1D47
ENCODING 7495
SWIDTH 625 0
DWIDTH 10 0
BBX 6 8 2 5
BITMAP
C0
40
78
44
44
44
44
F8
ENDCHAR
STARTCHAR 1D48
ENCODING 7496
SWIDTH 562 0
DWIDTH 9 0
BBX 5 8 2 5
BITMAP
18
08
68
98
88
88
88
78
ENDCHAR
STARTCHAR 1D49
ENCODING 7497
SWIDTH 625 0
DWIDTH 10 0
BBX 6 6 2 5
BITMAP
78
88
FC
80
C8
78
ENDCHAR
STARTCHAR 1D4A
ENCODING 7498
SWIDTH 625 0
DWIDTH 10 0
BBX 6 6 2 5
BITMAP
F8
08
FC
8C
C8
78
ENDCHAR
STARTCHAR 1D4B
ENCODING 7499
SWIDTH 625 0
DWIDTH 10 0
BBX 6 6 2 5
BITMAP
7C
80
70
80
8C
78
ENDCHAR
STARTCHAR 1D4C
ENCODING 7500
SWIDTH 625 0
DWIDTH 10 0
BBX 5 6 2 5
BITMAP
78
88
08
38
08
F8
ENDCHAR
STARTCHAR 1D4D
ENCODING 7501
SWIDTH 562 0
DWIDTH 9 0
BBX 5 8 2 3
BITMAP
68
98
88
88
88
78
08
F0
ENDCHAR
STARTCHAR 1D4E
ENCODING 7502
SWIDTH 687 0
DWIDTH 11 0
BBX 5 9 3 2
BITMAP
F8
20
20
20
20
38
00
60
40
ENDCHAR
STARTCHAR 1D4F
ENCODING 7503
SWIDTH 625 0
DWIDTH 10 0
BBX 6 8 2 5
BITMAP
C0
40
4C
50
60
70
58
CC
ENDCHAR
STARTCHAR 1D50
ENCODING 7504
SWIDTH 562 0
DWIDTH 9 0
BBX 6 6 1 5
BITMAP
FC
54
54
54
54
D4
ENDCHAR
STARTCHAR 1D51
ENCODING 7505
SWIDTH 625 0
DWIDTH 10 0
BBX 6 8 2 3
BITMAP
F8
44
44
44
44
C4
04
18
ENDCHAR
STARTCHAR 1D52
ENCODING 7506
SWIDTH 562 0
DWIDTH 9 0
BBX 5 6 2 5
BITMAP
70
88
88
88
88
70
ENDCHAR
STARTCHAR 1D53
ENCODING 7507
SWIDTH 562 0
DWIDTH 9 0
BBX 5 6 2 5
BITMAP
70
88
08
08
88
F0
ENDCHAR
STARTCHAR 1D54
ENCODING 7508
SWIDTH 562 0
DWIDTH 9 0
BBX 5 3 2 8
BITMAP
70
88
88
ENDCHAR
STARTCHAR 1D55
ENCODING 7509
SWIDTH 562 0
DWIDTH 9 0
BBX 5 3 2 5
BITMAP
88
88
70
ENDCHAR
STARTCHAR 1D56
ENCODING 7510
SWIDTH 625 0
DWIDTH 10 0
BBX 6 8 2 3
BITMAP
F8
44
44
44
44
78
40
C0
ENDCHAR
STARTCHAR 1D57
ENCODING 7511
SWIDTH 625 0
DWIDTH 10 0
BBX 6 8 2 5
BITMAP
40
40
F8
40
40
40
4C
38
ENDCHAR
STARTCHAR 1D58
ENCODING 7512
SWIDTH 562 0
DWIDTH 9 0
BBX 6 6 1 5
BITMAP
CC
44
44
44
44
3C
ENDCHAR
STARTCHAR 1D59
ENCODING 7513
SWIDTH 625 0
DWIDTH 10 0
BBX 6 6 2 5
BITMAP
FC
88
04
04
F8
80
ENDCHAR
STARTCHAR 1D5A
ENCODING 7514
SWIDTH 562 0
DWIDTH 9 0
BBX 6 6 1 5
BITMAP
D4
54
54
54
54
7C
ENDCHAR
STARTCHAR 1D5B
ENCODING 7515
SWIDTH 625 0
DWIDTH 10 0
BBX 6 6 2 5
BITMAP
CC
48
48
38
30
30
ENDCHAR
STARTCHAR 1D5C
ENCODING 7516
SWIDTH 562 0
DWIDTH 9 0
BBX 5 6 2 5
BITMAP
70
70
70
70
20
D8
ENDCHAR
STARTCHAR 1D5D
ENCODING 7517
SWIDTH 562 0
DWIDTH 9 0
BBX 5 10 2 3
BITMAP
70
88
88
B0
98
88
88
F0
80
80
ENDCHAR
STARTCHAR 1D5E
ENCODING 7518
SWIDTH 562 0
DWIDTH 9 0
BBX 5 8 2 3
BITMAP
88
C8
58
70
30
20
20
20
ENDCHAR
STARTCHAR 1D5F
ENCODING 7519
SWIDTH 562 0
DWIDTH 9 0
BBX 5 8 2 5
BITMAP
70
80
80
70
88
88
88
70
ENDCHAR
STARTCHAR 1D60
ENCODING 7520
SWIDTH 562 0
DWIDTH 9 0
BBX 5 8 2 3
BITMAP
B0
A8
A8
A8
B8
70
20
20
ENDCHAR
STARTCHAR 1D61
ENCODING 7521
SWIDTH 625 0
DWIDTH 10 0
BBX 6 8 2 3
BITMAP
C8
48
30
30
30
30
48
4C
ENDCHAR
STARTCHAR 1D62
ENCODING 7522
SWIDTH 562 0
DWIDTH 9 0
BBX 5 9 2 -2
BITMAP
30
30
00
E0
20
20
20
20
F8
ENDCHAR
STARTCHAR 1D63
ENCODING 7523
SWIDTH 562 0
DWIDTH 9 0
BBX 5 6 2 -2
BITMAP
F8
48
40
40
40
E0
ENDCHAR
STARTCHAR 1D64
ENCODING 7524
SWIDTH 562 0
DWIDTH 9 0
BBX 7 6 1 -2
BITMAP
CC
44
44
44
44
3E
ENDCHAR
STARTCHAR 1D65
ENCODING 7525
SWIDTH 625 0
DWIDTH 10 0
BBX 6 6 2 -2
BITMAP
CC
48
58
50
30
30
ENDCHAR
STARTCHAR 1D66
ENCODING 7526
SWIDTH 562 0
DWIDTH 9 0
BBX 5 10 2 -4
BITMAP
70
98
98
B0
98
88
88
F0
80
80
ENDCHAR
STARTCHAR 1D67
ENCODING 7527
SWIDTH 562 0
DWIDTH 9 0
BBX 5 8 2 -4
BITMAP
88
48
58
70
30
20
20
20
ENDCHAR
STARTCHAR 1D68
ENCODING 7528
SWIDTH 562 0
DWIDTH 9 0
BBX 5 8 2 -4
BITMAP
70
88
88
88
88
F0
80
80
ENDCHAR
STARTCHAR 1D69
ENCODING 7529
SWIDTH 562 0
DWIDTH 9 0
BBX 5 8 2 -4
BITMAP
B0
A8
A8
A8
B8
70
20
20
ENDCHAR
STARTCHAR 1D6A
ENCODING 7530
SWIDTH 625 0
DWIDTH 10 0
BBX 6 8 2 -4
BITMAP
C8
58
70
30
30
70
58
CC
ENDCHAR
STARTCHAR 1D6B
ENCODING 7531
SWIDTH 562 0
DWIDTH 9 0
BBX 8 9 0 0
BITMAP
CE
4B
49
49
4F
48
49
5B
76
ENDCHAR
STARTCHAR 1D6C
ENCODING 7532
SWIDTH 562 0
DWIDTH 9 0
BBX 8 13 0 0
BITMAP
60
20
E8
B0
2E
33
21
21
21
21
21
33
6E
ENDCHAR
STARTCHAR 1D6D
ENCODING 7533
SWIDTH 625 0
DWIDTH 10 0
BBX 8 13 2 0
BITMAP
0C
04
0D
17
74
CC
84
84
84
84
84
CC
76
ENDCHAR
STARTCHAR 1D6E
ENCODING 7534
SWIDTH 625 0
DWIDTH 10 0
BBX 7 13 2 0
BITMAP
1C
34
22
20
20
FC
20
20
E8
B8
20
20
FC
ENDCHAR
STARTCHAR 1D6F
ENCODING 7535
SWIDTH 562 0
DWIDTH 9 0
BBX 9 9 0 0
BITMAP
F700
5B00
4900
7980
D980
CF00
4900
4900
C980
ENDCHAR
STARTCHAR 1D70
ENCODING 7536
SWIDTH 625 0
DWIDTH 10 0
BBX 10 9 0 0
BITMAP
6E00
3300
2100
3940
6DC0
A780
2100
2100
7380
ENDCHAR
STARTCHAR 1D71
ENCODING 7537
SWIDTH 625 0
DWIDTH 10 0
BBX 9 13 0 -4
BITMAP
6F00
3180
2080
2080
2080
2080
2080
3180
2F00
2000
7C00
A000
7800
ENDCHAR
STARTCHAR 1D72
ENCODING 7538
SWIDTH 562 0
DWIDTH 9 0
BBX 7 9 1 0
BITMAP
EE
36
20
68
B8
B0
20
20
F8
ENDCHAR
STARTCHAR 1D73
ENCODING 7539
SWIDTH 562 0
DWIDTH 9 0
BBX 5 9 2 0
BITMAP
18
30
20
60
F8
30
20
20
F0
ENDCHAR
STARTCHAR 1D74
ENCODING 7540
SWIDTH 625 0
DWIDTH 10 0
BBX 10 9 0 0
BITMAP
1D00
3300
2100
3000
DEC0
8780
2100
3300
2E00
ENDCHAR
STARTCHAR 1D75
ENCODING 7541
SWIDTH 562 0
DWIDTH 9 0
BBX 7 13 1 0
BITMAP
20
20
20
20
FC
20
20
E8
B0
20
26
34
1C
ENDCHAR
STARTCHAR 1D76
ENCODING 7542
SWIDTH 625 0
DWIDTH 10 0
BBX 7 9 1 0
BITMAP
7E
46
04
3A
5A
FC
20
62
7E
ENDCHAR
STARTCHAR 1D77
ENCODING 7543
SWIDTH 562 0
DWIDTH 9 0
BBX 7 13 1 -4
BITMAP
3C
66
42
40
5C
66
42
42
42
42
42
66
DC
ENDCHAR
STARTCHAR 1D78
ENCODING 7544
SWIDTH 625 0
DWIDTH 10 0
BBX 6 6 2 5
BITMAP
CC
44
7C
44
44
CC
ENDCHAR
STARTCHAR 1D79
ENCODING 7545
SWIDTH 562 0
DWIDTH 9 0
BBX 6 13 2 -4
BITMAP
FC
8C
30
20
20
30
78
CC
84
84
84
CC
78
ENDCHAR
STARTCHAR 1D7A
ENCODING 7546
SWIDTH 625 0
DWIDTH 10 0
BBX 9 13 0 0
BITMAP
2C00
2580
2500
2600
FF00
2500
2D00
2D00
3500
3500
6500
7500
1F80
ENDCHAR
STARTCHAR 1D7B
ENCODING 7547
SWIDTH 625 0
DWIDTH 10 0
BBX 4 9 3 0
BITMAP
F0
20
20
20
F0
20
20
20
F0
ENDCHAR
STARTCHAR 1D7C
ENCODING 7548
SWIDTH 562 0
DWIDTH 9 0
BBX 7 9 1 0
BITMAP
F0
10
10
10
7C
10
10
18
0E
ENDCHAR
STARTCHAR 1D7D
ENCODING 7549
SWIDTH 625 0
DWIDTH 10 0
BBX 9 13 1 -4
BITMAP
DE00
6300
4100
4100
FF80
4100
4100
6300
5E00
4000
4000
4000
F000
ENDCHAR
STARTCHAR 1D7E
ENCODING 7550
SWIDTH 625 0
DWIDTH 10 0
BBX 8 9 1 0
BITMAP
E7
42
42
42
FF
42
42
66
3C
ENDCHAR
STARTCHAR 1D7F
ENCODING 7551
SWIDTH 625 0
DWIDTH 10 0
BBX 9 9 1 0
BITMAP
7700
3600
6200
4300
FF80
4300
4300
6600
3C00
ENDCHAR
STARTCHAR 1D80
ENCODING 7552
SWIDTH 562 0
DWIDTH 9 0
BBX 7 16 1 -3
BITMAP
C0
40
40
40
5C
66
42
42
42
42
42
66
DC
04
0C
18
ENDCHAR
STARTCHAR 1D81
ENCODING 7553
SWIDTH 625 0
DWIDTH 10 0
BBX 7 17 2 -4
BITMAP
0C
04
04
04
74
CC
84
84
84
84
84
CC
76
02
02
06
0C
ENDCHAR
STARTCHAR 1D82
ENCODING 7554
SWIDTH 625 0
DWIDTH 10 0
BBX 7 17 2 -4
BITMAP
1C
34
22
20
20
FC
20
20
20
20
20
20
FC
04
04
0C
18
ENDCHAR
STARTCHAR 1D83
ENCODING 7555
SWIDTH 625 0
DWIDTH 10 0
BBX 7 13 1 -4
BITMAP
6C
D8
88
88
88
88
88
D8
6E
0A
8A
DE
74
ENDCHAR
STARTCHAR 1D84
ENCODING 7556
SWIDTH 625 0
DWIDTH 10 0
BBX 8 17 1 -4
BITMAP
C0
40
40
40
47
4C
48
50
70
78
4C
44
E7
01
01
03
06
ENDCHAR
STARTCHAR 1D85
ENCODING 7557
SWIDTH 625 0
DWIDTH 10 0
BBX 7 17 2 -4
BITMAP
F0
10
10
10
10
10
10
10
10
10
10
10
FE
02
02
06
0C
ENDCHAR
STARTCHAR 1D86
ENCODING 7558
SWIDTH 625 0
DWIDTH 10 0
BBX 9 13 0 -4
BITMAP
F700
5B00
4900
4900
4900
4900
4900
4900
C980
0080
0080
0180
0300
ENDCHAR
STARTCHAR 1D87
ENCODING 7559
SWIDTH 625 0
DWIDTH 10 0
BBX 8 13 1 -4
BITMAP
DC
66
42
42
42
42
42
42
E7
01
01
03
06
ENDCHAR
STARTCHAR 1D88
ENCODING 7560
SWIDTH 625 0
DWIDTH 10 0
BBX 8 13 1 -4
BITMAP
DE
63
41
41
41
41
41
63
5E
42
42
46
FC
ENDCHAR
STARTCHAR 1D89
ENCODING 7561
SWIDTH 562 0
DWIDTH 9 0
BBX 7 13 1 -4
BITMAP
EE
32
20
20
20
20
20
20
F8
08
08
18
30
ENDCHAR
STARTCHAR 1D8A
ENCODING 7562
SWIDTH 625 0
DWIDTH 10 0
BBX 6 12 2 -3
BITMAP
74
CC
84
C0
78
0C
84
CC
F8
08
18
30
ENDCHAR
STARTCHAR 1D8B
ENCODING 7563
SWIDTH 687 0
DWIDTH 11 0
BBX 7 17 2 -4
BITMAP
0E
18
10
10
10
10
10
10
10
10
10
10
1E
12
12
36
EC
ENDCHAR
STARTCHAR 1D8C
ENCODING 7564
SWIDTH 625 0
DWIDTH 10 0
BBX 9 13 1 -4
BITMAP
E380
6300
6200
2200
2600
3400
1400
1C00
1E00
0200
0200
0600
0C00
ENDCHAR
STARTCHAR 1D8D
ENCODING 7565
SWIDTH 625 0
DWIDTH 10 0
BBX 8 13 1 -4
BITMAP
E7
24
3C
18
18
18
3C
24
E7
01
01
03
06
ENDCHAR
STARTCHAR 1D8E
ENCODING 7566
SWIDTH 625 0
DWIDTH 10 0
BBX 6 13 2 -4
BITMAP
FC
8C
08
10
30
60
44
C4
FC
04
04
0C
18
ENDCHAR
STARTCHAR 1D8F
ENCODING 7567
SWIDTH 625 0
DWIDTH 10 0
BBX 10 13 1 -4
BITMAP
3C00
6600
C200
0200
3E00
6200
C200
C600
7B00
0100
0100
0180
00C0
ENDCHAR
STARTCHAR 1D90
ENCODING 7568
SWIDTH 625 0
DWIDTH 10 0
BBX 9 13 2 -4
BITMAP
7600
CC00
8400
8400
8400
8400
8400
CC00
7600
0200
0200
0300
0180
ENDCHAR
STARTCHAR 1D91
ENCODING 7569
SWIDTH 625 0
DWIDTH 10 0
BBX 8 16 2 -3
BITMAP
03
06
04
04
74
CC
84
84
84
84
84
CC
74
04
06
03
ENDCHAR
STARTCHAR 1D92
ENCODING 7570
SWIDTH 625 0
DWIDTH 10 0
BBX 9 12 1 -3
BITMAP
3C00
6600
C200
C200
FE00
C000
C200
6600
3A00
0200
0200
0180
ENDCHAR
STARTCHAR 1D93
ENCODING 7571
SWIDTH 625 0
DWIDTH 10 0
BBX 9 12 1 -3
BITMAP
7A00
6600
4000
4000
3800
4000
8000
C600
7A00
0200
0200
0180
ENDCHAR
STARTCHAR 1D94
ENCODING 7572
SWIDTH 625 0
DWIDTH 10 0
BBX 7 12 2 -3
BITMAP
B8
CC
04
04
38
04
06
C6
BC
80
80
60
ENDCHAR
STARTCHAR 1D95
ENCODING 7573
SWIDTH 562 0
DWIDTH 9 0
BBX 9 13 1 -4
BITMAP
F000
D800
0800
0800
FE00
8A00
8A00
DA00
7200
0200
0200
0300
0180
ENDCHAR
STARTCHAR 1D96
ENCODING 7574
SWIDTH 625 0
DWIDTH 10 0
BBX 9 17 2 -4
BITMAP
3000
3000
0000
0000
F000
1000
1000
1000
1000
1000
1000
1000
FE00
0200
0200
0300
0180
ENDCHAR
STARTCHAR 1D97
ENCODING 7575
SWIDTH 562 0
DWIDTH 9 0
BBX 6 12 2 -3
BITMAP
78
CC
84
04
04
04
84
CC
B8
80
80
60
ENDCHAR
STARTCHAR 1D98
ENCODING 7576
SWIDTH 625 0
DWIDTH 10 0
BBX 6 16 2 -3
BITMAP
1C
30
20
20
20
20
20
20
20
20
60
C0
80
80
80
C0
ENDCHAR
STARTCHAR 1D99
ENCODING 7577
SWIDTH 625 0
DWIDTH 10 0
BBX 10 13 1 -4
BITMAP
C600
4200
4200
4200
4200
4200
4200
6600
3B00
0100
0100
0180
00C0
ENDCHAR
STARTCHAR 1D9A
ENCODING 7578
SWIDTH 625 0
DWIDTH 10 0
BBX 7 12 2 -3
BITMAP
FC
8C
10
20
7C
06
06
C6
BC
80
80
60
ENDCHAR
STARTCHAR 1D9B
ENCODING 7579
SWIDTH 625 0
DWIDTH 10 0
BBX 6 6 2 5
BITMAP
F8
44
44
44
44
F8
ENDCHAR
STARTCHAR 1D9C
ENCODING 7580
SWIDTH 562 0
DWIDTH 9 0
BBX 5 6 2 5
BITMAP
78
88
80
80
88
70
ENDCHAR
STARTCHAR 1D9D
ENCODING 7581
SWIDTH 562 0
DWIDTH 9 0
BBX 6 6 1 5
BITMAP
3C
44
40
78
64
F8
ENDCHAR
STARTCHAR 1D9E
ENCODING 7582
SWIDTH 562 0
DWIDTH 9 0
BBX 5 8 2 5
BITMAP
60
38
D0
68
98
88
88
70
ENDCHAR
STARTCHAR 1D9F
ENCODING 7583
SWIDTH 562 0
DWIDTH 9 0
BBX 5 6 2 5
BITMAP
F8
08
30
08
88
70
ENDCHAR
STARTCHAR 1DA0
ENCODING 7584
SWIDTH 562 0
DWIDTH 9 0
BBX 5 8 2 5
BITMAP
38
28
20
F8
20
20
20
F0
ENDCHAR
STARTCHAR 1DA1
ENCODING 7585
SWIDTH 625 0
DWIDTH 10 0
BBX 6 8 1 3
BITMAP
38
08
1C
08
08
08
C8
70
ENDCHAR
STARTCHAR 1DA2
ENCODING 7586
SWIDTH 562 0
DWIDTH 9 0
BBX 5 8 2 3
BITMAP
68
98
88
88
88
78
08
F0
ENDCHAR
STARTCHAR 1DA3
ENCODING 7587
SWIDTH 625 0
DWIDTH 10 0
BBX 7 8 1 3
BITMAP
CC
44
44
44
44
3C
04
0E
ENDCHAR
STARTCHAR 1DA4
ENCODING 7588
SWIDTH 687 0
DWIDTH 11 0
BBX 5 9 3 5
BITMAP
60
60
00
E0
20
70
20
20
F8
ENDCHAR
STARTCHAR 1DA5
ENCODING 7589
SWIDTH 562 0
DWIDTH 9 0
BBX 5 6 2 5
BITMAP
E0
20
20
20
20
38
ENDCHAR
STARTCHAR 1DA6
ENCODING 7590
SWIDTH 562 0
DWIDTH 9 0
BBX 3 6 3 5
BITMAP
E0
40
40
40
40
E0
ENDCHAR
STARTCHAR 1DA7
ENCODING 7591
SWIDTH 562 0
DWIDTH 9 0
BBX 3 6 3 5
BITMAP
E0
40
E0
40
40
E0
ENDCHAR
STARTCHAR 1DA8
ENCODING 7592
SWIDTH 625 0
DWIDTH 10 0
BBX 5 11 3 3
BITMAP
20
20
00
E0
20
20
20
20
E0
B8
E8
ENDCHAR
STARTCHAR 1DA9
ENCODING 7593
SWIDTH 562 0
DWIDTH 9 0
BBX 4 10 2 3
BITMAP
E0
20
20
20
20
20
20
20
20
30
ENDCHAR
STARTCHAR 1DAA
ENCODING 7594
SWIDTH 562 0
DWIDTH 9 0
BBX 5 10 2 3
BITMAP
E0
20
20
20
20
20
20
F8
08
10
ENDCHAR
STARTCHAR 1DAB
ENCODING 7595
SWIDTH 625 0
DWIDTH 10 0
BBX 6 6 2 5
BITMAP
E0
40
40
40
44
FC
ENDCHAR
STARTCHAR 1DAC
ENCODING 7596
SWIDTH 562 0
DWIDTH 9 0
BBX 6 8 1 3
BITMAP
FC
54
54
54
54
D4
04
08
ENDCHAR
STARTCHAR 1DAD
ENCODING 7597
SWIDTH 562 0
DWIDTH 9 0
BBX 6 8 1 3
BITMAP
D4
54
54
54
54
7C
04
0C
ENDCHAR
STARTCHAR 1DAE
ENCODING 7598
SWIDTH 625 0
DWIDTH 10 0
BBX 7 8 1 3
BITMAP
7C
22
22
22
22
26
20
C0
ENDCHAR
STARTCHAR 1DAF
ENCODING 7599
SWIDTH 625 0
DWIDTH 10 0
BBX 6 8 2 3
BITMAP
F8
44
44
44
44
C4
04
04
ENDCHAR
STARTCHAR 1DB0
ENCODING 7600
SWIDTH 625 0
DWIDTH 10 0
BBX 6 6 2 5
BITMAP
CC
64
54
54
4C
CC
ENDCHAR
STARTCHAR 1DB1
ENCODING 7601
SWIDTH 625 0
DWIDTH 10 0
BBX 6 6 2 5
BITMAP
78
88
FC
8C
C8
78
ENDCHAR
STARTCHAR 1DB2
ENCODING 7602
SWIDTH 625 0
DWIDTH 10 0
BBX 6 10 2 3
BITMAP
70
20
70
AC
A4
A4
AC
70
20
70
ENDCHAR
STARTCHAR 1DB3
ENCODING 7603
SWIDTH 562 0
DWIDTH 9 0
BBX 5 8 2 3
BITMAP
78
88
E0
38
88
F0
80
C0
ENDCHAR
STARTCHAR 1DB4
ENCODING 7604
SWIDTH 562 0
DWIDTH 9 0
BBX 4 10 2 3
BITMAP
30
20
20
20
20
20
20
20
20
C0
ENDCHAR
STARTCHAR 1DB5
ENCODING 7605
SWIDTH 562 0
DWIDTH 9 0
BBX 5 10 2 3
BITMAP
40
40
F8
40
40
40
48
78
08
10
ENDCHAR
STARTCHAR 1DB6
ENCODING 7606
SWIDTH 562 0
DWIDTH 9 0
BBX 6 6 1 5
BITMAP
CC
44
44
FC
44
7C
ENDCHAR
STARTCHAR 1DB7
ENCODING 7607
SWIDTH 562 0
DWIDTH 9 0
BBX 5 6 2 5
BITMAP
D8
D8
88
88
88
70
ENDCHAR
STARTCHAR 1DB8
ENCODING 7608
SWIDTH 625 0
DWIDTH 10 0
BBX 6 6 2 5
BITMAP
CC
44
44
44
44
38
ENDCHAR
STARTCHAR 1DB9
ENCODING 7609
SWIDTH 625 0
DWIDTH 10 0
BBX 6 6 2 5
BITMAP
D8
44
44
44
44
38
ENDCHAR
STARTCHAR 1DBA
ENCODING 7610
SWIDTH 625 0
DWIDTH 10 0
BBX 6 6 2 5
BITMAP
30
30
38
48
48
CC
ENDCHAR
STARTCHAR 1DBB
ENCODING 7611
SWIDTH 562 0
DWIDTH 9 0
BBX 5 6 2 5
BITMAP
F8
98
30
60
C8
F8
ENDCHAR
STARTCHAR 1DBC
ENCODING 7612
SWIDTH 562 0
DWIDTH 9 0
BBX 6 8 2 3
BITMAP
F8
98
30
60
C8
F8
08
0C
ENDCHAR
STARTCHAR 1DBD
ENCODING 7613
SWIDTH 562 0
DWIDTH 9 0
BBX 6 7 2 4
BITMAP
F8
98
30
78
D4
F8
40
ENDCHAR
STARTCHAR 1DBE
ENCODING 7614
SWIDTH 562 0
DWIDTH 9 0
BBX 5 8 2 3
BITMAP
F0
90
60
70
18
08
88
F0
ENDCHAR
STARTCHAR 1DBF
ENCODING 7615
SWIDTH 562 0
DWIDTH 9 0
BBX 5 8 2 5
BITMAP
70
D8
88
F8
88
88
D8
70
ENDCHAR
STARTCHAR 1DC3
ENCODING 7619
SWIDTH 0 0
DWIDTH 0 0
BBX 7 2 -8 10
BITMAP
C6
78
ENDCHAR
STARTCHAR 1DC4
ENCODING 7620
SWIDTH 0 0
DWIDTH 0 0
BBX 4 3 -7 10
BITMAP
10
10
E0
ENDCHAR
STARTCHAR 1DC5
ENCODING 7621
SWIDTH 0 0
DWIDTH 0 0
BBX 4 3 -7 10
BITMAP
80
80
70
ENDCHAR
STARTCHAR 1DC6
ENCODING 7622
SWIDTH 0 0
DWIDTH 0 0
BBX 5 3 -7 10
BITMAP
E0
30
18
ENDCHAR
STARTCHAR 1DC7
ENCODING 7623
SWIDTH 0 0
DWIDTH 0 0
BBX 5 3 -8 10
BITMAP
38
60
C0
ENDCHAR
STARTCHAR 1DCA
ENCODING 7626
SWIDTH 0 0
DWIDTH 0 0
BBX 3 3 -6 -5
BITMAP
E0
40
E0
ENDCHAR
STARTCHAR 1DCB
ENCODING 7627
SWIDTH 0 0
DWIDTH 0 0
BBX 5 2 -7 10
BITMAP
B8
E0
ENDCHAR
STARTCHAR 1DCC
ENCODING 7628
SWIDTH 0 0
DWIDTH 0 0
BBX 5 2 -7 10
BITMAP
E8
38
ENDCHAR
STARTCHAR 1DCD
ENCODING 7629
SWIDTH 0 0
DWIDTH 0 0
BBX 14 3 -7 14
BITMAP
0780
3FF0
E01C
ENDCHAR
STARTCHAR 1DCE
ENCODING 7630
SWIDTH 0 0
DWIDTH 0 0
BBX 2 4 -6 9
BITMAP
C0
40
40
40
ENDCHAR
STARTCHAR 1DCF
ENCODING 7631
SWIDTH 0 0
DWIDTH 0 0
BBX 4 3 -7 -4
BITMAP
40
F0
10
ENDCHAR
STARTCHAR 1DD3
ENCODING 7635
SWIDTH 0 0
DWIDTH 0 0
BBX 4 2 -6 10
BITMAP
D0
E0
ENDCHAR
STARTCHAR 1DD4
ENCODING 7636
SWIDTH 0 0
DWIDTH 0 0
BBX 3 4 -6 10
BITMAP
E0
60
E0
E0
ENDCHAR
STARTCHAR 1DD5
ENCODING 7637
SWIDTH 0 0
DWIDTH 0 0
BBX 4 4 -7 10
BITMAP
70
D0
D0
F0
ENDCHAR
STARTCHAR 1DD7
ENCODING 7639
SWIDTH 0 0
DWIDTH 0 0
BBX 2 5 -6 10
BITMAP
C0
80
80
40
40
ENDCHAR
STARTCHAR 1DD8
ENCODING 7640
SWIDTH 0 0
DWIDTH 0 0
BBX 2 5 -6 10
BITMAP
40
40
C0
C0
C0
ENDCHAR
STARTCHAR 1DD9
ENCODING 7641
SWIDTH 0 0
DWIDTH 0 0
BBX 2 5 -6 10
BITMAP
40
C0
C0
C0
C0
ENDCHAR
STARTCHAR 1DDA
ENCODING 7642
SWIDTH 0 0
DWIDTH 0 0
BBX 2 5 -6 10
BITMAP
C0
C0
C0
C0
C0
ENDCHAR
STARTCHAR 1DDB
ENCODING 7643
SWIDTH 0 0
DWIDTH 0 0
BBX 3 3 -6 10
BITMAP
80
E0
C0
ENDCHAR
STARTCHAR 1DDC
ENCODING 7644
SWIDTH 0 0
DWIDTH 0 0
BBX 3 5 -6 10
BITMAP
80
A0
C0
C0
A0
ENDCHAR
STARTCHAR 1DDD
ENCODING 7645
SWIDTH 0 0
DWIDTH 0 0
BBX 3 5 -6 10
BITMAP
C0
40
40
40
E0
ENDCHAR
STARTCHAR 1DDE
ENCODING 7646
SWIDTH 0 0
DWIDTH 0 0
BBX 3 4 -5 10
BITMAP
C0
80
A0
E0
ENDCHAR
STARTCHAR 1DDF
ENCODING 7647
SWIDTH 0 0
DWIDTH 0 0
BBX 3 4 -6 10
BITMAP
A0
A0
E0
A0
ENDCHAR
STARTCHAR 1DE0
ENCODING 7648
SWIDTH 0 0
DWIDTH 0 0
BBX 4 4 -7 10
BITMAP
F0
50
50
D0
ENDCHAR
STARTCHAR 1DE1
ENCODING 7649
SWIDTH 0 0
DWIDTH 0 0
BBX 4 4 -7 10
BITMAP
D0
70
70
F0
ENDCHAR
STARTCHAR 1DE2
ENCODING 7650
SWIDTH 0 0
DWIDTH 0 0
BBX 3 4 -6 10
BITMAP
C0
A0
C0
E0
ENDCHAR
STARTCHAR 1DE3
ENCODING 7651
SWIDTH 0 0
DWIDTH 0 0
BBX 3 4 -6 10
BITMAP
C0
20
40
60
ENDCHAR
STARTCHAR 1DE4
ENCODING 7652
SWIDTH 0 0
DWIDTH 0 0
BBX 3 3 -6 10
BITMAP
E0
80
E0
ENDCHAR
STARTCHAR 1DE5
ENCODING 7653
SWIDTH 0 0
DWIDTH 0 0
BBX 3 5 -6 10
BITMAP
60
40
40
40
E0
ENDCHAR
STARTCHAR 1DE6
ENCODING 7654
SWIDTH 0 0
DWIDTH 0 0
BBX 3 4 -6 10
BITMAP
E0
40
A0
E0
ENDCHAR
STARTCHAR 1DE7
ENCODING 7655
SWIDTH 0 0
DWIDTH 0 0
BBX 3 4 -6 10
BITMAP
E0
A0
A0
E0
ENDCHAR
STARTCHAR 1DE8
ENCODING 7656
SWIDTH 0 0
DWIDTH 0 0
BBX 4 5 -7 10
BITMAP
C0
70
50
50
F0
ENDCHAR
STARTCHAR 1DE9
ENCODING 7657
SWIDTH 0 0
DWIDTH 0 0
BBX 4 7 -7 10
BITMAP
60
50
50
60
50
60
E0
ENDCHAR
STARTCHAR 1DEA
ENCODING 7658
SWIDTH 0 0
DWIDTH 0 0
BBX 3 4 -6 10
BITMAP
E0
20
E0
C0
ENDCHAR
STARTCHAR 1DEB
ENCODING 7659
SWIDTH 0 0
DWIDTH 0 0
BBX 3 5 -6 10
BITMAP
60
40
E0
40
E0
ENDCHAR
STARTCHAR 1DEC
ENCODING 7660
SWIDTH 0 0
DWIDTH 0 0
BBX 3 5 -6 10
BITMAP
C0
40
E0
40
E0
ENDCHAR
STARTCHAR 1DED
ENCODING 7661
SWIDTH 0 0
DWIDTH 0 0
BBX 3 5 -6 11
BITMAP
E0
A0
A0
E0
80
ENDCHAR
STARTCHAR 1DEE
ENCODING 7662
SWIDTH 0 0
DWIDTH 0 0
BBX 4 5 -7 10
BITMAP
F0
50
50
70
C0
ENDCHAR
STARTCHAR 1DEF
ENCODING 7663
SWIDTH 0 0
DWIDTH 0 0
BBX 3 6 -6 10
BITMAP
60
40
40
40
40
C0
ENDCHAR
STARTCHAR 1DF0
ENCODING 7664
SWIDTH 0 0
DWIDTH 0 0
BBX 4 5 -7 11
BITMAP
D0
50
50
70
80
ENDCHAR
STARTCHAR 1DF1
ENCODING 7665
SWIDTH 0 0
DWIDTH 0 0
BBX 4 4 -7 10
BITMAP
D0
B0
B0
60
ENDCHAR
STARTCHAR 1DF2
ENCODING 7666
SWIDTH 0 0
DWIDTH 0 0
BBX 3 5 -6 10
BITMAP
C0
60
A0
60
E0
ENDCHAR
STARTCHAR 1DF3
ENCODING 7667
SWIDTH 0 0
DWIDTH 0 0
BBX 3 5 -6 10
BITMAP
C0
E0
A0
A0
E0
ENDCHAR
STARTCHAR 1DF4
ENCODING 7668
SWIDTH 0 0
DWIDTH 0 0
BBX 4 5 -7 10
BITMAP
60
D0
50
50
70
ENDCHAR
STARTCHAR 1DF5
ENCODING 7669
SWIDTH 0 0
DWIDTH 0 0
BBX 4 2 -7 10
BITMAP
40
F0
ENDCHAR
STARTCHAR 1DF6
ENCODING 7670
SWIDTH 0 0
DWIDTH 0 0
BBX 6 2 -3 10
BITMAP
CC
78
ENDCHAR
STARTCHAR 1DF7
ENCODING 7671
SWIDTH 0 0
DWIDTH 0 0
BBX 6 2 -3 10
BITMAP
CC
78
ENDCHAR
STARTCHAR 1DF8
ENCODING 7672
SWIDTH 0 0
DWIDTH 0 0
BBX 2 1 -2 10
BITMAP
C0
ENDCHAR
STARTCHAR 1DF9
ENCODING 7673
SWIDTH 0 0
DWIDTH 0 0
BBX 9 2 -9 -4
BITMAP
8080
FF80
ENDCHAR
STARTCHAR 1DFA
ENCODING 7674
SWIDTH 0 0
DWIDTH 0 0
BBX 2 1 -2 -2
BITMAP
C0
ENDCHAR
STARTCHAR 1DFB
ENCODING 7675
SWIDTH 0 0
DWIDTH 0 0
BBX 4 2 -7 10
BITMAP
70
D0
ENDCHAR
STARTCHAR 1DFC
ENCODING 7676
SWIDTH 0 0
DWIDTH 0 0
BBX 14 3 -7 -9
BITMAP
1FE0
7838
C00C
ENDCHAR
STARTCHAR 1DFD
ENCODING 7677
SWIDTH 0 0
DWIDTH 0 0
BBX 6 4 -8 -4
BITMAP
64
9C
64
9C
ENDCHAR
STARTCHAR 1DFE
ENCODING 7678
SWIDTH 0 0
DWIDTH 0 0
BBX 4 3 -7 10
BITMAP
30
C0
70
ENDCHAR
STARTCHAR 1DFF
ENCODING 7679
SWIDTH 0 0
DWIDTH 0 0
BBX 8 3 -9 -4
BITMAP
C9
7B
E6
ENDCHAR
STARTCHAR 1E00
ENCODING 7680
SWIDTH 625 0
DWIDTH 10 0
BBX 8 17 1 -4
BITMAP
18
18
18
18
3C
24
24
24
7E
66
42
42
E7
00
18
28
18
ENDCHAR
STARTCHAR 1E01
ENCODING 7681
SWIDTH 562 0
DWIDTH 9 0
BBX 8 13 1 -4
BITMAP
3C
66
C2
02
3E
62
C2
C6
7B
00
18
28
38
ENDCHAR
STARTCHAR 1E02
ENCODING 7682
SWIDTH 625 0
DWIDTH 10 0
BBX 8 16 1 0
BITMAP
18
18
00
FC
46
42
42
42
46
7C
46
41
41
41
46
FC
ENDCHAR
STARTCHAR 1E03
ENCODING 7683
SWIDTH 562 0
DWIDTH 9 0
BBX 7 13 1 0
BITMAP
C8
48
40
40
5C
66
42
42
42
42
42
66
DC
ENDCHAR
STARTCHAR 1E04
ENCODING 7684
SWIDTH 625 0
DWIDTH 10 0
BBX 8 17 1 -4
BITMAP
FC
46
42
42
42
46
7C
46
41
41
41
46
FC
00
00
18
18
ENDCHAR
STARTCHAR 1E05
ENCODING 7685
SWIDTH 562 0
DWIDTH 9 0
BBX 7 17 1 -4
BITMAP
C0
40
40
40
5C
66
42
42
42
42
42
66
DC
00
00
18
18
ENDCHAR
STARTCHAR 1E06
ENCODING 7686
SWIDTH 625 0
DWIDTH 10 0
BBX 8 16 1 -3
BITMAP
FC
46
42
42
42
46
7C
46
41
41
41
46
FC
00
00
7E
ENDCHAR
STARTCHAR 1E07
ENCODING 7687
SWIDTH 562 0
DWIDTH 9 0
BBX 7 16 1 -3
BITMAP
C0
40
40
40
5C
66
42
42
42
42
42
66
DC
00
00
7E
ENDCHAR
STARTCHAR 1E08
ENCODING 7688
SWIDTH 625 0
DWIDTH 10 0
BBX 6 20 2 -3
BITMAP
08
10
20
00
74
CC
84
80
80
80
80
80
80
80
84
CC
78
10
08
78
ENDCHAR
STARTCHAR 1E09
ENCODING 7689
SWIDTH 625 0
DWIDTH 10 0
BBX 6 16 2 -3
BITMAP
08
10
20
00
74
CC
84
80
80
80
84
CC
78
10
08
78
ENDCHAR
STARTCHAR 1E0A
ENCODING 7690
SWIDTH 562 0
DWIDTH 9 0
BBX 7 16 1 0
BITMAP
18
18
00
F8
44
46
42
42
42
42
42
42
42
46
44
F8
ENDCHAR
STARTCHAR 1E0B
ENCODING 7691
SWIDTH 625 0
DWIDTH 10 0
BBX 7 13 2 0
BITMAP
6C
64
04
04
74
CC
84
84
84
84
84
CC
76
ENDCHAR
STARTCHAR 1E0C
ENCODING 7692
SWIDTH 562 0
DWIDTH 9 0
BBX 7 17 1 -4
BITMAP
F8
44
46
42
42
42
42
42
42
42
46
44
F8
00
00
18
18
ENDCHAR
STARTCHAR 1E0D
ENCODING 7693
SWIDTH 625 0
DWIDTH 10 0
BBX 7 17 2 -4
BITMAP
0C
04
04
04
74
CC
84
84
84
84
84
CC
76
00
00
30
30
ENDCHAR
STARTCHAR 1E0E
ENCODING 7694
SWIDTH 562 0
DWIDTH 9 0
BBX 7 16 1 -3
BITMAP
F8
44
46
42
42
42
42
42
42
42
46
44
F8
00
00
7E
ENDCHAR
STARTCHAR 1E0F
ENCODING 7695
SWIDTH 625 0
DWIDTH 10 0
BBX 7 16 2 -3
BITMAP
0C
04
04
04
74
CC
84
84
84
84
84
CC
76
00
00
FC
ENDCHAR
STARTCHAR 1E10
ENCODING 7696
SWIDTH 562 0
DWIDTH 9 0
BBX 7 17 1 -4
BITMAP
F8
44
46
42
42
42
42
42
42
42
46
44
F8
00
18
18
10
ENDCHAR
STARTCHAR 1E11
ENCODING 7697
SWIDTH 625 0
DWIDTH 10 0
BBX 7 17 2 -4
BITMAP
0C
04
04
04
74
CC
84
84
84
84
84
CC
76
00
30
10
20
ENDCHAR
STARTCHAR 1E12
ENCODING 7698
SWIDTH 562 0
DWIDTH 9 0
BBX 7 17 1 -4
BITMAP
F8
44
46
42
42
42
42
42
42
42
46
44
F8
00
18
38
24
ENDCHAR
STARTCHAR 1E13
ENCODING 7699
SWIDTH 625 0
DWIDTH 10 0
BBX 7 17 2 -4
BITMAP
0C
04
04
04
74
CC
84
84
84
84
84
CC
76
00
30
30
48
ENDCHAR
STARTCHAR 1E14
ENCODING 7700
SWIDTH 625 0
DWIDTH 10 0
BBX 7 20 1 1
BITMAP
30
10
00
00
7E
00
00
FE
42
40
40
40
40
7C
40
40
40
40
42
FE
ENDCHAR
STARTCHAR 1E15
ENCODING 7701
SWIDTH 562 0
DWIDTH 9 0
BBX 7 16 1 1
BITMAP
30
18
00
00
7E
00
00
3C
66
42
42
FE
C0
42
66
3C
ENDCHAR
STARTCHAR 1E16
ENCODING 7702
SWIDTH 625 0
DWIDTH 10 0
BBX 7 20 1 1
BITMAP
0C
18
10
00
7E
00
00
FE
42
40
40
40
40
7C
40
40
40
40
42
FE
ENDCHAR
STARTCHAR 1E17
ENCODING 7703
SWIDTH 562 0
DWIDTH 9 0
BBX 7 16 1 1
BITMAP
0C
18
00
00
7E
00
00
3C
66
42
42
FE
C0
42
66
3C
ENDCHAR
STARTCHAR 1E18
ENCODING 7704
SWIDTH 625 0
DWIDTH 10 0
BBX 7 17 1 -4
BITMAP
FE
42
40
40
40
40
7C
40
40
40
40
42
FE
00
18
38
24
ENDCHAR
STARTCHAR 1E19
ENCODING 7705
SWIDTH 562 0
DWIDTH 9 0
BBX 7 13 1 -4
BITMAP
7C
64
C6
82
FE
80
C2
46
7C
00
38
28
44
ENDCHAR
STARTCHAR 1E1A
ENCODING 7706
SWIDTH 625 0
DWIDTH 10 0
BBX 7 17 1 -4
BITMAP
FE
42
40
40
40
40
7C
40
40
40
40
42
FE
00
32
5E
4C
ENDCHAR
STARTCHAR 1E1B
ENCODING 7707
SWIDTH 562 0
DWIDTH 9 0
BBX 7 13 1 -4
BITMAP
7C
64
C6
82
FE
80
C2
46
7C
00
62
54
9C
ENDCHAR
STARTCHAR 1E1C
ENCODING 7708
SWIDTH 625 0
DWIDTH 10 0
BBX 7 21 1 -4
BITMAP
46
64
3C
00
FE
42
40
40
40
40
7C
40
40
40
40
42
FE
10
0C
04
38
ENDCHAR
STARTCHAR 1E1D
ENCODING 7709
SWIDTH 562 0
DWIDTH 9 0
BBX 7 16 1 -3
BITMAP
44
7C
00
00
7C
4C
86
82
FE
80
82
46
7C
18
08
78
ENDCHAR
STARTCHAR 1E1E
ENCODING 7710
SWIDTH 625 0
DWIDTH 10 0
BBX 7 16 1 0
BITMAP
18
18
00
FE
42
42
40
40
40
7C
40
40
40
40
40
F0
ENDCHAR
STARTCHAR 1E1F
ENCODING 7711
SWIDTH 625 0
DWIDTH 10 0
BBX 7 16 2 0
BITMAP
10
10
00
1C
34
22
20
20
FC
20
20
20
20
20
20
FC
ENDCHAR
STARTCHAR 1E20
ENCODING 7712
SWIDTH 625 0
DWIDTH 10 0
BBX 7 16 2 0
BITMAP
FC
00
00
78
CC
84
80
80
80
9E
84
84
84
84
DC
74
ENDCHAR
STARTCHAR 1E21
ENCODING 7713
SWIDTH 625 0
DWIDTH 10 0
BBX 7 16 2 -4
BITMAP
FC
00
00
76
CC
84
84
84
84
84
CC
74
04
84
CC
78
ENDCHAR
STARTCHAR 1E22
ENCODING 7714
SWIDTH 625 0
DWIDTH 10 0
BBX 8 16 1 0
BITMAP
18
18
00
E7
42
42
42
42
42
7E
42
42
42
42
42
E7
ENDCHAR
STARTCHAR 1E23
ENCODING 7715
SWIDTH 625 0
DWIDTH 10 0
BBX 8 13 1 0
BITMAP
C8
48
40
40
5C
66
42
42
42
42
42
42
E7
ENDCHAR
STARTCHAR 1E24
ENCODING 7716
SWIDTH 625 0
DWIDTH 10 0
BBX 8 17 1 -4
BITMAP
E7
42
42
42
42
42
7E
42
42
42
42
42
E7
00
00
18
18
ENDCHAR
STARTCHAR 1E25
ENCODING 7717
SWIDTH 625 0
DWIDTH 10 0
BBX 8 17 1 -4
BITMAP
C0
40
40
40
5C
66
42
42
42
42
42
42
E7
00
00
18
18
ENDCHAR
STARTCHAR 1E26
ENCODING 7718
SWIDTH 625 0
DWIDTH 10 0
BBX 8 16 1 0
BITMAP
66
64
00
E7
42
42
42
42
42
7E
42
42
42
42
42
E7
ENDCHAR
STARTCHAR 1E27
ENCODING 7719
SWIDTH 625 0
DWIDTH 10 0
BBX 8 16 1 0
BITMAP
66
64
00
C0
40
40
40
5C
66
42
42
42
42
42
42
E7
ENDCHAR
STARTCHAR 1E28
ENCODING 7720
SWIDTH 625 0
DWIDTH 10 0
BBX 9 17 0 -4
BITMAP
7380
2100
2100
2100
2100
2100
3F00
2100
2100
2100
2100
2100
7380
2000
1000
1000
F000
ENDCHAR
STARTCHAR 1E29
ENCODING 7721
SWIDTH 625 0
DWIDTH 10 0
BBX 9 17 0 -4
BITMAP
6000
2000
2000
2000
2E00
3300
2100
2100
2100
2100
2100
2100
7380
2000
1000
1000
F000
ENDCHAR
STARTCHAR 1E2A
ENCODING 7722
SWIDTH 625 0
DWIDTH 10 0
BBX 8 17 1 -4
BITMAP
E7
42
42
42
42
42
7E
42
42
42
42
42
E7
00
46
64
3C
ENDCHAR
STARTCHAR 1E2B
ENCODING 7723
SWIDTH 625 0
DWIDTH 10 0
BBX 8 17 1 -4
BITMAP
C0
40
40
40
5C
66
42
42
42
42
42
42
E7
00
46
64
3C
ENDCHAR
STARTCHAR 1E2C
ENCODING 7724
SWIDTH 625 0
DWIDTH 10 0
BBX 6 17 2 -4
BITMAP
FC
10
10
10
10
10
10
10
10
10
10
10
FC
00
64
FC
98
ENDCHAR
STARTCHAR 1E2D
ENCODING 7725
SWIDTH 625 0
DWIDTH 10 0
BBX 6 17 2 -4
BITMAP
30
30
00
00
F0
10
10
10
10
10
10
10
FC
00
64
FC
98
ENDCHAR
STARTCHAR 1E2E
ENCODING 7726
SWIDTH 625 0
DWIDTH 10 0
BBX 6 20 2 0
BITMAP
08
10
10
00
CC
C8
00
FC
10
10
10
10
10
10
10
10
10
10
10
FC
ENDCHAR
STARTCHAR 1E2F
ENCODING 7727
SWIDTH 625 0
DWIDTH 10 0
BBX 6 17 2 0
BITMAP
08
10
30
00
CC
CC
00
00
F0
10
10
10
10
10
10
10
FC
ENDCHAR
STARTCHAR 1E30
ENCODING 7728
SWIDTH 625 0
DWIDTH 10 0
BBX 7 17 2 0
BITMAP
18
30
20
00
86
8C
88
98
90
B0
E0
B0
90
98
88
8C
84
ENDCHAR
STARTCHAR 1E31
ENCODING 7729
SWIDTH 625 0
DWIDTH 10 0
BBX 8 17 1 0
BITMAP
20
60
40
00
C0
40
40
40
47
4C
48
50
70
78
4C
44
E7
ENDCHAR
STARTCHAR 1E32
ENCODING 7730
SWIDTH 625 0
DWIDTH 10 0
BBX 7 17 2 -4
BITMAP
86
8C
88
98
90
90
B0
E0
B0
90
98
88
84
00
00
30
30
ENDCHAR
STARTCHAR 1E33
ENCODING 7731
SWIDTH 625 0
DWIDTH 10 0
BBX 8 17 1 -4
BITMAP
C0
40
40
40
47
4C
48
50
70
78
4C
44
E7
00
00
18
18
ENDCHAR
STARTCHAR 1E34
ENCODING 7732
SWIDTH 625 0
DWIDTH 10 0
BBX 7 16 2 -3
BITMAP
86
8C
88
98
90
B0
E0
B0
90
98
88
8C
84
00
00
FC
ENDCHAR
STARTCHAR 1E35
ENCODING 7733
SWIDTH 625 0
DWIDTH 10 0
BBX 8 16 1 -3
BITMAP
C0
40
40
40
47
44
48
58
70
78
4C
46
E3
00
00
7E
ENDCHAR
STARTCHAR 1E36
ENCODING 7734
SWIDTH 562 0
DWIDTH 9 0
BBX 7 17 1 -4
BITMAP
F0
40
40
40
40
40
40
40
40
40
40
42
FE
00
00
18
18
ENDCHAR
STARTCHAR 1E37
ENCODING 7735
SWIDTH 625 0
DWIDTH 10 0
BBX 6 17 2 -4
BITMAP
F0
10
10
10
10
10
10
10
10
10
10
10
FC
00
00
30
30
ENDCHAR
STARTCHAR 1E38
ENCODING 7736
SWIDTH 562 0
DWIDTH 9 0
BBX 7 19 1 -4
BITMAP
7C
00
F0
40
40
40
40
40
40
40
40
40
40
42
FE
00
00
18
18
ENDCHAR
STARTCHAR 1E39
ENCODING 7737
SWIDTH 625 0
DWIDTH 10 0
BBX 6 19 2 -4
BITMAP
FC
00
F0
10
10
10
10
10
10
10
10
10
10
10
FC
00
00
30
30
ENDCHAR
STARTCHAR 1E3A
ENCODING 7738
SWIDTH 562 0
DWIDTH 9 0
BBX 7 16 1 -3
BITMAP
F0
40
40
40
40
40
40
40
40
40
40
42
FE
00
00
7C
ENDCHAR
STARTCHAR 1E3B
ENCODING 7739
SWIDTH 625 0
DWIDTH 10 0
BBX 6 16 2 -3
BITMAP
F0
10
10
10
10
10
10
10
10
10
10
10
FC
00
00
FC
ENDCHAR
STARTCHAR 1E3C
ENCODING 7740
SWIDTH 562 0
DWIDTH 9 0
BBX 7 17 1 -4
BITMAP
F0
40
40
40
40
40
40
40
40
40
40
42
FE
00
18
38
64
ENDCHAR
STARTCHAR 1E3D
ENCODING 7741
SWIDTH 625 0
DWIDTH 10 0
BBX 6 17 2 -4
BITMAP
F0
10
10
10
10
10
10
10
10
10
10
10
FC
00
10
38
48
ENDCHAR
STARTCHAR 1E3E
ENCODING 7742
SWIDTH 687 0
DWIDTH 11 0
BBX 9 17 1 0
BITMAP
0400
0C00
0800
0000
E380
6300
6300
6500
5500
5500
5500
4900
4900
4100
4100
4100
E380
ENDCHAR
STARTCHAR 1E3F
ENCODING 7743
SWIDTH 562 0
DWIDTH 9 0
BBX 9 13 0 0
BITMAP
0400
0C00
0800
0000
F700
5B00
4900
4900
4900
4900
4900
4900
C980
ENDCHAR
STARTCHAR 1E40
ENCODING 7744
SWIDTH 687 0
DWIDTH 11 0
BBX 9 16 1 0
BITMAP
0C00
0C00
0000
E380
6300
6300
6500
5500
5500
5500
4900
4900
4100
4100
4100
E380
ENDCHAR
STARTCHAR 1E41
ENCODING 7745
SWIDTH 562 0
DWIDTH 9 0
BBX 9 13 0 0
BITMAP
0C00
0C00
0000
0000
F700
5B00
4900
4900
4900
4900
4900
4900
C980
ENDCHAR
STARTCHAR 1E42
ENCODING 7746
SWIDTH 687 0
DWIDTH 11 0
BBX 9 17 1 -4
BITMAP
E380
6300
6300
6500
5500
5500
5500
4900
4900
4100
4100
4100
E380
0000
0000
0C00
0C00
ENDCHAR
STARTCHAR 1E43
ENCODING 7747
SWIDTH 562 0
DWIDTH 9 0
BBX 9 13 0 -4
BITMAP
F700
5B00
4900
4900
4900
4900
4900
4900
C980
0000
0000
0C00
0C00
ENDCHAR
STARTCHAR 1E44
ENCODING 7748
SWIDTH 625 0
DWIDTH 10 0
BBX 8 16 1 0
BITMAP
18
18
00
E7
62
62
62
52
52
52
4A
4A
4A
46
46
E6
ENDCHAR
STARTCHAR 1E45
ENCODING 7749
SWIDTH 625 0
DWIDTH 10 0
BBX 8 13 1 0
BITMAP
18
18
00
00
DC
66
42
42
42
42
42
42
E7
ENDCHAR
STARTCHAR 1E46
ENCODING 7750
SWIDTH 625 0
DWIDTH 10 0
BBX 8 17 1 -4
BITMAP
E7
62
62
62
52
52
52
4A
4A
4A
46
46
E6
00
00
18
18
ENDCHAR
STARTCHAR 1E47
ENCODING 7751
SWIDTH 625 0
DWIDTH 10 0
BBX 8 13 1 -4
BITMAP
DC
66
42
42
42
42
42
42
E7
00
00
18
18
ENDCHAR
STARTCHAR 1E48
ENCODING 7752
SWIDTH 625 0
DWIDTH 10 0
BBX 8 16 1 -3
BITMAP
E7
62
62
62
52
52
52
4A
4A
4A
46
46
E6
00
00
7E
ENDCHAR
STARTCHAR 1E49
ENCODING 7753
SWIDTH 625 0
DWIDTH 10 0
BBX 8 12 1 -3
BITMAP
DC
66
42
42
42
42
42
42
E7
00
00
7E
ENDCHAR
STARTCHAR 1E4A
ENCODING 7754
SWIDTH 625 0
DWIDTH 10 0
BBX 8 17 1 -4
BITMAP
E7
62
62
62
52
52
52
4A
4A
4A
46
46
E6
00
18
38
24
ENDCHAR
STARTCHAR 1E4B
ENCODING 7755
SWIDTH 625 0
DWIDTH 10 0
BBX 8 13 1 -4
BITMAP
DC
66
42
42
42
42
42
42
E7
00
18
38
24
ENDCHAR
STARTCHAR 1E4C
ENCODING 7756
SWIDTH 562 0
DWIDTH 9 0
BBX 6 20 2 1
BITMAP
18
30
00
64
FC
98
00
78
CC
84
84
84
84
84
84
84
84
84
CC
78
ENDCHAR
STARTCHAR 1E4D
ENCODING 7757
SWIDTH 562 0
DWIDTH 9 0
BBX 6 16 2 1
BITMAP
18
30
00
64
FC
98
00
78
CC
84
84
84
84
84
CC
78
ENDCHAR
STARTCHAR 1E4E
ENCODING 7758
SWIDTH 562 0
DWIDTH 9 0
BBX 6 20 2 0
BITMAP
C8
CC
00
64
FC
98
00
78
CC
84
84
84
84
84
84
84
84
84
CC
78
ENDCHAR
STARTCHAR 1E4F
ENCODING 7759
SWIDTH 562 0
DWIDTH 9 0
BBX 6 16 2 0
BITMAP
C8
CC
00
64
FC
98
00
78
CC
84
84
84
84
84
CC
78
ENDCHAR
STARTCHAR 1E50
ENCODING 7760
SWIDTH 562 0
DWIDTH 9 0
BBX 6 20 2 1
BITMAP
60
30
00
00
FC
00
00
78
CC
84
84
84
84
84
84
84
84
84
CC
78
ENDCHAR
STARTCHAR 1E51
ENCODING 7761
SWIDTH 562 0
DWIDTH 9 0
BBX 6 16 2 1
BITMAP
60
30
00
00
FC
00
00
78
CC
84
84
84
84
84
CC
78
ENDCHAR
STARTCHAR 1E52
ENCODING 7762
SWIDTH 562 0
DWIDTH 9 0
BBX 6 20 2 1
BITMAP
18
30
00
00
FC
00
00
78
CC
84
84
84
84
84
84
84
84
84
CC
78
ENDCHAR
STARTCHAR 1E53
ENCODING 7763
SWIDTH 562 0
DWIDTH 9 0
BBX 6 16 2 1
BITMAP
18
30
00
00
FC
00
00
78
CC
84
84
84
84
84
CC
78
ENDCHAR
STARTCHAR 1E54
ENCODING 7764
SWIDTH 562 0
DWIDTH 9 0
BBX 7 17 1 0
BITMAP
0C
08
10
00
FC
46
46
42
42
42
46
7C
40
40
40
40
F0
ENDCHAR
STARTCHAR 1E55
ENCODING 7765
SWIDTH 625 0
DWIDTH 10 0
BBX 8 17 1 -4
BITMAP
06
0C
08
00
DE
63
41
41
41
41
41
63
5E
40
40
40
F0
ENDCHAR
STARTCHAR 1E56
ENCODING 7766
SWIDTH 562 0
DWIDTH 9 0
BBX 7 16 1 0
BITMAP
18
18
00
FC
46
46
42
42
42
46
7C
40
40
40
40
F0
ENDCHAR
STARTCHAR 1E57
ENCODING 7767
SWIDTH 625 0
DWIDTH 10 0
BBX 8 17 1 -4
BITMAP
18
18
00
00
DE
63
41
41
41
41
41
63
5E
40
40
40
F0
ENDCHAR
STARTCHAR 1E58
ENCODING 7768
SWIDTH 625 0
DWIDTH 10 0
BBX 9 16 1 0
BITMAP
1800
1800
0000
FE00
4200
4300
4100
4100
4100
4300
7E00
4C00
4C00
4600
4200
E380
ENDCHAR
STARTCHAR 1E59
ENCODING 7769
SWIDTH 562 0
DWIDTH 9 0
BBX 7 13 1 0
BITMAP
18
18
00
00
EE
36
20
20
20
20
20
20
F8
ENDCHAR
STARTCHAR 1E5A
ENCODING 7770
SWIDTH 625 0
DWIDTH 10 0
BBX 9 17 1 -4
BITMAP
FE00
4200
4300
4100
4100
4100
4300
7E00
4C00
4C00
4600
4200
E380
0000
0000
1800
1800
ENDCHAR
STARTCHAR 1E5B
ENCODING 7771
SWIDTH 562 0
DWIDTH 9 0
BBX 7 13 1 -4
BITMAP
EE
36
20
20
20
20
20
20
F8
00
00
30
30
ENDCHAR
STARTCHAR 1E5C
ENCODING 7772
SWIDTH 625 0
DWIDTH 10 0
BBX 9 19 1 -4
BITMAP
7E00
0000
FE00
4200
4300
4100
4100
4100
4300
7E00
4C00
4C00
4400
4200
E380
0000
0000
1800
1800
ENDCHAR
STARTCHAR 1E5D
ENCODING 7773
SWIDTH 562 0
DWIDTH 9 0
BBX 7 16 1 -4
BITMAP
FC
00
00
EC
36
20
20
20
20
20
20
F8
00
00
30
30
ENDCHAR
STARTCHAR 1E5E
ENCODING 7774
SWIDTH 625 0
DWIDTH 10 0
BBX 9 16 1 -3
BITMAP
FE00
4200
4300
4100
4100
4100
4300
7E00
4C00
4C00
4400
4200
E380
0000
0000
7E00
ENDCHAR
STARTCHAR 1E5F
ENCODING 7775
SWIDTH 562 0
DWIDTH 9 0
BBX 7 12 1 -3
BITMAP
EC
36
20
20
20
20
20
20
F8
00
00
FC
ENDCHAR
STARTCHAR 1E60
ENCODING 7776
SWIDTH 625 0
DWIDTH 10 0
BBX 6 16 2 0
BITMAP
30
30
00
74
CC
84
80
80
E0
70
18
0C
04
84
CC
B8
ENDCHAR
STARTCHAR 1E61
ENCODING 7777
SWIDTH 625 0
DWIDTH 10 0
BBX 6 13 2 0
BITMAP
30
30
00
00
74
CC
84
C0
78
0C
84
CC
B8
ENDCHAR
STARTCHAR 1E62
ENCODING 7778
SWIDTH 625 0
DWIDTH 10 0
BBX 6 17 2 -4
BITMAP
74
CC
84
80
80
E0
70
18
0C
04
84
CC
B8
00
00
30
30
ENDCHAR
STARTCHAR 1E63
ENCODING 7779
SWIDTH 625 0
DWIDTH 10 0
BBX 6 13 2 -4
BITMAP
74
CC
84
C0
78
0C
84
CC
B8
00
00
30
30
ENDCHAR
STARTCHAR 1E64
ENCODING 7780
SWIDTH 625 0
DWIDTH 10 0
BBX 6 20 2 0
BITMAP
30
30
00
10
10
20
00
74
CC
84
80
80
E0
70
18
0C
04
84
CC
B8
ENDCHAR
STARTCHAR 1E65
ENCODING 7781
SWIDTH 625 0
DWIDTH 10 0
BBX 6 16 2 0
BITMAP
30
30
00
18
10
20
00
74
CC
84
C0
78
0C
84
CC
B8
ENDCHAR
STARTCHAR 1E66
ENCODING 7782
SWIDTH 625 0
DWIDTH 10 0
BBX 6 20 2 0
BITMAP
30
30
00
48
70
30
00
74
CC
84
80
80
E0
70
18
0C
04
84
CC
B8
ENDCHAR
STARTCHAR 1E67
ENCODING 7783
SWIDTH 625 0
DWIDTH 10 0
BBX 6 16 2 0
BITMAP
30
20
00
48
78
30
00
74
CC
84
C0
78
0C
84
CC
B8
ENDCHAR
STARTCHAR 1E68
ENCODING 7784
SWIDTH 625 0
DWIDTH 10 0
BBX 6 20 2 -4
BITMAP
30
30
00
74
CC
84
80
80
E0
70
18
0C
04
84
CC
B8
00
00
30
30
ENDCHAR
STARTCHAR 1E69
ENCODING 7785
SWIDTH 625 0
DWIDTH 10 0
BBX 6 17 2 -4
BITMAP
30
30
00
00
74
CC
84
C0
78
0C
84
CC
B8
00
00
30
30
ENDCHAR
STARTCHAR 1E6A
ENCODING 7786
SWIDTH 625 0
DWIDTH 10 0
BBX 7 16 2 0
BITMAP
30
30
00
FE
92
92
10
10
10
10
10
10
10
10
10
78
ENDCHAR
STARTCHAR 1E6B
ENCODING 7787
SWIDTH 562 0
DWIDTH 9 0
BBX 7 16 1 0
BITMAP
30
30
00
20
20
20
20
FC
20
20
20
20
20
26
34
1C
ENDCHAR
STARTCHAR 1E6C
ENCODING 7788
SWIDTH 625 0
DWIDTH 10 0
BBX 7 17 2 -4
BITMAP
FE
92
92
10
10
10
10
10
10
10
10
10
78
00
00
30
30
ENDCHAR
STARTCHAR 1E6D
ENCODING 7789
SWIDTH 562 0
DWIDTH 9 0
BBX 7 17 1 -4
BITMAP
20
20
20
20
FC
20
20
20
20
20
26
34
1C
00
00
0C
0C
ENDCHAR
STARTCHAR 1E6E
ENCODING 7790
SWIDTH 625 0
DWIDTH 10 0
BBX 7 16 2 -3
BITMAP
FE
92
92
10
10
10
10
10
10
10
10
10
78
00
00
FC
ENDCHAR
STARTCHAR 1E6F
ENCODING 7791
SWIDTH 562 0
DWIDTH 9 0
BBX 7 16 1 -3
BITMAP
20
20
20
20
FC
20
20
20
20
20
22
34
1C
00
00
FC
ENDCHAR
STARTCHAR 1E70
ENCODING 7792
SWIDTH 625 0
DWIDTH 10 0
BBX 7 17 2 -4
BITMAP
FE
92
92
10
10
10
10
10
10
10
10
10
78
00
10
38
4C
ENDCHAR
STARTCHAR 1E71
ENCODING 7793
SWIDTH 562 0
DWIDTH 9 0
BBX 7 17 1 -4
BITMAP
20
20
20
20
FC
20
20
20
20
20
26
34
1C
00
18
3C
24
ENDCHAR
STARTCHAR 1E72
ENCODING 7794
SWIDTH 625 0
DWIDTH 10 0
BBX 8 17 1 -4
BITMAP
E7
42
42
42
42
42
42
42
42
42
42
66
3C
00
00
66
66
ENDCHAR
STARTCHAR 1E73
ENCODING 7795
SWIDTH 625 0
DWIDTH 10 0
BBX 8 13 1 -4
BITMAP
C6
42
42
42
42
42
42
66
3B
00
00
66
66
ENDCHAR
STARTCHAR 1E74
ENCODING 7796
SWIDTH 625 0
DWIDTH 10 0
BBX 8 17 1 -4
BITMAP
E7
42
42
42
42
42
42
42
42
42
42
66
3C
00
32
7E
4C
ENDCHAR
STARTCHAR 1E75
ENCODING 7797
SWIDTH 625 0
DWIDTH 10 0
BBX 8 13 1 -4
BITMAP
C6
42
42
42
42
42
42
66
3B
00
32
7E
4C
ENDCHAR
STARTCHAR 1E76
ENCODING 7798
SWIDTH 625 0
DWIDTH 10 0
BBX 8 17 1 -4
BITMAP
E7
42
42
42
42
42
42
42
42
42
42
66
3C
00
18
3C
24
ENDCHAR
STARTCHAR 1E77
ENCODING 7799
SWIDTH 625 0
DWIDTH 10 0
BBX 8 13 1 -4
BITMAP
C6
42
42
42
42
42
42
66
3B
00
18
38
24
ENDCHAR
STARTCHAR 1E78
ENCODING 7800
SWIDTH 625 0
DWIDTH 10 0
BBX 8 20 1 1
BITMAP
0C
18
00
32
7E
4C
00
E7
42
42
42
42
42
42
42
42
42
42
66
3C
ENDCHAR
STARTCHAR 1E79
ENCODING 7801
SWIDTH 625 0
DWIDTH 10 0
BBX 8 16 1 1
BITMAP
0C
18
00
32
7E
4C
00
C6
42
42
42
42
42
42
66
3B
ENDCHAR
STARTCHAR 1E7A
ENCODING 7802
SWIDTH 625 0
DWIDTH 10 0
BBX 8 20 1 0
BITMAP
66
66
00
00
7E
00
00
E7
42
42
42
42
42
42
42
42
42
42
66
3C
ENDCHAR
STARTCHAR 1E7B
ENCODING 7803
SWIDTH 625 0
DWIDTH 10 0
BBX 8 16 1 0
BITMAP
66
66
00
00
7E
00
00
C6
42
42
42
42
42
42
66
3B
ENDCHAR
STARTCHAR 1E7C
ENCODING 7804
SWIDTH 687 0
DWIDTH 11 0
BBX 9 17 1 0
BITMAP
3100
6B00
4600
0000
E380
4100
6300
6300
2200
2200
2200
3600
1400
1400
1400
1C00
1C00
ENDCHAR
STARTCHAR 1E7D
ENCODING 7805
SWIDTH 687 0
DWIDTH 11 0
BBX 9 13 1 0
BITMAP
3100
6B00
4600
0000
E380
6300
6300
2200
3600
3600
1400
1C00
1C00
ENDCHAR
STARTCHAR 1E7E
ENCODING 7806
SWIDTH 687 0
DWIDTH 11 0
BBX 9 17 1 -4
BITMAP
E380
4100
6300
6300
2200
2200
2200
3600
1400
1400
1400
1C00
1C00
0000
0000
0C00
0C00
ENDCHAR
STARTCHAR 1E7F
ENCODING 7807
SWIDTH 687 0
DWIDTH 11 0
BBX 9 13 1 -4
BITMAP
E380
6300
6300
2200
3600
3600
1400
1C00
1C00
0000
0000
0C00
0C00
ENDCHAR
STARTCHAR 1E80
ENCODING 7808
SWIDTH 687 0
DWIDTH 11 0
BBX 9 17 1 0
BITMAP
1000
1800
0800
0000
E380
4100
4100
4100
4900
4900
5900
7700
3600
3600
3600
3600
2200
ENDCHAR
STARTCHAR 1E81
ENCODING 7809
SWIDTH 687 0
DWIDTH 11 0
BBX 9 13 1 0
BITMAP
1000
1800
0800
0000
E380
4100
4900
4900
5500
7700
3600
3600
2200
ENDCHAR
STARTCHAR 1E82
ENCODING 7810
SWIDTH 687 0
DWIDTH 11 0
BBX 9 17 1 0
BITMAP
0400
0C00
0800
0000
E380
4100
4100
4100
4900
4900
5900
7700
3600
3600
3600
3600
2200
ENDCHAR
STARTCHAR 1E83
ENCODING 7811
SWIDTH 687 0
DWIDTH 11 0
BBX 9 13 1 0
BITMAP
0400
0C00
0800
0000
E380
4100
4900
4900
5500
7700
3600
3600
2200
ENDCHAR
STARTCHAR 1E84
ENCODING 7812
SWIDTH 687 0
DWIDTH 11 0
BBX 9 16 1 0
BITMAP
3300
3200
0000
E380
4100
4100
4100
4900
4900
5900
7700
3600
3600
3600
3600
2200
ENDCHAR
STARTCHAR 1E85
ENCODING 7813
SWIDTH 687 0
DWIDTH 11 0
BBX 9 13 1 0
BITMAP
3300
3300
0000
0000
E380
4100
4900
4900
5500
7700
3600
3600
2200
ENDCHAR
STARTCHAR 1E86
ENCODING 7814
SWIDTH 687 0
DWIDTH 11 0
BBX 9 16 1 0
BITMAP
0C00
0C00
0000
E380
4100
4100
4100
4900
4900
5900
7700
3600
3600
3600
3600
2200
ENDCHAR
STARTCHAR 1E87
ENCODING 7815
SWIDTH 687 0
DWIDTH 11 0
BBX 9 13 1 0
BITMAP
0C00
0C00
0000
0000
E380
4100
4900
4900
5500
7700
3600
3600
2200
ENDCHAR
STARTCHAR 1E88
ENCODING 7816
SWIDTH 687 0
DWIDTH 11 0
BBX 9 17 1 -4
BITMAP
E380
4100
4100
4100
4900
4900
5900
7700
3600
3600
3600
3600
2200
0000
0000
0C00
0C00
ENDCHAR
STARTCHAR 1E89
ENCODING 7817
SWIDTH 687 0
DWIDTH 11 0
BBX 9 13 1 -4
BITMAP
E380
4100
4900
4900
5500
7700
3600
3600
2200
0000
0000
0C00
0C00
ENDCHAR
STARTCHAR 1E8A
ENCODING 7818
SWIDTH 625 0
DWIDTH 10 0
BBX 8 16 1 0
BITMAP
18
18
00
E7
66
24
24
18
18
18
18
18
24
24
66
E7
ENDCHAR
STARTCHAR 1E8B
ENCODING 7819
SWIDTH 625 0
DWIDTH 10 0
BBX 8 13 1 0
BITMAP
18
18
00
00
E7
24
3C
18
18
18
3C
24
E7
ENDCHAR
STARTCHAR 1E8C
ENCODING 7820
SWIDTH 625 0
DWIDTH 10 0
BBX 8 16 1 0
BITMAP
66
64
00
E7
66
24
24
18
18
18
18
18
24
24
66
E7
ENDCHAR
STARTCHAR 1E8D
ENCODING 7821
SWIDTH 625 0
DWIDTH 10 0
BBX 8 13 1 0
BITMAP
66
66
00
00
E7
24
3C
18
18
18
3C
24
E7
ENDCHAR
STARTCHAR 1E8E
ENCODING 7822
SWIDTH 625 0
DWIDTH 10 0
BBX 8 16 1 0
BITMAP
18
18
00
E7
66
26
24
34
14
18
08
08
08
08
08
3C
ENDCHAR
STARTCHAR 1E8F
ENCODING 7823
SWIDTH 625 0
DWIDTH 10 0
BBX 8 17 1 -4
BITMAP
18
18
00
00
E7
42
66
24
24
24
18
18
18
18
10
30
60
ENDCHAR
STARTCHAR 1E90
ENCODING 7824
SWIDTH 625 0
DWIDTH 10 0
BBX 6 17 2 0
BITMAP
30
78
48
00
FC
8C
0C
18
18
10
30
20
60
40
C0
84
FC
ENDCHAR
STARTCHAR 1E91
ENCODING 7825
SWIDTH 625 0
DWIDTH 10 0
BBX 6 13 2 0
BITMAP
30
58
48
00
FC
8C
08
10
30
60
40
C4
FC
ENDCHAR
STARTCHAR 1E92
ENCODING 7826
SWIDTH 625 0
DWIDTH 10 0
BBX 6 17 2 -4
BITMAP
FC
8C
0C
18
18
10
30
20
60
40
C0
84
FC
00
00
30
30
ENDCHAR
STARTCHAR 1E93
ENCODING 7827
SWIDTH 625 0
DWIDTH 10 0
BBX 6 13 2 -4
BITMAP
FC
8C
08
10
30
60
40
C4
FC
00
00
30
30
ENDCHAR
STARTCHAR 1E94
ENCODING 7828
SWIDTH 625 0
DWIDTH 10 0
BBX 6 16 2 -3
BITMAP
FC
8C
0C
18
18
10
30
20
60
40
C0
84
FC
00
00
FC
ENDCHAR
STARTCHAR 1E95
ENCODING 7829
SWIDTH 625 0
DWIDTH 10 0
BBX 6 12 2 -3
BITMAP
FC
8C
08
10
30
60
40
C4
FC
00
00
FC
ENDCHAR
STARTCHAR 1E96
ENCODING 7830
SWIDTH 625 0
DWIDTH 10 0
BBX 8 16 1 -3
BITMAP
C0
40
40
40
5C
66
42
42
42
42
42
42
E7
00
00
7E
ENDCHAR
STARTCHAR 1E97
ENCODING 7831
SWIDTH 562 0
DWIDTH 9 0
BBX 7 16 1 0
BITMAP
66
64
00
20
20
20
20
FC
20
20
20
20
20
26
34
1C
ENDCHAR
STARTCHAR 1E98
ENCODING 7832
SWIDTH 687 0
DWIDTH 11 0
BBX 9 13 1 0
BITMAP
1C00
1400
1C00
0000
E380
4100
4900
4900
5500
7500
3600
3600
3200
ENDCHAR
STARTCHAR 1E99
ENCODING 7833
SWIDTH 625 0
DWIDTH 10 0
BBX 8 17 1 -4
BITMAP
18
28
18
00
E7
42
66
24
24
24
18
18
18
18
10
30
60
ENDCHAR
STARTCHAR 1E9A
ENCODING 7834
SWIDTH 562 0
DWIDTH 9 0
BBX 8 13 1 0
BITMAP
02
01
02
00
3C
66
C2
02
3E
62
C2
C6
7B
ENDCHAR
STARTCHAR 1E9B
ENCODING 7835
SWIDTH 562 0
DWIDTH 9 0
BBX 6 16 2 0
BITMAP
30
10
00
18
3C
24
20
20
20
20
20
20
20
20
20
F0
ENDCHAR
STARTCHAR 1E9C
ENCODING 7836
SWIDTH 562 0
DWIDTH 9 0
BBX 6 13 2 0
BITMAP
18
3C
24
20
20
38
E0
A0
20
20
20
20
F0
ENDCHAR
STARTCHAR 1E9D
ENCODING 7837
SWIDTH 562 0
DWIDTH 9 0
BBX 7 13 1 0
BITMAP
1C
36
22
20
F8
20
20
20
20
20
20
20
78
ENDCHAR
STARTCHAR 1E9E
ENCODING 7838
SWIDTH 625 0
DWIDTH 10 0
BBX 8 13 1 0
BITMAP
3F
63
42
46
4C
4C
4E
43
41
41
43
46
DC
ENDCHAR
STARTCHAR 1E9F
ENCODING 7839
SWIDTH 562 0
DWIDTH 9 0
BBX 6 13 2 0
BITMAP
78
C8
80
80
C0
78
8C
84
84
84
84
CC
78
ENDCHAR
STARTCHAR 1EA0
ENCODING 7840
SWIDTH 625 0
DWIDTH 10 0
BBX 8 17 1 -4
BITMAP
18
18
18
18
3C
24
24
24
7E
66
42
42
E7
00
00
18
18
ENDCHAR
STARTCHAR 1EA1
ENCODING 7841
SWIDTH 562 0
DWIDTH 9 0
BBX 8 13 1 -4
BITMAP
3C
66
C2
02
3E
62
C2
C6
7B
00
00
18
18
ENDCHAR
STARTCHAR 1EA2
ENCODING 7842
SWIDTH 625 0
DWIDTH 10 0
BBX 8 16 1 0
BITMAP
1C
0C
00
18
18
18
18
3C
24
24
24
7E
66
42
42
E7
ENDCHAR
STARTCHAR 1EA3
ENCODING 7843
SWIDTH 562 0
DWIDTH 9 0
BBX 8 13 1 0
BITMAP
38
04
18
00
3C
66
C2
02
3E
62
C2
C6
7B
ENDCHAR
STARTCHAR 1EA4
ENCODING 7844
SWIDTH 625 0
DWIDTH 10 0
BBX 8 20 1 0
BITMAP
04
08
10
18
3C
24
00
18
18
18
18
3C
24
24
24
7E
66
42
42
E7
ENDCHAR
STARTCHAR 1EA5
ENCODING 7845
SWIDTH 562 0
DWIDTH 9 0
BBX 8 16 1 1
BITMAP
0C
18
10
18
2C
44
00
3C
66
C2
02
3E
62
C2
C6
7B
ENDCHAR
STARTCHAR 1EA6
ENCODING 7846
SWIDTH 625 0
DWIDTH 10 0
BBX 8 20 1 0
BITMAP
20
10
08
18
3C
24
00
18
18
18
18
3C
24
24
24
7E
66
42
42
E7
ENDCHAR
STARTCHAR 1EA7
ENCODING 7847
SWIDTH 562 0
DWIDTH 9 0
BBX 8 17 1 0
BITMAP
20
30
10
00
18
2C
44
00
3C
66
C2
02
3E
62
C2
C6
7B
ENDCHAR
STARTCHAR 1EA8
ENCODING 7848
SWIDTH 625 0
DWIDTH 10 0
BBX 8 20 1 0
BITMAP
1C
04
0C
18
3C
24
00
18
18
18
18
3C
24
24
24
7E
66
42
42
E7
ENDCHAR
STARTCHAR 1EA9
ENCODING 7849
SWIDTH 562 0
DWIDTH 9 0
BBX 8 16 1 0
BITMAP
38
1C
00
38
2C
44
00
3C
66
C2
02
3E
62
C2
C6
7B
ENDCHAR
STARTCHAR 1EAA
ENCODING 7850
SWIDTH 625 0
DWIDTH 10 0
BBX 8 20 1 0
BITMAP
32
7E
4C
18
3C
24
00
18
18
18
18
3C
24
24
24
7E
66
42
42
E7
ENDCHAR
STARTCHAR 1EAB
ENCODING 7851
SWIDTH 562 0
DWIDTH 9 0
BBX 8 17 1 0
BITMAP
32
5E
4C
00
18
2C
44
00
3C
66
C2
02
3E
62
C2
C6
7B
ENDCHAR
STARTCHAR 1EAC
ENCODING 7852
SWIDTH 625 0
DWIDTH 10 0
BBX 8 20 1 -4
BITMAP
3C
24
00
18
18
18
18
3C
24
24
24
7E
66
42
42
E7
00
00
18
18
ENDCHAR
STARTCHAR 1EAD
ENCODING 7853
SWIDTH 562 0
DWIDTH 9 0
BBX 8 17 1 -4
BITMAP
18
2C
44
00
3C
66
C2
02
3E
62
C2
C6
7B
00
00
18
18
ENDCHAR
STARTCHAR 1EAE
ENCODING 7854
SWIDTH 625 0
DWIDTH 10 0
BBX 8 20 1 1
BITMAP
0C
18
00
66
64
3C
00
18
18
18
18
3C
24
24
24
7E
66
42
42
E7
ENDCHAR
STARTCHAR 1EAF
ENCODING 7855
SWIDTH 562 0
DWIDTH 9 0
BBX 8 17 1 0
BITMAP
0C
18
10
00
46
64
3C
00
7C
C6
02
02
3E
62
C2
C6
7B
ENDCHAR
STARTCHAR 1EB0
ENCODING 7856
SWIDTH 625 0
DWIDTH 10 0
BBX 8 20 1 1
BITMAP
30
18
00
66
64
3C
00
18
18
18
18
3C
24
24
24
7E
66
42
42
E7
ENDCHAR
STARTCHAR 1EB1
ENCODING 7857
SWIDTH 562 0
DWIDTH 9 0
BBX 8 17 1 0
BITMAP
20
30
18
00
46
64
3C
00
7C
C6
02
02
3E
62
C2
C6
7B
ENDCHAR
STARTCHAR 1EB2
ENCODING 7858
SWIDTH 625 0
DWIDTH 10 0
BBX 8 20 1 0
BITMAP
1C
04
0C
00
66
3C
00
18
18
18
18
3C
24
24
24
7E
66
42
42
E7
ENDCHAR
STARTCHAR 1EB3
ENCODING 7859
SWIDTH 562 0
DWIDTH 9 0
BBX 8 16 1 0
BITMAP
3C
18
00
46
64
3C
00
7C
C6
02
02
3E
62
C2
C6
7B
ENDCHAR
STARTCHAR 1EB4
ENCODING 7860
SWIDTH 625 0
DWIDTH 10 0
BBX 8 20 1 0
BITMAP
32
7E
0C
66
64
3C
00
18
18
18
18
3C
24
24
24
7E
66
42
42
E7
ENDCHAR
STARTCHAR 1EB5
ENCODING 7861
SWIDTH 562 0
DWIDTH 9 0
BBX 8 17 1 0
BITMAP
72
5C
48
00
46
64
3C
00
7C
C6
02
02
3E
62
C2
C6
7B
ENDCHAR
STARTCHAR 1EB6
ENCODING 7862
SWIDTH 625 0
DWIDTH 10 0
BBX 8 20 1 -4
BITMAP
66
3C
00
18
18
18
18
3C
24
24
24
7E
66
42
42
E7
00
00
18
18
ENDCHAR
STARTCHAR 1EB7
ENCODING 7863
SWIDTH 562 0
DWIDTH 9 0
BBX 8 17 1 -4
BITMAP
46
64
3C
00
7C
C6
02
02
3E
62
C2
C6
7B
00
00
18
18
ENDCHAR
STARTCHAR 1EB8
ENCODING 7864
SWIDTH 625 0
DWIDTH 10 0
BBX 7 17 1 -4
BITMAP
FE
42
40
40
40
40
7C
40
40
40
40
42
FE
00
00
18
18
ENDCHAR
STARTCHAR 1EB9
ENCODING 7865
SWIDTH 562 0
DWIDTH 9 0
BBX 7 13 1 -4
BITMAP
7C
64
C6
82
FE
80
C2
46
7C
00
00
18
18
ENDCHAR
STARTCHAR 1EBA
ENCODING 7866
SWIDTH 625 0
DWIDTH 10 0
BBX 7 16 1 0
BITMAP
3C
1C
00
FE
42
40
40
40
40
7C
40
40
40
40
42
FE
ENDCHAR
STARTCHAR 1EBB
ENCODING 7867
SWIDTH 562 0
DWIDTH 9 0
BBX 7 13 1 0
BITMAP
38
08
18
00
7C
64
C6
82
FE
80
C2
46
3C
ENDCHAR
STARTCHAR 1EBC
ENCODING 7868
SWIDTH 625 0
DWIDTH 10 0
BBX 7 17 1 0
BITMAP
32
5E
4C
00
FE
42
40
40
40
40
7C
40
40
40
40
42
FE
ENDCHAR
STARTCHAR 1EBD
ENCODING 7869
SWIDTH 562 0
DWIDTH 9 0
BBX 7 13 1 0
BITMAP
60
54
0C
00
7C
64
C6
82
FE
80
C2
46
3C
ENDCHAR
STARTCHAR 1EBE
ENCODING 7870
SWIDTH 625 0
DWIDTH 10 0
BBX 7 20 1 0
BITMAP
0C
18
10
18
28
24
00
FE
42
40
40
40
40
7C
40
40
40
40
42
FE
ENDCHAR
STARTCHAR 1EBF
ENCODING 7871
SWIDTH 562 0
DWIDTH 9 0
BBX 7 16 1 1
BITMAP
08
10
00
38
28
44
00
7C
64
C6
82
FE
80
C2
46
3C
ENDCHAR
STARTCHAR 1EC0
ENCODING 7872
SWIDTH 625 0
DWIDTH 10 0
BBX 7 20 1 0
BITMAP
20
10
10
18
28
24
00
FE
42
40
40
40
40
7C
40
40
40
40
42
FE
ENDCHAR
STARTCHAR 1EC1
ENCODING 7873
SWIDTH 562 0
DWIDTH 9 0
BBX 7 16 1 1
BITMAP
20
10
00
38
28
44
00
7C
64
C6
82
FE
80
C2
46
3C
ENDCHAR
STARTCHAR 1EC2
ENCODING 7874
SWIDTH 625 0
DWIDTH 10 0
BBX 7 20 1 0
BITMAP
3C
04
18
18
38
24
00
FE
42
40
40
40
40
7C
40
40
40
40
42
FE
ENDCHAR
STARTCHAR 1EC3
ENCODING 7875
SWIDTH 562 0
DWIDTH 9 0
BBX 7 16 1 0
BITMAP
38
18
00
38
6C
44
00
7C
64
C6
82
FE
80
C2
46
3C
ENDCHAR
STARTCHAR 1EC4
ENCODING 7876
SWIDTH 625 0
DWIDTH 10 0
BBX 7 20 1 0
BITMAP
32
5E
4C
18
28
24
00
FE
42
40
40
40
40
7C
40
40
40
40
42
FE
ENDCHAR
STARTCHAR 1EC5
ENCODING 7877
SWIDTH 562 0
DWIDTH 9 0
BBX 7 17 1 0
BITMAP
62
54
0C
00
38
28
44
00
7C
64
C6
82
FE
80
C2
46
3C
ENDCHAR
STARTCHAR 1EC6
ENCODING 7878
SWIDTH 625 0
DWIDTH 10 0
BBX 7 20 1 -4
BITMAP
38
24
00
FE
42
40
40
40
40
7C
40
40
40
40
42
FE
00
00
18
18
ENDCHAR
STARTCHAR 1EC7
ENCODING 7879
SWIDTH 562 0
DWIDTH 9 0
BBX 7 17 1 -4
BITMAP
10
28
44
00
7C
64
C6
82
FE
80
C2
46
7C
00
00
18
18
ENDCHAR
STARTCHAR 1EC8
ENCODING 7880
SWIDTH 625 0
DWIDTH 10 0
BBX 6 16 2 0
BITMAP
38
18
00
FC
10
10
10
10
10
10
10
10
10
10
10
FC
ENDCHAR
STARTCHAR 1EC9
ENCODING 7881
SWIDTH 625 0
DWIDTH 10 0
BBX 6 13 2 0
BITMAP
38
08
18
00
F0
10
10
10
10
10
10
10
FC
ENDCHAR
STARTCHAR 1ECA
ENCODING 7882
SWIDTH 625 0
DWIDTH 10 0
BBX 6 17 2 -4
BITMAP
FC
10
10
10
10
10
10
10
10
10
10
10
FC
00
00
30
30
ENDCHAR
STARTCHAR 1ECB
ENCODING 7883
SWIDTH 625 0
DWIDTH 10 0
BBX 6 17 2 -4
BITMAP
30
30
00
00
F0
10
10
10
10
10
10
10
FC
00
00
30
30
ENDCHAR
STARTCHAR 1ECC
ENCODING 7884
SWIDTH 562 0
DWIDTH 9 0
BBX 6 17 2 -4
BITMAP
78
CC
84
84
84
84
84
84
84
84
84
CC
78
00
00
30
30
ENDCHAR
STARTCHAR 1ECD
ENCODING 7885
SWIDTH 562 0
DWIDTH 9 0
BBX 6 13 2 -4
BITMAP
78
CC
84
84
84
84
84
CC
78
00
00
30
30
ENDCHAR
STARTCHAR 1ECE
ENCODING 7886
SWIDTH 562 0
DWIDTH 9 0
BBX 6 17 2 0
BITMAP
38
08
38
00
78
CC
84
84
84
84
84
84
84
84
84
CC
78
ENDCHAR
STARTCHAR 1ECF
ENCODING 7887
SWIDTH 562 0
DWIDTH 9 0
BBX 6 13 2 0
BITMAP
38
08
38
00
78
CC
84
84
84
84
84
CC
78
ENDCHAR
STARTCHAR 1ED0
ENCODING 7888
SWIDTH 562 0
DWIDTH 9 0
BBX 6 20 2 1
BITMAP
18
30
00
30
58
48
00
78
CC
84
84
84
84
84
84
84
84
84
CC
78
ENDCHAR
STARTCHAR 1ED1
ENCODING 7889
SWIDTH 562 0
DWIDTH 9 0
BBX 6 16 2 1
BITMAP
18
30
00
30
58
48
00
78
CC
84
84
84
84
84
CC
78
ENDCHAR
STARTCHAR 1ED2
ENCODING 7890
SWIDTH 562 0
DWIDTH 9 0
BBX 6 20 2 1
BITMAP
60
20
00
30
58
48
00
78
CC
84
84
84
84
84
84
84
84
84
CC
78
ENDCHAR
STARTCHAR 1ED3
ENCODING 7891
SWIDTH 562 0
DWIDTH 9 0
BBX 6 16 2 1
BITMAP
60
20
00
30
58
48
00
78
CC
84
84
84
84
84
CC
78
ENDCHAR
STARTCHAR 1ED4
ENCODING 7892
SWIDTH 562 0
DWIDTH 9 0
BBX 6 20 2 0
BITMAP
38
08
38
30
78
48
00
78
CC
84
84
84
84
84
84
84
84
84
CC
78
ENDCHAR
STARTCHAR 1ED5
ENCODING 7893
SWIDTH 562 0
DWIDTH 9 0
BBX 6 16 2 0
BITMAP
38
38
00
30
58
48
00
78
CC
84
84
84
84
84
CC
78
ENDCHAR
STARTCHAR 1ED6
ENCODING 7894
SWIDTH 562 0
DWIDTH 9 0
BBX 6 20 2 0
BITMAP
64
FC
98
30
58
48
00
78
CC
84
84
84
84
84
84
84
84
84
CC
78
ENDCHAR
STARTCHAR 1ED7
ENCODING 7895
SWIDTH 562 0
DWIDTH 9 0
BBX 6 17 2 0
BITMAP
64
FC
98
00
30
58
48
00
78
CC
84
84
84
84
84
CC
78
ENDCHAR
STARTCHAR 1ED8
ENCODING 7896
SWIDTH 562 0
DWIDTH 9 0
BBX 6 20 2 -4
BITMAP
70
48
00
78
CC
84
84
84
84
84
84
84
84
84
CC
78
00
00
30
30
ENDCHAR
STARTCHAR 1ED9
ENCODING 7897
SWIDTH 562 0
DWIDTH 9 0
BBX 6 17 2 -4
BITMAP
30
78
48
00
78
CC
84
84
84
84
84
CC
78
00
00
30
30
ENDCHAR
STARTCHAR 1EDA
ENCODING 7898
SWIDTH 625 0
DWIDTH 10 0
BBX 8 16 2 1
BITMAP
10
23
01
7A
CE
84
84
84
84
84
84
84
84
84
CC
78
ENDCHAR
STARTCHAR 1EDB
ENCODING 7899
SWIDTH 625 0
DWIDTH 10 0
BBX 8 12 2 1
BITMAP
10
23
01
7A
CE
84
84
84
84
84
CC
78
ENDCHAR
STARTCHAR 1EDC
ENCODING 7900
SWIDTH 625 0
DWIDTH 10 0
BBX 8 16 2 1
BITMAP
60
33
01
7A
CE
84
84
84
84
84
84
84
84
84
CC
78
ENDCHAR
STARTCHAR 1EDD
ENCODING 7901
SWIDTH 625 0
DWIDTH 10 0
BBX 8 12 2 1
BITMAP
60
33
01
7A
CE
84
84
84
84
84
CC
78
ENDCHAR
STARTCHAR 1EDE
ENCODING 7902
SWIDTH 625 0
DWIDTH 10 0
BBX 8 17 2 0
BITMAP
38
08
3B
01
7A
CE
84
84
84
84
84
84
84
84
84
CC
78
ENDCHAR
STARTCHAR 1EDF
ENCODING 7903
SWIDTH 625 0
DWIDTH 10 0
BBX 8 13 2 0
BITMAP
38
08
3B
01
7A
CE
84
84
84
84
84
CC
78
ENDCHAR
STARTCHAR 1EE0
ENCODING 7904
SWIDTH 625 0
DWIDTH 10 0
BBX 8 17 2 0
BITMAP
64
FC
9B
01
7A
CE
84
84
84
84
84
84
84
84
84
CC
78
ENDCHAR
STARTCHAR 1EE1
ENCODING 7905
SWIDTH 625 0
DWIDTH 10 0
BBX 8 13 2 0
BITMAP
64
FC
9B
01
7A
CE
84
84
84
84
84
CC
78
ENDCHAR
STARTCHAR 1EE2
ENCODING 7906
SWIDTH 625 0
DWIDTH 10 0
BBX 8 18 2 -4
BITMAP
03
79
CE
86
84
84
84
84
84
84
84
84
CC
78
00
00
30
30
ENDCHAR
STARTCHAR 1EE3
ENCODING 7907
SWIDTH 625 0
DWIDTH 10 0
BBX 8 15 2 -4
BITMAP
03
01
7A
CE
84
84
84
84
84
CC
78
00
00
30
30
ENDCHAR
STARTCHAR 1EE4
ENCODING 7908
SWIDTH 625 0
DWIDTH 10 0
BBX 8 17 1 -4
BITMAP
E7
42
42
42
42
42
42
42
42
42
42
66
3C
00
00
18
18
ENDCHAR
STARTCHAR 1EE5
ENCODING 7909
SWIDTH 625 0
DWIDTH 10 0
BBX 8 13 1 -4
BITMAP
C6
42
42
42
42
42
42
66
3B
00
00
18
18
ENDCHAR
STARTCHAR 1EE6
ENCODING 7910
SWIDTH 625 0
DWIDTH 10 0
BBX 8 17 1 0
BITMAP
1C
04
0C
00
E7
42
42
42
42
42
42
42
42
42
42
66
3C
ENDCHAR
STARTCHAR 1EE7
ENCODING 7911
SWIDTH 625 0
DWIDTH 10 0
BBX 8 13 1 0
BITMAP
1C
04
1C
00
C6
42
42
42
42
42
42
66
3B
ENDCHAR
STARTCHAR 1EE8
ENCODING 7912
SWIDTH 625 0
DWIDTH 10 0
BBX 9 16 1 1
BITMAP
0800
1180
0080
E700
4200
4200
4200
4200
4200
4200
4200
4200
4200
4200
6600
3C00
ENDCHAR
STARTCHAR 1EE9
ENCODING 7913
SWIDTH 625 0
DWIDTH 10 0
BBX 9 12 1 1
BITMAP
0800
1180
0080
C700
4200
4200
4200
4200
4200
4200
6600
3B00
ENDCHAR
STARTCHAR 1EEA
ENCODING 7914
SWIDTH 625 0
DWIDTH 10 0
BBX 9 16 1 1
BITMAP
3000
1980
0080
E700
4200
4200
4200
4200
4200
4200
4200
4200
4200
4200
6600
3C00
ENDCHAR
STARTCHAR 1EEB
ENCODING 7915
SWIDTH 625 0
DWIDTH 10 0
BBX 9 12 1 1
BITMAP
3000
1980
0080
C700
4200
4200
4200
4200
4200
4200
6600
3B00
ENDCHAR
STARTCHAR 1EEC
ENCODING 7916
SWIDTH 625 0
DWIDTH 10 0
BBX 9 17 1 0
BITMAP
1C00
0400
0D80
0080
E700
4200
4200
4200
4200
4200
4200
4200
4200
4200
4200
6600
3C00
ENDCHAR
STARTCHAR 1EED
ENCODING 7917
SWIDTH 625 0
DWIDTH 10 0
BBX 9 13 1 0
BITMAP
1C00
0400
1D80
0080
C700
4200
4200
4200
4200
4200
4200
6600
3B00
ENDCHAR
STARTCHAR 1EEE
ENCODING 7918
SWIDTH 625 0
DWIDTH 10 0
BBX 9 17 1 0
BITMAP
3200
7E00
4D80
0080
E700
4200
4200
4200
4200
4200
4200
4200
4200
4200
4200
6600
3C00
ENDCHAR
STARTCHAR 1EEF
ENCODING 7919
SWIDTH 625 0
DWIDTH 10 0
BBX 9 13 1 0
BITMAP
3200
7E00
4D80
0080
C700
4200
4200
4200
4200
4200
4200
6600
3B00
ENDCHAR
STARTCHAR 1EF0
ENCODING 7920
SWIDTH 625 0
DWIDTH 10 0
BBX 9 18 1 -4
BITMAP
0180
E780
4200
4200
4200
4200
4200
4200
4200
4200
4200
4200
6600
3C00
0000
0000
1800
1800
ENDCHAR
STARTCHAR 1EF1
ENCODING 7921
SWIDTH 625 0
DWIDTH 10 0
BBX 9 15 1 -4
BITMAP
0180
0080
C700
4200
4200
4200
4200
4200
4200
6600
3B00
0000
0000
1800
1800
ENDCHAR
STARTCHAR 1EF2
ENCODING 7922
SWIDTH 625 0
DWIDTH 10 0
BBX 8 17 1 0
BITMAP
30
10
08
00
E7
66
26
24
34
14
18
08
08
08
08
08
3C
ENDCHAR
STARTCHAR 1EF3
ENCODING 7923
SWIDTH 625 0
DWIDTH 10 0
BBX 8 17 1 -4
BITMAP
20
10
08
00
E7
42
66
24
24
24
18
18
18
18
10
30
60
ENDCHAR
STARTCHAR 1EF4
ENCODING 7924
SWIDTH 625 0
DWIDTH 10 0
BBX 8 17 1 -4
BITMAP
E7
66
26
24
34
14
18
08
08
08
08
08
3C
00
00
18
18
ENDCHAR
STARTCHAR 1EF5
ENCODING 7925
SWIDTH 625 0
DWIDTH 10 0
BBX 8 13 1 -4
BITMAP
E7
42
66
24
24
24
18
18
18
18
10
33
62
ENDCHAR
STARTCHAR 1EF6
ENCODING 7926
SWIDTH 625 0
DWIDTH 10 0
BBX 8 16 1 0
BITMAP
1C
0C
00
E7
66
26
24
34
14
18
08
08
08
08
08
3C
ENDCHAR
STARTCHAR 1EF7
ENCODING 7927
SWIDTH 625 0
DWIDTH 10 0
BBX 8 17 1 -4
BITMAP
1C
04
0C
00
E7
42
66
24
24
24
18
18
18
18
10
30
60
ENDCHAR
STARTCHAR 1EF8
ENCODING 7928
SWIDTH 625 0
DWIDTH 10 0
BBX 8 17 1 0
BITMAP
32
7E
4C
00
E7
66
26
24
34
14
18
08
08
08
08
08
3C
ENDCHAR
STARTCHAR 1EF9
ENCODING 7929
SWIDTH 625 0
DWIDTH 10 0
BBX 8 17 1 -4
BITMAP
32
7E
4C
00
E7
42
66
24
24
24
18
18
18
18
10
30
60
ENDCHAR
STARTCHAR 1EFA
ENCODING 7930
SWIDTH 562 0
DWIDTH 9 0
BBX 7 13 1 0
BITMAP
FC
50
50
50
50
50
50
50
50
50
50
52
FE
ENDCHAR
STARTCHAR 1EFB
ENCODING 7931
SWIDTH 687 0
DWIDTH 11 0
BBX 9 13 1 0
BITMAP
EE00
2200
2200
2200
2200
FF80
2200
2200
2200
2200
2200
2200
FF00
ENDCHAR
STARTCHAR 1EFC
ENCODING 7932
SWIDTH 562 0
DWIDTH 9 0
BBX 6 12 2 1
BITMAP
20
60
40
C0
88
88
8C
84
84
84
CC
78
ENDCHAR
STARTCHAR 1EFD
ENCODING 7933
SWIDTH 562 0
DWIDTH 9 0
BBX 6 12 2 1
BITMAP
30
20
60
40
C8
88
8C
84
84
84
CC
78
ENDCHAR
STARTCHAR 1EFE
ENCODING 7934
SWIDTH 625 0
DWIDTH 10 0
BBX 8 13 1 0
BITMAP
E7
42
66
24
24
2C
18
18
78
98
90
B0
60
ENDCHAR
STARTCHAR 1EFF
ENCODING 7935
SWIDTH 625 0
DWIDTH 10 0
BBX 8 13 1 -4
BITMAP
E7
42
66
24
24
3C
18
18
F8
98
90
B0
60
ENDCHAR
STARTCHAR 1F00
ENCODING 7936
SWIDTH 625 0
DWIDTH 10 0
BBX 7 13 2 0
BITMAP
10
10
10
00
72
CA
8C
84
84
84
8E
CA
72
ENDCHAR
STARTCHAR 1F01
ENCODING 7937
SWIDTH 625 0
DWIDTH 10 0
BBX 7 13 2 0
BITMAP
10
10
10
00
72
CA
8E
84
84
84
8E
CA
72
ENDCHAR
STARTCHAR 1F02
ENCODING 7938
SWIDTH 625 0
DWIDTH 10 0
BBX 7 13 2 0
BITMAP
78
68
44
00
72
CE
8C
84
84
84
8C
CE
72
ENDCHAR
STARTCHAR 1F03
ENCODING 7939
SWIDTH 625 0
DWIDTH 10 0
BBX 7 13 2 0
BITMAP
68
48
24
00
72
CE
8C
84
84
84
8C
CA
72
ENDCHAR
STARTCHAR 1F04
ENCODING 7940
SWIDTH 625 0
DWIDTH 10 0
BBX 7 13 2 0
BITMAP
64
6C
48
00
72
CE
8C
84
84
84
8C
CE
72
ENDCHAR
STARTCHAR 1F05
ENCODING 7941
SWIDTH 625 0
DWIDTH 10 0
BBX 7 13 2 0
BITMAP
64
4C
28
00
72
CE
8C
84
84
84
8C
CA
72
ENDCHAR
STARTCHAR 1F06
ENCODING 7942
SWIDTH 625 0
DWIDTH 10 0
BBX 7 14 2 0
BITMAP
78
5C
10
10
00
72
CA
8C
84
84
84
8E
CA
72
ENDCHAR
STARTCHAR 1F07
ENCODING 7943
SWIDTH 625 0
DWIDTH 10 0
BBX 7 14 2 0
BITMAP
78
54
10
10
00
72
CA
8E
84
84
84
8E
CA
72
ENDCHAR
STARTCHAR 1F08
ENCODING 7944
SWIDTH 625 0
DWIDTH 10 0
BBX 8 14 1 0
BITMAP
80
98
98
18
18
3C
24
24
24
7E
66
42
42
E7
ENDCHAR
STARTCHAR 1F09
ENCODING 7945
SWIDTH 625 0
DWIDTH 10 0
BBX 8 14 1 0
BITMAP
80
98
18
18
18
3C
24
24
24
7E
66
42
42
E7
ENDCHAR
STARTCHAR 1F0A
ENCODING 7946
SWIDTH 625 0
DWIDTH 10 0
BBX 11 14 -2 0
BITMAP
B000
9300
9300
0300
0300
0780
0480
0480
0480
0FC0
0CC0
0840
0840
1CE0
ENDCHAR
STARTCHAR 1F0B
ENCODING 7947
SWIDTH 625 0
DWIDTH 10 0
BBX 11 14 -2 0
BITMAP
F000
9300
1300
0300
0300
0780
0480
0480
0480
0FC0
0CC0
0840
0840
1CE0
ENDCHAR
STARTCHAR 1F0C
ENCODING 7948
SWIDTH 625 0
DWIDTH 10 0
BBX 11 14 -2 0
BITMAP
8800
9300
9300
0300
0300
0780
0480
0480
0480
0FC0
0CC0
0840
0840
1CE0
ENDCHAR
STARTCHAR 1F0D
ENCODING 7949
SWIDTH 625 0
DWIDTH 10 0
BBX 11 14 -2 0
BITMAP
C800
9300
1300
0300
0300
0780
0480
0480
0480
0FC0
0CC0
0840
0840
1CE0
ENDCHAR
STARTCHAR 1F0E
ENCODING 7950
SWIDTH 625 0
DWIDTH 10 0
BBX 9 16 0 0
BITMAP
E000
B000
4000
4C00
4C00
0C00
0C00
1E00
1200
1200
1200
3F00
3300
2100
2100
7380
ENDCHAR
STARTCHAR 1F0F
ENCODING 7951
SWIDTH 625 0
DWIDTH 10 0
BBX 9 16 0 0
BITMAP
E000
B000
4000
4C00
4C00
0C00
0C00
1E00
1200
1200
1200
3F00
3300
2100
2100
7380
ENDCHAR
STARTCHAR 1F10
ENCODING 7952
SWIDTH 562 0
DWIDTH 9 0
BBX 7 13 1 0
BITMAP
10
10
10
00
3C
44
40
40
38
C0
80
C6
7C
ENDCHAR
STARTCHAR 1F11
ENCODING 7953
SWIDTH 562 0
DWIDTH 9 0
BBX 7 13 1 0
BITMAP
10
10
10
00
3C
44
40
40
38
C0
80
C6
7C
ENDCHAR
STARTCHAR 1F12
ENCODING 7954
SWIDTH 562 0
DWIDTH 9 0
BBX 7 13 1 0
BITMAP
28
28
24
00
3C
44
40
40
38
C0
80
C6
7C
ENDCHAR
STARTCHAR 1F13
ENCODING 7955
SWIDTH 562 0
DWIDTH 9 0
BBX 7 13 1 0
BITMAP
28
28
24
00
3C
44
40
40
38
C0
80
C6
7C
ENDCHAR
STARTCHAR 1F14
ENCODING 7956
SWIDTH 562 0
DWIDTH 9 0
BBX 7 13 1 0
BITMAP
24
24
28
00
3C
44
40
40
38
C0
80
C6
7C
ENDCHAR
STARTCHAR 1F15
ENCODING 7957
SWIDTH 562 0
DWIDTH 9 0
BBX 7 13 1 0
BITMAP
24
24
28
00
3C
44
40
40
38
C0
80
C6
7C
ENDCHAR
STARTCHAR 1F18
ENCODING 7960
SWIDTH 625 0
DWIDTH 10 0
BBX 10 14 -2 0
BITMAP
C000
5FC0
8840
0800
0800
0800
0800
0F80
0800
0800
0800
0800
0840
1FC0
ENDCHAR
STARTCHAR 1F19
ENCODING 7961
SWIDTH 625 0
DWIDTH 10 0
BBX 10 14 -2 0
BITMAP
C000
9FC0
4840
0800
0800
0800
0800
0F80
0800
0800
0800
0800
0840
1FC0
ENDCHAR
STARTCHAR 1F1A
ENCODING 7962
SWIDTH 625 0
DWIDTH 10 0
BBX 12 14 -4 0
BITMAP
A000
97F0
9210
0200
0200
0200
0200
03E0
0200
0200
0200
0200
0210
07F0
ENDCHAR
STARTCHAR 1F1B
ENCODING 7963
SWIDTH 625 0
DWIDTH 10 0
BBX 12 14 -4 0
BITMAP
A000
97F0
9210
0200
0200
0200
0200
03E0
0200
0200
0200
0200
0210
07F0
ENDCHAR
STARTCHAR 1F1C
ENCODING 7964
SWIDTH 625 0
DWIDTH 10 0
BBX 12 14 -4 0
BITMAP
9800
97F0
8210
0200
0200
0200
0200
03E0
0200
0200
0200
0200
0210
07F0
ENDCHAR
STARTCHAR 1F1D
ENCODING 7965
SWIDTH 625 0
DWIDTH 10 0
BBX 12 14 -4 0
BITMAP
9800
97F0
8210
0200
0200
0200
0200
03E0
0200
0200
0200
0200
0210
07F0
ENDCHAR
STARTCHAR 1F20
ENCODING 7968
SWIDTH 625 0
DWIDTH 10 0
BBX 7 17 1 -4
BITMAP
18
08
10
00
DC
66
42
42
42
42
42
42
42
02
02
02
02
ENDCHAR
STARTCHAR 1F21
ENCODING 7969
SWIDTH 625 0
DWIDTH 10 0
BBX 7 17 1 -4
BITMAP
18
10
08
00
DC
66
42
42
42
42
42
42
42
02
02
02
02
ENDCHAR
STARTCHAR 1F22
ENCODING 7970
SWIDTH 625 0
DWIDTH 10 0
BBX 7 17 1 -4
BITMAP
28
2C
24
00
DC
66
42
42
42
42
42
42
42
02
02
02
02
ENDCHAR
STARTCHAR 1F23
ENCODING 7971
SWIDTH 625 0
DWIDTH 10 0
BBX 7 17 1 -4
BITMAP
28
2C
24
00
DC
66
42
42
42
42
42
42
42
02
02
02
02
ENDCHAR
STARTCHAR 1F24
ENCODING 7972
SWIDTH 625 0
DWIDTH 10 0
BBX 7 17 1 -4
BITMAP
26
24
2C
00
DC
66
42
42
42
42
42
42
42
02
02
02
02
ENDCHAR
STARTCHAR 1F25
ENCODING 7973
SWIDTH 625 0
DWIDTH 10 0
BBX 7 17 1 -4
BITMAP
26
24
2C
00
DC
66
42
42
42
42
42
42
42
02
02
02
02
ENDCHAR
STARTCHAR 1F26
ENCODING 7974
SWIDTH 625 0
DWIDTH 10 0
BBX 7 18 1 -4
BITMAP
3C
3C
08
10
00
DC
66
42
42
42
42
42
42
42
02
02
02
02
ENDCHAR
STARTCHAR 1F27
ENCODING 7975
SWIDTH 625 0
DWIDTH 10 0
BBX 7 18 1 -4
BITMAP
3C
3C
10
08
00
DC
66
42
42
42
42
42
42
42
02
02
02
02
ENDCHAR
STARTCHAR 1F28
ENCODING 7976
SWIDTH 562 0
DWIDTH 9 0
BBX 10 14 -2 0
BITMAP
8000
B9C0
9080
1080
1080
1080
1080
1F80
1080
1080
1080
1080
1080
39C0
ENDCHAR
STARTCHAR 1F29
ENCODING 7977
SWIDTH 625 0
DWIDTH 10 0
BBX 10 14 -1 0
BITMAP
8000
B9C0
9080
1080
1080
1080
1080
1F80
1080
1080
1080
1080
1080
39C0
ENDCHAR
STARTCHAR 1F2A
ENCODING 7978
SWIDTH 625 0
DWIDTH 10 0
BBX 13 14 -4 0
BITMAP
B000
9738
9210
0210
0210
0210
0210
03F0
0210
0210
0210
0210
0210
0738
ENDCHAR
STARTCHAR 1F2B
ENCODING 7979
SWIDTH 625 0
DWIDTH 10 0
BBX 13 14 -4 0
BITMAP
B000
9738
1210
0210
0210
0210
0210
03F0
0210
0210
0210
0210
0210
0738
ENDCHAR
STARTCHAR 1F2C
ENCODING 7980
SWIDTH 625 0
DWIDTH 10 0
BBX 13 14 -4 0
BITMAP
8800
9738
9210
0210
0210
0210
0210
03F0
0210
0210
0210
0210
0210
0738
ENDCHAR
STARTCHAR 1F2D
ENCODING 7981
SWIDTH 625 0
DWIDTH 10 0
BBX 13 14 -4 0
BITMAP
8800
9738
1210
0210
0210
0210
0210
03F0
0210
0210
0210
0210
0210
0738
ENDCHAR
STARTCHAR 1F2E
ENCODING 7982
SWIDTH 562 0
DWIDTH 9 0
BBX 11 16 -3 0
BITMAP
E000
A000
4000
5CE0
4840
0840
0840
0840
0840
0FC0
0840
0840
0840
0840
0840
1CE0
ENDCHAR
STARTCHAR 1F2F
ENCODING 7983
SWIDTH 625 0
DWIDTH 10 0
BBX 12 16 -3 0
BITMAP
7000
D000
6000
2E70
2420
0420
0420
0420
0420
07E0
0420
0420
0420
0420
0420
0E70
ENDCHAR
STARTCHAR 1F30
ENCODING 7984
SWIDTH 562 0
DWIDTH 9 0
BBX 7 13 1 0
BITMAP
10
10
10
00
F0
10
10
10
10
10
10
18
0E
ENDCHAR
STARTCHAR 1F31
ENCODING 7985
SWIDTH 562 0
DWIDTH 9 0
BBX 7 13 1 0
BITMAP
10
10
10
00
F0
10
10
10
10
10
10
18
0E
ENDCHAR
STARTCHAR 1F32
ENCODING 7986
SWIDTH 562 0
DWIDTH 9 0
BBX 7 13 1 0
BITMAP
78
28
44
00
F0
10
10
10
10
10
10
18
0E
ENDCHAR
STARTCHAR 1F33
ENCODING 7987
SWIDTH 562 0
DWIDTH 9 0
BBX 7 13 1 0
BITMAP
78
48
24
00
F0
10
10
10
10
10
10
18
0E
ENDCHAR
STARTCHAR 1F34
ENCODING 7988
SWIDTH 562 0
DWIDTH 9 0
BBX 7 13 1 0
BITMAP
64
2C
48
00
F0
10
10
10
10
10
10
18
0E
ENDCHAR
STARTCHAR 1F35
ENCODING 7989
SWIDTH 562 0
DWIDTH 9 0
BBX 7 13 1 0
BITMAP
64
4C
28
00
F0
10
10
10
10
10
10
18
0E
ENDCHAR
STARTCHAR 1F36
ENCODING 7990
SWIDTH 562 0
DWIDTH 9 0
BBX 7 14 1 0
BITMAP
38
5C
10
10
00
F0
10
10
10
10
10
10
18
0E
ENDCHAR
STARTCHAR 1F37
ENCODING 7991
SWIDTH 562 0
DWIDTH 9 0
BBX 7 14 1 0
BITMAP
38
5C
10
10
00
F0
10
10
10
10
10
10
18
0E
ENDCHAR
STARTCHAR 1F38
ENCODING 7992
SWIDTH 625 0
DWIDTH 10 0
BBX 9 14 -1 0
BITMAP
C000
5F80
0200
0200
0200
0200
0200
0200
0200
0200
0200
0200
0200
1F80
ENDCHAR
STARTCHAR 1F39
ENCODING 7993
SWIDTH 625 0
DWIDTH 10 0
BBX 8 14 0 0
BITMAP
80
BF
84
04
04
04
04
04
04
04
04
04
04
3F
ENDCHAR
STARTCHAR 1F3A
ENCODING 7994
SWIDTH 625 0
DWIDTH 10 0
BBX 11 14 -3 0
BITMAP
A000
97E0
9080
0080
0080
0080
0080
0080
0080
0080
0080
0080
0080
07E0
ENDCHAR
STARTCHAR 1F3B
ENCODING 7995
SWIDTH 562 0
DWIDTH 9 0
BBX 11 14 -4 0
BITMAP
A000
97E0
1080
0080
0080
0080
0080
0080
0080
0080
0080
0080
0080
07E0
ENDCHAR
STARTCHAR 1F3C
ENCODING 7996
SWIDTH 625 0
DWIDTH 10 0
BBX 11 14 -3 0
BITMAP
9800
97E0
9080
0080
0080
0080
0080
0080
0080
0080
0080
0080
0080
07E0
ENDCHAR
STARTCHAR 1F3D
ENCODING 7997
SWIDTH 562 0
DWIDTH 9 0
BBX 11 14 -4 0
BITMAP
9800
97E0
1080
0080
0080
0080
0080
0080
0080
0080
0080
0080
0080
07E0
ENDCHAR
STARTCHAR 1F3E
ENCODING 7998
SWIDTH 625 0
DWIDTH 10 0
BBX 10 16 -2 0
BITMAP
7000
D800
6000
2FC0
0100
0100
0100
0100
0100
0100
0100
0100
0100
0100
0100
0FC0
ENDCHAR
STARTCHAR 1F3F
ENCODING 7999
SWIDTH 625 0
DWIDTH 10 0
BBX 10 16 -2 0
BITMAP
7000
D800
6000
2FC0
2100
0100
0100
0100
0100
0100
0100
0100
0100
0100
0100
0FC0
ENDCHAR
STARTCHAR 1F40
ENCODING 8000
SWIDTH 562 0
DWIDTH 9 0
BBX 6 13 2 0
BITMAP
30
20
20
00
78
CC
84
84
84
84
84
CC
78
ENDCHAR
STARTCHAR 1F41
ENCODING 8001
SWIDTH 562 0
DWIDTH 9 0
BBX 6 13 2 0
BITMAP
30
20
10
00
78
CC
84
84
84
84
84
CC
78
ENDCHAR
STARTCHAR 1F42
ENCODING 8002
SWIDTH 562 0
DWIDTH 9 0
BBX 6 13 2 0
BITMAP
50
58
48
00
78
CC
84
84
84
84
84
CC
78
ENDCHAR
STARTCHAR 1F43
ENCODING 8003
SWIDTH 562 0
DWIDTH 9 0
BBX 6 13 2 0
BITMAP
50
58
48
00
78
CC
84
84
84
84
84
CC
78
ENDCHAR
STARTCHAR 1F44
ENCODING 8004
SWIDTH 562 0
DWIDTH 9 0
BBX 6 13 2 0
BITMAP
4C
48
58
00
78
CC
84
84
84
84
84
CC
78
ENDCHAR
STARTCHAR 1F45
ENCODING 8005
SWIDTH 562 0
DWIDTH 9 0
BBX 6 13 2 0
BITMAP
4C
48
58
00
78
CC
84
84
84
84
84
CC
78
ENDCHAR
STARTCHAR 1F48
ENCODING 8008
SWIDTH 562 0
DWIDTH 9 0
BBX 8 14 0 0
BITMAP
80
9E
B3
21
21
21
21
21
21
21
21
21
33
1E
ENDCHAR
STARTCHAR 1F49
ENCODING 8009
SWIDTH 562 0
DWIDTH 9 0
BBX 8 14 0 0
BITMAP
80
9E
B3
21
21
21
21
21
21
21
21
21
33
1E
ENDCHAR
STARTCHAR 1F4A
ENCODING 8010
SWIDTH 562 0
DWIDTH 9 0
BBX 11 14 -3 0
BITMAP
A000
93C0
9660
0420
0420
0420
0420
0420
0420
0420
0420
0420
0660
03C0
ENDCHAR
STARTCHAR 1F4B
ENCODING 8011
SWIDTH 562 0
DWIDTH 9 0
BBX 11 14 -3 0
BITMAP
A000
93C0
9660
0420
0420
0420
0420
0420
0420
0420
0420
0420
0660
03C0
ENDCHAR
STARTCHAR 1F4C
ENCODING 8012
SWIDTH 562 0
DWIDTH 9 0
BBX 11 14 -3 0
BITMAP
9800
93C0
B660
0420
0420
0420
0420
0420
0420
0420
0420
0420
0660
03C0
ENDCHAR
STARTCHAR 1F4D
ENCODING 8013
SWIDTH 562 0
DWIDTH 9 0
BBX 11 14 -3 0
BITMAP
9800
93C0
B660
0420
0420
0420
0420
0420
0420
0420
0420
0420
0660
03C0
ENDCHAR
STARTCHAR 1F50
ENCODING 8016
SWIDTH 562 0
DWIDTH 9 0
BBX 7 13 1 0
BITMAP
18
10
10
00
C4
46
42
42
42
42
46
64
38
ENDCHAR
STARTCHAR 1F51
ENCODING 8017
SWIDTH 562 0
DWIDTH 9 0
BBX 7 13 1 0
BITMAP
18
10
00
00
C4
46
42
42
42
42
46
64
38
ENDCHAR
STARTCHAR 1F52
ENCODING 8018
SWIDTH 562 0
DWIDTH 9 0
BBX 7 13 1 0
BITMAP
28
2C
24
00
C4
46
42
42
42
42
46
64
38
ENDCHAR
STARTCHAR 1F53
ENCODING 8019
SWIDTH 562 0
DWIDTH 9 0
BBX 7 13 1 0
BITMAP
28
2C
24
00
C4
46
42
42
42
42
46
64
38
ENDCHAR
STARTCHAR 1F54
ENCODING 8020
SWIDTH 562 0
DWIDTH 9 0
BBX 7 13 1 0
BITMAP
26
24
28
00
C4
46
42
42
42
42
46
64
38
ENDCHAR
STARTCHAR 1F55
ENCODING 8021
SWIDTH 562 0
DWIDTH 9 0
BBX 7 13 1 0
BITMAP
26
24
28
00
C4
46
42
42
42
42
46
64
38
ENDCHAR
STARTCHAR 1F56
ENCODING 8022
SWIDTH 562 0
DWIDTH 9 0
BBX 7 15 1 0
BITMAP
10
3C
3C
10
10
00
C4
46
42
42
42
42
46
64
38
ENDCHAR
STARTCHAR 1F57
ENCODING 8023
SWIDTH 562 0
DWIDTH 9 0
BBX 7 15 1 0
BITMAP
10
3C
3C
10
00
00
C4
46
42
42
42
42
46
64
38
ENDCHAR
STARTCHAR 1F59
ENCODING 8025
SWIDTH 625 0
DWIDTH 10 0
BBX 10 14 -1 0
BITMAP
8000
B9C0
9980
0980
0900
0D00
0500
0600
0200
0200
0200
0200
0200
0F00
ENDCHAR
STARTCHAR 1F5B
ENCODING 8027
SWIDTH 625 0
DWIDTH 10 0
BBX 13 14 -4 0
BITMAP
A000
9738
9330
0130
0120
01A0
00A0
00C0
0040
0040
0040
0040
0040
01E0
ENDCHAR
STARTCHAR 1F5D
ENCODING 8029
SWIDTH 625 0
DWIDTH 10 0
BBX 13 14 -4 0
BITMAP
9800
9738
8330
0130
0120
01A0
00A0
00C0
0040
0040
0040
0040
0040
01E0
ENDCHAR
STARTCHAR 1F5F
ENCODING 8031
SWIDTH 625 0
DWIDTH 10 0
BBX 12 16 -3 0
BITMAP
7000
D000
6000
2E70
2660
0260
0240
0340
0140
0180
0080
0080
0080
0080
0080
03C0
ENDCHAR
STARTCHAR 1F60
ENCODING 8032
SWIDTH 562 0
DWIDTH 9 0
BBX 7 13 1 0
BITMAP
10
10
10
00
C4
86
82
92
92
92
92
EE
6C
ENDCHAR
STARTCHAR 1F61
ENCODING 8033
SWIDTH 562 0
DWIDTH 9 0
BBX 7 13 1 0
BITMAP
10
10
10
00
C4
86
82
92
92
92
92
EE
6C
ENDCHAR
STARTCHAR 1F62
ENCODING 8034
SWIDTH 562 0
DWIDTH 9 0
BBX 7 13 1 0
BITMAP
28
28
2C
00
C4
C6
82
92
92
92
92
EE
6C
ENDCHAR
STARTCHAR 1F63
ENCODING 8035
SWIDTH 562 0
DWIDTH 9 0
BBX 7 13 1 0
BITMAP
78
48
2C
00
C4
86
82
92
92
92
92
EE
6C
ENDCHAR
STARTCHAR 1F64
ENCODING 8036
SWIDTH 562 0
DWIDTH 9 0
BBX 7 13 1 0
BITMAP
24
2C
28
00
C4
C6
82
92
92
92
92
EE
6C
ENDCHAR
STARTCHAR 1F65
ENCODING 8037
SWIDTH 562 0
DWIDTH 9 0
BBX 7 13 1 0
BITMAP
64
4C
28
00
C4
86
82
92
92
92
92
EE
6C
ENDCHAR
STARTCHAR 1F66
ENCODING 8038
SWIDTH 562 0
DWIDTH 9 0
BBX 7 14 1 0
BITMAP
38
58
10
10
00
C4
86
82
92
92
92
92
EE
6C
ENDCHAR
STARTCHAR 1F67
ENCODING 8039
SWIDTH 562 0
DWIDTH 9 0
BBX 7 14 1 0
BITMAP
38
58
10
10
00
C4
86
82
92
92
92
92
EE
6C
ENDCHAR
STARTCHAR 1F68
ENCODING 8040
SWIDTH 625 0
DWIDTH 10 0
BBX 8 14 0 0
BITMAP
80
9E
B3
21
21
21
21
21
21
21
21
33
12
33
ENDCHAR
STARTCHAR 1F69
ENCODING 8041
SWIDTH 625 0
DWIDTH 10 0
BBX 9 14 -1 0
BITMAP
C000
8F00
5980
1080
1080
1080
1080
1080
1080
1080
1080
1980
0900
1980
ENDCHAR
STARTCHAR 1F6A
ENCODING 8042
SWIDTH 625 0
DWIDTH 10 0
BBX 11 14 -3 0
BITMAP
A000
93C0
9660
0420
0420
0420
0420
0420
0420
0420
0420
0660
0240
0660
ENDCHAR
STARTCHAR 1F6B
ENCODING 8043
SWIDTH 625 0
DWIDTH 10 0
BBX 11 14 -3 0
BITMAP
A000
93C0
9660
0420
0420
0420
0420
0420
0420
0420
0420
0660
0240
0660
ENDCHAR
STARTCHAR 1F6C
ENCODING 8044
SWIDTH 625 0
DWIDTH 10 0
BBX 11 14 -3 0
BITMAP
9800
93C0
A660
0420
0420
0420
0420
0420
0420
0420
0420
0660
0240
0660
ENDCHAR
STARTCHAR 1F6D
ENCODING 8045
SWIDTH 625 0
DWIDTH 10 0
BBX 11 14 -3 0
BITMAP
9800
93C0
A660
0420
0420
0420
0420
0420
0420
0420
0420
0660
0240
0660
ENDCHAR
STARTCHAR 1F6E
ENCODING 8046
SWIDTH 625 0
DWIDTH 10 0
BBX 10 16 -2 0
BITMAP
7000
D000
2000
2780
2CC0
0840
0840
0840
0840
0840
0840
0840
0840
0CC0
0480
0CC0
ENDCHAR
STARTCHAR 1F6F
ENCODING 8047
SWIDTH 625 0
DWIDTH 10 0
BBX 10 16 -2 0
BITMAP
7000
9000
6000
4780
2CC0
0840
0840
0840
0840
0840
0840
0840
0840
0CC0
0480
0CC0
ENDCHAR
STARTCHAR 1F70
ENCODING 8048
SWIDTH 625 0
DWIDTH 10 0
BBX 7 13 2 0
BITMAP
60
30
10
00
76
DC
8C
84
84
84
8C
DE
72
ENDCHAR
STARTCHAR 1F71
ENCODING 8049
SWIDTH 625 0
DWIDTH 10 0
BBX 7 13 2 0
BITMAP
08
18
10
00
76
DC
8C
84
84
84
8C
DE
72
ENDCHAR
STARTCHAR 1F72
ENCODING 8050
SWIDTH 562 0
DWIDTH 9 0
BBX 7 13 1 0
BITMAP
20
30
10
00
3C
44
40
40
38
C0
80
C6
7C
ENDCHAR
STARTCHAR 1F73
ENCODING 8051
SWIDTH 562 0
DWIDTH 9 0
BBX 7 13 1 0
BITMAP
08
18
10
00
3C
44
40
40
38
C0
80
C6
7C
ENDCHAR
STARTCHAR 1F74
ENCODING 8052
SWIDTH 625 0
DWIDTH 10 0
BBX 7 17 1 -4
BITMAP
20
10
08
00
DC
66
42
42
42
42
42
42
42
02
02
02
02
ENDCHAR
STARTCHAR 1F75
ENCODING 8053
SWIDTH 625 0
DWIDTH 10 0
BBX 7 17 1 -4
BITMAP
0C
08
10
00
DC
66
42
42
42
42
42
42
42
02
02
02
02
ENDCHAR
STARTCHAR 1F76
ENCODING 8054
SWIDTH 562 0
DWIDTH 9 0
BBX 7 13 1 0
BITMAP
20
30
10
00
F0
10
10
10
10
10
10
18
0E
ENDCHAR
STARTCHAR 1F77
ENCODING 8055
SWIDTH 562 0
DWIDTH 9 0
BBX 7 13 1 0
BITMAP
08
18
10
00
F0
10
10
10
10
10
10
18
0E
ENDCHAR
STARTCHAR 1F78
ENCODING 8056
SWIDTH 562 0
DWIDTH 9 0
BBX 6 13 2 0
BITMAP
40
20
10
00
78
CC
84
84
84
84
84
CC
78
ENDCHAR
STARTCHAR 1F79
ENCODING 8057
SWIDTH 562 0
DWIDTH 9 0
BBX 6 13 2 0
BITMAP
18
10
20
00
78
CC
84
84
84
84
84
CC
78
ENDCHAR
STARTCHAR 1F7A
ENCODING 8058
SWIDTH 562 0
DWIDTH 9 0
BBX 7 13 1 0
BITMAP
30
10
00
00
C4
46
42
42
42
42
46
64
38
ENDCHAR
STARTCHAR 1F7B
ENCODING 8059
SWIDTH 562 0
DWIDTH 9 0
BBX 7 13 1 0
BITMAP
0C
18
10
00
C4
46
42
42
42
42
46
64
38
ENDCHAR
STARTCHAR 1F7C
ENCODING 8060
SWIDTH 562 0
DWIDTH 9 0
BBX 7 13 1 0
BITMAP
20
30
10
00
C4
86
82
92
92
92
92
EE
6C
ENDCHAR
STARTCHAR 1F7D
ENCODING 8061
SWIDTH 562 0
DWIDTH 9 0
BBX 7 13 1 0
BITMAP
08
10
00
00
C4
86
82
92
92
92
92
EE
6C
ENDCHAR
STARTCHAR 1F80
ENCODING 8064
SWIDTH 625 0
DWIDTH 10 0
BBX 7 17 2 -4
BITMAP
10
10
10
00
76
DC
8C
84
84
84
8C
CE
72
00
00
10
10
ENDCHAR
STARTCHAR 1F81
ENCODING 8065
SWIDTH 625 0
DWIDTH 10 0
BBX 7 17 2 -4
BITMAP
10
10
10
00
72
CE
8C
84
84
84
8C
CA
72
00
00
10
10
ENDCHAR
STARTCHAR 1F82
ENCODING 8066
SWIDTH 625 0
DWIDTH 10 0
BBX 7 17 2 -4
BITMAP
78
68
44
00
72
CE
8C
84
84
84
8C
CA
72
00
00
10
10
ENDCHAR
STARTCHAR 1F83
ENCODING 8067
SWIDTH 625 0
DWIDTH 10 0
BBX 7 17 2 -4
BITMAP
78
48
44
00
72
CE
8C
84
84
84
8C
CA
72
00
00
10
10
ENDCHAR
STARTCHAR 1F84
ENCODING 8068
SWIDTH 625 0
DWIDTH 10 0
BBX 7 17 2 -4
BITMAP
64
6C
48
00
72
CE
8C
84
84
84
8C
CA
72
00
00
10
10
ENDCHAR
STARTCHAR 1F85
ENCODING 8069
SWIDTH 625 0
DWIDTH 10 0
BBX 7 17 2 -4
BITMAP
64
4C
48
00
72
CE
8C
84
84
84
8C
CA
72
00
00
10
10
ENDCHAR
STARTCHAR 1F86
ENCODING 8070
SWIDTH 625 0
DWIDTH 10 0
BBX 7 18 2 -4
BITMAP
78
58
10
10
00
76
DC
8C
84
84
84
8C
CE
72
00
00
10
10
ENDCHAR
STARTCHAR 1F87
ENCODING 8071
SWIDTH 625 0
DWIDTH 10 0
BBX 7 18 2 -4
BITMAP
78
5C
10
10
00
72
CE
8C
84
84
84
8C
CA
72
00
00
10
10
ENDCHAR
STARTCHAR 1F88
ENCODING 8072
SWIDTH 625 0
DWIDTH 10 0
BBX 8 18 1 -4
BITMAP
80
98
98
1C
14
34
34
24
24
3E
66
42
42
E7
00
00
08
08
ENDCHAR
STARTCHAR 1F89
ENCODING 8073
SWIDTH 625 0
DWIDTH 10 0
BBX 8 18 1 -4
BITMAP
80
98
18
1C
14
34
34
24
24
3E
66
42
42
E7
00
00
08
08
ENDCHAR
STARTCHAR 1F8A
ENCODING 8074
SWIDTH 625 0
DWIDTH 10 0
BBX 11 18 -2 -4
BITMAP
B000
9300
9300
0380
0280
0680
0680
0480
0480
07C0
0CC0
0840
0840
1CE0
0000
0000
0100
0100
ENDCHAR
STARTCHAR 1F8B
ENCODING 8075
SWIDTH 625 0
DWIDTH 10 0
BBX 11 18 -2 -4
BITMAP
F000
9300
1300
0380
0280
0680
0680
0480
0480
07C0
0CC0
0840
0840
1CE0
0000
0000
0100
0100
ENDCHAR
STARTCHAR 1F8C
ENCODING 8076
SWIDTH 625 0
DWIDTH 10 0
BBX 11 18 -2 -4
BITMAP
8800
9300
9300
0380
0280
0680
0680
0480
0480
07C0
0CC0
0840
0840
1CE0
0000
0000
0100
0100
ENDCHAR
STARTCHAR 1F8D
ENCODING 8077
SWIDTH 625 0
DWIDTH 10 0
BBX 11 18 -2 -4
BITMAP
C800
9300
1300
0380
0280
0680
0680
0480
0480
07C0
0CC0
0840
0840
1CE0
0000
0000
0100
0100
ENDCHAR
STARTCHAR 1F8E
ENCODING 8078
SWIDTH 625 0
DWIDTH 10 0
BBX 9 19 0 -4
BITMAP
E000
D000
4C00
4C00
0E00
0A00
1A00
1A00
1200
1200
1F00
3300
2100
2100
7380
0000
0000
0400
0400
ENDCHAR
STARTCHAR 1F8F
ENCODING 8079
SWIDTH 625 0
DWIDTH 10 0
BBX 9 19 0 -4
BITMAP
E000
D000
4C00
4C00
0E00
0A00
1A00
1A00
1200
1200
1F00
3300
2100
2100
7380
0000
0000
0400
0400
ENDCHAR
STARTCHAR 1F90
ENCODING 8080
SWIDTH 625 0
DWIDTH 10 0
BBX 7 17 1 -4
BITMAP
18
08
10
00
DC
66
42
42
42
42
42
42
42
02
02
42
42
ENDCHAR
STARTCHAR 1F91
ENCODING 8081
SWIDTH 625 0
DWIDTH 10 0
BBX 7 17 1 -4
BITMAP
18
10
08
00
DC
66
42
42
42
42
42
42
42
02
02
42
42
ENDCHAR
STARTCHAR 1F92
ENCODING 8082
SWIDTH 625 0
DWIDTH 10 0
BBX 7 17 1 -4
BITMAP
28
2C
24
00
DC
66
42
42
42
42
42
42
42
02
02
42
42
ENDCHAR
STARTCHAR 1F93
ENCODING 8083
SWIDTH 625 0
DWIDTH 10 0
BBX 7 17 1 -4
BITMAP
28
2C
24
00
DC
66
42
42
42
42
42
42
42
02
02
42
42
ENDCHAR
STARTCHAR 1F94
ENCODING 8084
SWIDTH 625 0
DWIDTH 10 0
BBX 7 17 1 -4
BITMAP
26
24
2C
00
DC
66
42
42
42
42
42
42
42
02
02
42
42
ENDCHAR
STARTCHAR 1F95
ENCODING 8085
SWIDTH 625 0
DWIDTH 10 0
BBX 7 17 1 -4
BITMAP
26
24
2C
00
DC
66
42
42
42
42
42
42
42
02
02
42
42
ENDCHAR
STARTCHAR 1F96
ENCODING 8086
SWIDTH 625 0
DWIDTH 10 0
BBX 7 18 1 -4
BITMAP
3C
3C
08
10
00
DC
66
42
42
42
42
42
42
42
02
02
42
42
ENDCHAR
STARTCHAR 1F97
ENCODING 8087
SWIDTH 625 0
DWIDTH 10 0
BBX 7 18 1 -4
BITMAP
3C
3C
10
08
00
DC
66
42
42
42
42
42
42
42
02
02
42
42
ENDCHAR
STARTCHAR 1F98
ENCODING 8088
SWIDTH 562 0
DWIDTH 9 0
BBX 10 18 -2 -4
BITMAP
8000
B9C0
9080
1080
1080
1080
1080
1F80
1080
1080
1080
1080
1080
39C0
0000
0000
0200
0200
ENDCHAR
STARTCHAR 1F99
ENCODING 8089
SWIDTH 625 0
DWIDTH 10 0
BBX 10 18 -1 -4
BITMAP
8000
B9C0
9080
1080
1080
1080
1080
1F80
1080
1080
1080
1080
1080
39C0
0000
0000
0200
0200
ENDCHAR
STARTCHAR 1F9A
ENCODING 8090
SWIDTH 625 0
DWIDTH 10 0
BBX 13 18 -4 -4
BITMAP
B000
9738
9210
0210
0210
0210
0210
03F0
0210
0210
0210
0210
0210
0738
0000
0000
0040
0040
ENDCHAR
STARTCHAR 1F9B
ENCODING 8091
SWIDTH 625 0
DWIDTH 10 0
BBX 13 18 -4 -4
BITMAP
B000
9738
1210
0210
0210
0210
0210
03F0
0210
0210
0210
0210
0210
0738
0000
0000
0040
0040
ENDCHAR
STARTCHAR 1F9C
ENCODING 8092
SWIDTH 625 0
DWIDTH 10 0
BBX 13 18 -4 -4
BITMAP
8800
9738
9210
0210
0210
0210
0210
03F0
0210
0210
0210
0210
0210
0738
0000
0000
0040
0040
ENDCHAR
STARTCHAR 1F9D
ENCODING 8093
SWIDTH 625 0
DWIDTH 10 0
BBX 13 18 -4 -4
BITMAP
8800
9738
1210
0210
0210
0210
0210
03F0
0210
0210
0210
0210
0210
0738
0000
0000
0040
0040
ENDCHAR
STARTCHAR 1F9E
ENCODING 8094
SWIDTH 562 0
DWIDTH 9 0
BBX 11 19 -3 -4
BITMAP
E000
D000
5CE0
4840
0840
0840
0840
0840
0FC0
0840
0840
0840
0840
0840
1CE0
0000
0000
0100
0100
ENDCHAR
STARTCHAR 1F9F
ENCODING 8095
SWIDTH 625 0
DWIDTH 10 0
BBX 12 19 -3 -4
BITMAP
7000
B800
2E70
2420
0420
0420
0420
0420
07E0
0420
0420
0420
0420
0420
0E70
0000
0000
0080
0080
ENDCHAR
STARTCHAR 1FA0
ENCODING 8096
SWIDTH 562 0
DWIDTH 9 0
BBX 7 17 1 -4
BITMAP
10
10
10
00
C4
86
82
92
92
92
92
EE
6C
00
00
10
10
ENDCHAR
STARTCHAR 1FA1
ENCODING 8097
SWIDTH 562 0
DWIDTH 9 0
BBX 7 17 1 -4
BITMAP
10
10
10
00
C4
86
82
92
92
92
92
EE
6C
00
00
10
10
ENDCHAR
STARTCHAR 1FA2
ENCODING 8098
SWIDTH 562 0
DWIDTH 9 0
BBX 7 17 1 -4
BITMAP
28
28
2C
00
C4
C6
82
92
92
92
92
EE
6C
00
00
10
10
ENDCHAR
STARTCHAR 1FA3
ENCODING 8099
SWIDTH 562 0
DWIDTH 9 0
BBX 7 17 1 -4
BITMAP
78
48
2C
00
C4
86
82
92
92
92
92
EE
6C
00
00
10
10
ENDCHAR
STARTCHAR 1FA4
ENCODING 8100
SWIDTH 562 0
DWIDTH 9 0
BBX 7 17 1 -4
BITMAP
24
2C
28
00
C4
C6
82
92
92
92
92
EE
6C
00
00
10
10
ENDCHAR
STARTCHAR 1FA5
ENCODING 8101
SWIDTH 562 0
DWIDTH 9 0
BBX 7 17 1 -4
BITMAP
64
4C
28
00
C4
86
82
92
92
92
92
EE
6C
00
00
10
10
ENDCHAR
STARTCHAR 1FA6
ENCODING 8102
SWIDTH 562 0
DWIDTH 9 0
BBX 7 18 1 -4
BITMAP
38
58
10
10
00
C4
86
82
92
92
92
92
EE
6C
00
00
10
10
ENDCHAR
STARTCHAR 1FA7
ENCODING 8103
SWIDTH 562 0
DWIDTH 9 0
BBX 7 18 1 -4
BITMAP
38
58
10
10
00
C4
86
82
92
92
92
92
EE
6C
00
00
10
10
ENDCHAR
STARTCHAR 1FA8
ENCODING 8104
SWIDTH 625 0
DWIDTH 10 0
BBX 8 18 0 -4
BITMAP
80
9E
B3
21
21
21
21
21
21
21
21
33
1A
3B
00
00
04
04
ENDCHAR
STARTCHAR 1FA9
ENCODING 8105
SWIDTH 625 0
DWIDTH 10 0
BBX 9 18 -1 -4
BITMAP
C000
8F00
5980
1080
1080
1080
1080
1080
1080
1080
1080
1980
0D00
1D80
0000
0000
0200
0200
ENDCHAR
STARTCHAR 1FAA
ENCODING 8106
SWIDTH 625 0
DWIDTH 10 0
BBX 11 18 -3 -4
BITMAP
A000
93C0
9660
0420
0420
0420
0420
0420
0420
0420
0420
0660
0340
0760
0000
0000
0080
0080
ENDCHAR
STARTCHAR 1FAB
ENCODING 8107
SWIDTH 625 0
DWIDTH 10 0
BBX 11 18 -3 -4
BITMAP
A000
93C0
9660
0420
0420
0420
0420
0420
0420
0420
0420
0660
0340
0760
0000
0000
0080
0080
ENDCHAR
STARTCHAR 1FAC
ENCODING 8108
SWIDTH 625 0
DWIDTH 10 0
BBX 11 18 -3 -4
BITMAP
9800
93C0
A660
0420
0420
0420
0420
0420
0420
0420
0420
0660
0340
0760
0000
0000
0080
0080
ENDCHAR
STARTCHAR 1FAD
ENCODING 8109
SWIDTH 625 0
DWIDTH 10 0
BBX 11 18 -3 -4
BITMAP
9800
93C0
A660
0420
0420
0420
0420
0420
0420
0420
0420
0660
0340
0760
0000
0000
0080
0080
ENDCHAR
STARTCHAR 1FAE
ENCODING 8110
SWIDTH 625 0
DWIDTH 10 0
BBX 10 19 -2 -4
BITMAP
7000
B000
2780
2CC0
0840
0840
0840
0840
0840
0840
0840
0840
0CC0
0680
0EC0
0000
0000
0100
0100
ENDCHAR
STARTCHAR 1FAF
ENCODING 8111
SWIDTH 625 0
DWIDTH 10 0
BBX 10 19 -2 -4
BITMAP
F000
F000
4780
2CC0
0840
0840
0840
0840
0840
0840
0840
0840
0CC0
0680
0EC0
0000
0000
0100
0100
ENDCHAR
STARTCHAR 1FB0
ENCODING 8112
SWIDTH 625 0
DWIDTH 10 0
BBX 7 13 2 0
BITMAP
C4
4C
38
00
76
DC
8C
84
84
84
8C
DE
72
ENDCHAR
STARTCHAR 1FB1
ENCODING 8113
SWIDTH 625 0
DWIDTH 10 0
BBX 7 12 2 0
BITMAP
FC
00
00
76
DC
8C
84
84
84
8C
DC
76
ENDCHAR
STARTCHAR 1FB2
ENCODING 8114
SWIDTH 625 0
DWIDTH 10 0
BBX 7 17 2 -4
BITMAP
60
30
10
00
72
CE
8C
84
84
84
8C
CA
72
00
00
10
10
ENDCHAR
STARTCHAR 1FB3
ENCODING 8115
SWIDTH 625 0
DWIDTH 10 0
BBX 7 13 2 -4
BITMAP
72
CE
8C
84
84
84
8C
CA
72
00
00
10
10
ENDCHAR
STARTCHAR 1FB4
ENCODING 8116
SWIDTH 625 0
DWIDTH 10 0
BBX 7 17 2 -4
BITMAP
08
18
10
00
72
CE
8C
84
84
84
8C
CA
72
00
00
10
10
ENDCHAR
STARTCHAR 1FB6
ENCODING 8118
SWIDTH 625 0
DWIDTH 10 0
BBX 7 12 2 0
BITMAP
78
44
00
76
DC
8C
84
84
84
8C
DE
72
ENDCHAR
STARTCHAR 1FB7
ENCODING 8119
SWIDTH 625 0
DWIDTH 10 0
BBX 7 16 2 -4
BITMAP
7C
44
00
72
CE
8C
84
84
84
8C
CA
72
00
00
10
10
ENDCHAR
STARTCHAR 1FB8
ENCODING 8120
SWIDTH 625 0
DWIDTH 10 0
BBX 8 17 1 0
BITMAP
66
64
3C
00
18
18
18
18
3C
24
24
24
7E
66
42
42
E7
ENDCHAR
STARTCHAR 1FB9
ENCODING 8121
SWIDTH 625 0
DWIDTH 10 0
BBX 8 16 1 0
BITMAP
7E
00
00
18
18
18
3C
3C
24
24
24
7E
66
42
42
E7
ENDCHAR
STARTCHAR 1FBA
ENCODING 8122
SWIDTH 625 0
DWIDTH 10 0
BBX 9 14 0 1
BITMAP
C000
4C00
0C00
0C00
0C00
1E00
1200
1200
1200
3F00
3300
2100
2100
7380
ENDCHAR
STARTCHAR 1FBB
ENCODING 8123
SWIDTH 625 0
DWIDTH 10 0
BBX 8 14 1 1
BITMAP
C0
98
98
18
18
3C
24
24
24
7E
66
42
42
E7
ENDCHAR
STARTCHAR 1FBC
ENCODING 8124
SWIDTH 625 0
DWIDTH 10 0
BBX 8 17 1 -4
BITMAP
18
18
1C
14
34
34
24
24
3E
66
42
42
E7
00
00
08
08
ENDCHAR
STARTCHAR 1FBD
ENCODING 8125
SWIDTH 625 0
DWIDTH 10 0
BBX 1 3 5 10
BITMAP
80
80
80
ENDCHAR
STARTCHAR 1FBE
ENCODING 8126
SWIDTH 562 0
DWIDTH 9 0
BBX 1 2 4 -4
BITMAP
80
80
ENDCHAR
STARTCHAR 1FBF
ENCODING 8127
SWIDTH 625 0
DWIDTH 10 0
BBX 1 3 5 10
BITMAP
80
80
80
ENDCHAR
STARTCHAR 1FC0
ENCODING 8128
SWIDTH 625 0
DWIDTH 10 0
BBX 6 2 2 11
BITMAP
78
CC
ENDCHAR
STARTCHAR 1FC1
ENCODING 8129
SWIDTH 625 0
DWIDTH 10 0
BBX 6 6 2 10
BITMAP
78
C8
8C
00
CC
CC
ENDCHAR
STARTCHAR 1FC2
ENCODING 8130
SWIDTH 625 0
DWIDTH 10 0
BBX 7 17 1 -4
BITMAP
20
10
08
00
DC
66
42
42
42
42
42
42
42
02
02
42
42
ENDCHAR
STARTCHAR 1FC3
ENCODING 8131
SWIDTH 625 0
DWIDTH 10 0
BBX 7 13 1 -4
BITMAP
DC
66
42
42
42
42
42
42
42
02
02
42
42
ENDCHAR
STARTCHAR 1FC4
ENCODING 8132
SWIDTH 625 0
DWIDTH 10 0
BBX 7 17 1 -4
BITMAP
0C
08
10
00
DC
66
42
42
42
42
42
42
42
02
02
42
42
ENDCHAR
STARTCHAR 1FC6
ENCODING 8134
SWIDTH 625 0
DWIDTH 10 0
BBX 7 16 1 -4
BITMAP
3C
66
00
DC
66
42
42
42
42
42
42
42
02
02
02
02
ENDCHAR
STARTCHAR 1FC7
ENCODING 8135
SWIDTH 625 0
DWIDTH 10 0
BBX 7 16 1 -4
BITMAP
3C
66
00
DC
66
42
42
42
42
42
42
42
02
02
42
42
ENDCHAR
STARTCHAR 1FC8
ENCODING 8136
SWIDTH 625 0
DWIDTH 10 0
BBX 10 14 -2 1
BITMAP
8000
5FC0
4840
0800
0800
0800
0800
0F80
0800
0800
0800
0800
0840
1FC0
ENDCHAR
STARTCHAR 1FC9
ENCODING 8137
SWIDTH 625 0
DWIDTH 10 0
BBX 9 14 -1 1
BITMAP
8000
BF80
1080
1000
1000
1000
1000
1F00
1000
1000
1000
1000
1080
3F80
ENDCHAR
STARTCHAR 1FCA
ENCODING 8138
SWIDTH 625 0
DWIDTH 10 0
BBX 11 14 -2 1
BITMAP
C000
5CE0
4840
0840
0840
0840
0840
0FC0
0840
0840
0840
0840
0840
1CE0
ENDCHAR
STARTCHAR 1FCB
ENCODING 8139
SWIDTH 625 0
DWIDTH 10 0
BBX 10 14 -1 1
BITMAP
C000
B9C0
9080
1080
1080
1080
1080
1F80
1080
1080
1080
1080
1080
39C0
ENDCHAR
STARTCHAR 1FCC
ENCODING 8140
SWIDTH 625 0
DWIDTH 10 0
BBX 8 17 1 -4
BITMAP
E7
42
42
42
42
42
7E
42
42
42
42
42
E7
00
00
08
08
ENDCHAR
STARTCHAR 1FCD
ENCODING 8141
SWIDTH 625 0
DWIDTH 10 0
BBX 4 3 3 10
BITMAP
A0
B0
90
ENDCHAR
STARTCHAR 1FCE
ENCODING 8142
SWIDTH 625 0
DWIDTH 10 0
BBX 5 3 3 10
BITMAP
98
90
A0
ENDCHAR
STARTCHAR 1FCF
ENCODING 8143
SWIDTH 625 0
DWIDTH 10 0
BBX 4 4 3 9
BITMAP
70
90
60
20
ENDCHAR
STARTCHAR 1FD0
ENCODING 8144
SWIDTH 562 0
DWIDTH 9 0
BBX 7 13 1 0
BITMAP
44
6C
38
00
F0
10
10
10
10
10
10
18
0E
ENDCHAR
STARTCHAR 1FD1
ENCODING 8145
SWIDTH 562 0
DWIDTH 9 0
BBX 6 12 2 0
BITMAP
FC
00
00
E0
20
20
20
20
20
20
30
1C
ENDCHAR
STARTCHAR 1FD2
ENCODING 8146
SWIDTH 562 0
DWIDTH 9 0
BBX 7 13 1 0
BITMAP
30
56
10
00
F0
10
10
10
10
10
10
18
0E
ENDCHAR
STARTCHAR 1FD3
ENCODING 8147
SWIDTH 562 0
DWIDTH 9 0
BBX 7 13 1 0
BITMAP
18
56
00
00
F0
10
10
10
10
10
10
18
0E
ENDCHAR
STARTCHAR 1FD6
ENCODING 8150
SWIDTH 562 0
DWIDTH 9 0
BBX 7 12 1 0
BITMAP
7C
44
00
F0
10
10
10
10
10
10
18
0E
ENDCHAR
STARTCHAR 1FD7
ENCODING 8151
SWIDTH 562 0
DWIDTH 9 0
BBX 7 16 1 0
BITMAP
7C
44
00
66
66
00
00
F0
10
10
10
10
10
10
18
0E
ENDCHAR
STARTCHAR 1FD8
ENCODING 8152
SWIDTH 625 0
DWIDTH 10 0
BBX 6 17 2 0
BITMAP
C4
4C
78
00
FC
10
10
10
10
10
10
10
10
10
10
10
FC
ENDCHAR
STARTCHAR 1FD9
ENCODING 8153
SWIDTH 625 0
DWIDTH 10 0
BBX 6 16 2 0
BITMAP
FC
00
00
FC
10
10
10
10
10
10
10
10
10
10
10
FC
ENDCHAR
STARTCHAR 1FDA
ENCODING 8154
SWIDTH 625 0
DWIDTH 10 0
BBX 9 14 -1 1
BITMAP
C000
5F80
4200
0200
0200
0200
0200
0200
0200
0200
0200
0200
0200
1F80
ENDCHAR
STARTCHAR 1FDB
ENCODING 8155
SWIDTH 625 0
DWIDTH 10 0
BBX 8 14 0 1
BITMAP
C0
BF
04
04
04
04
04
04
04
04
04
04
04
3F
ENDCHAR
STARTCHAR 1FDD
ENCODING 8157
SWIDTH 625 0
DWIDTH 10 0
BBX 5 3 3 10
BITMAP
F0
90
98
ENDCHAR
STARTCHAR 1FDE
ENCODING 8158
SWIDTH 625 0
DWIDTH 10 0
BBX 5 3 3 10
BITMAP
C8
98
90
ENDCHAR
STARTCHAR 1FDF
ENCODING 8159
SWIDTH 625 0
DWIDTH 10 0
BBX 4 4 3 9
BITMAP
E0
90
60
40
ENDCHAR
STARTCHAR 1FE0
ENCODING 8160
SWIDTH 562 0
DWIDTH 9 0
BBX 7 13 1 0
BITMAP
64
3C
00
00
C6
46
42
42
42
42
46
64
38
ENDCHAR
STARTCHAR 1FE1
ENCODING 8161
SWIDTH 562 0
DWIDTH 9 0
BBX 7 12 1 0
BITMAP
7E
00
00
C6
46
42
42
42
42
46
64
38
ENDCHAR
STARTCHAR 1FE2
ENCODING 8162
SWIDTH 562 0
DWIDTH 9 0
BBX 7 13 1 0
BITMAP
10
5E
08
00
C6
46
42
42
42
42
46
64
38
ENDCHAR
STARTCHAR 1FE3
ENCODING 8163
SWIDTH 562 0
DWIDTH 9 0
BBX 7 13 1 0
BITMAP
08
56
10
00
C6
46
42
42
42
42
46
64
38
ENDCHAR
STARTCHAR 1FE4
ENCODING 8164
SWIDTH 562 0
DWIDTH 9 0
BBX 6 17 2 -4
BITMAP
30
20
20
00
78
CC
84
84
84
84
84
CC
B8
80
80
80
80
ENDCHAR
STARTCHAR 1FE5
ENCODING 8165
SWIDTH 562 0
DWIDTH 9 0
BBX 6 17 2 -4
BITMAP
30
20
10
00
78
CC
84
84
84
84
84
CC
B8
80
80
80
80
ENDCHAR
STARTCHAR 1FE6
ENCODING 8166
SWIDTH 562 0
DWIDTH 9 0
BBX 7 13 1 0
BITMAP
18
3C
44
00
C4
46
42
42
42
42
46
64
38
ENDCHAR
STARTCHAR 1FE7
ENCODING 8167
SWIDTH 562 0
DWIDTH 9 0
BBX 7 16 1 0
BITMAP
3C
64
00
66
66
00
00
C6
46
42
42
42
42
46
64
38
ENDCHAR
STARTCHAR 1FE8
ENCODING 8168
SWIDTH 625 0
DWIDTH 10 0
BBX 8 17 1 0
BITMAP
66
24
3C
00
E7
66
26
24
34
14
18
08
08
08
08
08
3C
ENDCHAR
STARTCHAR 1FE9
ENCODING 8169
SWIDTH 625 0
DWIDTH 10 0
BBX 8 16 1 0
BITMAP
7E
00
00
E7
66
66
26
34
14
1C
08
08
08
08
08
3C
ENDCHAR
STARTCHAR 1FEA
ENCODING 8170
SWIDTH 625 0
DWIDTH 10 0
BBX 11 14 -2 1
BITMAP
C000
5CE0
4CC0
04C0
0480
0680
0280
0300
0100
0100
0100
0100
0100
0780
ENDCHAR
STARTCHAR 1FEB
ENCODING 8171
SWIDTH 625 0
DWIDTH 10 0
BBX 10 14 -1 1
BITMAP
C000
B9C0
1980
0980
0900
0D00
0500
0600
0200
0200
0200
0200
0200
0F00
ENDCHAR
STARTCHAR 1FEC
ENCODING 8172
SWIDTH 562 0
DWIDTH 9 0
BBX 9 14 -1 0
BITMAP
8000
BF00
9180
1180
1080
1080
1080
1180
1F00
1000
1000
1000
1000
3C00
ENDCHAR
STARTCHAR 1FED
ENCODING 8173
SWIDTH 625 0
DWIDTH 10 0
BBX 6 3 2 10
BITMAP
60
BC
10
ENDCHAR
STARTCHAR 1FEE
ENCODING 8174
SWIDTH 625 0
DWIDTH 10 0
BBX 6 3 2 10
BITMAP
10
AC
20
ENDCHAR
STARTCHAR 1FEF
ENCODING 8175
SWIDTH 625 0
DWIDTH 10 0
BBX 3 3 3 10
BITMAP
80
C0
60
ENDCHAR
STARTCHAR 1FF2
ENCODING 8178
SWIDTH 562 0
DWIDTH 9 0
BBX 7 17 1 -4
BITMAP
20
30
10
00
00
C6
82
92
92
92
92
EE
6C
00
00
10
10
ENDCHAR
STARTCHAR 1FF3
ENCODING 8179
SWIDTH 562 0
DWIDTH 9 0
BBX 7 12 1 -3
BITMAP
C6
82
92
92
92
92
EE
6C
00
00
10
10
ENDCHAR
STARTCHAR 1FF4
ENCODING 8180
SWIDTH 562 0
DWIDTH 9 0
BBX 7 17 1 -4
BITMAP
08
18
30
00
00
C6
82
92
92
92
92
EE
6C
00
00
10
10
ENDCHAR
STARTCHAR 1FF6
ENCODING 8182
SWIDTH 562 0
DWIDTH 9 0
BBX 7 13 1 0
BITMAP
30
7C
44
00
C4
86
82
92
92
92
92
EE
6C
ENDCHAR
STARTCHAR 1FF7
ENCODING 8183
SWIDTH 562 0
DWIDTH 9 0
BBX 7 16 1 -4
BITMAP
38
44
00
00
C6
82
92
92
92
92
EE
6C
00
00
10
10
ENDCHAR
STARTCHAR 1FF8
ENCODING 8184
SWIDTH 562 0
DWIDTH 9 0
BBX 9 14 -1 0
BITMAP
8000
4F00
5980
1080
1080
1080
1080
1080
1080
1080
1080
1080
1980
0F00
ENDCHAR
STARTCHAR 1FF9
ENCODING 8185
SWIDTH 562 0
DWIDTH 9 0
BBX 9 14 -1 0
BITMAP
6000
4F00
D980
1080
1080
1080
1080
1080
1080
1080
1080
1080
1980
0F00
ENDCHAR
STARTCHAR 1FFA
ENCODING 8186
SWIDTH 562 0
DWIDTH 9 0
BBX 9 14 -1 0
BITMAP
8000
4E00
5900
1180
1180
1180
1180
1180
1180
1180
1180
1900
0A00
1B80
ENDCHAR
STARTCHAR 1FFB
ENCODING 8187
SWIDTH 562 0
DWIDTH 9 0
BBX 9 14 -1 0
BITMAP
6000
4E00
9900
1180
1180
1180
1180
1180
1180
1180
1180
1900
0A00
1B80
ENDCHAR
STARTCHAR 1FFC
ENCODING 8188
SWIDTH 625 0
DWIDTH 10 0
BBX 6 17 2 -4
BITMAP
78
CC
84
84
84
84
84
84
84
84
CC
68
EC
00
00
10
10
ENDCHAR
STARTCHAR 1FFD
ENCODING 8189
SWIDTH 625 0
DWIDTH 10 0
BBX 3 3 4 10
BITMAP
60
40
80
ENDCHAR
STARTCHAR 1FFE
ENCODING 8190
SWIDTH 625 0
DWIDTH 10 0
BBX 2 3 4 10
BITMAP
C0
80
80
ENDCHAR
STARTCHAR 2000
ENCODING 8192
SWIDTH 625 0
DWIDTH 10 0
BBX 0 0 0 0
BITMAP
ENDCHAR
STARTCHAR 2001
ENCODING 8193
SWIDTH 1187 0
DWIDTH 19 0
BBX 0 0 0 0
BITMAP
ENDCHAR
STARTCHAR 2002
ENCODING 8194
SWIDTH 625 0
DWIDTH 10 0
BBX 0 0 0 0
BITMAP
ENDCHAR
STARTCHAR 2003
ENCODING 8195
SWIDTH 1187 0
DWIDTH 19 0
BBX 0 0 0 0
BITMAP
ENDCHAR
STARTCHAR 2004
ENCODING 8196
SWIDTH 625 0
DWIDTH 10 0
BBX 0 0 0 0
BITMAP
ENDCHAR
STARTCHAR 2005
ENCODING 8197
SWIDTH 625 0
DWIDTH 10 0
BBX 0 0 0 0
BITMAP
ENDCHAR
STARTCHAR 2006
ENCODING 8198
SWIDTH 625 0
DWIDTH 10 0
BBX 0 0 0 0
BITMAP
ENDCHAR
STARTCHAR 2007
ENCODING 8199
SWIDTH 625 0
DWIDTH 10 0
BBX 0 0 0 0
BITMAP
ENDCHAR
STARTCHAR 2008
ENCODING 8200
SWIDTH 625 0
DWIDTH 10 0
BBX 0 0 0 0
BITMAP
ENDCHAR
STARTCHAR 2009
ENCODING 8201
SWIDTH 625 0
DWIDTH 10 0
BBX 0 0 0 0
BITMAP
ENDCHAR
STARTCHAR 200A
ENCODING 8202
SWIDTH 625 0
DWIDTH 10 0
BBX 0 0 0 0
BITMAP
ENDCHAR
STARTCHAR 200B
ENCODING 8203
SWIDTH 0 0
DWIDTH 0 0
BBX 0 0 0 0
BITMAP
ENDCHAR
STARTCHAR 200C
ENCODING 8204
SWIDTH 0 0
DWIDTH 0 0
BBX 6 22 -3 -4
BITMAP
10
28
44
C4
68
38
10
10
10
10
10
10
10
10
10
10
10
10
10
10
10
10
ENDCHAR
STARTCHAR 200D
ENCODING 8205
SWIDTH 0 0
DWIDTH 0 0
BBX 5 22 -2 -4
BITMAP
88
50
20
50
88
20
20
20
20
20
20
20
20
20
20
20
20
20
20
20
20
20
ENDCHAR
STARTCHAR 2010
ENCODING 8208
SWIDTH 687 0
DWIDTH 11 0
BBX 7 1 2 5
BITMAP
FE
ENDCHAR
STARTCHAR 2011
ENCODING 8209
SWIDTH 687 0
DWIDTH 11 0
BBX 7 1 2 5
BITMAP
FE
ENDCHAR
STARTCHAR 2012
ENCODING 8210
SWIDTH 687 0
DWIDTH 11 0
BBX 7 1 2 5
BITMAP
FE
ENDCHAR
STARTCHAR 2013
ENCODING 8211
SWIDTH 625 0
DWIDTH 10 0
BBX 8 1 1 5
BITMAP
FF
ENDCHAR
STARTCHAR 2014
ENCODING 8212
SWIDTH 1187 0
DWIDTH 19 0
BBX 19 1 0 5
BITMAP
FFFFE0
ENDCHAR
STARTCHAR 2015
ENCODING 8213
SWIDTH 1187 0
DWIDTH 19 0
BBX 19 1 0 5
BITMAP
FFFFE0
ENDCHAR
STARTCHAR 2016
ENCODING 8214
SWIDTH 625 0
DWIDTH 10 0
BBX 4 17 3 -2
BITMAP
90
90
90
90
90
90
90
90
90
90
90
90
90
90
90
90
90
ENDCHAR
STARTCHAR 2017
ENCODING 8215
SWIDTH 687 0
DWIDTH 11 0
BBX 7 3 2 -3
BITMAP
FE
00
FE
ENDCHAR
STARTCHAR 2018
ENCODING 8216
SWIDTH 625 0
DWIDTH 10 0
BBX 2 6 4 7
BITMAP
40
40
80
C0
C0
C0
ENDCHAR
STARTCHAR 2019
ENCODING 8217
SWIDTH 625 0
DWIDTH 10 0
BBX 2 6 4 7
BITMAP
C0
C0
C0
40
40
80
ENDCHAR
STARTCHAR 201A
ENCODING 8218
SWIDTH 625 0
DWIDTH 10 0
BBX 2 6 4 -3
BITMAP
C0
C0
C0
40
40
80
ENDCHAR
STARTCHAR 201B
ENCODING 8219
SWIDTH 625 0
DWIDTH 10 0
BBX 2 6 4 7
BITMAP
C0
C0
C0
80
40
40
ENDCHAR
STARTCHAR 201C
ENCODING 8220
SWIDTH 562 0
DWIDTH 9 0
BBX 7 6 1 7
BITMAP
62
46
84
C6
C6
C6
ENDCHAR
STARTCHAR 201D
ENCODING 8221
SWIDTH 562 0
DWIDTH 9 0
BBX 7 6 1 7
BITMAP
C6
C6
C6
42
44
84
ENDCHAR
STARTCHAR 201E
ENCODING 8222
SWIDTH 562 0
DWIDTH 9 0
BBX 7 6 1 -3
BITMAP
C6
C6
C6
42
44
84
ENDCHAR
STARTCHAR 201F
ENCODING 8223
SWIDTH 562 0
DWIDTH 9 0
BBX 7 6 1 7
BITMAP
C6
C6
C6
84
44
42
ENDCHAR
STARTCHAR 2020
ENCODING 8224
SWIDTH 687 0
DWIDTH 11 0
BBX 7 17 2 -3
BITMAP
10
10
10
10
10
FE
10
10
10
10
10
10
10
10
10
10
10
ENDCHAR
STARTCHAR 2021
ENCODING 8225
SWIDTH 687 0
DWIDTH 11 0
BBX 7 17 2 -3
BITMAP
10
10
10
10
10
FE
10
10
10
10
10
FE
10
10
10
10
10
ENDCHAR
STARTCHAR 2022
ENCODING 8226
SWIDTH 625 0
DWIDTH 10 0
BBX 6 6 2 3
BITMAP
78
FC
FC
FC
FC
78
ENDCHAR
STARTCHAR 2023
ENCODING 8227
SWIDTH 625 0
DWIDTH 10 0
BBX 6 7 2 3
BITMAP
C0
E0
F8
FC
F0
E0
80
ENDCHAR
STARTCHAR 2024
ENCODING 8228
SWIDTH 1187 0
DWIDTH 19 0
BBX 2 3 8 0
BITMAP
C0
C0
C0
ENDCHAR
STARTCHAR 2025
ENCODING 8229
SWIDTH 1250 0
DWIDTH 20 0
BBX 12 3 4 0
BITMAP
C030
E030
E030
ENDCHAR
STARTCHAR 2026
ENCODING 8230
SWIDTH 1250 0
DWIDTH 20 0
BBX 17 3 2 0
BITMAP
C18300
E18380
E18300
ENDCHAR
STARTCHAR 2027
ENCODING 8231
SWIDTH 625 0
DWIDTH 10 0
BBX 3 3 4 4
BITMAP
C0
E0
E0
ENDCHAR
STARTCHAR 2028
ENCODING 8232
SWIDTH 0 0
DWIDTH 0 0
BBX 0 0 0 0
BITMAP
ENDCHAR
STARTCHAR 2029
ENCODING 8233
SWIDTH 0 0
DWIDTH 0 0
BBX 0 0 0 0
BITMAP
ENDCHAR
STARTCHAR 202F
ENCODING 8239
SWIDTH 625 0
DWIDTH 10 0
BBX 0 0 0 0
BITMAP
ENDCHAR
STARTCHAR 2030
ENCODING 8240
SWIDTH 1250 0
DWIDTH 20 0
BBX 13 13 4 0
BITMAP
E300
9200
9600
9400
9C00
F800
1800
1778
3948
2948
6948
4948
C778
ENDCHAR
STARTCHAR 2031
ENCODING 8241
SWIDTH 1250 0
DWIDTH 20 0
BBX 18 13 1 0
BITMAP
E30000
920000
960000
940000
9C0000
F80000
180000
177BC0
394A40
294A40
694A40
494A40
C77380
ENDCHAR
STARTCHAR 2032
ENCODING 8242
SWIDTH 625 0
DWIDTH 10 0
BBX 4 6 3 8
BITMAP
30
20
60
40
40
C0
ENDCHAR
STARTCHAR 2033
ENCODING 8243
SWIDTH 625 0
DWIDTH 10 0
BBX 6 6 2 8
BITMAP
6C
4C
48
C8
98
90
ENDCHAR
STARTCHAR 2034
ENCODING 8244
SWIDTH 625 0
DWIDTH 10 0
BBX 8 6 1 8
BITMAP
49
4B
DB
92
92
B4
ENDCHAR
STARTCHAR 2035
ENCODING 8245
SWIDTH 625 0
DWIDTH 10 0
BBX 3 6 3 8
BITMAP
C0
C0
40
60
20
20
ENDCHAR
STARTCHAR 2036
ENCODING 8246
SWIDTH 625 0
DWIDTH 10 0
BBX 6 6 2 8
BITMAP
90
98
C8
48
4C
64
ENDCHAR
STARTCHAR 2037
ENCODING 8247
SWIDTH 625 0
DWIDTH 10 0
BBX 9 6 0 8
BITMAP
DB00
4900
4900
6D00
2480
2480
ENDCHAR
STARTCHAR 2038
ENCODING 8248
SWIDTH 625 0
DWIDTH 10 0
BBX 7 5 1 -4
BITMAP
18
2C
66
C2
02
ENDCHAR
STARTCHAR 2039
ENCODING 8249
SWIDTH 625 0
DWIDTH 10 0
BBX 4 8 3 1
BITMAP
30
20
40
C0
80
40
60
20
ENDCHAR
STARTCHAR 203A
ENCODING 8250
SWIDTH 625 0
DWIDTH 10 0
BBX 4 8 3 1
BITMAP
80
40
60
20
30
20
40
C0
ENDCHAR
STARTCHAR 203B
ENCODING 8251
SWIDTH 1187 0
DWIDTH 19 0
BBX 17 17 1 -3
BITMAP
40C180
60C300
300600
180C00
0C1800
063000
036000
41C180
E0C180
016000
023000
041800
080800
100400
300200
60C100
40C100
ENDCHAR
STARTCHAR 203C
ENCODING 8252
SWIDTH 562 0
DWIDTH 9 0
BBX 6 13 2 0
BITMAP
88
88
88
88
88
88
88
88
00
00
00
CC
CC
ENDCHAR
STARTCHAR 203D
ENCODING 8253
SWIDTH 625 0
DWIDTH 10 0
BBX 8 13 1 0
BITMAP
9E
D3
71
41
41
63
6E
28
28
00
00
18
18
ENDCHAR
STARTCHAR 203E
ENCODING 8254
SWIDTH 687 0
DWIDTH 11 0
BBX 7 1 2 11
BITMAP
FE
ENDCHAR
STARTCHAR 203F
ENCODING 8255
SWIDTH 625 0
DWIDTH 10 0
BBX 6 2 2 -1
BITMAP
84
F8
ENDCHAR
STARTCHAR 2040
ENCODING 8256
SWIDTH 625 0
DWIDTH 10 0
BBX 6 2 2 12
BITMAP
78
8C
ENDCHAR
STARTCHAR 2041
ENCODING 8257
SWIDTH 625 0
DWIDTH 10 0
BBX 7 8 1 -4
BITMAP
02
06
0C
18
18
2C
46
C2
ENDCHAR
STARTCHAR 2042
ENCODING 8258
SWIDTH 1187 0
DWIDTH 19 0
BBX 17 14 1 -1
BITMAP
008000
009000
06B000
03C000
03C000
06B000
109400
128400
D63580
781E00
781E00
D63580
120400
100400
ENDCHAR
STARTCHAR 2043
ENCODING 8259
SWIDTH 687 0
DWIDTH 11 0
BBX 7 1 2 5
BITMAP
FE
ENDCHAR
STARTCHAR 2044
ENCODING 8260
SWIDTH 625 0
DWIDTH 10 0
BBX 6 17 2 -2
BITMAP
04
0C
0C
08
18
18
10
10
30
20
20
60
40
40
C0
80
80
ENDCHAR
STARTCHAR 2045
ENCODING 8261
SWIDTH 625 0
DWIDTH 10 0
BBX 5 16 3 -2
BITMAP
F8
80
80
80
80
80
80
F8
80
80
80
80
80
80
80
F8
ENDCHAR
STARTCHAR 2046
ENCODING 8262
SWIDTH 625 0
DWIDTH 10 0
BBX 5 16 2 -2
BITMAP
F8
08
08
08
08
08
08
F8
08
08
08
08
08
08
08
F8
ENDCHAR
STARTCHAR 2047
ENCODING 8263
SWIDTH 562 0
DWIDTH 9 0
BBX 9 13 0 0
BITMAP
7300
5D00
CD80
0980
0980
1900
3300
2200
2200
0000
0000
3300
3300
ENDCHAR
STARTCHAR 2048
ENCODING 8264
SWIDTH 562 0
DWIDTH 9 0
BBX 8 13 0 0
BITMAP
72
5A
CA
0A
0A
1A
32
22
20
00
00
33
33
ENDCHAR
STARTCHAR 2049
ENCODING 8265
SWIDTH 562 0
DWIDTH 9 0
BBX 7 13 2 0
BITMAP
9C
94
B6
86
86
84
8C
88
08
00
00
CC
CC
ENDCHAR
STARTCHAR 204A
ENCODING 8266
SWIDTH 687 0
DWIDTH 11 0
BBX 7 9 2 0
BITMAP
FE
06
04
0C
0C
08
18
10
10
ENDCHAR
STARTCHAR 204B
ENCODING 8267
SWIDTH 625 0
DWIDTH 10 0
BBX 6 13 2 0
BITMAP
F8
BC
BC
BC
BC
BC
B8
A0
A0
A0
A0
A0
A0
ENDCHAR
STARTCHAR 204C
ENCODING 8268
SWIDTH 687 0
DWIDTH 11 0
BBX 7 7 2 2
BITMAP
7E
F2
F2
F2
F2
F2
7E
ENDCHAR
STARTCHAR 204D
ENCODING 8269
SWIDTH 625 0
DWIDTH 10 0
BBX 6 7 2 2
BITMAP
F8
BC
BC
BC
BC
BC
F8
ENDCHAR
STARTCHAR 204E
ENCODING 8270
SWIDTH 562 0
DWIDTH 9 0
BBX 7 9 1 0
BITMAP
10
10
D6
7C
38
7C
96
10
10
ENDCHAR
STARTCHAR 204F
ENCODING 8271
SWIDTH 625 0
DWIDTH 10 0
BBX 3 12 4 -4
BITMAP
E0
E0
C0
00
00
00
C0
E0
E0
C0
40
60
ENDCHAR
STARTCHAR 2050
ENCODING 8272
SWIDTH 625 0
DWIDTH 10 0
BBX 6 15 2 -1
BITMAP
78
8C
00
00
00
00
00
00
00
00
00
00
00
84
F8
ENDCHAR
STARTCHAR 2051
ENCODING 8273
SWIDTH 562 0
DWIDTH 9 0
BBX 7 14 1 -1
BITMAP
10
12
D6
78
78
D6
10
12
D6
78
78
D6
12
10
ENDCHAR
STARTCHAR 2052
ENCODING 8274
SWIDTH 562 0
DWIDTH 9 0
BBX 7 13 1 0
BITMAP
E2
E4
C4
08
08
18
10
10
20
20
60
46
C6
ENDCHAR
STARTCHAR 2053
ENCODING 8275
SWIDTH 1187 0
DWIDTH 19 0
BBX 16 4 2 3
BITMAP
3C00
6703
818E
00F8
ENDCHAR
STARTCHAR 2054
ENCODING 8276
SWIDTH 625 0
DWIDTH 10 0
BBX 6 2 2 -1
BITMAP
F8
84
ENDCHAR
STARTCHAR 2055
ENCODING 8277
SWIDTH 625 0
DWIDTH 10 0
BBX 8 8 1 5
BITMAP
10
52
54
38
FF
38
56
10
ENDCHAR
STARTCHAR 2056
ENCODING 8278
SWIDTH 625 0
DWIDTH 10 0
BBX 7 9 1 0
BITMAP
06
06
00
40
E0
00
00
06
06
ENDCHAR
STARTCHAR 2057
ENCODING 8279
SWIDTH 625 0
DWIDTH 10 0
BBX 11 6 -1 8
BITMAP
25A0
2D20
6960
4B40
5A40
D2C0
ENDCHAR
STARTCHAR 2058
ENCODING 8280
SWIDTH 625 0
DWIDTH 10 0
BBX 8 9 1 0
BITMAP
18
18
00
C3
C3
00
00
18
18
ENDCHAR
STARTCHAR 2059
ENCODING 8281
SWIDTH 625 0
DWIDTH 10 0
BBX 8 9 1 0
BITMAP
C3
C3
00
18
18
00
00
C3
C3
ENDCHAR
STARTCHAR 205A
ENCODING 8282
SWIDTH 625 0
DWIDTH 10 0
BBX 3 13 4 0
BITMAP
E0
E0
C0
00
00
00
00
00
00
00
C0
E0
E0
ENDCHAR
STARTCHAR 205B
ENCODING 8283
SWIDTH 625 0
DWIDTH 10 0
BBX 8 13 1 0
BITMAP
18
18
00
00
00
00
C3
C3
00
00
00
18
18
ENDCHAR
STARTCHAR 205C
ENCODING 8284
SWIDTH 625 0
DWIDTH 10 0
BBX 8 9 1 0
BITMAP
08
08
CA
08
FF
08
CA
08
08
ENDCHAR
STARTCHAR 205D
ENCODING 8285
SWIDTH 625 0
DWIDTH 10 0
BBX 2 9 4 0
BITMAP
C0
C0
00
C0
C0
00
00
C0
C0
ENDCHAR
STARTCHAR 205E
ENCODING 8286
SWIDTH 625 0
DWIDTH 10 0
BBX 2 12 4 -2
BITMAP
C0
C0
00
C0
C0
00
00
C0
C0
00
C0
C0
ENDCHAR
STARTCHAR 205F
ENCODING 8287
SWIDTH 625 0
DWIDTH 10 0
BBX 0 0 0 0
BITMAP
ENDCHAR
STARTCHAR 2060
ENCODING 8288
SWIDTH 0 0
DWIDTH 0 0
BBX 0 0 0 0
BITMAP
ENDCHAR
STARTCHAR 2061
ENCODING 8289
SWIDTH 0 0
DWIDTH 0 0
BBX 0 0 0 0
BITMAP
ENDCHAR
STARTCHAR 2062
ENCODING 8290
SWIDTH 0 0
DWIDTH 0 0
BBX 0 0 0 0
BITMAP
ENDCHAR
STARTCHAR 2063
ENCODING 8291
SWIDTH 0 0
DWIDTH 0 0
BBX 0 0 0 0
BITMAP
ENDCHAR
STARTCHAR 2064
ENCODING 8292
SWIDTH 0 0
DWIDTH 0 0
BBX 0 0 0 0
BITMAP
ENDCHAR
STARTCHAR 2070
ENCODING 8304
SWIDTH 562 0
DWIDTH 9 0
BBX 5 8 2 5
BITMAP
70
88
98
A8
E8
C8
88
70
ENDCHAR
STARTCHAR 2071
ENCODING 8305
SWIDTH 687 0
DWIDTH 11 0
BBX 5 9 3 5
BITMAP
60
60
00
E0
20
20
20
20
F8
ENDCHAR
STARTCHAR 2074
ENCODING 8308
SWIDTH 562 0
DWIDTH 9 0
BBX 5 8 2 5
BITMAP
18
38
28
48
88
F8
08
38
ENDCHAR
STARTCHAR 2075
ENCODING 8309
SWIDTH 625 0
DWIDTH 10 0
BBX 5 8 3 5
BITMAP
F8
88
80
F0
18
08
18
F0
ENDCHAR
STARTCHAR 2076
ENCODING 8310
SWIDTH 562 0
DWIDTH 9 0
BBX 5 8 2 5
BITMAP
70
88
80
B0
D8
88
88
70
ENDCHAR
STARTCHAR 2077
ENCODING 8311
SWIDTH 562 0
DWIDTH 9 0
BBX 5 8 2 5
BITMAP
F8
88
10
10
30
20
20
40
ENDCHAR
STARTCHAR 2078
ENCODING 8312
SWIDTH 562 0
DWIDTH 9 0
BBX 5 8 2 5
BITMAP
70
88
88
70
98
88
88
70
ENDCHAR
STARTCHAR 2079
ENCODING 8313
SWIDTH 562 0
DWIDTH 9 0
BBX 5 8 2 5
BITMAP
70
88
88
88
F8
08
88
70
ENDCHAR
STARTCHAR 207A
ENCODING 8314
SWIDTH 562 0
DWIDTH 9 0
BBX 5 5 2 6
BITMAP
20
20
F8
20
20
ENDCHAR
STARTCHAR 207B
ENCODING 8315
SWIDTH 625 0
DWIDTH 10 0
BBX 5 1 2 8
BITMAP
F8
ENDCHAR
STARTCHAR 207C
ENCODING 8316
SWIDTH 625 0
DWIDTH 10 0
BBX 5 3 2 8
BITMAP
F8
00
F8
ENDCHAR
STARTCHAR 207D
ENCODING 8317
SWIDTH 625 0
DWIDTH 10 0
BBX 4 11 3 3
BITMAP
30
40
80
80
80
80
80
80
80
C0
70
ENDCHAR
STARTCHAR 207E
ENCODING 8318
SWIDTH 562 0
DWIDTH 9 0
BBX 4 11 3 3
BITMAP
C0
20
10
10
10
10
10
10
10
20
C0
ENDCHAR
STARTCHAR 207F
ENCODING 8319
SWIDTH 625 0
DWIDTH 10 0
BBX 6 6 2 5
BITMAP
F8
44
44
44
44
CC
ENDCHAR
STARTCHAR 2080
ENCODING 8320
SWIDTH 562 0
DWIDTH 9 0
BBX 5 8 2 -2
BITMAP
70
88
98
A8
E8
C8
88
70
ENDCHAR
STARTCHAR 2081
ENCODING 8321
SWIDTH 562 0
DWIDTH 9 0
BBX 5 8 2 -2
BITMAP
60
A0
20
20
20
20
20
F8
ENDCHAR
STARTCHAR 2082
ENCODING 8322
SWIDTH 562 0
DWIDTH 9 0
BBX 5 8 2 -2
BITMAP
70
88
08
18
70
C0
88
F8
ENDCHAR
STARTCHAR 2083
ENCODING 8323
SWIDTH 562 0
DWIDTH 9 0
BBX 5 8 2 -2
BITMAP
F8
90
20
70
08
08
88
70
ENDCHAR
STARTCHAR 2084
ENCODING 8324
SWIDTH 625 0
DWIDTH 10 0
BBX 6 8 2 -2
BITMAP
18
18
28
68
48
FC
08
1C
ENDCHAR
STARTCHAR 2085
ENCODING 8325
SWIDTH 625 0
DWIDTH 10 0
BBX 5 8 3 -2
BITMAP
F8
88
80
F0
18
08
18
F0
ENDCHAR
STARTCHAR 2086
ENCODING 8326
SWIDTH 562 0
DWIDTH 9 0
BBX 5 8 2 -2
BITMAP
70
88
80
F0
88
88
88
70
ENDCHAR
STARTCHAR 2087
ENCODING 8327
SWIDTH 562 0
DWIDTH 9 0
BBX 5 8 2 -2
BITMAP
F8
88
10
10
30
20
20
40
ENDCHAR
STARTCHAR 2088
ENCODING 8328
SWIDTH 562 0
DWIDTH 9 0
BBX 5 8 2 -2
BITMAP
70
C8
C8
70
98
88
88
70
ENDCHAR
STARTCHAR 2089
ENCODING 8329
SWIDTH 562 0
DWIDTH 9 0
BBX 5 8 2 -2
BITMAP
70
88
88
88
78
08
88
70
ENDCHAR
STARTCHAR 208A
ENCODING 8330
SWIDTH 562 0
DWIDTH 9 0
BBX 5 5 2 -1
BITMAP
20
20
F8
20
20
ENDCHAR
STARTCHAR 208B
ENCODING 8331
SWIDTH 625 0
DWIDTH 10 0
BBX 5 1 2 2
BITMAP
F8
ENDCHAR
STARTCHAR 208C
ENCODING 8332
SWIDTH 625 0
DWIDTH 10 0
BBX 5 3 2 1
BITMAP
F8
00
F8
ENDCHAR
STARTCHAR 208D
ENCODING 8333
SWIDTH 625 0
DWIDTH 10 0
BBX 4 11 3 -3
BITMAP
30
C0
80
80
80
80
80
80
80
C0
30
ENDCHAR
STARTCHAR 208E
ENCODING 8334
SWIDTH 562 0
DWIDTH 9 0
BBX 4 11 3 -3
BITMAP
C0
20
10
10
10
10
10
10
10
20
C0
ENDCHAR
STARTCHAR 2090
ENCODING 8336
SWIDTH 562 0
DWIDTH 9 0
BBX 6 6 2 -2
BITMAP
70
88
08
78
88
FC
ENDCHAR
STARTCHAR 2091
ENCODING 8337
SWIDTH 625 0
DWIDTH 10 0
BBX 6 6 2 -2
BITMAP
78
C8
88
FC
80
78
ENDCHAR
STARTCHAR 2092
ENCODING 8338
SWIDTH 562 0
DWIDTH 9 0
BBX 5 6 2 -2
BITMAP
70
88
88
88
88
70
ENDCHAR
STARTCHAR 2093
ENCODING 8339
SWIDTH 625 0
DWIDTH 10 0
BBX 6 6 2 -2
BITMAP
CC
78
30
30
78
CC
ENDCHAR
STARTCHAR 2094
ENCODING 8340
SWIDTH 625 0
DWIDTH 10 0
BBX 6 6 2 -2
BITMAP
F8
08
0C
FC
88
78
ENDCHAR
STARTCHAR 2095
ENCODING 8341
SWIDTH 562 0
DWIDTH 9 0
BBX 7 8 1 -2
BITMAP
C0
40
78
44
44
44
44
EE
ENDCHAR
STARTCHAR 2096
ENCODING 8342
SWIDTH 625 0
DWIDTH 10 0
BBX 6 8 2 -2
BITMAP
C0
40
4C
58
70
70
48
EC
ENDCHAR
STARTCHAR 2097
ENCODING 8343
SWIDTH 562 0
DWIDTH 9 0
BBX 5 8 2 -2
BITMAP
E0
20
20
20
20
20
20
F8
ENDCHAR
STARTCHAR 2098
ENCODING 8344
SWIDTH 562 0
DWIDTH 9 0
BBX 6 6 1 -2
BITMAP
FC
54
54
54
54
D4
ENDCHAR
STARTCHAR 2099
ENCODING 8345
SWIDTH 562 0
DWIDTH 9 0
BBX 7 6 1 -2
BITMAP
F8
44
44
44
44
EE
ENDCHAR
STARTCHAR 209A
ENCODING 8346
SWIDTH 562 0
DWIDTH 9 0
BBX 6 8 1 -4
BITMAP
F8
44
44
44
44
78
40
E0
ENDCHAR
STARTCHAR 209B
ENCODING 8347
SWIDTH 562 0
DWIDTH 9 0
BBX 5 6 2 -2
BITMAP
78
88
E0
38
88
F0
ENDCHAR
STARTCHAR 209C
ENCODING 8348
SWIDTH 625 0
DWIDTH 10 0
BBX 5 8 3 -2
BITMAP
40
40
F0
40
40
40
48
30
ENDCHAR
STARTCHAR 20A1
ENCODING 8353
SWIDTH 625 0
DWIDTH 10 0
BBX 8 15 1 -1
BITMAP
09
3B
6E
52
52
54
64
64
68
48
48
52
76
BC
A0
ENDCHAR
STARTCHAR 20A3
ENCODING 8355
SWIDTH 625 0
DWIDTH 10 0
BBX 7 13 1 0
BITMAP
FE
22
22
20
20
F8
20
20
F8
20
20
20
F0
ENDCHAR
STARTCHAR 20A4
ENCODING 8356
SWIDTH 625 0
DWIDTH 10 0
BBX 7 13 1 0
BITMAP
1C
36
26
20
20
F8
20
20
F8
20
60
42
FE
ENDCHAR
STARTCHAR 20A5
ENCODING 8357
SWIDTH 562 0
DWIDTH 9 0
BBX 9 11 0 -1
BITMAP
0200
F700
5F00
4D00
4900
4900
5900
5900
5900
E980
2000
ENDCHAR
STARTCHAR 20A6
ENCODING 8358
SWIDTH 625 0
DWIDTH 10 0
BBX 8 13 1 0
BITMAP
E7
62
62
72
52
FF
5A
FF
4A
4E
46
46
E6
ENDCHAR
STARTCHAR 20A7
ENCODING 8359
SWIDTH 687 0
DWIDTH 11 0
BBX 9 13 1 0
BITMAP
E200
7200
5200
5200
5780
5200
5200
6200
4200
4200
4280
4280
C300
ENDCHAR
STARTCHAR 20A8
ENCODING 8360
SWIDTH 687 0
DWIDTH 11 0
BBX 10 13 0 0
BITMAP
E000
5000
5000
5000
5340
53C0
5240
6200
6180
60C0
6240
5240
DB80
ENDCHAR
STARTCHAR 20A9
ENCODING 8361
SWIDTH 687 0
DWIDTH 11 0
BBX 9 13 1 0
BITMAP
E380
4100
4100
4100
4900
FF80
5900
7700
FF80
3600
3600
3600
2200
ENDCHAR
STARTCHAR 20AA
ENCODING 8362
SWIDTH 625 0
DWIDTH 10 0
BBX 8 9 1 0
BITMAP
FD
85
85
A5
A5
A5
A1
A1
BF
ENDCHAR
STARTCHAR 20AB
ENCODING 8363
SWIDTH 625 0
DWIDTH 10 0
BBX 7 16 2 -3
BITMAP
0C
04
1E
04
74
CC
84
84
84
84
84
CC
76
00
00
FC
ENDCHAR
STARTCHAR 20AC
ENCODING 8364
SWIDTH 687 0
DWIDTH 11 0
BBX 8 13 1 0
BITMAP
3D
63
41
40
40
F0
40
F0
40
40
43
67
3E
ENDCHAR
STARTCHAR 20AD
ENCODING 8365
SWIDTH 625 0
DWIDTH 10 0
BBX 8 13 1 0
BITMAP
43
46
44
4C
48
58
FF
58
48
4C
44
46
42
ENDCHAR
STARTCHAR 20AE
ENCODING 8366
SWIDTH 625 0
DWIDTH 10 0
BBX 7 13 2 0
BITMAP
FE
92
92
10
1C
70
10
1C
70
10
10
10
78
ENDCHAR
STARTCHAR 20AF
ENCODING 8367
SWIDTH 687 0
DWIDTH 11 0
BBX 10 17 0 -4
BITMAP
F000
5800
4800
4800
4980
4AC0
4A40
4A40
4A40
4A40
4A40
5BC0
F280
0200
0200
0200
0200
ENDCHAR
STARTCHAR 20B1
ENCODING 8369
SWIDTH 625 0
DWIDTH 10 0
BBX 8 13 1 0
BITMAP
FC
46
43
FF
FF
43
42
7C
40
40
40
40
F0
ENDCHAR
STARTCHAR 20B2
ENCODING 8370
SWIDTH 625 0
DWIDTH 10 0
BBX 7 15 2 -1
BITMAP
10
78
DC
94
90
90
90
9E
94
94
94
94
DC
74
10
ENDCHAR
STARTCHAR 20B3
ENCODING 8371
SWIDTH 625 0
DWIDTH 10 0
BBX 8 13 1 0
BITMAP
18
18
18
1C
3C
FF
24
FF
66
66
42
42
E7
ENDCHAR
STARTCHAR 20B4
ENCODING 8372
SWIDTH 625 0
DWIDTH 10 0
BBX 8 13 1 0
BITMAP
5C
66
42
02
06
FF
38
FF
40
40
42
66
3A
ENDCHAR
STARTCHAR 20B5
ENCODING 8373
SWIDTH 625 0
DWIDTH 10 0
BBX 6 15 2 -1
BITMAP
10
74
DC
94
90
90
90
90
90
90
90
94
DC
78
10
ENDCHAR
STARTCHAR 20B8
ENCODING 8376
SWIDTH 625 0
DWIDTH 10 0
BBX 7 13 2 0
BITMAP
FE
00
00
FE
92
10
10
10
10
10
10
10
78
ENDCHAR
STARTCHAR 20B9
ENCODING 8377
SWIDTH 625 0
DWIDTH 10 0
BBX 7 12 2 0
BITMAP
FC
38
08
FC
08
18
F0
60
30
18
08
0E
ENDCHAR
STARTCHAR 20BA
ENCODING 8378
SWIDTH 625 0
DWIDTH 10 0
BBX 8 13 0 0
BITMAP
78
20
20
20
2C
70
E0
3C
F0
A0
21
23
7E
ENDCHAR
STARTCHAR 20BC
ENCODING 8380
SWIDTH 687 0
DWIDTH 11 0
BBX 9 11 1 0
BITMAP
0800
0800
1C00
7E00
4B00
4900
4900
4900
4900
4900
E380
ENDCHAR
STARTCHAR 20BD
ENCODING 8381
SWIDTH 625 0
DWIDTH 10 0
BBX 8 13 1 0
BITMAP
FC
22
23
21
21
21
23
FE
20
FC
20
20
F0
ENDCHAR
STARTCHAR 20BE
ENCODING 8382
SWIDTH 625 0
DWIDTH 10 0
BBX 8 15 1 0
BITMAP
28
28
7C
EE
AB
A8
A8
80
80
80
80
80
80
40
FF
ENDCHAR
STARTCHAR 20BF
ENCODING 8383
SWIDTH 625 0
DWIDTH 10 0
BBX 8 17 1 -2
BITMAP
24
24
FC
46
42
42
42
46
7C
46
41
41
41
47
FC
24
24
ENDCHAR
STARTCHAR 20C0
ENCODING 8384
SWIDTH 625 0
DWIDTH 10 0
BBX 6 12 2 -3
BITMAP
74
CC
84
80
80
80
84
CC
78
00
00
FC
ENDCHAR
STARTCHAR 20D0
ENCODING 8400
SWIDTH 0 0
DWIDTH 0 0
BBX 6 2 -8 10
BITMAP
40
FC
ENDCHAR
STARTCHAR 20D1
ENCODING 8401
SWIDTH 0 0
DWIDTH 0 0
BBX 6 2 -8 10
BITMAP
08
FC
ENDCHAR
STARTCHAR 20D2
ENCODING 8402
SWIDTH 0 0
DWIDTH 0 0
BBX 1 14 -5 -3
BITMAP
80
80
80
80
80
80
80
80
80
80
80
80
80
80
ENDCHAR
STARTCHAR 20D3
ENCODING 8403
SWIDTH 0 0
DWIDTH 0 0
BBX 1 10 -5 -1
BITMAP
80
80
80
80
80
80
80
80
80
80
ENDCHAR
STARTCHAR 20D6
ENCODING 8406
SWIDTH 0 0
DWIDTH 0 0
BBX 6 3 -8 9
BITMAP
40
FC
40
ENDCHAR
STARTCHAR 20D7
ENCODING 8407
SWIDTH 0 0
DWIDTH 0 0
BBX 6 2 -8 9
BITMAP
08
FC
ENDCHAR
STARTCHAR 20D8
ENCODING 8408
SWIDTH 0 0
DWIDTH 0 0
BBX 5 4 -2 -2
BITMAP
70
88
88
70
ENDCHAR
STARTCHAR 20DB
ENCODING 8411
SWIDTH 0 0
DWIDTH 0 0
BBX 10 2 -9 10
BITMAP
CCC0
CCC0
ENDCHAR
STARTCHAR 20DC
ENCODING 8412
SWIDTH 0 0
DWIDTH 0 0
BBX 13 2 -11 10
BITMAP
CD98
CD98
ENDCHAR
STARTCHAR 20DD
ENCODING 8413
SWIDTH 0 0
DWIDTH 0 0
BBX 19 19 -14 -5
BITMAP
03F000
0C0E00
100100
200080
400040
400040
800040
800020
800020
800020
800020
800020
800020
800040
400040
200080
300100
080600
07F800
ENDCHAR
STARTCHAR 20E1
ENCODING 8417
SWIDTH 0 0
DWIDTH 0 0
BBX 6 3 -8 9
BITMAP
48
FC
40
ENDCHAR
STARTCHAR 20E5
ENCODING 8421
SWIDTH 0 0
DWIDTH 0 0
BBX 6 14 -8 -3
BITMAP
80
40
40
20
20
20
10
10
10
08
08
08
04
04
ENDCHAR
STARTCHAR 20E6
ENCODING 8422
SWIDTH 0 0
DWIDTH 0 0
BBX 3 14 -6 -3
BITMAP
A0
A0
A0
A0
A0
A0
A0
A0
A0
A0
A0
A0
A0
A0
ENDCHAR
STARTCHAR 20E8
ENCODING 8424
SWIDTH 0 0
DWIDTH 0 0
BBX 10 2 -9 -3
BITMAP
CCC0
CCC0
ENDCHAR
STARTCHAR 20E9
ENCODING 8425
SWIDTH 0 0
DWIDTH 0 0
BBX 10 2 -10 10
BITMAP
FFC0
8040
ENDCHAR
STARTCHAR 20EB
ENCODING 8427
SWIDTH 0 0
DWIDTH 0 0
BBX 8 14 -9 -3
BITMAP
05
05
0A
0A
0C
14
14
28
28
28
50
50
50
A0
ENDCHAR
STARTCHAR 20EC
ENCODING 8428
SWIDTH 0 0
DWIDTH 0 0
BBX 6 1 -8 -4
BITMAP
FC
ENDCHAR
STARTCHAR 20ED
ENCODING 8429
SWIDTH 0 0
DWIDTH 0 0
BBX 5 2 -7 -4
BITMAP
F8
80
ENDCHAR
STARTCHAR 20EE
ENCODING 8430
SWIDTH 0 0
DWIDTH 0 0
BBX 6 3 -8 -4
BITMAP
40
FC
40
ENDCHAR
STARTCHAR 20EF
ENCODING 8431
SWIDTH 0 0
DWIDTH 0 0
BBX 6 2 -8 -4
BITMAP
08
FC
ENDCHAR
STARTCHAR 20F0
ENCODING 8432
SWIDTH 0 0
DWIDTH 0 0
BBX 3 3 -6 10
BITMAP
40
C0
E0
ENDCHAR
STARTCHAR 2100
ENCODING 8448
SWIDTH 625 0
DWIDTH 10 0
BBX 7 13 1 -1
BITMAP
38
24
3C
24
3C
00
FE
00
34
2C
20
24
38
ENDCHAR
STARTCHAR 2101
ENCODING 8449
SWIDTH 625 0
DWIDTH 10 0
BBX 7 13 1 -1
BITMAP
38
24
3C
24
3C
00
FE
00
3C
24
38
04
38
ENDCHAR
STARTCHAR 2102
ENCODING 8450
SWIDTH 625 0
DWIDTH 10 0
BBX 7 12 1 0
BITMAP
38
66
A2
A0
A0
A0
A0
A0
A0
A2
E6
7C
ENDCHAR
STARTCHAR 2103
ENCODING 8451
SWIDTH 625 0
DWIDTH 10 0
BBX 9 12 0 0
BITMAP
E380
A480
4480
0400
0400
0400
0400
0400
0400
0480
0480
0300
ENDCHAR
STARTCHAR 2105
ENCODING 8453
SWIDTH 625 0
DWIDTH 10 0
BBX 7 13 1 -1
BITMAP
14
2C
20
24
38
00
FE
00
38
24
24
24
38
ENDCHAR
STARTCHAR 2106
ENCODING 8454
SWIDTH 625 0
DWIDTH 10 0
BBX 7 13 1 -1
BITMAP
14
2C
20
24
38
00
FE
00
6C
24
24
24
3C
ENDCHAR
STARTCHAR 2107
ENCODING 8455
SWIDTH 625 0
DWIDTH 10 0
BBX 7 12 1 0
BITMAP
7A
46
C2
80
C0
38
40
80
80
82
C6
7C
ENDCHAR
STARTCHAR 2108
ENCODING 8456
SWIDTH 625 0
DWIDTH 10 0
BBX 6 12 2 0
BITMAP
B8
CC
84
04
04
04
3C
04
04
84
CC
78
ENDCHAR
STARTCHAR 2109
ENCODING 8457
SWIDTH 625 0
DWIDTH 10 0
BBX 9 12 0 0
BITMAP
EF80
AF80
6480
0400
0400
0700
0400
0400
0400
0400
0400
0E00
ENDCHAR
STARTCHAR 210C
ENCODING 8460
SWIDTH 625 0
DWIDTH 10 0
BBX 7 16 1 -4
BITMAP
3E
46
40
40
40
5E
66
42
42
42
CC
74
04
04
06
02
ENDCHAR
STARTCHAR 210D
ENCODING 8461
SWIDTH 625 0
DWIDTH 10 0
BBX 7 12 1 0
BITMAP
EE
AA
AA
AA
AA
BA
AA
AA
AA
AA
AA
EE
ENDCHAR
STARTCHAR 210E
ENCODING 8462
SWIDTH 625 0
DWIDTH 10 0
BBX 8 12 0 0
BITMAP
30
30
30
20
2E
33
21
61
63
43
42
E7
ENDCHAR
STARTCHAR 210F
ENCODING 8463
SWIDTH 625 0
DWIDTH 10 0
BBX 8 12 0 0
BITMAP
30
30
78
20
2E
33
21
61
63
43
42
E7
ENDCHAR
STARTCHAR 2111
ENCODING 8465
SWIDTH 625 0
DWIDTH 10 0
BBX 7 12 1 0
BITMAP
32
DC
80
CE
58
18
0C
06
02
42
C2
7C
ENDCHAR
STARTCHAR 2113
ENCODING 8467
SWIDTH 625 0
DWIDTH 10 0
BBX 6 12 2 0
BITMAP
10
28
28
28
28
30
30
60
A0
24
28
38
ENDCHAR
STARTCHAR 2115
ENCODING 8469
SWIDTH 625 0
DWIDTH 10 0
BBX 7 12 1 0
BITMAP
C2
C2
A2
E2
D2
AA
AA
96
9E
8A
86
86
ENDCHAR
STARTCHAR 2116
ENCODING 8470
SWIDTH 625 0
DWIDTH 10 0
BBX 9 12 0 0
BITMAP
B000
9000
D000
D000
D300
D480
F480
B480
B480
B780
9300
D780
ENDCHAR
STARTCHAR 2117
ENCODING 8471
SWIDTH 625 0
DWIDTH 10 0
BBX 8 13 1 -1
BITMAP
3C
42
81
B9
A5
A5
B9
A1
A1
B1
81
42
3C
ENDCHAR
STARTCHAR 2118
ENCODING 8472
SWIDTH 625 0
DWIDTH 10 0
BBX 7 13 1 -4
BITMAP
DC
A4
E2
C2
C2
C2
D2
F6
EC
A0
A0
A0
40
ENDCHAR
STARTCHAR 2119
ENCODING 8473
SWIDTH 625 0
DWIDTH 10 0
BBX 7 12 2 0
BITMAP
F8
AC
AA
AA
AA
AC
B8
A0
A0
A0
A0
E0
ENDCHAR
STARTCHAR 211A
ENCODING 8474
SWIDTH 625 0
DWIDTH 10 0
BBX 7 15 1 -3
BITMAP
38
6C
AA
AA
AA
AA
AA
AA
AA
AA
EE
3C
28
18
0C
ENDCHAR
STARTCHAR 211C
ENCODING 8476
SWIDTH 625 0
DWIDTH 10 0
BBX 9 12 1 0
BITMAP
6C00
B600
A200
E200
6200
AC00
3600
2200
2200
4200
C280
7B00
ENDCHAR
STARTCHAR 211D
ENCODING 8477
SWIDTH 625 0
DWIDTH 10 0
BBX 7 12 1 0
BITMAP
F8
AC
AA
AA
AA
AC
B8
A8
A8
B4
B4
EE
ENDCHAR
STARTCHAR 2120
ENCODING 8480
SWIDTH 625 0
DWIDTH 10 0
BBX 8 5 1 8
BITMAP
FD
87
6B
19
F9
ENDCHAR
STARTCHAR 2121
ENCODING 8481
SWIDTH 625 0
DWIDTH 10 0
BBX 10 12 0 0
BITMAP
E000
E000
4000
4000
5C80
5480
5080
4880
5080
5080
54C0
DCC0
ENDCHAR
STARTCHAR 2122
ENCODING 8482
SWIDTH 625 0
DWIDTH 10 0
BBX 8 5 1 8
BITMAP
FD
4F
4B
49
69
ENDCHAR
STARTCHAR 2124
ENCODING 8484
SWIDTH 625 0
DWIDTH 10 0
BBX 7 12 1 0
BITMAP
FE
0A
0A
14
14
28
28
50
50
E0
A0
FE
ENDCHAR
STARTCHAR 2126
ENCODING 8486
SWIDTH 625 0
DWIDTH 10 0
BBX 7 12 2 0
BITMAP
78
CC
86
86
86
86
86
86
86
C4
48
CE
ENDCHAR
STARTCHAR 2127
ENCODING 8487
SWIDTH 625 0
DWIDTH 10 0
BBX 7 12 2 0
BITMAP
CE
48
C4
86
86
86
86
86
86
86
CC
78
ENDCHAR
STARTCHAR 2128
ENCODING 8488
SWIDTH 625 0
DWIDTH 10 0
BBX 7 12 1 0
BITMAP
72
9C
08
10
20
3C
46
02
02
82
C4
78
ENDCHAR
STARTCHAR 2129
ENCODING 8489
SWIDTH 625 0
DWIDTH 10 0
BBX 7 8 1 0
BITMAP
E0
10
10
10
10
10
10
1E
ENDCHAR
STARTCHAR 212A
ENCODING 8490
SWIDTH 625 0
DWIDTH 10 0
BBX 7 12 2 0
BITMAP
86
8C
88
90
90
A0
E0
B0
90
98
88
84
ENDCHAR
STARTCHAR 212B
ENCODING 8491
SWIDTH 625 0
DWIDTH 10 0
BBX 9 16 1 0
BITMAP
1C00
1400
1C00
0000
1800
1800
1C00
1400
3400
2400
2600
3E00
6200
4200
4300
E780
ENDCHAR
STARTCHAR 212D
ENCODING 8493
SWIDTH 625 0
DWIDTH 10 0
BBX 7 12 1 0
BITMAP
7E
9C
A0
A0
B0
90
90
90
90
C2
C4
7C
ENDCHAR
STARTCHAR 212E
ENCODING 8494
SWIDTH 1187 0
DWIDTH 19 0
BBX 13 12 3 0
BITMAP
0F80
3060
4010
4010
C018
FFF8
C000
C000
4000
4010
2020
1FC0
ENDCHAR
STARTCHAR 2132
ENCODING 8498
SWIDTH 625 0
DWIDTH 10 0
BBX 6 12 2 0
BITMAP
1C
08
08
08
08
08
78
08
08
08
88
FC
ENDCHAR
STARTCHAR 2135
ENCODING 8501
SWIDTH 625 0
DWIDTH 10 0
BBX 6 12 2 0
BITMAP
84
C4
44
44
6C
68
78
D8
98
88
8C
84
ENDCHAR
STARTCHAR 2136
ENCODING 8502
SWIDTH 625 0
DWIDTH 10 0
BBX 7 12 1 0
BITMAP
F8
0C
0C
0C
0C
0C
0C
0C
0C
0C
0C
FE
ENDCHAR
STARTCHAR 2137
ENCODING 8503
SWIDTH 625 0
DWIDTH 10 0
BBX 6 12 2 0
BITMAP
E0
30
10
10
10
10
10
10
38
68
CC
84
ENDCHAR
STARTCHAR 2138
ENCODING 8504
SWIDTH 625 0
DWIDTH 10 0
BBX 7 12 1 0
BITMAP
FE
08
08
08
08
08
08
08
08
08
08
08
ENDCHAR
STARTCHAR 2139
ENCODING 8505
SWIDTH 625 0
DWIDTH 10 0
BBX 5 12 2 0
BITMAP
30
30
30
00
F0
30
30
30
30
30
30
F8
ENDCHAR
STARTCHAR 213A
ENCODING 8506
SWIDTH 625 0
DWIDTH 10 0
BBX 8 6 1 2
BITMAP
7F
C7
85
81
C3
7E
ENDCHAR
STARTCHAR 213B
ENCODING 8507
SWIDTH 625 0
DWIDTH 10 0
BBX 10 12 0 0
BITMAP
C000
C000
8000
8940
8940
D980
9880
9480
9C80
9580
9580
D540
ENDCHAR
STARTCHAR 213C
ENCODING 8508
SWIDTH 625 0
DWIDTH 10 0
BBX 7 8 1 0
BITMAP
FE
6C
6C
6C
6C
6C
6C
6C
ENDCHAR
STARTCHAR 213D
ENCODING 8509
SWIDTH 625 0
DWIDTH 10 0
BBX 7 12 1 -4
BITMAP
E2
62
52
34
2C
2C
1C
18
18
18
18
18
ENDCHAR
STARTCHAR 213E
ENCODING 8510
SWIDTH 625 0
DWIDTH 10 0
BBX 6 12 2 0
BITMAP
FC
A0
A0
A0
A0
A0
A0
A0
A0
A0
A0
E0
ENDCHAR
STARTCHAR 213F
ENCODING 8511
SWIDTH 625 0
DWIDTH 10 0
BBX 7 12 1 0
BITMAP
FE
AA
AA
AA
AA
AA
AA
AA
AA
AA
AA
EE
ENDCHAR
STARTCHAR 2140
ENCODING 8512
SWIDTH 1187 0
DWIDTH 19 0
BBX 13 15 3 -2
BITMAP
FFF8
D000
6800
3400
1600
0B00
0580
0280
0580
0B00
1600
3400
6800
D000
FFF8
ENDCHAR
STARTCHAR 2141
ENCODING 8513
SWIDTH 625 0
DWIDTH 10 0
BBX 7 12 1 0
BITMAP
1C
66
42
42
42
42
F2
02
02
42
66
3C
ENDCHAR
STARTCHAR 2142
ENCODING 8514
SWIDTH 625 0
DWIDTH 10 0
BBX 6 12 1 0
BITMAP
FC
04
04
04
04
04
04
04
04
04
04
04
ENDCHAR
STARTCHAR 2143
ENCODING 8515
SWIDTH 625 0
DWIDTH 10 0
BBX 6 12 1 0
BITMAP
04
04
04
04
04
04
04
04
04
04
04
FC
ENDCHAR
STARTCHAR 2144
ENCODING 8516
SWIDTH 625 0
DWIDTH 10 0
BBX 7 12 1 0
BITMAP
10
10
10
10
10
10
38
28
2C
44
44
C6
ENDCHAR
STARTCHAR 2145
ENCODING 8517
SWIDTH 625 0
DWIDTH 10 0
BBX 8 12 1 0
BITMAP
3C
33
55
55
55
55
66
66
AA
AA
AC
F8
ENDCHAR
STARTCHAR 2146
ENCODING 8518
SWIDTH 625 0
DWIDTH 10 0
BBX 8 12 1 0
BITMAP
07
05
05
05
76
6E
AA
AA
AA
AA
DC
EC
ENDCHAR
STARTCHAR 2147
ENCODING 8519
SWIDTH 625 0
DWIDTH 10 0
BBX 7 9 1 0
BITMAP
3C
66
6A
AA
BE
A0
A0
C4
78
ENDCHAR
STARTCHAR 2148
ENCODING 8520
SWIDTH 625 0
DWIDTH 10 0
BBX 6 13 1 0
BITMAP
1C
14
1C
00
00
38
18
28
28
28
30
30
F8
ENDCHAR
STARTCHAR 2149
ENCODING 8521
SWIDTH 625 0
DWIDTH 10 0
BBX 9 17 -1 -4
BITMAP
0380
0280
0380
0000
0000
0700
0300
0500
0500
0600
0600
0600
0600
0A00
8A00
8C00
7800
ENDCHAR
STARTCHAR 214B
ENCODING 8523
SWIDTH 625 0
DWIDTH 10 0
BBX 7 12 1 0
BITMAP
5C
66
42
42
42
46
FC
46
02
02
66
3C
ENDCHAR
STARTCHAR 214D
ENCODING 8525
SWIDTH 625 0
DWIDTH 10 0
BBX 7 17 1 -3
BITMAP
10
18
18
28
38
24
6C
00
FE
00
14
2C
20
38
0C
24
18
ENDCHAR
STARTCHAR 214E
ENCODING 8526
SWIDTH 625 0
DWIDTH 10 0
BBX 7 8 2 0
BITMAP
1E
0C
0C
0C
7C
0C
8C
FE
ENDCHAR
STARTCHAR 214F
ENCODING 8527
SWIDTH 1187 0
DWIDTH 19 0
BBX 17 4 1 0
BITMAP
3DDE00
255200
3D5E00
FFFF80
ENDCHAR
STARTCHAR 2150
ENCODING 8528
SWIDTH 562 0
DWIDTH 9 0
BBX 6 18 1 -3
BITMAP
10
30
10
10
10
10
38
00
FC
00
00
78
48
08
10
10
10
20
ENDCHAR
STARTCHAR 2151
ENCODING 8529
SWIDTH 625 0
DWIDTH 10 0
BBX 6 18 2 -3
BITMAP
30
50
10
10
10
10
78
00
FC
00
70
48
48
48
78
08
48
70
ENDCHAR
STARTCHAR 2152
ENCODING 8530
SWIDTH 625 0
DWIDTH 10 0
BBX 10 18 0 -3
BITMAP
0C00
1C00
0400
0400
0400
0400
1C00
0000
3F00
0000
0000
6780
E4C0
24C0
2540
2640
2440
F780
ENDCHAR
STARTCHAR 2153
ENCODING 8531
SWIDTH 562 0
DWIDTH 9 0
BBX 7 18 1 -3
BITMAP
10
30
10
10
10
10
38
00
FE
00
00
78
48
10
38
08
48
38
ENDCHAR
STARTCHAR 2154
ENCODING 8532
SWIDTH 625 0
DWIDTH 10 0
BBX 7 18 1 -3
BITMAP
38
6C
04
08
30
20
7C
00
FE
00
00
7C
4C
10
3C
04
44
38
ENDCHAR
STARTCHAR 2155
ENCODING 8533
SWIDTH 562 0
DWIDTH 9 0
BBX 7 17 1 -3
BITMAP
30
30
10
10
10
3C
00
00
FE
00
3C
24
20
38
04
04
38
ENDCHAR
STARTCHAR 2156
ENCODING 8534
SWIDTH 625 0
DWIDTH 10 0
BBX 7 17 1 -3
BITMAP
3C
2C
04
18
20
3C
00
00
FE
00
3C
24
20
3C
04
04
3C
ENDCHAR
STARTCHAR 2157
ENCODING 8535
SWIDTH 625 0
DWIDTH 10 0
BBX 7 17 1 -3
BITMAP
7C
08
10
0C
04
78
00
00
FE
00
3C
24
20
38
04
04
38
ENDCHAR
STARTCHAR 2158
ENCODING 8536
SWIDTH 562 0
DWIDTH 9 0
BBX 7 17 1 -3
BITMAP
18
18
28
28
7C
1C
00
00
FE
00
3C
2C
20
38
04
04
38
ENDCHAR
STARTCHAR 2159
ENCODING 8537
SWIDTH 625 0
DWIDTH 10 0
BBX 6 18 2 -3
BITMAP
30
70
10
10
10
10
78
00
FC
00
00
70
48
40
78
48
48
70
ENDCHAR
STARTCHAR 215A
ENCODING 8538
SWIDTH 625 0
DWIDTH 10 0
BBX 6 18 2 -3
BITMAP
78
48
40
70
08
08
78
00
FC
00
00
70
48
40
78
88
48
70
ENDCHAR
STARTCHAR 215B
ENCODING 8539
SWIDTH 625 0
DWIDTH 10 0
BBX 7 18 2 -3
BITMAP
10
70
10
10
10
10
78
00
00
FE
00
78
68
68
38
48
48
78
ENDCHAR
STARTCHAR 215C
ENCODING 8540
SWIDTH 625 0
DWIDTH 10 0
BBX 6 17 2 -3
BITMAP
78
10
20
18
08
78
00
00
FC
00
30
48
58
30
48
48
78
ENDCHAR
STARTCHAR 215D
ENCODING 8541
SWIDTH 562 0
DWIDTH 9 0
BBX 7 17 1 -3
BITMAP
3C
20
38
04
04
38
00
00
FE
00
38
64
6C
38
64
64
38
ENDCHAR
STARTCHAR 215E
ENCODING 8542
SWIDTH 625 0
DWIDTH 10 0
BBX 7 17 2 -3
BITMAP
7C
08
08
10
10
30
20
00
FE
00
38
48
58
38
48
48
78
ENDCHAR
STARTCHAR 215F
ENCODING 8543
SWIDTH 625 0
DWIDTH 10 0
BBX 7 9 2 6
BITMAP
30
70
10
10
10
10
78
00
FE
ENDCHAR
STARTCHAR 2160
ENCODING 8544
SWIDTH 625 0
DWIDTH 10 0
BBX 6 13 2 0
BITMAP
FC
10
10
10
10
10
10
10
10
10
10
10
FC
ENDCHAR
STARTCHAR 2161
ENCODING 8545
SWIDTH 687 0
DWIDTH 11 0
BBX 9 13 1 0
BITMAP
F780
2100
2100
2100
2100
2100
2100
2100
2100
2100
2100
2100
F780
ENDCHAR
STARTCHAR 2162
ENCODING 8546
SWIDTH 687 0
DWIDTH 11 0
BBX 11 13 0 0
BITMAP
FCE0
4440
4440
4440
4440
4440
4440
4440
4440
4440
4440
4440
FCE0
ENDCHAR
STARTCHAR 2163
ENCODING 8547
SWIDTH 687 0
DWIDTH 11 0
BBX 10 13 1 0
BITMAP
F6C0
2280
2280
2280
2280
2280
2280
2280
2280
2280
2100
2100
F100
ENDCHAR
STARTCHAR 2164
ENCODING 8548
SWIDTH 687 0
DWIDTH 11 0
BBX 9 13 1 0
BITMAP
E380
4100
6300
6300
2200
2200
2200
3600
1400
1400
1400
1C00
1C00
ENDCHAR
STARTCHAR 2165
ENCODING 8549
SWIDTH 687 0
DWIDTH 11 0
BBX 10 13 0 0
BITMAP
DBC0
5100
5100
5100
5100
5100
5100
5100
5100
5100
2100
2100
23C0
ENDCHAR
STARTCHAR 2166
ENCODING 8550
SWIDTH 625 0
DWIDTH 10 0
BBX 10 13 0 0
BITMAP
BDC0
A880
A880
A880
A880
A880
C880
C880
4880
4880
4880
4880
5DC0
ENDCHAR
STARTCHAR 2167
ENCODING 8551
SWIDTH 625 0
DWIDTH 10 0
BBX 10 13 0 0
BITMAP
DEC0
5240
5240
5240
5240
5240
5240
5240
5240
5240
5240
5240
5EC0
ENDCHAR
STARTCHAR 2168
ENCODING 8552
SWIDTH 687 0
DWIDTH 11 0
BBX 10 13 1 0
BITMAP
F6C0
2280
2280
2280
2380
2100
2100
2100
2380
2280
2280
2280
F6C0
ENDCHAR
STARTCHAR 2169
ENCODING 8553
SWIDTH 625 0
DWIDTH 10 0
BBX 8 13 1 0
BITMAP
E7
66
24
24
18
18
18
18
18
24
24
66
E7
ENDCHAR
STARTCHAR 216A
ENCODING 8554
SWIDTH 687 0
DWIDTH 11 0
BBX 10 13 0 0
BITMAP
DBC0
5100
5100
5100
7100
2100
2100
2100
7100
5100
5100
5100
DBC0
ENDCHAR
STARTCHAR 216B
ENCODING 8555
SWIDTH 687 0
DWIDTH 11 0
BBX 11 13 0 0
BITMAP
BCE0
A4C0
C4C0
C4C0
44C0
44C0
44C0
44C0
44C0
C4C0
C4C0
A4C0
BCE0
ENDCHAR
STARTCHAR 216C
ENCODING 8556
SWIDTH 562 0
DWIDTH 9 0
BBX 7 13 1 0
BITMAP
F0
40
40
40
40
40
40
40
40
40
40
42
FE
ENDCHAR
STARTCHAR 216D
ENCODING 8557
SWIDTH 625 0
DWIDTH 10 0
BBX 6 13 2 0
BITMAP
74
CC
84
80
80
80
80
80
80
80
84
CC
78
ENDCHAR
STARTCHAR 216E
ENCODING 8558
SWIDTH 562 0
DWIDTH 9 0
BBX 7 13 1 0
BITMAP
F8
44
46
42
42
42
42
42
42
42
46
44
F8
ENDCHAR
STARTCHAR 216F
ENCODING 8559
SWIDTH 687 0
DWIDTH 11 0
BBX 9 13 1 0
BITMAP
E380
6300
6300
6500
5500
5500
5500
4900
4900
4100
4100
4100
E380
ENDCHAR
STARTCHAR 2170
ENCODING 8560
SWIDTH 625 0
DWIDTH 10 0
BBX 6 13 2 0
BITMAP
30
30
00
00
F0
10
10
10
10
10
10
10
FC
ENDCHAR
STARTCHAR 2171
ENCODING 8561
SWIDTH 687 0
DWIDTH 11 0
BBX 9 13 1 0
BITMAP
2100
2100
0000
0000
E700
2100
2100
2100
2100
2100
2100
2100
F780
ENDCHAR
STARTCHAR 2172
ENCODING 8562
SWIDTH 687 0
DWIDTH 11 0
BBX 11 13 0 0
BITMAP
4880
4880
0000
0000
DCC0
4440
4440
4440
4440
4440
4440
4440
FCE0
ENDCHAR
STARTCHAR 2173
ENCODING 8563
SWIDTH 687 0
DWIDTH 11 0
BBX 10 13 1 0
BITMAP
2000
2000
0000
0000
E6C0
2280
2280
2280
2280
2280
2280
2100
F100
ENDCHAR
STARTCHAR 2174
ENCODING 8564
SWIDTH 687 0
DWIDTH 11 0
BBX 9 9 1 0
BITMAP
E380
6300
6300
2200
3600
3600
1400
1C00
1C00
ENDCHAR
STARTCHAR 2175
ENCODING 8565
SWIDTH 687 0
DWIDTH 11 0
BBX 10 13 0 0
BITMAP
0100
0100
0000
0000
DB00
5100
5100
5100
5100
5100
5100
2100
23C0
ENDCHAR
STARTCHAR 2176
ENCODING 8566
SWIDTH 687 0
DWIDTH 11 0
BBX 11 13 0 0
BITMAP
0880
0880
0000
0000
BCC0
A4C0
A4C0
A4C0
C4C0
C4C0
44C0
44C0
5CE0
ENDCHAR
STARTCHAR 2177
ENCODING 8567
SWIDTH 625 0
DWIDTH 10 0
BBX 10 13 0 0
BITMAP
1280
1280
0000
0000
D6C0
D240
D240
D240
D240
D240
9240
9240
9EC0
ENDCHAR
STARTCHAR 2178
ENCODING 8568
SWIDTH 687 0
DWIDTH 11 0
BBX 10 13 1 0
BITMAP
2000
2000
0000
0000
E6C0
2280
2280
2100
2100
2100
2280
2280
F6C0
ENDCHAR
STARTCHAR 2179
ENCODING 8569
SWIDTH 625 0
DWIDTH 10 0
BBX 8 9 1 0
BITMAP
E7
24
3C
18
18
18
3C
24
E7
ENDCHAR
STARTCHAR 217A
ENCODING 8570
SWIDTH 687 0
DWIDTH 11 0
BBX 10 13 0 0
BITMAP
0100
0100
0000
0000
DB00
5100
5100
2100
2100
2100
5100
5100
DBC0
ENDCHAR
STARTCHAR 217B
ENCODING 8571
SWIDTH 687 0
DWIDTH 11 0
BBX 11 13 0 0
BITMAP
0880
0880
0000
0000
BCC0
A4C0
44C0
44C0
44C0
44C0
44C0
A4C0
BCE0
ENDCHAR
STARTCHAR 217C
ENCODING 8572
SWIDTH 625 0
DWIDTH 10 0
BBX 6 13 2 0
BITMAP
F0
10
10
10
10
10
10
10
10
10
10
10
FC
ENDCHAR
STARTCHAR 217D
ENCODING 8573
SWIDTH 625 0
DWIDTH 10 0
BBX 6 9 2 0
BITMAP
74
CC
84
80
80
80
84
CC
78
ENDCHAR
STARTCHAR 217E
ENCODING 8574
SWIDTH 625 0
DWIDTH 10 0
BBX 7 13 2 0
BITMAP
0C
04
04
04
74
CC
84
84
84
84
84
CC
76
ENDCHAR
STARTCHAR 217F
ENCODING 8575
SWIDTH 562 0
DWIDTH 9 0
BBX 9 9 0 0
BITMAP
F700
5B00
4900
4900
4900
4900
4900
4900
C980
ENDCHAR
STARTCHAR 2180
ENCODING 8576
SWIDTH 562 0
DWIDTH 9 0
BBX 7 13 1 0
BITMAP
7C
D6
92
92
92
92
92
92
92
92
92
D6
7C
ENDCHAR
STARTCHAR 2181
ENCODING 8577
SWIDTH 562 0
DWIDTH 9 0
BBX 8 13 0 0
BITMAP
FC
42
43
71
59
49
49
49
49
79
43
42
FC
ENDCHAR
STARTCHAR 2182
ENCODING 8578
SWIDTH 687 0
DWIDTH 11 0
BBX 9 13 1 0
BITMAP
7F00
C980
BC80
AE80
AA80
AA80
AA80
AA80
AA80
AA80
BE80
C980
7F00
ENDCHAR
STARTCHAR 2183
ENCODING 8579
SWIDTH 562 0
DWIDTH 9 0
BBX 6 13 2 0
BITMAP
B8
CC
84
04
04
04
04
04
04
04
84
CC
78
ENDCHAR
STARTCHAR 2184
ENCODING 8580
SWIDTH 562 0
DWIDTH 9 0
BBX 6 9 2 0
BITMAP
B8
CC
84
04
04
04
84
CC
78
ENDCHAR
STARTCHAR 2185
ENCODING 8581
SWIDTH 625 0
DWIDTH 10 0
BBX 7 17 2 -4
BITMAP
74
CC
84
80
80
80
80
80
80
80
84
CC
74
04
04
04
0E
ENDCHAR
STARTCHAR 2186
ENCODING 8582
SWIDTH 625 0
DWIDTH 10 0
BBX 6 13 2 0
BITMAP
78
10
10
10
10
10
10
10
D4
5C
78
38
30
ENDCHAR
STARTCHAR 2187
ENCODING 8583
SWIDTH 625 0
DWIDTH 10 0
BBX 9 13 0 0
BITMAP
FE00
4300
4180
7C80
4680
7280
5280
5280
7280
4680
7D80
4300
FE00
ENDCHAR
STARTCHAR 2188
ENCODING 8584
SWIDTH 687 0
DWIDTH 11 0
BBX 9 13 1 0
BITMAP
7F00
C980
BE80
FF80
ED80
ED80
ED80
ED80
ED80
FD80
CB80
FF80
7F00
ENDCHAR
STARTCHAR 2189
ENCODING 8585
SWIDTH 625 0
DWIDTH 10 0
BBX 6 18 2 -3
BITMAP
70
48
58
68
68
48
78
00
FC
00
00
78
58
20
38
08
48
70
ENDCHAR
STARTCHAR 218A
ENCODING 8586
SWIDTH 625 0
DWIDTH 10 0
BBX 6 13 2 0
BITMAP
FC
84
84
0C
18
30
60
C0
80
80
84
CC
78
ENDCHAR
STARTCHAR 218B
ENCODING 8587
SWIDTH 625 0
DWIDTH 10 0
BBX 7 13 2 0
BITMAP
7C
C6
86
80
80
80
C0
78
18
30
60
C2
FE
ENDCHAR
STARTCHAR 2190
ENCODING 8592
SWIDTH 1187 0
DWIDTH 19 0
BBX 17 9 1 1
BITMAP
080000
100000
200000
400000
FFFF80
400000
200000
100000
080000
ENDCHAR
STARTCHAR 2191
ENCODING 8593
SWIDTH 1187 0
DWIDTH 19 0
BBX 9 17 5 -3
BITMAP
0800
1C00
2A00
4900
8880
0800
0800
0800
0800
0800
0800
0800
0800
0800
0800
0800
0800
ENDCHAR
STARTCHAR 2192
ENCODING 8594
SWIDTH 1187 0
DWIDTH 19 0
BBX 17 9 1 1
BITMAP
000800
000400
000200
000100
FFFF80
000100
000200
000400
000800
ENDCHAR
STARTCHAR 2193
ENCODING 8595
SWIDTH 1187 0
DWIDTH 19 0
BBX 9 17 5 -3
BITMAP
0800
0800
0800
0800
0800
0800
0800
0800
0800
0800
0800
0800
8880
4900
2A00
1C00
0800
ENDCHAR
STARTCHAR 2194
ENCODING 8596
SWIDTH 1187 0
DWIDTH 19 0
BBX 17 9 1 1
BITMAP
080800
100400
200200
400100
FFFF80
400100
200200
100400
080800
ENDCHAR
STARTCHAR 2195
ENCODING 8597
SWIDTH 1187 0
DWIDTH 19 0
BBX 9 17 5 -3
BITMAP
0800
1C00
2A00
4900
8880
0800
0800
0800
0800
0800
0800
0800
8880
4900
2A00
1C00
0800
ENDCHAR
STARTCHAR 2196
ENCODING 8598
SWIDTH 1187 0
DWIDTH 19 0
BBX 14 14 2 -2
BITMAP
FE00
C000
A000
9000
8800
8400
8200
0100
0080
0040
0020
0010
0008
0004
ENDCHAR
STARTCHAR 2197
ENCODING 8599
SWIDTH 1187 0
DWIDTH 19 0
BBX 14 14 3 -2
BITMAP
01FC
000C
0014
0024
0044
0084
0100
0200
0400
0800
1000
2000
4000
8000
ENDCHAR
STARTCHAR 2198
ENCODING 8600
SWIDTH 1187 0
DWIDTH 19 0
BBX 14 14 3 0
BITMAP
8000
4000
2000
1000
0800
0400
0200
0104
0084
0044
0024
0014
000C
01FC
ENDCHAR
STARTCHAR 2199
ENCODING 8601
SWIDTH 1187 0
DWIDTH 19 0
BBX 14 14 2 0
BITMAP
0004
0008
0010
0020
0040
0080
0100
0200
8400
8800
9000
A000
C000
FE00
ENDCHAR
STARTCHAR 219A
ENCODING 8602
SWIDTH 1187 0
DWIDTH 19 0
BBX 17 10 1 1
BITMAP
081000
101000
201000
402000
FFFF80
404000
204000
104000
088000
008000
ENDCHAR
STARTCHAR 219B
ENCODING 8603
SWIDTH 1187 0
DWIDTH 19 0
BBX 17 11 1 0
BITMAP
008000
008800
008400
010200
010100
FFFF80
020100
020200
040400
040800
040000
ENDCHAR
STARTCHAR 219C
ENCODING 8604
SWIDTH 1187 0
DWIDTH 19 0
BBX 18 9 1 1
BITMAP
080000
180000
300000
407800
F0CC00
6F03C0
300000
180000
080000
ENDCHAR
STARTCHAR 219D
ENCODING 8605
SWIDTH 1187 0
DWIDTH 19 0
BBX 17 9 1 1
BITMAP
000800
000C00
000200
F07900
18C780
0F0100
000200
000C00
000800
ENDCHAR
STARTCHAR 219E
ENCODING 8606
SWIDTH 1187 0
DWIDTH 19 0
BBX 17 9 1 1
BITMAP
090000
120000
240000
480000
FFFF80
480000
240000
120000
090000
ENDCHAR
STARTCHAR 219F
ENCODING 8607
SWIDTH 1187 0
DWIDTH 19 0
BBX 9 17 5 -3
BITMAP
0800
1C00
2A00
4900
9C80
2A00
4900
8880
0800
0800
0800
0800
0800
0800
0800
0800
0800
ENDCHAR
STARTCHAR 21A0
ENCODING 8608
SWIDTH 1187 0
DWIDTH 19 0
BBX 17 9 1 1
BITMAP
004800
002400
001200
000900
FFFF80
000900
001200
002400
004800
ENDCHAR
STARTCHAR 21A1
ENCODING 8609
SWIDTH 1187 0
DWIDTH 19 0
BBX 9 17 5 -3
BITMAP
0800
0800
0800
0800
0800
0800
0800
0800
0800
8880
4900
2A00
9C80
4900
2A00
1C00
0800
ENDCHAR
STARTCHAR 21A2
ENCODING 8610
SWIDTH 1187 0
DWIDTH 19 0
BBX 17 9 1 1
BITMAP
080080
100180
200200
400400
FFF800
400400
200200
100100
080080
ENDCHAR
STARTCHAR 21A3
ENCODING 8611
SWIDTH 1187 0
DWIDTH 19 0
BBX 17 9 1 1
BITMAP
800800
400400
200200
100100
0FFF80
100100
200200
400400
800800
ENDCHAR
STARTCHAR 21A4
ENCODING 8612
SWIDTH 1187 0
DWIDTH 19 0
BBX 17 9 1 1
BITMAP
080080
100080
200080
400080
FFFF80
400080
200080
100080
080080
ENDCHAR
STARTCHAR 21A5
ENCODING 8613
SWIDTH 1187 0
DWIDTH 19 0
BBX 9 17 5 -3
BITMAP
0800
1C00
2A00
4900
8880
0800
0800
0800
0800
0800
0800
0800
0800
0800
0800
0800
FF80
ENDCHAR
STARTCHAR 21A6
ENCODING 8614
SWIDTH 1187 0
DWIDTH 19 0
BBX 17 9 1 1
BITMAP
800800
800C00
800200
800100
FFFF80
800100
800200
800400
800800
ENDCHAR
STARTCHAR 21A7
ENCODING 8615
SWIDTH 1187 0
DWIDTH 19 0
BBX 9 17 5 -3
BITMAP
FF80
0800
0800
0800
0800
0800
0800
0800
0800
0800
0800
0800
8880
4900
2A00
1C00
0800
ENDCHAR
STARTCHAR 21A8
ENCODING 8616
SWIDTH 1187 0
DWIDTH 19 0
BBX 9 17 5 -3
BITMAP
0800
1C00
2A00
4900
8880
0800
0800
0800
0800
0800
0800
C880
6900
2A00
1C00
0800
FF80
ENDCHAR
STARTCHAR 21A9
ENCODING 8617
SWIDTH 1187 0
DWIDTH 19 0
BBX 18 9 1 1
BITMAP
000180
0800C0
100040
2000C0
FFFF80
600000
300000
180000
0C0000
ENDCHAR
STARTCHAR 21AA
ENCODING 8618
SWIDTH 1187 0
DWIDTH 19 0
BBX 17 9 1 1
BITMAP
600000
800400
800200
800100
7FFF80
000180
000300
000600
000C00
ENDCHAR
STARTCHAR 21AB
ENCODING 8619
SWIDTH 1187 0
DWIDTH 19 0
BBX 18 9 1 1
BITMAP
000780
1808C0
300840
4008C0
FFFF80
400800
200800
100800
080800
ENDCHAR
STARTCHAR 21AC
ENCODING 8620
SWIDTH 1187 0
DWIDTH 19 0
BBX 18 9 1 1
BITMAP
780000
8C0400
840200
840180
7FFFC0
040080
040100
040600
040C00
ENDCHAR
STARTCHAR 21AD
ENCODING 8621
SWIDTH 1187 0
DWIDTH 19 0
BBX 17 9 1 1
BITMAP
080800
180C00
300200
407900
F0C780
6F0100
300200
180C00
080800
ENDCHAR
STARTCHAR 21AE
ENCODING 8622
SWIDTH 1187 0
DWIDTH 19 0
BBX 17 10 1 1
BITMAP
082800
104400
204200
408100
FFFF80
408100
210200
110400
090800
020000
ENDCHAR
STARTCHAR 21AF
ENCODING 8623
SWIDTH 1187 0
DWIDTH 19 0
BBX 13 17 4 -3
BITMAP
1000
1000
1000
3000
2000
2000
2000
61E0
4F40
7040
80C0
0880
0480
0488
03B0
03C0
0100
ENDCHAR
STARTCHAR 21B0
ENCODING 8624
SWIDTH 1187 0
DWIDTH 19 0
BBX 11 17 4 -3
BITMAP
1800
3000
6000
FFE0
4020
3020
1820
0020
0020
0020
0020
0020
0020
0020
0020
0020
0020
ENDCHAR
STARTCHAR 21B1
ENCODING 8625
SWIDTH 1187 0
DWIDTH 19 0
BBX 11 17 4 -3
BITMAP
0300
0180
0040
FFE0
8040
8080
8100
8000
8000
8000
8000
8000
8000
8000
8000
8000
8000
ENDCHAR
STARTCHAR 21B2
ENCODING 8626
SWIDTH 1187 0
DWIDTH 19 0
BBX 11 17 4 -3
BITMAP
0020
0020
0020
0020
0020
0020
0020
0020
0020
0020
1820
3020
4020
FFE0
6000
3000
1800
ENDCHAR
STARTCHAR 21B3
ENCODING 8627
SWIDTH 1187 0
DWIDTH 19 0
BBX 11 17 4 -3
BITMAP
8000
8000
8000
8000
8000
8000
8000
8000
8000
8000
8100
8080
8040
FFE0
0040
0180
0300
ENDCHAR
STARTCHAR 21B4
ENCODING 8628
SWIDTH 1187 0
DWIDTH 19 0
BBX 17 17 1 -3
BITMAP
FFF800
000800
000800
000800
000800
000800
000800
000800
000800
000800
000800
000800
008880
004900
002A00
001C00
000800
ENDCHAR
STARTCHAR 21B5
ENCODING 8629
SWIDTH 1187 0
DWIDTH 19 0
BBX 17 17 1 -3
BITMAP
000080
000080
000080
000080
000080
000080
000080
000080
080080
100080
200080
400080
FFFF80
400000
200000
100000
080000
ENDCHAR
STARTCHAR 21B6
ENCODING 8630
SWIDTH 1187 0
DWIDTH 19 0
BBX 16 8 1 4
BITMAP
07F0
0C0C
1806
3002
2003
A801
7001
6000
ENDCHAR
STARTCHAR 21B7
ENCODING 8631
SWIDTH 1187 0
DWIDTH 19 0
BBX 15 8 3 4
BITMAP
1FC0
3060
4010
C018
8008
802A
801E
000C
ENDCHAR
STARTCHAR 21B8
ENCODING 8632
SWIDTH 1187 0
DWIDTH 19 0
BBX 10 13 4 -2
BITMAP
FFC0
0000
0000
FE00
C000
A000
9000
8800
8400
8200
0100
0080
0040
ENDCHAR
STARTCHAR 21B9
ENCODING 8633
SWIDTH 1187 0
DWIDTH 19 0
BBX 17 17 1 -3
BITMAP
840000
880000
900000
A00000
FFFF80
A00000
900000
880000
841080
000880
000480
000280
FFFF80
000280
000480
000880
001080
ENDCHAR
STARTCHAR 21BA
ENCODING 8634
SWIDTH 1187 0
DWIDTH 19 0
BBX 14 15 3 -1
BITMAP
0180
0300
07C0
0330
0198
0008
0004
0004
8004
8004
8004
C008
6018
3030
1FC0
ENDCHAR
STARTCHAR 21BB
ENCODING 8635
SWIDTH 1187 0
DWIDTH 19 0
BBX 14 15 3 -1
BITMAP
0600
0300
1F80
3200
6400
C000
8000
8000
8004
8004
8004
C008
6018
3030
1FC0
ENDCHAR
STARTCHAR 21BC
ENCODING 8636
SWIDTH 1187 0
DWIDTH 19 0
BBX 17 5 1 5
BITMAP
080000
180000
300000
600000
FFFF80
ENDCHAR
STARTCHAR 21BD
ENCODING 8637
SWIDTH 1187 0
DWIDTH 19 0
BBX 17 5 1 1
BITMAP
FFFF80
600000
200000
100000
080000
ENDCHAR
STARTCHAR 21BE
ENCODING 8638
SWIDTH 1187 0
DWIDTH 19 0
BBX 5 17 9 -3
BITMAP
80
C0
E0
90
88
80
80
80
80
80
80
80
80
80
80
80
80
ENDCHAR
STARTCHAR 21BF
ENCODING 8639
SWIDTH 1187 0
DWIDTH 19 0
BBX 5 17 5 -3
BITMAP
08
18
38
68
88
08
08
08
08
08
08
08
08
08
08
08
08
ENDCHAR
STARTCHAR 21C0
ENCODING 8640
SWIDTH 1187 0
DWIDTH 19 0
BBX 17 5 1 5
BITMAP
000800
000400
000200
000100
FFFF80
ENDCHAR
STARTCHAR 21C1
ENCODING 8641
SWIDTH 1187 0
DWIDTH 19 0
BBX 17 5 1 1
BITMAP
FFFF80
000100
000200
000400
000800
ENDCHAR
STARTCHAR 21C2
ENCODING 8642
SWIDTH 1187 0
DWIDTH 19 0
BBX 5 17 9 -3
BITMAP
80
80
80
80
80
80
80
80
80
80
80
80
88
90
A0
C0
80
ENDCHAR
STARTCHAR 21C3
ENCODING 8643
SWIDTH 1187 0
DWIDTH 19 0
BBX 5 17 5 -3
BITMAP
08
08
08
08
08
08
08
08
08
08
08
08
88
48
38
18
08
ENDCHAR
STARTCHAR 21C4
ENCODING 8644
SWIDTH 1187 0
DWIDTH 19 0
BBX 17 17 1 -3
BITMAP
000800
000400
000200
000100
FFFF80
000100
000200
000400
080800
100000
200000
400000
FFFF80
400000
200000
100000
080000
ENDCHAR
STARTCHAR 21C5
ENCODING 8645
SWIDTH 1187 0
DWIDTH 19 0
BBX 17 17 1 -3
BITMAP
080800
1C0800
2A0800
490800
888800
080800
080800
080800
080800
080800
080800
080800
088880
084900
082A00
081C00
080800
ENDCHAR
STARTCHAR 21C6
ENCODING 8646
SWIDTH 1187 0
DWIDTH 19 0
BBX 17 17 1 -3
BITMAP
080000
100000
200000
400000
FFFF80
400000
200000
100000
080800
000400
000200
000100
FFFF80
000100
000200
000400
000800
ENDCHAR
STARTCHAR 21C7
ENCODING 8647
SWIDTH 1187 0
DWIDTH 19 0
BBX 17 17 1 -3
BITMAP
080000
100000
200000
400000
FFFF80
400000
200000
100000
080000
100000
200000
400000
FFFF80
400000
200000
100000
080000
ENDCHAR
STARTCHAR 21C8
ENCODING 8648
SWIDTH 1187 0
DWIDTH 19 0
BBX 17 17 1 -3
BITMAP
080800
1C1C00
2A2A00
494900
888880
080800
080800
080800
080800
080800
080800
080800
080800
080800
080800
080800
080800
ENDCHAR
STARTCHAR 21C9
ENCODING 8649
SWIDTH 1187 0
DWIDTH 19 0
BBX 17 17 1 -3
BITMAP
000800
000400
000200
000100
FFFF80
000100
000200
000400
000800
000400
000200
000100
FFFF80
000100
000200
000400
000800
ENDCHAR
STARTCHAR 21CA
ENCODING 8650
SWIDTH 1187 0
DWIDTH 19 0
BBX 17 17 1 -3
BITMAP
080800
080800
080800
080800
080800
080800
080800
080800
080800
080800
080800
080800
888880
494900
2A2A00
1C1C00
080800
ENDCHAR
STARTCHAR 21CB
ENCODING 8651
SWIDTH 1187 0
DWIDTH 19 0
BBX 17 13 1 -1
BITMAP
080000
100000
300000
600000
FFFF80
000000
000000
000000
FFFF80
000100
000200
000400
000800
ENDCHAR
STARTCHAR 21CC
ENCODING 8652
SWIDTH 1187 0
DWIDTH 19 0
BBX 17 13 1 -1
BITMAP
000800
000400
000200
000100
FFFF80
000000
000000
000000
FFFF80
600000
200000
100000
080000
ENDCHAR
STARTCHAR 21CD
ENCODING 8653
SWIDTH 1187 0
DWIDTH 19 0
BBX 17 10 1 1
BITMAP
081000
101000
3FFF80
402000
802000
404000
3FFF80
104000
088000
008000
ENDCHAR
STARTCHAR 21CE
ENCODING 8654
SWIDTH 1187 0
DWIDTH 19 0
BBX 17 10 1 1
BITMAP
082800
104400
3FFE00
408100
808080
408100
3FFE00
110400
090800
020000
ENDCHAR
STARTCHAR 21CF
ENCODING 8655
SWIDTH 1187 0
DWIDTH 19 0
BBX 17 11 1 0
BITMAP
008000
008800
008400
FFFE00
010100
020080
020100
FFFE00
040400
040800
040000
ENDCHAR
STARTCHAR 21D0
ENCODING 8656
SWIDTH 1187 0
DWIDTH 19 0
BBX 17 9 1 1
BITMAP
080000
100000
3FFF80
400000
800000
400000
3FFF80
100000
080000
ENDCHAR
STARTCHAR 21D1
ENCODING 8657
SWIDTH 1187 0
DWIDTH 19 0
BBX 9 17 5 -3
BITMAP
0800
1400
2200
6300
A280
2200
2200
2200
2200
2200
2200
2200
2200
2200
2200
2200
2200
ENDCHAR
STARTCHAR 21D2
ENCODING 8658
SWIDTH 1187 0
DWIDTH 19 0
BBX 17 9 1 1
BITMAP
000800
000400
FFFE00
000100
000080
000100
FFFE00
000400
000800
ENDCHAR
STARTCHAR 21D3
ENCODING 8659
SWIDTH 1187 0
DWIDTH 19 0
BBX 9 17 5 -3
BITMAP
2200
2200
2200
2200
2200
2200
2200
2200
2200
2200
2200
2200
A280
6300
2200
1400
0800
ENDCHAR
STARTCHAR 21D4
ENCODING 8660
SWIDTH 1187 0
DWIDTH 19 0
BBX 17 9 1 1
BITMAP
080800
100400
3FFE00
400100
800080
400100
3FFE00
100400
080800
ENDCHAR
STARTCHAR 21D5
ENCODING 8661
SWIDTH 1187 0
DWIDTH 19 0
BBX 9 17 5 -3
BITMAP
0800
1400
2200
6300
A280
2200
2200
2200
2200
2200
2200
2200
A280
6300
2200
1400
0800
ENDCHAR
STARTCHAR 21D6
ENCODING 8662
SWIDTH 1187 0
DWIDTH 19 0
BBX 16 16 2 -3
BITMAP
FE00
8800
8400
C200
E100
B080
9840
0C20
0610
0308
0184
00C2
0061
0030
0018
0008
ENDCHAR
STARTCHAR 21D7
ENCODING 8663
SWIDTH 1187 0
DWIDTH 19 0
BBX 16 16 1 -3
BITMAP
007F
0011
0021
0043
0087
010D
0218
0430
0860
10C0
2180
4300
8600
0C00
1800
1000
ENDCHAR
STARTCHAR 21D8
ENCODING 8664
SWIDTH 1187 0
DWIDTH 19 0
BBX 16 16 1 -1
BITMAP
1000
1800
0C00
8600
4300
2180
10C0
0860
0430
0219
010D
0087
0043
0021
0011
007F
ENDCHAR
STARTCHAR 21D9
ENCODING 8665
SWIDTH 1187 0
DWIDTH 19 0
BBX 16 16 2 -1
BITMAP
0008
0018
0030
0061
00C2
0184
0308
0610
0C20
1840
B080
E100
C200
8400
8800
FE00
ENDCHAR
STARTCHAR 21DA
ENCODING 8666
SWIDTH 1187 0
DWIDTH 19 0
BBX 17 9 1 1
BITMAP
080000
100000
3FFF80
400000
FFFF80
400000
3FFF80
100000
080000
ENDCHAR
STARTCHAR 21DB
ENCODING 8667
SWIDTH 1187 0
DWIDTH 19 0
BBX 17 9 1 1
BITMAP
000800
000400
FFFE00
000100
FFFF80
000100
FFFE00
000400
000800
ENDCHAR
STARTCHAR 21DC
ENCODING 8668
SWIDTH 1187 0
DWIDTH 19 0
BBX 17 9 1 1
BITMAP
080000
100000
202000
432600
FB5780
44C800
200000
100000
080000
ENDCHAR
STARTCHAR 21DD
ENCODING 8669
SWIDTH 1187 0
DWIDTH 19 0
BBX 17 9 1 1
BITMAP
000800
000400
008200
0C9900
ED6F80
126100
000200
000400
000800
ENDCHAR
STARTCHAR 21DE
ENCODING 8670
SWIDTH 1187 0
DWIDTH 19 0
BBX 9 17 5 -3
BITMAP
0800
1C00
2A00
4900
8880
0800
0800
0800
FF80
0800
0800
FF80
0800
0800
0800
0800
0800
ENDCHAR
STARTCHAR 21DF
ENCODING 8671
SWIDTH 1187 0
DWIDTH 19 0
BBX 9 17 5 -3
BITMAP
0800
0800
0800
0800
0800
FF80
0800
0800
FF80
0800
0800
0800
8880
4900
2A00
1C00
0800
ENDCHAR
STARTCHAR 21E0
ENCODING 8672
SWIDTH 1187 0
DWIDTH 19 0
BBX 16 9 1 1
BITMAP
0800
1000
2000
4000
EFFB
4000
2000
1000
0800
ENDCHAR
STARTCHAR 21E1
ENCODING 8673
SWIDTH 1187 0
DWIDTH 19 0
BBX 9 17 5 -3
BITMAP
0800
1C00
2A00
4100
8880
0800
0000
0800
0800
0800
0800
0800
0800
0000
0800
0800
0800
ENDCHAR
STARTCHAR 21E2
ENCODING 8674
SWIDTH 1187 0
DWIDTH 19 0
BBX 16 9 2 1
BITMAP
0010
0008
0004
0002
DDB7
0002
0004
0008
0010
ENDCHAR
STARTCHAR 21E3
ENCODING 8675
SWIDTH 1187 0
DWIDTH 19 0
BBX 9 16 5 -3
BITMAP
0800
0800
0000
0800
0800
0800
0800
0800
0800
0800
0800
8880
4100
2A00
1C00
0800
ENDCHAR
STARTCHAR 21E4
ENCODING 8676
SWIDTH 1187 0
DWIDTH 19 0
BBX 17 9 1 1
BITMAP
840000
8C0000
980000
A00000
FFFF80
A00000
900000
880000
840000
ENDCHAR
STARTCHAR 21E5
ENCODING 8677
SWIDTH 1187 0
DWIDTH 19 0
BBX 17 9 1 1
BITMAP
001080
001880
000C80
000280
FFFF80
000280
000480
000880
001080
ENDCHAR
STARTCHAR 21E6
ENCODING 8678
SWIDTH 1187 0
DWIDTH 19 0
BBX 17 7 1 2
BITMAP
0C0000
17FF80
600080
C00080
600080
17FF80
0C0000
ENDCHAR
STARTCHAR 21E7
ENCODING 8679
SWIDTH 1187 0
DWIDTH 19 0
BBX 7 17 6 -3
BITMAP
10
38
28
44
82
C6
44
44
44
44
44
44
44
44
44
44
7C
ENDCHAR
STARTCHAR 21E8
ENCODING 8680
SWIDTH 1187 0
DWIDTH 19 0
BBX 17 7 1 2
BITMAP
001800
FFF400
800300
800180
800300
FFF400
001800
ENDCHAR
STARTCHAR 21E9
ENCODING 8681
SWIDTH 1187 0
DWIDTH 19 0
BBX 7 17 6 -3
BITMAP
7C
44
44
44
44
44
44
44
44
44
44
C6
82
44
28
38
10
ENDCHAR
STARTCHAR 21EA
ENCODING 8682
SWIDTH 1187 0
DWIDTH 19 0
BBX 7 17 6 -3
BITMAP
10
38
28
44
82
C6
44
44
44
44
44
44
7C
00
7C
44
7C
ENDCHAR
STARTCHAR 21EB
ENCODING 8683
SWIDTH 1187 0
DWIDTH 19 0
BBX 7 17 6 -3
BITMAP
10
18
28
44
42
C6
44
44
44
44
44
44
44
44
C6
82
FE
ENDCHAR
STARTCHAR 21EC
ENCODING 8684
SWIDTH 1187 0
DWIDTH 19 0
BBX 7 17 6 -3
BITMAP
10
18
28
7C
42
C6
44
44
44
44
44
44
44
44
C6
82
FE
ENDCHAR
STARTCHAR 21ED
ENCODING 8685
SWIDTH 1187 0
DWIDTH 19 0
BBX 7 17 6 -3
BITMAP
10
18
38
54
D6
D6
54
54
54
54
54
54
54
54
D6
92
FE
ENDCHAR
STARTCHAR 21EE
ENCODING 8686
SWIDTH 1187 0
DWIDTH 19 0
BBX 7 17 6 -3
BITMAP
10
10
28
54
EE
EE
44
82
44
44
44
44
44
44
44
44
7C
ENDCHAR
STARTCHAR 21EF
ENCODING 8687
SWIDTH 1187 0
DWIDTH 19 0
BBX 8 17 6 -3
BITMAP
10
18
28
74
5E
EE
44
C2
C7
44
44
44
44
44
C6
82
FE
ENDCHAR
STARTCHAR 21F0
ENCODING 8688
SWIDTH 1187 0
DWIDTH 19 0
BBX 17 7 1 3
BITMAP
E01800
BFF400
800300
800180
800200
BFFC00
E01000
ENDCHAR
STARTCHAR 21F1
ENCODING 8689
SWIDTH 1187 0
DWIDTH 19 0
BBX 13 13 3 -2
BITMAP
FFF8
8000
8000
9F80
9800
9400
9200
9100
9080
9040
8020
8010
8008
ENDCHAR
STARTCHAR 21F2
ENCODING 8690
SWIDTH 1187 0
DWIDTH 19 0
BBX 13 13 3 -1
BITMAP
8008
4008
2008
1008
0848
0448
0248
0148
00C8
0FC8
0008
0008
FFF8
ENDCHAR
STARTCHAR 21F3
ENCODING 8691
SWIDTH 1187 0
DWIDTH 19 0
BBX 7 17 6 -3
BITMAP
10
10
28
44
C6
C6
44
44
44
44
44
44
C6
44
6C
28
10
ENDCHAR
STARTCHAR 21F4
ENCODING 8692
SWIDTH 1187 0
DWIDTH 19 0
BBX 17 9 1 1
BITMAP
000800
078400
0CC200
084100
FFFF80
084100
0CC200
078400
000800
ENDCHAR
STARTCHAR 21F5
ENCODING 8693
SWIDTH 1187 0
DWIDTH 19 0
BBX 17 17 1 -3
BITMAP
080800
081C00
082A00
084900
088880
080800
080800
080800
080800
080800
080800
080800
888800
490800
2A0800
1C0800
080800
ENDCHAR
STARTCHAR 21F6
ENCODING 8694
SWIDTH 1187 0
DWIDTH 19 0
BBX 17 19 1 -4
BITMAP
000400
000200
000100
FFFF80
000100
000200
000400
000200
000100
FFFF80
000100
000200
000400
000200
000100
FFFF80
000100
000200
000400
ENDCHAR
STARTCHAR 21F7
ENCODING 8695
SWIDTH 1187 0
DWIDTH 19 0
BBX 17 9 1 1
BITMAP
080000
182000
302000
602000
FFFF80
402000
202000
102000
082000
ENDCHAR
STARTCHAR 21F8
ENCODING 8696
SWIDTH 1187 0
DWIDTH 19 0
BBX 17 9 1 1
BITMAP
000800
020C00
020600
020300
FFFF80
020100
020200
020400
020800
ENDCHAR
STARTCHAR 21F9
ENCODING 8697
SWIDTH 1187 0
DWIDTH 19 0
BBX 17 9 1 1
BITMAP
080800
108400
208200
408100
FFFF80
408100
208200
108400
088800
ENDCHAR
STARTCHAR 21FA
ENCODING 8698
SWIDTH 1187 0
DWIDTH 19 0
BBX 17 9 1 1
BITMAP
080000
109000
209000
409000
FFFF80
409000
209000
109000
089000
ENDCHAR
STARTCHAR 21FB
ENCODING 8699
SWIDTH 1187 0
DWIDTH 19 0
BBX 17 9 1 1
BITMAP
000800
048400
048200
048100
FFFF80
048100
048200
048400
048800
ENDCHAR
STARTCHAR 21FC
ENCODING 8700
SWIDTH 1187 0
DWIDTH 19 0
BBX 16 9 1 1
BITMAP
0810
1248
2244
4242
FFFF
4243
2246
124C
0A58
ENDCHAR
STARTCHAR 21FD
ENCODING 8701
SWIDTH 1187 0
DWIDTH 19 0
BBX 17 7 1 2
BITMAP
100000
300000
700000
DFFF80
500000
300000
100000
ENDCHAR
STARTCHAR 21FE
ENCODING 8702
SWIDTH 1187 0
DWIDTH 19 0
BBX 17 7 1 2
BITMAP
000400
000600
000700
FFFD80
000500
000600
000400
ENDCHAR
STARTCHAR 21FF
ENCODING 8703
SWIDTH 1187 0
DWIDTH 19 0
BBX 18 7 1 2
BITMAP
100200
300300
700380
DFFEC0
500380
300300
100200
ENDCHAR
STARTCHAR 2200
ENCODING 8704
SWIDTH 625 0
DWIDTH 10 0
BBX 7 12 1 0
BITMAP
C2
42
46
7E
64
24
24
2C
38
38
18
18
ENDCHAR
STARTCHAR 2201
ENCODING 8705
SWIDTH 625 0
DWIDTH 10 0
BBX 6 11 2 0
BITMAP
78
CC
84
80
80
80
80
80
84
CC
78
ENDCHAR
STARTCHAR 2202
ENCODING 8706
SWIDTH 625 0
DWIDTH 10 0
BBX 6 12 2 0
BITMAP
40
70
18
08
0C
74
CC
84
84
84
CC
78
ENDCHAR
STARTCHAR 2203
ENCODING 8707
SWIDTH 625 0
DWIDTH 10 0
BBX 6 12 2 0
BITMAP
FC
04
04
04
04
7C
04
04
04
04
04
FC
ENDCHAR
STARTCHAR 2204
ENCODING 8708
SWIDTH 625 0
DWIDTH 10 0
BBX 6 14 2 -1
BITMAP
04
FC
0C
0C
14
14
7C
24
24
24
44
44
FC
80
ENDCHAR
STARTCHAR 2205
ENCODING 8709
SWIDTH 625 0
DWIDTH 10 0
BBX 6 14 2 -1
BITMAP
04
3C
48
8C
9C
94
94
A4
A4
C4
C4
48
F8
80
ENDCHAR
STARTCHAR 2206
ENCODING 8710
SWIDTH 625 0
DWIDTH 10 0
BBX 7 12 1 0
BITMAP
18
18
18
28
2C
24
24
64
46
42
42
FE
ENDCHAR
STARTCHAR 2207
ENCODING 8711
SWIDTH 625 0
DWIDTH 10 0
BBX 7 12 1 0
BITMAP
FE
42
42
46
64
24
24
2C
28
18
18
18
ENDCHAR
STARTCHAR 2208
ENCODING 8712
SWIDTH 625 0
DWIDTH 10 0
BBX 7 9 1 1
BITMAP
3E
60
40
C0
FE
C0
40
60
3E
ENDCHAR
STARTCHAR 2209
ENCODING 8713
SWIDTH 625 0
DWIDTH 10 0
BBX 7 15 1 -2
BITMAP
04
04
04
3E
68
48
C8
FE
D8
50
70
3E
30
20
20
ENDCHAR
STARTCHAR 220A
ENCODING 8714
SWIDTH 625 0
DWIDTH 10 0
BBX 7 6 1 2
BITMAP
7E
40
FE
C0
40
7E
ENDCHAR
STARTCHAR 220B
ENCODING 8715
SWIDTH 625 0
DWIDTH 10 0
BBX 7 9 1 1
BITMAP
F8
0C
06
02
FE
02
06
0C
F8
ENDCHAR
STARTCHAR 220C
ENCODING 8716
SWIDTH 625 0
DWIDTH 10 0
BBX 7 15 1 -2
BITMAP
08
08
08
F8
1C
16
12
FE
22
26
2C
F8
60
40
40
ENDCHAR
STARTCHAR 220D
ENCODING 8717
SWIDTH 625 0
DWIDTH 10 0
BBX 7 6 1 2
BITMAP
FC
06
FE
02
06
FC
ENDCHAR
STARTCHAR 220E
ENCODING 8718
SWIDTH 625 0
DWIDTH 10 0
BBX 7 11 1 0
BITMAP
FE
FE
FE
FE
FE
FE
FE
FE
FE
FE
FE
ENDCHAR
STARTCHAR 220F
ENCODING 8719
SWIDTH 1187 0
DWIDTH 19 0
BBX 15 15 2 -2
BITMAP
FFFE
4004
4004
4004
4004
4004
4004
4004
4004
4004
4004
4004
4004
4004
E00E
ENDCHAR
STARTCHAR 2210
ENCODING 8720
SWIDTH 1187 0
DWIDTH 19 0
BBX 15 15 2 -2
BITMAP
E00E
4004
4004
4004
4004
4004
4004
4004
4004
4004
4004
4004
4004
4004
FFFE
ENDCHAR
STARTCHAR 2211
ENCODING 8721
SWIDTH 1187 0
DWIDTH 19 0
BBX 13 15 3 -2
BITMAP
FFF8
C008
6000
3000
1800
0C00
0600
0300
0600
0C00
1800
3000
6000
C008
FFF8
ENDCHAR
STARTCHAR 2212
ENCODING 8722
SWIDTH 625 0
DWIDTH 10 0
BBX 7 1 1 5
BITMAP
FE
ENDCHAR
STARTCHAR 2213
ENCODING 8723
SWIDTH 625 0
DWIDTH 10 0
BBX 7 9 1 2
BITMAP
FE
00
10
10
10
FE
10
10
10
ENDCHAR
STARTCHAR 2214
ENCODING 8724
SWIDTH 625 0
DWIDTH 10 0
BBX 7 9 1 2
BITMAP
18
18
10
10
10
FE
10
10
10
ENDCHAR
STARTCHAR 2215
ENCODING 8725
SWIDTH 625 0
DWIDTH 10 0
BBX 6 15 2 -2
BITMAP
04
0C
08
08
18
10
30
30
20
60
40
40
C0
80
80
ENDCHAR
STARTCHAR 2216
ENCODING 8726
SWIDTH 625 0
DWIDTH 10 0
BBX 6 15 2 -2
BITMAP
80
80
C0
40
40
60
20
20
30
10
18
18
08
0C
04
ENDCHAR
STARTCHAR 2217
ENCODING 8727
SWIDTH 625 0
DWIDTH 10 0
BBX 7 8 1 1
BITMAP
10
90
D6
38
7C
D6
10
10
ENDCHAR
STARTCHAR 2218
ENCODING 8728
SWIDTH 625 0
DWIDTH 10 0
BBX 4 3 3 4
BITMAP
F0
90
F0
ENDCHAR
STARTCHAR 2219
ENCODING 8729
SWIDTH 625 0
DWIDTH 10 0
BBX 6 6 2 2
BITMAP
78
F8
FC
FC
F8
30
ENDCHAR
STARTCHAR 221A
ENCODING 8730
SWIDTH 625 0
DWIDTH 10 0
BBX 9 15 1 -2
BITMAP
0080
0180
0100
0100
0300
0200
0200
0200
8600
C400
4400
6C00
2800
3800
1800
ENDCHAR
STARTCHAR 221B
ENCODING 8731
SWIDTH 625 0
DWIDTH 10 0
BBX 10 16 0 -3
BITMAP
00C0
F080
2080
6180
1100
9100
6300
0300
4200
4200
6600
2400
3400
1C00
1800
0800
ENDCHAR
STARTCHAR 221C
ENCODING 8732
SWIDTH 625 0
DWIDTH 10 0
BBX 10 15 0 -2
BITMAP
00C0
3080
5080
5180
9100
F100
3100
0300
4200
4200
6600
2400
3400
1C00
1800
ENDCHAR
STARTCHAR 221D
ENCODING 8733
SWIDTH 1187 0
DWIDTH 19 0
BBX 13 7 3 2
BITMAP
7838
CCC0
8380
8100
8380
CCC0
7838
ENDCHAR
STARTCHAR 221E
ENCODING 8734
SWIDTH 1187 0
DWIDTH 19 0
BBX 13 7 3 2
BITMAP
78F0
CD98
8708
8208
8708
CD98
78F0
ENDCHAR
STARTCHAR 221F
ENCODING 8735
SWIDTH 625 0
DWIDTH 10 0
BBX 8 8 1 2
BITMAP
80
80
80
80
80
80
80
FF
ENDCHAR
STARTCHAR 2220
ENCODING 8736
SWIDTH 625 0
DWIDTH 10 0
BBX 7 7 2 3
BITMAP
02
04
08
10
20
40
FE
ENDCHAR
STARTCHAR 2221
ENCODING 8737
SWIDTH 625 0
DWIDTH 10 0
BBX 7 8 1 2
BITMAP
02
06
2C
18
38
68
FE
08
ENDCHAR
STARTCHAR 2222
ENCODING 8738
SWIDTH 625 0
DWIDTH 10 0
BBX 7 7 1 2
BITMAP
12
0C
38
C8
78
1C
1E
ENDCHAR
STARTCHAR 2223
ENCODING 8739
SWIDTH 625 0
DWIDTH 10 0
BBX 1 11 4 0
BITMAP
80
80
80
80
80
80
80
80
80
80
80
ENDCHAR
STARTCHAR 2224
ENCODING 8740
SWIDTH 625 0
DWIDTH 10 0
BBX 6 11 2 0
BITMAP
20
20
20
2C
38
30
60
E0
A0
20
20
ENDCHAR
STARTCHAR 2225
ENCODING 8741
SWIDTH 625 0
DWIDTH 10 0
BBX 4 11 3 0
BITMAP
90
90
90
90
90
90
90
90
90
90
90
ENDCHAR
STARTCHAR 2226
ENCODING 8742
SWIDTH 625 0
DWIDTH 10 0
BBX 7 11 2 0
BITMAP
48
48
48
4E
48
78
68
C8
48
48
48
ENDCHAR
STARTCHAR 2227
ENCODING 8743
SWIDTH 625 0
DWIDTH 10 0
BBX 6 11 2 0
BITMAP
30
30
30
70
58
58
48
C8
8C
8C
84
ENDCHAR
STARTCHAR 2228
ENCODING 8744
SWIDTH 625 0
DWIDTH 10 0
BBX 6 11 2 0
BITMAP
84
84
8C
C8
48
48
58
70
30
30
30
ENDCHAR
STARTCHAR 2229
ENCODING 8745
SWIDTH 625 0
DWIDTH 10 0
BBX 6 11 2 0
BITMAP
78
CC
84
84
84
84
84
84
84
84
84
ENDCHAR
STARTCHAR 222A
ENCODING 8746
SWIDTH 625 0
DWIDTH 10 0
BBX 6 11 2 0
BITMAP
84
84
84
84
84
84
84
84
84
CC
78
ENDCHAR
STARTCHAR 222B
ENCODING 8747
SWIDTH 625 0
DWIDTH 10 0
BBX 5 15 2 -2
BITMAP
18
30
20
20
20
20
20
20
20
20
20
20
20
60
C0
ENDCHAR
STARTCHAR 222C
ENCODING 8748
SWIDTH 625 0
DWIDTH 10 0
BBX 9 15 0 -2
BITMAP
1D80
3300
2200
2200
2200
2200
2200
2200
2200
2200
2200
2200
2200
6600
DC00
ENDCHAR
STARTCHAR 222D
ENCODING 8749
SWIDTH 625 0
DWIDTH 10 0
BBX 10 15 0 -2
BITMAP
1BC0
2480
2580
2580
2580
2580
2580
2580
2580
2580
2580
2580
2580
6D00
DB00
ENDCHAR
STARTCHAR 222E
ENCODING 8750
SWIDTH 625 0
DWIDTH 10 0
BBX 7 15 1 -2
BITMAP
0C
18
10
10
7C
D6
92
92
92
D6
7C
10
10
30
60
ENDCHAR
STARTCHAR 222F
ENCODING 8751
SWIDTH 625 0
DWIDTH 10 0
BBX 8 15 1 -2
BITMAP
1B
34
24
24
3C
67
A5
A5
A5
67
3E
24
24
24
58
ENDCHAR
STARTCHAR 2230
ENCODING 8752
SWIDTH 625 0
DWIDTH 10 0
BBX 9 15 0 -2
BITMAP
1500
2A00
2A00
2A00
3E00
6B00
AA80
AA80
AA80
6B00
3E00
2A00
2A00
2A00
5400
ENDCHAR
STARTCHAR 2231
ENCODING 8753
SWIDTH 625 0
DWIDTH 10 0
BBX 7 15 1 -2
BITMAP
0C
18
10
10
78
D4
96
96
10
10
10
10
10
30
60
ENDCHAR
STARTCHAR 2232
ENCODING 8754
SWIDTH 625 0
DWIDTH 10 0
BBX 7 15 1 -2
BITMAP
0C
18
10
10
78
D4
92
96
90
D4
78
10
10
30
60
ENDCHAR
STARTCHAR 2233
ENCODING 8755
SWIDTH 625 0
DWIDTH 10 0
BBX 7 15 1 -2
BITMAP
0C
18
10
10
7C
D4
90
96
96
54
38
10
10
30
60
ENDCHAR
STARTCHAR 2234
ENCODING 8756
SWIDTH 625 0
DWIDTH 10 0
BBX 8 9 1 1
BITMAP
18
38
00
00
00
00
00
C7
C6
ENDCHAR
STARTCHAR 2235
ENCODING 8757
SWIDTH 625 0
DWIDTH 10 0
BBX 8 9 1 1
BITMAP
C6
C7
00
00
00
00
00
38
18
ENDCHAR
STARTCHAR 2236
ENCODING 8758
SWIDTH 625 0
DWIDTH 10 0
BBX 2 9 4 1
BITMAP
C0
C0
00
00
00
00
00
C0
C0
ENDCHAR
STARTCHAR 2237
ENCODING 8759
SWIDTH 625 0
DWIDTH 10 0
BBX 7 9 1 1
BITMAP
C6
C6
00
00
00
00
00
C6
C6
ENDCHAR
STARTCHAR 2238
ENCODING 8760
SWIDTH 625 0
DWIDTH 10 0
BBX 7 5 1 5
BITMAP
18
18
00
00
FE
ENDCHAR
STARTCHAR 2239
ENCODING 8761
SWIDTH 625 0
DWIDTH 10 0
BBX 8 9 1 1
BITMAP
03
03
00
00
F8
00
00
03
03
ENDCHAR
STARTCHAR 223A
ENCODING 8762
SWIDTH 625 0
DWIDTH 10 0
BBX 7 9 1 1
BITMAP
C6
C6
00
00
FE
00
00
C6
C6
ENDCHAR
STARTCHAR 223B
ENCODING 8763
SWIDTH 625 0
DWIDTH 10 0
BBX 7 9 1 1
BITMAP
18
18
00
20
7A
CC
00
18
18
ENDCHAR
STARTCHAR 223C
ENCODING 8764
SWIDTH 625 0
DWIDTH 10 0
BBX 7 3 1 4
BITMAP
20
72
8C
ENDCHAR
STARTCHAR 223D
ENCODING 8765
SWIDTH 625 0
DWIDTH 10 0
BBX 7 3 1 4
BITMAP
0C
DE
72
ENDCHAR
STARTCHAR 223E
ENCODING 8766
SWIDTH 1187 0
DWIDTH 19 0
BBX 13 7 3 2
BITMAP
7830
C418
8608
8208
8308
C118
60F0
ENDCHAR
STARTCHAR 223F
ENCODING 8767
SWIDTH 625 0
DWIDTH 10 0
BBX 8 9 1 1
BITMAP
60
F0
90
90
91
19
0B
0A
06
ENDCHAR
STARTCHAR 2240
ENCODING 8768
SWIDTH 625 0
DWIDTH 10 0
BBX 3 7 3 1
BITMAP
60
20
60
40
80
80
C0
ENDCHAR
STARTCHAR 2241
ENCODING 8769
SWIDTH 625 0
DWIDTH 10 0
BBX 7 11 1 0
BITMAP
04
04
08
08
28
72
9C
10
30
20
20
ENDCHAR
STARTCHAR 2242
ENCODING 8770
SWIDTH 625 0
DWIDTH 10 0
BBX 7 4 1 3
BITMAP
FE
00
72
8E
ENDCHAR
STARTCHAR 2243
ENCODING 8771
SWIDTH 625 0
DWIDTH 10 0
BBX 7 4 1 4
BITMAP
72
DE
00
FE
ENDCHAR
STARTCHAR 2244
ENCODING 8772
SWIDTH 625 0
DWIDTH 10 0
BBX 7 11 1 0
BITMAP
04
0C
08
7A
DE
10
FE
30
20
20
20
ENDCHAR
STARTCHAR 2245
ENCODING 8773
SWIDTH 625 0
DWIDTH 10 0
BBX 7 7 1 2
BITMAP
72
DE
00
FE
00
00
FE
ENDCHAR
STARTCHAR 2246
ENCODING 8774
SWIDTH 625 0
DWIDTH 10 0
BBX 7 8 1 1
BITMAP
72
DE
0C
FE
18
10
FE
20
ENDCHAR
STARTCHAR 2247
ENCODING 8775
SWIDTH 625 0
DWIDTH 10 0
BBX 7 15 1 -2
BITMAP
04
04
08
08
7A
DE
18
FE
10
10
FE
20
20
20
20
ENDCHAR
STARTCHAR 2248
ENCODING 8776
SWIDTH 625 0
DWIDTH 10 0
BBX 7 5 1 3
BITMAP
72
CE
20
72
8E
ENDCHAR
STARTCHAR 2249
ENCODING 8777
SWIDTH 625 0
DWIDTH 10 0
BBX 7 11 1 0
BITMAP
04
0C
08
7A
DE
30
72
DE
20
20
20
ENDCHAR
STARTCHAR 224A
ENCODING 8778
SWIDTH 625 0
DWIDTH 10 0
BBX 7 7 1 2
BITMAP
72
8C
22
72
8C
00
FE
ENDCHAR
STARTCHAR 224B
ENCODING 8779
SWIDTH 625 0
DWIDTH 10 0
BBX 7 8 1 1
BITMAP
72
8C
20
72
8C
22
72
8C
ENDCHAR
STARTCHAR 224C
ENCODING 8780
SWIDTH 625 0
DWIDTH 10 0
BBX 7 7 1 2
BITMAP
DE
72
00
FE
00
00
FE
ENDCHAR
STARTCHAR 224D
ENCODING 8781
SWIDTH 625 0
DWIDTH 10 0
BBX 7 7 1 2
BITMAP
82
FE
00
00
00
FE
82
ENDCHAR
STARTCHAR 224E
ENCODING 8782
SWIDTH 625 0
DWIDTH 10 0
BBX 6 8 2 2
BITMAP
30
78
CC
00
00
CC
48
38
ENDCHAR
STARTCHAR 224F
ENCODING 8783
SWIDTH 625 0
DWIDTH 10 0
BBX 7 7 1 3
BITMAP
18
2C
E6
00
00
00
FE
ENDCHAR
STARTCHAR 2250
ENCODING 8784
SWIDTH 625 0
DWIDTH 10 0
BBX 7 8 1 3
BITMAP
18
18
00
FE
00
00
00
FE
ENDCHAR
STARTCHAR 2251
ENCODING 8785
SWIDTH 625 0
DWIDTH 10 0
BBX 7 11 1 0
BITMAP
18
18
00
FE
00
00
00
FE
00
18
18
ENDCHAR
STARTCHAR 2252
ENCODING 8786
SWIDTH 625 0
DWIDTH 10 0
BBX 7 11 1 0
BITMAP
40
60
00
FE
00
00
00
FE
00
06
06
ENDCHAR
STARTCHAR 2253
ENCODING 8787
SWIDTH 625 0
DWIDTH 10 0
BBX 7 11 1 0
BITMAP
06
06
00
FE
00
00
00
FE
00
60
40
ENDCHAR
STARTCHAR 2254
ENCODING 8788
SWIDTH 625 0
DWIDTH 10 0
BBX 8 9 1 1
BITMAP
C0
C0
1F
00
00
00
1F
C0
C0
ENDCHAR
STARTCHAR 2255
ENCODING 8789
SWIDTH 625 0
DWIDTH 10 0
BBX 8 9 1 1
BITMAP
03
03
F8
00
00
00
F8
03
03
ENDCHAR
STARTCHAR 2256
ENCODING 8790
SWIDTH 625 0
DWIDTH 10 0
BBX 7 5 1 3
BITMAP
FE
2C
24
2C
FE
ENDCHAR
STARTCHAR 2257
ENCODING 8791
SWIDTH 625 0
DWIDTH 10 0
BBX 7 10 1 3
BITMAP
18
28
18
00
00
FE
00
00
00
FE
ENDCHAR
STARTCHAR 2258
ENCODING 8792
SWIDTH 625 0
DWIDTH 10 0
BBX 7 9 1 3
BITMAP
38
46
00
00
FE
00
00
00
FE
ENDCHAR
STARTCHAR 2259
ENCODING 8793
SWIDTH 625 0
DWIDTH 10 0
BBX 7 10 1 4
BITMAP
10
28
24
44
00
FE
00
00
00
FE
ENDCHAR
STARTCHAR 225A
ENCODING 8794
SWIDTH 625 0
DWIDTH 10 0
BBX 7 11 1 3
BITMAP
44
24
28
10
00
00
FE
00
00
00
FE
ENDCHAR
STARTCHAR 225B
ENCODING 8795
SWIDTH 625 0
DWIDTH 10 0
BBX 7 10 1 4
BITMAP
10
38
18
00
00
FE
00
00
00
FE
ENDCHAR
STARTCHAR 225C
ENCODING 8796
SWIDTH 625 0
DWIDTH 10 0
BBX 7 10 1 4
BITMAP
10
28
24
7C
00
FE
00
00
00
FE
ENDCHAR
STARTCHAR 225D
ENCODING 8797
SWIDTH 625 0
DWIDTH 10 0
BBX 8 10 1 3
BITMAP
41
DB
D2
2B
00
7E
00
00
00
7E
ENDCHAR
STARTCHAR 225E
ENCODING 8798
SWIDTH 625 0
DWIDTH 10 0
BBX 7 10 1 3
BITMAP
38
38
38
34
00
FE
00
00
00
FE
ENDCHAR
STARTCHAR 225F
ENCODING 8799
SWIDTH 625 0
DWIDTH 10 0
BBX 7 12 1 3
BITMAP
18
28
18
00
10
00
00
FE
00
00
00
FE
ENDCHAR
STARTCHAR 2260
ENCODING 8800
SWIDTH 625 0
DWIDTH 10 0
BBX 7 15 1 -2
BITMAP
04
0C
08
08
08
FE
18
10
10
FE
30
20
20
20
20
ENDCHAR
STARTCHAR 2261
ENCODING 8801
SWIDTH 625 0
DWIDTH 10 0
BBX 7 5 1 3
BITMAP
FE
00
FE
00
FE
ENDCHAR
STARTCHAR 2262
ENCODING 8802
SWIDTH 625 0
DWIDTH 10 0
BBX 7 14 1 -1
BITMAP
04
08
08
08
FE
18
FE
10
FE
30
20
20
20
20
ENDCHAR
STARTCHAR 2263
ENCODING 8803
SWIDTH 625 0
DWIDTH 10 0
BBX 7 8 1 1
BITMAP
FE
00
FE
00
FE
00
00
FE
ENDCHAR
STARTCHAR 2264
ENCODING 8804
SWIDTH 625 0
DWIDTH 10 0
BBX 7 11 1 0
BITMAP
02
0E
38
60
C0
30
1C
06
00
00
FE
ENDCHAR
STARTCHAR 2265
ENCODING 8805
SWIDTH 625 0
DWIDTH 10 0
BBX 7 10 1 1
BITMAP
60
18
0E
06
1C
30
C0
00
00
FE
ENDCHAR
STARTCHAR 2266
ENCODING 8806
SWIDTH 625 0
DWIDTH 10 0
BBX 7 10 1 1
BITMAP
0E
38
E0
E0
38
06
00
FE
00
FE
ENDCHAR
STARTCHAR 2267
ENCODING 8807
SWIDTH 625 0
DWIDTH 10 0
BBX 7 10 1 1
BITMAP
E0
18
06
06
38
E0
00
FE
00
FE
ENDCHAR
STARTCHAR 2268
ENCODING 8808
SWIDTH 625 0
DWIDTH 10 0
BBX 7 11 1 0
BITMAP
0E
38
E0
E0
38
06
08
FE
10
FE
20
ENDCHAR
STARTCHAR 2269
ENCODING 8809
SWIDTH 625 0
DWIDTH 10 0
BBX 7 11 1 0
BITMAP
E0
18
06
06
38
E0
08
FE
10
FE
20
ENDCHAR
STARTCHAR 226A
ENCODING 8810
SWIDTH 625 0
DWIDTH 10 0
BBX 8 9 1 1
BITMAP
01
32
64
C8
90
D8
64
32
19
ENDCHAR
STARTCHAR 226B
ENCODING 8811
SWIDTH 625 0
DWIDTH 10 0
BBX 8 9 1 1
BITMAP
90
D8
64
32
11
13
64
C8
90
ENDCHAR
STARTCHAR 226C
ENCODING 8812
SWIDTH 625 0
DWIDTH 10 0
BBX 5 8 2 1
BITMAP
F8
70
D8
88
C8
70
F8
08
ENDCHAR
STARTCHAR 226D
ENCODING 8813
SWIDTH 625 0
DWIDTH 10 0
BBX 7 15 1 -2
BITMAP
04
0C
08
08
8A
FE
18
10
10
FE
B2
20
20
20
20
ENDCHAR
STARTCHAR 226E
ENCODING 8814
SWIDTH 625 0
DWIDTH 10 0
BBX 6 15 2 -2
BITMAP
08
08
08
0C
1C
30
D0
90
F0
30
38
24
20
60
40
ENDCHAR
STARTCHAR 226F
ENCODING 8815
SWIDTH 625 0
DWIDTH 10 0
BBX 7 15 1 -2
BITMAP
0C
08
08
48
78
18
1C
12
1E
38
60
E0
20
60
40
ENDCHAR
STARTCHAR 2270
ENCODING 8816
SWIDTH 625 0
DWIDTH 10 0
BBX 7 15 1 -2
BITMAP
04
04
06
0E
38
68
C8
38
1C
16
10
10
FE
20
20
ENDCHAR
STARTCHAR 2271
ENCODING 8817
SWIDTH 625 0
DWIDTH 10 0
BBX 7 15 1 -2
BITMAP
08
08
08
68
18
1E
16
1C
30
E0
20
20
FE
40
40
ENDCHAR
STARTCHAR 2272
ENCODING 8818
SWIDTH 625 0
DWIDTH 10 0
BBX 7 11 1 0
BITMAP
06
18
70
40
70
18
06
00
20
72
8C
ENDCHAR
STARTCHAR 2273
ENCODING 8819
SWIDTH 625 0
DWIDTH 10 0
BBX 7 11 1 0
BITMAP
E0
38
0C
02
0C
38
E0
00
20
72
8C
ENDCHAR
STARTCHAR 2274
ENCODING 8820
SWIDTH 625 0
DWIDTH 10 0
BBX 7 14 1 -2
BITMAP
04
04
06
1C
78
48
78
18
16
10
30
72
BC
20
ENDCHAR
STARTCHAR 2275
ENCODING 8821
SWIDTH 625 0
DWIDTH 10 0
BBX 7 14 1 -2
BITMAP
08
08
E8
38
1C
12
1C
38
F0
20
20
72
EC
40
ENDCHAR
STARTCHAR 2276
ENCODING 8822
SWIDTH 625 0
DWIDTH 10 0
BBX 7 11 1 0
BITMAP
06
18
60
60
38
E6
38
06
06
38
E0
ENDCHAR
STARTCHAR 2277
ENCODING 8823
SWIDTH 625 0
DWIDTH 10 0
BBX 7 11 1 0
BITMAP
E0
38
0E
06
18
E6
18
60
60
18
06
ENDCHAR
STARTCHAR 2278
ENCODING 8824
SWIDTH 625 0
DWIDTH 10 0
BBX 7 15 1 -2
BITMAP
04
04
0E
18
68
68
38
F6
38
16
16
38
E0
20
20
ENDCHAR
STARTCHAR 2279
ENCODING 8825
SWIDTH 625 0
DWIDTH 10 0
BBX 7 15 1 -2
BITMAP
04
04
EC
38
0E
0E
18
F6
18
70
70
38
26
20
20
ENDCHAR
STARTCHAR 227A
ENCODING 8826
SWIDTH 625 0
DWIDTH 10 0
BBX 7 9 2 1
BITMAP
04
04
0C
18
E0
18
0C
04
06
ENDCHAR
STARTCHAR 227B
ENCODING 8827
SWIDTH 625 0
DWIDTH 10 0
BBX 7 8 1 2
BITMAP
C0
40
30
0E
30
40
C0
80
ENDCHAR
STARTCHAR 227C
ENCODING 8828
SWIDTH 625 0
DWIDTH 10 0
BBX 6 10 2 0
BITMAP
04
0C
18
E0
18
E4
1C
0C
04
04
ENDCHAR
STARTCHAR 227D
ENCODING 8829
SWIDTH 625 0
DWIDTH 10 0
BBX 7 10 1 0
BITMAP
80
40
30
0E
30
5E
B0
40
C0
80
ENDCHAR
STARTCHAR 227E
ENCODING 8830
SWIDTH 625 0
DWIDTH 10 0
BBX 8 11 1 -1
BITMAP
02
06
0C
70
0C
06
03
00
20
72
8C
ENDCHAR
STARTCHAR 227F
ENCODING 8831
SWIDTH 625 0
DWIDTH 10 0
BBX 7 11 1 -1
BITMAP
80
40
30
0E
30
40
80
00
20
72
8C
ENDCHAR
STARTCHAR 2280
ENCODING 8832
SWIDTH 625 0
DWIDTH 10 0
BBX 7 15 2 -2
BITMAP
08
08
08
0C
1C
1C
18
F0
38
2C
24
26
20
60
40
ENDCHAR
STARTCHAR 2281
ENCODING 8833
SWIDTH 625 0
DWIDTH 10 0
BBX 7 15 1 -2
BITMAP
0C
08
08
08
D8
50
30
1E
30
60
E0
A0
20
60
40
ENDCHAR
STARTCHAR 2282
ENCODING 8834
SWIDTH 625 0
DWIDTH 10 0
BBX 6 8 2 1
BITMAP
7C
C0
80
80
80
80
40
3C
ENDCHAR
STARTCHAR 2283
ENCODING 8835
SWIDTH 625 0
DWIDTH 10 0
BBX 6 8 2 1
BITMAP
F0
0C
04
04
04
04
08
F0
ENDCHAR
STARTCHAR 2284
ENCODING 8836
SWIDTH 625 0
DWIDTH 10 0
BBX 6 14 2 -2
BITMAP
04
08
08
7C
C8
98
90
90
90
70
3C
20
20
20
ENDCHAR
STARTCHAR 2285
ENCODING 8837
SWIDTH 625 0
DWIDTH 10 0
BBX 6 14 2 -2
BITMAP
10
10
10
F0
2C
24
24
24
64
48
F0
40
40
80
ENDCHAR
STARTCHAR 2286
ENCODING 8838
SWIDTH 625 0
DWIDTH 10 0
BBX 6 10 2 0
BITMAP
7C
C0
80
80
80
C0
7C
00
00
FC
ENDCHAR
STARTCHAR 2287
ENCODING 8839
SWIDTH 625 0
DWIDTH 10 0
BBX 7 10 1 0
BITMAP
FC
06
02
02
02
06
FC
00
00
FE
ENDCHAR
STARTCHAR 2288
ENCODING 8840
SWIDTH 625 0
DWIDTH 10 0
BBX 6 14 2 -1
BITMAP
0C
08
7C
C8
88
90
90
D0
7C
30
20
FC
20
60
ENDCHAR
STARTCHAR 2289
ENCODING 8841
SWIDTH 625 0
DWIDTH 10 0
BBX 7 15 1 -2
BITMAP
08
08
08
FC
1E
12
12
12
36
FC
20
20
FE
40
40
ENDCHAR
STARTCHAR 228A
ENCODING 8842
SWIDTH 625 0
DWIDTH 10 0
BBX 6 11 2 -1
BITMAP
7C
C0
80
80
80
C0
7C
08
10
FC
20
ENDCHAR
STARTCHAR 228B
ENCODING 8843
SWIDTH 625 0
DWIDTH 10 0
BBX 7 11 1 -1
BITMAP
FC
06
02
02
02
06
FC
0C
08
FE
30
ENDCHAR
STARTCHAR 228C
ENCODING 8844
SWIDTH 625 0
DWIDTH 10 0
BBX 6 11 2 0
BITMAP
84
84
84
84
84
84
A4
FC
A4
CC
78
ENDCHAR
STARTCHAR 228D
ENCODING 8845
SWIDTH 625 0
DWIDTH 10 0
BBX 6 10 2 0
BITMAP
84
84
84
84
84
84
B4
B4
CC
78
ENDCHAR
STARTCHAR 228E
ENCODING 8846
SWIDTH 625 0
DWIDTH 10 0
BBX 6 11 2 0
BITMAP
84
84
84
84
84
84
94
FC
94
CC
78
ENDCHAR
STARTCHAR 228F
ENCODING 8847
SWIDTH 625 0
DWIDTH 10 0
BBX 6 8 2 1
BITMAP
FC
80
80
80
80
80
80
FC
ENDCHAR
STARTCHAR 2290
ENCODING 8848
SWIDTH 625 0
DWIDTH 10 0
BBX 6 8 2 1
BITMAP
FC
04
04
04
04
04
04
FC
ENDCHAR
STARTCHAR 2291
ENCODING 8849
SWIDTH 625 0
DWIDTH 10 0
BBX 6 10 2 0
BITMAP
FC
80
80
80
80
80
FC
00
00
FC
ENDCHAR
STARTCHAR 2292
ENCODING 8850
SWIDTH 625 0
DWIDTH 10 0
BBX 7 10 1 0
BITMAP
FE
02
02
02
02
02
FE
00
00
FE
ENDCHAR
STARTCHAR 2293
ENCODING 8851
SWIDTH 625 0
DWIDTH 10 0
BBX 6 11 2 0
BITMAP
FC
84
84
84
84
84
84
84
84
84
84
ENDCHAR
STARTCHAR 2294
ENCODING 8852
SWIDTH 625 0
DWIDTH 10 0
BBX 6 11 2 0
BITMAP
84
84
84
84
84
84
84
84
84
84
FC
ENDCHAR
STARTCHAR 2295
ENCODING 8853
SWIDTH 625 0
DWIDTH 10 0
BBX 8 8 1 1
BITMAP
3C
5E
DB
FF
99
DA
7E
38
ENDCHAR
STARTCHAR 2296
ENCODING 8854
SWIDTH 625 0
DWIDTH 10 0
BBX 8 7 1 2
BITMAP
3C
42
83
FF
83
42
3C
ENDCHAR
STARTCHAR 2297
ENCODING 8855
SWIDTH 625 0
DWIDTH 10 0
BBX 8 7 1 2
BITMAP
3C
42
A5
99
BD
46
3C
ENDCHAR
STARTCHAR 2298
ENCODING 8856
SWIDTH 625 0
DWIDTH 10 0
BBX 8 7 1 2
BITMAP
3C
46
8D
99
B1
62
3C
ENDCHAR
STARTCHAR 2299
ENCODING 8857
SWIDTH 625 0
DWIDTH 10 0
BBX 8 7 1 2
BITMAP
3C
42
81
99
99
42
3C
ENDCHAR
STARTCHAR 229A
ENCODING 8858
SWIDTH 625 0
DWIDTH 10 0
BBX 8 8 1 2
BITMAP
18
6E
DA
A7
C5
AE
56
3C
ENDCHAR
STARTCHAR 229B
ENCODING 8859
SWIDTH 625 0
DWIDTH 10 0
BBX 7 8 1 1
BITMAP
38
54
D6
BA
BA
D6
54
38
ENDCHAR
STARTCHAR 229C
ENCODING 8860
SWIDTH 625 0
DWIDTH 10 0
BBX 8 7 1 2
BITMAP
3C
42
FF
81
FF
42
3C
ENDCHAR
STARTCHAR 229D
ENCODING 8861
SWIDTH 625 0
DWIDTH 10 0
BBX 8 7 1 2
BITMAP
3C
42
81
BD
81
42
3C
ENDCHAR
STARTCHAR 229E
ENCODING 8862
SWIDTH 625 0
DWIDTH 10 0
BBX 7 7 1 2
BITMAP
FE
92
92
FE
92
92
FE
ENDCHAR
STARTCHAR 229F
ENCODING 8863
SWIDTH 625 0
DWIDTH 10 0
BBX 8 7 1 2
BITMAP
FF
81
81
FF
81
81
FF
ENDCHAR
STARTCHAR 22A0
ENCODING 8864
SWIDTH 625 0
DWIDTH 10 0
BBX 8 7 1 2
BITMAP
FF
C3
BD
99
A5
C3
FF
ENDCHAR
STARTCHAR 22A1
ENCODING 8865
SWIDTH 625 0
DWIDTH 10 0
BBX 8 7 1 2
BITMAP
FF
81
81
99
99
81
FF
ENDCHAR
STARTCHAR 22A2
ENCODING 8866
SWIDTH 625 0
DWIDTH 10 0
BBX 6 11 2 0
BITMAP
80
80
80
80
80
FC
80
80
80
80
80
ENDCHAR
STARTCHAR 22A3
ENCODING 8867
SWIDTH 625 0
DWIDTH 10 0
BBX 6 11 2 0
BITMAP
04
04
04
04
04
FC
04
04
04
04
04
ENDCHAR
STARTCHAR 22A4
ENCODING 8868
SWIDTH 625 0
DWIDTH 10 0
BBX 7 11 1 0
BITMAP
FE
10
10
10
10
10
10
10
10
10
10
ENDCHAR
STARTCHAR 22A5
ENCODING 8869
SWIDTH 625 0
DWIDTH 10 0
BBX 7 11 1 0
BITMAP
10
10
10
10
10
10
10
10
10
10
FE
ENDCHAR
STARTCHAR 22A6
ENCODING 8870
SWIDTH 625 0
DWIDTH 10 0
BBX 5 11 2 0
BITMAP
80
80
80
80
80
F8
80
80
80
80
80
ENDCHAR
STARTCHAR 22A7
ENCODING 8871
SWIDTH 625 0
DWIDTH 10 0
BBX 5 11 2 0
BITMAP
80
80
80
F8
F8
80
80
F8
80
80
80
ENDCHAR
STARTCHAR 22A8
ENCODING 8872
SWIDTH 625 0
DWIDTH 10 0
BBX 6 11 2 0
BITMAP
80
80
80
FC
FC
80
80
FC
80
80
80
ENDCHAR
STARTCHAR 22A9
ENCODING 8873
SWIDTH 625 0
DWIDTH 10 0
BBX 7 11 2 0
BITMAP
90
90
90
90
90
9E
90
90
90
90
90
ENDCHAR
STARTCHAR 22AA
ENCODING 8874
SWIDTH 625 0
DWIDTH 10 0
BBX 7 11 2 0
BITMAP
A8
A8
A8
A8
A8
AE
A8
A8
A8
A8
A8
ENDCHAR
STARTCHAR 22AB
ENCODING 8875
SWIDTH 625 0
DWIDTH 10 0
BBX 7 11 2 0
BITMAP
90
90
90
9E
9E
90
90
9E
90
90
90
ENDCHAR
STARTCHAR 22AC
ENCODING 8876
SWIDTH 625 0
DWIDTH 10 0
BBX 6 15 2 -2
BITMAP
08
08
88
98
90
90
90
FC
A0
A0
A0
A0
E0
40
40
ENDCHAR
STARTCHAR 22AD
ENCODING 8877
SWIDTH 625 0
DWIDTH 10 0
BBX 6 15 2 -2
BITMAP
08
08
88
98
90
FC
FC
90
A0
FC
A0
A0
E0
40
40
ENDCHAR
STARTCHAR 22AE
ENCODING 8878
SWIDTH 625 0
DWIDTH 10 0
BBX 7 15 2 -2
BITMAP
08
08
98
98
98
90
90
9E
B0
B0
B0
B0
B0
60
40
ENDCHAR
STARTCHAR 22AF
ENCODING 8879
SWIDTH 625 0
DWIDTH 10 0
BBX 7 15 2 -2
BITMAP
08
08
98
98
98
9E
9E
90
B0
BE
B0
B0
B0
60
40
ENDCHAR
STARTCHAR 22B0
ENCODING 8880
SWIDTH 625 0
DWIDTH 10 0
BBX 6 9 2 1
BITMAP
0C
04
0C
18
E0
18
0C
04
0C
ENDCHAR
STARTCHAR 22B1
ENCODING 8881
SWIDTH 625 0
DWIDTH 10 0
BBX 6 9 2 1
BITMAP
C0
80
80
60
1C
60
80
80
C0
ENDCHAR
STARTCHAR 22B2
ENCODING 8882
SWIDTH 625 0
DWIDTH 10 0
BBX 6 9 2 1
BITMAP
04
1C
34
C4
84
C4
34
1C
04
ENDCHAR
STARTCHAR 22B3
ENCODING 8883
SWIDTH 625 0
DWIDTH 10 0
BBX 6 9 2 1
BITMAP
80
C0
B0
9C
84
8C
B0
E0
80
ENDCHAR
STARTCHAR 22B4
ENCODING 8884
SWIDTH 625 0
DWIDTH 10 0
BBX 7 11 1 0
BITMAP
02
0E
3A
62
C2
32
1E
06
00
00
FE
ENDCHAR
STARTCHAR 22B5
ENCODING 8885
SWIDTH 625 0
DWIDTH 10 0
BBX 6 11 2 0
BITMAP
80
E0
B0
8C
84
98
E0
C0
00
00
FC
ENDCHAR
STARTCHAR 22B6
ENCODING 8886
SWIDTH 625 0
DWIDTH 10 0
BBX 7 3 1 4
BITMAP
EE
BE
EE
ENDCHAR
STARTCHAR 22B7
ENCODING 8887
SWIDTH 625 0
DWIDTH 10 0
BBX 7 3 1 4
BITMAP
6E
FA
6E
ENDCHAR
STARTCHAR 22B8
ENCODING 8888
SWIDTH 625 0
DWIDTH 10 0
BBX 7 3 2 4
BITMAP
1E
F2
1E
ENDCHAR
STARTCHAR 22B9
ENCODING 8889
SWIDTH 625 0
DWIDTH 10 0
BBX 6 7 2 2
BITMAP
30
30
00
CC
00
30
30
ENDCHAR
STARTCHAR 22BA
ENCODING 8890
SWIDTH 625 0
DWIDTH 10 0
BBX 5 11 2 0
BITMAP
F8
20
20
20
20
20
20
20
20
20
20
ENDCHAR
STARTCHAR 22BB
ENCODING 8891
SWIDTH 625 0
DWIDTH 10 0
BBX 7 11 1 0
BITMAP
C2
46
44
64
2C
28
38
18
10
00
FE
ENDCHAR
STARTCHAR 22BC
ENCODING 8892
SWIDTH 625 0
DWIDTH 10 0
BBX 7 11 1 0
BITMAP
FE
00
10
18
38
28
2C
64
44
46
C2
ENDCHAR
STARTCHAR 22BD
ENCODING 8893
SWIDTH 625 0
DWIDTH 10 0
BBX 7 11 1 0
BITMAP
FE
00
C2
46
44
64
2C
28
38
18
10
ENDCHAR
STARTCHAR 22BE
ENCODING 8894
SWIDTH 625 0
DWIDTH 10 0
BBX 8 8 1 2
BITMAP
80
80
80
F0
98
88
88
FF
ENDCHAR
STARTCHAR 22BF
ENCODING 8895
SWIDTH 625 0
DWIDTH 10 0
BBX 7 7 2 3
BITMAP
02
06
0A
12
22
42
FE
ENDCHAR
STARTCHAR 22C0
ENCODING 8896
SWIDTH 1187 0
DWIDTH 19 0
BBX 15 15 2 -2
BITMAP
0100
0380
0280
02C0
0440
0460
0820
0830
1810
1010
3008
2008
600C
4004
C006
ENDCHAR
STARTCHAR 22C1
ENCODING 8897
SWIDTH 1187 0
DWIDTH 19 0
BBX 14 15 3 -2
BITMAP
800C
8008
C018
4010
6010
2020
2020
1060
1040
08C0
0880
0D80
0500
0700
0200
ENDCHAR
STARTCHAR 22C2
ENCODING 8898
SWIDTH 1187 0
DWIDTH 19 0
BBX 13 15 3 -2
BITMAP
1FC0
7070
4010
8008
8008
8008
8008
8008
8008
8008
8008
8008
8008
8008
8008
ENDCHAR
STARTCHAR 22C3
ENCODING 8899
SWIDTH 1187 0
DWIDTH 19 0
BBX 13 15 3 -2
BITMAP
8008
8008
8008
8008
8008
8008
8008
8008
8008
8008
8008
8008
4010
7070
1FC0
ENDCHAR
STARTCHAR 22C4
ENCODING 8900
SWIDTH 625 0
DWIDTH 10 0
BBX 8 7 1 2
BITMAP
18
2C
46
83
46
2C
18
ENDCHAR
STARTCHAR 22C5
ENCODING 8901
SWIDTH 625 0
DWIDTH 10 0
BBX 2 2 4 4
BITMAP
C0
C0
ENDCHAR
STARTCHAR 22C6
ENCODING 8902
SWIDTH 625 0
DWIDTH 10 0
BBX 8 7 1 3
BITMAP
10
18
FF
7C
38
2C
40
ENDCHAR
STARTCHAR 22C7
ENCODING 8903
SWIDTH 625 0
DWIDTH 10 0
BBX 7 9 1 1
BITMAP
98
DA
64
28
FE
38
64
DA
98
ENDCHAR
STARTCHAR 22C8
ENCODING 8904
SWIDTH 625 0
DWIDTH 10 0
BBX 7 7 1 1
BITMAP
82
C6
AA
92
AA
C6
82
ENDCHAR
STARTCHAR 22C9
ENCODING 8905
SWIDTH 625 0
DWIDTH 10 0
BBX 7 7 1 1
BITMAP
82
C4
A8
90
A8
C4
82
ENDCHAR
STARTCHAR 22CA
ENCODING 8906
SWIDTH 625 0
DWIDTH 10 0
BBX 7 7 1 1
BITMAP
82
46
2A
12
2A
46
82
ENDCHAR
STARTCHAR 22CB
ENCODING 8907
SWIDTH 625 0
DWIDTH 10 0
BBX 8 8 1 2
BITMAP
C0
60
30
18
3C
66
C3
80
ENDCHAR
STARTCHAR 22CC
ENCODING 8908
SWIDTH 625 0
DWIDTH 10 0
BBX 8 8 1 2
BITMAP
03
06
0C
18
3C
66
C3
80
ENDCHAR
STARTCHAR 22CD
ENCODING 8909
SWIDTH 625 0
DWIDTH 10 0
BBX 7 4 1 4
BITMAP
DE
72
00
FE
ENDCHAR
STARTCHAR 22CE
ENCODING 8910
SWIDTH 625 0
DWIDTH 10 0
BBX 7 11 1 0
BITMAP
82
46
44
28
28
28
10
10
10
10
10
ENDCHAR
STARTCHAR 22CF
ENCODING 8911
SWIDTH 625 0
DWIDTH 10 0
BBX 7 11 1 0
BITMAP
10
10
10
10
10
28
28
28
64
44
82
ENDCHAR
STARTCHAR 22D0
ENCODING 8912
SWIDTH 625 0
DWIDTH 10 0
BBX 7 9 1 1
BITMAP
3E
40
9E
A0
A0
A0
9E
40
3E
ENDCHAR
STARTCHAR 22D1
ENCODING 8913
SWIDTH 625 0
DWIDTH 10 0
BBX 7 9 1 1
BITMAP
F8
04
F2
0A
0A
0A
F2
04
F8
ENDCHAR
STARTCHAR 22D2
ENCODING 8914
SWIDTH 625 0
DWIDTH 10 0
BBX 7 11 1 0
BITMAP
38
44
BA
AA
AA
AA
AA
AA
AA
AA
AA
ENDCHAR
STARTCHAR 22D3
ENCODING 8915
SWIDTH 625 0
DWIDTH 10 0
BBX 7 11 1 0
BITMAP
AA
AA
AA
AA
AA
AA
AA
AA
BA
44
38
ENDCHAR
STARTCHAR 22D4
ENCODING 8916
SWIDTH 625 0
DWIDTH 10 0
BBX 7 13 2 0
BITMAP
10
10
38
7C
92
92
92
92
92
92
92
92
92
ENDCHAR
STARTCHAR 22D5
ENCODING 8917
SWIDTH 625 0
DWIDTH 10 0
BBX 6 11 2 0
BITMAP
48
48
48
FC
48
48
48
FC
48
48
48
ENDCHAR
STARTCHAR 22D6
ENCODING 8918
SWIDTH 625 0
DWIDTH 10 0
BBX 7 8 1 1
BITMAP
06
0C
30
C6
C6
30
0C
06
ENDCHAR
STARTCHAR 22D7
ENCODING 8919
SWIDTH 625 0
DWIDTH 10 0
BBX 7 8 2 1
BITMAP
C0
60
18
C6
C6
18
60
C0
ENDCHAR
STARTCHAR 22D8
ENCODING 8920
SWIDTH 625 0
DWIDTH 10 0
BBX 8 9 1 1
BITMAP
29
6A
52
94
A8
A4
52
4A
29
ENDCHAR
STARTCHAR 22D9
ENCODING 8921
SWIDTH 625 0
DWIDTH 10 0
BBX 8 9 1 1
BITMAP
84
94
52
29
29
29
5A
94
A4
ENDCHAR
STARTCHAR 22DA
ENCODING 8922
SWIDTH 625 0
DWIDTH 10 0
BBX 7 14 1 -2
BITMAP
02
0E
38
C0
70
1C
06
FE
C0
30
0C
06
1C
60
ENDCHAR
STARTCHAR 22DB
ENCODING 8923
SWIDTH 625 0
DWIDTH 10 0
BBX 7 14 1 -1
BITMAP
60
1C
06
0E
30
C0
FE
06
1C
70
C0
30
0E
02
ENDCHAR
STARTCHAR 22DC
ENCODING 8924
SWIDTH 625 0
DWIDTH 10 0
BBX 7 11 1 0
BITMAP
FE
00
00
06
1C
30
C0
60
38
0E
02
ENDCHAR
STARTCHAR 22DD
ENCODING 8925
SWIDTH 625 0
DWIDTH 10 0
BBX 7 10 1 0
BITMAP
FE
00
00
C0
30
1C
06
06
18
60
ENDCHAR
STARTCHAR 22DE
ENCODING 8926
SWIDTH 625 0
DWIDTH 10 0
BBX 7 10 2 1
BITMAP
06
04
0C
1C
E4
18
E0
18
0C
04
ENDCHAR
STARTCHAR 22DF
ENCODING 8927
SWIDTH 625 0
DWIDTH 10 0
BBX 7 10 1 1
BITMAP
80
C0
40
30
DE
60
1E
30
40
80
ENDCHAR
STARTCHAR 22E0
ENCODING 8928
SWIDTH 625 0
DWIDTH 10 0
BBX 6 14 2 -2
BITMAP
08
08
08
0C
1C
18
F0
18
F4
3C
2C
24
24
40
ENDCHAR
STARTCHAR 22E1
ENCODING 8929
SWIDTH 625 0
DWIDTH 10 0
BBX 7 14 1 -2
BITMAP
08
08
08
88
58
30
1E
30
7E
B0
60
E0
A0
40
ENDCHAR
STARTCHAR 22E2
ENCODING 8930
SWIDTH 625 0
DWIDTH 10 0
BBX 6 14 2 -1
BITMAP
08
08
FC
88
98
90
90
90
FC
20
20
FC
20
40
ENDCHAR
STARTCHAR 22E3
ENCODING 8931
SWIDTH 625 0
DWIDTH 10 0
BBX 7 15 1 -2
BITMAP
08
08
08
FE
1A
12
12
12
32
FE
20
20
FE
40
40
ENDCHAR
STARTCHAR 22E4
ENCODING 8932
SWIDTH 625 0
DWIDTH 10 0
BBX 6 11 2 -1
BITMAP
FC
80
80
80
80
80
FC
08
10
FC
20
ENDCHAR
STARTCHAR 22E5
ENCODING 8933
SWIDTH 625 0
DWIDTH 10 0
BBX 7 11 1 -1
BITMAP
FE
02
02
02
02
02
FE
0C
08
FE
30
ENDCHAR
STARTCHAR 22E6
ENCODING 8934
SWIDTH 625 0
DWIDTH 10 0
BBX 7 12 1 -1
BITMAP
02
0C
38
60
60
30
0C
02
0C
7A
DE
30
ENDCHAR
STARTCHAR 22E7
ENCODING 8935
SWIDTH 625 0
DWIDTH 10 0
BBX 7 12 1 -1
BITMAP
C0
70
18
06
06
1C
70
C0
0C
7A
DE
30
ENDCHAR
STARTCHAR 22E8
ENCODING 8936
SWIDTH 625 0
DWIDTH 10 0
BBX 8 11 1 -1
BITMAP
02
06
0C
70
0C
02
03
0C
7A
DE
30
ENDCHAR
STARTCHAR 22E9
ENCODING 8937
SWIDTH 625 0
DWIDTH 10 0
BBX 7 11 1 -1
BITMAP
80
40
30
0E
30
40
80
0C
7A
DE
30
ENDCHAR
STARTCHAR 22EA
ENCODING 8938
SWIDTH 625 0
DWIDTH 10 0
BBX 6 15 2 -2
BITMAP
08
08
08
0C
1C
34
D4
94
D4
34
3C
24
20
60
40
ENDCHAR
STARTCHAR 22EB
ENCODING 8939
SWIDTH 625 0
DWIDTH 10 0
BBX 6 15 2 -2
BITMAP
08
10
10
90
D0
B0
BC
A4
AC
B0
E0
C0
40
40
C0
ENDCHAR
STARTCHAR 22EC
ENCODING 8940
SWIDTH 625 0
DWIDTH 10 0
BBX 7 15 1 -2
BITMAP
04
04
06
0E
3A
6A
CA
3A
1E
16
10
10
FE
20
20
ENDCHAR
STARTCHAR 22ED
ENCODING 8941
SWIDTH 625 0
DWIDTH 10 0
BBX 6 15 2 -2
BITMAP
08
10
90
F0
B0
BC
A4
B8
E0
E0
40
40
FC
40
C0
ENDCHAR
STARTCHAR 22EE
ENCODING 8942
SWIDTH 1187 0
DWIDTH 19 0
BBX 2 15 9 -2
BITMAP
C0
C0
00
00
00
00
00
C0
C0
00
00
00
00
C0
C0
ENDCHAR
STARTCHAR 22EF
ENCODING 8943
SWIDTH 1187 0
DWIDTH 19 0
BBX 16 2 2 5
BITMAP
C187
C186
ENDCHAR
STARTCHAR 22F0
ENCODING 8944
SWIDTH 1187 0
DWIDTH 19 0
BBX 16 15 2 -2
BITMAP
0003
0003
0000
0000
0000
0000
0000
0180
0180
0000
0000
0000
0000
C000
C000
ENDCHAR
STARTCHAR 22F1
ENCODING 8945
SWIDTH 1187 0
DWIDTH 19 0
BBX 16 15 2 -2
BITMAP
C000
C000
0000
0000
0000
0000
0000
0180
0180
0000
0000
0000
0000
0003
0003
ENDCHAR
STARTCHAR 22F2
ENCODING 8946
SWIDTH 625 0
DWIDTH 10 0
BBX 6 9 2 1
BITMAP
1C
20
60
40
FC
40
60
20
1C
ENDCHAR
STARTCHAR 22F3
ENCODING 8947
SWIDTH 625 0
DWIDTH 10 0
BBX 7 9 1 1
BITMAP
3E
60
42
C2
FE
C2
42
60
3E
ENDCHAR
STARTCHAR 22F4
ENCODING 8948
SWIDTH 625 0
DWIDTH 10 0
BBX 7 6 1 2
BITMAP
7E
42
FE
C2
40
3E
ENDCHAR
STARTCHAR 22F5
ENCODING 8949
SWIDTH 625 0
DWIDTH 10 0
BBX 7 12 1 0
BITMAP
18
18
00
00
3E
60
C0
FE
C0
C0
60
3E
ENDCHAR
STARTCHAR 22F6
ENCODING 8950
SWIDTH 625 0
DWIDTH 10 0
BBX 7 11 1 0
BITMAP
FE
00
00
3E
60
C0
FE
C0
C0
60
3E
ENDCHAR
STARTCHAR 22F7
ENCODING 8951
SWIDTH 625 0
DWIDTH 10 0
BBX 7 8 1 2
BITMAP
FE
00
3E
40
C0
FE
40
7E
ENDCHAR
STARTCHAR 22F8
ENCODING 8952
SWIDTH 625 0
DWIDTH 10 0
BBX 7 12 1 -1
BITMAP
3E
60
40
C0
FE
C0
60
3E
00
00
00
FE
ENDCHAR
STARTCHAR 22F9
ENCODING 8953
SWIDTH 625 0
DWIDTH 10 0
BBX 6 9 2 1
BITMAP
3C
60
C0
FC
80
FC
C0
60
3C
ENDCHAR
STARTCHAR 22FA
ENCODING 8954
SWIDTH 625 0
DWIDTH 10 0
BBX 6 9 2 1
BITMAP
E0
10
18
08
FC
08
18
10
E0
ENDCHAR
STARTCHAR 22FB
ENCODING 8955
SWIDTH 625 0
DWIDTH 10 0
BBX 6 9 2 1
BITMAP
F0
0C
84
84
FC
84
84
0C
F0
ENDCHAR
STARTCHAR 22FC
ENCODING 8956
SWIDTH 625 0
DWIDTH 10 0
BBX 6 6 2 2
BITMAP
F8
84
FC
84
0C
F8
ENDCHAR
STARTCHAR 22FD
ENCODING 8957
SWIDTH 625 0
DWIDTH 10 0
BBX 7 11 1 0
BITMAP
FE
00
00
F8
04
02
FE
02
06
04
F8
ENDCHAR
STARTCHAR 22FE
ENCODING 8958
SWIDTH 625 0
DWIDTH 10 0
BBX 7 8 1 2
BITMAP
FE
00
FC
06
02
FE
06
FC
ENDCHAR
STARTCHAR 22FF
ENCODING 8959
SWIDTH 625 0
DWIDTH 10 0
BBX 6 9 2 1
BITMAP
FC
80
80
80
FC
80
80
80
FC
ENDCHAR
STARTCHAR 2300
ENCODING 8960
SWIDTH 625 0
DWIDTH 10 0
BBX 8 7 1 2
BITMAP
3D
42
8D
99
B1
62
BC
ENDCHAR
STARTCHAR 2301
ENCODING 8961
SWIDTH 1187 0
DWIDTH 19 0
BBX 11 7 4 2
BITMAP
0400
0600
8580
64C0
3420
0C00
0400
ENDCHAR
STARTCHAR 2302
ENCODING 8962
SWIDTH 625 0
DWIDTH 10 0
BBX 6 9 2 2
BITMAP
78
CC
84
84
84
84
84
84
FC
ENDCHAR
STARTCHAR 2303
ENCODING 8963
SWIDTH 1187 0
DWIDTH 19 0
BBX 9 5 5 9
BITMAP
0800
1400
2200
4100
8080
ENDCHAR
STARTCHAR 2304
ENCODING 8964
SWIDTH 1187 0
DWIDTH 19 0
BBX 9 5 5 -3
BITMAP
8080
4100
2200
1400
0800
ENDCHAR
STARTCHAR 2305
ENCODING 8965
SWIDTH 625 0
DWIDTH 10 0
BBX 7 11 1 0
BITMAP
FE
10
18
38
28
2C
24
64
44
46
C2
ENDCHAR
STARTCHAR 2306
ENCODING 8966
SWIDTH 625 0
DWIDTH 10 0
BBX 7 11 1 0
BITMAP
FE
00
00
FE
18
38
28
2C
64
44
42
ENDCHAR
STARTCHAR 2307
ENCODING 8967
SWIDTH 625 0
DWIDTH 10 0
BBX 2 11 4 0
BITMAP
80
80
80
40
40
C0
80
80
40
40
40
ENDCHAR
STARTCHAR 2308
ENCODING 8968
SWIDTH 625 0
DWIDTH 10 0
BBX 4 15 3 -2
BITMAP
F0
80
80
80
80
80
80
80
80
80
80
80
80
80
80
ENDCHAR
STARTCHAR 2309
ENCODING 8969
SWIDTH 625 0
DWIDTH 10 0
BBX 4 15 3 -2
BITMAP
F0
10
10
10
10
10
10
10
10
10
10
10
10
10
10
ENDCHAR
STARTCHAR 230A
ENCODING 8970
SWIDTH 625 0
DWIDTH 10 0
BBX 4 15 3 -2
BITMAP
80
80
80
80
80
80
80
80
80
80
80
80
80
80
F0
ENDCHAR
STARTCHAR 230B
ENCODING 8971
SWIDTH 625 0
DWIDTH 10 0
BBX 4 15 3 -2
BITMAP
10
10
10
10
10
10
10
10
10
10
10
10
10
10
F0
ENDCHAR
STARTCHAR 230C
ENCODING 8972
SWIDTH 1187 0
DWIDTH 19 0
BBX 5 5 14 -6
BITMAP
78
80
80
80
80
ENDCHAR
STARTCHAR 230D
ENCODING 8973
SWIDTH 1187 0
DWIDTH 19 0
BBX 5 5 0 -6
BITMAP
F0
08
08
08
08
ENDCHAR
STARTCHAR 230E
ENCODING 8974
SWIDTH 1187 0
DWIDTH 19 0
BBX 5 5 14 12
BITMAP
80
80
80
80
78
ENDCHAR
STARTCHAR 230F
ENCODING 8975
SWIDTH 1187 0
DWIDTH 19 0
BBX 5 5 0 12
BITMAP
08
08
08
08
F0
ENDCHAR
STARTCHAR 2310
ENCODING 8976
SWIDTH 625 0
DWIDTH 10 0
BBX 6 4 2 2
BITMAP
FC
80
80
80
ENDCHAR
STARTCHAR 2311
ENCODING 8977
SWIDTH 1187 0
DWIDTH 19 0
BBX 7 7 6 2
BITMAP
82
FC
44
44
44
BC
C2
ENDCHAR
STARTCHAR 2312
ENCODING 8978
SWIDTH 1187 0
DWIDTH 19 0
BBX 11 5 4 3
BITMAP
1F00
3180
4040
8060
8020
ENDCHAR
STARTCHAR 2313
ENCODING 8979
SWIDTH 1187 0
DWIDTH 19 0
BBX 11 5 4 3
BITMAP
1F00
2080
4040
8020
FFE0
ENDCHAR
STARTCHAR 2314
ENCODING 8980
SWIDTH 1187 0
DWIDTH 19 0
BBX 7 5 6 3
BITMAP
7C
C2
46
2C
18
ENDCHAR
STARTCHAR 2315
ENCODING 8981
SWIDTH 1187 0
DWIDTH 19 0
BBX 10 10 4 -1
BITMAP
1F00
3180
60C0
4040
4040
4040
60C0
3180
5F00
8000
ENDCHAR
STARTCHAR 2316
ENCODING 8982
SWIDTH 1187 0
DWIDTH 19 0
BBX 11 11 4 0
BITMAP
0400
0E00
3580
2480
4440
FFE0
4440
2480
3580
0E00
0400
ENDCHAR
STARTCHAR 2317
ENCODING 8983
SWIDTH 1187 0
DWIDTH 19 0
BBX 11 11 4 0
BITMAP
60C0
FFE0
60C0
60C0
60C0
60C0
60C0
60C0
60C0
FFE0
60C0
ENDCHAR
STARTCHAR 2318
ENCODING 8984
SWIDTH 1187 0
DWIDTH 19 0
BBX 11 11 4 0
BITMAP
71C0
9120
9120
7FC0
1100
1100
1100
7FC0
9120
9120
71C0
ENDCHAR
STARTCHAR 2319
ENCODING 8985
SWIDTH 625 0
DWIDTH 10 0
BBX 6 4 2 5
BITMAP
80
80
80
FC
ENDCHAR
STARTCHAR 231A
ENCODING 8986
SWIDTH 1187 0
DWIDTH 19 0
BBX 11 15 4 -2
BITMAP
1F00
1F00
3F80
60C0
4040
C060
9F60
8420
8020
C060
4040
60C0
3F80
1F00
1F00
ENDCHAR
STARTCHAR 231B
ENCODING 8987
SWIDTH 1187 0
DWIDTH 19 0
BBX 11 15 4 -2
BITMAP
FFE0
8020
8020
C060
4040
3180
1B00
0E00
1B00
64C0
5F40
BFA0
BFA0
8020
FFE0
ENDCHAR
STARTCHAR 231C
ENCODING 8988
SWIDTH 1187 0
DWIDTH 19 0
BBX 6 6 4 5
BITMAP
FC
80
80
80
80
80
ENDCHAR
STARTCHAR 231D
ENCODING 8989
SWIDTH 1187 0
DWIDTH 19 0
BBX 5 6 10 5
BITMAP
F8
08
08
08
08
08
ENDCHAR
STARTCHAR 231E
ENCODING 8990
SWIDTH 1187 0
DWIDTH 19 0
BBX 6 6 4 0
BITMAP
80
80
80
80
80
FC
ENDCHAR
STARTCHAR 231F
ENCODING 8991
SWIDTH 1187 0
DWIDTH 19 0
BBX 5 6 10 0
BITMAP
08
08
08
08
08
F8
ENDCHAR
STARTCHAR 2320
ENCODING 8992
SWIDTH 625 0
DWIDTH 10 0
BBX 3 17 4 -4
BITMAP
60
C0
80
80
80
80
80
80
80
80
80
80
80
80
80
80
80
ENDCHAR
STARTCHAR 2321
ENCODING 8993
SWIDTH 625 0
DWIDTH 10 0
BBX 3 17 2 -2
BITMAP
20
20
20
20
20
20
20
20
20
20
20
20
20
20
20
60
C0
ENDCHAR
STARTCHAR 2322
ENCODING 8994
SWIDTH 625 0
DWIDTH 10 0
BBX 6 3 2 4
BITMAP
70
CC
84
ENDCHAR
STARTCHAR 2323
ENCODING 8995
SWIDTH 625 0
DWIDTH 10 0
BBX 6 3 2 4
BITMAP
84
CC
70
ENDCHAR
STARTCHAR 2324
ENCODING 8996
SWIDTH 1187 0
DWIDTH 19 0
BBX 11 3 4 5
BITMAP
F5E0
0A00
1100
ENDCHAR
STARTCHAR 2325
ENCODING 8997
SWIDTH 1187 0
DWIDTH 19 0
BBX 11 7 4 2
BITMAP
F1E0
0800
0C00
0400
0600
0200
01E0
ENDCHAR
STARTCHAR 2326
ENCODING 8998
SWIDTH 1187 0
DWIDTH 19 0
BBX 12 7 4 2
BITMAP
FFC0
9160
8A30
8410
8A30
9160
FFC0
ENDCHAR
STARTCHAR 2327
ENCODING 8999
SWIDTH 1187 0
DWIDTH 19 0
BBX 11 7 4 2
BITMAP
FFE0
9120
8A20
8420
8A20
9120
FFE0
ENDCHAR
STARTCHAR 2328
ENCODING 9000
SWIDTH 1187 0
DWIDTH 19 0
BBX 11 7 4 2
BITMAP
FFE0
8020
D6E0
FB60
FDE0
8020
FFE0
ENDCHAR
STARTCHAR 2329
ENCODING 9001
SWIDTH 625 0
DWIDTH 10 0
BBX 6 15 2 -2
BITMAP
04
08
18
10
30
20
40
C0
40
60
30
10
18
08
0C
ENDCHAR
STARTCHAR 232A
ENCODING 9002
SWIDTH 625 0
DWIDTH 10 0
BBX 5 15 2 -2
BITMAP
80
C0
40
60
20
10
18
08
18
10
30
60
40
C0
80
ENDCHAR
STARTCHAR 232B
ENCODING 9003
SWIDTH 1187 0
DWIDTH 19 0
BBX 12 7 3 2
BITMAP
3FF0
6890
C510
8210
C510
6890
3FF0
ENDCHAR
STARTCHAR 232D
ENCODING 9005
SWIDTH 1187 0
DWIDTH 19 0
BBX 11 11 4 0
BITMAP
2020
3F60
31C0
20C0
60C0
6040
60C0
60C0
7180
5F80
C080
ENDCHAR
STARTCHAR 232E
ENCODING 9006
SWIDTH 1187 0
DWIDTH 19 0
BBX 11 10 4 0
BITMAP
1E00
3100
6080
40C0
47E0
48C0
7080
B100
DE00
E000
ENDCHAR
STARTCHAR 232F
ENCODING 9007
SWIDTH 1187 0
DWIDTH 19 0
BBX 11 7 4 2
BITMAP
7FC0
0000
0000
FFE0
0000
0000
7FC0
ENDCHAR
STARTCHAR 2330
ENCODING 9008
SWIDTH 1187 0
DWIDTH 19 0
BBX 11 11 4 0
BITMAP
20C0
F1E0
28C0
2080
4080
4080
4080
4180
4100
C100
FF00
ENDCHAR
STARTCHAR 2331
ENCODING 9009
SWIDTH 1187 0
DWIDTH 19 0
BBX 11 11 4 0
BITMAP
0800
1C00
6B00
4900
88C0
8FE0
88C0
C900
6B00
1C00
0800
ENDCHAR
STARTCHAR 2332
ENCODING 9010
SWIDTH 1187 0
DWIDTH 19 0
BBX 15 9 2 1
BITMAP
2000
3C00
2700
20E0
FFFE
20E0
2700
3C00
2000
ENDCHAR
STARTCHAR 2333
ENCODING 9011
SWIDTH 1187 0
DWIDTH 19 0
BBX 10 5 4 0
BITMAP
C000
B000
8C00
8300
FFC0
ENDCHAR
STARTCHAR 2334
ENCODING 9012
SWIDTH 1187 0
DWIDTH 19 0
BBX 11 5 4 0
BITMAP
8020
8020
8020
8020
FFE0
ENDCHAR
STARTCHAR 2335
ENCODING 9013
SWIDTH 1187 0
DWIDTH 19 0
BBX 11 6 4 0
BITMAP
C060
60C0
3180
1B00
0E00
0400
ENDCHAR
STARTCHAR 2336
ENCODING 9014
SWIDTH 625 0
DWIDTH 10 0
BBX 9 11 0 0
BITMAP
FF80
0800
0800
0800
0800
0800
0800
0800
0800
0800
FF80
ENDCHAR
STARTCHAR 2337
ENCODING 9015
SWIDTH 625 0
DWIDTH 10 0
BBX 5 16 2 -3
BITMAP
F8
88
88
88
88
88
88
88
88
88
88
88
88
88
88
F8
ENDCHAR
STARTCHAR 2338
ENCODING 9016
SWIDTH 625 0
DWIDTH 10 0
BBX 8 16 1 -3
BITMAP
FF
81
81
81
81
81
FF
81
FF
81
81
81
81
81
81
FF
ENDCHAR
STARTCHAR 2339
ENCODING 9017
SWIDTH 625 0
DWIDTH 10 0
BBX 8 16 1 -3
BITMAP
FF
81
81
81
99
99
81
FF
81
99
99
81
81
81
81
FF
ENDCHAR
STARTCHAR 233A
ENCODING 9018
SWIDTH 625 0
DWIDTH 10 0
BBX 8 16 1 -3
BITMAP
FF
81
81
81
81
99
BD
E7
A5
BD
99
81
81
81
81
FF
ENDCHAR
STARTCHAR 233B
ENCODING 9019
SWIDTH 625 0
DWIDTH 10 0
BBX 8 16 1 -3
BITMAP
FF
81
81
81
81
81
99
95
99
81
81
81
81
81
81
FF
ENDCHAR
STARTCHAR 233C
ENCODING 9020
SWIDTH 625 0
DWIDTH 10 0
BBX 9 16 1 -3
BITMAP
FF80
8180
8180
8180
9D80
A780
C380
C380
C380
A780
9D80
8180
8180
8180
8180
FF80
ENDCHAR
STARTCHAR 233D
ENCODING 9021
SWIDTH 625 0
DWIDTH 10 0
BBX 7 15 1 -2
BITMAP
10
10
10
10
38
54
92
92
92
54
38
10
10
10
10
ENDCHAR
STARTCHAR 233E
ENCODING 9022
SWIDTH 625 0
DWIDTH 10 0
BBX 8 7 1 3
BITMAP
7C
DA
A7
A5
AE
56
3C
ENDCHAR
STARTCHAR 233F
ENCODING 9023
SWIDTH 625 0
DWIDTH 10 0
BBX 7 15 1 -2
BITMAP
06
06
04
0C
08
08
18
FE
10
30
20
20
60
40
40
ENDCHAR
STARTCHAR 2340
ENCODING 9024
SWIDTH 625 0
DWIDTH 10 0
BBX 7 15 1 -2
BITMAP
40
40
60
20
20
30
10
FE
18
08
08
0C
04
04
06
ENDCHAR
STARTCHAR 2341
ENCODING 9025
SWIDTH 625 0
DWIDTH 10 0
BBX 8 16 1 -3
BITMAP
FF
81
85
85
85
89
89
89
91
91
91
A1
A1
A1
81
FF
ENDCHAR
STARTCHAR 2342
ENCODING 9026
SWIDTH 625 0
DWIDTH 10 0
BBX 8 16 1 -3
BITMAP
FF
81
A1
A1
A1
91
91
91
89
89
89
85
85
85
81
FF
ENDCHAR
STARTCHAR 2343
ENCODING 9027
SWIDTH 625 0
DWIDTH 10 0
BBX 8 16 1 -3
BITMAP
FF
81
81
81
83
8D
99
E1
E1
99
8D
83
81
81
81
FF
ENDCHAR
STARTCHAR 2344
ENCODING 9028
SWIDTH 625 0
DWIDTH 10 0
BBX 8 16 1 -3
BITMAP
FF
81
81
81
C1
B1
99
87
87
99
B1
C1
81
81
81
FF
ENDCHAR
STARTCHAR 2345
ENCODING 9029
SWIDTH 625 0
DWIDTH 10 0
BBX 9 16 0 -3
BITMAP
0800
0800
0800
0800
0800
3800
6800
FF80
FF80
6800
3800
0800
0800
0800
0800
0800
ENDCHAR
STARTCHAR 2346
ENCODING 9030
SWIDTH 625 0
DWIDTH 10 0
BBX 9 16 0 -3
BITMAP
0800
0800
0800
0800
0800
0A00
0900
FF80
FF80
0900
0A00
0800
0800
0800
0800
0800
ENDCHAR
STARTCHAR 2347
ENCODING 9031
SWIDTH 625 0
DWIDTH 10 0
BBX 8 16 1 -3
BITMAP
FF
81
81
81
81
A1
C1
FF
C1
A1
81
81
81
81
81
FF
ENDCHAR
STARTCHAR 2348
ENCODING 9032
SWIDTH 625 0
DWIDTH 10 0
BBX 8 16 1 -3
BITMAP
FF
81
81
81
81
85
83
FF
83
85
81
81
81
81
81
FF
ENDCHAR
STARTCHAR 2349
ENCODING 9033
SWIDTH 625 0
DWIDTH 10 0
BBX 8 9 1 1
BITMAP
40
7C
62
91
99
89
46
3E
02
ENDCHAR
STARTCHAR 234A
ENCODING 9034
SWIDTH 625 0
DWIDTH 10 0
BBX 7 11 1 0
BITMAP
10
10
10
10
10
10
10
FE
00
00
FE
ENDCHAR
STARTCHAR 234B
ENCODING 9035
SWIDTH 625 0
DWIDTH 10 0
BBX 7 16 1 -3
BITMAP
10
10
10
18
38
38
38
3C
54
54
54
D2
FE
10
10
10
ENDCHAR
STARTCHAR 234C
ENCODING 9036
SWIDTH 625 0
DWIDTH 10 0
BBX 8 16 1 -3
BITMAP
FF
81
81
81
A5
A5
A5
A5
99
99
99
99
81
81
81
FF
ENDCHAR
STARTCHAR 234D
ENCODING 9037
SWIDTH 625 0
DWIDTH 10 0
BBX 8 16 1 -3
BITMAP
FF
81
81
99
99
99
99
A5
A5
A5
A5
FF
81
81
81
FF
ENDCHAR
STARTCHAR 234E
ENCODING 9038
SWIDTH 625 0
DWIDTH 10 0
BBX 7 11 1 0
BITMAP
10
10
10
3C
54
54
54
3C
10
10
FE
ENDCHAR
STARTCHAR 234F
ENCODING 9039
SWIDTH 625 0
DWIDTH 10 0
BBX 7 13 1 -1
BITMAP
10
38
54
10
10
10
FE
10
10
10
10
10
10
ENDCHAR
STARTCHAR 2350
ENCODING 9040
SWIDTH 625 0
DWIDTH 10 0
BBX 8 16 1 -3
BITMAP
FF
81
89
99
AD
89
89
89
89
89
89
89
89
81
81
FF
ENDCHAR
STARTCHAR 2351
ENCODING 9041
SWIDTH 625 0
DWIDTH 10 0
BBX 7 11 1 0
BITMAP
FE
00
00
FE
10
10
10
10
10
10
10
ENDCHAR
STARTCHAR 2352
ENCODING 9042
SWIDTH 625 0
DWIDTH 10 0
BBX 7 16 1 -3
BITMAP
10
10
10
FE
D6
54
54
54
3C
38
38
38
10
10
10
10
ENDCHAR
STARTCHAR 2353
ENCODING 9043
SWIDTH 625 0
DWIDTH 10 0
BBX 8 16 1 -3
BITMAP
FF
81
81
81
99
99
99
99
A5
A5
A5
A5
81
81
81
FF
ENDCHAR
STARTCHAR 2354
ENCODING 9044
SWIDTH 625 0
DWIDTH 10 0
BBX 8 16 1 -3
BITMAP
FF
81
81
FF
A5
A5
A5
A5
99
99
99
99
81
81
81
FF
ENDCHAR
STARTCHAR 2355
ENCODING 9045
SWIDTH 625 0
DWIDTH 10 0
BBX 7 11 1 0
BITMAP
FE
10
10
3C
54
54
54
3C
10
10
10
ENDCHAR
STARTCHAR 2356
ENCODING 9046
SWIDTH 625 0
DWIDTH 10 0
BBX 7 13 1 -1
BITMAP
10
10
10
10
10
10
FE
10
10
10
56
3C
18
ENDCHAR
STARTCHAR 2357
ENCODING 9047
SWIDTH 625 0
DWIDTH 10 0
BBX 8 16 1 -3
BITMAP
FF
81
81
89
89
89
89
89
89
89
89
AD
99
81
81
FF
ENDCHAR
STARTCHAR 2358
ENCODING 9048
SWIDTH 625 0
DWIDTH 10 0
BBX 7 13 1 -1
BITMAP
10
10
10
10
10
00
00
00
00
00
00
00
FE
ENDCHAR
STARTCHAR 2359
ENCODING 9049
SWIDTH 625 0
DWIDTH 10 0
BBX 7 14 1 -3
BITMAP
10
18
38
28
2C
24
64
44
46
C2
FE
00
00
FE
ENDCHAR
STARTCHAR 235A
ENCODING 9050
SWIDTH 625 0
DWIDTH 10 0
BBX 7 10 1 -1
BITMAP
10
28
44
82
46
2C
18
00
00
FE
ENDCHAR
STARTCHAR 235B
ENCODING 9051
SWIDTH 625 0
DWIDTH 10 0
BBX 7 8 1 -1
BITMAP
38
2C
38
00
00
00
00
FE
ENDCHAR
STARTCHAR 235C
ENCODING 9052
SWIDTH 625 0
DWIDTH 10 0
BBX 8 10 1 -1
BITMAP
3C
42
81
81
81
42
3C
00
00
7E
ENDCHAR
STARTCHAR 235D
ENCODING 9053
SWIDTH 625 0
DWIDTH 10 0
BBX 6 11 2 0
BITMAP
78
CC
84
84
84
CC
FC
84
84
84
84
ENDCHAR
STARTCHAR 235E
ENCODING 9054
SWIDTH 625 0
DWIDTH 10 0
BBX 9 16 1 -3
BITMAP
FF80
8080
8880
8880
8880
8880
8080
8080
8080
8080
8080
8080
8080
8080
8080
FF80
ENDCHAR
STARTCHAR 235F
ENCODING 9055
SWIDTH 625 0
DWIDTH 10 0
BBX 8 8 1 2
BITMAP
3C
56
93
FF
91
AB
66
3C
ENDCHAR
STARTCHAR 2360
ENCODING 9056
SWIDTH 625 0
DWIDTH 10 0
BBX 8 16 1 -3
BITMAP
FF
81
81
81
99
99
81
81
81
99
99
81
81
81
81
FF
ENDCHAR
STARTCHAR 2361
ENCODING 9057
SWIDTH 625 0
DWIDTH 10 0
BBX 7 14 1 0
BITMAP
64
64
00
FE
10
10
10
10
10
10
10
10
10
10
ENDCHAR
STARTCHAR 2362
ENCODING 9058
SWIDTH 625 0
DWIDTH 10 0
BBX 8 14 1 0
BITMAP
66
66
00
FF
42
42
46
66
24
24
3C
18
18
18
ENDCHAR
STARTCHAR 2363
ENCODING 9059
SWIDTH 625 0
DWIDTH 10 0
BBX 8 10 1 2
BITMAP
66
66
00
18
18
DB
7E
18
24
66
ENDCHAR
STARTCHAR 2364
ENCODING 9060
SWIDTH 625 0
DWIDTH 10 0
BBX 6 8 2 4
BITMAP
CC
CC
00
00
00
78
48
78
ENDCHAR
STARTCHAR 2365
ENCODING 9061
SWIDTH 625 0
DWIDTH 10 0
BBX 8 10 1 2
BITMAP
66
66
00
3C
42
81
81
81
42
3C
ENDCHAR
STARTCHAR 2366
ENCODING 9062
SWIDTH 625 0
DWIDTH 10 0
BBX 7 16 2 -3
BITMAP
10
10
96
96
96
96
96
96
96
96
96
D4
78
10
10
10
ENDCHAR
STARTCHAR 2367
ENCODING 9063
SWIDTH 625 0
DWIDTH 10 0
BBX 7 16 1 -3
BITMAP
10
10
10
10
3E
50
90
90
90
D0
50
3E
10
10
10
10
ENDCHAR
STARTCHAR 2368
ENCODING 9064
SWIDTH 625 0
DWIDTH 10 0
BBX 8 9 1 3
BITMAP
66
66
00
00
00
00
71
5A
8E
ENDCHAR
STARTCHAR 2369
ENCODING 9065
SWIDTH 625 0
DWIDTH 10 0
BBX 7 11 1 1
BITMAP
66
66
00
C0
30
0C
02
06
18
70
40
ENDCHAR
STARTCHAR 236A
ENCODING 9066
SWIDTH 625 0
DWIDTH 10 0
BBX 7 9 1 -3
BITMAP
FE
00
00
00
18
18
08
10
30
ENDCHAR
STARTCHAR 236B
ENCODING 9067
SWIDTH 625 0
DWIDTH 10 0
BBX 9 11 0 0
BITMAP
7F00
2100
2300
2200
7A80
5F80
9700
1400
0C00
0C00
0800
ENDCHAR
STARTCHAR 236C
ENCODING 9068
SWIDTH 625 0
DWIDTH 10 0
BBX 10 12 0 0
BITMAP
1E00
3300
2100
2100
2100
39C0
6D80
E700
2100
2100
3300
1E00
ENDCHAR
STARTCHAR 236D
ENCODING 9069
SWIDTH 625 0
DWIDTH 10 0
BBX 9 15 0 -2
BITMAP
0800
0800
0800
0800
0800
0800
7880
4980
8F00
0800
0800
0800
0800
0800
0800
ENDCHAR
STARTCHAR 236E
ENCODING 9070
SWIDTH 625 0
DWIDTH 10 0
BBX 7 11 1 -2
BITMAP
18
18
00
00
00
00
18
18
EE
10
30
ENDCHAR
STARTCHAR 236F
ENCODING 9071
SWIDTH 625 0
DWIDTH 10 0
BBX 8 16 1 -3
BITMAP
FF
81
85
89
89
89
FF
91
FF
91
91
91
A1
A1
81
FF
ENDCHAR
STARTCHAR 2370
ENCODING 9072
SWIDTH 625 0
DWIDTH 10 0
BBX 8 16 1 -3
BITMAP
FF
81
9D
A5
A3
83
87
8D
89
81
89
89
81
81
81
FF
ENDCHAR
STARTCHAR 2371
ENCODING 9073
SWIDTH 625 0
DWIDTH 10 0
BBX 9 11 0 0
BITMAP
2100
2100
2300
3200
3A80
5A80
9700
1400
0C00
0C00
0C00
ENDCHAR
STARTCHAR 2372
ENCODING 9074
SWIDTH 625 0
DWIDTH 10 0
BBX 10 11 0 0
BITMAP
0C00
0C00
0C00
1C00
3CC0
5E80
9700
3200
2300
2100
2100
ENDCHAR
STARTCHAR 2373
ENCODING 9075
SWIDTH 625 0
DWIDTH 10 0
BBX 7 8 1 0
BITMAP
F0
10
10
10
10
10
18
0E
ENDCHAR
STARTCHAR 2374
ENCODING 9076
SWIDTH 625 0
DWIDTH 10 0
BBX 6 11 2 -3
BITMAP
78
CC
84
84
84
84
CC
B8
80
80
80
ENDCHAR
STARTCHAR 2375
ENCODING 9077
SWIDTH 625 0
DWIDTH 10 0
BBX 7 8 1 0
BITMAP
C6
82
82
92
92
92
9A
6C
ENDCHAR
STARTCHAR 2376
ENCODING 9078
SWIDTH 625 0
DWIDTH 10 0
BBX 7 11 1 -3
BITMAP
72
CE
8C
84
84
8C
CE
72
00
00
FE
ENDCHAR
STARTCHAR 2377
ENCODING 9079
SWIDTH 625 0
DWIDTH 10 0
BBX 7 11 1 -3
BITMAP
3E
60
C0
FE
C0
40
60
3E
00
00
FE
ENDCHAR
STARTCHAR 2378
ENCODING 9080
SWIDTH 625 0
DWIDTH 10 0
BBX 7 11 1 -3
BITMAP
70
10
10
10
10
10
18
0E
00
00
FE
ENDCHAR
STARTCHAR 2379
ENCODING 9081
SWIDTH 625 0
DWIDTH 10 0
BBX 8 11 1 -3
BITMAP
C2
83
81
91
91
91
9B
6E
00
00
7E
ENDCHAR
STARTCHAR 237A
ENCODING 9082
SWIDTH 625 0
DWIDTH 10 0
BBX 7 8 1 0
BITMAP
72
CE
8C
84
84
8C
CE
72
ENDCHAR
STARTCHAR 237B
ENCODING 9083
SWIDTH 1187 0
DWIDTH 19 0
BBX 11 10 4 0
BITMAP
0020
0240
0180
0080
8160
C200
2200
1400
1800
0800
ENDCHAR
STARTCHAR 237D
ENCODING 9085
SWIDTH 625 0
DWIDTH 10 0
BBX 8 2 1 -1
BITMAP
C3
7E
ENDCHAR
STARTCHAR 237E
ENCODING 9086
SWIDTH 625 0
DWIDTH 10 0
BBX 8 7 1 2
BITMAP
3C
46
82
FF
64
64
E7
ENDCHAR
STARTCHAR 237F
ENCODING 9087
SWIDTH 625 0
DWIDTH 10 0
BBX 3 11 3 0
BITMAP
40
40
40
40
40
E0
60
40
40
40
40
ENDCHAR
STARTCHAR 2380
ENCODING 9088
SWIDTH 625 0
DWIDTH 10 0
BBX 6 9 2 1
BITMAP
78
38
48
78
84
CC
48
30
20
ENDCHAR
STARTCHAR 2381
ENCODING 9089
SWIDTH 625 0
DWIDTH 10 0
BBX 9 7 0 1
BITMAP
6000
9000
7000
9000
FE80
0000
7F80
ENDCHAR
STARTCHAR 2382
ENCODING 9090
SWIDTH 625 0
DWIDTH 10 0
BBX 9 7 0 1
BITMAP
6300
9480
7380
9480
7780
0000
7780
ENDCHAR
STARTCHAR 2383
ENCODING 9091
SWIDTH 625 0
DWIDTH 10 0
BBX 8 5 1 3
BITMAP
DB
24
DF
24
DF
ENDCHAR
STARTCHAR 2384
ENCODING 9092
SWIDTH 1187 0
DWIDTH 19 0
BBX 12 9 3 1
BITMAP
FFC0
86A0
8C90
8890
8890
8890
8C90
86A0
FFC0
ENDCHAR
STARTCHAR 2385
ENCODING 9093
SWIDTH 1187 0
DWIDTH 19 0
BBX 11 15 4 -2
BITMAP
0400
0400
FFE0
8420
8420
8420
8420
8420
8420
8420
8420
8420
FFE0
0400
0400
ENDCHAR
STARTCHAR 2386
ENCODING 9094
SWIDTH 1187 0
DWIDTH 19 0
BBX 11 11 4 0
BITMAP
0400
0A00
1100
2280
0340
FFA0
0340
2280
1100
0A00
0400
ENDCHAR
STARTCHAR 2387
ENCODING 9095
SWIDTH 1187 0
DWIDTH 19 0
BBX 12 9 4 2
BITMAP
0040
0060
01F0
0260
0640
0400
0C00
0800
F1E0
ENDCHAR
STARTCHAR 2388
ENCODING 9096
SWIDTH 1187 0
DWIDTH 19 0
BBX 11 11 4 0
BITMAP
0400
0400
3F80
3580
2E80
FFE0
2E80
3580
3F80
0400
0400
ENDCHAR
STARTCHAR 2389
ENCODING 9097
SWIDTH 1187 0
DWIDTH 19 0
BBX 11 11 4 0
BITMAP
1F00
3180
4040
8060
8020
E0E0
9120
8A60
4440
2080
1F00
ENDCHAR
STARTCHAR 238A
ENCODING 9098
SWIDTH 1187 0
DWIDTH 19 0
BBX 11 11 4 0
BITMAP
1F00
3180
4040
FFE0
A0A0
A0A0
9120
9B20
4A40
2480
1F00
ENDCHAR
STARTCHAR 238B
ENCODING 9099
SWIDTH 1187 0
DWIDTH 19 0
BBX 11 11 4 0
BITMAP
E700
C180
A040
1060
0820
8420
8020
8060
4040
2080
1F00
ENDCHAR
STARTCHAR 238D
ENCODING 9101
SWIDTH 625 0
DWIDTH 10 0
BBX 7 7 1 2
BITMAP
7C
44
44
44
44
44
C6
ENDCHAR
STARTCHAR 2394
ENCODING 9108
SWIDTH 1187 0
DWIDTH 19 0
BBX 11 10 4 0
BITMAP
3F80
2080
4040
4060
8020
8020
4060
4040
2080
3F80
ENDCHAR
STARTCHAR 2395
ENCODING 9109
SWIDTH 625 0
DWIDTH 10 0
BBX 8 16 1 -3
BITMAP
FF
81
81
81
81
81
81
81
81
81
81
81
81
81
81
FF
ENDCHAR
STARTCHAR 239B
ENCODING 9115
SWIDTH 625 0
DWIDTH 10 0
BBX 5 18 3 -5
BITMAP
18
10
30
20
20
40
40
40
C0
80
80
80
80
80
80
80
80
80
ENDCHAR
STARTCHAR 239C
ENCODING 9116
SWIDTH 625 0
DWIDTH 10 0
BBX 1 20 3 -5
BITMAP
80
80
80
80
80
80
80
80
80
80
80
80
80
80
80
80
80
80
80
80
ENDCHAR
STARTCHAR 239D
ENCODING 9117
SWIDTH 625 0
DWIDTH 10 0
BBX 5 17 3 -3
BITMAP
80
80
80
80
80
80
80
80
C0
40
40
40
60
20
30
10
18
ENDCHAR
STARTCHAR 239E
ENCODING 9118
SWIDTH 625 0
DWIDTH 10 0
BBX 5 18 2 -5
BITMAP
80
C0
60
20
20
30
10
10
10
18
18
08
08
08
08
08
08
08
ENDCHAR
STARTCHAR 239F
ENCODING 9119
SWIDTH 625 0
DWIDTH 10 0
BBX 1 20 6 -5
BITMAP
80
80
80
80
80
80
80
80
80
80
80
80
80
80
80
80
80
80
80
80
ENDCHAR
STARTCHAR 23A0
ENCODING 9120
SWIDTH 625 0
DWIDTH 10 0
BBX 5 17 2 -3
BITMAP
08
08
08
08
08
08
18
18
10
10
10
30
20
20
60
40
80
ENDCHAR
STARTCHAR 23A1
ENCODING 9121
SWIDTH 625 0
DWIDTH 10 0
BBX 5 18 3 -5
BITMAP
F8
80
80
80
80
80
80
80
80
80
80
80
80
80
80
80
80
80
ENDCHAR
STARTCHAR 23A2
ENCODING 9122
SWIDTH 625 0
DWIDTH 10 0
BBX 1 20 3 -5
BITMAP
80
80
80
80
80
80
80
80
80
80
80
80
80
80
80
80
80
80
80
80
ENDCHAR
STARTCHAR 23A3
ENCODING 9123
SWIDTH 625 0
DWIDTH 10 0
BBX 5 18 3 -2
BITMAP
80
80
80
80
80
80
80
80
80
80
80
80
80
80
80
80
80
F8
ENDCHAR
STARTCHAR 23A4
ENCODING 9124
SWIDTH 625 0
DWIDTH 10 0
BBX 5 18 2 -5
BITMAP
F8
08
08
08
08
08
08
08
08
08
08
08
08
08
08
08
08
08
ENDCHAR
STARTCHAR 23A5
ENCODING 9125
SWIDTH 625 0
DWIDTH 10 0
BBX 1 20 6 -5
BITMAP
80
80
80
80
80
80
80
80
80
80
80
80
80
80
80
80
80
80
80
80
ENDCHAR
STARTCHAR 23A6
ENCODING 9126
SWIDTH 625 0
DWIDTH 10 0
BBX 5 18 2 -2
BITMAP
08
08
08
08
08
08
08
08
08
08
08
08
08
08
08
08
08
F8
ENDCHAR
STARTCHAR 23A7
ENCODING 9127
SWIDTH 625 0
DWIDTH 10 0
BBX 3 18 4 -5
BITMAP
60
C0
80
80
80
80
80
80
80
80
80
80
80
80
80
80
80
80
ENDCHAR
STARTCHAR 23A8
ENCODING 9128
SWIDTH 625 0
DWIDTH 10 0
BBX 3 20 2 -5
BITMAP
20
20
20
20
20
20
20
20
20
E0
E0
20
20
20
20
20
20
20
20
20
ENDCHAR
STARTCHAR 23A9
ENCODING 9129
SWIDTH 625 0
DWIDTH 10 0
BBX 3 18 4 -2
BITMAP
80
80
80
80
80
80
80
80
80
80
80
80
80
80
80
80
C0
60
ENDCHAR
STARTCHAR 23AA
ENCODING 9130
SWIDTH 625 0
DWIDTH 10 0
BBX 1 20 4 -5
BITMAP
80
80
80
80
80
80
80
80
80
80
80
80
80
80
80
80
80
80
80
80
ENDCHAR
STARTCHAR 23AB
ENCODING 9131
SWIDTH 625 0
DWIDTH 10 0
BBX 3 18 2 -5
BITMAP
C0
60
20
20
20
20
20
20
20
20
20
20
20
20
20
20
20
20
ENDCHAR
STARTCHAR 23AC
ENCODING 9132
SWIDTH 625 0
DWIDTH 10 0
BBX 3 20 4 -5
BITMAP
80
80
80
80
80
80
80
80
80
60
60
80
80
80
80
80
80
80
80
80
ENDCHAR
STARTCHAR 23AD
ENCODING 9133
SWIDTH 625 0
DWIDTH 10 0
BBX 3 18 2 -2
BITMAP
20
20
20
20
20
20
20
20
20
20
20
20
20
20
20
20
60
C0
ENDCHAR
STARTCHAR 23AE
ENCODING 9134
SWIDTH 625 0
DWIDTH 10 0
BBX 1 20 4 -5
BITMAP
80
80
80
80
80
80
80
80
80
80
80
80
80
80
80
80
80
80
80
80
ENDCHAR
STARTCHAR 23B0
ENCODING 9136
SWIDTH 625 0
DWIDTH 10 0
BBX 5 15 2 -2
BITMAP
18
30
20
20
20
20
20
20
20
20
20
20
20
60
C0
ENDCHAR
STARTCHAR 23B1
ENCODING 9137
SWIDTH 625 0
DWIDTH 10 0
BBX 5 15 2 -2
BITMAP
C0
60
20
20
20
20
20
20
20
20
20
20
20
30
18
ENDCHAR
STARTCHAR 23B2
ENCODING 9138
SWIDTH 1187 0
DWIDTH 19 0
BBX 13 17 3 -4
BITMAP
FFF8
8008
4000
4000
4000
2000
2000
2000
1000
1000
1800
0800
0800
0C00
0400
0400
0200
ENDCHAR
STARTCHAR 23B3
ENCODING 9139
SWIDTH 1187 0
DWIDTH 19 0
BBX 13 17 3 -2
BITMAP
0200
0400
0400
0C00
0800
0800
1800
1000
1000
2000
2000
2000
4000
4000
4000
8008
FFF8
ENDCHAR
STARTCHAR 23B8
ENCODING 9144
SWIDTH 625 0
DWIDTH 10 0
BBX 1 20 0 -5
BITMAP
80
80
80
80
80
80
80
80
80
80
80
80
80
80
80
80
80
80
80
80
ENDCHAR
STARTCHAR 23B9
ENCODING 9145
SWIDTH 625 0
DWIDTH 10 0
BBX 1 20 8 -5
BITMAP
80
80
80
80
80
80
80
80
80
80
80
80
80
80
80
80
80
80
80
80
ENDCHAR
STARTCHAR 23BA
ENCODING 9146
SWIDTH 625 0
DWIDTH 10 0
BBX 10 1 0 14
BITMAP
FFC0
ENDCHAR
STARTCHAR 23BB
ENCODING 9147
SWIDTH 625 0
DWIDTH 10 0
BBX 10 1 0 10
BITMAP
FFC0
ENDCHAR
STARTCHAR 23BC
ENCODING 9148
SWIDTH 625 0
DWIDTH 10 0
BBX 10 1 0 0
BITMAP
FFC0
ENDCHAR
STARTCHAR 23BD
ENCODING 9149
SWIDTH 625 0
DWIDTH 10 0
BBX 10 1 0 -5
BITMAP
FFC0
ENDCHAR
STARTCHAR 23BE
ENCODING 9150
SWIDTH 625 0
DWIDTH 10 0
BBX 10 20 0 -5
BITMAP
FFC0
8000
8000
8000
8000
8000
8000
8000
8000
8000
8000
8000
8000
8000
8000
8000
8000
8000
8000
8000
ENDCHAR
STARTCHAR 23BF
ENCODING 9151
SWIDTH 625 0
DWIDTH 10 0
BBX 10 20 0 -5
BITMAP
8000
8000
8000
8000
8000
8000
8000
8000
8000
8000
8000
8000
8000
8000
8000
8000
8000
8000
8000
FFC0
ENDCHAR
STARTCHAR 23C0
ENCODING 9152
SWIDTH 1187 0
DWIDTH 19 0
BBX 11 21 4 -5
BITMAP
0400
0400
0400
0400
0400
1F00
3580
4440
C460
8420
8420
8420
8460
4440
2480
1F00
0400
0400
0400
0400
0400
ENDCHAR
STARTCHAR 23C1
ENCODING 9153
SWIDTH 1187 0
DWIDTH 19 0
BBX 19 20 0 -5
BITMAP
FFFFE0
004000
004000
004000
01F000
035800
044400
0C4600
084200
084200
084200
084600
044400
024800
01F000
004000
004000
004000
004000
004000
ENDCHAR
STARTCHAR 23C2
ENCODING 9154
SWIDTH 1187 0
DWIDTH 19 0
BBX 19 21 0 -5
BITMAP
004000
004000
004000
004000
004000
01F000
035800
044400
0C4600
084200
084200
084200
084600
044400
024800
01F000
004000
004000
004000
004000
FFFFE0
ENDCHAR
STARTCHAR 23C3
ENCODING 9155
SWIDTH 1187 0
DWIDTH 19 0
BBX 13 20 3 -5
BITMAP
0200
0200
0200
0200
0200
0200
0700
0F80
0A80
1240
1240
2220
6210
4210
FFF8
0200
0200
0200
0200
0200
ENDCHAR
STARTCHAR 23C4
ENCODING 9156
SWIDTH 1187 0
DWIDTH 19 0
BBX 19 20 0 -5
BITMAP
FFFFE0
004000
004000
004000
004000
004000
00E000
00F000
015000
034800
024800
044400
0C4600
084200
1FFF00
004000
004000
004000
004000
004000
ENDCHAR
STARTCHAR 23C5
ENCODING 9157
SWIDTH 1187 0
DWIDTH 19 0
BBX 19 20 0 -5
BITMAP
004000
004000
004000
004000
004000
004000
00E000
01F000
015000
024800
024800
044400
0C4200
084200
1FFF00
004000
004000
004000
004000
FFFFE0
ENDCHAR
STARTCHAR 23C6
ENCODING 9158
SWIDTH 1187 0
DWIDTH 19 0
BBX 12 20 4 -5
BITMAP
0400
0400
0400
0400
0400
0400
0400
3430
6C20
4460
C640
86C0
8580
0400
0400
0400
0400
0400
0400
0400
ENDCHAR
STARTCHAR 23C7
ENCODING 9159
SWIDTH 1187 0
DWIDTH 19 0
BBX 19 20 0 -5
BITMAP
FFFFE0
004000
004000
004000
004000
004000
004000
03C300
06C200
044600
086C00
087800
004000
004000
004000
004000
004000
004000
004000
004000
ENDCHAR
STARTCHAR 23C8
ENCODING 9160
SWIDTH 1187 0
DWIDTH 19 0
BBX 19 20 0 -5
BITMAP
004000
004000
004000
004000
004000
004000
004000
03C300
06C200
044600
086C00
087800
004000
004000
004000
004000
004000
004000
004000
FFFFE0
ENDCHAR
STARTCHAR 23C9
ENCODING 9161
SWIDTH 1187 0
DWIDTH 19 0
BBX 19 20 0 -5
BITMAP
FFFFE0
004000
004000
004000
004000
004000
004000
004000
004000
004000
004000
004000
004000
004000
004000
004000
004000
004000
004000
004000
ENDCHAR
STARTCHAR 23CA
ENCODING 9162
SWIDTH 1187 0
DWIDTH 19 0
BBX 19 20 0 -5
BITMAP
004000
004000
004000
004000
004000
004000
004000
004000
004000
004000
004000
004000
004000
004000
004000
004000
004000
004000
004000
FFFFE0
ENDCHAR
STARTCHAR 23CB
ENCODING 9163
SWIDTH 625 0
DWIDTH 10 0
BBX 9 20 0 -5
BITMAP
FF80
0080
0080
0080
0080
0080
0080
0080
0080
0080
0080
0080
0080
0080
0080
0080
0080
0080
0080
0080
ENDCHAR
STARTCHAR 23CC
ENCODING 9164
SWIDTH 625 0
DWIDTH 10 0
BBX 9 20 0 -5
BITMAP
0080
0080
0080
0080
0080
0080
0080
0080
0080
0080
0080
0080
0080
0080
0080
0080
0080
0080
0080
FF80
ENDCHAR
STARTCHAR 23CE
ENCODING 9166
SWIDTH 1187 0
DWIDTH 19 0
BBX 17 9 1 1
BITMAP
000F80
000880
0C0880
17F880
600080
C00080
600080
17FF80
0C0000
ENDCHAR
STARTCHAR 23CF
ENCODING 9167
SWIDTH 1187 0
DWIDTH 19 0
BBX 11 11 4 0
BITMAP
0400
0E00
1F00
3F80
7FC0
FFE0
0000
FFE0
FFE0
FFE0
FFE0
ENDCHAR
STARTCHAR 23DA
ENCODING 9178
SWIDTH 625 0
DWIDTH 10 0
BBX 8 14 1 1
BITMAP
10
10
10
10
10
10
10
10
10
FF
00
7C
00
18
ENDCHAR
STARTCHAR 23DB
ENCODING 9179
SWIDTH 625 0
DWIDTH 10 0
BBX 10 5 0 3
BITMAP
7F80
4080
FFC0
4080
7F80
ENDCHAR
STARTCHAR 23E2
ENCODING 9186
SWIDTH 1187 0
DWIDTH 19 0
BBX 11 7 4 2
BITMAP
FFC0
8040
8040
8040
8040
8020
FFE0
ENDCHAR
STARTCHAR 23E4
ENCODING 9188
SWIDTH 1187 0
DWIDTH 19 0
BBX 11 1 4 5
BITMAP
FFE0
ENDCHAR
STARTCHAR 23E5
ENCODING 9189
SWIDTH 1187 0
DWIDTH 19 0
BBX 13 7 3 2
BITMAP
3FF8
2008
6010
4010
4010
8020
FFE0
ENDCHAR
STARTCHAR 23E8
ENCODING 9192
SWIDTH 625 0
DWIDTH 10 0
BBX 8 9 1 -2
BITMAP
46
C9
49
4B
4F
4D
49
49
E6
ENDCHAR
STARTCHAR 23E9
ENCODING 9193
SWIDTH 1187 0
DWIDTH 19 0
BBX 11 11 4 0
BITMAP
8400
C200
E300
F380
FBC0
FFE0
FBC0
F380
E300
C200
8400
ENDCHAR
STARTCHAR 23EA
ENCODING 9194
SWIDTH 1187 0
DWIDTH 19 0
BBX 11 11 4 0
BITMAP
0420
0C20
1C60
3CE0
7DE0
FFE0
7DE0
3CE0
1C60
0C20
0420
ENDCHAR
STARTCHAR 23EB
ENCODING 9195
SWIDTH 1187 0
DWIDTH 19 0
BBX 11 11 4 0
BITMAP
0400
0E00
1F00
3F80
7FC0
FFE0
0600
0F00
1F80
3FC0
FFE0
ENDCHAR
STARTCHAR 23EC
ENCODING 9196
SWIDTH 1187 0
DWIDTH 19 0
BBX 11 11 4 0
BITMAP
FFE0
3FC0
1F80
0F00
0600
0000
FFE0
3F80
1F00
0E00
0400
ENDCHAR
STARTCHAR 23ED
ENCODING 9197
SWIDTH 1187 0
DWIDTH 19 0
BBX 11 11 4 0
BITMAP
8420
8420
C620
E720
F7A0
FFE0
F7A0
E720
C620
8620
8420
ENDCHAR
STARTCHAR 23EE
ENCODING 9198
SWIDTH 1187 0
DWIDTH 19 0
BBX 11 11 4 0
BITMAP
8420
8420
8C60
9CE0
BDE0
FFE0
BDE0
9CE0
8C60
8420
8420
ENDCHAR
STARTCHAR 23EF
ENCODING 9199
SWIDTH 1187 0
DWIDTH 19 0
BBX 10 11 5 0
BITMAP
8240
C240
E240
F240
FA40
FE40
FA40
F240
E240
C240
8240
ENDCHAR
STARTCHAR 23F0
ENCODING 9200
SWIDTH 1187 0
DWIDTH 19 0
BBX 11 12 4 0
BITMAP
2480
5F40
71C0
4440
C460
8460
8420
8C60
C860
4040
71C0
3F80
ENDCHAR
STARTCHAR 23F1
ENCODING 9201
SWIDTH 1187 0
DWIDTH 19 0
BBX 11 12 4 0
BITMAP
0C00
0400
3FA0
68C0
C860
C860
8C20
8020
C060
4040
71C0
1F00
ENDCHAR
STARTCHAR 23F2
ENCODING 9202
SWIDTH 1187 0
DWIDTH 19 0
BBX 11 11 4 0
BITMAP
1F00
71C0
4040
C060
9860
8C20
8060
C060
4040
71C0
1F00
ENDCHAR
STARTCHAR 23F3
ENCODING 9203
SWIDTH 1187 0
DWIDTH 19 0
BBX 11 15 4 -2
BITMAP
FFE0
8020
8020
FFA0
5F40
3780
1B00
0E00
1B00
3580
4440
C420
8E20
B1A0
FFE0
ENDCHAR
STARTCHAR 23F4
ENCODING 9204
SWIDTH 1187 0
DWIDTH 19 0
BBX 5 11 7 0
BITMAP
08
08
18
38
78
F8
78
38
18
08
08
ENDCHAR
STARTCHAR 23F5
ENCODING 9205
SWIDTH 1187 0
DWIDTH 19 0
BBX 5 11 7 0
BITMAP
80
80
C0
E0
F0
F8
F0
E0
C0
80
80
ENDCHAR
STARTCHAR 23F6
ENCODING 9206
SWIDTH 1187 0
DWIDTH 19 0
BBX 11 5 4 3
BITMAP
0400
0E00
1F00
3F80
FFE0
ENDCHAR
STARTCHAR 23F7
ENCODING 9207
SWIDTH 1187 0
DWIDTH 19 0
BBX 11 5 4 3
BITMAP
FFE0
3F80
1F00
0E00
0400
ENDCHAR
STARTCHAR 23F8
ENCODING 9208
SWIDTH 1187 0
DWIDTH 19 0
BBX 11 11 4 0
BITMAP
F1E0
F1E0
F1E0
F1E0
F1E0
F1E0
F1E0
F1E0
F1E0
F1E0
F1E0
ENDCHAR
STARTCHAR 23F9
ENCODING 9209
SWIDTH 1187 0
DWIDTH 19 0
BBX 11 11 4 0
BITMAP
FFE0
FFE0
FFE0
FFE0
FFE0
FFE0
FFE0
FFE0
FFE0
FFE0
FFE0
ENDCHAR
STARTCHAR 23FA
ENCODING 9210
SWIDTH 1187 0
DWIDTH 19 0
BBX 11 11 4 0
BITMAP
1F00
7FC0
7FC0
FFE0
FFE0
FFE0
FFE0
FFE0
7FC0
7FC0
1F00
ENDCHAR
STARTCHAR 23FB
ENCODING 9211
SWIDTH 1187 0
DWIDTH 19 0
BBX 11 12 4 0
BITMAP
0400
2480
64C0
4440
8420
8420
8020
8020
C060
4040
60C0
1F00
ENDCHAR
STARTCHAR 23FC
ENCODING 9212
SWIDTH 1187 0
DWIDTH 19 0
BBX 11 11 4 0
BITMAP
1F00
60C0
4040
8460
8420
8420
8420
8420
4440
60C0
1F00
ENDCHAR
STARTCHAR 23FD
ENCODING 9213
SWIDTH 1187 0
DWIDTH 19 0
BBX 1 11 9 0
BITMAP
80
80
80
80
80
80
80
80
80
80
80
ENDCHAR
STARTCHAR 23FE
ENCODING 9214
SWIDTH 1187 0
DWIDTH 19 0
BBX 8 10 5 0
BITMAP
20
40
C0
C0
C0
E0
F0
78
3E
1F
ENDCHAR
STARTCHAR 23FF
ENCODING 9215
SWIDTH 625 0
DWIDTH 10 0
BBX 7 9 1 1
BITMAP
02
0C
1E
6E
CE
6E
3E
0E
02
ENDCHAR
STARTCHAR 2400
ENCODING 9216
SWIDTH 625 0
DWIDTH 10 0
BBX 6 15 2 -2
BITMAP
A0
A0
E0
A0
00
50
50
50
50
20
10
10
10
10
1C
ENDCHAR
STARTCHAR 2401
ENCODING 9217
SWIDTH 625 0
DWIDTH 10 0
BBX 6 15 2 -2
BITMAP
E0
80
60
A0
40
30
50
50
50
30
00
14
1C
14
14
ENDCHAR
STARTCHAR 2402
ENCODING 9218
SWIDTH 625 0
DWIDTH 10 0
BBX 6 15 2 -2
BITMAP
E0
80
40
A0
40
70
20
20
20
00
34
18
08
18
34
ENDCHAR
STARTCHAR 2403
ENCODING 9219
SWIDTH 625 0
DWIDTH 10 0
BBX 6 15 2 -2
BITMAP
E0
80
C0
80
60
70
20
20
20
00
14
18
08
08
14
ENDCHAR
STARTCHAR 2404
ENCODING 9220
SWIDTH 625 0
DWIDTH 10 0
BBX 6 15 2 -2
BITMAP
E0
80
C0
80
E0
30
50
50
50
20
1C
08
08
08
18
ENDCHAR
STARTCHAR 2405
ENCODING 9221
SWIDTH 625 0
DWIDTH 10 0
BBX 6 15 2 -2
BITMAP
E0
80
C0
80
60
78
70
70
50
00
18
14
14
1C
1C
ENDCHAR
STARTCHAR 2406
ENCODING 9222
SWIDTH 625 0
DWIDTH 10 0
BBX 6 15 2 -2
BITMAP
40
C0
C0
C0
00
70
40
40
50
30
00
18
18
18
14
ENDCHAR
STARTCHAR 2407
ENCODING 9223
SWIDTH 625 0
DWIDTH 10 0
BBX 6 15 2 -2
BITMAP
E0
A0
E0
A0
E0
70
40
30
40
70
10
10
10
10
1C
ENDCHAR
STARTCHAR 2408
ENCODING 9224
SWIDTH 625 0
DWIDTH 10 0
BBX 5 15 2 -2
BITMAP
E0
90
90
E0
90
90
F0
00
30
68
40
30
08
48
78
ENDCHAR
STARTCHAR 2409
ENCODING 9225
SWIDTH 625 0
DWIDTH 10 0
BBX 6 15 2 -2
BITMAP
D8
90
90
F0
90
90
D8
00
3C
10
10
10
10
10
38
ENDCHAR
STARTCHAR 240A
ENCODING 9226
SWIDTH 625 0
DWIDTH 10 0
BBX 5 15 2 -2
BITMAP
C0
80
80
80
80
80
F0
00
78
40
40
70
40
40
60
ENDCHAR
STARTCHAR 240B
ENCODING 9227
SWIDTH 625 0
DWIDTH 10 0
BBX 6 15 2 -2
BITMAP
D8
50
50
50
60
20
00
00
3C
10
10
10
10
10
38
ENDCHAR
STARTCHAR 240C
ENCODING 9228
SWIDTH 625 0
DWIDTH 10 0
BBX 5 15 2 -2
BITMAP
F0
80
80
E0
80
80
C0
00
78
40
40
30
40
40
60
ENDCHAR
STARTCHAR 240D
ENCODING 9229
SWIDTH 625 0
DWIDTH 10 0
BBX 6 15 2 -2
BITMAP
70
90
80
80
80
90
60
00
78
4C
4C
78
50
48
4C
ENDCHAR
STARTCHAR 240E
ENCODING 9230
SWIDTH 625 0
DWIDTH 10 0
BBX 5 15 2 -2
BITMAP
50
B0
80
60
10
90
F0
00
38
48
48
48
48
48
38
ENDCHAR
STARTCHAR 240F
ENCODING 9231
SWIDTH 625 0
DWIDTH 10 0
BBX 5 15 2 -2
BITMAP
70
90
80
60
10
90
F0
00
38
10
10
10
10
10
38
ENDCHAR
STARTCHAR 2410
ENCODING 9232
SWIDTH 625 0
DWIDTH 10 0
BBX 6 15 2 -2
BITMAP
E0
A0
A0
A0
40
60
20
20
20
70
00
1C
18
10
1C
ENDCHAR
STARTCHAR 2411
ENCODING 9233
SWIDTH 625 0
DWIDTH 10 0
BBX 5 15 2 -2
BITMAP
E0
A0
A0
A0
40
30
40
40
40
30
00
18
08
08
18
ENDCHAR
STARTCHAR 2412
ENCODING 9234
SWIDTH 625 0
DWIDTH 10 0
BBX 6 15 2 -2
BITMAP
E0
A0
A0
A0
40
30
40
40
50
20
18
04
0C
10
1C
ENDCHAR
STARTCHAR 2413
ENCODING 9235
SWIDTH 625 0
DWIDTH 10 0
BBX 6 15 2 -2
BITMAP
E0
A0
A0
A0
40
30
40
40
50
20
1C
08
0C
04
1C
ENDCHAR
STARTCHAR 2414
ENCODING 9236
SWIDTH 625 0
DWIDTH 10 0
BBX 6 15 2 -2
BITMAP
E0
A0
A0
A0
40
30
40
40
40
30
00
0C
14
1C
0C
ENDCHAR
STARTCHAR 2415
ENCODING 9237
SWIDTH 625 0
DWIDTH 10 0
BBX 6 15 2 -2
BITMAP
A0
A0
E0
E0
A0
00
30
30
30
58
00
14
18
18
14
ENDCHAR
STARTCHAR 2416
ENCODING 9238
SWIDTH 625 0
DWIDTH 10 0
BBX 6 15 2 -2
BITMAP
E0
80
60
A0
40
58
30
20
20
00
14
14
1C
1C
14
ENDCHAR
STARTCHAR 2417
ENCODING 9239
SWIDTH 625 0
DWIDTH 10 0
BBX 6 15 2 -2
BITMAP
E0
80
C0
80
60
70
20
20
20
30
00
1C
18
14
1C
ENDCHAR
STARTCHAR 2418
ENCODING 9240
SWIDTH 625 0
DWIDTH 10 0
BBX 6 15 2 -2
BITMAP
E0
80
80
80
E0
00
30
30
30
78
14
14
1C
1C
14
ENDCHAR
STARTCHAR 2419
ENCODING 9241
SWIDTH 625 0
DWIDTH 10 0
BBX 7 15 1 -2
BITMAP
F8
40
40
70
40
40
F8
00
26
34
3C
2C
2C
24
26
ENDCHAR
STARTCHAR 241A
ENCODING 9242
SWIDTH 625 0
DWIDTH 10 0
BBX 6 15 2 -2
BITMAP
E0
80
60
A0
40
50
50
50
50
30
00
1C
18
14
1C
ENDCHAR
STARTCHAR 241B
ENCODING 9243
SWIDTH 625 0
DWIDTH 10 0
BBX 6 15 2 -2
BITMAP
E0
80
C0
80
60
30
20
30
08
30
00
1C
10
10
1C
ENDCHAR
STARTCHAR 241C
ENCODING 9244
SWIDTH 625 0
DWIDTH 10 0
BBX 5 15 2 -2
BITMAP
F0
80
80
E0
80
80
C0
00
38
68
40
30
08
48
78
ENDCHAR
STARTCHAR 241D
ENCODING 9245
SWIDTH 625 0
DWIDTH 10 0
BBX 5 15 2 -2
BITMAP
70
90
80
B0
90
90
70
00
30
48
40
30
08
48
78
ENDCHAR
STARTCHAR 241E
ENCODING 9246
SWIDTH 625 0
DWIDTH 10 0
BBX 6 15 2 -2
BITMAP
F0
88
88
F0
90
90
C8
00
1C
24
20
18
04
24
3C
ENDCHAR
STARTCHAR 241F
ENCODING 9247
SWIDTH 625 0
DWIDTH 10 0
BBX 5 15 2 -2
BITMAP
90
90
90
90
90
90
60
00
38
48
40
30
08
48
78
ENDCHAR
STARTCHAR 2420
ENCODING 9248
SWIDTH 625 0
DWIDTH 10 0
BBX 5 15 2 -2
BITMAP
50
B0
80
60
10
90
F0
00
78
48
48
78
40
40
60
ENDCHAR
STARTCHAR 2421
ENCODING 9249
SWIDTH 625 0
DWIDTH 10 0
BBX 6 15 2 -2
BITMAP
E0
A0
A0
A0
C0
70
40
30
40
70
10
10
10
10
1C
ENDCHAR
STARTCHAR 2422
ENCODING 9250
SWIDTH 625 0
DWIDTH 10 0
BBX 7 12 1 0
BITMAP
C0
48
78
E0
5C
66
42
42
42
42
66
DC
ENDCHAR
STARTCHAR 2423
ENCODING 9251
SWIDTH 625 0
DWIDTH 10 0
BBX 6 2 2 -1
BITMAP
84
FC
ENDCHAR
STARTCHAR 2424
ENCODING 9252
SWIDTH 625 0
DWIDTH 10 0
BBX 6 15 2 -2
BITMAP
98
D8
D8
B8
B8
98
D8
00
60
20
20
20
20
20
7C
ENDCHAR
STARTCHAR 2425
ENCODING 9253
SWIDTH 625 0
DWIDTH 10 0
BBX 8 7 1 2
BITMAP
0E
15
2A
54
A8
D0
A0
ENDCHAR
STARTCHAR 2426
ENCODING 9254
SWIDTH 625 0
DWIDTH 10 0
BBX 7 12 2 0
BITMAP
78
CC
86
80
80
C0
70
10
10
00
30
30
ENDCHAR
STARTCHAR 2427
ENCODING 9255
SWIDTH 625 0
DWIDTH 10 0
BBX 8 9 1 1
BITMAP
DB
DB
24
24
DB
DB
24
DB
DB
ENDCHAR
STARTCHAR 2428
ENCODING 9256
SWIDTH 625 0
DWIDTH 10 0
BBX 8 11 1 0
BITMAP
24
24
DB
24
24
DB
24
24
DB
24
24
ENDCHAR
STARTCHAR 2429
ENCODING 9257
SWIDTH 625 0
DWIDTH 10 0
BBX 10 21 0 -5
BITMAP
C600
C600
C600
39C0
39C0
C600
C600
C600
39C0
39C0
FFC0
C600
C600
39C0
39C0
C600
C600
C600
39C0
39C0
39C0
ENDCHAR
STARTCHAR 2440
ENCODING 9280
SWIDTH 625 0
DWIDTH 10 0
BBX 7 11 2 0
BITMAP
1E
12
12
12
12
10
90
90
90
90
F0
ENDCHAR
STARTCHAR 2441
ENCODING 9281
SWIDTH 625 0
DWIDTH 10 0
BBX 6 11 2 0
BITMAP
04
04
04
04
04
FC
84
84
84
84
84
ENDCHAR
STARTCHAR 2442
ENCODING 9282
SWIDTH 625 0
DWIDTH 10 0
BBX 7 11 2 0
BITMAP
82
82
82
82
82
FE
10
10
10
10
10
ENDCHAR
STARTCHAR 2443
ENCODING 9283
SWIDTH 625 0
DWIDTH 10 0
BBX 7 11 2 0
BITMAP
10
10
10
10
10
FE
82
82
82
82
82
ENDCHAR
STARTCHAR 2444
ENCODING 9284
SWIDTH 625 0
DWIDTH 10 0
BBX 7 11 2 0
BITMAP
FE
92
92
92
10
10
10
92
92
92
FE
ENDCHAR
STARTCHAR 2445
ENCODING 9285
SWIDTH 625 0
DWIDTH 10 0
BBX 6 5 2 3
BITMAP
84
CC
B4
FC
84
ENDCHAR
STARTCHAR 2460
ENCODING 9312
SWIDTH 1187 0
DWIDTH 19 0
BBX 16 15 2 -2
BITMAP
07E0
1818
2004
4002
C303
8101
8101
8101
8101
8101
C783
4002
2004
1818
0FE0
ENDCHAR
STARTCHAR 2461
ENCODING 9313
SWIDTH 1187 0
DWIDTH 19 0
BBX 16 15 2 -2
BITMAP
07E0
1818
2004
4002
C383
8241
8041
8081
8101
8201
C3C3
4002
2004
1818
0FE0
ENDCHAR
STARTCHAR 2462
ENCODING 9314
SWIDTH 1187 0
DWIDTH 19 0
BBX 16 15 2 -2
BITMAP
07E0
1818
2004
4002
C3C3
8081
8181
8181
8041
8241
C383
4002
2004
1818
0FE0
ENDCHAR
STARTCHAR 2463
ENCODING 9315
SWIDTH 1187 0
DWIDTH 19 0
BBX 16 15 2 -2
BITMAP
07E0
1818
2004
4002
C083
8181
8181
8281
8281
83C1
C0C3
4002
2004
1818
0FE0
ENDCHAR
STARTCHAR 2464
ENCODING 9316
SWIDTH 1187 0
DWIDTH 19 0
BBX 16 15 2 -2
BITMAP
07E0
1818
2004
4002
C3C3
8201
8201
83C1
8041
8041
C383
4002
2004
1818
0FE0
ENDCHAR
STARTCHAR 2465
ENCODING 9317
SWIDTH 1187 0
DWIDTH 19 0
BBX 16 15 2 -2
BITMAP
07E0
1818
2004
4002
C183
8241
8201
83C1
8241
8241
C183
4002
2004
1818
0FE0
ENDCHAR
STARTCHAR 2466
ENCODING 9318
SWIDTH 1187 0
DWIDTH 19 0
BBX 16 15 2 -2
BITMAP
07E0
1818
2004
4002
C3C3
8041
80C1
8081
8081
8181
C103
4002
2004
1818
0FE0
ENDCHAR
STARTCHAR 2467
ENCODING 9319
SWIDTH 1187 0
DWIDTH 19 0
BBX 16 15 2 -2
BITMAP
07E0
1818
2004
4002
C183
8241
8241
8181
8241
8241
C1C3
4002
2004
1818
0FE0
ENDCHAR
STARTCHAR 2468
ENCODING 9320
SWIDTH 1187 0
DWIDTH 19 0
BBX 16 15 2 -2
BITMAP
07E0
1818
2004
4002
C183
8241
8241
83C1
8041
8241
C183
4002
2004
1818
0FE0
ENDCHAR
STARTCHAR 2469
ENCODING 9321
SWIDTH 1187 0
DWIDTH 19 0
BBX 16 15 2 -2
BITMAP
07E0
1818
2004
4002
D833
B849
8859
8869
8869
8849
FC33
4002
2004
1818
0FE0
ENDCHAR
STARTCHAR 246A
ENCODING 9322
SWIDTH 1187 0
DWIDTH 19 0
BBX 16 15 2 -2
BITMAP
07E0
1818
2004
4002
D863
8821
8821
8821
8821
8821
FCF3
4002
2004
1818
0FE0
ENDCHAR
STARTCHAR 246B
ENCODING 9323
SWIDTH 1187 0
DWIDTH 19 0
BBX 16 15 2 -2
BITMAP
07E0
1818
2004
4002
D873
B849
8809
8811
8821
8841
FC7B
4002
2004
1818
0FE0
ENDCHAR
STARTCHAR 246C
ENCODING 9324
SWIDTH 1187 0
DWIDTH 19 0
BBX 16 15 2 -2
BITMAP
07E0
1818
2004
4002
D87B
B811
8831
8831
8809
8849
FC73
4002
2004
1818
0FE0
ENDCHAR
STARTCHAR 246D
ENCODING 9325
SWIDTH 1187 0
DWIDTH 19 0
BBX 16 15 2 -2
BITMAP
07E0
1818
2004
4002
D813
A831
8831
8851
8851
8879
FC1B
4002
2004
1818
0FE0
ENDCHAR
STARTCHAR 246E
ENCODING 9326
SWIDTH 1187 0
DWIDTH 19 0
BBX 16 15 2 -2
BITMAP
07E0
1818
2004
4002
D87B
B841
8841
8879
8809
8809
FC7B
4002
2004
1818
0FE0
ENDCHAR
STARTCHAR 246F
ENCODING 9327
SWIDTH 1187 0
DWIDTH 19 0
BBX 16 15 2 -2
BITMAP
07E0
1818
2004
4002
D833
B849
8841
8879
8849
8849
FC33
4002
2004
1818
0FE0
ENDCHAR
STARTCHAR 2470
ENCODING 9328
SWIDTH 1187 0
DWIDTH 19 0
BBX 16 15 2 -2
BITMAP
07E0
1818
2004
4002
D87B
B809
8819
8811
8811
8821
FC23
4002
2004
1818
0FE0
ENDCHAR
STARTCHAR 2471
ENCODING 9329
SWIDTH 1187 0
DWIDTH 19 0
BBX 16 15 2 -2
BITMAP
07E0
1818
2004
4002
D833
B849
8849
8831
8849
8849
FC3B
4002
2004
1818
0FE0
ENDCHAR
STARTCHAR 2472
ENCODING 9330
SWIDTH 1187 0
DWIDTH 19 0
BBX 16 15 2 -2
BITMAP
07E0
1818
2004
4002
D833
A849
8849
8879
8809
8849
FC33
4002
2004
1818
0FE0
ENDCHAR
STARTCHAR 2473
ENCODING 9331
SWIDTH 1187 0
DWIDTH 19 0
BBX 16 15 2 -2
BITMAP
07E0
1818
2004
4002
DC33
9249
8259
8459
8869
9049
DE33
4002
2004
1818
0FE0
ENDCHAR
STARTCHAR 2474
ENCODING 9332
SWIDTH 1187 0
DWIDTH 19 0
BBX 12 12 4 -1
BITMAP
4020
C020
8C30
9410
8410
8410
8410
8410
8410
9F30
C020
4020
ENDCHAR
STARTCHAR 2475
ENCODING 9333
SWIDTH 1187 0
DWIDTH 19 0
BBX 12 13 4 -1
BITMAP
4020
4020
CE30
8910
8110
8110
8310
8610
8C10
8910
CF30
4020
4020
ENDCHAR
STARTCHAR 2476
ENCODING 9334
SWIDTH 1187 0
DWIDTH 19 0
BBX 12 13 4 -1
BITMAP
4020
C020
9F30
9310
8210
8410
8610
8110
8110
9110
8E30
C020
4020
ENDCHAR
STARTCHAR 2477
ENCODING 9335
SWIDTH 1187 0
DWIDTH 19 0
BBX 12 13 4 -1
BITMAP
4020
4020
8230
8630
8610
8E10
8A10
9A10
9F10
8210
8730
C020
4020
ENDCHAR
STARTCHAR 2478
ENCODING 9336
SWIDTH 1187 0
DWIDTH 19 0
BBX 12 13 4 -1
BITMAP
4020
C020
CF30
8910
8810
8810
8F10
8110
8110
8110
8E30
C020
4020
ENDCHAR
STARTCHAR 2479
ENCODING 9337
SWIDTH 1187 0
DWIDTH 19 0
BBX 12 13 4 -1
BITMAP
4020
4020
C630
8930
8810
8810
8F10
8910
8910
8910
C630
4020
4020
ENDCHAR
STARTCHAR 247A
ENCODING 9338
SWIDTH 1187 0
DWIDTH 19 0
BBX 12 12 4 0
BITMAP
4020
C020
CFB0
8910
8110
8310
8210
8210
8610
8430
C020
4020
ENDCHAR
STARTCHAR 247B
ENCODING 9339
SWIDTH 1187 0
DWIDTH 19 0
BBX 12 13 4 -1
BITMAP
4020
4020
C630
8910
8910
8910
8610
8910
8910
8910
C630
4020
4020
ENDCHAR
STARTCHAR 247C
ENCODING 9340
SWIDTH 1187 0
DWIDTH 19 0
BBX 12 13 4 -1
BITMAP
4020
C020
8E30
9910
9110
9110
9B10
8510
8110
9910
8E30
C020
4020
ENDCHAR
STARTCHAR 247D
ENCODING 9341
SWIDTH 1187 0
DWIDTH 19 0
BBX 17 13 1 -1
BITMAP
600300
400100
441900
DC2480
842480
842C80
843C80
843480
842480
C42580
5F1900
400100
600300
ENDCHAR
STARTCHAR 247E
ENCODING 9342
SWIDTH 1187 0
DWIDTH 19 0
BBX 17 12 1 -1
BITMAP
600300
400100
CC3180
945080
841080
841080
841080
841080
C41080
5F7D80
400100
600300
ENDCHAR
STARTCHAR 247F
ENCODING 9343
SWIDTH 1187 0
DWIDTH 19 0
BBX 17 13 1 -1
BITMAP
600300
400100
403900
DC2480
940480
840480
840C80
841880
843080
C42480
5F3D80
400100
600300
ENDCHAR
STARTCHAR 2480
ENCODING 9344
SWIDTH 1187 0
DWIDTH 19 0
BBX 17 13 1 -1
BITMAP
600300
400100
4C3D00
DC2C80
940880
841080
841880
840480
840480
C42580
5F3900
400100
600300
ENDCHAR
STARTCHAR 2481
ENCODING 9345
SWIDTH 1187 0
DWIDTH 19 0
BBX 17 13 1 -1
BITMAP
000100
600100
440500
CC0C80
940C80
841480
841480
842480
843E80
C40480
5F0F80
400100
600300
ENDCHAR
STARTCHAR 2482
ENCODING 9346
SWIDTH 1187 0
DWIDTH 19 0
BBX 17 13 1 -1
BITMAP
600300
400100
4C3D80
DC2480
942080
842080
843C80
840480
840480
C40480
5F3980
400100
600300
ENDCHAR
STARTCHAR 2483
ENCODING 9347
SWIDTH 1187 0
DWIDTH 19 0
BBX 17 13 1 -1
BITMAP
600300
400100
441900
DC2480
942080
842080
843C80
842480
842480
C42580
5F1900
400100
600300
ENDCHAR
STARTCHAR 2484
ENCODING 9348
SWIDTH 1187 0
DWIDTH 19 0
BBX 17 13 1 -1
BITMAP
600100
400100
4C3F80
DC2480
840480
840480
840C80
840880
840880
C41880
5F1180
400100
600300
ENDCHAR
STARTCHAR 2485
ENCODING 9349
SWIDTH 1187 0
DWIDTH 19 0
BBX 17 13 1 -1
BITMAP
600300
400100
441980
DC2480
942480
842480
841880
842480
842480
C42480
5F1D00
400100
600300
ENDCHAR
STARTCHAR 2486
ENCODING 9350
SWIDTH 1187 0
DWIDTH 19 0
BBX 17 13 1 -1
BITMAP
600300
400100
441900
DC2480
942480
842480
842480
841C80
840480
C42580
5F1900
400100
600300
ENDCHAR
STARTCHAR 2487
ENCODING 9351
SWIDTH 1187 0
DWIDTH 19 0
BBX 17 13 1 -1
BITMAP
600300
400100
4C1900
D22480
822480
822C80
843480
883480
982480
D22580
5E1900
400100
600300
ENDCHAR
STARTCHAR 2488
ENCODING 9352
SWIDTH 1187 0
DWIDTH 19 0
BBX 12 12 3 0
BITMAP
3000
7000
D000
1000
1000
1000
1000
1000
1000
1000
1030
FC30
ENDCHAR
STARTCHAR 2489
ENCODING 9353
SWIDTH 1187 0
DWIDTH 19 0
BBX 12 12 3 0
BITMAP
7800
CC00
8400
0400
0400
0800
3000
6000
4000
C000
8430
FC30
ENDCHAR
STARTCHAR 248A
ENCODING 9354
SWIDTH 1187 0
DWIDTH 19 0
BBX 12 12 3 0
BITMAP
FC00
8400
0800
1000
3000
3C00
0600
0200
0200
8200
C630
7C30
ENDCHAR
STARTCHAR 248B
ENCODING 9355
SWIDTH 1187 0
DWIDTH 19 0
BBX 12 12 3 0
BITMAP
0C00
1C00
1C00
3C00
2C00
6C00
4C00
CC00
FE00
FE00
0C30
1E30
ENDCHAR
STARTCHAR 248C
ENCODING 9356
SWIDTH 1187 0
DWIDTH 19 0
BBX 12 12 3 0
BITMAP
FC00
8400
8000
8000
8000
F800
0C00
0400
0400
0400
0C30
F830
ENDCHAR
STARTCHAR 248D
ENCODING 9357
SWIDTH 1187 0
DWIDTH 19 0
BBX 12 12 3 0
BITMAP
7C00
C600
8200
8000
8000
BC00
C600
8200
8200
8200
C630
7C30
ENDCHAR
STARTCHAR 248E
ENCODING 9358
SWIDTH 1187 0
DWIDTH 19 0
BBX 12 12 3 0
BITMAP
FE00
8400
0400
0C00
0800
0800
1800
1000
1000
3000
2030
2030
ENDCHAR
STARTCHAR 248F
ENCODING 9359
SWIDTH 1187 0
DWIDTH 19 0
BBX 12 12 3 0
BITMAP
7800
4C00
8400
8400
4C00
3800
4C00
8400
8400
8400
C430
7830
ENDCHAR
STARTCHAR 2490
ENCODING 9360
SWIDTH 1187 0
DWIDTH 19 0
BBX 12 12 3 0
BITMAP
7C00
C600
8200
8200
8200
C600
7A00
0200
0200
8200
C630
7C30
ENDCHAR
STARTCHAR 2491
ENCODING 9361
SWIDTH 1187 0
DWIDTH 19 0
BBX 16 12 1 0
BITMAP
21E0
6330
A210
2230
2230
2250
2290
2390
2310
2210
2333
F9E3
ENDCHAR
STARTCHAR 2492
ENCODING 9362
SWIDTH 1187 0
DWIDTH 19 0
BBX 16 12 1 0
BITMAP
2080
6180
A280
2080
2080
2080
2080
2080
2080
2080
2083
FBE3
ENDCHAR
STARTCHAR 2493
ENCODING 9363
SWIDTH 1187 0
DWIDTH 19 0
BBX 16 12 1 0
BITMAP
21E0
6330
A210
2010
2010
2020
20C0
2180
2100
2200
2213
FBF3
ENDCHAR
STARTCHAR 2494
ENCODING 9364
SWIDTH 1187 0
DWIDTH 19 0
BBX 16 12 1 0
BITMAP
23E0
6220
A040
2040
2080
20E0
2030
2010
2010
2210
2333
F9E3
ENDCHAR
STARTCHAR 2495
ENCODING 9365
SWIDTH 1187 0
DWIDTH 19 0
BBX 16 12 1 0
BITMAP
6060
E060
A0A0
20A0
2120
2120
2120
2220
23E0
2020
2023
F863
ENDCHAR
STARTCHAR 2496
ENCODING 9366
SWIDTH 1187 0
DWIDTH 19 0
BBX 16 12 1 0
BITMAP
21E0
6120
A100
2100
2100
21C0
2020
2020
2020
2020
2023
F9C3
ENDCHAR
STARTCHAR 2497
ENCODING 9367
SWIDTH 1187 0
DWIDTH 19 0
BBX 16 12 1 0
BITMAP
21E0
6330
A210
2200
2200
22E0
2330
2210
2210
2210
2333
F9E3
ENDCHAR
STARTCHAR 2498
ENCODING 9368
SWIDTH 1187 0
DWIDTH 19 0
BBX 16 12 1 0
BITMAP
23E0
6220
A020
2020
2040
2040
2040
2040
2080
2080
2083
F903
ENDCHAR
STARTCHAR 2499
ENCODING 9369
SWIDTH 1187 0
DWIDTH 19 0
BBX 16 12 1 0
BITMAP
21C0
6320
A220
2220
2120
20C0
2120
2220
2220
2220
2323
F9C3
ENDCHAR
STARTCHAR 249A
ENCODING 9370
SWIDTH 1187 0
DWIDTH 19 0
BBX 16 12 1 0
BITMAP
21E0
6330
A210
2210
2210
2330
21D0
2010
2010
2210
2333
F9E3
ENDCHAR
STARTCHAR 249B
ENCODING 9371
SWIDTH 1187 0
DWIDTH 19 0
BBX 16 12 1 0
BITMAP
71E0
DB30
8A30
0A30
0A70
1250
32D0
4390
4310
8310
8B33
F9E3
ENDCHAR
STARTCHAR 249C
ENCODING 9372
SWIDTH 1187 0
DWIDTH 19 0
BBX 12 12 4 -1
BITMAP
4020
C020
8030
8F10
8910
8710
8910
8F90
8C10
C030
C020
4020
ENDCHAR
STARTCHAR 249D
ENCODING 9373
SWIDTH 1187 0
DWIDTH 19 0
BBX 12 13 4 -1
BITMAP
4020
4020
D830
8830
8F10
8910
8910
8910
8910
9F10
C030
4020
4020
ENDCHAR
STARTCHAR 249E
ENCODING 9374
SWIDTH 1187 0
DWIDTH 19 0
BBX 12 12 4 -1
BITMAP
4020
C020
8030
8F10
8910
8810
8810
8910
8610
C030
C020
4020
ENDCHAR
STARTCHAR 249F
ENCODING 9375
SWIDTH 1187 0
DWIDTH 19 0
BBX 12 13 4 -1
BITMAP
4020
4020
C130
8130
8F10
8910
8910
8910
8910
8F90
C030
4020
4020
ENDCHAR
STARTCHAR 24A0
ENCODING 9376
SWIDTH 1187 0
DWIDTH 19 0
BBX 12 12 4 -1
BITMAP
4020
C020
8030
8710
8910
8F10
8810
8910
8710
C030
C020
4020
ENDCHAR
STARTCHAR 24A1
ENCODING 9377
SWIDTH 1187 0
DWIDTH 19 0
BBX 12 13 4 -1
BITMAP
0020
4020
C720
8530
8410
8F10
8410
8410
8410
8F10
C030
4020
4020
ENDCHAR
STARTCHAR 24A2
ENCODING 9378
SWIDTH 1187 0
DWIDTH 19 0
BBX 12 13 4 -1
BITMAP
4020
4020
C030
8F90
8910
8910
8910
8F10
8F10
8110
CF20
4020
4020
ENDCHAR
STARTCHAR 24A3
ENCODING 9379
SWIDTH 1187 0
DWIDTH 19 0
BBX 12 13 4 -1
BITMAP
4020
4020
D830
9830
9E10
9B10
9B10
9B10
9B10
9B10
C030
4020
4020
ENDCHAR
STARTCHAR 24A4
ENCODING 9380
SWIDTH 1187 0
DWIDTH 19 0
BBX 12 13 4 -1
BITMAP
4060
4420
8430
8030
9C10
8410
8410
8410
8410
9F10
8030
4020
4020
ENDCHAR
STARTCHAR 24A5
ENCODING 9381
SWIDTH 1187 0
DWIDTH 19 0
BBX 12 13 4 -1
BITMAP
4020
4220
C230
8030
8E10
8210
8210
8210
8210
8210
D230
5C20
4020
ENDCHAR
STARTCHAR 24A6
ENCODING 9382
SWIDTH 1187 0
DWIDTH 19 0
BBX 12 13 4 -1
BITMAP
4020
4020
D830
8830
8990
8A10
8E10
8E10
8A10
9D90
C030
4020
4020
ENDCHAR
STARTCHAR 24A7
ENCODING 9383
SWIDTH 1187 0
DWIDTH 19 0
BBX 12 13 4 -1
BITMAP
4020
4020
DC30
8430
8410
8410
8410
8410
8410
9F10
8030
4020
4020
ENDCHAR
STARTCHAR 24A8
ENCODING 9384
SWIDTH 1187 0
DWIDTH 19 0
BBX 12 11 4 0
BITMAP
4060
C020
8030
9F10
9510
9510
9510
9510
8030
C020
4020
ENDCHAR
STARTCHAR 24A9
ENCODING 9385
SWIDTH 1187 0
DWIDTH 19 0
BBX 12 12 4 -1
BITMAP
4060
C020
8030
8630
9F10
9B10
9B10
9B10
9B10
8030
C020
4020
ENDCHAR
STARTCHAR 24AA
ENCODING 9386
SWIDTH 1187 0
DWIDTH 19 0
BBX 12 12 4 -1
BITMAP
4020
C020
8030
8E10
8910
8910
8910
8910
8610
C030
C020
4020
ENDCHAR
STARTCHAR 24AB
ENCODING 9387
SWIDTH 1187 0
DWIDTH 19 0
BBX 12 13 4 -1
BITMAP
4020
4020
C030
9F30
8910
8910
8910
8910
8F10
8810
DC20
4020
4020
ENDCHAR
STARTCHAR 24AC
ENCODING 9388
SWIDTH 1187 0
DWIDTH 19 0
BBX 12 13 4 -1
BITMAP
4020
4020
C030
8F90
8910
8910
8910
8910
8F10
8110
C3A0
4020
4020
ENDCHAR
STARTCHAR 24AD
ENCODING 9389
SWIDTH 1187 0
DWIDTH 19 0
BBX 12 11 4 0
BITMAP
4020
C020
8030
8F10
8510
8410
8410
8E10
8010
C020
4020
ENDCHAR
STARTCHAR 24AE
ENCODING 9390
SWIDTH 1187 0
DWIDTH 19 0
BBX 12 11 4 0
BITMAP
4020
C020
8030
8F10
8910
8610
8910
8F10
8010
C020
4020
ENDCHAR
STARTCHAR 24AF
ENCODING 9391
SWIDTH 1187 0
DWIDTH 19 0
BBX 12 13 4 -1
BITMAP
4020
4020
C430
8410
9F10
8410
8410
8410
8510
8710
C030
4020
4020
ENDCHAR
STARTCHAR 24B0
ENCODING 9392
SWIDTH 1187 0
DWIDTH 19 0
BBX 12 11 4 0
BITMAP
4020
C020
8030
9910
8910
8910
8910
8F90
8010
C020
4020
ENDCHAR
STARTCHAR 24B1
ENCODING 9393
SWIDTH 1187 0
DWIDTH 19 0
BBX 12 12 4 0
BITMAP
4020
C020
8030
9990
8910
8910
8F10
8610
8610
8030
C020
4020
ENDCHAR
STARTCHAR 24B2
ENCODING 9394
SWIDTH 1187 0
DWIDTH 19 0
BBX 12 12 4 0
BITMAP
4020
C020
8030
9990
9910
8F10
8F10
8F10
8910
C030
4020
4020
ENDCHAR
STARTCHAR 24B3
ENCODING 9395
SWIDTH 1187 0
DWIDTH 19 0
BBX 12 11 4 0
BITMAP
4060
C020
8030
9B10
8E10
8410
8E10
9B10
8030
C020
4020
ENDCHAR
STARTCHAR 24B4
ENCODING 9396
SWIDTH 1187 0
DWIDTH 19 0
BBX 12 13 4 -1
BITMAP
4060
4020
C030
9B30
8A10
8A10
8A10
8410
8410
8410
D820
4020
4020
ENDCHAR
STARTCHAR 24B5
ENCODING 9397
SWIDTH 1187 0
DWIDTH 19 0
BBX 12 11 4 0
BITMAP
4020
C020
8030
8F10
8B10
8610
8D10
8F10
8030
C020
4020
ENDCHAR
STARTCHAR 24B6
ENCODING 9398
SWIDTH 1187 0
DWIDTH 19 0
BBX 16 15 2 -2
BITMAP
07E0
1818
2004
4002
C103
8101
8281
8281
8381
8281
C6C3
4002
2004
1818
0FE0
ENDCHAR
STARTCHAR 24B7
ENCODING 9399
SWIDTH 1187 0
DWIDTH 19 0
BBX 16 15 2 -2
BITMAP
07E0
1818
2004
4002
C783
8241
8241
8381
8241
8241
C7C3
4002
2004
1818
0FE0
ENDCHAR
STARTCHAR 24B8
ENCODING 9400
SWIDTH 1187 0
DWIDTH 19 0
BBX 16 15 2 -2
BITMAP
07E0
1818
2004
4002
C3C3
8241
8201
8201
8201
8241
C183
4002
2004
1818
0FE0
ENDCHAR
STARTCHAR 24B9
ENCODING 9401
SWIDTH 1187 0
DWIDTH 19 0
BBX 16 15 2 -2
BITMAP
07E0
1818
2004
4002
C783
8241
8241
8241
8241
8241
C783
4002
2004
1818
0FE0
ENDCHAR
STARTCHAR 24BA
ENCODING 9402
SWIDTH 1187 0
DWIDTH 19 0
BBX 16 15 2 -2
BITMAP
07E0
1818
2004
4002
C7C3
8201
8201
8381
8201
8201
C7C3
4002
2004
1818
0FE0
ENDCHAR
STARTCHAR 24BB
ENCODING 9403
SWIDTH 1187 0
DWIDTH 19 0
BBX 16 15 2 -2
BITMAP
07E0
1818
2004
4002
C3C3
8201
8201
8381
8201
8201
C303
4002
2004
1818
0FE0
ENDCHAR
STARTCHAR 24BC
ENCODING 9404
SWIDTH 1187 0
DWIDTH 19 0
BBX 16 15 2 -2
BITMAP
07E0
1818
2004
4002
C1C3
8241
8201
82E1
8241
8241
C3C3
4002
2004
1818
0FE0
ENDCHAR
STARTCHAR 24BD
ENCODING 9405
SWIDTH 1187 0
DWIDTH 19 0
BBX 16 15 2 -2
BITMAP
07E0
1818
2004
4002
C6C3
8241
8241
83C1
8241
8241
C6C3
4002
2004
1818
0FE0
ENDCHAR
STARTCHAR 24BE
ENCODING 9406
SWIDTH 1187 0
DWIDTH 19 0
BBX 16 15 2 -2
BITMAP
07E0
1818
2004
4002
C7C3
8101
8101
8101
8101
8101
C7C3
4002
2004
1818
0FE0
ENDCHAR
STARTCHAR 24BF
ENCODING 9407
SWIDTH 1187 0
DWIDTH 19 0
BBX 16 15 2 -2
BITMAP
07E0
1818
2004
4002
C183
8081
8081
8081
8081
8281
C383
4002
2004
1818
0FE0
ENDCHAR
STARTCHAR 24C0
ENCODING 9408
SWIDTH 1187 0
DWIDTH 19 0
BBX 16 15 2 -2
BITMAP
07E0
1818
2004
4002
C243
8281
8281
8301
8281
8281
C243
4002
2004
1818
0FE0
ENDCHAR
STARTCHAR 24C1
ENCODING 9409
SWIDTH 1187 0
DWIDTH 19 0
BBX 16 15 2 -2
BITMAP
07E0
1818
2004
4002
C303
8201
8201
8201
8201
8201
C3C3
4002
2004
1818
0FE0
ENDCHAR
STARTCHAR 24C2
ENCODING 9410
SWIDTH 1187 0
DWIDTH 19 0
BBX 16 15 2 -2
BITMAP
07E0
1818
2004
4002
C663
8641
86C1
85C1
8541
8441
C663
4002
2004
1818
0FE0
ENDCHAR
STARTCHAR 24C3
ENCODING 9411
SWIDTH 1187 0
DWIDTH 19 0
BBX 16 15 2 -2
BITMAP
07E0
1818
2004
4002
C2C3
8341
8341
8341
82C1
82C1
C343
4002
2004
1818
0FE0
ENDCHAR
STARTCHAR 24C4
ENCODING 9412
SWIDTH 1187 0
DWIDTH 19 0
BBX 16 15 2 -2
BITMAP
07E0
1818
2004
4002
C183
8241
8241
8241
8241
8241
C183
4002
2004
1818
0FE0
ENDCHAR
STARTCHAR 24C5
ENCODING 9413
SWIDTH 1187 0
DWIDTH 19 0
BBX 16 15 2 -2
BITMAP
07E0
1818
2004
4002
C3C3
8241
8241
83C1
8201
8201
C303
4002
2004
1818
0FE0
ENDCHAR
STARTCHAR 24C6
ENCODING 9414
SWIDTH 1187 0
DWIDTH 19 0
BBX 16 15 2 -2
BITMAP
07E0
1818
2004
4002
C183
8241
8241
8241
82C1
8241
C3C3
4002
2004
1818
0FE0
ENDCHAR
STARTCHAR 24C7
ENCODING 9415
SWIDTH 1187 0
DWIDTH 19 0
BBX 16 15 2 -2
BITMAP
07E0
1818
2004
4002
C783
8241
8241
8381
8281
8281
C643
4002
2004
1818
0FE0
ENDCHAR
STARTCHAR 24C8
ENCODING 9416
SWIDTH 1187 0
DWIDTH 19 0
BBX 16 15 2 -2
BITMAP
07E0
1818
2004
4002
C3C3
8241
8201
8181
8041
8241
C3C3
4002
2004
1818
0FE0
ENDCHAR
STARTCHAR 24C9
ENCODING 9417
SWIDTH 1187 0
DWIDTH 19 0
BBX 16 15 2 -2
BITMAP
07E0
1818
2004
4002
C3C3
8101
8101
8101
8101
8101
C383
4002
2004
1818
0FE0
ENDCHAR
STARTCHAR 24CA
ENCODING 9418
SWIDTH 1187 0
DWIDTH 19 0
BBX 16 15 2 -2
BITMAP
07E0
1818
2004
4002
C243
8241
8241
8241
8241
8241
C183
4002
2004
1818
0FE0
ENDCHAR
STARTCHAR 24CB
ENCODING 9419
SWIDTH 1187 0
DWIDTH 19 0
BBX 16 15 2 -2
BITMAP
07E0
1818
2004
4002
C6C3
8281
8281
8281
8281
8301
C103
4102
2004
1818
0FE0
ENDCHAR
STARTCHAR 24CC
ENCODING 9420
SWIDTH 1187 0
DWIDTH 19 0
BBX 16 15 2 -2
BITMAP
07E0
1818
2004
4002
C663
8441
83C1
83C1
83C1
83C1
C243
4002
2004
1818
0FE0
ENDCHAR
STARTCHAR 24CD
ENCODING 9421
SWIDTH 1187 0
DWIDTH 19 0
BBX 16 15 2 -2
BITMAP
07E0
1818
2004
4002
C6C3
8281
8181
8101
8101
8281
C6C3
4002
2004
1818
0FE0
ENDCHAR
STARTCHAR 24CE
ENCODING 9422
SWIDTH 1187 0
DWIDTH 19 0
BBX 16 15 2 -2
BITMAP
07E0
1818
2004
4002
C6C3
8281
8281
8101
8101
8101
C383
4002
2004
1818
0FE0
ENDCHAR
STARTCHAR 24CF
ENCODING 9423
SWIDTH 1187 0
DWIDTH 19 0
BBX 16 15 2 -2
BITMAP
07E0
1818
2004
4002
C3C3
80C1
8081
8181
8101
8201
C3C3
4002
2004
1818
0FE0
ENDCHAR
STARTCHAR 24D0
ENCODING 9424
SWIDTH 1187 0
DWIDTH 19 0
BBX 16 15 2 -2
BITMAP
07E0
1818
2004
4002
C003
8381
8041
81C1
8241
83C1
C003
4002
2004
1818
0FE0
ENDCHAR
STARTCHAR 24D1
ENCODING 9425
SWIDTH 1187 0
DWIDTH 19 0
BBX 16 15 2 -2
BITMAP
07E0
1818
2004
4202
C203
8201
83C1
8241
8241
8241
C383
4002
2004
1818
0FE0
ENDCHAR
STARTCHAR 24D2
ENCODING 9426
SWIDTH 1187 0
DWIDTH 19 0
BBX 16 15 2 -2
BITMAP
07E0
1818
2004
4002
C003
83C1
8241
8201
8241
8181
C003
4002
2004
1818
0FE0
ENDCHAR
STARTCHAR 24D3
ENCODING 9427
SWIDTH 1187 0
DWIDTH 19 0
BBX 16 15 2 -2
BITMAP
07E0
1818
2004
4042
C043
81C1
8241
8241
8241
8241
C1C3
4002
2004
1818
0FE0
ENDCHAR
STARTCHAR 24D4
ENCODING 9428
SWIDTH 1187 0
DWIDTH 19 0
BBX 16 15 2 -2
BITMAP
07E0
1818
2004
4002
C003
8181
8241
83C1
8201
81C1
C003
4002
2004
1818
0FE0
ENDCHAR
STARTCHAR 24D5
ENCODING 9429
SWIDTH 1187 0
DWIDTH 19 0
BBX 16 15 2 -2
BITMAP
07E0
1818
2004
41C2
C143
8101
83C1
8101
8101
8101
C383
4002
2004
1818
0FE0
ENDCHAR
STARTCHAR 24D6
ENCODING 9430
SWIDTH 1187 0
DWIDTH 19 0
BBX 16 15 2 -2
BITMAP
07E0
1818
2004
4002
C1C3
8241
8241
8241
8241
81C1
C043
4182
2004
1818
0FE0
ENDCHAR
STARTCHAR 24D7
ENCODING 9431
SWIDTH 1187 0
DWIDTH 19 0
BBX 16 15 2 -2
BITMAP
07E0
1818
2004
4602
C203
8201
8381
82C1
8241
8241
C6C3
4002
2004
1818
0FE0
ENDCHAR
STARTCHAR 24D8
ENCODING 9432
SWIDTH 1187 0
DWIDTH 19 0
BBX 16 15 2 -2
BITMAP
07E0
1818
2004
4102
C003
8301
8101
8101
8101
8101
C783
4002
2004
1818
0FE0
ENDCHAR
STARTCHAR 24D9
ENCODING 9433
SWIDTH 1187 0
DWIDTH 19 0
BBX 16 15 2 -2
BITMAP
07E0
1818
2004
4082
C003
8381
8081
8081
8081
8081
C483
4702
2004
1818
0FE0
ENDCHAR
STARTCHAR 24DA
ENCODING 9434
SWIDTH 1187 0
DWIDTH 19 0
BBX 16 15 2 -2
BITMAP
07E0
1818
2004
4202
C203
8241
8281
8301
8381
8281
C243
4002
2004
1818
0FE0
ENDCHAR
STARTCHAR 24DB
ENCODING 9435
SWIDTH 1187 0
DWIDTH 19 0
BBX 16 15 2 -2
BITMAP
07E0
1818
2004
4302
C103
8101
8101
8101
8101
8101
C783
4002
2004
1818
0FE0
ENDCHAR
STARTCHAR 24DC
ENCODING 9436
SWIDTH 1187 0
DWIDTH 19 0
BBX 16 15 2 -2
BITMAP
07E0
1818
2004
4002
C003
87C1
8541
8541
8541
8541
C003
4002
2004
1818
0FE0
ENDCHAR
STARTCHAR 24DD
ENCODING 9437
SWIDTH 1187 0
DWIDTH 19 0
BBX 16 15 2 -2
BITMAP
07E0
1818
2004
4002
C003
8781
82C1
8241
8241
86C1
C003
4002
2004
1818
0FE0
ENDCHAR
STARTCHAR 24DE
ENCODING 9438
SWIDTH 1187 0
DWIDTH 19 0
BBX 16 15 2 -2
BITMAP
07E0
1818
2004
4002
C003
8181
8241
8241
8241
8181
C003
4002
2004
1818
0FE0
ENDCHAR
STARTCHAR 24DF
ENCODING 9439
SWIDTH 1187 0
DWIDTH 19 0
BBX 16 15 2 -2
BITMAP
07E0
1818
2004
4002
C583
8641
8441
8441
8641
8581
C403
4602
2004
1818
0FE0
ENDCHAR
STARTCHAR 24E0
ENCODING 9440
SWIDTH 1187 0
DWIDTH 19 0
BBX 16 15 2 -2
BITMAP
07E0
1818
2004
4002
C1E3
8241
8241
8241
8241
81C1
C043
40E2
2004
1818
0FE0
ENDCHAR
STARTCHAR 24E1
ENCODING 9441
SWIDTH 1187 0
DWIDTH 19 0
BBX 16 15 2 -2
BITMAP
07E0
1818
2004
4002
C003
83C1
8141
8101
8101
8381
C003
4002
2004
1818
0FE0
ENDCHAR
STARTCHAR 24E2
ENCODING 9442
SWIDTH 1187 0
DWIDTH 19 0
BBX 16 15 2 -2
BITMAP
07E0
1818
2004
4002
C103
83C1
8241
8181
8241
83C1
C083
4002
2004
1818
0FE0
ENDCHAR
STARTCHAR 24E3
ENCODING 9443
SWIDTH 1187 0
DWIDTH 19 0
BBX 16 15 2 -2
BITMAP
07E0
1818
2004
4102
C103
83C1
8101
8101
8101
8141
C0C3
4002
2004
1818
0FE0
ENDCHAR
STARTCHAR 24E4
ENCODING 9444
SWIDTH 1187 0
DWIDTH 19 0
BBX 16 15 2 -2
BITMAP
07E0
1818
2004
4002
C003
8241
8241
8241
8241
83C1
C103
4002
2004
1818
0FE0
ENDCHAR
STARTCHAR 24E5
ENCODING 9445
SWIDTH 1187 0
DWIDTH 19 0
BBX 16 15 2 -2
BITMAP
07E0
1818
2004
4002
C003
86C1
8281
8281
8281
8101
C003
4002
2004
1818
0FE0
ENDCHAR
STARTCHAR 24E6
ENCODING 9446
SWIDTH 1187 0
DWIDTH 19 0
BBX 16 15 2 -2
BITMAP
07E0
1818
2004
4002
C003
8661
8541
83C1
83C1
82C1
C003
4002
2004
1818
0FE0
ENDCHAR
STARTCHAR 24E7
ENCODING 9447
SWIDTH 1187 0
DWIDTH 19 0
BBX 16 15 2 -2
BITMAP
07E0
1818
2004
4002
C003
86C1
8281
8101
8281
86C1
C003
4002
2004
1818
0FE0
ENDCHAR
STARTCHAR 24E8
ENCODING 9448
SWIDTH 1187 0
DWIDTH 19 0
BBX 16 15 2 -2
BITMAP
07E0
1818
2004
4002
C6C3
8281
8281
8281
8101
8101
C103
4202
2004
1818
0FE0
ENDCHAR
STARTCHAR 24E9
ENCODING 9449
SWIDTH 1187 0
DWIDTH 19 0
BBX 16 15 2 -2
BITMAP
07E0
1818
2004
4002
C003
83C1
8081
8181
8301
83C1
C003
4002
2004
1818
0FE0
ENDCHAR
STARTCHAR 24EA
ENCODING 9450
SWIDTH 1187 0
DWIDTH 19 0
BBX 16 15 2 -2
BITMAP
07E0
1818
2004
4002
C183
8241
82C1
8341
8341
8241
C183
4002
2004
1818
0FE0
ENDCHAR
STARTCHAR 24EB
ENCODING 9451
SWIDTH 1187 0
DWIDTH 19 0
BBX 15 16 2 -3
BITMAP
0FE0
3FF8
7FFC
7FFC
F7DE
E79E
F7DE
F7DE
F7DE
F7DE
F7DE
E30E
7FFC
3FF8
1FF0
07C0
ENDCHAR
STARTCHAR 24EC
ENCODING 9452
SWIDTH 1187 0
DWIDTH 19 0
BBX 15 16 2 -3
BITMAP
0FE0
3FF8
7FFC
7FFC
F78E
E76E
F7EE
F7EE
F79E
F7BE
F77E
E30E
7FFC
3FF8
1FF0
07C0
ENDCHAR
STARTCHAR 24ED
ENCODING 9453
SWIDTH 1187 0
DWIDTH 19 0
BBX 15 16 2 -3
BITMAP
0FE0
3FF8
7FFC
7FFC
F70E
E76E
F7DE
F78E
F7EE
F7F6
F72E
E3DE
7FFC
3FF8
1FF0
07C0
ENDCHAR
STARTCHAR 24EE
ENCODING 9454
SWIDTH 1187 0
DWIDTH 19 0
BBX 15 16 2 -3
BITMAP
0FE0
3FF8
7FFC
7FFC
F7EE
E7CE
F7CE
F7AE
F7AE
F706
F7EE
E3CE
7FFC
3FFC
1FF0
07C0
ENDCHAR
STARTCHAR 24EF
ENCODING 9455
SWIDTH 1187 0
DWIDTH 19 0
BBX 16 16 2 -3
BITMAP
0FE0
1FF8
7FFC
7FFE
F78E
E7BF
F7BF
F78F
F7EF
F7E7
F7EE
E39E
7FFE
3FFC
1FF8
07C0
ENDCHAR
STARTCHAR 24F0
ENCODING 9456
SWIDTH 1187 0
DWIDTH 19 0
BBX 15 16 2 -3
BITMAP
0FE0
3FF0
7FF8
7FFC
F78C
F76E
F77E
F70E
F76E
F76E
E3AE
FFFC
7FFC
3FF8
1FF0
07C0
ENDCHAR
STARTCHAR 24F1
ENCODING 9457
SWIDTH 1187 0
DWIDTH 19 0
BBX 15 16 2 -3
BITMAP
0FE0
3FF8
7FFC
7FFC
F70E
E76E
F7EE
F7EE
F7DE
F7DE
F7DE
E3BE
7FFC
3FF8
1FF0
07C0
ENDCHAR
STARTCHAR 24F2
ENCODING 9458
SWIDTH 1187 0
DWIDTH 19 0
BBX 15 16 2 -3
BITMAP
0FE0
3FF8
7FFC
7FFC
F78E
E7B6
F736
F78E
F7B6
F736
F736
E3DE
7FFC
3FF8
1FF0
07C0
ENDCHAR
STARTCHAR 24F3
ENCODING 9459
SWIDTH 1187 0
DWIDTH 19 0
BBX 16 16 2 -3
BITMAP
0FE0
1FF8
7FFC
7FFE
F78E
E737
F737
F727
F7F7
F737
E386
FFFE
7FFE
3FFC
1FF8
07C0
ENDCHAR
STARTCHAR 24F4
ENCODING 9460
SWIDTH 1187 0
DWIDTH 19 0
BBX 16 16 2 -3
BITMAP
07E0
1FF8
3FFC
7FFE
73CE
EDB7
FDB7
F9A7
F797
EFB7
EDB7
61CE
7FFE
3FFC
1FF8
07C0
ENDCHAR
STARTCHAR 24F5
ENCODING 9461
SWIDTH 1187 0
DWIDTH 19 0
BBX 16 17 2 -3
BITMAP
03C0
1FF8
2C34
500A
A006
C185
C083
C083
C083
C083
C083
C3C7
6006
500A
2834
1FD8
07E0
ENDCHAR
STARTCHAR 24F6
ENCODING 9462
SWIDTH 1187 0
DWIDTH 19 0
BBX 16 17 2 -3
BITMAP
03C0
1FF8
2C34
500A
A006
C385
C243
C043
C083
C103
C203
C3C7
6006
500A
2834
1FD8
07E0
ENDCHAR
STARTCHAR 24F7
ENCODING 9463
SWIDTH 1187 0
DWIDTH 19 0
BBX 16 17 2 -3
BITMAP
03C0
1FF8
2C34
500A
A006
C3C5
C083
C103
C183
C043
C243
C387
6006
500A
2834
1FD8
07E0
ENDCHAR
STARTCHAR 24F8
ENCODING 9464
SWIDTH 1187 0
DWIDTH 19 0
BBX 16 17 2 -3
BITMAP
03C0
1FF8
2C34
500A
A006
C085
C183
C183
C283
C283
C3C3
C0C7
6006
500A
2834
1FD8
07E0
ENDCHAR
STARTCHAR 24F9
ENCODING 9465
SWIDTH 1187 0
DWIDTH 19 0
BBX 16 17 2 -3
BITMAP
03C0
1FF8
2C34
500A
A006
C3C5
C203
C203
C383
C043
C043
C387
6006
500A
2834
1FD8
07E0
ENDCHAR
STARTCHAR 24FA
ENCODING 9466
SWIDTH 1187 0
DWIDTH 19 0
BBX 16 17 2 -3
BITMAP
03C0
1FF8
2C34
500A
A006
C185
C243
C203
C3C3
C243
C243
C187
6006
500A
2834
1FD8
07E0
ENDCHAR
STARTCHAR 24FB
ENCODING 9467
SWIDTH 1187 0
DWIDTH 19 0
BBX 16 17 2 -3
BITMAP
03C0
1FF8
2C34
500A
A006
C3C5
C043
C0C3
C083
C083
C183
C107
6006
500A
2814
1FF8
07E0
ENDCHAR
STARTCHAR 24FC
ENCODING 9468
SWIDTH 1187 0
DWIDTH 19 0
BBX 16 17 2 -3
BITMAP
03C0
1FF8
2C34
500A
A006
C185
C243
C243
C183
C243
C243
C1C7
6006
500A
2834
1FD8
07E0
ENDCHAR
STARTCHAR 24FD
ENCODING 9469
SWIDTH 1187 0
DWIDTH 19 0
BBX 16 17 2 -3
BITMAP
03C0
1FF8
2C34
500A
A006
C185
C243
C243
C3C3
C043
C243
C187
6006
500A
2834
1FD8
07E0
ENDCHAR
STARTCHAR 24FE
ENCODING 9470
SWIDTH 1187 0
DWIDTH 19 0
BBX 16 17 2 -3
BITMAP
03C0
1FF8
2C34
500A
A006
AC36
DC4D
C45B
C46B
C46B
C44D
BE36
6006
500A
2C34
1BD8
07E0
ENDCHAR
STARTCHAR 24FF
ENCODING 9471
SWIDTH 1187 0
DWIDTH 19 0
BBX 16 15 2 -2
BITMAP
0FF0
3FF8
7FFC
7FFE
FC7E
FDBF
FD3F
FEBF
FCBF
FDBF
FC7E
7FFE
7FFC
3FF8
0FF0
ENDCHAR
STARTCHAR 2500
ENCODING 9472
SWIDTH 625 0
DWIDTH 10 0
BBX 10 1 0 5
BITMAP
FFC0
ENDCHAR
STARTCHAR 2501
ENCODING 9473
SWIDTH 625 0
DWIDTH 10 0
BBX 10 2 0 4
BITMAP
FFC0
FFC0
ENDCHAR
STARTCHAR 2502
ENCODING 9474
SWIDTH 625 0
DWIDTH 10 0
BBX 1 20 4 -5
BITMAP
80
80
80
80
80
80
80
80
80
80
80
80
80
80
80
80
80
80
80
80
ENDCHAR
STARTCHAR 2503
ENCODING 9475
SWIDTH 625 0
DWIDTH 10 0
BBX 2 20 4 -5
BITMAP
C0
C0
C0
C0
C0
C0
C0
C0
C0
C0
C0
C0
C0
C0
C0
C0
C0
C0
C0
C0
ENDCHAR
STARTCHAR 2504
ENCODING 9476
SWIDTH 625 0
DWIDTH 10 0
BBX 8 1 1 5
BITMAP
DB
ENDCHAR
STARTCHAR 2505
ENCODING 9477
SWIDTH 625 0
DWIDTH 10 0
BBX 8 2 1 4
BITMAP
DB
DB
ENDCHAR
STARTCHAR 2506
ENCODING 9478
SWIDTH 625 0
DWIDTH 10 0
BBX 1 17 4 -3
BITMAP
80
80
80
80
00
00
00
80
80
80
80
00
00
80
80
80
80
ENDCHAR
STARTCHAR 2507
ENCODING 9479
SWIDTH 625 0
DWIDTH 10 0
BBX 2 17 4 -3
BITMAP
C0
C0
C0
C0
00
00
00
C0
C0
C0
C0
00
00
C0
C0
C0
C0
ENDCHAR
STARTCHAR 2508
ENCODING 9480
SWIDTH 625 0
DWIDTH 10 0
BBX 8 1 1 5
BITMAP
B5
ENDCHAR
STARTCHAR 2509
ENCODING 9481
SWIDTH 625 0
DWIDTH 10 0
BBX 8 2 1 4
BITMAP
B5
B5
ENDCHAR
STARTCHAR 250A
ENCODING 9482
SWIDTH 625 0
DWIDTH 10 0
BBX 1 18 4 -4
BITMAP
80
80
80
00
00
80
80
80
00
00
80
80
80
00
00
80
80
80
ENDCHAR
STARTCHAR 250B
ENCODING 9483
SWIDTH 625 0
DWIDTH 10 0
BBX 2 18 4 -4
BITMAP
C0
C0
C0
00
00
C0
C0
C0
00
00
C0
C0
C0
00
00
C0
C0
C0
ENDCHAR
STARTCHAR 250C
ENCODING 9484
SWIDTH 625 0
DWIDTH 10 0
BBX 5 11 4 -5
BITMAP
F8
80
80
80
80
80
80
80
80
80
80
ENDCHAR
STARTCHAR 250D
ENCODING 9485
SWIDTH 625 0
DWIDTH 10 0
BBX 5 11 4 -5
BITMAP
F8
F8
80
80
80
80
80
80
80
80
80
ENDCHAR
STARTCHAR 250E
ENCODING 9486
SWIDTH 625 0
DWIDTH 10 0
BBX 6 11 4 -5
BITMAP
FC
C0
C0
C0
C0
C0
C0
C0
C0
C0
C0
ENDCHAR
STARTCHAR 250F
ENCODING 9487
SWIDTH 625 0
DWIDTH 10 0
BBX 6 11 4 -5
BITMAP
FC
FC
C0
C0
C0
C0
C0
C0
C0
C0
C0
ENDCHAR
STARTCHAR 2510
ENCODING 9488
SWIDTH 625 0
DWIDTH 10 0
BBX 5 11 0 -5
BITMAP
F8
08
08
08
08
08
08
08
08
08
08
ENDCHAR
STARTCHAR 2511
ENCODING 9489
SWIDTH 625 0
DWIDTH 10 0
BBX 5 11 0 -5
BITMAP
F8
F8
08
08
08
08
08
08
08
08
08
ENDCHAR
STARTCHAR 2512
ENCODING 9490
SWIDTH 625 0
DWIDTH 10 0
BBX 6 11 0 -5
BITMAP
FC
0C
0C
0C
0C
0C
0C
0C
0C
0C
0C
ENDCHAR
STARTCHAR 2513
ENCODING 9491
SWIDTH 625 0
DWIDTH 10 0
BBX 6 11 0 -5
BITMAP
FC
FC
0C
0C
0C
0C
0C
0C
0C
0C
0C
ENDCHAR
STARTCHAR 2514
ENCODING 9492
SWIDTH 625 0
DWIDTH 10 0
BBX 5 10 4 5
BITMAP
80
80
80
80
80
80
80
80
80
F8
ENDCHAR
STARTCHAR 2515
ENCODING 9493
SWIDTH 625 0
DWIDTH 10 0
BBX 5 11 4 4
BITMAP
80
80
80
80
80
80
80
80
80
F8
F8
ENDCHAR
STARTCHAR 2516
ENCODING 9494
SWIDTH 625 0
DWIDTH 10 0
BBX 6 10 4 5
BITMAP
C0
C0
C0
C0
C0
C0
C0
C0
C0
FC
ENDCHAR
STARTCHAR 2517
ENCODING 9495
SWIDTH 625 0
DWIDTH 10 0
BBX 6 11 4 4
BITMAP
C0
C0
C0
C0
C0
C0
C0
C0
C0
FC
FC
ENDCHAR
STARTCHAR 2518
ENCODING 9496
SWIDTH 625 0
DWIDTH 10 0
BBX 5 10 0 5
BITMAP
08
08
08
08
08
08
08
08
08
F8
ENDCHAR
STARTCHAR 2519
ENCODING 9497
SWIDTH 625 0
DWIDTH 10 0
BBX 5 11 0 4
BITMAP
08
08
08
08
08
08
08
08
08
F8
F8
ENDCHAR
STARTCHAR 251A
ENCODING 9498
SWIDTH 625 0
DWIDTH 10 0
BBX 6 10 0 5
BITMAP
0C
0C
0C
0C
0C
0C
0C
0C
0C
FC
ENDCHAR
STARTCHAR 251B
ENCODING 9499
SWIDTH 625 0
DWIDTH 10 0
BBX 6 11 0 4
BITMAP
0C
0C
0C
0C
0C
0C
0C
0C
0C
FC
FC
ENDCHAR
STARTCHAR 251C
ENCODING 9500
SWIDTH 625 0
DWIDTH 10 0
BBX 5 20 4 -5
BITMAP
80
80
80
80
80
80
80
80
80
F8
F8
80
80
80
80
80
80
80
80
80
ENDCHAR
STARTCHAR 251D
ENCODING 9501
SWIDTH 625 0
DWIDTH 10 0
BBX 5 20 4 -5
BITMAP
80
80
80
80
80
80
80
80
80
F8
F8
80
80
80
80
80
80
80
80
80
ENDCHAR
STARTCHAR 251E
ENCODING 9502
SWIDTH 625 0
DWIDTH 10 0
BBX 6 20 4 -4
BITMAP
C0
C0
C0
C0
C0
C0
C0
C0
C0
C0
FC
80
80
80
80
80
80
80
80
80
ENDCHAR
STARTCHAR 251F
ENCODING 9503
SWIDTH 625 0
DWIDTH 10 0
BBX 6 20 4 -5
BITMAP
80
80
80
80
80
80
80
80
80
FC
C0
C0
C0
C0
C0
C0
C0
C0
C0
C0
ENDCHAR
STARTCHAR 2520
ENCODING 9504
SWIDTH 625 0
DWIDTH 10 0
BBX 6 20 4 -5
BITMAP
C0
C0
C0
C0
C0
C0
C0
C0
C0
FC
FC
C0
C0
C0
C0
C0
C0
C0
C0
C0
ENDCHAR
STARTCHAR 2521
ENCODING 9505
SWIDTH 625 0
DWIDTH 10 0
BBX 6 20 4 -5
BITMAP
C0
C0
C0
C0
C0
C0
C0
C0
C0
FC
FC
80
80
80
80
80
80
80
80
80
ENDCHAR
STARTCHAR 2522
ENCODING 9506
SWIDTH 625 0
DWIDTH 10 0
BBX 6 20 4 -5
BITMAP
80
80
80
80
80
80
80
80
80
FC
FC
C0
C0
C0
C0
C0
C0
C0
C0
C0
ENDCHAR
STARTCHAR 2523
ENCODING 9507
SWIDTH 625 0
DWIDTH 10 0
BBX 6 20 4 -5
BITMAP
C0
C0
C0
C0
C0
C0
C0
C0
C0
FC
FC
C0
C0
C0
C0
C0
C0
C0
C0
C0
ENDCHAR
STARTCHAR 2524
ENCODING 9508
SWIDTH 625 0
DWIDTH 10 0
BBX 5 20 0 -5
BITMAP
08
08
08
08
08
08
08
08
08
F8
F8
08
08
08
08
08
08
08
08
08
ENDCHAR
STARTCHAR 2525
ENCODING 9509
SWIDTH 625 0
DWIDTH 10 0
BBX 5 20 0 -5
BITMAP
08
08
08
08
08
08
08
08
08
F8
F8
08
08
08
08
08
08
08
08
08
ENDCHAR
STARTCHAR 2526
ENCODING 9510
SWIDTH 625 0
DWIDTH 10 0
BBX 6 20 0 -4
BITMAP
0C
0C
0C
0C
0C
0C
0C
0C
0C
0C
FC
08
08
08
08
08
08
08
08
08
ENDCHAR
STARTCHAR 2527
ENCODING 9511
SWIDTH 625 0
DWIDTH 10 0
BBX 6 20 0 -5
BITMAP
08
08
08
08
08
08
08
08
08
FC
0C
0C
0C
0C
0C
0C
0C
0C
0C
0C
ENDCHAR
STARTCHAR 2528
ENCODING 9512
SWIDTH 625 0
DWIDTH 10 0
BBX 6 20 0 -5
BITMAP
0C
0C
0C
0C
0C
0C
0C
0C
0C
FC
FC
0C
0C
0C
0C
0C
0C
0C
0C
0C
ENDCHAR
STARTCHAR 2529
ENCODING 9513
SWIDTH 625 0
DWIDTH 10 0
BBX 6 20 0 -5
BITMAP
0C
0C
0C
0C
0C
0C
0C
0C
0C
FC
FC
08
08
08
08
08
08
08
08
08
ENDCHAR
STARTCHAR 252A
ENCODING 9514
SWIDTH 625 0
DWIDTH 10 0
BBX 6 20 0 -5
BITMAP
08
08
08
08
08
08
08
08
08
FC
FC
0C
0C
0C
0C
0C
0C
0C
0C
0C
ENDCHAR
STARTCHAR 252B
ENCODING 9515
SWIDTH 625 0
DWIDTH 10 0
BBX 6 20 0 -5
BITMAP
0C
0C
0C
0C
0C
0C
0C
0C
0C
FC
FC
0C
0C
0C
0C
0C
0C
0C
0C
0C
ENDCHAR
STARTCHAR 252C
ENCODING 9516
SWIDTH 625 0
DWIDTH 10 0
BBX 10 11 0 -5
BITMAP
FFC0
0800
0800
0800
0800
0800
0800
0800
0800
0800
0800
ENDCHAR
STARTCHAR 252D
ENCODING 9517
SWIDTH 625 0
DWIDTH 10 0
BBX 10 11 0 -5
BITMAP
FFC0
F800
0800
0800
0800
0800
0800
0800
0800
0800
0800
ENDCHAR
STARTCHAR 252E
ENCODING 9518
SWIDTH 625 0
DWIDTH 10 0
BBX 9 11 0 -5
BITMAP
FF80
0F80
0800
0800
0800
0800
0800
0800
0800
0800
0800
ENDCHAR
STARTCHAR 252F
ENCODING 9519
SWIDTH 625 0
DWIDTH 10 0
BBX 10 11 0 -5
BITMAP
FFC0
FFC0
0800
0800
0800
0800
0800
0800
0800
0800
0800
ENDCHAR
STARTCHAR 2530
ENCODING 9520
SWIDTH 625 0
DWIDTH 10 0
BBX 10 11 0 -5
BITMAP
FFC0
0C00
0C00
0C00
0C00
0C00
0C00
0C00
0C00
0C00
0C00
ENDCHAR
STARTCHAR 2531
ENCODING 9521
SWIDTH 625 0
DWIDTH 10 0
BBX 10 11 0 -5
BITMAP
FFC0
FC00
0C00
0C00
0C00
0C00
0C00
0C00
0C00
0C00
0C00
ENDCHAR
STARTCHAR 2532
ENCODING 9522
SWIDTH 625 0
DWIDTH 10 0
BBX 10 11 0 -5
BITMAP
FFC0
0FC0
0C00
0C00
0C00
0C00
0C00
0C00
0C00
0C00
0C00
ENDCHAR
STARTCHAR 2533
ENCODING 9523
SWIDTH 625 0
DWIDTH 10 0
BBX 10 11 0 -5
BITMAP
FFC0
FFC0
0C00
0C00
0C00
0C00
0C00
0C00
0C00
0C00
0C00
ENDCHAR
STARTCHAR 2534
ENCODING 9524
SWIDTH 625 0
DWIDTH 10 0
BBX 10 10 0 5
BITMAP
0800
0800
0800
0800
0800
0800
0800
0800
0800
FFC0
ENDCHAR
STARTCHAR 2535
ENCODING 9525
SWIDTH 625 0
DWIDTH 10 0
BBX 9 11 0 4
BITMAP
0800
0800
0800
0800
0800
0800
0800
0800
0800
FF80
F800
ENDCHAR
STARTCHAR 2536
ENCODING 9526
SWIDTH 625 0
DWIDTH 10 0
BBX 9 11 0 4
BITMAP
0800
0800
0800
0800
0800
0800
0800
0800
0800
FF80
0F80
ENDCHAR
STARTCHAR 2537
ENCODING 9527
SWIDTH 625 0
DWIDTH 10 0
BBX 10 11 0 4
BITMAP
0800
0800
0800
0800
0800
0800
0800
0800
0800
FFC0
FFC0
ENDCHAR
STARTCHAR 2538
ENCODING 9528
SWIDTH 625 0
DWIDTH 10 0
BBX 10 10 0 5
BITMAP
0C00
0C00
0C00
0C00
0C00
0C00
0C00
0C00
0C00
FFC0
ENDCHAR
STARTCHAR 2539
ENCODING 9529
SWIDTH 625 0
DWIDTH 10 0
BBX 10 11 0 4
BITMAP
0C00
0C00
0C00
0C00
0C00
0C00
0C00
0C00
0C00
FFC0
FC00
ENDCHAR
STARTCHAR 253A
ENCODING 9530
SWIDTH 625 0
DWIDTH 10 0
BBX 10 11 0 4
BITMAP
0C00
0C00
0C00
0C00
0C00
0C00
0C00
0C00
0C00
FFC0
0FC0
ENDCHAR
STARTCHAR 253B
ENCODING 9531
SWIDTH 625 0
DWIDTH 10 0
BBX 10 11 0 4
BITMAP
0C00
0C00
0C00
0C00
0C00
0C00
0C00
0C00
0C00
FFC0
FFC0
ENDCHAR
STARTCHAR 253C
ENCODING 9532
SWIDTH 625 0
DWIDTH 10 0
BBX 10 20 0 -5
BITMAP
0800
0800
0800
0800
0800
0800
0800
0800
0800
FFC0
FFC0
0800
0800
0800
0800
0800
0800
0800
0800
0800
ENDCHAR
STARTCHAR 253D
ENCODING 9533
SWIDTH 625 0
DWIDTH 10 0
BBX 9 20 0 -5
BITMAP
0800
0800
0800
0800
0800
0800
0800
0800
0800
FF80
FF80
0800
0800
0800
0800
0800
0800
0800
0800
0800
ENDCHAR
STARTCHAR 253E
ENCODING 9534
SWIDTH 625 0
DWIDTH 10 0
BBX 9 20 0 -5
BITMAP
0800
0800
0800
0800
0800
0800
0800
0800
0800
FF80
FF80
0800
0800
0800
0800
0800
0800
0800
0800
0800
ENDCHAR
STARTCHAR 253F
ENCODING 9535
SWIDTH 625 0
DWIDTH 10 0
BBX 10 20 0 -5
BITMAP
0800
0800
0800
0800
0800
0800
0800
0800
0800
FFC0
FFC0
0800
0800
0800
0800
0800
0800
0800
0800
0800
ENDCHAR
STARTCHAR 2540
ENCODING 9536
SWIDTH 625 0
DWIDTH 10 0
BBX 10 20 0 -5
BITMAP
0C00
0C00
0C00
0C00
0C00
0C00
0C00
0C00
0C00
FFC0
0800
0800
0800
0800
0800
0800
0800
0800
0800
0800
ENDCHAR
STARTCHAR 2541
ENCODING 9537
SWIDTH 625 0
DWIDTH 10 0
BBX 10 20 0 -5
BITMAP
0800
0800
0800
0800
0800
0800
0800
0800
0800
FFC0
0C00
0C00
0C00
0C00
0C00
0C00
0C00
0C00
0C00
0C00
ENDCHAR
STARTCHAR 2542
ENCODING 9538
SWIDTH 625 0
DWIDTH 10 0
BBX 10 20 0 -5
BITMAP
0C00
0C00
0C00
0C00
0C00
0C00
0C00
0C00
0C00
FFC0
FFC0
0C00
0C00
0C00
0C00
0C00
0C00
0C00
0C00
0C00
ENDCHAR
STARTCHAR 2543
ENCODING 9539
SWIDTH 625 0
DWIDTH 10 0
BBX 10 20 0 -5
BITMAP
0C00
0C00
0C00
0C00
0C00
0C00
0C00
0C00
0C00
FFC0
FC00
0800
0800
0800
0800
0800
0800
0800
0800
0800
ENDCHAR
STARTCHAR 2544
ENCODING 9540
SWIDTH 625 0
DWIDTH 10 0
BBX 10 20 0 -5
BITMAP
0C00
0C00
0C00
0C00
0C00
0C00
0C00
0C00
0C00
FFC0
0FC0
0800
0800
0800
0800
0800
0800
0800
0800
0800
ENDCHAR
STARTCHAR 2545
ENCODING 9541
SWIDTH 625 0
DWIDTH 10 0
BBX 10 20 0 -5
BITMAP
0800
0800
0800
0800
0800
0800
0800
0800
0800
FFC0
FC00
0C00
0C00
0C00
0C00
0C00
0C00
0C00
0C00
0C00
ENDCHAR
STARTCHAR 2546
ENCODING 9542
SWIDTH 625 0
DWIDTH 10 0
BBX 10 20 0 -5
BITMAP
0800
0800
0800
0800
0800
0800
0800
0800
0800
FFC0
FFC0
0C00
0C00
0C00
0C00
0C00
0C00
0C00
0C00
0C00
ENDCHAR
STARTCHAR 2547
ENCODING 9543
SWIDTH 625 0
DWIDTH 10 0
BBX 10 20 0 -5
BITMAP
0C00
0C00
0C00
0C00
0C00
0C00
0C00
0C00
0C00
FFC0
FFC0
0800
0800
0800
0800
0800
0800
0800
0800
0800
ENDCHAR
STARTCHAR 2548
ENCODING 9544
SWIDTH 625 0
DWIDTH 10 0
BBX 10 20 0 -5
BITMAP
0800
0800
0800
0800
0800
0800
0800
0800
0800
FFC0
FFC0
0C00
0C00
0C00
0C00
0C00
0C00
0C00
0C00
0C00
ENDCHAR
STARTCHAR 2549
ENCODING 9545
SWIDTH 625 0
DWIDTH 10 0
BBX 10 20 0 -5
BITMAP
0C00
0C00
0C00
0C00
0C00
0C00
0C00
0C00
0C00
FFC0
FFC0
0C00
0C00
0C00
0C00
0C00
0C00
0C00
0C00
0C00
ENDCHAR
STARTCHAR 254A
ENCODING 9546
SWIDTH 625 0
DWIDTH 10 0
BBX 10 20 0 -5
BITMAP
0C00
0C00
0C00
0C00
0C00
0C00
0C00
0C00
0C00
FFC0
FFC0
0C00
0C00
0C00
0C00
0C00
0C00
0C00
0C00
0C00
ENDCHAR
STARTCHAR 254B
ENCODING 9547
SWIDTH 625 0
DWIDTH 10 0
BBX 10 20 0 -5
BITMAP
0C00
0C00
0C00
0C00
0C00
0C00
0C00
0C00
0C00
FFC0
FFC0
0C00
0C00
0C00
0C00
0C00
0C00
0C00
0C00
0C00
ENDCHAR
STARTCHAR 254C
ENCODING 9548
SWIDTH 625 0
DWIDTH 10 0
BBX 8 1 1 5
BITMAP
E7
ENDCHAR
STARTCHAR 254D
ENCODING 9549
SWIDTH 625 0
DWIDTH 10 0
BBX 8 2 1 4
BITMAP
E7
E7
ENDCHAR
STARTCHAR 254E
ENCODING 9550
SWIDTH 625 0
DWIDTH 10 0
BBX 1 16 4 -3
BITMAP
80
80
80
80
80
80
00
00
00
00
80
80
80
80
80
80
ENDCHAR
STARTCHAR 254F
ENCODING 9551
SWIDTH 625 0
DWIDTH 10 0
BBX 2 16 4 -3
BITMAP
C0
C0
C0
C0
C0
C0
00
00
00
00
C0
C0
C0
C0
C0
C0
ENDCHAR
STARTCHAR 2550
ENCODING 9552
SWIDTH 625 0
DWIDTH 10 0
BBX 10 3 0 4
BITMAP
FFC0
0000
FFC0
ENDCHAR
STARTCHAR 2551
ENCODING 9553
SWIDTH 625 0
DWIDTH 10 0
BBX 3 20 3 -5
BITMAP
A0
A0
A0
A0
A0
A0
A0
A0
A0
A0
A0
A0
A0
A0
A0
A0
A0
A0
A0
A0
ENDCHAR
STARTCHAR 2552
ENCODING 9554
SWIDTH 625 0
DWIDTH 10 0
BBX 5 12 4 -5
BITMAP
F8
80
F8
80
80
80
80
80
80
80
80
80
ENDCHAR
STARTCHAR 2553
ENCODING 9555
SWIDTH 625 0
DWIDTH 10 0
BBX 6 11 3 -5
BITMAP
FC
A0
A0
A0
A0
A0
A0
A0
A0
A0
A0
ENDCHAR
STARTCHAR 2554
ENCODING 9556
SWIDTH 625 0
DWIDTH 10 0
BBX 6 11 3 -4
BITMAP
FC
80
BC
A0
A0
A0
A0
A0
A0
A0
A0
ENDCHAR
STARTCHAR 2555
ENCODING 9557
SWIDTH 625 0
DWIDTH 10 0
BBX 5 12 0 -5
BITMAP
F8
08
F8
08
08
08
08
08
08
08
08
08
ENDCHAR
STARTCHAR 2556
ENCODING 9558
SWIDTH 625 0
DWIDTH 10 0
BBX 6 11 0 -5
BITMAP
FC
14
14
14
14
14
14
14
14
14
14
ENDCHAR
STARTCHAR 2557
ENCODING 9559
SWIDTH 625 0
DWIDTH 10 0
BBX 6 11 0 -4
BITMAP
FC
04
F4
14
14
14
14
14
14
14
14
ENDCHAR
STARTCHAR 2558
ENCODING 9560
SWIDTH 625 0
DWIDTH 10 0
BBX 5 12 4 4
BITMAP
80
80
80
80
80
80
80
80
80
F8
80
F8
ENDCHAR
STARTCHAR 2559
ENCODING 9561
SWIDTH 625 0
DWIDTH 10 0
BBX 6 10 3 5
BITMAP
A0
A0
A0
A0
A0
A0
A0
A0
A0
FC
ENDCHAR
STARTCHAR 255A
ENCODING 9562
SWIDTH 625 0
DWIDTH 10 0
BBX 6 11 3 4
BITMAP
A0
A0
A0
A0
A0
A0
A0
A0
BC
80
FC
ENDCHAR
STARTCHAR 255B
ENCODING 9563
SWIDTH 625 0
DWIDTH 10 0
BBX 5 12 0 4
BITMAP
08
08
08
08
08
08
08
08
08
F8
08
F8
ENDCHAR
STARTCHAR 255C
ENCODING 9564
SWIDTH 625 0
DWIDTH 10 0
BBX 6 10 0 5
BITMAP
14
14
14
14
14
14
14
14
14
FC
ENDCHAR
STARTCHAR 255D
ENCODING 9565
SWIDTH 625 0
DWIDTH 10 0
BBX 6 11 0 4
BITMAP
14
14
14
14
14
14
14
14
F4
04
FC
ENDCHAR
STARTCHAR 255E
ENCODING 9566
SWIDTH 625 0
DWIDTH 10 0
BBX 5 20 4 -5
BITMAP
80
80
80
80
80
80
80
80
F8
80
80
F8
80
80
80
80
80
80
80
80
ENDCHAR
STARTCHAR 255F
ENCODING 9567
SWIDTH 625 0
DWIDTH 10 0
BBX 6 20 3 -5
BITMAP
A0
A0
A0
A0
A0
A0
A0
A0
A0
BC
BC
A0
A0
A0
A0
A0
A0
A0
A0
A0
ENDCHAR
STARTCHAR 2560
ENCODING 9568
SWIDTH 625 0
DWIDTH 10 0
BBX 6 20 3 -5
BITMAP
A0
A0
A0
A0
A0
A0
A0
A0
BC
80
80
BC
A0
A0
A0
A0
A0
A0
A0
A0
ENDCHAR
STARTCHAR 2561
ENCODING 9569
SWIDTH 625 0
DWIDTH 10 0
BBX 5 20 0 -5
BITMAP
08
08
08
08
08
08
08
08
F8
08
08
F8
08
08
08
08
08
08
08
08
ENDCHAR
STARTCHAR 2562
ENCODING 9570
SWIDTH 625 0
DWIDTH 10 0
BBX 6 20 0 -5
BITMAP
14
14
14
14
14
14
14
14
14
F4
F4
14
14
14
14
14
14
14
14
14
ENDCHAR
STARTCHAR 2563
ENCODING 9571
SWIDTH 625 0
DWIDTH 10 0
BBX 6 20 0 -5
BITMAP
14
14
14
14
14
14
14
14
F4
04
04
F4
14
14
14
14
14
14
14
14
ENDCHAR
STARTCHAR 2564
ENCODING 9572
SWIDTH 625 0
DWIDTH 10 0
BBX 10 11 0 -4
BITMAP
FFC0
0000
FFC0
0800
0800
0800
0800
0800
0800
0800
0800
ENDCHAR
STARTCHAR 2565
ENCODING 9573
SWIDTH 625 0
DWIDTH 10 0
BBX 10 11 0 -5
BITMAP
FFC0
1400
1400
1400
1400
1400
1400
1400
1400
1400
1400
ENDCHAR
STARTCHAR 2566
ENCODING 9574
SWIDTH 625 0
DWIDTH 10 0
BBX 10 11 0 -4
BITMAP
FFC0
0000
F7C0
1400
1400
1400
1400
1400
1400
1400
1400
ENDCHAR
STARTCHAR 2567
ENCODING 9575
SWIDTH 625 0
DWIDTH 10 0
BBX 10 11 0 4
BITMAP
0800
0800
0800
0800
0800
0800
0800
0800
FFC0
0000
FFC0
ENDCHAR
STARTCHAR 2568
ENCODING 9576
SWIDTH 625 0
DWIDTH 10 0
BBX 10 10 0 5
BITMAP
1400
1400
1400
1400
1400
1400
1400
1400
1400
FFC0
ENDCHAR
STARTCHAR 2569
ENCODING 9577
SWIDTH 625 0
DWIDTH 10 0
BBX 10 11 0 4
BITMAP
1400
1400
1400
1400
1400
1400
1400
1400
F7C0
0000
FFC0
ENDCHAR
STARTCHAR 256A
ENCODING 9578
SWIDTH 625 0
DWIDTH 10 0
BBX 10 19 0 -4
BITMAP
0800
0800
0800
0800
0800
0800
0800
0800
FFC0
0000
FFC0
0800
0800
0800
0800
0800
0800
0800
0800
ENDCHAR
STARTCHAR 256B
ENCODING 9579
SWIDTH 625 0
DWIDTH 10 0
BBX 9 20 0 -5
BITMAP
1400
1400
1400
1400
1400
1400
1400
1400
1400
F780
F780
1400
1400
1400
1400
1400
1400
1400
1400
1400
ENDCHAR
STARTCHAR 256C
ENCODING 9580
SWIDTH 625 0
DWIDTH 10 0
BBX 9 19 0 -4
BITMAP
1400
1400
1400
1400
1400
1400
1400
1400
F780
0000
F780
1400
1400
1400
1400
1400
1400
1400
1400
ENDCHAR
STARTCHAR 256D
ENCODING 9581
SWIDTH 625 0
DWIDTH 10 0
BBX 5 11 4 -5
BITMAP
18
60
40
80
80
80
80
80
80
80
80
ENDCHAR
STARTCHAR 256E
ENCODING 9582
SWIDTH 625 0
DWIDTH 10 0
BBX 5 11 0 -5
BITMAP
E0
30
18
08
08
08
08
08
08
08
08
ENDCHAR
STARTCHAR 256F
ENCODING 9583
SWIDTH 625 0
DWIDTH 10 0
BBX 5 10 0 5
BITMAP
08
08
08
08
08
08
08
18
30
E0
ENDCHAR
STARTCHAR 2570
ENCODING 9584
SWIDTH 625 0
DWIDTH 10 0
BBX 5 10 4 5
BITMAP
80
80
80
80
80
80
80
C0
60
38
ENDCHAR
STARTCHAR 2571
ENCODING 9585
SWIDTH 625 0
DWIDTH 10 0
BBX 10 20 0 -4
BITMAP
00C0
0080
0080
0100
0100
0200
0200
0400
0400
0800
0800
1800
1000
3000
2000
6000
4000
C000
8000
8000
ENDCHAR
STARTCHAR 2572
ENCODING 9586
SWIDTH 625 0
DWIDTH 10 0
BBX 10 21 0 -5
BITMAP
8000
8000
C000
4000
6000
2000
3000
1000
1000
0800
0800
0400
0400
0200
0200
0100
0100
0180
0080
00C0
0040
ENDCHAR
STARTCHAR 2573
ENCODING 9587
SWIDTH 625 0
DWIDTH 10 0
BBX 10 21 0 -5
BITMAP
8000
80C0
C080
4080
6100
2100
3200
1200
1400
0C00
0800
0C00
1C00
1200
3200
2100
6100
4180
C080
80C0
8040
ENDCHAR
STARTCHAR 2574
ENCODING 9588
SWIDTH 625 0
DWIDTH 10 0
BBX 5 1 0 5
BITMAP
F8
ENDCHAR
STARTCHAR 2575
ENCODING 9589
SWIDTH 625 0
DWIDTH 10 0
BBX 1 10 4 5
BITMAP
80
80
80
80
80
80
80
80
80
80
ENDCHAR
STARTCHAR 2576
ENCODING 9590
SWIDTH 625 0
DWIDTH 10 0
BBX 5 1 5 5
BITMAP
F8
ENDCHAR
STARTCHAR 2577
ENCODING 9591
SWIDTH 625 0
DWIDTH 10 0
BBX 1 10 4 -5
BITMAP
80
80
80
80
80
80
80
80
80
80
ENDCHAR
STARTCHAR 2578
ENCODING 9592
SWIDTH 625 0
DWIDTH 10 0
BBX 5 2 0 4
BITMAP
F8
F8
ENDCHAR
STARTCHAR 2579
ENCODING 9593
SWIDTH 625 0
DWIDTH 10 0
BBX 2 10 4 5
BITMAP
C0
C0
C0
C0
C0
C0
C0
C0
C0
C0
ENDCHAR
STARTCHAR 257A
ENCODING 9594
SWIDTH 625 0
DWIDTH 10 0
BBX 5 2 5 4
BITMAP
F8
F8
ENDCHAR
STARTCHAR 257B
ENCODING 9595
SWIDTH 625 0
DWIDTH 10 0
BBX 2 10 4 -5
BITMAP
C0
C0
C0
C0
C0
C0
C0
C0
C0
C0
ENDCHAR
STARTCHAR 257C
ENCODING 9596
SWIDTH 625 0
DWIDTH 10 0
BBX 10 2 0 4
BITMAP
FFC0
07C0
ENDCHAR
STARTCHAR 257D
ENCODING 9597
SWIDTH 625 0
DWIDTH 10 0
BBX 2 20 4 -5
BITMAP
80
80
80
80
80
80
80
80
80
80
C0
C0
C0
C0
C0
C0
C0
C0
C0
C0
ENDCHAR
STARTCHAR 257E
ENCODING 9598
SWIDTH 625 0
DWIDTH 10 0
BBX 10 2 0 4
BITMAP
FFC0
F800
ENDCHAR
STARTCHAR 257F
ENCODING 9599
SWIDTH 625 0
DWIDTH 10 0
BBX 2 20 4 -5
BITMAP
C0
C0
C0
C0
C0
C0
C0
C0
C0
C0
80
80
80
80
80
80
80
80
80
80
ENDCHAR
STARTCHAR 2580
ENCODING 9600
SWIDTH 625 0
DWIDTH 10 0
BBX 10 10 0 5
BITMAP
FFC0
FFC0
FFC0
FFC0
FFC0
FFC0
FFC0
FFC0
FFC0
FFC0
ENDCHAR
STARTCHAR 2581
ENCODING 9601
SWIDTH 625 0
DWIDTH 10 0
BBX 10 3 0 -5
BITMAP
FFC0
FFC0
FFC0
ENDCHAR
STARTCHAR 2582
ENCODING 9602
SWIDTH 625 0
DWIDTH 10 0
BBX 10 5 0 -5
BITMAP
FFC0
FFC0
FFC0
FFC0
FFC0
ENDCHAR
STARTCHAR 2583
ENCODING 9603
SWIDTH 625 0
DWIDTH 10 0
BBX 10 8 0 -5
BITMAP
FFC0
FFC0
FFC0
FFC0
FFC0
FFC0
FFC0
FFC0
ENDCHAR
STARTCHAR 2584
ENCODING 9604
SWIDTH 625 0
DWIDTH 10 0
BBX 10 10 0 -5
BITMAP
FFC0
FFC0
FFC0
FFC0
FFC0
FFC0
FFC0
FFC0
FFC0
FFC0
ENDCHAR
STARTCHAR 2585
ENCODING 9605
SWIDTH 625 0
DWIDTH 10 0
BBX 10 13 0 -5
BITMAP
FFC0
FFC0
FFC0
FFC0
FFC0
FFC0
FFC0
FFC0
FFC0
FFC0
FFC0
FFC0
FFC0
ENDCHAR
STARTCHAR 2586
ENCODING 9606
SWIDTH 625 0
DWIDTH 10 0
BBX 10 15 0 -5
BITMAP
FFC0
FFC0
FFC0
FFC0
FFC0
FFC0
FFC0
FFC0
FFC0
FFC0
FFC0
FFC0
FFC0
FFC0
FFC0
ENDCHAR
STARTCHAR 2587
ENCODING 9607
SWIDTH 625 0
DWIDTH 10 0
BBX 10 18 0 -5
BITMAP
FFC0
FFC0
FFC0
FFC0
FFC0
FFC0
FFC0
FFC0
FFC0
FFC0
FFC0
FFC0
FFC0
FFC0
FFC0
FFC0
FFC0
FFC0
ENDCHAR
STARTCHAR 2588
ENCODING 9608
SWIDTH 625 0
DWIDTH 10 0
BBX 10 20 0 -5
BITMAP
FFC0
FFC0
FFC0
FFC0
FFC0
FFC0
FFC0
FFC0
FFC0
FFC0
FFC0
FFC0
FFC0
FFC0
FFC0
FFC0
FFC0
FFC0
FFC0
FFC0
ENDCHAR
STARTCHAR 2589
ENCODING 9609
SWIDTH 625 0
DWIDTH 10 0
BBX 8 20 0 -5
BITMAP
FF
FF
FF
FF
FF
FF
FF
FF
FF
FF
FF
FF
FF
FF
FF
FF
FF
FF
FF
FF
ENDCHAR
STARTCHAR 258A
ENCODING 9610
SWIDTH 625 0
DWIDTH 10 0
BBX 7 20 0 -5
BITMAP
FE
FE
FE
FE
FE
FE
FE
FE
FE
FE
FE
FE
FE
FE
FE
FE
FE
FE
FE
FE
ENDCHAR
STARTCHAR 258B
ENCODING 9611
SWIDTH 625 0
DWIDTH 10 0
BBX 6 20 0 -5
BITMAP
FC
FC
FC
FC
FC
FC
FC
FC
FC
FC
FC
FC
FC
FC
FC
FC
FC
FC
FC
FC
ENDCHAR
STARTCHAR 258C
ENCODING 9612
SWIDTH 625 0
DWIDTH 10 0
BBX 5 20 0 -5
BITMAP
F8
F8
F8
F8
F8
F8
F8
F8
F8
F8
F8
F8
F8
F8
F8
F8
F8
F8
F8
F8
ENDCHAR
STARTCHAR 258D
ENCODING 9613
SWIDTH 625 0
DWIDTH 10 0
BBX 4 20 0 -5
BITMAP
F0
F0
F0
F0
F0
F0
F0
F0
F0
F0
F0
F0
F0
F0
F0
F0
F0
F0
F0
F0
ENDCHAR
STARTCHAR 258E
ENCODING 9614
SWIDTH 625 0
DWIDTH 10 0
BBX 2 20 0 -5
BITMAP
C0
C0
C0
C0
C0
C0
C0
C0
C0
C0
C0
C0
C0
C0
C0
C0
C0
C0
C0
C0
ENDCHAR
STARTCHAR 258F
ENCODING 9615
SWIDTH 625 0
DWIDTH 10 0
BBX 1 20 0 -5
BITMAP
80
80
80
80
80
80
80
80
80
80
80
80
80
80
80
80
80
80
80
80
ENDCHAR
STARTCHAR 2590
ENCODING 9616
SWIDTH 625 0
DWIDTH 10 0
BBX 5 20 5 -5
BITMAP
F8
F8
F8
F8
F8
F8
F8
F8
F8
F8
F8
F8
F8
F8
F8
F8
F8
F8
F8
F8
ENDCHAR
STARTCHAR 2591
ENCODING 9617
SWIDTH 625 0
DWIDTH 10 0
BBX 9 20 0 -5
BITMAP
0880
1100
2100
4200
8400
0880
1100
2100
4200
8400
0880
1100
2100
4200
8400
0880
1100
2100
4200
8400
ENDCHAR
STARTCHAR 2592
ENCODING 9618
SWIDTH 625 0
DWIDTH 10 0
BBX 10 20 0 -5
BITMAP
4A80
9500
2940
5280
A500
4A80
9500
2940
5280
A500
4A80
9500
2940
5280
A500
4A80
9500
2940
5280
A500
ENDCHAR
STARTCHAR 2593
ENCODING 9619
SWIDTH 625 0
DWIDTH 10 0
BBX 10 20 0 -5
BITMAP
6A40
D480
A940
5280
A540
6AC0
D480
A940
5280
A540
6AC0
D480
A940
5280
A540
6A40
D480
A940
5280
A540
ENDCHAR
STARTCHAR 2594
ENCODING 9620
SWIDTH 625 0
DWIDTH 10 0
BBX 10 3 0 13
BITMAP
FFC0
FFC0
FFC0
ENDCHAR
STARTCHAR 2595
ENCODING 9621
SWIDTH 625 0
DWIDTH 10 0
BBX 1 20 8 -5
BITMAP
80
80
80
80
80
80
80
80
80
80
80
80
80
80
80
80
80
80
80
80
ENDCHAR
STARTCHAR 2596
ENCODING 9622
SWIDTH 625 0
DWIDTH 10 0
BBX 5 10 0 -5
BITMAP
F8
F8
F8
F8
F8
F8
F8
F8
F8
F8
ENDCHAR
STARTCHAR 2597
ENCODING 9623
SWIDTH 625 0
DWIDTH 10 0
BBX 5 10 5 -5
BITMAP
F8
F8
F8
F8
F8
F8
F8
F8
F8
F8
ENDCHAR
STARTCHAR 2598
ENCODING 9624
SWIDTH 625 0
DWIDTH 10 0
BBX 5 10 0 5
BITMAP
F8
F8
F8
F8
F8
F8
F8
F8
F8
F8
ENDCHAR
STARTCHAR 2599
ENCODING 9625
SWIDTH 625 0
DWIDTH 10 0
BBX 10 20 0 -5
BITMAP
F800
F800
F800
F800
F800
F800
F800
F800
F800
F800
FFC0
FFC0
FFC0
FFC0
FFC0
FFC0
FFC0
FFC0
FFC0
FFC0
ENDCHAR
STARTCHAR 259A
ENCODING 9626
SWIDTH 625 0
DWIDTH 10 0
BBX 10 20 0 -5
BITMAP
F800
F800
F800
F800
F800
F800
F800
F800
F800
F800
07C0
07C0
07C0
07C0
07C0
07C0
07C0
07C0
07C0
07C0
ENDCHAR
STARTCHAR 259B
ENCODING 9627
SWIDTH 625 0
DWIDTH 10 0
BBX 10 20 0 -5
BITMAP
FFC0
FFC0
FFC0
FFC0
FFC0
FFC0
FFC0
FFC0
FFC0
FFC0
F800
F800
F800
F800
F800
F800
F800
F800
F800
F800
ENDCHAR
STARTCHAR 259C
ENCODING 9628
SWIDTH 625 0
DWIDTH 10 0
BBX 10 20 0 -5
BITMAP
FFC0
FFC0
FFC0
FFC0
FFC0
FFC0
FFC0
FFC0
FFC0
FFC0
07C0
07C0
07C0
07C0
07C0
07C0
07C0
07C0
07C0
07C0
ENDCHAR
STARTCHAR 259D
ENCODING 9629
SWIDTH 625 0
DWIDTH 10 0
BBX 5 10 5 5
BITMAP
F8
F8
F8
F8
F8
F8
F8
F8
F8
F8
ENDCHAR
STARTCHAR 259E
ENCODING 9630
SWIDTH 625 0
DWIDTH 10 0
BBX 10 20 0 -5
BITMAP
07C0
07C0
07C0
07C0
07C0
07C0
07C0
07C0
07C0
07C0
F800
F800
F800
F800
F800
F800
F800
F800
F800
F800
ENDCHAR
STARTCHAR 259F
ENCODING 9631
SWIDTH 625 0
DWIDTH 10 0
BBX 10 20 0 -5
BITMAP
07C0
07C0
07C0
07C0
07C0
07C0
07C0
07C0
07C0
07C0
FFC0
FFC0
FFC0
FFC0
FFC0
FFC0
FFC0
FFC0
FFC0
FFC0
ENDCHAR
STARTCHAR 25A0
ENCODING 9632
SWIDTH 1187 0
DWIDTH 19 0
BBX 11 11 4 0
BITMAP
FFE0
FFE0
FFE0
FFE0
FFE0
FFE0
FFE0
FFE0
FFE0
FFE0
FFE0
ENDCHAR
STARTCHAR 25A1
ENCODING 9633
SWIDTH 1187 0
DWIDTH 19 0
BBX 11 11 4 0
BITMAP
FFE0
8020
8020
8020
8020
8020
8020
8020
8020
8020
FFE0
ENDCHAR
STARTCHAR 25A2
ENCODING 9634
SWIDTH 1187 0
DWIDTH 19 0
BBX 11 11 4 0
BITMAP
7FC0
8020
8020
8020
8020
8020
8020
8020
8020
8020
7FC0
ENDCHAR
STARTCHAR 25A3
ENCODING 9635
SWIDTH 1187 0
DWIDTH 19 0
BBX 11 11 4 0
BITMAP
FFE0
8020
8020
8020
9E20
9E20
9E20
9E20
8020
8020
FFE0
ENDCHAR
STARTCHAR 25A4
ENCODING 9636
SWIDTH 1187 0
DWIDTH 19 0
BBX 11 11 4 0
BITMAP
FFE0
8020
8020
FFE0
8020
FFE0
8020
FFE0
8020
8020
FFE0
ENDCHAR
STARTCHAR 25A5
ENCODING 9637
SWIDTH 1187 0
DWIDTH 19 0
BBX 11 11 4 0
BITMAP
FFE0
9520
9520
9520
9520
9520
9520
9520
9520
9520
FFE0
ENDCHAR
STARTCHAR 25A6
ENCODING 9638
SWIDTH 1187 0
DWIDTH 19 0
BBX 11 11 4 0
BITMAP
FFE0
9520
9520
FFE0
9520
FFE0
9520
FFE0
9520
9520
FFE0
ENDCHAR
STARTCHAR 25A7
ENCODING 9639
SWIDTH 1187 0
DWIDTH 19 0
BBX 11 11 4 0
BITMAP
FFE0
CA60
A520
92A0
C960
A4A0
9260
C920
A4A0
D260
FFE0
ENDCHAR
STARTCHAR 25A8
ENCODING 9640
SWIDTH 1187 0
DWIDTH 19 0
BBX 11 11 4 0
BITMAP
FFE0
D260
A4A0
C920
9260
A4A0
C920
92E0
A520
CA60
FFE0
ENDCHAR
STARTCHAR 25A9
ENCODING 9641
SWIDTH 1187 0
DWIDTH 19 0
BBX 11 11 4 0
BITMAP
FFE0
CA60
B5A0
DBA0
DB60
A4A0
DB60
DBA0
A4A0
DB60
FFE0
ENDCHAR
STARTCHAR 25AA
ENCODING 9642
SWIDTH 1187 0
DWIDTH 19 0
BBX 6 6 7 2
BITMAP
FC
FC
FC
FC
FC
FC
ENDCHAR
STARTCHAR 25AB
ENCODING 9643
SWIDTH 1187 0
DWIDTH 19 0
BBX 6 7 6 2
BITMAP
FC
84
84
84
84
84
FC
ENDCHAR
STARTCHAR 25AC
ENCODING 9644
SWIDTH 1187 0
DWIDTH 19 0
BBX 11 7 4 2
BITMAP
FFE0
FFE0
FFE0
FFE0
FFE0
FFE0
FFE0
ENDCHAR
STARTCHAR 25AD
ENCODING 9645
SWIDTH 1187 0
DWIDTH 19 0
BBX 11 7 4 2
BITMAP
FFE0
8020
8020
8020
8020
8020
FFE0
ENDCHAR
STARTCHAR 25AE
ENCODING 9646
SWIDTH 1187 0
DWIDTH 19 0
BBX 7 11 6 0
BITMAP
FE
FE
FE
FE
FE
FE
FE
FE
FE
FE
FE
ENDCHAR
STARTCHAR 25AF
ENCODING 9647
SWIDTH 1187 0
DWIDTH 19 0
BBX 7 11 6 0
BITMAP
FE
82
82
82
82
82
82
82
82
82
FE
ENDCHAR
STARTCHAR 25B0
ENCODING 9648
SWIDTH 1187 0
DWIDTH 19 0
BBX 13 7 3 2
BITMAP
3FF8
3FF8
7FF0
7FF0
7FF0
FFE0
FFE0
ENDCHAR
STARTCHAR 25B1
ENCODING 9649
SWIDTH 1187 0
DWIDTH 19 0
BBX 13 7 3 2
BITMAP
3FF8
2008
6010
4010
4010
8020
FFE0
ENDCHAR
STARTCHAR 25B2
ENCODING 9650
SWIDTH 1187 0
DWIDTH 19 0
BBX 13 11 3 0
BITMAP
0200
0200
0700
0780
0F80
1FC0
1FC0
3FE0
7FF0
7FF0
FFF8
ENDCHAR
STARTCHAR 25B3
ENCODING 9651
SWIDTH 1187 0
DWIDTH 19 0
BBX 13 11 3 0
BITMAP
0200
0200
0500
0D80
0880
1040
1060
2020
6010
4010
FFF8
ENDCHAR
STARTCHAR 25B4
ENCODING 9652
SWIDTH 1187 0
DWIDTH 19 0
BBX 7 6 6 3
BITMAP
10
38
38
7C
7E
FE
ENDCHAR
STARTCHAR 25B5
ENCODING 9653
SWIDTH 1187 0
DWIDTH 19 0
BBX 7 6 6 2
BITMAP
10
18
28
64
44
FE
ENDCHAR
STARTCHAR 25B6
ENCODING 9654
SWIDTH 1187 0
DWIDTH 19 0
BBX 11 13 4 -1
BITMAP
8000
E000
F000
FC00
FF00
FF80
FFE0
FFC0
FF00
FC00
F800
E000
8000
ENDCHAR
STARTCHAR 25B7
ENCODING 9655
SWIDTH 1187 0
DWIDTH 19 0
BBX 11 13 4 -1
BITMAP
8000
E000
B000
8C00
8300
8180
8060
8180
8300
8C00
9000
E000
8000
ENDCHAR
STARTCHAR 25B8
ENCODING 9656
SWIDTH 1187 0
DWIDTH 19 0
BBX 7 7 6 2
BITMAP
C0
E0
F8
FE
F8
F0
C0
ENDCHAR
STARTCHAR 25B9
ENCODING 9657
SWIDTH 1187 0
DWIDTH 19 0
BBX 6 7 6 2
BITMAP
80
E0
98
8C
98
E0
80
ENDCHAR
STARTCHAR 25BA
ENCODING 9658
SWIDTH 1187 0
DWIDTH 19 0
BBX 11 9 4 1
BITMAP
8000
F000
FC00
FF80
FFE0
FF80
FC00
F000
8000
ENDCHAR
STARTCHAR 25BB
ENCODING 9659
SWIDTH 1187 0
DWIDTH 19 0
BBX 11 9 4 1
BITMAP
8000
E000
9C00
8300
80E0
8380
9C00
F000
8000
ENDCHAR
STARTCHAR 25BC
ENCODING 9660
SWIDTH 1187 0
DWIDTH 19 0
BBX 13 11 3 0
BITMAP
FFF8
7FF0
7FF0
3FE0
1FE0
1FC0
0F80
0F80
0700
0300
0200
ENDCHAR
STARTCHAR 25BD
ENCODING 9661
SWIDTH 1187 0
DWIDTH 19 0
BBX 13 11 3 0
BITMAP
FFF8
4010
6010
2020
1060
1040
0880
0D80
0500
0200
0200
ENDCHAR
STARTCHAR 25BE
ENCODING 9662
SWIDTH 1187 0
DWIDTH 19 0
BBX 7 7 6 2
BITMAP
FE
FE
7C
3C
38
10
10
ENDCHAR
STARTCHAR 25BF
ENCODING 9663
SWIDTH 1187 0
DWIDTH 19 0
BBX 7 6 6 3
BITMAP
FE
44
44
28
18
10
ENDCHAR
STARTCHAR 25C0
ENCODING 9664
SWIDTH 1187 0
DWIDTH 19 0
BBX 11 13 4 -1
BITMAP
0020
00E0
01E0
07E0
0FE0
3FE0
FFE0
3FE0
1FE0
07E0
01E0
00E0
0020
ENDCHAR
STARTCHAR 25C1
ENCODING 9665
SWIDTH 1187 0
DWIDTH 19 0
BBX 11 13 4 -1
BITMAP
0020
00E0
01A0
0620
1820
3020
C020
3020
1820
0620
01A0
00E0
0020
ENDCHAR
STARTCHAR 25C2
ENCODING 9666
SWIDTH 1187 0
DWIDTH 19 0
BBX 6 7 7 2
BITMAP
04
1C
7C
FC
7C
1C
0C
ENDCHAR
STARTCHAR 25C3
ENCODING 9667
SWIDTH 1187 0
DWIDTH 19 0
BBX 6 7 7 2
BITMAP
04
1C
64
C4
64
1C
04
ENDCHAR
STARTCHAR 25C4
ENCODING 9668
SWIDTH 1187 0
DWIDTH 19 0
BBX 11 9 4 1
BITMAP
0020
00E0
07E0
1FE0
FFE0
3FE0
07E0
01E0
0020
ENDCHAR
STARTCHAR 25C5
ENCODING 9669
SWIDTH 1187 0
DWIDTH 19 0
BBX 11 9 4 1
BITMAP
0020
00E0
0720
1820
E020
3820
0720
01E0
0020
ENDCHAR
STARTCHAR 25C6
ENCODING 9670
SWIDTH 1187 0
DWIDTH 19 0
BBX 11 11 4 0
BITMAP
0400
0E00
1F00
3F80
7FC0
FFE0
7FC0
3F80
1F00
0E00
0400
ENDCHAR
STARTCHAR 25C7
ENCODING 9671
SWIDTH 1187 0
DWIDTH 19 0
BBX 11 11 4 0
BITMAP
0400
0A00
1100
2080
4040
8020
4040
2080
1100
0A00
0400
ENDCHAR
STARTCHAR 25C8
ENCODING 9672
SWIDTH 1187 0
DWIDTH 19 0
BBX 11 11 4 0
BITMAP
0400
0A00
1100
2480
4E40
9F20
4E40
2480
1100
0A00
0400
ENDCHAR
STARTCHAR 25C9
ENCODING 9673
SWIDTH 1187 0
DWIDTH 19 0
BBX 11 11 4 0
BITMAP
1F00
3180
4040
C060
9E20
9E20
9E20
8E60
4040
2080
1F00
ENDCHAR
STARTCHAR 25CA
ENCODING 9674
SWIDTH 1187 0
DWIDTH 19 0
BBX 7 11 6 0
BITMAP
10
18
28
64
46
82
46
44
28
18
10
ENDCHAR
STARTCHAR 25CB
ENCODING 9675
SWIDTH 1187 0
DWIDTH 19 0
BBX 11 11 4 0
BITMAP
1F00
3180
4040
C060
8020
8020
8020
8060
4040
2080
1F00
ENDCHAR
STARTCHAR 25CC
ENCODING 9676
SWIDTH 625 0
DWIDTH 10 0
BBX 9 9 0 1
BITMAP
0800
2200
4100
0000
8080
0000
C100
2200
2800
ENDCHAR
STARTCHAR 25CD
ENCODING 9677
SWIDTH 1187 0
DWIDTH 19 0
BBX 11 11 4 0
BITMAP
1F00
3580
55C0
D560
9520
9520
9520
D560
5540
3580
1F00
ENDCHAR
STARTCHAR 25CE
ENCODING 9678
SWIDTH 1187 0
DWIDTH 19 0
BBX 11 11 4 0
BITMAP
1F00
3180
4040
CE60
9120
9120
9120
8E60
4040
2080
1F00
ENDCHAR
STARTCHAR 25CF
ENCODING 9679
SWIDTH 1187 0
DWIDTH 19 0
BBX 11 11 4 0
BITMAP
1F00
3F80
7FC0
FFE0
FFE0
FFE0
FFE0
FFE0
7FC0
3F80
1F00
ENDCHAR
STARTCHAR 25D0
ENCODING 9680
SWIDTH 1187 0
DWIDTH 19 0
BBX 11 11 4 0
BITMAP
1F00
3980
7840
F860
F820
F820
F820
F860
7840
3880
1F00
ENDCHAR
STARTCHAR 25D1
ENCODING 9681
SWIDTH 1187 0
DWIDTH 19 0
BBX 11 11 4 0
BITMAP
1F00
3780
47C0
C7E0
87E0
87E0
87E0
87E0
47C0
2780
1F00
ENDCHAR
STARTCHAR 25D2
ENCODING 9682
SWIDTH 1187 0
DWIDTH 19 0
BBX 11 11 4 0
BITMAP
1F00
2180
4040
8060
8020
8020
FFE0
FFE0
7FC0
3F80
1F00
ENDCHAR
STARTCHAR 25D3
ENCODING 9683
SWIDTH 1187 0
DWIDTH 19 0
BBX 11 11 4 0
BITMAP
1F00
3F80
7FC0
FFE0
FFE0
8020
8020
C060
4040
2080
1F00
ENDCHAR
STARTCHAR 25D4
ENCODING 9684
SWIDTH 1187 0
DWIDTH 19 0
BBX 11 11 4 0
BITMAP
1F00
3780
47C0
C7E0
87E0
8020
8020
8060
4040
2080
1F00
ENDCHAR
STARTCHAR 25D5
ENCODING 9685
SWIDTH 1187 0
DWIDTH 19 0
BBX 11 11 4 0
BITMAP
1F00
2780
47C0
87E0
87E0
87E0
FFE0
FFE0
7FC0
3F80
1F00
ENDCHAR
STARTCHAR 25D6
ENCODING 9686
SWIDTH 1187 0
DWIDTH 19 0
BBX 5 11 4 0
BITMAP
18
38
78
F8
F8
F8
F8
F8
78
38
18
ENDCHAR
STARTCHAR 25D7
ENCODING 9687
SWIDTH 1187 0
DWIDTH 19 0
BBX 5 11 10 0
BITMAP
C0
E0
F0
F8
F8
F8
F8
F8
F0
E0
C0
ENDCHAR
STARTCHAR 25D8
ENCODING 9688
SWIDTH 1187 0
DWIDTH 19 0
BBX 19 21 0 -5
BITMAP
FFFFE0
FFFFE0
FFFFE0
FFFFE0
FFFFE0
FE0FE0
FC07E0
F803E0
F001E0
F001E0
F001E0
F001E0
F801E0
F803E0
FC07E0
FE0FE0
FFFFE0
FFFFE0
FFFFE0
FFFFE0
FFFFE0
ENDCHAR
STARTCHAR 25D9
ENCODING 9689
SWIDTH 1187 0
DWIDTH 19 0
BBX 19 21 0 -5
BITMAP
FFFFE0
FFFFE0
FFFFE0
FFFFE0
FFFFE0
FE0FE0
FCF7E0
FBFBE0
F3FDE0
F7FDE0
F7FDE0
F7FDE0
FBFDE0
FBFBE0
FCF7E0
FE0FE0
FFFFE0
FFFFE0
FFFFE0
FFFFE0
FFFFE0
ENDCHAR
STARTCHAR 25DA
ENCODING 9690
SWIDTH 1187 0
DWIDTH 19 0
BBX 19 10 0 6
BITMAP
FFFFE0
FFFFE0
FFFFE0
FFFFE0
FFFFE0
FE0FE0
FDF7E0
FBFBE0
F3FDE0
F7FDE0
ENDCHAR
STARTCHAR 25DB
ENCODING 9691
SWIDTH 1187 0
DWIDTH 19 0
BBX 19 10 0 -5
BITMAP
F7FDE0
FBFDE0
FBFBE0
FDF7E0
FE0FE0
FFFFE0
FFFFE0
FFFFE0
FFFFE0
FFFFE0
ENDCHAR
STARTCHAR 25DC
ENCODING 9692
SWIDTH 1187 0
DWIDTH 19 0
BBX 5 5 4 6
BITMAP
18
30
40
80
80
ENDCHAR
STARTCHAR 25DD
ENCODING 9693
SWIDTH 1187 0
DWIDTH 19 0
BBX 5 5 10 6
BITMAP
C0
20
10
08
08
ENDCHAR
STARTCHAR 25DE
ENCODING 9694
SWIDTH 1187 0
DWIDTH 19 0
BBX 5 5 10 0
BITMAP
08
08
10
20
C0
ENDCHAR
STARTCHAR 25DF
ENCODING 9695
SWIDTH 1187 0
DWIDTH 19 0
BBX 5 5 4 0
BITMAP
80
80
40
20
18
ENDCHAR
STARTCHAR 25E0
ENCODING 9696
SWIDTH 1187 0
DWIDTH 19 0
BBX 11 5 4 6
BITMAP
1F00
3180
4040
8060
8020
ENDCHAR
STARTCHAR 25E1
ENCODING 9697
SWIDTH 1187 0
DWIDTH 19 0
BBX 11 5 4 0
BITMAP
8020
8020
4040
2080
1F00
ENDCHAR
STARTCHAR 25E2
ENCODING 9698
SWIDTH 1187 0
DWIDTH 19 0
BBX 10 10 5 1
BITMAP
0040
00C0
01C0
03C0
07C0
0FC0
1FC0
3FC0
7FC0
FFC0
ENDCHAR
STARTCHAR 25E3
ENCODING 9699
SWIDTH 1187 0
DWIDTH 19 0
BBX 11 11 4 0
BITMAP
8000
C000
E000
F000
F800
FC00
FE00
FF00
FF80
FFC0
FFE0
ENDCHAR
STARTCHAR 25E4
ENCODING 9700
SWIDTH 1187 0
DWIDTH 19 0
BBX 11 11 4 0
BITMAP
FFE0
FFC0
FF80
FF00
FE00
FC00
F800
F000
E000
C000
8000
ENDCHAR
STARTCHAR 25E5
ENCODING 9701
SWIDTH 1187 0
DWIDTH 19 0
BBX 10 11 5 0
BITMAP
FFC0
7FC0
3FC0
1FC0
0FC0
07C0
03C0
01C0
00C0
0040
0040
ENDCHAR
STARTCHAR 25E6
ENCODING 9702
SWIDTH 625 0
DWIDTH 10 0
BBX 6 5 2 3
BITMAP
78
84
84
84
78
ENDCHAR
STARTCHAR 25E7
ENCODING 9703
SWIDTH 1187 0
DWIDTH 19 0
BBX 11 11 4 0
BITMAP
FFE0
F820
F820
F820
F820
F820
F820
F820
F820
F820
FFE0
ENDCHAR
STARTCHAR 25E8
ENCODING 9704
SWIDTH 1187 0
DWIDTH 19 0
BBX 11 11 4 0
BITMAP
FFE0
87E0
87E0
87E0
87E0
87E0
87E0
87E0
87E0
87E0
FFE0
ENDCHAR
STARTCHAR 25E9
ENCODING 9705
SWIDTH 1187 0
DWIDTH 19 0
BBX 11 11 4 0
BITMAP
FFE0
FFE0
FFA0
FF20
FE20
FC20
F820
F020
E020
C020
FFE0
ENDCHAR
STARTCHAR 25EA
ENCODING 9706
SWIDTH 1187 0
DWIDTH 19 0
BBX 11 11 4 0
BITMAP
FFE0
8060
80E0
81E0
83E0
87E0
8FE0
9FE0
BFE0
FFE0
FFE0
ENDCHAR
STARTCHAR 25EB
ENCODING 9707
SWIDTH 1187 0
DWIDTH 19 0
BBX 11 11 4 0
BITMAP
FFE0
8420
8420
8420
8420
8420
8420
8420
8420
8420
FFE0
ENDCHAR
STARTCHAR 25EC
ENCODING 9708
SWIDTH 1187 0
DWIDTH 19 0
BBX 12 11 4 0
BITMAP
0400
0600
0F00
0900
1080
1080
2640
6640
4020
8030
FFF0
ENDCHAR
STARTCHAR 25ED
ENCODING 9709
SWIDTH 1187 0
DWIDTH 19 0
BBX 13 11 3 0
BITMAP
0200
0200
0700
0F80
0E80
1E40
1E60
3E20
7E10
7E10
FFF8
ENDCHAR
STARTCHAR 25EE
ENCODING 9710
SWIDTH 1187 0
DWIDTH 19 0
BBX 13 11 3 0
BITMAP
0200
0200
0500
0D80
0980
11C0
11E0
21E0
61F0
41F0
FFF8
ENDCHAR
STARTCHAR 25EF
ENCODING 9711
SWIDTH 1187 0
DWIDTH 19 0
BBX 14 13 3 -1
BITMAP
0FC0
3060
6018
4008
8004
8004
8004
8004
8004
4008
6018
3870
0FC0
ENDCHAR
STARTCHAR 25F0
ENCODING 9712
SWIDTH 1187 0
DWIDTH 19 0
BBX 11 11 4 0
BITMAP
FFE0
8420
8420
8420
8420
FC20
8020
8020
8020
8020
FFE0
ENDCHAR
STARTCHAR 25F1
ENCODING 9713
SWIDTH 1187 0
DWIDTH 19 0
BBX 11 11 4 0
BITMAP
FFE0
8020
8020
8020
8020
FC20
8420
8420
8420
8420
FFE0
ENDCHAR
STARTCHAR 25F2
ENCODING 9714
SWIDTH 1187 0
DWIDTH 19 0
BBX 11 11 4 0
BITMAP
FFE0
8020
8020
8020
8020
87E0
8420
8420
8420
8420
FFE0
ENDCHAR
STARTCHAR 25F3
ENCODING 9715
SWIDTH 1187 0
DWIDTH 19 0
BBX 11 11 4 0
BITMAP
FFE0
8420
8420
8420
8420
87E0
8020
8020
8020
8020
FFE0
ENDCHAR
STARTCHAR 25F4
ENCODING 9716
SWIDTH 1187 0
DWIDTH 19 0
BBX 11 11 4 0
BITMAP
1F00
3580
4440
C420
8420
FC20
8020
C020
4040
3080
1F00
ENDCHAR
STARTCHAR 25F5
ENCODING 9717
SWIDTH 1187 0
DWIDTH 19 0
BBX 11 11 4 0
BITMAP
1F00
3080
4040
C020
8020
FC20
8420
C420
4440
3480
1F00
ENDCHAR
STARTCHAR 25F6
ENCODING 9718
SWIDTH 1187 0
DWIDTH 19 0
BBX 11 11 4 0
BITMAP
1F00
3180
4040
C060
8020
87E0
8420
C460
4440
2580
1F00
ENDCHAR
STARTCHAR 25F7
ENCODING 9719
SWIDTH 1187 0
DWIDTH 19 0
BBX 11 11 4 0
BITMAP
1F00
3580
4440
C460
8420
87E0
8020
8060
4040
2180
1F00
ENDCHAR
STARTCHAR 25F8
ENCODING 9720
SWIDTH 1187 0
DWIDTH 19 0
BBX 10 10 4 0
BITMAP
FFC0
8080
8100
8200
8400
8800
9000
A000
C000
8000
ENDCHAR
STARTCHAR 25F9
ENCODING 9721
SWIDTH 1187 0
DWIDTH 19 0
BBX 10 10 5 0
BITMAP
FFC0
4040
2040
1040
0840
0440
0240
0140
00C0
0040
ENDCHAR
STARTCHAR 25FA
ENCODING 9722
SWIDTH 1187 0
DWIDTH 19 0
BBX 10 10 4 1
BITMAP
8000
C000
A000
9000
8800
8400
8200
8100
8080
FFC0
ENDCHAR
STARTCHAR 25FB
ENCODING 9723
SWIDTH 1187 0
DWIDTH 19 0
BBX 9 9 5 1
BITMAP
FF80
8080
8080
8080
8080
8080
8080
8080
FF80
ENDCHAR
STARTCHAR 25FC
ENCODING 9724
SWIDTH 1187 0
DWIDTH 19 0
BBX 9 9 5 1
BITMAP
FF80
FF80
FF80
FF80
FF80
FF80
FF80
FF80
FF80
ENDCHAR
STARTCHAR 25FD
ENCODING 9725
SWIDTH 1187 0
DWIDTH 19 0
BBX 7 7 6 2
BITMAP
FE
82
82
82
82
82
FE
ENDCHAR
STARTCHAR 25FE
ENCODING 9726
SWIDTH 1187 0
DWIDTH 19 0
BBX 7 7 6 2
BITMAP
FE
FE
FE
FE
FE
FE
FE
ENDCHAR
STARTCHAR 25FF
ENCODING 9727
SWIDTH 1187 0
DWIDTH 19 0
BBX 10 10 5 1
BITMAP
0040
00C0
0140
0240
0440
0840
1040
2040
4040
FFC0
ENDCHAR
STARTCHAR 2600
ENCODING 9728
SWIDTH 1187 0
DWIDTH 19 0
BBX 11 11 4 0
BITMAP
0400
0400
2080
0E00
1F00
DF60
1F00
0E00
2080
0400
0400
ENDCHAR
STARTCHAR 2605
ENCODING 9733
SWIDTH 1187 0
DWIDTH 19 0
BBX 10 10 5 1
BITMAP
0800
0800
0C00
1C00
FFC0
7F00
3E00
3E00
3700
4100
ENDCHAR
STARTCHAR 2606
ENCODING 9734
SWIDTH 1187 0
DWIDTH 19 0
BBX 10 10 5 0
BITMAP
0800
0800
0800
1400
F7C0
4100
2200
2A00
3600
6300
ENDCHAR
STARTCHAR 2607
ENCODING 9735
SWIDTH 1187 0
DWIDTH 19 0
BBX 10 18 5 -4
BITMAP
00C0
0180
0300
0600
0800
3000
6000
C000
8000
C000
6000
3080
1880
0440
0340
01C0
01C0
0E00
ENDCHAR
STARTCHAR 2609
ENCODING 9737
SWIDTH 1187 0
DWIDTH 19 0
BBX 11 11 4 0
BITMAP
1F00
3180
4040
C060
8020
8C20
8C20
8060
4040
2080
1F00
ENDCHAR
STARTCHAR 2610
ENCODING 9744
SWIDTH 1187 0
DWIDTH 19 0
BBX 11 11 4 0
BITMAP
FFE0
8020
8020
8020
8020
8020
8020
8020
8020
8020
FFE0
ENDCHAR
STARTCHAR 2611
ENCODING 9745
SWIDTH 1187 0
DWIDTH 19 0
BBX 11 11 4 0
BITMAP
FFE0
8020
81A0
8120
8320
8220
B420
9C20
8820
8020
FFE0
ENDCHAR
STARTCHAR 2612
ENCODING 9746
SWIDTH 1187 0
DWIDTH 19 0
BBX 11 11 4 0
BITMAP
FFE0
8020
A0A0
9120
8A20
8420
8A20
9120
A0A0
8020
FFE0
ENDCHAR
STARTCHAR 2613
ENCODING 9747
SWIDTH 1187 0
DWIDTH 19 0
BBX 7 7 6 2
BITMAP
82
44
28
10
28
44
82
ENDCHAR
STARTCHAR 261C
ENCODING 9756
SWIDTH 1187 0
DWIDTH 19 0
BBX 17 7 1 2
BITMAP
FFFF80
810280
7FE280
07F280
021A80
03E680
01FF80
ENDCHAR
STARTCHAR 261D
ENCODING 9757
SWIDTH 1187 0
DWIDTH 19 0
BBX 8 17 6 -3
BITMAP
07
05
05
05
05
3D
F5
DF
D9
D9
D9
A1
A1
C1
FE
83
FF
ENDCHAR
STARTCHAR 261E
ENCODING 9758
SWIDTH 1187 0
DWIDTH 19 0
BBX 17 8 1 1
BITMAP
DFFF80
A04080
A07F00
A3F000
A61000
BFE000
E02000
9FC000
ENDCHAR
STARTCHAR 261F
ENCODING 9759
SWIDTH 1187 0
DWIDTH 19 0
BBX 8 17 6 -3
BITMAP
FF
83
FE
C1
A1
B1
C9
D9
D9
DF
75
0D
05
05
05
05
07
ENDCHAR
STARTCHAR 2621
ENCODING 9761
SWIDTH 625 0
DWIDTH 10 0
BBX 6 12 2 0
BITMAP
E0
FC
04
08
18
10
20
60
C0
80
C0
7C
ENDCHAR
STARTCHAR 2626
ENCODING 9766
SWIDTH 1187 0
DWIDTH 19 0
BBX 9 14 5 -2
BITMAP
0800
0800
3E00
0800
FF80
0800
0800
0800
0800
3800
1E00
0800
0800
0800
ENDCHAR
STARTCHAR 2628
ENCODING 9768
SWIDTH 1187 0
DWIDTH 19 0
BBX 9 14 5 -2
BITMAP
0800
0800
3E00
0800
FF80
0800
0800
0800
0800
0800
0800
0800
0800
0800
ENDCHAR
STARTCHAR 2630
ENCODING 9776
SWIDTH 625 0
DWIDTH 10 0
BBX 7 7 1 2
BITMAP
FE
00
00
FE
00
00
FE
ENDCHAR
STARTCHAR 2631
ENCODING 9777
SWIDTH 625 0
DWIDTH 10 0
BBX 7 7 1 2
BITMAP
EE
00
00
FE
00
00
FE
ENDCHAR
STARTCHAR 2632
ENCODING 9778
SWIDTH 625 0
DWIDTH 10 0
BBX 7 7 1 2
BITMAP
FE
00
00
EE
00
00
FE
ENDCHAR
STARTCHAR 2633
ENCODING 9779
SWIDTH 625 0
DWIDTH 10 0
BBX 7 7 1 2
BITMAP
EE
00
00
EE
00
00
FE
ENDCHAR
STARTCHAR 2634
ENCODING 9780
SWIDTH 625 0
DWIDTH 10 0
BBX 7 7 1 2
BITMAP
FE
00
00
FE
00
00
EE
ENDCHAR
STARTCHAR 2635
ENCODING 9781
SWIDTH 625 0
DWIDTH 10 0
BBX 7 7 1 2
BITMAP
EE
00
00
FE
00
00
EE
ENDCHAR
STARTCHAR 2636
ENCODING 9782
SWIDTH 625 0
DWIDTH 10 0
BBX 7 7 1 2
BITMAP
FE
00
00
EE
00
00
EE
ENDCHAR
STARTCHAR 2637
ENCODING 9783
SWIDTH 625 0
DWIDTH 10 0
BBX 7 7 1 2
BITMAP
EE
00
00
EE
00
00
EE
ENDCHAR
STARTCHAR 2639
ENCODING 9785
SWIDTH 1187 0
DWIDTH 19 0
BBX 11 11 4 0
BITMAP
1F00
60C0
4040
D160
B1A0
8020
9F20
8020
4040
60C0
1F00
ENDCHAR
STARTCHAR 263A
ENCODING 9786
SWIDTH 1187 0
DWIDTH 19 0
BBX 11 11 4 0
BITMAP
1F00
60C0
4040
D160
B1A0
8020
9020
9F20
4040
60C0
1F00
ENDCHAR
STARTCHAR 263B
ENCODING 9787
SWIDTH 1187 0
DWIDTH 19 0
BBX 11 11 4 0
BITMAP
1F00
7FC0
7FC0
EEE0
EEE0
FFE0
EEE0
F1E0
7FC0
7FC0
1F00
ENDCHAR
STARTCHAR 263C
ENCODING 9788
SWIDTH 1187 0
DWIDTH 19 0
BBX 11 11 4 0
BITMAP
0400
0400
2080
0E00
1100
D160
1100
0E00
2080
0400
0400
ENDCHAR
STARTCHAR 263F
ENCODING 9791
SWIDTH 625 0
DWIDTH 10 0
BBX 7 17 2 -3
BITMAP
86
C6
7C
C4
86
86
86
C4
7C
10
10
10
FE
10
10
10
10
ENDCHAR
STARTCHAR 2640
ENCODING 9792
SWIDTH 625 0
DWIDTH 10 0
BBX 7 15 2 -2
BITMAP
78
C4
86
86
86
C4
7C
10
10
10
FE
10
10
10
10
ENDCHAR
STARTCHAR 2641
ENCODING 9793
SWIDTH 625 0
DWIDTH 10 0
BBX 7 15 2 -2
BITMAP
10
10
10
10
FE
10
10
10
7C
C4
86
82
86
C4
78
ENDCHAR
STARTCHAR 2642
ENCODING 9794
SWIDTH 625 0
DWIDTH 10 0
BBX 8 15 1 -2
BITMAP
06
0E
05
05
0C
08
08
08
78
CC
84
84
84
CC
78
ENDCHAR
STARTCHAR 2660
ENCODING 9824
SWIDTH 625 0
DWIDTH 10 0
BBX 8 11 1 0
BITMAP
10
18
3C
7E
FE
FF
FF
FF
10
10
38
ENDCHAR
STARTCHAR 2661
ENCODING 9825
SWIDTH 625 0
DWIDTH 10 0
BBX 8 10 1 0
BITMAP
66
99
89
81
81
42
42
24
3C
18
ENDCHAR
STARTCHAR 2662
ENCODING 9826
SWIDTH 625 0
DWIDTH 10 0
BBX 8 10 1 1
BITMAP
18
2C
64
C2
81
C2
44
2C
18
10
ENDCHAR
STARTCHAR 2663
ENCODING 9827
SWIDTH 625 0
DWIDTH 10 0
BBX 8 10 1 0
BITMAP
3C
3C
3C
7E
FF
FF
7E
10
10
38
ENDCHAR
STARTCHAR 2664
ENCODING 9828
SWIDTH 625 0
DWIDTH 10 0
BBX 8 11 1 0
BITMAP
08
1C
26
43
C1
81
89
7F
08
08
1C
ENDCHAR
STARTCHAR 2665
ENCODING 9829
SWIDTH 625 0
DWIDTH 10 0
BBX 8 11 1 0
BITMAP
44
FF
FF
FF
FF
FE
7E
7C
3C
18
10
ENDCHAR
STARTCHAR 2666
ENCODING 9830
SWIDTH 625 0
DWIDTH 10 0
BBX 8 10 1 1
BITMAP
18
3C
7C
FE
FF
FE
7C
3C
18
10
ENDCHAR
STARTCHAR 2667
ENCODING 9831
SWIDTH 625 0
DWIDTH 10 0
BBX 9 11 0 0
BITMAP
1C00
2200
2200
6300
C180
8080
8880
7F00
0800
0800
1C00
ENDCHAR
STARTCHAR 2669
ENCODING 9833
SWIDTH 625 0
DWIDTH 10 0
BBX 4 15 2 -2
BITMAP
10
10
10
10
10
10
10
10
10
10
10
10
F0
F0
E0
ENDCHAR
STARTCHAR 266A
ENCODING 9834
SWIDTH 625 0
DWIDTH 10 0
BBX 7 15 1 -2
BITMAP
10
10
10
18
18
14
16
12
12
12
14
10
F0
F0
E0
ENDCHAR
STARTCHAR 266B
ENCODING 9835
SWIDTH 625 0
DWIDTH 10 0
BBX 9 15 0 -2
BITMAP
0080
0380
1F80
1E80
1080
1080
1080
1080
1080
1080
1780
1780
F780
F000
E000
ENDCHAR
STARTCHAR 266C
ENCODING 9836
SWIDTH 625 0
DWIDTH 10 0
BBX 9 15 0 -2
BITMAP
0080
0380
1F80
1E80
1080
1780
1F80
1E80
1080
1080
1780
1780
F780
F000
E000
ENDCHAR
STARTCHAR 266D
ENCODING 9837
SWIDTH 625 0
DWIDTH 10 0
BBX 6 14 2 -1
BITMAP
80
80
80
80
80
F8
8C
84
84
84
88
90
E0
80
ENDCHAR
STARTCHAR 266E
ENCODING 9838
SWIDTH 625 0
DWIDTH 10 0
BBX 5 15 2 -2
BITMAP
80
80
80
80
F8
88
88
88
88
88
F8
08
08
08
08
ENDCHAR
STARTCHAR 266F
ENCODING 9839
SWIDTH 625 0
DWIDTH 10 0
BBX 7 15 1 -2
BITMAP
04
44
44
46
7E
C4
44
44
44
46
FC
C4
44
44
40
ENDCHAR
STARTCHAR 267E
ENCODING 9854
SWIDTH 1187 0
DWIDTH 19 0
BBX 16 15 2 -2
BITMAP
07E0
1818
2004
4002
C003
8661
8991
8911
8991
8661
C003
4002
2004
1818
0FE0
ENDCHAR
STARTCHAR 2680
ENCODING 9856
SWIDTH 1187 0
DWIDTH 19 0
BBX 11 11 4 0
BITMAP
FFE0
8020
8020
8020
8020
8C20
8C20
8020
8020
8020
FFE0
ENDCHAR
STARTCHAR 2681
ENCODING 9857
SWIDTH 1187 0
DWIDTH 19 0
BBX 11 11 4 0
BITMAP
FFE0
8020
B020
B020
8020
8020
8020
80A0
81A0
8020
FFE0
ENDCHAR
STARTCHAR 2682
ENCODING 9858
SWIDTH 1187 0
DWIDTH 19 0
BBX 11 11 4 0
BITMAP
FFE0
8020
A020
A020
8020
8C20
8C20
8020
81A0
8020
FFE0
ENDCHAR
STARTCHAR 2683
ENCODING 9859
SWIDTH 1187 0
DWIDTH 19 0
BBX 11 11 4 0
BITMAP
FFE0
8020
B1A0
B1A0
8020
8020
8020
A0A0
B1A0
8020
FFE0
ENDCHAR
STARTCHAR 2684
ENCODING 9860
SWIDTH 1187 0
DWIDTH 19 0
BBX 11 11 4 0
BITMAP
FFE0
8020
A1A0
A1A0
8020
8C20
8C20
8020
A1A0
8020
FFE0
ENDCHAR
STARTCHAR 2685
ENCODING 9861
SWIDTH 1187 0
DWIDTH 19 0
BBX 11 11 4 0
BITMAP
FFE0
8020
B1A0
B1A0
8020
B1A0
B1A0
8020
B1A0
8020
FFE0
ENDCHAR
STARTCHAR 2686
ENCODING 9862
SWIDTH 1187 0
DWIDTH 19 0
BBX 11 11 4 0
BITMAP
1F00
3180
4040
C060
8020
8320
8320
8060
4040
2080
1F00
ENDCHAR
STARTCHAR 2687
ENCODING 9863
SWIDTH 1187 0
DWIDTH 19 0
BBX 11 11 4 0
BITMAP
1F00
3180
4040
C060
8020
9B20
9B20
8060
4040
2080
1F00
ENDCHAR
STARTCHAR 2688
ENCODING 9864
SWIDTH 1187 0
DWIDTH 19 0
BBX 11 11 4 0
BITMAP
1F00
3F80
7FC0
FFE0
FFE0
FCE0
FFE0
FFE0
7FC0
3F80
1F00
ENDCHAR
STARTCHAR 2689
ENCODING 9865
SWIDTH 1187 0
DWIDTH 19 0
BBX 11 11 4 0
BITMAP
1F00
3F80
7FC0
FFE0
FFE0
E6E0
FFE0
FFE0
7FC0
3F80
1F00
ENDCHAR
STARTCHAR 268A
ENCODING 9866
SWIDTH 625 0
DWIDTH 10 0
BBX 7 1 1 5
BITMAP
FE
ENDCHAR
STARTCHAR 268B
ENCODING 9867
SWIDTH 625 0
DWIDTH 10 0
BBX 7 1 1 5
BITMAP
EE
ENDCHAR
STARTCHAR 268C
ENCODING 9868
SWIDTH 625 0
DWIDTH 10 0
BBX 7 5 1 3
BITMAP
FE
00
00
00
FE
ENDCHAR
STARTCHAR 268D
ENCODING 9869
SWIDTH 625 0
DWIDTH 10 0
BBX 7 5 1 3
BITMAP
EE
00
00
00
FE
ENDCHAR
STARTCHAR 268E
ENCODING 9870
SWIDTH 625 0
DWIDTH 10 0
BBX 7 5 1 3
BITMAP
FE
00
00
00
EE
ENDCHAR
STARTCHAR 268F
ENCODING 9871
SWIDTH 625 0
DWIDTH 10 0
BBX 7 5 1 3
BITMAP
EE
00
00
00
EE
ENDCHAR
STARTCHAR 2690
ENCODING 9872
SWIDTH 625 0
DWIDTH 10 0
BBX 8 14 1 -1
BITMAP
F0
8F
81
81
81
81
81
F9
87
80
80
80
80
80
ENDCHAR
STARTCHAR 2691
ENCODING 9873
SWIDTH 625 0
DWIDTH 10 0
BBX 8 14 1 -2
BITMAP
F8
FF
FF
FF
FF
FF
FF
8F
80
80
80
80
80
80
ENDCHAR
STARTCHAR 2699
ENCODING 9881
SWIDTH 1187 0
DWIDTH 19 0
BBX 11 11 4 0
BITMAP
0400
0400
3F80
2080
2480
EEE0
2480
2080
3F80
0400
0400
ENDCHAR
STARTCHAR 269B
ENCODING 9883
SWIDTH 1187 0
DWIDTH 19 0
BBX 11 13 4 -1
BITMAP
0400
0A00
79C0
9720
B920
A0A0
66C0
E6E0
91A0
AF20
79C0
0A00
0400
ENDCHAR
STARTCHAR 26A0
ENCODING 9888
SWIDTH 625 0
DWIDTH 10 0
BBX 7 12 1 0
BITMAP
10
18
18
38
28
2C
2C
6C
7E
66
FE
FE
ENDCHAR
STARTCHAR 26A1
ENCODING 9889
SWIDTH 625 0
DWIDTH 10 0
BBX 5 13 2 -1
BITMAP
20
20
40
40
40
40
F8
08
08
10
10
20
20
ENDCHAR
STARTCHAR 26AA
ENCODING 9898
SWIDTH 1187 0
DWIDTH 19 0
BBX 9 9 5 1
BITMAP
3E00
6300
C180
8080
8080
8080
C180
6300
3E00
ENDCHAR
STARTCHAR 26AB
ENCODING 9899
SWIDTH 1187 0
DWIDTH 19 0
BBX 9 9 5 1
BITMAP
0C00
3F00
7F00
7F80
FF80
FF80
7F80
7F00
1E00
ENDCHAR
STARTCHAR 26AC
ENCODING 9900
SWIDTH 1187 0
DWIDTH 19 0
BBX 7 7 6 2
BITMAP
38
44
82
82
82
44
38
ENDCHAR
STARTCHAR 26AD
ENCODING 9901
SWIDTH 1187 0
DWIDTH 19 0
BBX 7 5 6 3
BITMAP
7C
AA
AA
AA
7C
ENDCHAR
STARTCHAR 26AE
ENCODING 9902
SWIDTH 1187 0
DWIDTH 19 0
BBX 11 7 4 2
BITMAP
0400
75C0
8F20
8E20
8E20
75C0
0400
ENDCHAR
STARTCHAR 26AF
ENCODING 9903
SWIDTH 1187 0
DWIDTH 19 0
BBX 15 5 2 3
BITMAP
701C
8826
8FE2
8822
701C
ENDCHAR
STARTCHAR 26B2
ENCODING 9906
SWIDTH 625 0
DWIDTH 10 0
BBX 7 15 2 -2
BITMAP
7C
C6
82
82
82
C6
7C
10
10
10
10
10
10
10
10
ENDCHAR
STARTCHAR 26CB
ENCODING 9931
SWIDTH 1187 0
DWIDTH 19 0
BBX 11 11 4 0
BITMAP
FFE0
8A20
9120
A0A0
C060
8020
C060
A0A0
9120
8A20
FFE0
ENDCHAR
STARTCHAR 26DA
ENCODING 9946
SWIDTH 1187 0
DWIDTH 19 0
BBX 11 11 4 0
BITMAP
E0E0
E0E0
C060
0000
0000
0000
0000
0000
C060
E0E0
E0E0
ENDCHAR
STARTCHAR 26DD
ENCODING 9949
SWIDTH 1187 0
DWIDTH 19 0
BBX 11 11 4 0
BITMAP
FFE0
C060
A0A0
9120
8A20
8420
8A20
9120
A0A0
C060
FFE0
ENDCHAR
STARTCHAR 26DE
ENCODING 9950
SWIDTH 1187 0
DWIDTH 19 0
BBX 11 11 4 0
BITMAP
FBE0
C060
A020
9020
8820
0400
0200
8120
80A0
C060
FBE0
ENDCHAR
STARTCHAR 26ED
ENCODING 9965
SWIDTH 1187 0
DWIDTH 19 0
BBX 11 11 4 0
BITMAP
0400
0400
3F80
2080
2080
E0E0
2080
2080
3F80
0400
0400
ENDCHAR
STARTCHAR 26EE
ENCODING 9966
SWIDTH 1187 0
DWIDTH 19 0
BBX 11 11 4 0
BITMAP
0400
0400
3F80
20A0
20A0
E0E0
A080
A080
3F80
0400
0400
ENDCHAR
STARTCHAR 26EF
ENCODING 9967
SWIDTH 1187 0
DWIDTH 19 0
BBX 11 11 4 0
BITMAP
0400
0400
3F80
2080
2480
EEE0
2480
2080
3F80
0400
0400
ENDCHAR
STARTCHAR 26F6
ENCODING 9974
SWIDTH 1187 0
DWIDTH 19 0
BBX 11 11 4 0
BITMAP
F1E0
8020
8020
8020
0000
0000
0000
8020
8020
8020
F1E0
ENDCHAR
STARTCHAR 2705
ENCODING 9989
SWIDTH 1187 0
DWIDTH 19 0
BBX 11 11 4 0
BITMAP
FFE0
FFE0
FF20
FE20
FC60
9CE0
C9E0
C1E0
E3E0
FFE0
FFE0
ENDCHAR
STARTCHAR 2713
ENCODING 10003
SWIDTH 1187 0
DWIDTH 19 0
BBX 11 10 4 0
BITMAP
0020
0040
0080
0080
8100
C200
2200
1400
1800
0800
ENDCHAR
STARTCHAR 2714
ENCODING 10004
SWIDTH 1187 0
DWIDTH 19 0
BBX 13 11 3 0
BITMAP
0010
0038
0070
00F0
40E0
E1C0
7380
3B80
1F00
0E00
0E00
ENDCHAR
STARTCHAR 2715
ENCODING 10005
SWIDTH 1187 0
DWIDTH 19 0
BBX 11 11 4 0
BITMAP
8020
4040
2080
1100
0A00
0400
0A00
1100
2080
4040
8020
ENDCHAR
STARTCHAR 2716
ENCODING 10006
SWIDTH 1187 0
DWIDTH 19 0
BBX 13 13 3 -1
BITMAP
0010
E038
7070
38E0
1DC0
0F80
0700
0F80
1DC0
38E0
7070
E038
4010
ENDCHAR
STARTCHAR 2717
ENCODING 10007
SWIDTH 1187 0
DWIDTH 19 0
BBX 12 11 4 -1
BITMAP
8030
C040
6080
3300
0C00
0C00
1200
2100
4080
C060
8020
ENDCHAR
STARTCHAR 2718
ENCODING 10008
SWIDTH 1187 0
DWIDTH 19 0
BBX 13 13 3 -1
BITMAP
0010
6038
F0F0
79E0
3FC0
1F80
0F00
1F80
39C0
78F0
F078
E030
4000
ENDCHAR
STARTCHAR 271A
ENCODING 10010
SWIDTH 1187 0
DWIDTH 19 0
BBX 11 11 4 0
BITMAP
0E00
0E00
0E00
0E00
FFE0
FFE0
FFE0
0E00
0E00
0E00
0E00
ENDCHAR
STARTCHAR 271B
ENCODING 10011
SWIDTH 1187 0
DWIDTH 19 0
BBX 11 11 4 0
BITMAP
0400
0400
0400
0400
0400
FBE0
0400
0400
0400
0400
0400
ENDCHAR
STARTCHAR 271C
ENCODING 10012
SWIDTH 1187 0
DWIDTH 19 0
BBX 11 11 4 0
BITMAP
0E00
0E00
0E00
0E00
F1E0
F1E0
F1E0
0E00
0E00
0E00
0E00
ENDCHAR
STARTCHAR 271D
ENCODING 10013
SWIDTH 1187 0
DWIDTH 19 0
BBX 9 14 5 -2
BITMAP
0800
0800
0800
0800
FF80
0800
0800
0800
0800
0800
0800
0800
0800
0800
ENDCHAR
STARTCHAR 2720
ENCODING 10016
SWIDTH 1187 0
DWIDTH 19 0
BBX 11 11 4 0
BITMAP
3F80
0E00
8420
8420
C460
FFE0
C460
8420
8420
0E00
3F80
ENDCHAR
STARTCHAR 2721
ENCODING 10017
SWIDTH 1187 0
DWIDTH 19 0
BBX 13 15 3 -2
BITMAP
0200
0200
0500
0580
FFF8
5850
3050
2020
3050
5850
FFF8
0580
0500
0200
0200
ENDCHAR
STARTCHAR 2722
ENCODING 10018
SWIDTH 1187 0
DWIDTH 19 0
BBX 11 11 4 0
BITMAP
0400
0C00
0400
0400
0E00
FFE0
4E40
0400
0400
0400
0400
ENDCHAR
STARTCHAR 2723
ENCODING 10019
SWIDTH 1187 0
DWIDTH 19 0
BBX 11 11 4 0
BITMAP
0600
0E00
0400
0400
4440
FFE0
C460
0400
0400
0E00
0600
ENDCHAR
STARTCHAR 2724
ENCODING 10020
SWIDTH 1187 0
DWIDTH 19 0
BBX 11 11 4 0
BITMAP
0E00
0E00
0E00
0E00
FFE0
FFE0
FFE0
0E00
0E00
0E00
0E00
ENDCHAR
STARTCHAR 2725
ENCODING 10021
SWIDTH 1187 0
DWIDTH 19 0
BBX 11 11 4 0
BITMAP
0400
0E00
0E00
0400
64C0
FFE0
64C0
0400
0E00
0E00
0400
ENDCHAR
STARTCHAR 2726
ENCODING 10022
SWIDTH 1187 0
DWIDTH 19 0
BBX 11 11 4 -1
BITMAP
0400
0600
0E00
1F00
3F80
FFE0
3FC0
1F00
0E00
0600
0400
ENDCHAR
STARTCHAR 2727
ENCODING 10023
SWIDTH 1187 0
DWIDTH 19 0
BBX 11 11 4 -1
BITMAP
0400
0600
0A00
1B00
3180
C060
31C0
1B00
0A00
0600
0400
ENDCHAR
STARTCHAR 2731
ENCODING 10033
SWIDTH 1187 0
DWIDTH 19 0
BBX 11 11 4 0
BITMAP
0E00
0E00
6E40
7FE0
3FC0
1F00
3FC0
FFE0
6E40
0E00
0E00
ENDCHAR
STARTCHAR 2732
ENCODING 10034
SWIDTH 1187 0
DWIDTH 19 0
BBX 9 11 5 0
BITMAP
0800
0800
0800
C980
3E00
1400
3E00
C980
0800
0800
0800
ENDCHAR
STARTCHAR 2733
ENCODING 10035
SWIDTH 1187 0
DWIDTH 19 0
BBX 11 11 4 0
BITMAP
0400
0400
2480
1500
0E00
FFE0
0E00
1500
2480
0400
0400
ENDCHAR
STARTCHAR 2734
ENCODING 10036
SWIDTH 1187 0
DWIDTH 19 0
BBX 12 11 4 0
BITMAP
0400
4400
2480
1500
0E00
FFF0
0E00
1500
2480
0440
0400
ENDCHAR
STARTCHAR 2736
ENCODING 10038
SWIDTH 1187 0
DWIDTH 19 0
BBX 9 11 5 0
BITMAP
0800
0800
0800
FF80
7F00
3E00
7F00
FF80
0800
0800
0800
ENDCHAR
STARTCHAR 2737
ENCODING 10039
SWIDTH 1187 0
DWIDTH 19 0
BBX 11 11 4 0
BITMAP
1000
1100
0A00
8E20
7FC0
1F00
3F80
4E60
0A00
1100
1000
ENDCHAR
STARTCHAR 2738
ENCODING 10040
SWIDTH 1187 0
DWIDTH 19 0
BBX 10 10 5 0
BITMAP
1200
1600
1E00
FFC0
3F00
7F00
FFC0
1E00
1200
2200
ENDCHAR
STARTCHAR 2739
ENCODING 10041
SWIDTH 1187 0
DWIDTH 19 0
BBX 11 11 4 0
BITMAP
0400
1500
1D00
7FC0
3F80
FFE0
1F80
3FC0
5F00
1500
0400
ENDCHAR
STARTCHAR 273A
ENCODING 10042
SWIDTH 1187 0
DWIDTH 19 0
BBX 11 11 4 0
BITMAP
1500
1500
2E80
DF60
3F80
FFE0
3F80
DF60
2E80
1500
1500
ENDCHAR
STARTCHAR 273B
ENCODING 10043
SWIDTH 1187 0
DWIDTH 19 0
BBX 10 11 5 0
BITMAP
0C00
0C00
CC80
E9C0
3F00
0C00
3F00
E9C0
CCC0
0C00
0C00
ENDCHAR
STARTCHAR 273C
ENCODING 10044
SWIDTH 1187 0
DWIDTH 19 0
BBX 10 11 5 0
BITMAP
0C00
0C00
8880
C9C0
7F00
1400
7F00
C9C0
8880
0C00
0C00
ENDCHAR
STARTCHAR 273D
ENCODING 10045
SWIDTH 1187 0
DWIDTH 19 0
BBX 10 11 5 0
BITMAP
0C00
0C00
CC80
E9C0
7F80
1C00
7F80
E9C0
CC80
0C00
0C00
ENDCHAR
STARTCHAR 273E
ENCODING 10046
SWIDTH 1187 0
DWIDTH 19 0
BBX 11 11 4 0
BITMAP
0E00
1200
73C0
FBE0
FFC0
3F00
CCC0
8E20
7F40
1E80
0E00
ENDCHAR
STARTCHAR 273F
ENCODING 10047
SWIDTH 1187 0
DWIDTH 19 0
BBX 11 10 4 1
BITMAP
0E00
0F00
6EC0
F0E0
E0E0
60C0
2080
39C0
3BC0
3B80
ENDCHAR
STARTCHAR 2740
ENCODING 10048
SWIDTH 1187 0
DWIDTH 19 0
BBX 11 11 4 0
BITMAP
0E00
1200
1200
FFE0
9F20
9F20
7FC0
6E80
4C40
2A40
1180
ENDCHAR
STARTCHAR 2741
ENCODING 10049
SWIDTH 1187 0
DWIDTH 19 0
BBX 11 11 4 0
BITMAP
0E00
3F80
6EC0
5F40
F1E0
F1E0
F1E0
5F40
6EC0
3F80
0E00
ENDCHAR
STARTCHAR 2742
ENCODING 10050
SWIDTH 1187 0
DWIDTH 19 0
BBX 11 11 4 0
BITMAP
1B00
3B80
5B40
EEE0
F1E0
9120
F1E0
EEE0
5B40
3B80
1B00
ENDCHAR
STARTCHAR 2743
ENCODING 10051
SWIDTH 1187 0
DWIDTH 19 0
BBX 10 11 4 0
BITMAP
0C00
0E00
64C0
A540
7F80
0E00
7F80
E540
6CC0
0A00
0C00
ENDCHAR
STARTCHAR 2744
ENCODING 10052
SWIDTH 1187 0
DWIDTH 19 0
BBX 9 11 5 0
BITMAP
0800
3E00
4900
C980
AF80
1800
BF80
C980
4900
3E00
0800
ENDCHAR
STARTCHAR 2745
ENCODING 10053
SWIDTH 1187 0
DWIDTH 19 0
BBX 9 11 5 0
BITMAP
0800
0800
3E00
EB80
3B00
CC80
7F00
EB80
3E00
0800
0800
ENDCHAR
STARTCHAR 2746
ENCODING 10054
SWIDTH 1187 0
DWIDTH 19 0
BBX 9 11 5 0
BITMAP
0800
1C00
7F00
CB80
EF80
9880
FF80
CB80
5F00
3C00
0800
ENDCHAR
STARTCHAR 2747
ENCODING 10055
SWIDTH 1187 0
DWIDTH 19 0
BBX 11 11 4 0
BITMAP
0400
0400
2480
1500
0400
FFE0
0400
1500
2480
0400
0400
ENDCHAR
STARTCHAR 2748
ENCODING 10056
SWIDTH 1187 0
DWIDTH 19 0
BBX 11 11 4 0
BITMAP
0E00
2E80
75C0
3580
C460
FFE0
C460
3580
75C0
2E80
0E00
ENDCHAR
STARTCHAR 2749
ENCODING 10057
SWIDTH 1187 0
DWIDTH 19 0
BBX 10 11 4 0
BITMAP
0E00
0E00
64C0
E5C0
7F80
0E00
5F80
E5C0
64C0
0E00
0E00
ENDCHAR
STARTCHAR 274A
ENCODING 10058
SWIDTH 1187 0
DWIDTH 19 0
BBX 11 11 4 0
BITMAP
0400
2C80
75C0
3580
0E00
FFE0
4E40
3580
75C0
2480
0400
ENDCHAR
STARTCHAR 274B
ENCODING 10059
SWIDTH 1187 0
DWIDTH 19 0
BBX 11 11 4 0
BITMAP
0600
2E80
75C0
3580
4E40
FFE0
CE60
3580
75C0
2E80
0E00
ENDCHAR
STARTCHAR 274C
ENCODING 10060
SWIDTH 1187 0
DWIDTH 19 0
BBX 11 11 4 0
BITMAP
4040
E0E0
71C0
3B80
1F00
0E00
1F00
3B80
71C0
E0E0
4040
ENDCHAR
STARTCHAR 274E
ENCODING 10062
SWIDTH 1187 0
DWIDTH 19 0
BBX 11 11 4 0
BITMAP
FFE0
9F20
8E20
C460
E0E0
F1E0
E0E0
C460
8E20
9F20
FFE0
ENDCHAR
STARTCHAR 2756
ENCODING 10070
SWIDTH 1187 0
DWIDTH 19 0
BBX 11 11 4 0
BITMAP
0400
0E00
1F00
2E80
75C0
FBE0
75C0
2E80
1F00
0E00
0400
ENDCHAR
STARTCHAR 2758
ENCODING 10072
SWIDTH 1187 0
DWIDTH 19 0
BBX 1 11 9 0
BITMAP
80
80
80
80
80
80
80
80
80
80
80
ENDCHAR
STARTCHAR 2759
ENCODING 10073
SWIDTH 1187 0
DWIDTH 19 0
BBX 1 11 9 0
BITMAP
80
80
80
80
80
80
80
80
80
80
80
ENDCHAR
STARTCHAR 275A
ENCODING 10074
SWIDTH 1187 0
DWIDTH 19 0
BBX 3 11 8 0
BITMAP
E0
E0
E0
E0
E0
E0
E0
E0
E0
E0
E0
ENDCHAR
STARTCHAR 2761
ENCODING 10081
SWIDTH 625 0
DWIDTH 10 0
BBX 8 12 1 0
BITMAP
3F
72
F2
F2
F2
72
3E
02
02
02
84
7C
ENDCHAR
STARTCHAR 2764
ENCODING 10084
SWIDTH 1187 0
DWIDTH 19 0
BBX 11 11 4 0
BITMAP
3180
FBE0
FFE0
FFE0
FFE0
7FC0
7FC0
3F80
1F00
0E00
0400
ENDCHAR
STARTCHAR 276C
ENCODING 10092
SWIDTH 625 0
DWIDTH 10 0
BBX 6 12 2 -1
BITMAP
08
18
30
20
40
C0
40
60
20
10
08
0C
ENDCHAR
STARTCHAR 276D
ENCODING 10093
SWIDTH 625 0
DWIDTH 10 0
BBX 5 12 2 -1
BITMAP
C0
40
20
10
18
08
08
10
30
20
40
80
ENDCHAR
STARTCHAR 276E
ENCODING 10094
SWIDTH 625 0
DWIDTH 10 0
BBX 6 12 2 -1
BITMAP
18
18
30
70
60
C0
E0
60
30
30
18
1C
ENDCHAR
STARTCHAR 276F
ENCODING 10095
SWIDTH 625 0
DWIDTH 10 0
BBX 6 12 2 -1
BITMAP
C0
60
70
30
18
1C
18
38
30
60
60
C0
ENDCHAR
STARTCHAR 2770
ENCODING 10096
SWIDTH 625 0
DWIDTH 10 0
BBX 6 12 2 -1
BITMAP
18
38
30
70
60
E0
E0
60
70
38
38
1C
ENDCHAR
STARTCHAR 2771
ENCODING 10097
SWIDTH 625 0
DWIDTH 10 0
BBX 6 12 2 -1
BITMAP
E0
60
70
30
38
1C
18
38
30
70
E0
E0
ENDCHAR
STARTCHAR 2776
ENCODING 10102
SWIDTH 1187 0
DWIDTH 19 0
BBX 15 15 2 -2
BITMAP
0FE0
3FF8
7FFC
7FFC
FEFE
FCFE
FEFE
FEFE
FEFE
FEFE
FC7E
7FFC
7FFC
3FF8
0FE0
ENDCHAR
STARTCHAR 2777
ENCODING 10103
SWIDTH 1187 0
DWIDTH 19 0
BBX 16 15 2 -2
BITMAP
0FF0
1FF8
3FFC
7FFE
FC7E
FDBF
FFBF
FF7F
FEFF
FDFF
FC3E
7FFE
7FFC
3FF8
0FF0
ENDCHAR
STARTCHAR 2778
ENCODING 10104
SWIDTH 1187 0
DWIDTH 19 0
BBX 16 15 2 -2
BITMAP
0FF0
3FF8
7FFC
7FFE
FC3E
FF7F
FE7F
FFBF
FFBF
FDBF
FC7E
7FFE
7FFC
3FF8
0FF0
ENDCHAR
STARTCHAR 2779
ENCODING 10105
SWIDTH 1187 0
DWIDTH 19 0
BBX 15 15 2 -2
BITMAP
0FE0
3FF8
7FFC
7FFE
FF7E
FE7E
FE7E
FD7E
FD7E
F83E
FF7E
7FFE
7FFC
3FF8
0FE0
ENDCHAR
STARTCHAR 277A
ENCODING 10106
SWIDTH 1187 0
DWIDTH 19 0
BBX 15 15 2 -2
BITMAP
0FF0
3FF8
7FFC
7FFE
FC3E
FDBE
FDFE
FC7E
FFBE
FFBE
FC7E
7FFE
7FFC
3FF8
0FF0
ENDCHAR
STARTCHAR 277B
ENCODING 10107
SWIDTH 1187 0
DWIDTH 19 0
BBX 16 15 2 -2
BITMAP
0FF0
3FF8
7FFC
7FFE
FC7E
FDBF
FDFF
FC3F
FDBF
FDBF
FC7E
7FFE
7FFC
3FF8
0FF0
ENDCHAR
STARTCHAR 277C
ENCODING 10108
SWIDTH 1187 0
DWIDTH 19 0
BBX 16 15 2 -2
BITMAP
0FF0
3FF8
7FFC
7FFE
FC3E
FFBF
FF7F
FF7F
FF7F
FEFF
FEFE
7FFE
7FFC
3FF8
0FF0
ENDCHAR
STARTCHAR 277D
ENCODING 10109
SWIDTH 1187 0
DWIDTH 19 0
BBX 16 15 2 -2
BITMAP
0FF0
3FF8
7FFC
7FFE
FC7E
FDBF
FDBF
FE7F
FDBF
FDBF
FC7E
7FFE
7FFC
3FF8
0FF0
ENDCHAR
STARTCHAR 277E
ENCODING 10110
SWIDTH 1187 0
DWIDTH 19 0
BBX 16 15 2 -2
BITMAP
0FF0
3FF8
7FFC
7FFE
FC7E
FDBF
FDBF
FDBF
FFBF
FDBF
FD7E
7FFE
7FFC
3FF8
0FF0
ENDCHAR
STARTCHAR 277F
ENCODING 10111
SWIDTH 1187 0
DWIDTH 19 0
BBX 16 16 2 -3
BITMAP
0FE0
1FF8
7FFC
7FFE
F78E
E737
F737
F727
F717
F737
F736
E3DE
7FFE
3FFC
1FF8
07C0
ENDCHAR
STARTCHAR 2780
ENCODING 10112
SWIDTH 1187 0
DWIDTH 19 0
BBX 16 15 2 -2
BITMAP
07E0
1818
2004
4002
C183
8281
8081
8081
8081
8081
C083
4002
2004
1818
0FE0
ENDCHAR
STARTCHAR 2781
ENCODING 10113
SWIDTH 1187 0
DWIDTH 19 0
BBX 16 15 2 -2
BITMAP
07E0
1818
2004
4002
C383
8241
8041
8081
8101
8201
C3C3
4002
2004
1818
0FE0
ENDCHAR
STARTCHAR 2782
ENCODING 10114
SWIDTH 1187 0
DWIDTH 19 0
BBX 16 15 2 -2
BITMAP
07E0
1818
2004
4002
C3C3
8081
8181
8181
8041
8241
C383
4002
2004
1818
0FE0
ENDCHAR
STARTCHAR 2783
ENCODING 10115
SWIDTH 1187 0
DWIDTH 19 0
BBX 16 15 2 -2
BITMAP
07E0
1818
2004
4002
C083
8081
8181
8181
8281
83C1
C083
4002
2004
1818
0FE0
ENDCHAR
STARTCHAR 2784
ENCODING 10116
SWIDTH 1187 0
DWIDTH 19 0
BBX 16 15 2 -2
BITMAP
07E0
1818
2004
4002
C3C3
8201
8201
8381
8041
8041
C383
4002
2004
1818
0FE0
ENDCHAR
STARTCHAR 2785
ENCODING 10117
SWIDTH 1187 0
DWIDTH 19 0
BBX 16 15 2 -2
BITMAP
07E0
1818
2004
4002
C183
8241
8201
83C1
8241
8241
C183
4002
2004
1818
0FE0
ENDCHAR
STARTCHAR 2786
ENCODING 10118
SWIDTH 1187 0
DWIDTH 19 0
BBX 16 15 2 -2
BITMAP
07E0
1818
2004
4002
C3C3
8041
8081
8081
8081
8101
C103
4002
2004
1818
0FE0
ENDCHAR
STARTCHAR 2787
ENCODING 10119
SWIDTH 1187 0
DWIDTH 19 0
BBX 16 15 2 -2
BITMAP
07E0
1818
2004
4002
C183
8241
8241
8181
8241
8241
C1C3
4002
2004
1818
0FE0
ENDCHAR
STARTCHAR 2788
ENCODING 10120
SWIDTH 1187 0
DWIDTH 19 0
BBX 16 15 2 -2
BITMAP
07E0
1818
2004
4002
C183
8241
8241
83C1
8041
8241
C183
4002
2004
1818
0FE0
ENDCHAR
STARTCHAR 2789
ENCODING 10121
SWIDTH 1187 0
DWIDTH 19 0
BBX 16 15 2 -2
BITMAP
07E0
1818
2004
4002
CC33
9449
8459
8469
8469
8449
C433
4002
2004
1818
0FE0
ENDCHAR
STARTCHAR 278A
ENCODING 10122
SWIDTH 1187 0
DWIDTH 19 0
BBX 16 15 2 -2
BITMAP
0FF0
3FF8
7FFC
7FFE
FE7E
FD7F
FF7F
FF7F
FF7F
FF7F
FF7E
7FFE
7FFC
3FF8
0FF0
ENDCHAR
STARTCHAR 278B
ENCODING 10123
SWIDTH 1187 0
DWIDTH 19 0
BBX 16 15 2 -2
BITMAP
0FF0
1FF8
3FFC
7FFE
FC7E
FDBF
FFBF
FF7F
FEFF
FDFF
FC3E
7FFE
7FFC
3FF8
0FF0
ENDCHAR
STARTCHAR 278C
ENCODING 10124
SWIDTH 1187 0
DWIDTH 19 0
BBX 16 15 2 -2
BITMAP
0FF0
3FF8
7FFC
7FFE
FC3E
FF7F
FEFF
FE3F
FFBF
FFBF
FC7E
7FFE
7FFC
3FF8
0FF0
ENDCHAR
STARTCHAR 278D
ENCODING 10125
SWIDTH 1187 0
DWIDTH 19 0
BBX 15 15 2 -2
BITMAP
0FE0
3FF8
7FFC
7FFE
FF7E
FE7E
FE7E
FD7E
FD7E
F83E
FF7E
7FFE
7FFC
3FF8
0FE0
ENDCHAR
STARTCHAR 278E
ENCODING 10126
SWIDTH 1187 0
DWIDTH 19 0
BBX 16 15 2 -2
BITMAP
0FF0
3FF8
7FFC
7FFE
FC3E
FDFF
FDFF
FC7F
FFBF
FFBF
FC7E
7FFE
7FFC
3FF8
0FF0
ENDCHAR
STARTCHAR 278F
ENCODING 10127
SWIDTH 1187 0
DWIDTH 19 0
BBX 16 15 2 -2
BITMAP
0FF0
3FF8
7FFC
7FFE
FC7E
FDBF
FDFF
FC3F
FDBF
FDBF
FC7E
7FFE
7FFC
3FF8
0FF0
ENDCHAR
STARTCHAR 2790
ENCODING 10128
SWIDTH 1187 0
DWIDTH 19 0
BBX 16 15 2 -2
BITMAP
0FF0
3FF8
7FFC
7FFE
FC3E
FFBF
FF7F
FF7F
FF7F
FEFF
FEFE
7FFE
7FFC
3FF8
0FF0
ENDCHAR
STARTCHAR 2791
ENCODING 10129
SWIDTH 1187 0
DWIDTH 19 0
BBX 16 15 2 -2
BITMAP
0FF0
3FF8
7FFC
7FFE
FC7E
FDBF
FDBF
FE7F
FDBF
FDBF
FC7E
7FFE
7FFC
3FF8
0FF0
ENDCHAR
STARTCHAR 2792
ENCODING 10130
SWIDTH 1187 0
DWIDTH 19 0
BBX 16 15 2 -2
BITMAP
0FF0
3FF8
7FFC
7FFE
FC7E
FDBF
FDBF
FDBF
FFBF
FDBF
FD7E
7FFE
7FFC
3FF8
0FF0
ENDCHAR
STARTCHAR 2793
ENCODING 10131
SWIDTH 1187 0
DWIDTH 19 0
BBX 16 16 2 -3
BITMAP
07E0
1FF8
3FFC
7FFE
73CE
EBB7
FBB7
FBA7
FB97
FBB7
FBB6
7BCE
7FFE
3FFC
1FF8
07C0
ENDCHAR
STARTCHAR 2794
ENCODING 10132
SWIDTH 1187 0
DWIDTH 19 0
BBX 17 7 1 2
BITMAP
001C00
000E00
000700
FFFF80
FFFF80
000700
001E00
ENDCHAR
STARTCHAR 279C
ENCODING 10140
SWIDTH 1187 0
DWIDTH 19 0
BBX 17 14 1 -2
BITMAP
00E000
00F000
007800
003C00
001E00
000F00
FFFF80
FFFF80
000F00
001E00
003C00
007800
00F000
00E000
ENDCHAR
STARTCHAR 279D
ENCODING 10141
SWIDTH 1187 0
DWIDTH 19 0
BBX 17 7 1 2
BITMAP
000400
000200
000300
FFFF80
000300
000200
000400
ENDCHAR
STARTCHAR 279E
ENCODING 10142
SWIDTH 1187 0
DWIDTH 19 0
BBX 17 6 1 2
BITMAP
000200
000300
FFFF80
FFFF80
000300
000200
ENDCHAR
STARTCHAR 27A1
ENCODING 10145
SWIDTH 1187 0
DWIDTH 19 0
BBX 17 7 1 1
BITMAP
001000
000C00
FFFE00
FFFF80
FFFF00
FFFE00
000800
ENDCHAR
STARTCHAR 27A2
ENCODING 10146
SWIDTH 1187 0
DWIDTH 19 0
BBX 11 11 4 0
BITMAP
8000
6000
5800
2600
2180
1060
3F80
3E00
7800
6000
8000
ENDCHAR
STARTCHAR 27A3
ENCODING 10147
SWIDTH 1187 0
DWIDTH 19 0
BBX 11 11 4 0
BITMAP
8000
6000
7800
3E00
3F80
1FE0
3180
2600
7800
6000
8000
ENDCHAR
STARTCHAR 27A4
ENCODING 10148
SWIDTH 1187 0
DWIDTH 19 0
BBX 11 11 4 0
BITMAP
8000
6000
7800
3E00
3F80
1FE0
3F80
3E00
7800
6000
8000
ENDCHAR
STARTCHAR 27A5
ENCODING 10149
SWIDTH 1187 0
DWIDTH 19 0
BBX 17 7 1 1
BITMAP
800800
800C00
FFFF00
FFFF80
7FFF80
3FFE00
000C00
ENDCHAR
STARTCHAR 27A6
ENCODING 10150
SWIDTH 1187 0
DWIDTH 19 0
BBX 17 7 1 1
BITMAP
000800
000C00
7FFF00
7FFF80
FFFF80
FFFE00
800C00
ENDCHAR
STARTCHAR 27A7
ENCODING 10151
SWIDTH 1187 0
DWIDTH 19 0
BBX 6 11 7 0
BITMAP
40
E0
F0
F0
F8
FC
F8
F8
F0
E0
20
ENDCHAR
STARTCHAR 27B0
ENCODING 10160
SWIDTH 1187 0
DWIDTH 19 0
BBX 11 11 4 0
BITMAP
F9E0
0E00
0E00
0B00
1100
1100
1100
1100
1100
1B00
0E00
ENDCHAR
STARTCHAR 27BF
ENCODING 10175
SWIDTH 1187 0
DWIDTH 19 0
BBX 10 11 5 0
BITMAP
CEC0
3300
3300
7B80
4A80
4E80
4C80
4E80
4A80
5A80
3300
ENDCHAR
STARTCHAR 27C2
ENCODING 10178
SWIDTH 625 0
DWIDTH 10 0
BBX 7 11 1 0
BITMAP
10
10
10
10
10
10
10
10
10
10
FE
ENDCHAR
STARTCHAR 27CA
ENCODING 10186
SWIDTH 625 0
DWIDTH 10 0
BBX 5 11 2 0
BITMAP
20
20
20
20
20
F8
20
20
20
20
20
ENDCHAR
STARTCHAR 27CB
ENCODING 10187
SWIDTH 1187 0
DWIDTH 19 0
BBX 16 13 2 -1
BITMAP
0003
0006
0018
0030
0060
00C0
0180
0200
0C00
1800
3000
6000
8000
ENDCHAR
STARTCHAR 27CD
ENCODING 10189
SWIDTH 1187 0
DWIDTH 19 0
BBX 16 14 2 -1
BITMAP
8000
6000
3000
1800
0C00
0600
0100
00C0
0060
0030
0018
0004
0003
0001
ENDCHAR
STARTCHAR 27D2
ENCODING 10194
SWIDTH 625 0
DWIDTH 10 0
BBX 7 11 2 0
BITMAP
92
92
92
92
92
92
92
92
92
D6
78
ENDCHAR
STARTCHAR 27D3
ENCODING 10195
SWIDTH 625 0
DWIDTH 10 0
BBX 7 8 1 2
BITMAP
02
02
02
32
32
02
02
FE
ENDCHAR
STARTCHAR 27D4
ENCODING 10196
SWIDTH 625 0
DWIDTH 10 0
BBX 8 8 1 1
BITMAP
FF
80
80
98
98
80
80
80
ENDCHAR
STARTCHAR 27D5
ENCODING 10197
SWIDTH 625 0
DWIDTH 10 0
BBX 8 7 0 2
BITMAP
C1
63
55
49
55
63
C1
ENDCHAR
STARTCHAR 27D6
ENCODING 10198
SWIDTH 625 0
DWIDTH 10 0
BBX 8 7 1 2
BITMAP
83
C6
AA
92
AA
C6
83
ENDCHAR
STARTCHAR 27D7
ENCODING 10199
SWIDTH 625 0
DWIDTH 10 0
BBX 9 7 0 2
BITMAP
C180
6300
5700
4900
5500
6300
C180
ENDCHAR
STARTCHAR 27D8
ENCODING 10200
SWIDTH 1187 0
DWIDTH 19 0
BBX 13 14 3 -2
BITMAP
0200
0200
0200
0200
0200
0200
0200
0200
0200
0200
0200
0200
0200
FFF8
ENDCHAR
STARTCHAR 27D9
ENCODING 10201
SWIDTH 1187 0
DWIDTH 19 0
BBX 13 14 3 -1
BITMAP
FFF8
0200
0200
0200
0200
0200
0200
0200
0200
0200
0200
0200
0200
0200
ENDCHAR
STARTCHAR 27DA
ENCODING 10202
SWIDTH 625 0
DWIDTH 10 0
BBX 9 11 0 0
BITMAP
1400
1400
1400
F780
F780
1400
1400
F780
1400
1400
1400
ENDCHAR
STARTCHAR 27DB
ENCODING 10203
SWIDTH 625 0
DWIDTH 10 0
BBX 9 11 0 0
BITMAP
1400
1400
1400
1400
1400
F780
1400
1400
1400
1400
1400
ENDCHAR
STARTCHAR 27DC
ENCODING 10204
SWIDTH 625 0
DWIDTH 10 0
BBX 7 3 1 4
BITMAP
F0
9E
F0
ENDCHAR
STARTCHAR 27DD
ENCODING 10205
SWIDTH 1187 0
DWIDTH 19 0
BBX 16 11 2 0
BITMAP
8000
8000
8000
8000
8000
FFFF
8000
8000
8000
8000
8000
ENDCHAR
STARTCHAR 27DE
ENCODING 10206
SWIDTH 1187 0
DWIDTH 19 0
BBX 16 11 2 0
BITMAP
0001
0001
0001
0001
0001
FFFF
0001
0001
0001
0001
0001
ENDCHAR
STARTCHAR 27DF
ENCODING 10207
SWIDTH 625 0
DWIDTH 10 0
BBX 7 13 1 0
BITMAP
38
24
24
2C
18
10
10
10
10
10
10
10
FE
ENDCHAR
STARTCHAR 27E0
ENCODING 10208
SWIDTH 1187 0
DWIDTH 19 0
BBX 7 11 6 0
BITMAP
10
18
28
64
46
FE
46
44
28
18
10
ENDCHAR
STARTCHAR 27E1
ENCODING 10209
SWIDTH 1187 0
DWIDTH 19 0
BBX 11 11 4 0
BITMAP
0400
0400
0600
0A00
1180
C060
3180
0B00
0A00
0400
0400
ENDCHAR
STARTCHAR 27E6
ENCODING 10214
SWIDTH 625 0
DWIDTH 10 0
BBX 5 15 3 -2
BITMAP
F8
A0
A0
A0
A0
A0
A0
A0
A0
A0
A0
A0
A0
A0
F8
ENDCHAR
STARTCHAR 27E7
ENCODING 10215
SWIDTH 625 0
DWIDTH 10 0
BBX 5 15 2 -2
BITMAP
F8
28
28
28
28
28
28
28
28
28
28
28
28
28
F8
ENDCHAR
STARTCHAR 27E8
ENCODING 10216
SWIDTH 625 0
DWIDTH 10 0
BBX 6 15 2 -2
BITMAP
04
08
18
10
30
20
40
C0
40
60
30
10
18
08
0C
ENDCHAR
STARTCHAR 27E9
ENCODING 10217
SWIDTH 625 0
DWIDTH 10 0
BBX 5 15 2 -2
BITMAP
80
C0
40
60
20
10
18
08
18
10
30
60
40
C0
80
ENDCHAR
STARTCHAR 27EA
ENCODING 10218
SWIDTH 625 0
DWIDTH 10 0
BBX 7 15 1 -2
BITMAP
12
36
24
24
68
48
58
90
D8
48
68
24
24
36
12
ENDCHAR
STARTCHAR 27EB
ENCODING 10219
SWIDTH 625 0
DWIDTH 10 0
BBX 6 15 2 -2
BITMAP
B0
90
D8
48
48
2C
24
34
24
2C
48
48
D8
90
90
ENDCHAR
STARTCHAR 27EE
ENCODING 10222
SWIDTH 625 0
DWIDTH 10 0
BBX 5 15 2 -2
BITMAP
38
60
C0
80
80
80
80
80
80
80
80
80
C0
60
38
ENDCHAR
STARTCHAR 27EF
ENCODING 10223
SWIDTH 625 0
DWIDTH 10 0
BBX 5 15 3 -2
BITMAP
E0
30
10
08
08
08
08
08
08
08
08
08
10
30
E0
ENDCHAR
STARTCHAR 27F0
ENCODING 10224
SWIDTH 1187 0
DWIDTH 19 0
BBX 9 17 5 -3
BITMAP
0800
1400
3600
7700
B680
3600
3600
3600
3600
3600
3600
3600
3600
3600
3600
3600
2600
ENDCHAR
STARTCHAR 27F1
ENCODING 10225
SWIDTH 1187 0
DWIDTH 19 0
BBX 9 17 5 -3
BITMAP
2600
3600
3600
3600
3600
3600
3600
3600
3600
3600
3600
3600
B680
7700
3600
1400
0800
ENDCHAR
STARTCHAR 27F2
ENCODING 10226
SWIDTH 1187 0
DWIDTH 19 0
BBX 16 13 1 -1
BITMAP
07F0
0C0C
1806
3002
2001
A801
7001
2001
0001
3002
1806
0C0C
07F0
ENDCHAR
STARTCHAR 27F3
ENCODING 10227
SWIDTH 1187 0
DWIDTH 19 0
BBX 15 13 3 -1
BITMAP
1FC0
3060
4010
C018
8008
802A
801C
8008
8000
C018
4010
3060
1FC0
ENDCHAR
STARTCHAR 27F4
ENCODING 10228
SWIDTH 1187 0
DWIDTH 19 0
BBX 17 9 1 1
BITMAP
000800
000C00
0F8600
0AC300
FFFF80
1A4100
0A8200
070400
000800
ENDCHAR
STARTCHAR 27F5
ENCODING 10229
SWIDTH 1187 0
DWIDTH 19 0
BBX 17 9 1 1
BITMAP
080000
100000
200000
400000
FFFF80
400000
200000
100000
080000
ENDCHAR
STARTCHAR 27F6
ENCODING 10230
SWIDTH 1187 0
DWIDTH 19 0
BBX 17 9 1 1
BITMAP
000800
000400
000200
000100
FFFF80
000100
000200
000400
000800
ENDCHAR
STARTCHAR 27F7
ENCODING 10231
SWIDTH 1187 0
DWIDTH 19 0
BBX 17 9 1 1
BITMAP
080800
100400
200200
400100
FFFF80
400100
200200
100400
080800
ENDCHAR
STARTCHAR 27F8
ENCODING 10232
SWIDTH 1187 0
DWIDTH 19 0
BBX 17 9 1 1
BITMAP
080000
100000
3FFF80
400000
800000
400000
3FFF80
100000
080000
ENDCHAR
STARTCHAR 27F9
ENCODING 10233
SWIDTH 1187 0
DWIDTH 19 0
BBX 17 9 1 1
BITMAP
000800
000400
FFFE00
000100
000080
000100
FFFE00
000400
000800
ENDCHAR
STARTCHAR 27FA
ENCODING 10234
SWIDTH 1187 0
DWIDTH 19 0
BBX 17 9 1 1
BITMAP
080800
100400
3FFE00
400100
800080
400100
3FFE00
100400
080800
ENDCHAR
STARTCHAR 27FB
ENCODING 10235
SWIDTH 1187 0
DWIDTH 19 0
BBX 17 9 1 1
BITMAP
080080
100080
200080
400080
FFFF80
400080
200080
100080
080080
ENDCHAR
STARTCHAR 27FC
ENCODING 10236
SWIDTH 1187 0
DWIDTH 19 0
BBX 17 9 1 1
BITMAP
800800
800C00
800200
800100
FFFF80
800100
800200
800400
800800
ENDCHAR
STARTCHAR 27FD
ENCODING 10237
SWIDTH 1187 0
DWIDTH 19 0
BBX 17 9 1 1
BITMAP
080080
100080
3FFF80
400080
800080
400080
3FFF80
100080
080080
ENDCHAR
STARTCHAR 27FE
ENCODING 10238
SWIDTH 1187 0
DWIDTH 19 0
BBX 17 9 1 1
BITMAP
800800
800400
FFFE00
800100
800080
800100
FFFE00
800400
800800
ENDCHAR
STARTCHAR 27FF
ENCODING 10239
SWIDTH 1187 0
DWIDTH 19 0
BBX 17 9 1 1
BITMAP
000800
000400
008200
0C9900
ED6F80
126100
000200
000400
000800
ENDCHAR
STARTCHAR 2800
ENCODING 10240
SWIDTH 625 0
DWIDTH 10 0
BBX 0 0 0 0
BITMAP
ENDCHAR
STARTCHAR 2801
ENCODING 10241
SWIDTH 625 0
DWIDTH 10 0
BBX 2 2 1 11
BITMAP
C0
C0
ENDCHAR
STARTCHAR 2802
ENCODING 10242
SWIDTH 625 0
DWIDTH 10 0
BBX 2 2 1 7
BITMAP
C0
C0
ENDCHAR
STARTCHAR 2803
ENCODING 10243
SWIDTH 625 0
DWIDTH 10 0
BBX 2 6 1 7
BITMAP
C0
C0
00
00
C0
C0
ENDCHAR
STARTCHAR 2804
ENCODING 10244
SWIDTH 625 0
DWIDTH 10 0
BBX 2 2 1 2
BITMAP
C0
C0
ENDCHAR
STARTCHAR 2805
ENCODING 10245
SWIDTH 625 0
DWIDTH 10 0
BBX 2 11 1 2
BITMAP
C0
C0
00
00
00
00
00
00
00
C0
C0
ENDCHAR
STARTCHAR 2806
ENCODING 10246
SWIDTH 625 0
DWIDTH 10 0
BBX 2 7 1 2
BITMAP
C0
C0
00
00
00
C0
C0
ENDCHAR
STARTCHAR 2807
ENCODING 10247
SWIDTH 625 0
DWIDTH 10 0
BBX 2 11 1 2
BITMAP
C0
C0
00
00
C0
C0
00
00
00
C0
C0
ENDCHAR
STARTCHAR 2808
ENCODING 10248
SWIDTH 625 0
DWIDTH 10 0
BBX 2 2 6 11
BITMAP
C0
C0
ENDCHAR
STARTCHAR 2809
ENCODING 10249
SWIDTH 625 0
DWIDTH 10 0
BBX 7 2 1 11
BITMAP
C6
C6
ENDCHAR
STARTCHAR 280A
ENCODING 10250
SWIDTH 625 0
DWIDTH 10 0
BBX 7 6 1 7
BITMAP
06
06
00
00
C0
C0
ENDCHAR
STARTCHAR 280B
ENCODING 10251
SWIDTH 625 0
DWIDTH 10 0
BBX 7 6 1 7
BITMAP
C6
C6
00
00
C0
C0
ENDCHAR
STARTCHAR 280C
ENCODING 10252
SWIDTH 625 0
DWIDTH 10 0
BBX 7 11 1 2
BITMAP
06
06
00
00
00
00
00
00
00
C0
C0
ENDCHAR
STARTCHAR 280D
ENCODING 10253
SWIDTH 625 0
DWIDTH 10 0
BBX 7 11 1 2
BITMAP
C6
C6
00
00
00
00
00
00
00
C0
C0
ENDCHAR
STARTCHAR 280E
ENCODING 10254
SWIDTH 625 0
DWIDTH 10 0
BBX 7 11 1 2
BITMAP
06
06
00
00
C0
C0
00
00
00
C0
C0
ENDCHAR
STARTCHAR 280F
ENCODING 10255
SWIDTH 625 0
DWIDTH 10 0
BBX 7 11 1 2
BITMAP
C6
C6
00
00
C0
C0
00
00
00
C0
C0
ENDCHAR
STARTCHAR 2810
ENCODING 10256
SWIDTH 625 0
DWIDTH 10 0
BBX 2 2 6 7
BITMAP
C0
C0
ENDCHAR
STARTCHAR 2811
ENCODING 10257
SWIDTH 625 0
DWIDTH 10 0
BBX 7 6 1 7
BITMAP
C0
C0
00
00
06
06
ENDCHAR
STARTCHAR 2812
ENCODING 10258
SWIDTH 625 0
DWIDTH 10 0
BBX 7 2 1 7
BITMAP
C6
C6
ENDCHAR
STARTCHAR 2813
ENCODING 10259
SWIDTH 625 0
DWIDTH 10 0
BBX 7 6 1 7
BITMAP
C0
C0
00
00
C6
C6
ENDCHAR
STARTCHAR 2814
ENCODING 10260
SWIDTH 625 0
DWIDTH 10 0
BBX 7 7 1 2
BITMAP
06
06
00
00
00
C0
C0
ENDCHAR
STARTCHAR 2815
ENCODING 10261
SWIDTH 625 0
DWIDTH 10 0
BBX 7 11 1 2
BITMAP
C0
C0
00
00
06
06
00
00
00
C0
C0
ENDCHAR
STARTCHAR 2816
ENCODING 10262
SWIDTH 625 0
DWIDTH 10 0
BBX 7 7 1 2
BITMAP
C6
C6
00
00
00
C0
C0
ENDCHAR
STARTCHAR 2817
ENCODING 10263
SWIDTH 625 0
DWIDTH 10 0
BBX 7 11 1 2
BITMAP
C0
C0
00
00
C6
C6
00
00
00
C0
C0
ENDCHAR
STARTCHAR 2818
ENCODING 10264
SWIDTH 625 0
DWIDTH 10 0
BBX 2 6 6 7
BITMAP
C0
C0
00
00
C0
C0
ENDCHAR
STARTCHAR 2819
ENCODING 10265
SWIDTH 625 0
DWIDTH 10 0
BBX 7 6 1 7
BITMAP
C6
C6
00
00
06
06
ENDCHAR
STARTCHAR 281A
ENCODING 10266
SWIDTH 625 0
DWIDTH 10 0
BBX 7 6 1 7
BITMAP
06
06
00
00
C6
C6
ENDCHAR
STARTCHAR 281B
ENCODING 10267
SWIDTH 625 0
DWIDTH 10 0
BBX 7 6 1 7
BITMAP
C6
C6
00
00
C6
C6
ENDCHAR
STARTCHAR 281C
ENCODING 10268
SWIDTH 625 0
DWIDTH 10 0
BBX 7 11 1 2
BITMAP
06
06
00
00
06
06
00
00
00
C0
C0
ENDCHAR
STARTCHAR 281D
ENCODING 10269
SWIDTH 625 0
DWIDTH 10 0
BBX 7 11 1 2
BITMAP
C6
C6
00
00
06
06
00
00
00
C0
C0
ENDCHAR
STARTCHAR 281E
ENCODING 10270
SWIDTH 625 0
DWIDTH 10 0
BBX 7 11 1 2
BITMAP
06
06
00
00
C6
C6
00
00
00
C0
C0
ENDCHAR
STARTCHAR 281F
ENCODING 10271
SWIDTH 625 0
DWIDTH 10 0
BBX 7 11 1 2
BITMAP
C6
C6
00
00
C6
C6
00
00
00
C0
C0
ENDCHAR
STARTCHAR 2820
ENCODING 10272
SWIDTH 625 0
DWIDTH 10 0
BBX 2 2 6 2
BITMAP
C0
C0
ENDCHAR
STARTCHAR 2821
ENCODING 10273
SWIDTH 625 0
DWIDTH 10 0
BBX 7 11 1 2
BITMAP
C0
C0
00
00
00
00
00
00
00
06
06
ENDCHAR
STARTCHAR 2822
ENCODING 10274
SWIDTH 625 0
DWIDTH 10 0
BBX 7 7 1 2
BITMAP
C0
C0
00
00
00
06
06
ENDCHAR
STARTCHAR 2823
ENCODING 10275
SWIDTH 625 0
DWIDTH 10 0
BBX 7 11 1 2
BITMAP
C0
C0
00
00
C0
C0
00
00
00
06
06
ENDCHAR
STARTCHAR 2824
ENCODING 10276
SWIDTH 625 0
DWIDTH 10 0
BBX 7 2 1 2
BITMAP
C6
C6
ENDCHAR
STARTCHAR 2825
ENCODING 10277
SWIDTH 625 0
DWIDTH 10 0
BBX 7 11 1 2
BITMAP
C0
C0
00
00
00
00
00
00
00
C6
C6
ENDCHAR
STARTCHAR 2826
ENCODING 10278
SWIDTH 625 0
DWIDTH 10 0
BBX 7 7 1 2
BITMAP
C0
C0
00
00
00
C6
C6
ENDCHAR
STARTCHAR 2827
ENCODING 10279
SWIDTH 625 0
DWIDTH 10 0
BBX 7 11 1 2
BITMAP
C0
C0
00
00
C0
C0
00
00
00
C6
C6
ENDCHAR
STARTCHAR 2828
ENCODING 10280
SWIDTH 625 0
DWIDTH 10 0
BBX 2 11 6 2
BITMAP
C0
C0
00
00
00
00
00
00
00
C0
C0
ENDCHAR
STARTCHAR 2829
ENCODING 10281
SWIDTH 625 0
DWIDTH 10 0
BBX 7 11 1 2
BITMAP
C6
C6
00
00
00
00
00
00
00
06
06
ENDCHAR
STARTCHAR 282A
ENCODING 10282
SWIDTH 625 0
DWIDTH 10 0
BBX 7 11 1 2
BITMAP
06
06
00
00
C0
C0
00
00
00
06
06
ENDCHAR
STARTCHAR 282B
ENCODING 10283
SWIDTH 625 0
DWIDTH 10 0
BBX 7 11 1 2
BITMAP
C6
C6
00
00
C0
C0
00
00
00
06
06
ENDCHAR
STARTCHAR 282C
ENCODING 10284
SWIDTH 625 0
DWIDTH 10 0
BBX 7 11 1 2
BITMAP
06
06
00
00
00
00
00
00
00
C6
C6
ENDCHAR
STARTCHAR 282D
ENCODING 10285
SWIDTH 625 0
DWIDTH 10 0
BBX 7 11 1 2
BITMAP
C6
C6
00
00
00
00
00
00
00
C6
C6
ENDCHAR
STARTCHAR 282E
ENCODING 10286
SWIDTH 625 0
DWIDTH 10 0
BBX 7 11 1 2
BITMAP
06
06
00
00
C0
C0
00
00
00
C6
C6
ENDCHAR
STARTCHAR 282F
ENCODING 10287
SWIDTH 625 0
DWIDTH 10 0
BBX 7 11 1 2
BITMAP
C6
C6
00
00
C0
C0
00
00
00
C6
C6
ENDCHAR
STARTCHAR 2830
ENCODING 10288
SWIDTH 625 0
DWIDTH 10 0
BBX 2 7 6 2
BITMAP
C0
C0
00
00
00
C0
C0
ENDCHAR
STARTCHAR 2831
ENCODING 10289
SWIDTH 625 0
DWIDTH 10 0
BBX 7 11 1 2
BITMAP
C0
C0
00
00
06
06
00
00
00
06
06
ENDCHAR
STARTCHAR 2832
ENCODING 10290
SWIDTH 625 0
DWIDTH 10 0
BBX 7 7 1 2
BITMAP
C6
C6
00
00
00
06
06
ENDCHAR
STARTCHAR 2833
ENCODING 10291
SWIDTH 625 0
DWIDTH 10 0
BBX 7 11 1 2
BITMAP
C0
C0
00
00
C6
C6
00
00
00
06
06
ENDCHAR
STARTCHAR 2834
ENCODING 10292
SWIDTH 625 0
DWIDTH 10 0
BBX 7 7 1 2
BITMAP
06
06
00
00
00
C6
C6
ENDCHAR
STARTCHAR 2835
ENCODING 10293
SWIDTH 625 0
DWIDTH 10 0
BBX 7 11 1 2
BITMAP
C0
C0
00
00
06
06
00
00
00
C6
C6
ENDCHAR
STARTCHAR 2836
ENCODING 10294
SWIDTH 625 0
DWIDTH 10 0
BBX 7 7 1 2
BITMAP
C6
C6
00
00
00
C6
C6
ENDCHAR
STARTCHAR 2837
ENCODING 10295
SWIDTH 625 0
DWIDTH 10 0
BBX 7 11 1 2
BITMAP
C0
C0
00
00
C6
C6
00
00
00
C6
C6
ENDCHAR
STARTCHAR 2838
ENCODING 10296
SWIDTH 625 0
DWIDTH 10 0
BBX 2 11 6 2
BITMAP
C0
C0
00
00
C0
C0
00
00
00
C0
C0
ENDCHAR
STARTCHAR 2839
ENCODING 10297
SWIDTH 625 0
DWIDTH 10 0
BBX 7 11 1 2
BITMAP
C6
C6
00
00
06
06
00
00
00
06
06
ENDCHAR
STARTCHAR 283A
ENCODING 10298
SWIDTH 625 0
DWIDTH 10 0
BBX 7 11 1 2
BITMAP
06
06
00
00
C6
C6
00
00
00
06
06
ENDCHAR
STARTCHAR 283B
ENCODING 10299
SWIDTH 625 0
DWIDTH 10 0
BBX 7 11 1 2
BITMAP
C6
C6
00
00
C6
C6
00
00
00
06
06
ENDCHAR
STARTCHAR 283C
ENCODING 10300
SWIDTH 625 0
DWIDTH 10 0
BBX 7 11 1 2
BITMAP
06
06
00
00
06
06
00
00
00
C6
C6
ENDCHAR
STARTCHAR 283D
ENCODING 10301
SWIDTH 625 0
DWIDTH 10 0
BBX 7 11 1 2
BITMAP
C6
C6
00
00
06
06
00
00
00
C6
C6
ENDCHAR
STARTCHAR 283E
ENCODING 10302
SWIDTH 625 0
DWIDTH 10 0
BBX 7 11 1 2
BITMAP
06
06
00
00
C6
C6
00
00
00
C6
C6
ENDCHAR
STARTCHAR 283F
ENCODING 10303
SWIDTH 625 0
DWIDTH 10 0
BBX 7 11 1 2
BITMAP
C6
C6
00
00
C6
C6
00
00
00
C6
C6
ENDCHAR
STARTCHAR 2840
ENCODING 10304
SWIDTH 625 0
DWIDTH 10 0
BBX 2 2 1 -2
BITMAP
C0
C0
ENDCHAR
STARTCHAR 2841
ENCODING 10305
SWIDTH 625 0
DWIDTH 10 0
BBX 2 15 1 -2
BITMAP
C0
C0
00
00
00
00
00
00
00
00
00
00
00
C0
C0
ENDCHAR
STARTCHAR 2842
ENCODING 10306
SWIDTH 625 0
DWIDTH 10 0
BBX 2 11 1 -2
BITMAP
C0
C0
00
00
00
00
00
00
00
C0
C0
ENDCHAR
STARTCHAR 2843
ENCODING 10307
SWIDTH 625 0
DWIDTH 10 0
BBX 2 15 1 -2
BITMAP
C0
C0
00
00
C0
C0
00
00
00
00
00
00
00
C0
C0
ENDCHAR
STARTCHAR 2844
ENCODING 10308
SWIDTH 625 0
DWIDTH 10 0
BBX 2 6 1 -2
BITMAP
C0
C0
00
00
C0
C0
ENDCHAR
STARTCHAR 2845
ENCODING 10309
SWIDTH 625 0
DWIDTH 10 0
BBX 2 15 1 -2
BITMAP
C0
C0
00
00
00
00
00
00
00
C0
C0
00
00
C0
C0
ENDCHAR
STARTCHAR 2846
ENCODING 10310
SWIDTH 625 0
DWIDTH 10 0
BBX 2 11 1 -2
BITMAP
C0
C0
00
00
00
C0
C0
00
00
C0
C0
ENDCHAR
STARTCHAR 2847
ENCODING 10311
SWIDTH 625 0
DWIDTH 10 0
BBX 2 15 1 -2
BITMAP
C0
C0
00
00
C0
C0
00
00
00
C0
C0
00
00
C0
C0
ENDCHAR
STARTCHAR 2848
ENCODING 10312
SWIDTH 625 0
DWIDTH 10 0
BBX 7 15 1 -2
BITMAP
06
06
00
00
00
00
00
00
00
00
00
00
00
C0
C0
ENDCHAR
STARTCHAR 2849
ENCODING 10313
SWIDTH 625 0
DWIDTH 10 0
BBX 7 15 1 -2
BITMAP
C6
C6
00
00
00
00
00
00
00
00
00
00
00
C0
C0
ENDCHAR
STARTCHAR 284A
ENCODING 10314
SWIDTH 625 0
DWIDTH 10 0
BBX 7 15 1 -2
BITMAP
06
06
00
00
C0
C0
00
00
00
00
00
00
00
C0
C0
ENDCHAR
STARTCHAR 284B
ENCODING 10315
SWIDTH 625 0
DWIDTH 10 0
BBX 7 15 1 -2
BITMAP
C6
C6
00
00
C0
C0
00
00
00
00
00
00
00
C0
C0
ENDCHAR
STARTCHAR 284C
ENCODING 10316
SWIDTH 625 0
DWIDTH 10 0
BBX 7 15 1 -2
BITMAP
06
06
00
00
00
00
00
00
00
C0
C0
00
00
C0
C0
ENDCHAR
STARTCHAR 284D
ENCODING 10317
SWIDTH 625 0
DWIDTH 10 0
BBX 7 15 1 -2
BITMAP
C6
C6
00
00
00
00
00
00
00
C0
C0
00
00
C0
C0
ENDCHAR
STARTCHAR 284E
ENCODING 10318
SWIDTH 625 0
DWIDTH 10 0
BBX 7 15 1 -2
BITMAP
06
06
00
00
C0
C0
00
00
00
C0
C0
00
00
C0
C0
ENDCHAR
STARTCHAR 284F
ENCODING 10319
SWIDTH 625 0
DWIDTH 10 0
BBX 7 15 1 -2
BITMAP
C6
C6
00
00
C0
C0
00
00
00
C0
C0
00
00
C0
C0
ENDCHAR
STARTCHAR 2850
ENCODING 10320
SWIDTH 625 0
DWIDTH 10 0
BBX 7 11 1 -2
BITMAP
06
06
00
00
00
00
00
00
00
C0
C0
ENDCHAR
STARTCHAR 2851
ENCODING 10321
SWIDTH 625 0
DWIDTH 10 0
BBX 7 15 1 -2
BITMAP
C0
C0
00
00
06
06
00
00
00
00
00
00
00
C0
C0
ENDCHAR
STARTCHAR 2852
ENCODING 10322
SWIDTH 625 0
DWIDTH 10 0
BBX 7 11 1 -2
BITMAP
C6
C6
00
00
00
00
00
00
00
C0
C0
ENDCHAR
STARTCHAR 2853
ENCODING 10323
SWIDTH 625 0
DWIDTH 10 0
BBX 7 15 1 -2
BITMAP
C0
C0
00
00
C6
C6
00
00
00
00
00
00
00
C0
C0
ENDCHAR
STARTCHAR 2854
ENCODING 10324
SWIDTH 625 0
DWIDTH 10 0
BBX 7 11 1 -2
BITMAP
06
06
00
00
00
C0
C0
00
00
C0
C0
ENDCHAR
STARTCHAR 2855
ENCODING 10325
SWIDTH 625 0
DWIDTH 10 0
BBX 7 15 1 -2
BITMAP
C0
C0
00
00
06
06
00
00
00
C0
C0
00
00
C0
C0
ENDCHAR
STARTCHAR 2856
ENCODING 10326
SWIDTH 625 0
DWIDTH 10 0
BBX 7 11 1 -2
BITMAP
C6
C6
00
00
00
C0
C0
00
00
C0
C0
ENDCHAR
STARTCHAR 2857
ENCODING 10327
SWIDTH 625 0
DWIDTH 10 0
BBX 7 15 1 -2
BITMAP
C0
C0
00
00
C6
C6
00
00
00
C0
C0
00
00
C0
C0
ENDCHAR
STARTCHAR 2858
ENCODING 10328
SWIDTH 625 0
DWIDTH 10 0
BBX 7 15 1 -2
BITMAP
06
06
00
00
06
06
00
00
00
00
00
00
00
C0
C0
ENDCHAR
STARTCHAR 2859
ENCODING 10329
SWIDTH 625 0
DWIDTH 10 0
BBX 7 15 1 -2
BITMAP
C6
C6
00
00
06
06
00
00
00
00
00
00
00
C0
C0
ENDCHAR
STARTCHAR 285A
ENCODING 10330
SWIDTH 625 0
DWIDTH 10 0
BBX 7 15 1 -2
BITMAP
06
06
00
00
C6
C6
00
00
00
00
00
00
00
C0
C0
ENDCHAR
STARTCHAR 285B
ENCODING 10331
SWIDTH 625 0
DWIDTH 10 0
BBX 7 15 1 -2
BITMAP
C6
C6
00
00
C6
C6
00
00
00
00
00
00
00
C0
C0
ENDCHAR
STARTCHAR 285C
ENCODING 10332
SWIDTH 625 0
DWIDTH 10 0
BBX 7 15 1 -2
BITMAP
06
06
00
00
06
06
00
00
00
C0
C0
00
00
C0
C0
ENDCHAR
STARTCHAR 285D
ENCODING 10333
SWIDTH 625 0
DWIDTH 10 0
BBX 7 15 1 -2
BITMAP
C6
C6
00
00
06
06
00
00
00
C0
C0
00
00
C0
C0
ENDCHAR
STARTCHAR 285E
ENCODING 10334
SWIDTH 625 0
DWIDTH 10 0
BBX 7 15 1 -2
BITMAP
06
06
00
00
C6
C6
00
00
00
C0
C0
00
00
C0
C0
ENDCHAR
STARTCHAR 285F
ENCODING 10335
SWIDTH 625 0
DWIDTH 10 0
BBX 7 15 1 -2
BITMAP
C6
C6
00
00
C6
C6
00
00
00
C0
C0
00
00
C0
C0
ENDCHAR
STARTCHAR 2860
ENCODING 10336
SWIDTH 625 0
DWIDTH 10 0
BBX 7 6 1 -2
BITMAP
06
06
00
00
C0
C0
ENDCHAR
STARTCHAR 2861
ENCODING 10337
SWIDTH 625 0
DWIDTH 10 0
BBX 7 15 1 -2
BITMAP
C0
C0
00
00
00
00
00
00
00
06
06
00
00
C0
C0
ENDCHAR
STARTCHAR 2862
ENCODING 10338
SWIDTH 625 0
DWIDTH 10 0
BBX 7 11 1 -2
BITMAP
C0
C0
00
00
00
06
06
00
00
C0
C0
ENDCHAR
STARTCHAR 2863
ENCODING 10339
SWIDTH 625 0
DWIDTH 10 0
BBX 7 15 1 -2
BITMAP
C0
C0
00
00
C0
C0
00
00
00
06
06
00
00
C0
C0
ENDCHAR
STARTCHAR 2864
ENCODING 10340
SWIDTH 625 0
DWIDTH 10 0
BBX 7 6 1 -2
BITMAP
C6
C6
00
00
C0
C0
ENDCHAR
STARTCHAR 2865
ENCODING 10341
SWIDTH 625 0
DWIDTH 10 0
BBX 7 15 1 -2
BITMAP
C0
C0
00
00
00
00
00
00
00
C6
C6
00
00
C0
C0
ENDCHAR
STARTCHAR 2866
ENCODING 10342
SWIDTH 625 0
DWIDTH 10 0
BBX 7 11 1 -2
BITMAP
C0
C0
00
00
00
C6
C6
00
00
C0
C0
ENDCHAR
STARTCHAR 2867
ENCODING 10343
SWIDTH 625 0
DWIDTH 10 0
BBX 7 15 1 -2
BITMAP
C0
C0
00
00
C0
C0
00
00
00
C6
C6
00
00
C0
C0
ENDCHAR
STARTCHAR 2868
ENCODING 10344
SWIDTH 625 0
DWIDTH 10 0
BBX 7 15 1 -2
BITMAP
06
06
00
00
00
00
00
00
00
06
06
00
00
C0
C0
ENDCHAR
STARTCHAR 2869
ENCODING 10345
SWIDTH 625 0
DWIDTH 10 0
BBX 7 15 1 -2
BITMAP
C6
C6
00
00
00
00
00
00
00
06
06
00
00
C0
C0
ENDCHAR
STARTCHAR 286A
ENCODING 10346
SWIDTH 625 0
DWIDTH 10 0
BBX 7 15 1 -2
BITMAP
06
06
00
00
C0
C0
00
00
00
06
06
00
00
C0
C0
ENDCHAR
STARTCHAR 286B
ENCODING 10347
SWIDTH 625 0
DWIDTH 10 0
BBX 7 15 1 -2
BITMAP
C6
C6
00
00
C0
C0
00
00
00
06
06
00
00
C0
C0
ENDCHAR
STARTCHAR 286C
ENCODING 10348
SWIDTH 625 0
DWIDTH 10 0
BBX 7 15 1 -2
BITMAP
06
06
00
00
00
00
00
00
00
C6
C6
00
00
C0
C0
ENDCHAR
STARTCHAR 286D
ENCODING 10349
SWIDTH 625 0
DWIDTH 10 0
BBX 7 15 1 -2
BITMAP
C6
C6
00
00
00
00
00
00
00
C6
C6
00
00
C0
C0
ENDCHAR
STARTCHAR 286E
ENCODING 10350
SWIDTH 625 0
DWIDTH 10 0
BBX 7 15 1 -2
BITMAP
06
06
00
00
C0
C0
00
00
00
C6
C6
00
00
C0
C0
ENDCHAR
STARTCHAR 286F
ENCODING 10351
SWIDTH 625 0
DWIDTH 10 0
BBX 7 15 1 -2
BITMAP
C6
C6
00
00
C0
C0
00
00
00
C6
C6
00
00
C0
C0
ENDCHAR
STARTCHAR 2870
ENCODING 10352
SWIDTH 625 0
DWIDTH 10 0
BBX 7 11 1 -2
BITMAP
06
06
00
00
00
06
06
00
00
C0
C0
ENDCHAR
STARTCHAR 2871
ENCODING 10353
SWIDTH 625 0
DWIDTH 10 0
BBX 7 15 1 -2
BITMAP
C0
C0
00
00
06
06
00
00
00
06
06
00
00
C0
C0
ENDCHAR
STARTCHAR 2872
ENCODING 10354
SWIDTH 625 0
DWIDTH 10 0
BBX 7 11 1 -2
BITMAP
C6
C6
00
00
00
06
06
00
00
C0
C0
ENDCHAR
STARTCHAR 2873
ENCODING 10355
SWIDTH 625 0
DWIDTH 10 0
BBX 7 15 1 -2
BITMAP
C0
C0
00
00
C6
C6
00
00
00
06
06
00
00
C0
C0
ENDCHAR
STARTCHAR 2874
ENCODING 10356
SWIDTH 625 0
DWIDTH 10 0
BBX 7 11 1 -2
BITMAP
06
06
00
00
00
C6
C6
00
00
C0
C0
ENDCHAR
STARTCHAR 2875
ENCODING 10357
SWIDTH 625 0
DWIDTH 10 0
BBX 7 15 1 -2
BITMAP
C0
C0
00
00
06
06
00
00
00
C6
C6
00
00
C0
C0
ENDCHAR
STARTCHAR 2876
ENCODING 10358
SWIDTH 625 0
DWIDTH 10 0
BBX 7 11 1 -2
BITMAP
C6
C6
00
00
00
C6
C6
00
00
C0
C0
ENDCHAR
STARTCHAR 2877
ENCODING 10359
SWIDTH 625 0
DWIDTH 10 0
BBX 7 15 1 -2
BITMAP
C0
C0
00
00
C6
C6
00
00
00
C6
C6
00
00
C0
C0
ENDCHAR
STARTCHAR 2878
ENCODING 10360
SWIDTH 625 0
DWIDTH 10 0
BBX 7 15 1 -2
BITMAP
06
06
00
00
06
06
00
00
00
06
06
00
00
C0
C0
ENDCHAR
STARTCHAR 2879
ENCODING 10361
SWIDTH 625 0
DWIDTH 10 0
BBX 7 15 1 -2
BITMAP
C6
C6
00
00
06
06
00
00
00
06
06
00
00
C0
C0
ENDCHAR
STARTCHAR 287A
ENCODING 10362
SWIDTH 625 0
DWIDTH 10 0
BBX 7 15 1 -2
BITMAP
06
06
00
00
C6
C6
00
00
00
06
06
00
00
C0
C0
ENDCHAR
STARTCHAR 287B
ENCODING 10363
SWIDTH 625 0
DWIDTH 10 0
BBX 7 15 1 -2
BITMAP
C6
C6
00
00
C6
C6
00
00
00
06
06
00
00
C0
C0
ENDCHAR
STARTCHAR 287C
ENCODING 10364
SWIDTH 625 0
DWIDTH 10 0
BBX 7 15 1 -2
BITMAP
06
06
00
00
06
06
00
00
00
C6
C6
00
00
C0
C0
ENDCHAR
STARTCHAR 287D
ENCODING 10365
SWIDTH 625 0
DWIDTH 10 0
BBX 7 15 1 -2
BITMAP
C6
C6
00
00
06
06
00
00
00
C6
C6
00
00
C0
C0
ENDCHAR
STARTCHAR 287E
ENCODING 10366
SWIDTH 625 0
DWIDTH 10 0
BBX 7 15 1 -2
BITMAP
06
06
00
00
C6
C6
00
00
00
C6
C6
00
00
C0
C0
ENDCHAR
STARTCHAR 287F
ENCODING 10367
SWIDTH 625 0
DWIDTH 10 0
BBX 7 15 1 -2
BITMAP
C6
C6
00
00
C6
C6
00
00
00
C6
C6
00
00
C0
C0
ENDCHAR
STARTCHAR 2880
ENCODING 10368
SWIDTH 625 0
DWIDTH 10 0
BBX 2 2 6 -2
BITMAP
C0
C0
ENDCHAR
STARTCHAR 2881
ENCODING 10369
SWIDTH 625 0
DWIDTH 10 0
BBX 7 15 1 -2
BITMAP
C0
C0
00
00
00
00
00
00
00
00
00
00
00
06
06
ENDCHAR
STARTCHAR 2882
ENCODING 10370
SWIDTH 625 0
DWIDTH 10 0
BBX 7 11 1 -2
BITMAP
C0
C0
00
00
00
00
00
00
00
06
06
ENDCHAR
STARTCHAR 2883
ENCODING 10371
SWIDTH 625 0
DWIDTH 10 0
BBX 7 15 1 -2
BITMAP
C0
C0
00
00
C0
C0
00
00
00
00
00
00
00
06
06
ENDCHAR
STARTCHAR 2884
ENCODING 10372
SWIDTH 625 0
DWIDTH 10 0
BBX 7 6 1 -2
BITMAP
C0
C0
00
00
06
06
ENDCHAR
STARTCHAR 2885
ENCODING 10373
SWIDTH 625 0
DWIDTH 10 0
BBX 7 15 1 -2
BITMAP
C0
C0
00
00
00
00
00
00
00
C0
C0
00
00
06
06
ENDCHAR
STARTCHAR 2886
ENCODING 10374
SWIDTH 625 0
DWIDTH 10 0
BBX 7 11 1 -2
BITMAP
C0
C0
00
00
00
C0
C0
00
00
06
06
ENDCHAR
STARTCHAR 2887
ENCODING 10375
SWIDTH 625 0
DWIDTH 10 0
BBX 7 15 1 -2
BITMAP
C0
C0
00
00
C0
C0
00
00
00
C0
C0
00
00
06
06
ENDCHAR
STARTCHAR 2888
ENCODING 10376
SWIDTH 625 0
DWIDTH 10 0
BBX 2 15 6 -2
BITMAP
C0
C0
00
00
00
00
00
00
00
00
00
00
00
C0
C0
ENDCHAR
STARTCHAR 2889
ENCODING 10377
SWIDTH 625 0
DWIDTH 10 0
BBX 7 15 1 -2
BITMAP
C6
C6
00
00
00
00
00
00
00
00
00
00
00
06
06
ENDCHAR
STARTCHAR 288A
ENCODING 10378
SWIDTH 625 0
DWIDTH 10 0
BBX 7 15 1 -2
BITMAP
06
06
00
00
C0
C0
00
00
00
00
00
00
00
06
06
ENDCHAR
STARTCHAR 288B
ENCODING 10379
SWIDTH 625 0
DWIDTH 10 0
BBX 7 15 1 -2
BITMAP
C6
C6
00
00
C0
C0
00
00
00
00
00
00
00
06
06
ENDCHAR
STARTCHAR 288C
ENCODING 10380
SWIDTH 625 0
DWIDTH 10 0
BBX 7 15 1 -2
BITMAP
06
06
00
00
00
00
00
00
00
C0
C0
00
00
06
06
ENDCHAR
STARTCHAR 288D
ENCODING 10381
SWIDTH 625 0
DWIDTH 10 0
BBX 7 15 1 -2
BITMAP
C6
C6
00
00
00
00
00
00
00
C0
C0
00
00
06
06
ENDCHAR
STARTCHAR 288E
ENCODING 10382
SWIDTH 625 0
DWIDTH 10 0
BBX 7 15 1 -2
BITMAP
06
06
00
00
C0
C0
00
00
00
C0
C0
00
00
06
06
ENDCHAR
STARTCHAR 288F
ENCODING 10383
SWIDTH 625 0
DWIDTH 10 0
BBX 7 15 1 -2
BITMAP
C6
C6
00
00
C0
C0
00
00
00
C0
C0
00
00
06
06
ENDCHAR
STARTCHAR 2890
ENCODING 10384
SWIDTH 625 0
DWIDTH 10 0
BBX 2 11 6 -2
BITMAP
C0
C0
00
00
00
00
00
00
00
C0
C0
ENDCHAR
STARTCHAR 2891
ENCODING 10385
SWIDTH 625 0
DWIDTH 10 0
BBX 7 15 1 -2
BITMAP
C0
C0
00
00
06
06
00
00
00
00
00
00
00
06
06
ENDCHAR
STARTCHAR 2892
ENCODING 10386
SWIDTH 625 0
DWIDTH 10 0
BBX 7 11 1 -2
BITMAP
C6
C6
00
00
00
00
00
00
00
06
06
ENDCHAR
STARTCHAR 2893
ENCODING 10387
SWIDTH 625 0
DWIDTH 10 0
BBX 7 15 1 -2
BITMAP
C0
C0
00
00
C6
C6
00
00
00
00
00
00
00
06
06
ENDCHAR
STARTCHAR 2894
ENCODING 10388
SWIDTH 625 0
DWIDTH 10 0
BBX 7 11 1 -2
BITMAP
06
06
00
00
00
C0
C0
00
00
06
06
ENDCHAR
STARTCHAR 2895
ENCODING 10389
SWIDTH 625 0
DWIDTH 10 0
BBX 7 15 1 -2
BITMAP
C0
C0
00
00
06
06
00
00
00
C0
C0
00
00
06
06
ENDCHAR
STARTCHAR 2896
ENCODING 10390
SWIDTH 625 0
DWIDTH 10 0
BBX 7 11 1 -2
BITMAP
C6
C6
00
00
00
C0
C0
00
00
06
06
ENDCHAR
STARTCHAR 2897
ENCODING 10391
SWIDTH 625 0
DWIDTH 10 0
BBX 7 15 1 -2
BITMAP
C0
C0
00
00
C6
C6
00
00
00
C0
C0
00
00
06
06
ENDCHAR
STARTCHAR 2898
ENCODING 10392
SWIDTH 625 0
DWIDTH 10 0
BBX 2 15 6 -2
BITMAP
C0
C0
00
00
C0
C0
00
00
00
00
00
00
00
C0
C0
ENDCHAR
STARTCHAR 2899
ENCODING 10393
SWIDTH 625 0
DWIDTH 10 0
BBX 7 15 1 -2
BITMAP
C6
C6
00
00
06
06
00
00
00
00
00
00
00
06
06
ENDCHAR
STARTCHAR 289A
ENCODING 10394
SWIDTH 625 0
DWIDTH 10 0
BBX 7 15 1 -2
BITMAP
06
06
00
00
C6
C6
00
00
00
00
00
00
00
06
06
ENDCHAR
STARTCHAR 289B
ENCODING 10395
SWIDTH 625 0
DWIDTH 10 0
BBX 7 15 1 -2
BITMAP
C6
C6
00
00
C6
C6
00
00
00
00
00
00
00
06
06
ENDCHAR
STARTCHAR 289C
ENCODING 10396
SWIDTH 625 0
DWIDTH 10 0
BBX 7 15 1 -2
BITMAP
06
06
00
00
06
06
00
00
00
C0
C0
00
00
06
06
ENDCHAR
STARTCHAR 289D
ENCODING 10397
SWIDTH 625 0
DWIDTH 10 0
BBX 7 15 1 -2
BITMAP
C6
C6
00
00
06
06
00
00
00
C0
C0
00
00
06
06
ENDCHAR
STARTCHAR 289E
ENCODING 10398
SWIDTH 625 0
DWIDTH 10 0
BBX 7 15 1 -2
BITMAP
06
06
00
00
C6
C6
00
00
00
C0
C0
00
00
06
06
ENDCHAR
STARTCHAR 289F
ENCODING 10399
SWIDTH 625 0
DWIDTH 10 0
BBX 7 15 1 -2
BITMAP
C6
C6
00
00
C6
C6
00
00
00
C0
C0
00
00
06
06
ENDCHAR
STARTCHAR 28A0
ENCODING 10400
SWIDTH 625 0
DWIDTH 10 0
BBX 2 6 6 -2
BITMAP
C0
C0
00
00
C0
C0
ENDCHAR
STARTCHAR 28A1
ENCODING 10401
SWIDTH 625 0
DWIDTH 10 0
BBX 7 15 1 -2
BITMAP
C0
C0
00
00
00
00
00
00
00
06
06
00
00
06
06
ENDCHAR
STARTCHAR 28A2
ENCODING 10402
SWIDTH 625 0
DWIDTH 10 0
BBX 7 11 1 -2
BITMAP
C0
C0
00
00
00
06
06
00
00
06
06
ENDCHAR
STARTCHAR 28A3
ENCODING 10403
SWIDTH 625 0
DWIDTH 10 0
BBX 7 15 1 -2
BITMAP
C0
C0
00
00
C0
C0
00
00
00
06
06
00
00
06
06
ENDCHAR
STARTCHAR 28A4
ENCODING 10404
SWIDTH 625 0
DWIDTH 10 0
BBX 7 6 1 -2
BITMAP
C6
C6
00
00
06
06
ENDCHAR
STARTCHAR 28A5
ENCODING 10405
SWIDTH 625 0
DWIDTH 10 0
BBX 7 15 1 -2
BITMAP
C0
C0
00
00
00
00
00
00
00
C6
C6
00
00
06
06
ENDCHAR
STARTCHAR 28A6
ENCODING 10406
SWIDTH 625 0
DWIDTH 10 0
BBX 7 11 1 -2
BITMAP
C0
C0
00
00
00
C6
C6
00
00
06
06
ENDCHAR
STARTCHAR 28A7
ENCODING 10407
SWIDTH 625 0
DWIDTH 10 0
BBX 7 15 1 -2
BITMAP
C0
C0
00
00
C0
C0
00
00
00
C6
C6
00
00
06
06
ENDCHAR
STARTCHAR 28A8
ENCODING 10408
SWIDTH 625 0
DWIDTH 10 0
BBX 2 15 6 -2
BITMAP
C0
C0
00
00
00
00
00
00
00
C0
C0
00
00
C0
C0
ENDCHAR
STARTCHAR 28A9
ENCODING 10409
SWIDTH 625 0
DWIDTH 10 0
BBX 7 15 1 -2
BITMAP
C6
C6
00
00
00
00
00
00
00
06
06
00
00
06
06
ENDCHAR
STARTCHAR 28AA
ENCODING 10410
SWIDTH 625 0
DWIDTH 10 0
BBX 7 15 1 -2
BITMAP
06
06
00
00
C0
C0
00
00
00
06
06
00
00
06
06
ENDCHAR
STARTCHAR 28AB
ENCODING 10411
SWIDTH 625 0
DWIDTH 10 0
BBX 7 15 1 -2
BITMAP
C6
C6
00
00
C0
C0
00
00
00
06
06
00
00
06
06
ENDCHAR
STARTCHAR 28AC
ENCODING 10412
SWIDTH 625 0
DWIDTH 10 0
BBX 7 15 1 -2
BITMAP
06
06
00
00
00
00
00
00
00
C6
C6
00
00
06
06
ENDCHAR
STARTCHAR 28AD
ENCODING 10413
SWIDTH 625 0
DWIDTH 10 0
BBX 7 15 1 -2
BITMAP
C6
C6
00
00
00
00
00
00
00
C6
C6
00
00
06
06
ENDCHAR
STARTCHAR 28AE
ENCODING 10414
SWIDTH 625 0
DWIDTH 10 0
BBX 7 15 1 -2
BITMAP
06
06
00
00
C0
C0
00
00
00
C6
C6
00
00
06
06
ENDCHAR
STARTCHAR 28AF
ENCODING 10415
SWIDTH 625 0
DWIDTH 10 0
BBX 7 15 1 -2
BITMAP
C6
C6
00
00
C0
C0
00
00
00
C6
C6
00
00
06
06
ENDCHAR
STARTCHAR 28B0
ENCODING 10416
SWIDTH 625 0
DWIDTH 10 0
BBX 2 11 6 -2
BITMAP
C0
C0
00
00
00
C0
C0
00
00
C0
C0
ENDCHAR
STARTCHAR 28B1
ENCODING 10417
SWIDTH 625 0
DWIDTH 10 0
BBX 7 15 1 -2
BITMAP
C0
C0
00
00
06
06
00
00
00
06
06
00
00
06
06
ENDCHAR
STARTCHAR 28B2
ENCODING 10418
SWIDTH 625 0
DWIDTH 10 0
BBX 7 11 1 -2
BITMAP
C6
C6
00
00
00
06
06
00
00
06
06
ENDCHAR
STARTCHAR 28B3
ENCODING 10419
SWIDTH 625 0
DWIDTH 10 0
BBX 7 15 1 -2
BITMAP
C0
C0
00
00
C6
C6
00
00
00
06
06
00
00
06
06
ENDCHAR
STARTCHAR 28B4
ENCODING 10420
SWIDTH 625 0
DWIDTH 10 0
BBX 7 11 1 -2
BITMAP
06
06
00
00
00
C6
C6
00
00
06
06
ENDCHAR
STARTCHAR 28B5
ENCODING 10421
SWIDTH 625 0
DWIDTH 10 0
BBX 7 15 1 -2
BITMAP
C0
C0
00
00
06
06
00
00
00
C6
C6
00
00
06
06
ENDCHAR
STARTCHAR 28B6
ENCODING 10422
SWIDTH 625 0
DWIDTH 10 0
BBX 7 11 1 -2
BITMAP
C6
C6
00
00
00
C6
C6
00
00
06
06
ENDCHAR
STARTCHAR 28B7
ENCODING 10423
SWIDTH 625 0
DWIDTH 10 0
BBX 7 15 1 -2
BITMAP
C0
C0
00
00
C6
C6
00
00
00
C6
C6
00
00
06
06
ENDCHAR
STARTCHAR 28B8
ENCODING 10424
SWIDTH 625 0
DWIDTH 10 0
BBX 2 15 6 -2
BITMAP
C0
C0
00
00
C0
C0
00
00
00
C0
C0
00
00
C0
C0
ENDCHAR
STARTCHAR 28B9
ENCODING 10425
SWIDTH 625 0
DWIDTH 10 0
BBX 7 15 1 -2
BITMAP
C6
C6
00
00
06
06
00
00
00
06
06
00
00
06
06
ENDCHAR
STARTCHAR 28BA
ENCODING 10426
SWIDTH 625 0
DWIDTH 10 0
BBX 7 15 1 -2
BITMAP
06
06
00
00
C6
C6
00
00
00
06
06
00
00
06
06
ENDCHAR
STARTCHAR 28BB
ENCODING 10427
SWIDTH 625 0
DWIDTH 10 0
BBX 7 15 1 -2
BITMAP
C6
C6
00
00
C6
C6
00
00
00
06
06
00
00
06
06
ENDCHAR
STARTCHAR 28BC
ENCODING 10428
SWIDTH 625 0
DWIDTH 10 0
BBX 7 15 1 -2
BITMAP
06
06
00
00
06
06
00
00
00
C6
C6
00
00
06
06
ENDCHAR
STARTCHAR 28BD
ENCODING 10429
SWIDTH 625 0
DWIDTH 10 0
BBX 7 15 1 -2
BITMAP
C6
C6
00
00
06
06
00
00
00
C6
C6
00
00
06
06
ENDCHAR
STARTCHAR 28BE
ENCODING 10430
SWIDTH 625 0
DWIDTH 10 0
BBX 7 15 1 -2
BITMAP
06
06
00
00
C6
C6
00
00
00
C6
C6
00
00
06
06
ENDCHAR
STARTCHAR 28BF
ENCODING 10431
SWIDTH 625 0
DWIDTH 10 0
BBX 7 15 1 -2
BITMAP
C6
C6
00
00
C6
C6
00
00
00
C6
C6
00
00
06
06
ENDCHAR
STARTCHAR 28C0
ENCODING 10432
SWIDTH 625 0
DWIDTH 10 0
BBX 7 2 1 -2
BITMAP
C6
C6
ENDCHAR
STARTCHAR 28C1
ENCODING 10433
SWIDTH 625 0
DWIDTH 10 0
BBX 7 15 1 -2
BITMAP
C0
C0
00
00
00
00
00
00
00
00
00
00
00
C6
C6
ENDCHAR
STARTCHAR 28C2
ENCODING 10434
SWIDTH 625 0
DWIDTH 10 0
BBX 7 11 1 -2
BITMAP
C0
C0
00
00
00
00
00
00
00
C6
C6
ENDCHAR
STARTCHAR 28C3
ENCODING 10435
SWIDTH 625 0
DWIDTH 10 0
BBX 7 15 1 -2
BITMAP
C0
C0
00
00
C0
C0
00
00
00
00
00
00
00
C6
C6
ENDCHAR
STARTCHAR 28C4
ENCODING 10436
SWIDTH 625 0
DWIDTH 10 0
BBX 7 6 1 -2
BITMAP
C0
C0
00
00
C6
C6
ENDCHAR
STARTCHAR 28C5
ENCODING 10437
SWIDTH 625 0
DWIDTH 10 0
BBX 7 15 1 -2
BITMAP
C0
C0
00
00
00
00
00
00
00
C0
C0
00
00
C6
C6
ENDCHAR
STARTCHAR 28C6
ENCODING 10438
SWIDTH 625 0
DWIDTH 10 0
BBX 7 11 1 -2
BITMAP
C0
C0
00
00
00
C0
C0
00
00
C6
C6
ENDCHAR
STARTCHAR 28C7
ENCODING 10439
SWIDTH 625 0
DWIDTH 10 0
BBX 7 15 1 -2
BITMAP
C0
C0
00
00
C0
C0
00
00
00
C0
C0
00
00
C6
C6
ENDCHAR
STARTCHAR 28C8
ENCODING 10440
SWIDTH 625 0
DWIDTH 10 0
BBX 7 15 1 -2
BITMAP
06
06
00
00
00
00
00
00
00
00
00
00
00
C6
C6
ENDCHAR
STARTCHAR 28C9
ENCODING 10441
SWIDTH 625 0
DWIDTH 10 0
BBX 7 15 1 -2
BITMAP
C6
C6
00
00
00
00
00
00
00
00
00
00
00
C6
C6
ENDCHAR
STARTCHAR 28CA
ENCODING 10442
SWIDTH 625 0
DWIDTH 10 0
BBX 7 15 1 -2
BITMAP
06
06
00
00
C0
C0
00
00
00
00
00
00
00
C6
C6
ENDCHAR
STARTCHAR 28CB
ENCODING 10443
SWIDTH 625 0
DWIDTH 10 0
BBX 7 15 1 -2
BITMAP
C6
C6
00
00
C0
C0
00
00
00
00
00
00
00
C6
C6
ENDCHAR
STARTCHAR 28CC
ENCODING 10444
SWIDTH 625 0
DWIDTH 10 0
BBX 7 15 1 -2
BITMAP
06
06
00
00
00
00
00
00
00
C0
C0
00
00
C6
C6
ENDCHAR
STARTCHAR 28CD
ENCODING 10445
SWIDTH 625 0
DWIDTH 10 0
BBX 7 15 1 -2
BITMAP
C6
C6
00
00
00
00
00
00
00
C0
C0
00
00
C6
C6
ENDCHAR
STARTCHAR 28CE
ENCODING 10446
SWIDTH 625 0
DWIDTH 10 0
BBX 7 15 1 -2
BITMAP
06
06
00
00
C0
C0
00
00
00
C0
C0
00
00
C6
C6
ENDCHAR
STARTCHAR 28CF
ENCODING 10447
SWIDTH 625 0
DWIDTH 10 0
BBX 7 15 1 -2
BITMAP
C6
C6
00
00
C0
C0
00
00
00
C0
C0
00
00
C6
C6
ENDCHAR
STARTCHAR 28D0
ENCODING 10448
SWIDTH 625 0
DWIDTH 10 0
BBX 7 11 1 -2
BITMAP
06
06
00
00
00
00
00
00
00
C6
C6
ENDCHAR
STARTCHAR 28D1
ENCODING 10449
SWIDTH 625 0
DWIDTH 10 0
BBX 7 15 1 -2
BITMAP
C0
C0
00
00
06
06
00
00
00
00
00
00
00
C6
C6
ENDCHAR
STARTCHAR 28D2
ENCODING 10450
SWIDTH 625 0
DWIDTH 10 0
BBX 7 11 1 -2
BITMAP
C6
C6
00
00
00
00
00
00
00
C6
C6
ENDCHAR
STARTCHAR 28D3
ENCODING 10451
SWIDTH 625 0
DWIDTH 10 0
BBX 7 15 1 -2
BITMAP
C0
C0
00
00
C6
C6
00
00
00
00
00
00
00
C6
C6
ENDCHAR
STARTCHAR 28D4
ENCODING 10452
SWIDTH 625 0
DWIDTH 10 0
BBX 7 11 1 -2
BITMAP
06
06
00
00
00
C0
C0
00
00
C6
C6
ENDCHAR
STARTCHAR 28D5
ENCODING 10453
SWIDTH 625 0
DWIDTH 10 0
BBX 7 15 1 -2
BITMAP
C0
C0
00
00
06
06
00
00
00
C0
C0
00
00
C6
C6
ENDCHAR
STARTCHAR 28D6
ENCODING 10454
SWIDTH 625 0
DWIDTH 10 0
BBX 7 11 1 -2
BITMAP
C6
C6
00
00
00
C0
C0
00
00
C6
C6
ENDCHAR
STARTCHAR 28D7
ENCODING 10455
SWIDTH 625 0
DWIDTH 10 0
BBX 7 15 1 -2
BITMAP
C0
C0
00
00
C6
C6
00
00
00
C0
C0
00
00
C6
C6
ENDCHAR
STARTCHAR 28D8
ENCODING 10456
SWIDTH 625 0
DWIDTH 10 0
BBX 7 15 1 -2
BITMAP
06
06
00
00
06
06
00
00
00
00
00
00
00
C6
C6
ENDCHAR
STARTCHAR 28D9
ENCODING 10457
SWIDTH 625 0
DWIDTH 10 0
BBX 7 15 1 -2
BITMAP
C6
C6
00
00
06
06
00
00
00
00
00
00
00
C6
C6
ENDCHAR
STARTCHAR 28DA
ENCODING 10458
SWIDTH 625 0
DWIDTH 10 0
BBX 7 15 1 -2
BITMAP
06
06
00
00
C6
C6
00
00
00
00
00
00
00
C6
C6
ENDCHAR
STARTCHAR 28DB
ENCODING 10459
SWIDTH 625 0
DWIDTH 10 0
BBX 7 15 1 -2
BITMAP
C6
C6
00
00
C6
C6
00
00
00
00
00
00
00
C6
C6
ENDCHAR
STARTCHAR 28DC
ENCODING 10460
SWIDTH 625 0
DWIDTH 10 0
BBX 7 15 1 -2
BITMAP
06
06
00
00
06
06
00
00
00
C0
C0
00
00
C6
C6
ENDCHAR
STARTCHAR 28DD
ENCODING 10461
SWIDTH 625 0
DWIDTH 10 0
BBX 7 15 1 -2
BITMAP
C6
C6
00
00
06
06
00
00
00
C0
C0
00
00
C6
C6
ENDCHAR
STARTCHAR 28DE
ENCODING 10462
SWIDTH 625 0
DWIDTH 10 0
BBX 7 15 1 -2
BITMAP
06
06
00
00
C6
C6
00
00
00
C0
C0
00
00
C6
C6
ENDCHAR
STARTCHAR 28DF
ENCODING 10463
SWIDTH 625 0
DWIDTH 10 0
BBX 7 15 1 -2
BITMAP
C6
C6
00
00
C6
C6
00
00
00
C0
C0
00
00
C6
C6
ENDCHAR
STARTCHAR 28E0
ENCODING 10464
SWIDTH 625 0
DWIDTH 10 0
BBX 7 6 1 -2
BITMAP
06
06
00
00
C6
C6
ENDCHAR
STARTCHAR 28E1
ENCODING 10465
SWIDTH 625 0
DWIDTH 10 0
BBX 7 15 1 -2
BITMAP
C0
C0
00
00
00
00
00
00
00
06
06
00
00
C6
C6
ENDCHAR
STARTCHAR 28E2
ENCODING 10466
SWIDTH 625 0
DWIDTH 10 0
BBX 7 11 1 -2
BITMAP
C0
C0
00
00
00
06
06
00
00
C6
C6
ENDCHAR
STARTCHAR 28E3
ENCODING 10467
SWIDTH 625 0
DWIDTH 10 0
BBX 7 15 1 -2
BITMAP
C0
C0
00
00
C0
C0
00
00
00
06
06
00
00
C6
C6
ENDCHAR
STARTCHAR 28E4
ENCODING 10468
SWIDTH 625 0
DWIDTH 10 0
BBX 7 6 1 -2
BITMAP
C6
C6
00
00
C6
C6
ENDCHAR
STARTCHAR 28E5
ENCODING 10469
SWIDTH 625 0
DWIDTH 10 0
BBX 7 15 1 -2
BITMAP
C0
C0
00
00
00
00
00
00
00
C6
C6
00
00
C6
C6
ENDCHAR
STARTCHAR 28E6
ENCODING 10470
SWIDTH 625 0
DWIDTH 10 0
BBX 7 11 1 -2
BITMAP
C0
C0
00
00
00
C6
C6
00
00
C6
C6
ENDCHAR
STARTCHAR 28E7
ENCODING 10471
SWIDTH 625 0
DWIDTH 10 0
BBX 7 15 1 -2
BITMAP
C0
C0
00
00
C0
C0
00
00
00
C6
C6
00
00
C6
C6
ENDCHAR
STARTCHAR 28E8
ENCODING 10472
SWIDTH 625 0
DWIDTH 10 0
BBX 7 15 1 -2
BITMAP
06
06
00
00
00
00
00
00
00
06
06
00
00
C6
C6
ENDCHAR
STARTCHAR 28E9
ENCODING 10473
SWIDTH 625 0
DWIDTH 10 0
BBX 7 15 1 -2
BITMAP
C6
C6
00
00
00
00
00
00
00
06
06
00
00
C6
C6
ENDCHAR
STARTCHAR 28EA
ENCODING 10474
SWIDTH 625 0
DWIDTH 10 0
BBX 7 15 1 -2
BITMAP
06
06
00
00
C0
C0
00
00
00
06
06
00
00
C6
C6
ENDCHAR
STARTCHAR 28EB
ENCODING 10475
SWIDTH 625 0
DWIDTH 10 0
BBX 7 15 1 -2
BITMAP
C6
C6
00
00
C0
C0
00
00
00
06
06
00
00
C6
C6
ENDCHAR
STARTCHAR 28EC
ENCODING 10476
SWIDTH 625 0
DWIDTH 10 0
BBX 7 15 1 -2
BITMAP
06
06
00
00
00
00
00
00
00
C6
C6
00
00
C6
C6
ENDCHAR
STARTCHAR 28ED
ENCODING 10477
SWIDTH 625 0
DWIDTH 10 0
BBX 7 15 1 -2
BITMAP
C6
C6
00
00
00
00
00
00
00
C6
C6
00
00
C6
C6
ENDCHAR
STARTCHAR 28EE
ENCODING 10478
SWIDTH 625 0
DWIDTH 10 0
BBX 7 15 1 -2
BITMAP
06
06
00
00
C0
C0
00
00
00
C6
C6
00
00
C6
C6
ENDCHAR
STARTCHAR 28EF
ENCODING 10479
SWIDTH 625 0
DWIDTH 10 0
BBX 7 15 1 -2
BITMAP
C6
C6
00
00
C0
C0
00
00
00
C6
C6
00
00
C6
C6
ENDCHAR
STARTCHAR 28F0
ENCODING 10480
SWIDTH 625 0
DWIDTH 10 0
BBX 7 11 1 -2
BITMAP
06
06
00
00
00
06
06
00
00
C6
C6
ENDCHAR
STARTCHAR 28F1
ENCODING 10481
SWIDTH 625 0
DWIDTH 10 0
BBX 7 15 1 -2
BITMAP
C0
C0
00
00
06
06
00
00
00
06
06
00
00
C6
C6
ENDCHAR
STARTCHAR 28F2
ENCODING 10482
SWIDTH 625 0
DWIDTH 10 0
BBX 7 11 1 -2
BITMAP
C6
C6
00
00
00
06
06
00
00
C6
C6
ENDCHAR
STARTCHAR 28F3
ENCODING 10483
SWIDTH 625 0
DWIDTH 10 0
BBX 7 15 1 -2
BITMAP
C0
C0
00
00
C6
C6
00
00
00
06
06
00
00
C6
C6
ENDCHAR
STARTCHAR 28F4
ENCODING 10484
SWIDTH 625 0
DWIDTH 10 0
BBX 7 11 1 -2
BITMAP
06
06
00
00
00
C6
C6
00
00
C6
C6
ENDCHAR
STARTCHAR 28F5
ENCODING 10485
SWIDTH 625 0
DWIDTH 10 0
BBX 7 15 1 -2
BITMAP
C0
C0
00
00
06
06
00
00
00
C6
C6
00
00
C6
C6
ENDCHAR
STARTCHAR 28F6
ENCODING 10486
SWIDTH 625 0
DWIDTH 10 0
BBX 7 11 1 -2
BITMAP
C6
C6
00
00
00
C6
C6
00
00
C6
C6
ENDCHAR
STARTCHAR 28F7
ENCODING 10487
SWIDTH 625 0
DWIDTH 10 0
BBX 7 15 1 -2
BITMAP
C0
C0
00
00
C6
C6
00
00
00
C6
C6
00
00
C6
C6
ENDCHAR
STARTCHAR 28F8
ENCODING 10488
SWIDTH 625 0
DWIDTH 10 0
BBX 7 15 1 -2
BITMAP
06
06
00
00
06
06
00
00
00
06
06
00
00
C6
C6
ENDCHAR
STARTCHAR 28F9
ENCODING 10489
SWIDTH 625 0
DWIDTH 10 0
BBX 7 15 1 -2
BITMAP
C6
C6
00
00
06
06
00
00
00
06
06
00
00
C6
C6
ENDCHAR
STARTCHAR 28FA
ENCODING 10490
SWIDTH 625 0
DWIDTH 10 0
BBX 7 15 1 -2
BITMAP
06
06
00
00
C6
C6
00
00
00
06
06
00
00
C6
C6
ENDCHAR
STARTCHAR 28FB
ENCODING 10491
SWIDTH 625 0
DWIDTH 10 0
BBX 7 15 1 -2
BITMAP
C6
C6
00
00
C6
C6
00
00
00
06
06
00
00
C6
C6
ENDCHAR
STARTCHAR 28FC
ENCODING 10492
SWIDTH 625 0
DWIDTH 10 0
BBX 7 15 1 -2
BITMAP
06
06
00
00
06
06
00
00
00
C6
C6
00
00
C6
C6
ENDCHAR
STARTCHAR 28FD
ENCODING 10493
SWIDTH 625 0
DWIDTH 10 0
BBX 7 15 1 -2
BITMAP
C6
C6
00
00
06
06
00
00
00
C6
C6
00
00
C6
C6
ENDCHAR
STARTCHAR 28FE
ENCODING 10494
SWIDTH 625 0
DWIDTH 10 0
BBX 7 15 1 -2
BITMAP
06
06
00
00
C6
C6
00
00
00
C6
C6
00
00
C6
C6
ENDCHAR
STARTCHAR 28FF
ENCODING 10495
SWIDTH 625 0
DWIDTH 10 0
BBX 7 15 1 -2
BITMAP
C6
C6
00
00
C6
C6
00
00
00
C6
C6
00
00
C6
C6
ENDCHAR
STARTCHAR 2900
ENCODING 10496
SWIDTH 1187 0
DWIDTH 19 0
BBX 17 9 1 1
BITMAP
004800
042400
041200
040900
FFFF80
040900
041200
042400
044800
ENDCHAR
STARTCHAR 2901
ENCODING 10497
SWIDTH 1187 0
DWIDTH 19 0
BBX 17 9 1 1
BITMAP
005800
126C00
123600
121B00
FFFF80
121B00
123600
126C00
12D800
ENDCHAR
STARTCHAR 2902
ENCODING 10498
SWIDTH 1187 0
DWIDTH 19 0
BBX 17 9 1 1
BITMAP
082000
182000
3FFF80
402000
802000
402000
3FFF80
102000
082000
ENDCHAR
STARTCHAR 2903
ENCODING 10499
SWIDTH 1187 0
DWIDTH 19 0
BBX 17 9 1 1
BITMAP
020800
020C00
FFFE00
020100
020080
020100
FFFE00
020400
020800
ENDCHAR
STARTCHAR 2904
ENCODING 10500
SWIDTH 1187 0
DWIDTH 19 0
BBX 17 9 1 1
BITMAP
088800
108400
3FFE00
408100
808080
408100
3FFE00
108400
088800
ENDCHAR
STARTCHAR 2905
ENCODING 10501
SWIDTH 1187 0
DWIDTH 19 0
BBX 17 9 1 1
BITMAP
804800
802C00
801200
800900
FFFF80
800900
801200
802400
804800
ENDCHAR
STARTCHAR 2906
ENCODING 10502
SWIDTH 1187 0
DWIDTH 19 0
BBX 17 9 1 1
BITMAP
080080
100080
3FFF80
400080
800080
400080
3FFF80
100080
080080
ENDCHAR
STARTCHAR 2907
ENCODING 10503
SWIDTH 1187 0
DWIDTH 19 0
BBX 17 9 1 1
BITMAP
800800
800400
FFFE00
800100
800080
800100
FFFE00
800400
800800
ENDCHAR
STARTCHAR 2908
ENCODING 10504
SWIDTH 1187 0
DWIDTH 19 0
BBX 9 17 5 -3
BITMAP
0800
0800
0800
0800
0800
0800
FF80
0800
0800
0800
0800
0800
C880
6900
2A00
1C00
0800
ENDCHAR
STARTCHAR 2909
ENCODING 10505
SWIDTH 1187 0
DWIDTH 19 0
BBX 9 17 5 -3
BITMAP
0800
1C00
2A00
6900
C880
0800
0800
0800
0800
0800
FF80
0800
0800
0800
0800
0800
0800
ENDCHAR
STARTCHAR 290A
ENCODING 10506
SWIDTH 1187 0
DWIDTH 19 0
BBX 9 17 5 -3
BITMAP
0800
1C00
2A00
6B00
AA80
2A00
2A00
2A00
2A00
2A00
2A00
2A00
2A00
2A00
2A00
2A00
2A00
ENDCHAR
STARTCHAR 290B
ENCODING 10507
SWIDTH 1187 0
DWIDTH 19 0
BBX 9 17 5 -3
BITMAP
2A00
2A00
2A00
2A00
2A00
2A00
2A00
2A00
2A00
2A00
2A00
2A00
AA80
6B00
2A00
1C00
0800
ENDCHAR
STARTCHAR 290C
ENCODING 10508
SWIDTH 1187 0
DWIDTH 19 0
BBX 17 9 1 1
BITMAP
080000
100000
200000
400000
FF7F80
400000
200000
100000
080000
ENDCHAR
STARTCHAR 290D
ENCODING 10509
SWIDTH 1187 0
DWIDTH 19 0
BBX 17 9 1 1
BITMAP
000800
000400
000200
000100
FF7F80
000100
000200
000400
000800
ENDCHAR
STARTCHAR 290E
ENCODING 10510
SWIDTH 1187 0
DWIDTH 19 0
BBX 17 9 1 1
BITMAP
080000
100000
200000
400000
FBEF80
400000
200000
100000
080000
ENDCHAR
STARTCHAR 290F
ENCODING 10511
SWIDTH 1187 0
DWIDTH 19 0
BBX 17 9 1 1
BITMAP
000800
000400
000200
000100
FBEF80
000100
000200
000400
000800
ENDCHAR
STARTCHAR 2910
ENCODING 10512
SWIDTH 1187 0
DWIDTH 19 0
BBX 17 9 1 1
BITMAP
804800
402400
201200
100900
0EDF80
100900
201200
402400
804800
ENDCHAR
STARTCHAR 2911
ENCODING 10513
SWIDTH 1187 0
DWIDTH 19 0
BBX 17 9 1 1
BITMAP
000800
000400
000200
000100
AAAA80
000100
000200
000400
000800
ENDCHAR
STARTCHAR 2912
ENCODING 10514
SWIDTH 1187 0
DWIDTH 19 0
BBX 9 17 5 -3
BITMAP
FF80
0800
1C00
2A00
6900
C880
0800
0800
0800
0800
0800
0800
0800
0800
0800
0800
0800
ENDCHAR
STARTCHAR 2913
ENCODING 10515
SWIDTH 1187 0
DWIDTH 19 0
BBX 9 17 5 -3
BITMAP
0800
0800
0800
0800
0800
0800
0800
0800
0800
0800
0800
C880
6900
2A00
1C00
0800
FF80
ENDCHAR
STARTCHAR 2914
ENCODING 10516
SWIDTH 1187 0
DWIDTH 19 0
BBX 17 9 1 1
BITMAP
800800
C08C00
608200
308100
0FFF80
108100
208200
C08400
808800
ENDCHAR
STARTCHAR 2915
ENCODING 10517
SWIDTH 1187 0
DWIDTH 19 0
BBX 17 9 1 1
BITMAP
800800
412400
212200
112100
0FFF80
112100
212200
412400
812800
ENDCHAR
STARTCHAR 2916
ENCODING 10518
SWIDTH 1187 0
DWIDTH 19 0
BBX 17 9 1 1
BITMAP
804800
402400
201200
100900
0FFF80
100900
201200
402400
804800
ENDCHAR
STARTCHAR 2917
ENCODING 10519
SWIDTH 1187 0
DWIDTH 19 0
BBX 18 9 1 1
BITMAP
802C00
413600
211B00
110D80
0FFFC0
190580
311B00
613600
C16C00
ENDCHAR
STARTCHAR 2918
ENCODING 10520
SWIDTH 1187 0
DWIDTH 19 0
BBX 17 9 0 1
BITMAP
406800
62B400
329A00
1A8D00
0FFF80
1A8D80
329B00
62B600
C2EC00
ENDCHAR
STARTCHAR 2919
ENCODING 10521
SWIDTH 1187 0
DWIDTH 19 0
BBX 17 9 1 1
BITMAP
000080
000180
000200
000400
FFF800
000400
000200
000100
000080
ENDCHAR
STARTCHAR 291A
ENCODING 10522
SWIDTH 1187 0
DWIDTH 19 0
BBX 17 9 1 1
BITMAP
800000
400000
200000
100000
0FFF80
100000
200000
400000
800000
ENDCHAR
STARTCHAR 291B
ENCODING 10523
SWIDTH 1187 0
DWIDTH 19 0
BBX 17 9 1 1
BITMAP
000480
000D80
001A00
003400
FFF800
002400
001200
000D00
000680
ENDCHAR
STARTCHAR 291C
ENCODING 10524
SWIDTH 1187 0
DWIDTH 19 0
BBX 17 9 1 1
BITMAP
900000
480000
240000
120000
0FFF80
120000
240000
480000
900000
ENDCHAR
STARTCHAR 291D
ENCODING 10525
SWIDTH 1187 0
DWIDTH 19 0
BBX 17 9 1 1
BITMAP
002000
004000
308000
790000
FFFF80
790000
308000
004000
002000
ENDCHAR
STARTCHAR 291E
ENCODING 10526
SWIDTH 1187 0
DWIDTH 19 0
BBX 17 9 1 1
BITMAP
030000
018000
00C200
006700
FFFF80
006F00
00C600
018000
030000
ENDCHAR
STARTCHAR 291F
ENCODING 10527
SWIDTH 1187 0
DWIDTH 19 0
BBX 17 9 1 1
BITMAP
002080
004080
308080
790080
FFFF80
790080
308080
004080
002080
ENDCHAR
STARTCHAR 2920
ENCODING 10528
SWIDTH 1187 0
DWIDTH 19 0
BBX 17 9 1 1
BITMAP
820000
810000
808600
804F00
FFFF80
804F00
808600
810000
820000
ENDCHAR
STARTCHAR 2921
ENCODING 10529
SWIDTH 1187 0
DWIDTH 19 0
BBX 15 14 2 -1
BITMAP
FE00
C000
B000
9800
8C00
8600
8300
0182
00C2
0062
0032
001A
0006
00FE
ENDCHAR
STARTCHAR 2922
ENCODING 10530
SWIDTH 1187 0
DWIDTH 19 0
BBX 15 14 2 -1
BITMAP
00FE
0006
001A
0032
0062
00C2
0180
0300
8600
8C00
9800
A000
C000
FE00
ENDCHAR
STARTCHAR 2923
ENCODING 10531
SWIDTH 1187 0
DWIDTH 19 0
BBX 14 17 2 -4
BITMAP
FE00
C000
A000
9000
8800
8400
8200
0100
00C0
0060
0030
0018
0008
0004
0004
000C
0038
ENDCHAR
STARTCHAR 2924
ENCODING 10532
SWIDTH 1187 0
DWIDTH 19 0
BBX 14 17 3 -4
BITMAP
01FC
000C
0014
0024
0044
0084
0300
0600
0C00
1800
3000
6000
C000
8000
8000
C000
7000
ENDCHAR
STARTCHAR 2925
ENCODING 10533
SWIDTH 1187 0
DWIDTH 19 0
BBX 14 17 3 -1
BITMAP
7000
C000
8000
8000
4000
2000
1000
0800
0400
0200
0104
0084
0044
0024
0014
000C
01FC
ENDCHAR
STARTCHAR 2926
ENCODING 10534
SWIDTH 1187 0
DWIDTH 19 0
BBX 14 17 2 -1
BITMAP
0078
000C
0004
0004
0008
0010
0020
0040
0080
0100
0200
8400
8800
9000
A000
C000
FE00
ENDCHAR
STARTCHAR 2933
ENCODING 10547
SWIDTH 1187 0
DWIDTH 19 0
BBX 17 9 1 1
BITMAP
000800
0F0400
198200
308100
E07F80
000100
000200
000400
000800
ENDCHAR
STARTCHAR 2940
ENCODING 10560
SWIDTH 1187 0
DWIDTH 19 0
BBX 14 15 3 -1
BITMAP
0180
0300
1FC0
3330
6198
C008
8004
8004
8004
8004
8004
C008
6018
3030
1FC0
ENDCHAR
STARTCHAR 2941
ENCODING 10561
SWIDTH 1187 0
DWIDTH 19 0
BBX 14 15 3 -1
BITMAP
0600
0300
1FE0
3230
6418
C008
8004
8004
8004
8004
8004
C008
6018
3030
1FC0
ENDCHAR
STARTCHAR 2947
ENCODING 10567
SWIDTH 1187 0
DWIDTH 19 0
BBX 17 9 1 1
BITMAP
000800
000400
0CC200
078100
FFFF80
078100
0CC200
000400
000800
ENDCHAR
STARTCHAR 2948
ENCODING 10568
SWIDTH 1187 0
DWIDTH 19 0
BBX 17 9 1 1
BITMAP
080800
11C400
222200
421100
FFFF80
461100
222200
11C400
080800
ENDCHAR
STARTCHAR 294A
ENCODING 10570
SWIDTH 1187 0
DWIDTH 19 0
BBX 17 9 1 1
BITMAP
080000
180000
300000
600000
7FFF80
800100
000200
000400
000800
ENDCHAR
STARTCHAR 294B
ENCODING 10571
SWIDTH 1187 0
DWIDTH 19 0
BBX 17 9 1 1
BITMAP
000800
000400
000200
000100
FFFF80
600000
200000
100000
080000
ENDCHAR
STARTCHAR 294C
ENCODING 10572
SWIDTH 1187 0
DWIDTH 19 0
BBX 9 17 5 -3
BITMAP
0800
0C00
0E00
0900
0880
0800
0800
0800
0800
0800
0800
0800
8800
4800
3800
1800
0800
ENDCHAR
STARTCHAR 294D
ENCODING 10573
SWIDTH 1187 0
DWIDTH 19 0
BBX 9 17 5 -3
BITMAP
0800
1800
3800
6800
8800
0800
0800
0800
0800
0800
0800
0800
0880
0900
0A00
0C00
0800
ENDCHAR
STARTCHAR 294E
ENCODING 10574
SWIDTH 1187 0
DWIDTH 19 0
BBX 17 5 1 5
BITMAP
080800
180400
300200
600100
FFFF80
ENDCHAR
STARTCHAR 294F
ENCODING 10575
SWIDTH 1187 0
DWIDTH 19 0
BBX 5 17 9 -3
BITMAP
80
C0
E0
90
88
80
80
80
80
80
80
80
88
90
A0
C0
80
ENDCHAR
STARTCHAR 2950
ENCODING 10576
SWIDTH 1187 0
DWIDTH 19 0
BBX 17 5 1 1
BITMAP
FFFF80
600100
200200
100400
080800
ENDCHAR
STARTCHAR 2951
ENCODING 10577
SWIDTH 1187 0
DWIDTH 19 0
BBX 5 17 5 -3
BITMAP
08
18
38
68
88
08
08
08
08
08
08
08
88
48
38
18
08
ENDCHAR
STARTCHAR 2952
ENCODING 10578
SWIDTH 1187 0
DWIDTH 19 0
BBX 17 9 1 1
BITMAP
840000
8C0000
980000
900000
BFFF80
800000
800000
800000
800000
ENDCHAR
STARTCHAR 2953
ENCODING 10579
SWIDTH 1187 0
DWIDTH 19 0
BBX 17 9 1 1
BITMAP
001080
001880
000C80
000480
FFFE80
000080
000080
000080
000080
ENDCHAR
STARTCHAR 2954
ENCODING 10580
SWIDTH 1187 0
DWIDTH 19 0
BBX 9 17 5 -3
BITMAP
FF80
0000
0C00
0E00
0B00
0980
0800
0800
0800
0800
0800
0800
0800
0800
0800
0800
0800
ENDCHAR
STARTCHAR 2955
ENCODING 10581
SWIDTH 1187 0
DWIDTH 19 0
BBX 9 17 5 -3
BITMAP
0800
0800
0800
0800
0800
0800
0800
0800
0800
0800
0800
0980
0B00
0E00
0C00
0000
FF80
ENDCHAR
STARTCHAR 2956
ENCODING 10582
SWIDTH 1187 0
DWIDTH 19 0
BBX 17 9 1 1
BITMAP
800000
800000
800000
800000
BFFF80
B00000
980000
8C0000
840000
ENDCHAR
STARTCHAR 2957
ENCODING 10583
SWIDTH 1187 0
DWIDTH 19 0
BBX 17 9 1 1
BITMAP
000080
000080
000080
000080
FFFE80
000680
000C80
001880
001080
ENDCHAR
STARTCHAR 2958
ENCODING 10584
SWIDTH 1187 0
DWIDTH 19 0
BBX 9 17 5 -3
BITMAP
FF80
0000
0800
3800
6800
C800
0800
0800
0800
0800
0800
0800
0800
0800
0800
0800
0800
ENDCHAR
STARTCHAR 2959
ENCODING 10585
SWIDTH 1187 0
DWIDTH 19 0
BBX 9 17 5 -3
BITMAP
0800
0800
0800
0800
0800
0800
0800
0800
0800
0800
0800
C800
6800
3800
0800
0000
FF80
ENDCHAR
STARTCHAR 295A
ENCODING 10586
SWIDTH 1187 0
DWIDTH 19 0
BBX 16 9 2 1
BITMAP
1001
3001
6001
C001
FFFF
0001
0001
0001
0001
ENDCHAR
STARTCHAR 295B
ENCODING 10587
SWIDTH 1187 0
DWIDTH 19 0
BBX 16 9 1 1
BITMAP
8008
800C
8006
8003
FFFF
8000
8000
8000
8000
ENDCHAR
STARTCHAR 295C
ENCODING 10588
SWIDTH 1187 0
DWIDTH 19 0
BBX 9 17 5 -3
BITMAP
0800
0C00
0E00
0B00
0880
0800
0800
0800
0800
0800
0800
0800
0800
0800
0800
0800
FF80
ENDCHAR
STARTCHAR 295D
ENCODING 10589
SWIDTH 1187 0
DWIDTH 19 0
BBX 9 17 5 -3
BITMAP
FF80
0800
0800
0800
0800
0800
0800
0800
0800
0800
0800
0800
0880
0B00
0E00
0C00
0800
ENDCHAR
STARTCHAR 295E
ENCODING 10590
SWIDTH 1187 0
DWIDTH 19 0
BBX 17 9 1 1
BITMAP
000080
000080
000080
000080
FFFF80
600080
300080
100080
080080
ENDCHAR
STARTCHAR 295F
ENCODING 10591
SWIDTH 1187 0
DWIDTH 19 0
BBX 17 9 1 1
BITMAP
800000
800000
800000
800000
FFFF80
800300
800600
800400
800800
ENDCHAR
STARTCHAR 2960
ENCODING 10592
SWIDTH 1187 0
DWIDTH 19 0
BBX 9 16 5 -2
BITMAP
1800
3800
6800
C800
0800
0800
0800
0800
0800
0800
0800
0800
0800
0800
0800
FF80
ENDCHAR
STARTCHAR 2961
ENCODING 10593
SWIDTH 1187 0
DWIDTH 19 0
BBX 9 16 5 -3
BITMAP
FF80
0800
0800
0800
0800
0800
0800
0800
0800
0800
0800
0800
C800
6800
3800
1800
ENDCHAR
STARTCHAR 2962
ENCODING 10594
SWIDTH 1187 0
DWIDTH 19 0
BBX 17 13 1 -1
BITMAP
080000
100000
200000
600000
FFFF80
000000
000000
000000
FFFF80
600000
200000
100000
080000
ENDCHAR
STARTCHAR 2963
ENCODING 10595
SWIDTH 1187 0
DWIDTH 19 0
BBX 14 17 3 -3
BITMAP
0840
1860
3870
4858
8844
0840
0840
0840
0840
0840
0840
0840
0840
0840
0840
0840
0840
ENDCHAR
STARTCHAR 2964
ENCODING 10596
SWIDTH 1187 0
DWIDTH 19 0
BBX 17 13 1 -1
BITMAP
000800
000400
000200
000100
FFFF80
000000
000000
000000
FFFF80
000100
000200
000400
000800
ENDCHAR
STARTCHAR 2965
ENCODING 10597
SWIDTH 1187 0
DWIDTH 19 0
BBX 14 17 3 -3
BITMAP
0840
0840
0840
0840
0840
0840
0840
0840
0840
0840
0840
0840
8844
4848
2870
1860
0840
ENDCHAR
STARTCHAR 296E
ENCODING 10606
SWIDTH 1187 0
DWIDTH 19 0
BBX 14 17 3 -3
BITMAP
0840
1840
3840
4840
8840
0840
0840
0840
0840
0840
0840
0840
0844
0848
0870
0860
0840
ENDCHAR
STARTCHAR 296F
ENCODING 10607
SWIDTH 1187 0
DWIDTH 19 0
BBX 14 17 3 -3
BITMAP
0840
0860
0870
0858
0844
0840
0840
0840
0840
0840
0840
0840
8840
4840
2840
1840
0840
ENDCHAR
STARTCHAR 2980
ENCODING 10624
SWIDTH 625 0
DWIDTH 10 0
BBX 5 15 2 -2
BITMAP
A8
A8
A8
A8
A8
A8
A8
A8
A8
A8
A8
A8
A8
A8
A8
ENDCHAR
STARTCHAR 2981
ENCODING 10625
SWIDTH 1187 0
DWIDTH 19 0
BBX 7 7 6 2
BITMAP
7C
FE
FE
FE
FE
FE
7C
ENDCHAR
STARTCHAR 2982
ENCODING 10626
SWIDTH 625 0
DWIDTH 10 0
BBX 3 10 3 -1
BITMAP
60
A0
A0
E0
00
00
60
A0
A0
E0
ENDCHAR
STARTCHAR 2983
ENCODING 10627
SWIDTH 625 0
DWIDTH 10 0
BBX 5 16 2 -3
BITMAP
18
38
28
28
28
28
28
C8
68
28
28
28
28
28
18
08
ENDCHAR
STARTCHAR 2984
ENCODING 10628
SWIDTH 625 0
DWIDTH 10 0
BBX 6 16 2 -3
BITMAP
C0
E0
A0
A0
A0
A0
B0
9C
90
A0
A0
A0
A0
A0
E0
80
ENDCHAR
STARTCHAR 2987
ENCODING 10631
SWIDTH 625 0
DWIDTH 10 0
BBX 4 15 3 -3
BITMAP
10
30
50
50
90
90
90
90
90
90
90
50
50
30
10
ENDCHAR
STARTCHAR 2988
ENCODING 10632
SWIDTH 625 0
DWIDTH 10 0
BBX 4 15 3 -3
BITMAP
80
C0
A0
A0
90
90
90
90
90
90
90
A0
A0
C0
80
ENDCHAR
STARTCHAR 2989
ENCODING 10633
SWIDTH 625 0
DWIDTH 10 0
BBX 5 13 2 -1
BITMAP
08
18
18
38
28
48
C8
48
28
28
18
18
08
ENDCHAR
STARTCHAR 298A
ENCODING 10634
SWIDTH 625 0
DWIDTH 10 0
BBX 5 13 3 -1
BITMAP
80
80
C0
E0
A0
90
98
90
A0
E0
C0
C0
80
ENDCHAR
STARTCHAR 2999
ENCODING 10649
SWIDTH 625 0
DWIDTH 10 0
BBX 2 11 4 0
BITMAP
C0
C0
00
C0
C0
00
C0
C0
00
C0
C0
ENDCHAR
STARTCHAR 299A
ENCODING 10650
SWIDTH 625 0
DWIDTH 10 0
BBX 4 15 3 -2
BITMAP
40
30
60
C0
60
60
C0
60
20
40
C0
20
60
C0
60
ENDCHAR
STARTCHAR 29A2
ENCODING 10658
SWIDTH 625 0
DWIDTH 10 0
BBX 7 7 1 1
BITMAP
FE
04
08
10
20
40
80
ENDCHAR
STARTCHAR 29A3
ENCODING 10659
SWIDTH 625 0
DWIDTH 10 0
BBX 7 7 1 3
BITMAP
80
40
20
10
08
04
FE
ENDCHAR
STARTCHAR 29B0
ENCODING 10672
SWIDTH 625 0
DWIDTH 10 0
BBX 6 14 2 -1
BITMAP
80
F0
48
C4
C4
A4
A4
94
94
9C
8C
48
7C
04
ENDCHAR
STARTCHAR 29B1
ENCODING 10673
SWIDTH 625 0
DWIDTH 10 0
BBX 6 16 2 -1
BITMAP
FC
00
04
3C
48
8C
9C
94
94
A4
A4
C4
C4
48
F8
80
ENDCHAR
STARTCHAR 29B2
ENCODING 10674
SWIDTH 625 0
DWIDTH 10 0
BBX 7 17 2 -1
BITMAP
30
28
38
00
3C
4C
CC
8E
9E
96
B6
A6
E6
C4
4C
F8
80
ENDCHAR
STARTCHAR 29B3
ENCODING 10675
SWIDTH 625 0
DWIDTH 10 0
BBX 6 17 2 -1
BITMAP
08
FC
08
04
3C
48
8C
9C
94
94
A4
A4
C4
C4
48
F8
80
ENDCHAR
STARTCHAR 29B4
ENCODING 10676
SWIDTH 625 0
DWIDTH 10 0
BBX 6 17 2 -1
BITMAP
40
FC
40
04
3C
48
8C
9C
94
94
A4
A4
C4
C4
48
F8
80
ENDCHAR
STARTCHAR 29B5
ENCODING 10677
SWIDTH 625 0
DWIDTH 10 0
BBX 9 7 0 2
BITMAP
1E00
6300
4100
FF80
4100
6300
1E00
ENDCHAR
STARTCHAR 29B6
ENCODING 10678
SWIDTH 625 0
DWIDTH 10 0
BBX 7 8 1 1
BITMAP
38
54
92
92
92
92
54
38
ENDCHAR
STARTCHAR 29B7
ENCODING 10679
SWIDTH 625 0
DWIDTH 10 0
BBX 8 7 1 2
BITMAP
3C
6E
AB
A9
AB
6E
3C
ENDCHAR
STARTCHAR 29B8
ENCODING 10680
SWIDTH 625 0
DWIDTH 10 0
BBX 8 7 1 2
BITMAP
3C
42
A3
91
89
46
3C
ENDCHAR
STARTCHAR 29B9
ENCODING 10681
SWIDTH 625 0
DWIDTH 10 0
BBX 8 7 1 2
BITMAP
7E
D2
91
91
FF
42
3C
ENDCHAR
STARTCHAR 29BA
ENCODING 10682
SWIDTH 625 0
DWIDTH 10 0
BBX 8 7 1 2
BITMAP
7C
DA
9B
FF
83
42
3C
ENDCHAR
STARTCHAR 29BB
ENCODING 10683
SWIDTH 625 0
DWIDTH 10 0
BBX 8 7 1 2
BITMAP
BD
42
BD
99
BD
46
BD
ENDCHAR
STARTCHAR 29BC
ENCODING 10684
SWIDTH 625 0
DWIDTH 10 0
BBX 8 7 1 2
BITMAP
3C
46
AD
91
A9
42
3C
ENDCHAR
STARTCHAR 29BD
ENCODING 10685
SWIDTH 625 0
DWIDTH 10 0
BBX 7 17 1 -3
BITMAP
10
38
3C
56
10
7C
D6
92
92
92
D6
7C
10
10
10
10
10
ENDCHAR
STARTCHAR 29BE
ENCODING 10686
SWIDTH 625 0
DWIDTH 10 0
BBX 8 7 1 2
BITMAP
3C
42
99
A9
99
42
3C
ENDCHAR
STARTCHAR 29BF
ENCODING 10687
SWIDTH 625 0
DWIDTH 10 0
BBX 8 7 1 2
BITMAP
3C
42
99
B9
B9
42
3C
ENDCHAR
STARTCHAR 29C4
ENCODING 10692
SWIDTH 625 0
DWIDTH 10 0
BBX 8 7 1 2
BITMAP
FF
83
8D
99
B1
C1
FF
ENDCHAR
STARTCHAR 29C5
ENCODING 10693
SWIDTH 625 0
DWIDTH 10 0
BBX 8 7 1 2
BITMAP
FF
C1
B1
99
8D
83
FF
ENDCHAR
STARTCHAR 29C6
ENCODING 10694
SWIDTH 625 0
DWIDTH 10 0
BBX 7 7 1 2
BITMAP
FE
92
FE
92
FE
92
FE
ENDCHAR
STARTCHAR 29C7
ENCODING 10695
SWIDTH 625 0
DWIDTH 10 0
BBX 8 7 1 2
BITMAP
FF
81
99
A9
99
81
FF
ENDCHAR
STARTCHAR 29C8
ENCODING 10696
SWIDTH 625 0
DWIDTH 10 0
BBX 8 7 1 2
BITMAP
FF
81
B9
A9
B9
81
FF
ENDCHAR
STARTCHAR 29C9
ENCODING 10697
SWIDTH 1187 0
DWIDTH 19 0
BBX 12 13 3 -1
BITMAP
FF80
8080
8080
8080
8FF0
8890
8890
8890
FF90
0810
0810
0810
0FF0
ENDCHAR
STARTCHAR 29CA
ENCODING 10698
SWIDTH 1187 0
DWIDTH 19 0
BBX 12 14 4 0
BITMAP
0600
0600
0000
0000
0600
0600
0900
1980
1080
2040
2040
4020
8010
FFF0
ENDCHAR
STARTCHAR 29CB
ENCODING 10699
SWIDTH 1187 0
DWIDTH 19 0
BBX 13 13 3 -2
BITMAP
0200
0300
0500
0C80
0880
1040
3060
2020
4010
4018
FFF8
0000
FFF8
ENDCHAR
STARTCHAR 29CD
ENCODING 10701
SWIDTH 1187 0
DWIDTH 19 0
BBX 17 11 1 0
BITMAP
008000
008000
014000
036000
022000
041000
041000
080800
180C00
100400
FFFF80
ENDCHAR
STARTCHAR 29CE
ENCODING 10702
SWIDTH 625 0
DWIDTH 10 0
BBX 6 11 2 -1
BITMAP
C0
F0
8C
8C
B0
CC
34
C4
C4
34
0C
ENDCHAR
STARTCHAR 29D1
ENCODING 10705
SWIDTH 625 0
DWIDTH 10 0
BBX 7 7 1 1
BITMAP
82
C6
EA
F2
EA
C6
82
ENDCHAR
STARTCHAR 29D2
ENCODING 10706
SWIDTH 625 0
DWIDTH 10 0
BBX 7 7 1 1
BITMAP
82
C6
AE
9E
AE
C6
82
ENDCHAR
STARTCHAR 29D3
ENCODING 10707
SWIDTH 625 0
DWIDTH 10 0
BBX 7 7 1 1
BITMAP
82
C6
EE
FE
EE
C6
82
ENDCHAR
STARTCHAR 29D4
ENCODING 10708
SWIDTH 625 0
DWIDTH 10 0
BBX 8 8 1 1
BITMAP
83
C6
EC
F8
F8
E4
C2
80
ENDCHAR
STARTCHAR 29D5
ENCODING 10709
SWIDTH 625 0
DWIDTH 10 0
BBX 7 8 1 1
BITMAP
82
46
2E
1E
3E
66
C2
80
ENDCHAR
STARTCHAR 29D6
ENCODING 10710
SWIDTH 625 0
DWIDTH 10 0
BBX 8 11 1 0
BITMAP
FF
C2
44
2C
38
10
38
24
44
C2
FF
ENDCHAR
STARTCHAR 29D7
ENCODING 10711
SWIDTH 625 0
DWIDTH 10 0
BBX 8 12 1 -1
BITMAP
FF
FE
7E
3C
38
18
18
38
3C
7E
FE
FF
ENDCHAR
STARTCHAR 29D8
ENCODING 10712
SWIDTH 625 0
DWIDTH 10 0
BBX 4 15 3 -2
BITMAP
60
20
40
40
30
40
40
30
40
C0
20
60
C0
20
60
ENDCHAR
STARTCHAR 29D9
ENCODING 10713
SWIDTH 625 0
DWIDTH 10 0
BBX 3 15 3 -2
BITMAP
60
C0
60
60
C0
60
60
C0
60
60
C0
60
20
C0
60
ENDCHAR
STARTCHAR 29DA
ENCODING 10714
SWIDTH 625 0
DWIDTH 10 0
BBX 6 15 2 -2
BITMAP
D8
64
98
D8
64
D8
D8
64
C8
98
6C
C8
98
6C
D8
ENDCHAR
STARTCHAR 29DB
ENCODING 10715
SWIDTH 625 0
DWIDTH 10 0
BBX 7 15 1 -2
BITMAP
66
CC
26
66
CC
26
26
CC
66
26
CC
66
26
4C
66
ENDCHAR
STARTCHAR 29DF
ENCODING 10719
SWIDTH 625 0
DWIDTH 10 0
BBX 7 3 1 4
BITMAP
EE
BA
EE
ENDCHAR
STARTCHAR 29E2
ENCODING 10722
SWIDTH 625 0
DWIDTH 10 0
BBX 7 11 1 0
BITMAP
92
92
92
92
92
92
92
92
92
92
FE
ENDCHAR
STARTCHAR 29E3
ENCODING 10723
SWIDTH 625 0
DWIDTH 10 0
BBX 9 11 0 0
BITMAP
0680
0480
0D00
7F80
1A00
1200
3600
7F80
6C00
4800
D800
ENDCHAR
STARTCHAR 29E4
ENCODING 10724
SWIDTH 625 0
DWIDTH 10 0
BBX 9 14 0 1
BITMAP
3900
2600
0000
0680
0480
0D00
7F80
1A00
1200
3600
7F80
6C00
4800
D800
ENDCHAR
STARTCHAR 29E5
ENCODING 10725
SWIDTH 625 0
DWIDTH 10 0
BBX 8 9 1 1
BITMAP
09
0B
FF
36
FF
68
FF
D0
B0
ENDCHAR
STARTCHAR 29E6
ENCODING 10726
SWIDTH 625 0
DWIDTH 10 0
BBX 6 11 2 0
BITMAP
84
84
84
FC
FC
84
84
FC
84
84
84
ENDCHAR
STARTCHAR 29E7
ENCODING 10727
SWIDTH 625 0
DWIDTH 10 0
BBX 7 11 1 0
BITMAP
10
10
10
FE
10
10
10
FE
10
10
10
ENDCHAR
STARTCHAR 29E8
ENCODING 10728
SWIDTH 1187 0
DWIDTH 19 0
BBX 13 11 3 0
BITMAP
FFF8
7E10
7E10
3E20
1E60
1E40
0E80
0F80
0700
0200
0200
ENDCHAR
STARTCHAR 29E9
ENCODING 10729
SWIDTH 1187 0
DWIDTH 19 0
BBX 13 11 3 0
BITMAP
FFF8
41F0
61F0
21E0
11E0
11C0
0980
0D80
0500
0200
0200
ENDCHAR
STARTCHAR 29EB
ENCODING 10731
SWIDTH 1187 0
DWIDTH 19 0
BBX 7 11 6 0
BITMAP
10
18
38
7C
7E
FE
7E
7C
38
18
10
ENDCHAR
STARTCHAR 29F4
ENCODING 10740
SWIDTH 625 0
DWIDTH 10 0
BBX 8 9 1 1
BITMAP
C0
C8
04
02
3F
02
04
CC
C0
ENDCHAR
STARTCHAR 29F5
ENCODING 10741
SWIDTH 625 0
DWIDTH 10 0
BBX 6 15 2 -2
BITMAP
80
80
C0
40
40
60
20
20
30
10
18
18
08
0C
04
ENDCHAR
STARTCHAR 29F6
ENCODING 10742
SWIDTH 625 0
DWIDTH 10 0
BBX 6 17 2 -2
BITMAP
78
00
04
0C
08
08
18
10
30
30
20
60
60
40
C0
80
80
ENDCHAR
STARTCHAR 29F7
ENCODING 10743
SWIDTH 625 0
DWIDTH 10 0
BBX 7 15 1 -2
BITMAP
40
40
60
20
20
30
10
FE
18
08
08
0C
04
04
06
ENDCHAR
STARTCHAR 29F8
ENCODING 10744
SWIDTH 625 0
DWIDTH 10 0
BBX 7 20 1 -5
BITMAP
02
06
04
04
0C
0C
08
08
18
18
10
10
30
20
20
20
60
40
40
C0
ENDCHAR
STARTCHAR 29F9
ENCODING 10745
SWIDTH 625 0
DWIDTH 10 0
BBX 6 20 2 -5
BITMAP
80
80
C0
C0
40
40
60
20
20
20
30
10
10
18
18
08
08
0C
04
04
ENDCHAR
STARTCHAR 29FA
ENCODING 10746
SWIDTH 625 0
DWIDTH 10 0
BBX 7 7 1 2
BITMAP
2C
2C
2C
FE
2C
2C
2C
ENDCHAR
STARTCHAR 29FB
ENCODING 10747
SWIDTH 625 0
DWIDTH 10 0
BBX 7 7 1 2
BITMAP
54
54
54
FE
54
54
54
ENDCHAR
STARTCHAR 2A00
ENCODING 10752
SWIDTH 1187 0
DWIDTH 19 0
BBX 15 15 2 -2
BITMAP
07C0
1830
3008
4004
4004
8002
8002
8182
8182
8002
4004
6004
2008
1830
07C0
ENDCHAR
STARTCHAR 2A01
ENCODING 10753
SWIDTH 1187 0
DWIDTH 19 0
BBX 15 15 2 -2
BITMAP
07C0
1930
2108
6104
4106
8102
8102
FFFE
8102
8102
4104
6104
2108
1930
07C0
ENDCHAR
STARTCHAR 2A02
ENCODING 10754
SWIDTH 1187 0
DWIDTH 19 0
BBX 15 15 2 -2
BITMAP
07C0
1830
3008
7014
4824
8442
8282
8102
8282
8442
4824
7014
2008
1830
07C0
ENDCHAR
STARTCHAR 2A05
ENCODING 10757
SWIDTH 1187 0
DWIDTH 19 0
BBX 13 14 3 -1
BITMAP
FFF8
8008
8008
8008
8008
8008
8008
8008
8008
8008
8008
8008
8008
8008
ENDCHAR
STARTCHAR 2A06
ENCODING 10758
SWIDTH 1187 0
DWIDTH 19 0
BBX 13 14 3 -2
BITMAP
8008
8008
8008
8008
8008
8008
8008
8008
8008
8008
8008
8008
8008
FFF8
ENDCHAR
STARTCHAR 2A09
ENCODING 10761
SWIDTH 1187 0
DWIDTH 19 0
BBX 14 15 3 -2
BITMAP
8008
C018
6030
3060
1840
0C80
0500
0200
0700
0C80
18C0
3060
6030
C018
800C
ENDCHAR
STARTCHAR 2A11
ENCODING 10769
SWIDTH 625 0
DWIDTH 10 0
BBX 7 15 1 -2
BITMAP
0C
18
10
10
10
10
10
16
96
D4
38
10
10
30
60
ENDCHAR
STARTCHAR 2A12
ENCODING 10770
SWIDTH 625 0
DWIDTH 10 0
BBX 6 15 2 -2
BITMAP
1C
30
20
20
3C
04
04
34
24
04
3C
20
20
60
C0
ENDCHAR
STARTCHAR 2A13
ENCODING 10771
SWIDTH 625 0
DWIDTH 10 0
BBX 6 15 2 -2
BITMAP
18
30
20
20
30
18
04
34
24
0C
38
20
20
60
C0
ENDCHAR
STARTCHAR 2A14
ENCODING 10772
SWIDTH 625 0
DWIDTH 10 0
BBX 7 15 2 -2
BITMAP
18
30
20
20
3C
26
02
1A
1A
06
3C
20
20
60
C0
ENDCHAR
STARTCHAR 2A15
ENCODING 10773
SWIDTH 625 0
DWIDTH 10 0
BBX 7 15 1 -2
BITMAP
0C
18
10
10
38
6C
82
B2
92
C6
7C
10
10
30
60
ENDCHAR
STARTCHAR 2A16
ENCODING 10774
SWIDTH 625 0
DWIDTH 10 0
BBX 7 15 2 -2
BITMAP
0C
18
10
10
FE
92
92
92
92
92
FE
10
10
30
E0
ENDCHAR
STARTCHAR 2A1D
ENCODING 10781
SWIDTH 1187 0
DWIDTH 19 0
BBX 13 15 3 -2
BITMAP
8008
C018
E038
B068
98C8
8888
8508
8208
8508
8D88
98C8
B068
E038
C018
8008
ENDCHAR
STARTCHAR 2A1E
ENCODING 10782
SWIDTH 1187 0
DWIDTH 19 0
BBX 13 13 3 -1
BITMAP
0018
0078
01C8
0308
0C08
3008
E008
3008
0C08
0708
01C8
0068
0018
ENDCHAR
STARTCHAR 2A1F
ENCODING 10783
SWIDTH 625 0
DWIDTH 10 0
BBX 3 13 3 -4
BITMAP
60
A0
A0
E0
00
00
60
A0
A0
E0
40
40
80
ENDCHAR
STARTCHAR 2A20
ENCODING 10784
SWIDTH 625 0
DWIDTH 10 0
BBX 8 9 1 1
BITMAP
90
D8
64
32
11
13
64
C8
90
ENDCHAR
STARTCHAR 2A21
ENCODING 10785
SWIDTH 625 0
DWIDTH 10 0
BBX 4 14 4 -1
BITMAP
C0
E0
B0
80
80
80
80
80
80
80
80
80
80
80
ENDCHAR
STARTCHAR 2A22
ENCODING 10786
SWIDTH 625 0
DWIDTH 10 0
BBX 7 11 1 2
BITMAP
18
28
38
00
10
10
10
FE
10
10
10
ENDCHAR
STARTCHAR 2A23
ENCODING 10787
SWIDTH 625 0
DWIDTH 10 0
BBX 7 11 1 2
BITMAP
18
28
64
00
10
10
10
FE
10
10
10
ENDCHAR
STARTCHAR 2A24
ENCODING 10788
SWIDTH 625 0
DWIDTH 10 0
BBX 7 10 1 2
BITMAP
72
DE
00
10
10
10
FE
10
10
10
ENDCHAR
STARTCHAR 2A25
ENCODING 10789
SWIDTH 625 0
DWIDTH 10 0
BBX 7 9 1 0
BITMAP
10
10
10
FE
10
10
10
18
18
ENDCHAR
STARTCHAR 2A26
ENCODING 10790
SWIDTH 625 0
DWIDTH 10 0
BBX 7 10 1 -1
BITMAP
10
10
10
FE
10
10
10
00
72
8C
ENDCHAR
STARTCHAR 2A2A
ENCODING 10794
SWIDTH 625 0
DWIDTH 10 0
BBX 7 5 1 1
BITMAP
FE
00
00
18
18
ENDCHAR
STARTCHAR 2A2B
ENCODING 10795
SWIDTH 625 0
DWIDTH 10 0
BBX 7 9 1 1
BITMAP
40
60
00
00
FE
00
00
06
06
ENDCHAR
STARTCHAR 2A2C
ENCODING 10796
SWIDTH 625 0
DWIDTH 10 0
BBX 7 9 1 1
BITMAP
06
06
00
00
FE
00
00
60
40
ENDCHAR
STARTCHAR 2A2D
ENCODING 10797
SWIDTH 625 0
DWIDTH 10 0
BBX 7 8 1 1
BITMAP
30
50
90
FE
90
90
50
30
ENDCHAR
STARTCHAR 2A2E
ENCODING 10798
SWIDTH 625 0
DWIDTH 10 0
BBX 7 8 2 1
BITMAP
18
34
32
FE
32
36
34
18
ENDCHAR
STARTCHAR 2A2F
ENCODING 10799
SWIDTH 625 0
DWIDTH 10 0
BBX 8 8 1 2
BITMAP
C3
66
3C
18
3C
66
C3
80
ENDCHAR
STARTCHAR 2A30
ENCODING 10800
SWIDTH 625 0
DWIDTH 10 0
BBX 8 8 1 2
BITMAP
99
DB
66
3C
18
3C
66
C3
ENDCHAR
STARTCHAR 2A31
ENCODING 10801
SWIDTH 625 0
DWIDTH 10 0
BBX 8 9 1 1
BITMAP
83
46
2C
18
38
64
C2
80
FE
ENDCHAR
STARTCHAR 2A32
ENCODING 10802
SWIDTH 625 0
DWIDTH 10 0
BBX 8 8 1 2
BITMAP
80
C2
64
38
18
2C
46
FF
ENDCHAR
STARTCHAR 2A34
ENCODING 10804
SWIDTH 625 0
DWIDTH 10 0
BBX 7 7 1 2
BITMAP
70
C6
AC
98
AC
C6
70
ENDCHAR
STARTCHAR 2A35
ENCODING 10805
SWIDTH 625 0
DWIDTH 10 0
BBX 7 7 2 2
BITMAP
18
C4
7A
32
7A
C4
18
ENDCHAR
STARTCHAR 2A36
ENCODING 10806
SWIDTH 625 0
DWIDTH 10 0
BBX 8 10 1 2
BITMAP
3C
24
00
3C
42
A5
99
BD
46
3C
ENDCHAR
STARTCHAR 2A38
ENCODING 10808
SWIDTH 625 0
DWIDTH 10 0
BBX 8 7 1 2
BITMAP
3C
42
83
FF
83
52
3C
ENDCHAR
STARTCHAR 2A3C
ENCODING 10812
SWIDTH 625 0
DWIDTH 10 0
BBX 6 4 2 3
BITMAP
04
04
04
FC
ENDCHAR
STARTCHAR 2A3D
ENCODING 10813
SWIDTH 625 0
DWIDTH 10 0
BBX 6 4 2 3
BITMAP
80
80
80
FC
ENDCHAR
STARTCHAR 2A3E
ENCODING 10814
SWIDTH 625 0
DWIDTH 10 0
BBX 2 9 4 -3
BITMAP
40
C0
C0
00
C0
C0
40
40
80
ENDCHAR
STARTCHAR 2A3F
ENCODING 10815
SWIDTH 625 0
DWIDTH 10 0
BBX 8 12 1 0
BITMAP
E7
42
42
42
42
42
42
42
42
42
42
FF
ENDCHAR
STARTCHAR 2A40
ENCODING 10816
SWIDTH 625 0
DWIDTH 10 0
BBX 6 11 2 0
BITMAP
78
CC
84
B4
B4
84
84
84
84
84
84
ENDCHAR
STARTCHAR 2A41
ENCODING 10817
SWIDTH 625 0
DWIDTH 10 0
BBX 6 11 2 0
BITMAP
84
84
84
84
84
84
84
FC
84
CC
78
ENDCHAR
STARTCHAR 2A42
ENCODING 10818
SWIDTH 625 0
DWIDTH 10 0
BBX 7 11 1 0
BITMAP
FE
00
C2
C2
C2
C2
C2
C2
42
66
3C
ENDCHAR
STARTCHAR 2A43
ENCODING 10819
SWIDTH 625 0
DWIDTH 10 0
BBX 7 11 1 0
BITMAP
FE
00
00
3C
46
C2
C2
C2
C2
C2
C2
ENDCHAR
STARTCHAR 2A4C
ENCODING 10828
SWIDTH 625 0
DWIDTH 10 0
BBX 8 11 1 0
BITMAP
FF
42
42
42
42
42
42
42
42
66
3C
ENDCHAR
STARTCHAR 2A4D
ENCODING 10829
SWIDTH 625 0
DWIDTH 10 0
BBX 8 11 1 0
BITMAP
3C
66
42
42
42
42
42
42
42
42
FF
ENDCHAR
STARTCHAR 2A4E
ENCODING 10830
SWIDTH 625 0
DWIDTH 10 0
BBX 7 11 1 0
BITMAP
FE
82
BA
AA
AA
AA
AA
AA
AA
AA
AA
ENDCHAR
STARTCHAR 2A4F
ENCODING 10831
SWIDTH 625 0
DWIDTH 10 0
BBX 7 11 1 0
BITMAP
AA
AA
AA
AA
AA
AA
AA
AA
BA
82
FE
ENDCHAR
STARTCHAR 2A53
ENCODING 10835
SWIDTH 625 0
DWIDTH 10 0
BBX 7 11 1 0
BITMAP
10
18
18
28
24
34
5C
5A
6A
AE
A4
ENDCHAR
STARTCHAR 2A54
ENCODING 10836
SWIDTH 625 0
DWIDTH 10 0
BBX 8 11 1 0
BITMAP
A5
A6
6A
5A
5C
34
24
28
18
18
10
ENDCHAR
STARTCHAR 2A57
ENCODING 10839
SWIDTH 625 0
DWIDTH 10 0
BBX 6 11 2 0
BITMAP
84
84
88
88
90
90
A0
A0
C0
C0
80
ENDCHAR
STARTCHAR 2A58
ENCODING 10840
SWIDTH 625 0
DWIDTH 10 0
BBX 6 11 2 0
BITMAP
04
0C
0C
1C
14
34
24
64
44
C4
84
ENDCHAR
STARTCHAR 2A5A
ENCODING 10842
SWIDTH 625 0
DWIDTH 10 0
BBX 7 11 1 0
BITMAP
10
10
38
38
38
38
74
54
54
54
D2
ENDCHAR
STARTCHAR 2A5B
ENCODING 10843
SWIDTH 625 0
DWIDTH 10 0
BBX 7 11 1 0
BITMAP
92
56
54
54
54
3C
38
38
38
18
10
ENDCHAR
STARTCHAR 2A5C
ENCODING 10844
SWIDTH 625 0
DWIDTH 10 0
BBX 7 11 1 0
BITMAP
10
18
18
38
28
FE
24
64
44
46
42
ENDCHAR
STARTCHAR 2A5D
ENCODING 10845
SWIDTH 625 0
DWIDTH 10 0
BBX 7 11 1 0
BITMAP
C2
46
44
64
64
FE
28
28
38
18
10
ENDCHAR
STARTCHAR 2A5E
ENCODING 10846
SWIDTH 625 0
DWIDTH 10 0
BBX 7 12 1 0
BITMAP
FE
00
00
FE
00
10
18
38
2C
64
44
46
ENDCHAR
STARTCHAR 2A5F
ENCODING 10847
SWIDTH 625 0
DWIDTH 10 0
BBX 7 11 1 0
BITMAP
10
18
38
28
2C
64
44
46
C2
00
FE
ENDCHAR
STARTCHAR 2A60
ENCODING 10848
SWIDTH 625 0
DWIDTH 10 0
BBX 7 11 1 -1
BITMAP
18
38
28
24
64
46
C2
00
FE
00
FE
ENDCHAR
STARTCHAR 2A61
ENCODING 10849
SWIDTH 625 0
DWIDTH 10 0
BBX 7 9 1 0
BITMAP
42
44
64
2C
28
38
18
00
FE
ENDCHAR
STARTCHAR 2A62
ENCODING 10850
SWIDTH 625 0
DWIDTH 10 0
BBX 7 12 1 0
BITMAP
FE
00
00
FE
00
42
46
64
24
28
38
18
ENDCHAR
STARTCHAR 2A63
ENCODING 10851
SWIDTH 625 0
DWIDTH 10 0
BBX 7 11 1 -1
BITMAP
46
44
24
2C
38
18
10
00
FE
00
FE
ENDCHAR
STARTCHAR 2A64
ENCODING 10852
SWIDTH 625 0
DWIDTH 10 0
BBX 6 9 2 1
BITMAP
04
1C
34
C4
FC
C4
34
1C
04
ENDCHAR
STARTCHAR 2A65
ENCODING 10853
SWIDTH 625 0
DWIDTH 10 0
BBX 6 9 2 1
BITMAP
80
E0
B0
8C
FC
8C
B0
E0
80
ENDCHAR
STARTCHAR 2A66
ENCODING 10854
SWIDTH 625 0
DWIDTH 10 0
BBX 7 8 1 0
BITMAP
FE
00
00
00
FE
00
18
18
ENDCHAR
STARTCHAR 2A67
ENCODING 10855
SWIDTH 625 0
DWIDTH 10 0
BBX 7 8 1 3
BITMAP
18
18
00
FE
00
FE
00
FE
ENDCHAR
STARTCHAR 2A68
ENCODING 10856
SWIDTH 625 0
DWIDTH 10 0
BBX 6 9 2 1
BITMAP
48
48
FC
48
FC
48
FC
48
48
ENDCHAR
STARTCHAR 2A69
ENCODING 10857
SWIDTH 625 0
DWIDTH 10 0
BBX 8 11 1 0
BITMAP
52
52
52
FF
52
FF
52
52
FF
52
52
ENDCHAR
STARTCHAR 2A6A
ENCODING 10858
SWIDTH 625 0
DWIDTH 10 0
BBX 7 6 1 4
BITMAP
18
18
00
20
7A
CC
ENDCHAR
STARTCHAR 2A6B
ENCODING 10859
SWIDTH 625 0
DWIDTH 10 0
BBX 6 9 2 1
BITMAP
0C
0C
00
60
F4
98
00
C0
C0
ENDCHAR
STARTCHAR 2A6C
ENCODING 10860
SWIDTH 625 0
DWIDTH 10 0
BBX 7 8 1 1
BITMAP
72
DE
00
FE
00
22
F2
8C
ENDCHAR
STARTCHAR 2A6D
ENCODING 10861
SWIDTH 625 0
DWIDTH 10 0
BBX 7 10 1 2
BITMAP
18
18
00
72
DE
00
FE
00
00
FE
ENDCHAR
STARTCHAR 2A6E
ENCODING 10862
SWIDTH 625 0
DWIDTH 10 0
BBX 7 10 1 3
BITMAP
10
38
38
10
00
FE
00
00
00
FE
ENDCHAR
STARTCHAR 2A6F
ENCODING 10863
SWIDTH 625 0
DWIDTH 10 0
BBX 7 10 1 3
BITMAP
18
2C
04
00
00
72
CE
20
72
8E
ENDCHAR
STARTCHAR 2A70
ENCODING 10864
SWIDTH 625 0
DWIDTH 10 0
BBX 7 9 1 1
BITMAP
72
8C
22
72
8C
00
FE
00
FE
ENDCHAR
STARTCHAR 2A71
ENCODING 10865
SWIDTH 625 0
DWIDTH 10 0
BBX 7 11 1 0
BITMAP
FE
00
FE
00
10
10
10
FE
10
10
10
ENDCHAR
STARTCHAR 2A72
ENCODING 10866
SWIDTH 625 0
DWIDTH 10 0
BBX 7 11 1 0
BITMAP
10
10
10
FE
10
10
10
00
FE
00
FE
ENDCHAR
STARTCHAR 2A73
ENCODING 10867
SWIDTH 625 0
DWIDTH 10 0
BBX 7 6 1 2
BITMAP
FE
00
FE
00
72
9E
ENDCHAR
STARTCHAR 2A7D
ENCODING 10877
SWIDTH 625 0
DWIDTH 10 0
BBX 6 11 2 0
BITMAP
04
1C
70
C0
80
60
38
CC
60
18
0C
ENDCHAR
STARTCHAR 2A7E
ENCODING 10878
SWIDTH 625 0
DWIDTH 10 0
BBX 7 10 1 1
BITMAP
60
18
06
06
0C
30
C6
1C
30
C0
ENDCHAR
STARTCHAR 2A7F
ENCODING 10879
SWIDTH 625 0
DWIDTH 10 0
BBX 7 11 1 0
BITMAP
02
0C
30
C6
C6
30
8C
62
30
0C
02
ENDCHAR
STARTCHAR 2A80
ENCODING 10880
SWIDTH 625 0
DWIDTH 10 0
BBX 7 11 2 0
BITMAP
80
60
18
C6
C6
18
62
8C
18
60
80
ENDCHAR
STARTCHAR 2A85
ENCODING 10885
SWIDTH 625 0
DWIDTH 10 0
BBX 7 12 1 -1
BITMAP
06
1C
60
40
30
0E
02
72
8C
72
DA
8C
ENDCHAR
STARTCHAR 2A86
ENCODING 10886
SWIDTH 625 0
DWIDTH 10 0
BBX 7 12 1 -1
BITMAP
C0
38
0E
06
1C
70
40
72
8C
72
DA
8C
ENDCHAR
STARTCHAR 2A87
ENCODING 10887
SWIDTH 625 0
DWIDTH 10 0
BBX 7 12 1 -1
BITMAP
02
0E
38
60
C0
30
1C
06
0C
08
FE
30
ENDCHAR
STARTCHAR 2A88
ENCODING 10888
SWIDTH 625 0
DWIDTH 10 0
BBX 7 11 1 0
BITMAP
60
18
0E
06
1C
30
C0
0C
08
FE
30
ENDCHAR
STARTCHAR 2A89
ENCODING 10889
SWIDTH 625 0
DWIDTH 10 0
BBX 7 11 1 0
BITMAP
0E
38
60
60
18
06
2E
DE
3C
5A
2C
ENDCHAR
STARTCHAR 2A8A
ENCODING 10890
SWIDTH 625 0
DWIDTH 10 0
BBX 7 11 1 0
BITMAP
60
18
06
06
38
E0
2E
DE
3C
5A
2C
ENDCHAR
STARTCHAR 2A8D
ENCODING 10893
SWIDTH 625 0
DWIDTH 10 0
BBX 7 11 1 0
BITMAP
02
0C
30
C0
60
1C
06
72
DE
00
FE
ENDCHAR
STARTCHAR 2A8E
ENCODING 10894
SWIDTH 625 0
DWIDTH 10 0
BBX 7 11 1 0
BITMAP
80
70
1C
06
0E
30
C0
72
DE
00
FE
ENDCHAR
STARTCHAR 2A95
ENCODING 10901
SWIDTH 625 0
DWIDTH 10 0
BBX 6 11 2 0
BITMAP
0C
18
60
C4
18
60
80
C0
70
1C
04
ENDCHAR
STARTCHAR 2A96
ENCODING 10902
SWIDTH 625 0
DWIDTH 10 0
BBX 7 11 1 0
BITMAP
C0
30
18
C6
72
1C
06
06
18
70
40
ENDCHAR
STARTCHAR 2A97
ENCODING 10903
SWIDTH 625 0
DWIDTH 10 0
BBX 7 11 1 0
BITMAP
02
0C
30
62
8C
30
C6
C6
30
0C
02
ENDCHAR
STARTCHAR 2A98
ENCODING 10904
SWIDTH 625 0
DWIDTH 10 0
BBX 7 11 2 0
BITMAP
80
60
18
8C
62
18
C6
C6
18
60
80
ENDCHAR
STARTCHAR 2A99
ENCODING 10905
SWIDTH 625 0
DWIDTH 10 0
BBX 7 11 1 0
BITMAP
FE
00
FE
00
06
38
E0
E0
38
0E
02
ENDCHAR
STARTCHAR 2A9A
ENCODING 10906
SWIDTH 625 0
DWIDTH 10 0
BBX 7 10 1 0
BITMAP
FE
00
FE
00
E0
38
06
06
18
E0
ENDCHAR
STARTCHAR 2A9D
ENCODING 10909
SWIDTH 625 0
DWIDTH 10 0
BBX 7 12 1 0
BITMAP
20
72
8C
00
02
0C
30
60
60
38
0C
02
ENDCHAR
STARTCHAR 2A9E
ENCODING 10910
SWIDTH 625 0
DWIDTH 10 0
BBX 7 12 1 0
BITMAP
20
72
8C
00
C0
70
1C
06
06
1C
70
C0
ENDCHAR
STARTCHAR 2AAA
ENCODING 10922
SWIDTH 625 0
DWIDTH 10 0
BBX 7 9 1 1
BITMAP
02
0E
18
60
FE
60
38
0C
02
ENDCHAR
STARTCHAR 2AAB
ENCODING 10923
SWIDTH 625 0
DWIDTH 10 0
BBX 7 9 1 1
BITMAP
C0
60
18
0C
FE
0E
18
60
C0
ENDCHAR
STARTCHAR 2AAC
ENCODING 10924
SWIDTH 625 0
DWIDTH 10 0
BBX 7 11 1 0
BITMAP
02
06
18
60
FE
70
1C
06
00
00
FE
ENDCHAR
STARTCHAR 2AAD
ENCODING 10925
SWIDTH 625 0
DWIDTH 10 0
BBX 7 10 1 1
BITMAP
E0
38
0C
FE
0C
30
C0
00
00
FE
ENDCHAR
STARTCHAR 2AAE
ENCODING 10926
SWIDTH 625 0
DWIDTH 10 0
BBX 7 7 1 3
BITMAP
18
2C
E6
00
FE
00
FE
ENDCHAR
STARTCHAR 2AAF
ENCODING 10927
SWIDTH 625 0
DWIDTH 10 0
BBX 8 10 1 0
BITMAP
02
06
0C
F0
0C
06
03
00
00
FE
ENDCHAR
STARTCHAR 2AB0
ENCODING 10928
SWIDTH 625 0
DWIDTH 10 0
BBX 7 10 1 0
BITMAP
80
40
30
0E
30
40
80
00
00
FE
ENDCHAR
STARTCHAR 2AB1
ENCODING 10929
SWIDTH 625 0
DWIDTH 10 0
BBX 8 11 1 -1
BITMAP
02
06
0C
F0
0C
06
03
0C
08
FE
30
ENDCHAR
STARTCHAR 2AB2
ENCODING 10930
SWIDTH 625 0
DWIDTH 10 0
BBX 7 11 1 -1
BITMAP
80
40
30
0E
30
40
80
0C
08
FE
30
ENDCHAR
STARTCHAR 2AB3
ENCODING 10931
SWIDTH 625 0
DWIDTH 10 0
BBX 7 11 1 0
BITMAP
02
02
0C
F0
0C
06
02
00
FE
00
FE
ENDCHAR
STARTCHAR 2AB4
ENCODING 10932
SWIDTH 625 0
DWIDTH 10 0
BBX 7 11 1 0
BITMAP
80
C0
30
0E
30
40
80
00
FE
00
FE
ENDCHAR
STARTCHAR 2AB5
ENCODING 10933
SWIDTH 625 0
DWIDTH 10 0
BBX 7 12 1 -1
BITMAP
02
02
0C
F0
0C
06
02
08
FE
10
FE
20
ENDCHAR
STARTCHAR 2AB6
ENCODING 10934
SWIDTH 625 0
DWIDTH 10 0
BBX 7 12 1 -1
BITMAP
80
C0
30
0E
30
40
80
08
FE
10
FE
20
ENDCHAR
STARTCHAR 2AB7
ENCODING 10935
SWIDTH 625 0
DWIDTH 10 0
BBX 7 12 1 -1
BITMAP
02
02
0C
70
0C
02
02
72
8C
72
DA
8C
ENDCHAR
STARTCHAR 2AB8
ENCODING 10936
SWIDTH 625 0
DWIDTH 10 0
BBX 7 12 1 -1
BITMAP
80
40
30
0E
30
40
00
72
8C
72
DA
8C
ENDCHAR
STARTCHAR 2AB9
ENCODING 10937
SWIDTH 625 0
DWIDTH 10 0
BBX 7 12 1 -1
BITMAP
02
02
0C
70
0C
06
02
2E
DE
3C
5A
2C
ENDCHAR
STARTCHAR 2ABA
ENCODING 10938
SWIDTH 625 0
DWIDTH 10 0
BBX 7 12 1 -1
BITMAP
80
40
30
0E
30
40
80
2E
DE
3C
5A
2C
ENDCHAR
STARTCHAR 2ABD
ENCODING 10941
SWIDTH 625 0
DWIDTH 10 0
BBX 6 8 2 1
BITMAP
3C
C0
80
98
98
80
40
3C
ENDCHAR
STARTCHAR 2ABE
ENCODING 10942
SWIDTH 625 0
DWIDTH 10 0
BBX 6 8 2 1
BITMAP
F0
08
04
64
64
04
08
F0
ENDCHAR
STARTCHAR 2ACF
ENCODING 10959
SWIDTH 625 0
DWIDTH 10 0
BBX 6 8 2 1
BITMAP
7C
C4
84
84
84
84
44
3C
ENDCHAR
STARTCHAR 2AD0
ENCODING 10960
SWIDTH 625 0
DWIDTH 10 0
BBX 6 8 2 1
BITMAP
F8
8C
84
84
84
84
88
F0
ENDCHAR
STARTCHAR 2AD1
ENCODING 10961
SWIDTH 625 0
DWIDTH 10 0
BBX 6 10 2 0
BITMAP
7C
C4
84
84
84
C4
7C
00
00
FC
ENDCHAR
STARTCHAR 2AD2
ENCODING 10962
SWIDTH 625 0
DWIDTH 10 0
BBX 6 10 2 0
BITMAP
F8
8C
84
84
84
8C
F8
00
00
FC
ENDCHAR
STARTCHAR 2AD9
ENCODING 10969
SWIDTH 625 0
DWIDTH 10 0
BBX 7 11 2 0
BITMAP
38
7C
96
92
92
92
92
92
92
92
92
ENDCHAR
STARTCHAR 2ADA
ENCODING 10970
SWIDTH 625 0
DWIDTH 10 0
BBX 7 13 2 0
BITMAP
FE
10
38
DC
96
96
96
96
96
96
96
96
96
ENDCHAR
STARTCHAR 2ADB
ENCODING 10971
SWIDTH 625 0
DWIDTH 10 0
BBX 7 15 2 -2
BITMAP
10
10
38
D4
92
92
92
92
92
92
92
92
92
10
10
ENDCHAR
STARTCHAR 2ADC
ENCODING 10972
SWIDTH 625 0
DWIDTH 10 0
BBX 8 11 1 0
BITMAP
09
09
0A
0E
0C
08
59
79
69
6B
FE
ENDCHAR
STARTCHAR 2ADD
ENCODING 10973
SWIDTH 625 0
DWIDTH 10 0
BBX 7 11 2 0
BITMAP
10
10
10
10
10
10
92
92
92
D6
7C
ENDCHAR
STARTCHAR 2ADE
ENCODING 10974
SWIDTH 625 0
DWIDTH 10 0
BBX 5 11 2 0
BITMAP
08
08
08
08
08
F8
08
08
08
08
08
ENDCHAR
STARTCHAR 2ADF
ENCODING 10975
SWIDTH 625 0
DWIDTH 10 0
BBX 7 4 1 4
BITMAP
FE
10
10
10
ENDCHAR
STARTCHAR 2AE0
ENCODING 10976
SWIDTH 625 0
DWIDTH 10 0
BBX 7 4 1 3
BITMAP
10
10
10
FE
ENDCHAR
STARTCHAR 2AE2
ENCODING 10978
SWIDTH 625 0
DWIDTH 10 0
BBX 6 11 2 0
BITMAP
80
80
80
FC
80
FC
80
80
FC
80
80
ENDCHAR
STARTCHAR 2AE3
ENCODING 10979
SWIDTH 625 0
DWIDTH 10 0
BBX 7 11 1 0
BITMAP
12
12
12
12
12
F2
12
12
12
12
12
ENDCHAR
STARTCHAR 2AE4
ENCODING 10980
SWIDTH 625 0
DWIDTH 10 0
BBX 6 11 2 0
BITMAP
04
04
04
FC
FC
04
04
FC
04
04
04
ENDCHAR
STARTCHAR 2AE5
ENCODING 10981
SWIDTH 625 0
DWIDTH 10 0
BBX 7 11 1 0
BITMAP
12
12
12
F2
F2
12
12
F2
12
12
12
ENDCHAR
STARTCHAR 2AE6
ENCODING 10982
SWIDTH 625 0
DWIDTH 10 0
BBX 6 11 2 0
BITMAP
90
90
90
90
90
FC
90
90
90
90
90
ENDCHAR
STARTCHAR 2AE7
ENCODING 10983
SWIDTH 625 0
DWIDTH 10 0
BBX 7 7 1 3
BITMAP
FE
00
00
FE
10
10
10
ENDCHAR
STARTCHAR 2AE8
ENCODING 10984
SWIDTH 625 0
DWIDTH 10 0
BBX 7 7 1 1
BITMAP
10
10
10
FE
00
00
FE
ENDCHAR
STARTCHAR 2AE9
ENCODING 10985
SWIDTH 625 0
DWIDTH 10 0
BBX 7 10 1 0
BITMAP
10
10
10
FE
00
00
FE
10
10
10
ENDCHAR
STARTCHAR 2AEA
ENCODING 10986
SWIDTH 625 0
DWIDTH 10 0
BBX 7 11 1 0
BITMAP
FE
2C
2C
2C
2C
2C
2C
2C
2C
2C
2C
ENDCHAR
STARTCHAR 2AEB
ENCODING 10987
SWIDTH 625 0
DWIDTH 10 0
BBX 7 11 1 0
BITMAP
2C
2C
2C
2C
2C
2C
2C
2C
2C
2C
FE
ENDCHAR
STARTCHAR 2AEC
ENCODING 10988
SWIDTH 625 0
DWIDTH 10 0
BBX 6 5 2 2
BITMAP
FC
04
FC
04
04
ENDCHAR
STARTCHAR 2AED
ENCODING 10989
SWIDTH 625 0
DWIDTH 10 0
BBX 6 5 2 2
BITMAP
FC
80
FC
80
80
ENDCHAR
STARTCHAR 2AEE
ENCODING 10990
SWIDTH 625 0
DWIDTH 10 0
BBX 5 11 2 0
BITMAP
20
20
20
A0
60
20
30
28
20
20
20
ENDCHAR
STARTCHAR 2AEF
ENCODING 10991
SWIDTH 625 0
DWIDTH 10 0
BBX 4 13 3 0
BITMAP
60
90
90
F0
60
60
60
60
60
60
60
60
60
ENDCHAR
STARTCHAR 2AF0
ENCODING 10992
SWIDTH 625 0
DWIDTH 10 0
BBX 4 12 3 -2
BITMAP
60
60
60
60
60
60
60
60
60
90
90
60
ENDCHAR
STARTCHAR 2AF1
ENCODING 10993
SWIDTH 625 0
DWIDTH 10 0
BBX 7 13 1 -2
BITMAP
FE
10
10
10
10
10
10
10
10
2C
24
24
38
ENDCHAR
STARTCHAR 2AF2
ENCODING 10994
SWIDTH 625 0
DWIDTH 10 0
BBX 7 11 1 0
BITMAP
24
24
24
24
24
FE
24
24
24
24
24
ENDCHAR
STARTCHAR 2AF3
ENCODING 10995
SWIDTH 625 0
DWIDTH 10 0
BBX 7 11 2 0
BITMAP
48
48
48
48
48
FE
DC
48
48
48
48
ENDCHAR
STARTCHAR 2AF4
ENCODING 10996
SWIDTH 625 0
DWIDTH 10 0
BBX 5 11 2 0
BITMAP
A8
A8
A8
A8
A8
A8
A8
A8
A8
A8
A8
ENDCHAR
STARTCHAR 2AF5
ENCODING 10997
SWIDTH 625 0
DWIDTH 10 0
BBX 8 11 1 0
BITMAP
52
52
52
52
52
FF
52
52
52
52
52
ENDCHAR
STARTCHAR 2AF6
ENCODING 10998
SWIDTH 625 0
DWIDTH 10 0
BBX 2 9 4 1
BITMAP
C0
C0
00
00
C0
C0
00
C0
C0
ENDCHAR
STARTCHAR 2AFC
ENCODING 11004
SWIDTH 625 0
DWIDTH 10 0
BBX 5 14 2 -2
BITMAP
A8
A8
A8
A8
A8
A8
A8
A8
A8
A8
A8
A8
A8
A8
ENDCHAR
STARTCHAR 2AFD
ENCODING 11005
SWIDTH 625 0
DWIDTH 10 0
BBX 9 15 0 -2
BITMAP
0480
0480
0D80
0900
0900
1B00
1200
1200
3600
2400
2400
6C00
4800
5800
D000
ENDCHAR
STARTCHAR 2B00
ENCODING 11008
SWIDTH 1187 0
DWIDTH 19 0
BBX 16 15 1 -3
BITMAP
000F
0032
0022
0042
0086
010A
0210
0420
0840
1080
2100
4200
8400
4800
3000
ENDCHAR
STARTCHAR 2B01
ENCODING 11009
SWIDTH 1187 0
DWIDTH 19 0
BBX 15 15 3 -3
BITMAP
F000
8C00
8800
8400
C200
6100
1080
0840
0420
0210
0108
0084
0042
0024
0018
ENDCHAR
STARTCHAR 2B02
ENCODING 11010
SWIDTH 1187 0
DWIDTH 19 0
BBX 16 15 1 0
BITMAP
3000
4800
8400
4200
2100
1080
0840
0420
0212
010E
0086
0042
0022
0073
000F
ENDCHAR
STARTCHAR 2B03
ENCODING 11011
SWIDTH 1187 0
DWIDTH 19 0
BBX 15 15 3 0
BITMAP
0018
0024
0042
0084
0108
0210
0420
0840
1080
E100
8200
8400
8800
9C00
E000
ENDCHAR
STARTCHAR 2B04
ENCODING 11012
SWIDTH 1187 0
DWIDTH 19 0
BBX 17 7 1 2
BITMAP
0C0800
1FFE00
200300
C00080
200300
1FFE00
0C0800
ENDCHAR
STARTCHAR 2B05
ENCODING 11013
SWIDTH 1187 0
DWIDTH 19 0
BBX 17 8 1 1
BITMAP
040000
1C0000
3FFF80
FFFF80
7FFF80
3FFF80
0C0000
040000
ENDCHAR
STARTCHAR 2B06
ENCODING 11014
SWIDTH 1187 0
DWIDTH 19 0
BBX 8 17 6 -3
BITMAP
10
18
3C
7C
7E
FF
3C
3C
3C
3C
3C
3C
3C
3C
3C
3C
3C
ENDCHAR
STARTCHAR 2B07
ENCODING 11015
SWIDTH 1187 0
DWIDTH 19 0
BBX 8 17 6 -3
BITMAP
3C
3C
3C
3C
3C
3C
3C
3C
3C
3C
3C
FF
7E
7C
3C
18
10
ENDCHAR
STARTCHAR 2B08
ENCODING 11016
SWIDTH 1187 0
DWIDTH 19 0
BBX 16 15 1 -2
BITMAP
000F
003E
003E
007E
00FE
01FA
03F0
07E0
0FC0
1F80
3F00
7E00
FC00
7800
3000
ENDCHAR
STARTCHAR 2B09
ENCODING 11017
SWIDTH 1187 0
DWIDTH 19 0
BBX 15 15 3 -2
BITMAP
F000
FC00
F800
FC00
FE00
5F00
0F80
07C0
03E0
01F0
00F8
007C
003E
001C
0008
ENDCHAR
STARTCHAR 2B0A
ENCODING 11018
SWIDTH 1187 0
DWIDTH 19 0
BBX 15 15 2 -1
BITMAP
6000
F000
F800
7C00
3E00
1F00
0F80
07C0
03E4
01FC
00FC
007C
007C
00FE
000E
ENDCHAR
STARTCHAR 2B0B
ENCODING 11019
SWIDTH 1187 0
DWIDTH 19 0
BBX 15 15 3 -1
BITMAP
0018
003C
007E
00FC
01F8
03F0
07E0
0FC0
1F80
FF00
FE00
FC00
F800
FC00
E000
ENDCHAR
STARTCHAR 2B0C
ENCODING 11020
SWIDTH 1187 0
DWIDTH 19 0
BBX 17 8 1 1
BITMAP
041000
1C0C00
3FFE00
FFFF80
7FFF00
3FFE00
0C0800
040000
ENDCHAR
STARTCHAR 2B0D
ENCODING 11021
SWIDTH 1187 0
DWIDTH 19 0
BBX 8 17 6 -3
BITMAP
10
18
3C
7C
7E
FF
3C
3C
3C
3C
3C
FF
7E
7C
3C
18
10
ENDCHAR
STARTCHAR 2B0E
ENCODING 11022
SWIDTH 1187 0
DWIDTH 19 0
BBX 17 8 1 -2
BITMAP
FFFC00
000400
000400
000400
002480
001500
000E00
000400
ENDCHAR
STARTCHAR 2B0F
ENCODING 11023
SWIDTH 1187 0
DWIDTH 19 0
BBX 17 8 1 5
BITMAP
000400
000E00
001500
002480
000400
000400
000400
FFFC00
ENDCHAR
STARTCHAR 2B10
ENCODING 11024
SWIDTH 1187 0
DWIDTH 19 0
BBX 17 8 1 -2
BITMAP
1FFF80
100000
100000
100000
920000
540000
380000
100000
ENDCHAR
STARTCHAR 2B11
ENCODING 11025
SWIDTH 1187 0
DWIDTH 19 0
BBX 17 8 1 5
BITMAP
100000
380000
540000
920000
100000
100000
100000
1FFF80
ENDCHAR
STARTCHAR 2B12
ENCODING 11026
SWIDTH 1187 0
DWIDTH 19 0
BBX 11 11 4 0
BITMAP
FFE0
FFE0
FFE0
FFE0
FFE0
8020
8020
8020
8020
8020
FFE0
ENDCHAR
STARTCHAR 2B13
ENCODING 11027
SWIDTH 1187 0
DWIDTH 19 0
BBX 11 11 4 0
BITMAP
FFE0
8020
8020
8020
8020
8020
FFE0
FFE0
FFE0
FFE0
FFE0
ENDCHAR
STARTCHAR 2B14
ENCODING 11028
SWIDTH 1187 0
DWIDTH 19 0
BBX 11 11 4 0
BITMAP
FFE0
FFE0
BFE0
9FE0
8FE0
87E0
83E0
81E0
80E0
8060
FFE0
ENDCHAR
STARTCHAR 2B15
ENCODING 11029
SWIDTH 1187 0
DWIDTH 19 0
BBX 11 11 4 0
BITMAP
FFE0
C020
E020
F020
F820
FC20
FE20
FF20
FFA0
FFE0
FFE0
ENDCHAR
STARTCHAR 2B16
ENCODING 11030
SWIDTH 1187 0
DWIDTH 19 0
BBX 11 11 4 0
BITMAP
0400
0E00
1D00
3C80
7C40
FC20
7C40
3C80
1D00
0E00
0400
ENDCHAR
STARTCHAR 2B17
ENCODING 11031
SWIDTH 1187 0
DWIDTH 19 0
BBX 11 11 4 0
BITMAP
0400
0A00
1300
2380
43C0
83E0
43C0
2380
1300
0A00
0400
ENDCHAR
STARTCHAR 2B18
ENCODING 11032
SWIDTH 1187 0
DWIDTH 19 0
BBX 11 11 4 0
BITMAP
0400
0E00
1F00
3F80
7FC0
FFE0
4040
2080
1100
0A00
0400
ENDCHAR
STARTCHAR 2B19
ENCODING 11033
SWIDTH 1187 0
DWIDTH 19 0
BBX 11 11 4 0
BITMAP
0400
0A00
1100
2080
4040
8020
7FC0
3F80
1F00
0E00
0400
ENDCHAR
STARTCHAR 2B1A
ENCODING 11034
SWIDTH 625 0
DWIDTH 10 0
BBX 8 7 1 2
BITMAP
B5
81
81
81
00
81
B5
ENDCHAR
STARTCHAR 2B1B
ENCODING 11035
SWIDTH 1187 0
DWIDTH 19 0
BBX 14 14 3 -2
BITMAP
FFFC
FFFC
FFFC
FFFC
FFFC
FFFC
FFFC
FFFC
FFFC
FFFC
FFFC
FFFC
FFFC
FFFC
ENDCHAR
STARTCHAR 2B1C
ENCODING 11036
SWIDTH 1187 0
DWIDTH 19 0
BBX 14 13 3 -1
BITMAP
FFFC
8004
8004
8004
8004
8004
8004
8004
8004
8004
8004
8004
FFFC
ENDCHAR
STARTCHAR 2B1D
ENCODING 11037
SWIDTH 1187 0
DWIDTH 19 0
BBX 4 4 8 3
BITMAP
F0
F0
F0
F0
ENDCHAR
STARTCHAR 2B1E
ENCODING 11038
SWIDTH 1187 0
DWIDTH 19 0
BBX 4 4 8 3
BITMAP
F0
90
90
F0
ENDCHAR
STARTCHAR 2B1F
ENCODING 11039
SWIDTH 1187 0
DWIDTH 19 0
BBX 11 10 4 1
BITMAP
0600
1F00
3F80
FFE0
FFE0
7FE0
7FC0
7FC0
3FC0
3F80
ENDCHAR
STARTCHAR 2B20
ENCODING 11040
SWIDTH 1187 0
DWIDTH 19 0
BBX 11 10 4 1
BITMAP
0E00
1B00
20C0
C060
8020
4040
4040
4040
2080
3F80
ENDCHAR
STARTCHAR 2B21
ENCODING 11041
SWIDTH 1187 0
DWIDTH 19 0
BBX 10 11 5 0
BITMAP
0C00
3300
C0C0
8040
8040
8040
8040
8040
C0C0
3300
0C00
ENDCHAR
STARTCHAR 2B22
ENCODING 11042
SWIDTH 1187 0
DWIDTH 19 0
BBX 10 11 5 0
BITMAP
0C00
3F00
FFC0
FFC0
FFC0
FFC0
FFC0
FFC0
FFC0
3F00
0C00
ENDCHAR
STARTCHAR 2B23
ENCODING 11043
SWIDTH 1187 0
DWIDTH 19 0
BBX 11 10 4 0
BITMAP
3F80
3F80
7FC0
7FE0
FFE0
FFE0
7FC0
7FC0
3F80
3F80
ENDCHAR
STARTCHAR 2B24
ENCODING 11044
SWIDTH 1187 0
DWIDTH 19 0
BBX 14 14 3 -2
BITMAP
0F80
1FE0
3FF0
7FF8
FFF8
FFFC
FFFC
FFFC
FFFC
7FF8
7FF8
3FF0
1FE0
0700
ENDCHAR
STARTCHAR 2B25
ENCODING 11045
SWIDTH 1187 0
DWIDTH 19 0
BBX 9 9 5 1
BITMAP
0800
1C00
3E00
7F00
FF80
7F00
3E00
1C00
0800
ENDCHAR
STARTCHAR 2B26
ENCODING 11046
SWIDTH 1187 0
DWIDTH 19 0
BBX 9 9 5 1
BITMAP
0800
1400
2200
4100
8080
4100
2200
1400
0800
ENDCHAR
STARTCHAR 2B27
ENCODING 11047
SWIDTH 1187 0
DWIDTH 19 0
BBX 5 9 7 1
BITMAP
20
20
70
F8
F8
F8
70
30
20
ENDCHAR
STARTCHAR 2B28
ENCODING 11048
SWIDTH 1187 0
DWIDTH 19 0
BBX 5 9 7 1
BITMAP
20
20
50
C8
88
C8
50
30
20
ENDCHAR
STARTCHAR 2B29
ENCODING 11049
SWIDTH 1187 0
DWIDTH 19 0
BBX 6 6 7 3
BITMAP
30
78
FC
F8
70
20
ENDCHAR
STARTCHAR 2B2A
ENCODING 11050
SWIDTH 1187 0
DWIDTH 19 0
BBX 4 6 8 3
BITMAP
40
E0
F0
E0
40
40
ENDCHAR
STARTCHAR 2B2B
ENCODING 11051
SWIDTH 1187 0
DWIDTH 19 0
BBX 4 6 8 3
BITMAP
40
A0
B0
A0
40
40
ENDCHAR
STARTCHAR 2B2C
ENCODING 11052
SWIDTH 1187 0
DWIDTH 19 0
BBX 11 7 4 2
BITMAP
3F80
7FC0
FFE0
FFE0
FFE0
7FC0
3F80
ENDCHAR
STARTCHAR 2B2D
ENCODING 11053
SWIDTH 1187 0
DWIDTH 19 0
BBX 11 7 4 2
BITMAP
1F00
60C0
8020
8020
8020
60C0
1F00
ENDCHAR
STARTCHAR 2B2E
ENCODING 11054
SWIDTH 1187 0
DWIDTH 19 0
BBX 7 11 6 0
BITMAP
38
7C
7E
FE
FE
FE
FE
FE
7E
7C
38
ENDCHAR
STARTCHAR 2B2F
ENCODING 11055
SWIDTH 1187 0
DWIDTH 19 0
BBX 7 11 6 0
BITMAP
38
44
44
82
82
82
82
82
44
44
38
ENDCHAR
STARTCHAR 2B30
ENCODING 11056
SWIDTH 1187 0
DWIDTH 19 0
BBX 17 9 1 1
BITMAP
080000
10F000
208800
410800
FFFF80
410800
218800
10F000
080000
ENDCHAR
STARTCHAR 2B31
ENCODING 11057
SWIDTH 1187 0
DWIDTH 19 0
BBX 17 19 1 -4
BITMAP
100000
200000
400000
FFFF80
400000
200000
100000
200000
400000
FFFF80
400000
200000
100000
200000
400000
FFFF80
400000
200000
100000
ENDCHAR
STARTCHAR 2B32
ENCODING 11058
SWIDTH 1187 0
DWIDTH 19 0
BBX 17 9 1 1
BITMAP
080000
180000
30F800
61A800
FFFF80
412C00
20A800
107000
080000
ENDCHAR
STARTCHAR 2B33
ENCODING 11059
SWIDTH 1187 0
DWIDTH 19 0
BBX 17 9 1 1
BITMAP
080000
100000
202000
432600
FB5780
44C800
200000
100000
080000
ENDCHAR
STARTCHAR 2B34
ENCODING 11060
SWIDTH 1187 0
DWIDTH 19 0
BBX 17 9 1 1
BITMAP
090000
121000
241000
481000
FFFF80
481000
241000
121000
091000
ENDCHAR
STARTCHAR 2B35
ENCODING 11061
SWIDTH 1187 0
DWIDTH 19 0
BBX 17 9 1 1
BITMAP
0D0000
1B2400
362400
6C2400
FFFF80
682400
362400
1B2400
0DA400
ENDCHAR
STARTCHAR 2B36
ENCODING 11062
SWIDTH 1187 0
DWIDTH 19 0
BBX 17 9 1 1
BITMAP
090080
120080
240080
480080
FFFF80
480080
240080
120080
090080
ENDCHAR
STARTCHAR 2B37
ENCODING 11063
SWIDTH 1187 0
DWIDTH 19 0
BBX 17 9 1 1
BITMAP
090080
120100
240200
480400
FDB800
480400
240200
120100
090080
ENDCHAR
STARTCHAR 2B38
ENCODING 11064
SWIDTH 1187 0
DWIDTH 19 0
BBX 17 9 1 1
BITMAP
080000
100000
200000
400000
AAAA80
400000
200000
100000
080000
ENDCHAR
STARTCHAR 2B39
ENCODING 11065
SWIDTH 1187 0
DWIDTH 19 0
BBX 17 9 1 1
BITMAP
080080
188180
208300
408600
FFF800
408400
208200
108180
088080
ENDCHAR
STARTCHAR 2B3A
ENCODING 11066
SWIDTH 1187 0
DWIDTH 19 0
BBX 17 9 1 1
BITMAP
080080
124100
224200
424400
FFF800
424400
224200
124100
0A4080
ENDCHAR
STARTCHAR 2B3B
ENCODING 11067
SWIDTH 1187 0
DWIDTH 19 0
BBX 17 9 1 1
BITMAP
090080
120180
240200
480400
FFF800
480400
240200
120100
090080
ENDCHAR
STARTCHAR 2B3C
ENCODING 11068
SWIDTH 1187 0
DWIDTH 19 0
BBX 18 9 1 1
BITMAP
090040
1B2080
362100
6C2200
FFFC00
682600
342300
1B2180
0DA0C0
ENDCHAR
STARTCHAR 2B3D
ENCODING 11069
SWIDTH 1187 0
DWIDTH 19 0
BBX 17 9 1 1
BITMAP
090180
12A300
24A600
48AC00
FFF800
58AC00
2CA600
16A300
0BA180
ENDCHAR
STARTCHAR 2B3E
ENCODING 11070
SWIDTH 1187 0
DWIDTH 19 0
BBX 17 9 1 1
BITMAP
080000
100000
208800
405000
FFFF80
405000
208800
100000
080000
ENDCHAR
STARTCHAR 2B3F
ENCODING 11071
SWIDTH 1187 0
DWIDTH 19 0
BBX 17 9 1 1
BITMAP
080000
103800
204C00
408600
FF0380
400000
200000
100000
080000
ENDCHAR
STARTCHAR 2B45
ENCODING 11077
SWIDTH 1187 0
DWIDTH 19 0
BBX 17 9 1 1
BITMAP
080000
100000
3FFF80
7FFF80
800000
7FFF80
3FFF80
100000
080000
ENDCHAR
STARTCHAR 2B46
ENCODING 11078
SWIDTH 1187 0
DWIDTH 19 0
BBX 17 9 1 1
BITMAP
000800
000400
FFFE00
FFFF00
000080
FFFF00
FFFE00
000400
000800
ENDCHAR
STARTCHAR 2B4D
ENCODING 11085
SWIDTH 1187 0
DWIDTH 19 0
BBX 11 17 4 -3
BITMAP
1000
1000
1000
3000
2000
2000
2000
61E0
4F40
7040
80C0
0080
0080
0780
03E0
03C0
0100
ENDCHAR
STARTCHAR 2B50
ENCODING 11088
SWIDTH 1187 0
DWIDTH 19 0
BBX 8 8 6 2
BITMAP
10
10
10
EF
44
28
7C
44
ENDCHAR
STARTCHAR 2B51
ENCODING 11089
SWIDTH 1187 0
DWIDTH 19 0
BBX 7 6 6 3
BITMAP
10
10
FE
38
38
28
ENDCHAR
STARTCHAR 2B52
ENCODING 11090
SWIDTH 1187 0
DWIDTH 19 0
BBX 7 6 6 3
BITMAP
10
10
EE
44
28
38
ENDCHAR
STARTCHAR 2B53
ENCODING 11091
SWIDTH 1187 0
DWIDTH 19 0
BBX 10 11 5 0
BITMAP
0600
3E00
FF00
FF80
FFC0
FFC0
FFC0
FF80
FF00
3F00
0600
ENDCHAR
STARTCHAR 2B54
ENCODING 11092
SWIDTH 1187 0
DWIDTH 19 0
BBX 10 11 5 0
BITMAP
0600
3A00
C100
8080
80C0
8040
80C0
8080
C100
3B00
0600
ENDCHAR
STARTCHAR 2B55
ENCODING 11093
SWIDTH 1187 0
DWIDTH 19 0
BBX 13 13 3 -1
BITMAP
0F80
3FE0
7070
6030
C018
C018
C018
C018
C018
6030
7070
3FE0
0F80
ENDCHAR
STARTCHAR 2B58
ENCODING 11096
SWIDTH 1187 0
DWIDTH 19 0
BBX 11 11 4 0
BITMAP
1F00
60C0
4040
8060
8020
8020
8020
8020
4040
60C0
1F00
ENDCHAR
STARTCHAR 2B59
ENCODING 11097
SWIDTH 1187 0
DWIDTH 19 0
BBX 11 11 4 0
BITMAP
1F00
60C0
60C0
9160
8A20
8420
8A20
9120
60C0
60C0
1F00
ENDCHAR
STARTCHAR 2B60
ENCODING 11104
SWIDTH 1187 0
DWIDTH 19 0
BBX 17 7 1 2
BITMAP
100000
300000
700000
FFFF80
700000
300000
100000
ENDCHAR
STARTCHAR 2B61
ENCODING 11105
SWIDTH 1187 0
DWIDTH 19 0
BBX 7 17 6 -3
BITMAP
10
38
7C
FE
10
10
10
10
10
10
10
10
10
10
10
10
10
ENDCHAR
STARTCHAR 2B62
ENCODING 11106
SWIDTH 1187 0
DWIDTH 19 0
BBX 17 7 1 2
BITMAP
000400
000200
000300
FFFF80
000300
000200
000400
ENDCHAR
STARTCHAR 2B63
ENCODING 11107
SWIDTH 1187 0
DWIDTH 19 0
BBX 7 17 6 -3
BITMAP
10
10
10
10
10
10
10
10
10
10
10
10
10
FE
7C
38
10
ENDCHAR
STARTCHAR 2B64
ENCODING 11108
SWIDTH 1187 0
DWIDTH 19 0
BBX 17 7 1 2
BITMAP
100400
300200
700300
FFFF80
700300
300200
100400
ENDCHAR
STARTCHAR 2B65
ENCODING 11109
SWIDTH 1187 0
DWIDTH 19 0
BBX 7 17 6 -3
BITMAP
10
38
7C
FE
10
10
10
10
10
10
10
10
10
FE
7C
38
10
ENDCHAR
STARTCHAR 2B66
ENCODING 11110
SWIDTH 1187 0
DWIDTH 19 0
BBX 15 14 2 -1
BITMAP
F800
F000
F000
D800
8C00
0600
0300
0180
00C0
0060
0030
0018
000C
0006
ENDCHAR
STARTCHAR 2B67
ENCODING 11111
SWIDTH 1187 0
DWIDTH 19 0
BBX 15 14 2 -1
BITMAP
003E
001E
001E
0036
0062
00C0
0180
0300
0600
0C00
1800
3000
6000
C000
ENDCHAR
STARTCHAR 2B68
ENCODING 11112
SWIDTH 1187 0
DWIDTH 19 0
BBX 15 14 2 0
BITMAP
C000
6000
3000
1800
0C00
0600
0300
0180
00C0
0062
0036
001E
001E
003E
ENDCHAR
STARTCHAR 2B69
ENCODING 11113
SWIDTH 1187 0
DWIDTH 19 0
BBX 15 14 2 0
BITMAP
0006
000C
0018
0030
0060
00C0
0180
0300
0600
8C00
D800
F000
F000
F800
ENDCHAR
STARTCHAR 2B6A
ENCODING 11114
SWIDTH 1187 0
DWIDTH 19 0
BBX 16 7 1 2
BITMAP
1000
3000
7000
FFFB
7000
3000
1000
ENDCHAR
STARTCHAR 2B6B
ENCODING 11115
SWIDTH 1187 0
DWIDTH 19 0
BBX 7 17 6 -3
BITMAP
10
38
7C
82
10
10
00
10
10
10
10
10
10
00
10
10
10
ENDCHAR
STARTCHAR 2B6C
ENCODING 11116
SWIDTH 1187 0
DWIDTH 19 0
BBX 16 7 2 2
BITMAP
0008
0004
0006
DDB7
0006
0004
0008
ENDCHAR
STARTCHAR 2B6D
ENCODING 11117
SWIDTH 1187 0
DWIDTH 19 0
BBX 7 16 6 -3
BITMAP
10
10
00
10
10
10
10
10
10
10
10
10
FE
7C
38
10
ENDCHAR
STARTCHAR 2B6E
ENCODING 11118
SWIDTH 1187 0
DWIDTH 19 0
BBX 14 16 3 -1
BITMAP
0400
0600
0700
3F00
6600
4400
8000
8000
8000
8004
8004
8004
C008
6018
3030
1FC0
ENDCHAR
STARTCHAR 2B6F
ENCODING 11119
SWIDTH 1187 0
DWIDTH 19 0
BBX 14 16 3 -1
BITMAP
0100
0100
0380
0360
0118
0008
000C
0004
0004
8004
8004
8004
C008
6018
3030
1FC0
ENDCHAR
STARTCHAR 2B70
ENCODING 11120
SWIDTH 1187 0
DWIDTH 19 0
BBX 17 9 1 1
BITMAP
800000
880000
980000
B80000
FFFF80
B80000
980000
880000
800000
ENDCHAR
STARTCHAR 2B71
ENCODING 11121
SWIDTH 1187 0
DWIDTH 19 0
BBX 9 17 5 -3
BITMAP
FF80
0800
1C00
3E00
7F00
0800
0800
0800
0800
0800
0800
0800
0800
0800
0800
0800
0800
ENDCHAR
STARTCHAR 2B72
ENCODING 11122
SWIDTH 1187 0
DWIDTH 19 0
BBX 17 9 1 1
BITMAP
000080
000880
000C80
000E80
FFFF80
000E80
000C80
000880
000080
ENDCHAR
STARTCHAR 2B73
ENCODING 11123
SWIDTH 1187 0
DWIDTH 19 0
BBX 9 17 5 -3
BITMAP
0800
0800
0800
0800
0800
0800
0800
0800
0800
0800
0800
0800
7F00
3E00
1C00
0800
FF80
ENDCHAR
STARTCHAR 2B7A
ENCODING 11130
SWIDTH 1187 0
DWIDTH 19 0
BBX 17 8 1 1
BITMAP
109000
309000
709000
FFFF80
709000
309000
109000
009000
ENDCHAR
STARTCHAR 2B7B
ENCODING 11131
SWIDTH 1187 0
DWIDTH 19 0
BBX 9 17 5 -3
BITMAP
0800
1C00
3E00
7F00
0800
0800
0800
0800
FF80
0800
0800
FF80
0800
0800
0800
0800
0800
ENDCHAR
STARTCHAR 2B7C
ENCODING 11132
SWIDTH 1187 0
DWIDTH 19 0
BBX 17 8 1 1
BITMAP
048400
048600
048700
FFFF80
048700
048600
048400
048000
ENDCHAR
STARTCHAR 2B7D
ENCODING 11133
SWIDTH 1187 0
DWIDTH 19 0
BBX 9 17 5 -3
BITMAP
0800
0800
0800
0800
0800
FF80
0800
0800
FF80
0800
0800
0800
0800
7F00
3E00
1C00
0800
ENDCHAR
STARTCHAR 2B7E
ENCODING 11134
SWIDTH 1187 0
DWIDTH 19 0
BBX 17 17 1 -3
BITMAP
800000
880000
980000
B80000
FFFF80
B80000
980000
880000
800080
000880
000C80
000E80
FFFF80
000E80
000C80
000880
000080
ENDCHAR
STARTCHAR 2B7F
ENCODING 11135
SWIDTH 1187 0
DWIDTH 19 0
BBX 17 17 1 -3
BITMAP
08FF80
080800
081C00
083E00
087F00
080800
080800
080800
080800
080800
080800
080800
7F0800
3E0800
1C0800
080800
FF8800
ENDCHAR
STARTCHAR 2B80
ENCODING 11136
SWIDTH 1187 0
DWIDTH 19 0
BBX 17 15 1 -2
BITMAP
100000
300000
700000
FFFF80
700000
300000
100000
000000
000400
000200
000300
FFFF80
000300
000200
000400
ENDCHAR
STARTCHAR 2B81
ENCODING 11137
SWIDTH 1187 0
DWIDTH 19 0
BBX 15 17 2 -3
BITMAP
1010
3810
7C10
FE10
1010
1010
1010
1010
1010
1010
1010
1010
1010
10FE
107C
1038
1010
ENDCHAR
STARTCHAR 2B82
ENCODING 11138
SWIDTH 1187 0
DWIDTH 19 0
BBX 17 15 1 -2
BITMAP
000400
000200
000300
FFFF80
000300
000200
000400
000000
100000
300000
700000
FFFF80
700000
300000
100000
ENDCHAR
STARTCHAR 2B83
ENCODING 11139
SWIDTH 1187 0
DWIDTH 19 0
BBX 15 17 2 -3
BITMAP
1010
1038
107C
10FE
1010
1010
1010
1010
1010
1010
1010
1010
1010
FE10
7C10
3810
1010
ENDCHAR
STARTCHAR 2B84
ENCODING 11140
SWIDTH 1187 0
DWIDTH 19 0
BBX 17 15 1 -2
BITMAP
100000
300000
700000
FFFF80
700000
300000
100000
000000
100000
300000
700000
FFFF80
700000
300000
100000
ENDCHAR
STARTCHAR 2B85
ENCODING 11141
SWIDTH 1187 0
DWIDTH 19 0
BBX 15 17 2 -3
BITMAP
1010
3838
7C7C
FEFE
1010
1010
1010
1010
1010
1010
1010
1010
1010
1010
1010
1010
1010
ENDCHAR
STARTCHAR 2B86
ENCODING 11142
SWIDTH 1187 0
DWIDTH 19 0
BBX 17 15 1 -2
BITMAP
000400
000200
000300
FFFF80
000300
000200
000400
000000
000400
000200
000300
FFFF80
000300
000200
000400
ENDCHAR
STARTCHAR 2B87
ENCODING 11143
SWIDTH 1187 0
DWIDTH 19 0
BBX 15 17 2 -3
BITMAP
1010
1010
1010
1010
1010
1010
1010
1010
1010
1010
1010
1010
1010
FEFE
7C7C
3838
1010
ENDCHAR
STARTCHAR 2B8C
ENCODING 11148
SWIDTH 1187 0
DWIDTH 19 0
BBX 17 12 1 1
BITMAP
100000
300000
700000
FFFE00
700300
300180
100080
000080
000080
000180
000300
FFFE00
ENDCHAR
STARTCHAR 2B8D
ENCODING 11149
SWIDTH 1187 0
DWIDTH 19 0
BBX 12 17 5 -3
BITMAP
8080
81C0
83E0
8490
8080
8080
8080
8080
8080
8080
8080
8080
8080
8080
C180
6300
3E00
ENDCHAR
STARTCHAR 2B8E
ENCODING 11150
SWIDTH 1187 0
DWIDTH 19 0
BBX 17 12 1 -2
BITMAP
3FFF80
600000
C00000
800000
800000
800400
C00600
600700
3FFF80
000700
000600
000400
ENDCHAR
STARTCHAR 2B8F
ENCODING 11151
SWIDTH 1187 0
DWIDTH 19 0
BBX 12 17 2 -3
BITMAP
07C0
0860
1830
1010
1010
1010
1010
1010
1010
1010
1010
1010
1010
1010
FE10
3810
1010
ENDCHAR
STARTCHAR 2B90
ENCODING 11152
SWIDTH 1187 0
DWIDTH 19 0
BBX 17 12 1 -2
BITMAP
007F80
000100
000100
000300
000200
100200
300600
700400
FFFC00
700000
300000
100000
ENDCHAR
STARTCHAR 2B91
ENCODING 11153
SWIDTH 1187 0
DWIDTH 19 0
BBX 17 12 1 -2
BITMAP
FF8000
400000
400000
200000
200000
200400
100200
100300
1FFF80
000300
000200
000400
ENDCHAR
STARTCHAR 2B92
ENCODING 11154
SWIDTH 1187 0
DWIDTH 19 0
BBX 17 12 1 -2
BITMAP
FF9F80
000080
000080
000080
000080
008080
008080
018080
FBFF80
018000
008000
008000
ENDCHAR
STARTCHAR 2B93
ENCODING 11155
SWIDTH 1187 0
DWIDTH 19 0
BBX 17 12 1 -2
BITMAP
FCFF80
800000
800000
800000
800000
810000
808000
80C000
FFEF80
00C000
008000
010000
ENDCHAR
STARTCHAR 2B94
ENCODING 11156
SWIDTH 1187 0
DWIDTH 19 0
BBX 11 11 4 -1
BITMAP
0400
7FC0
4440
4000
4000
E060
40C0
0040
4440
7FC0
0400
ENDCHAR
STARTCHAR 2B95
ENCODING 11157
SWIDTH 1187 0
DWIDTH 19 0
BBX 17 7 1 1
BITMAP
001000
000C00
FFFE00
FFFF80
FFFF00
FFFE00
000800
ENDCHAR
STARTCHAR 2BA0
ENCODING 11168
SWIDTH 1187 0
DWIDTH 19 0
BBX 17 11 1 -2
BITMAP
000080
000080
000080
000080
100080
300080
700080
FFFF80
700000
300000
100000
ENDCHAR
STARTCHAR 2BA1
ENCODING 11169
SWIDTH 1187 0
DWIDTH 19 0
BBX 17 11 1 -2
BITMAP
800000
800000
800000
800000
800400
800600
800700
FFFF80
000700
000600
000400
ENDCHAR
STARTCHAR 2BA2
ENCODING 11170
SWIDTH 1187 0
DWIDTH 19 0
BBX 17 12 1 1
BITMAP
100000
300000
700000
FFFF80
700080
300080
100080
000080
000080
000080
000080
000080
ENDCHAR
STARTCHAR 2BA3
ENCODING 11171
SWIDTH 1187 0
DWIDTH 19 0
BBX 17 12 1 1
BITMAP
000400
000600
000700
FFFF80
800700
800600
800400
800000
800000
800000
800000
800000
ENDCHAR
STARTCHAR 2BA4
ENCODING 11172
SWIDTH 1187 0
DWIDTH 19 0
BBX 12 17 2 -3
BITMAP
1000
3800
7C00
9200
1000
1000
1000
1000
1000
1000
1000
1000
1000
1000
1000
1000
1FF0
ENDCHAR
STARTCHAR 2BA5
ENCODING 11173
SWIDTH 1187 0
DWIDTH 19 0
BBX 12 17 5 -3
BITMAP
0080
01C0
03E0
0490
0080
0080
0080
0080
0080
0080
0080
0080
0080
0080
0080
0080
FF80
ENDCHAR
STARTCHAR 2BA6
ENCODING 11174
SWIDTH 1187 0
DWIDTH 19 0
BBX 12 17 2 -3
BITMAP
1FF0
1000
1000
1000
1000
1000
1000
1000
1000
1000
1000
1000
1000
1000
FE00
3800
1000
ENDCHAR
STARTCHAR 2BA7
ENCODING 11175
SWIDTH 1187 0
DWIDTH 19 0
BBX 12 17 5 -3
BITMAP
FF80
0080
0080
0080
0080
0080
0080
0080
0080
0080
0080
0080
0080
0080
07F0
01C0
0080
ENDCHAR
STARTCHAR 2BB8
ENCODING 11192
SWIDTH 1187 0
DWIDTH 19 0
BBX 7 17 6 -3
BITMAP
10
38
28
7C
82
C6
44
44
44
44
44
44
7C
00
7C
44
7C
ENDCHAR
STARTCHAR 2BB9
ENCODING 11193
SWIDTH 1187 0
DWIDTH 19 0
BBX 11 7 4 2
BITMAP
FFE0
8420
8E20
9B20
B1A0
8020
FFE0
ENDCHAR
STARTCHAR 2BBA
ENCODING 11194
SWIDTH 1187 0
DWIDTH 19 0
BBX 12 13 3 -1
BITMAP
0FF0
0810
0810
0810
FF90
8890
8890
8890
8FF0
8080
8080
8080
FF80
ENDCHAR
STARTCHAR 2BBB
ENCODING 11195
SWIDTH 1187 0
DWIDTH 19 0
BBX 13 13 3 -1
BITMAP
0FF8
0FF8
0FF8
0FF8
FFF8
8FF8
8FF8
8FF8
8FF8
8080
8080
8080
FF80
ENDCHAR
STARTCHAR 2BBC
ENCODING 11196
SWIDTH 1187 0
DWIDTH 19 0
BBX 13 13 3 -1
BITMAP
0FF8
0FF8
0FF8
0FF8
FFF8
FFF8
FFF8
FFF8
FFF8
FF80
FF80
FF80
FF80
ENDCHAR
STARTCHAR 2BBD
ENCODING 11197
SWIDTH 1187 0
DWIDTH 19 0
BBX 11 11 4 0
BITMAP
FFE0
8020
A0A0
9120
8A20
8420
8A20
9120
A0A0
8020
FFE0
ENDCHAR
STARTCHAR 2BBE
ENCODING 11198
SWIDTH 1187 0
DWIDTH 19 0
BBX 11 11 4 0
BITMAP
1F00
3180
4040
D160
8A20
8420
8A20
9160
4040
2080
1F00
ENDCHAR
STARTCHAR 2BBF
ENCODING 11199
SWIDTH 1187 0
DWIDTH 19 0
BBX 11 11 4 0
BITMAP
1F00
3180
4040
DB60
9F20
8E20
9F20
9B60
4040
2080
1F00
ENDCHAR
STARTCHAR 2BC0
ENCODING 11200
SWIDTH 1187 0
DWIDTH 19 0
BBX 11 11 4 0
BITMAP
FFE0
FFE0
FFE0
FFE0
FFE0
FFE0
FFE0
FFE0
FFE0
FFE0
FFE0
ENDCHAR
STARTCHAR 2BC1
ENCODING 11201
SWIDTH 1187 0
DWIDTH 19 0
BBX 11 11 4 0
BITMAP
0400
0E00
1F00
3F80
7FC0
FFE0
7FC0
3F80
1F00
0E00
0400
ENDCHAR
STARTCHAR 2BC2
ENCODING 11202
SWIDTH 1187 0
DWIDTH 19 0
BBX 11 10 4 0
BITMAP
3F80
3F80
7FC0
7FC0
7FC0
FFE0
FFE0
3F80
1F00
0E00
ENDCHAR
STARTCHAR 2BC3
ENCODING 11203
SWIDTH 1187 0
DWIDTH 19 0
BBX 11 11 4 0
BITMAP
0E00
3FC0
7FC0
7FE0
FFE0
FFE0
FFE0
7FE0
7FC0
7FC0
0F00
ENDCHAR
STARTCHAR 2BC4
ENCODING 11204
SWIDTH 1187 0
DWIDTH 19 0
BBX 11 11 4 0
BITMAP
1F00
3F80
7FC0
FFE0
FFE0
FFE0
FFE0
FFE0
7FC0
3F80
1F00
ENDCHAR
STARTCHAR 2BC5
ENCODING 11205
SWIDTH 1187 0
DWIDTH 19 0
BBX 10 9 5 1
BITMAP
0800
0800
1C00
1E00
3E00
7F00
7F00
FF80
FFC0
ENDCHAR
STARTCHAR 2BC6
ENCODING 11206
SWIDTH 1187 0
DWIDTH 19 0
BBX 10 9 5 1
BITMAP
FFC0
FF80
7F00
7F00
3E00
1E00
1C00
0800
0800
ENDCHAR
STARTCHAR 2BC7
ENCODING 11207
SWIDTH 1187 0
DWIDTH 19 0
BBX 9 10 5 1
BITMAP
0180
0780
0F80
3F80
FF80
3F80
1F80
0780
0180
0080
ENDCHAR
STARTCHAR 2BC8
ENCODING 11208
SWIDTH 1187 0
DWIDTH 19 0
BBX 9 11 5 0
BITMAP
8000
C000
F000
FC00
FE00
FF80
FE00
FC00
F000
C000
8000
ENDCHAR
STARTCHAR 2BCA
ENCODING 11210
SWIDTH 1187 0
DWIDTH 19 0
BBX 11 5 4 6
BITMAP
1F00
3F80
7FC0
FFE0
FFE0
ENDCHAR
STARTCHAR 2BCB
ENCODING 11211
SWIDTH 1187 0
DWIDTH 19 0
BBX 11 5 4 0
BITMAP
FFE0
FFE0
7FC0
3F80
1F00
ENDCHAR
STARTCHAR 2BCC
ENCODING 11212
SWIDTH 1187 0
DWIDTH 19 0
BBX 11 11 4 0
BITMAP
0400
0400
0600
0E00
1F80
FFE0
3F80
0F00
0E00
0400
0400
ENDCHAR
STARTCHAR 2BCD
ENCODING 11213
SWIDTH 1187 0
DWIDTH 19 0
BBX 8 8 6 1
BITMAP
81
7E
7E
7E
7E
7E
7E
81
ENDCHAR
STARTCHAR 2BCE
ENCODING 11214
SWIDTH 1187 0
DWIDTH 19 0
BBX 11 11 4 0
BITMAP
0400
0400
0A00
0A00
1180
E060
3080
0900
0A00
0400
0400
ENDCHAR
STARTCHAR 2BCF
ENCODING 11215
SWIDTH 1187 0
DWIDTH 19 0
BBX 8 9 5 1
BITMAP
81
FF
42
42
42
42
42
BD
C3
ENDCHAR
STARTCHAR 2BD0
ENCODING 11216
SWIDTH 1187 0
DWIDTH 19 0
BBX 11 11 4 0
BITMAP
0400
7FC0
4440
4440
4440
FFE0
4440
4440
4440
7FC0
0400
ENDCHAR
STARTCHAR 2BD1
ENCODING 11217
SWIDTH 625 0
DWIDTH 10 0
BBX 7 13 1 -1
BITMAP
10
18
28
24
5C
8A
9A
82
54
64
28
18
10
ENDCHAR
STARTCHAR 2BD2
ENCODING 11218
SWIDTH 625 0
DWIDTH 10 0
BBX 7 9 1 1
BITMAP
10
10
FE
10
FE
10
FE
10
10
ENDCHAR
STARTCHAR 2BE8
ENCODING 11240
SWIDTH 1187 0
DWIDTH 19 0
BBX 5 10 5 1
BITMAP
08
08
08
18
F8
78
38
38
30
40
ENDCHAR
STARTCHAR 2BE9
ENCODING 11241
SWIDTH 1187 0
DWIDTH 19 0
BBX 5 9 10 2
BITMAP
80
80
80
F8
E0
C0
C0
E0
20
ENDCHAR
STARTCHAR 2BEA
ENCODING 11242
SWIDTH 1187 0
DWIDTH 19 0
BBX 10 10 5 0
BITMAP
0800
0800
0800
1C00
FFC0
7900
3A00
3A00
3600
6300
ENDCHAR
STARTCHAR 2BEB
ENCODING 11243
SWIDTH 1187 0
DWIDTH 19 0
BBX 10 10 5 0
BITMAP
0800
0800
0800
1400
F7C0
4700
2600
2E00
3600
6300
ENDCHAR
STARTCHAR 2BEC
ENCODING 11244
SWIDTH 1187 0
DWIDTH 19 0
BBX 17 7 1 2
BITMAP
120000
320000
760000
FFFF80
760000
320000
120000
ENDCHAR
STARTCHAR 2BED
ENCODING 11245
SWIDTH 1187 0
DWIDTH 19 0
BBX 7 17 6 -3
BITMAP
10
38
7C
FE
10
38
7C
92
10
10
10
10
10
10
10
10
10
ENDCHAR
STARTCHAR 2BEE
ENCODING 11246
SWIDTH 1187 0
DWIDTH 19 0
BBX 17 7 1 2
BITMAP
004400
002200
003300
FFFB80
003B00
003200
002400
ENDCHAR
STARTCHAR 2BEF
ENCODING 11247
SWIDTH 1187 0
DWIDTH 19 0
BBX 7 17 6 -3
BITMAP
10
10
10
10
10
10
10
10
10
10
FE
3C
18
FE
7C
38
10
ENDCHAR
STARTCHAR 2BFA
ENCODING 11258
SWIDTH 625 0
DWIDTH 10 0
BBX 6 3 2 4
BITMAP
FC
B4
FC
ENDCHAR
STARTCHAR 2BFB
ENCODING 11259
SWIDTH 625 0
DWIDTH 10 0
BBX 10 3 0 4
BITMAP
E1C0
BF40
E1C0
ENDCHAR
STARTCHAR 2BFC
ENCODING 11260
SWIDTH 625 0
DWIDTH 10 0
BBX 3 7 3 2
BITMAP
40
A0
A0
40
E0
A0
E0
ENDCHAR
STARTCHAR 2BFD
ENCODING 11261
SWIDTH 625 0
DWIDTH 10 0
BBX 3 7 3 2
BITMAP
40
40
40
40
E0
A0
60
ENDCHAR
STARTCHAR 2BFE
ENCODING 11262
SWIDTH 625 0
DWIDTH 10 0
BBX 8 8 1 2
BITMAP
01
01
01
01
01
01
01
FF
ENDCHAR
STARTCHAR 2BFF
ENCODING 11263
SWIDTH 625 0
DWIDTH 10 0
BBX 8 15 1 -2
BITMAP
FF
FF
FF
18
18
18
1F
1F
1F
18
18
18
FF
FF
FF
ENDCHAR
STARTCHAR 2C60
ENCODING 11360
SWIDTH 562 0
DWIDTH 9 0
BBX 8 13 0 0
BITMAP
78
20
20
20
20
FC
20
FC
20
20
20
21
7F
ENDCHAR
STARTCHAR 2C61
ENCODING 11361
SWIDTH 625 0
DWIDTH 10 0
BBX 6 13 2 0
BITMAP
F0
10
10
10
10
78
10
78
10
10
10
10
FC
ENDCHAR
STARTCHAR 2C62
ENCODING 11362
SWIDTH 562 0
DWIDTH 9 0
BBX 8 13 0 0
BITMAP
78
20
20
20
20
68
B8
20
20
20
20
21
7F
ENDCHAR
STARTCHAR 2C63
ENCODING 11363
SWIDTH 562 0
DWIDTH 9 0
BBX 7 13 1 0
BITMAP
FC
46
46
42
F2
42
46
7C
40
40
40
40
F0
ENDCHAR
STARTCHAR 2C64
ENCODING 11364
SWIDTH 562 0
DWIDTH 9 0
BBX 8 17 1 -4
BITMAP
FC
46
46
42
42
42
46
7C
48
48
4C
44
47
40
40
40
30
ENDCHAR
STARTCHAR 2C65
ENCODING 11365
SWIDTH 562 0
DWIDTH 9 0
BBX 8 11 1 -1
BITMAP
02
3C
66
CA
0A
3E
72
E2
E6
7B
40
ENDCHAR
STARTCHAR 2C66
ENCODING 11366
SWIDTH 562 0
DWIDTH 9 0
BBX 7 15 1 -1
BITMAP
04
24
28
28
28
FC
30
30
20
20
20
66
74
5C
C0
ENDCHAR
STARTCHAR 2C67
ENCODING 11367
SWIDTH 625 0
DWIDTH 10 0
BBX 8 16 1 -3
BITMAP
E7
42
42
42
42
42
7E
42
42
42
42
42
E7
01
01
01
ENDCHAR
STARTCHAR 2C68
ENCODING 11368
SWIDTH 625 0
DWIDTH 10 0
BBX 8 16 1 -3
BITMAP
C0
40
40
40
5C
66
42
42
42
42
42
42
E7
01
01
01
ENDCHAR
STARTCHAR 2C69
ENCODING 11369
SWIDTH 625 0
DWIDTH 10 0
BBX 7 16 2 -3
BITMAP
86
8C
88
98
90
B0
E0
B0
90
98
88
8C
86
02
02
02
ENDCHAR
STARTCHAR 2C6A
ENCODING 11370
SWIDTH 625 0
DWIDTH 10 0
BBX 8 16 1 -3
BITMAP
C0
40
40
40
47
4C
48
50
70
78
4C
44
E3
01
01
01
ENDCHAR
STARTCHAR 2C6B
ENCODING 11371
SWIDTH 625 0
DWIDTH 10 0
BBX 6 16 2 -3
BITMAP
FC
8C
0C
18
18
10
30
20
60
40
C0
84
FC
04
04
04
ENDCHAR
STARTCHAR 2C6C
ENCODING 11372
SWIDTH 625 0
DWIDTH 10 0
BBX 6 12 2 -3
BITMAP
FC
8C
08
10
30
60
40
C4
FC
04
04
04
ENDCHAR
STARTCHAR 2C6D
ENCODING 11373
SWIDTH 625 0
DWIDTH 10 0
BBX 7 13 2 0
BITMAP
76
CC
84
84
84
84
84
84
84
84
84
CC
76
ENDCHAR
STARTCHAR 2C6E
ENCODING 11374
SWIDTH 687 0
DWIDTH 11 0
BBX 9 16 1 -3
BITMAP
E380
6300
6300
6500
5500
5500
5500
4900
4900
4100
4100
4100
E100
0100
0300
0600
ENDCHAR
STARTCHAR 2C6F
ENCODING 11375
SWIDTH 625 0
DWIDTH 10 0
BBX 8 13 1 0
BITMAP
E7
42
42
66
7E
24
24
24
3C
18
18
18
18
ENDCHAR
STARTCHAR 2C70
ENCODING 11376
SWIDTH 562 0
DWIDTH 9 0
BBX 7 13 1 0
BITMAP
DC
66
42
42
42
42
42
42
42
42
42
66
DC
ENDCHAR
STARTCHAR 2C71
ENCODING 11377
SWIDTH 625 0
DWIDTH 10 0
BBX 8 9 1 0
BITMAP
E3
62
66
26
24
34
14
1C
18
ENDCHAR
STARTCHAR 2C72
ENCODING 11378
SWIDTH 625 0
DWIDTH 10 0
BBX 10 13 1 0
BITMAP
E0C0
4180
4100
4100
4900
4900
5900
7700
3600
3600
3600
3600
2600
ENDCHAR
STARTCHAR 2C73
ENCODING 11379
SWIDTH 625 0
DWIDTH 10 0
BBX 10 9 1 0
BITMAP
E0C0
4180
4900
4900
5900
7700
3600
3600
2600
ENDCHAR
STARTCHAR 2C74
ENCODING 11380
SWIDTH 625 0
DWIDTH 10 0
BBX 8 9 1 0
BITMAP
77
56
56
F4
24
2C
38
18
18
ENDCHAR
STARTCHAR 2C75
ENCODING 11381
SWIDTH 625 0
DWIDTH 10 0
BBX 6 13 2 0
BITMAP
F0
40
40
40
40
40
7C
44
40
40
40
40
F0
ENDCHAR
STARTCHAR 2C76
ENCODING 11382
SWIDTH 625 0
DWIDTH 10 0
BBX 6 9 2 0
BITMAP
F0
40
40
44
7C
40
40
40
F0
ENDCHAR
STARTCHAR 2C77
ENCODING 11383
SWIDTH 562 0
DWIDTH 9 0
BBX 7 9 1 0
BITMAP
4C
96
92
92
92
92
96
54
38
ENDCHAR
STARTCHAR 2C78
ENCODING 11384
SWIDTH 562 0
DWIDTH 9 0
BBX 9 9 1 0
BITMAP
7C00
6400
C600
8200
FE00
8000
C280
4780
3C00
ENDCHAR
STARTCHAR 2C79
ENCODING 11385
SWIDTH 562 0
DWIDTH 9 0
BBX 7 13 1 0
BITMAP
30
18
08
08
08
08
08
08
08
08
98
D8
EE
ENDCHAR
STARTCHAR 2C7A
ENCODING 11386
SWIDTH 562 0
DWIDTH 9 0
BBX 6 9 2 0
BITMAP
78
CC
84
84
84
B4
D4
DC
78
ENDCHAR
STARTCHAR 2C7B
ENCODING 11387
SWIDTH 625 0
DWIDTH 10 0
BBX 7 9 2 0
BITMAP
FE
84
04
04
7C
04
04
84
FE
ENDCHAR
STARTCHAR 2C7C
ENCODING 11388
SWIDTH 625 0
DWIDTH 10 0
BBX 5 11 1 -4
BITMAP
08
08
00
38
08
08
08
08
08
C8
70
ENDCHAR
STARTCHAR 2C7D
ENCODING 11389
SWIDTH 625 0
DWIDTH 10 0
BBX 6 8 2 5
BITMAP
CC
48
48
48
28
30
30
30
ENDCHAR
STARTCHAR 2C7E
ENCODING 11390
SWIDTH 625 0
DWIDTH 10 0
BBX 6 16 2 -3
BITMAP
74
CC
84
80
80
E0
70
18
0C
04
84
CC
F8
40
60
3C
ENDCHAR
STARTCHAR 2C7F
ENCODING 11391
SWIDTH 625 0
DWIDTH 10 0
BBX 6 16 2 -3
BITMAP
FC
84
8C
08
18
10
30
30
20
60
40
C0
C0
60
30
1C
ENDCHAR
STARTCHAR 2DE0
ENCODING 11744
SWIDTH 0 0
DWIDTH 0 0
BBX 2 5 -6 10
BITMAP
C0
C0
C0
C0
C0
ENDCHAR
STARTCHAR 2DE1
ENCODING 11745
SWIDTH 0 0
DWIDTH 0 0
BBX 3 4 -6 10
BITMAP
C0
A0
C0
E0
ENDCHAR
STARTCHAR 2DE2
ENCODING 11746
SWIDTH 0 0
DWIDTH 0 0
BBX 3 4 -5 10
BITMAP
E0
80
80
C0
ENDCHAR
STARTCHAR 2DE3
ENCODING 11747
SWIDTH 0 0
DWIDTH 0 0
BBX 3 5 -6 11
BITMAP
E0
A0
A0
E0
A0
ENDCHAR
STARTCHAR 2DE4
ENCODING 11748
SWIDTH 0 0
DWIDTH 0 0
BBX 5 4 -7 10
BITMAP
A8
B0
70
B8
ENDCHAR
STARTCHAR 2DE5
ENCODING 11749
SWIDTH 0 0
DWIDTH 0 0
BBX 3 4 -6 10
BITMAP
C0
20
40
E0
ENDCHAR
STARTCHAR 2DE6
ENCODING 11750
SWIDTH 0 0
DWIDTH 0 0
BBX 3 4 -6 10
BITMAP
A0
C0
C0
E0
ENDCHAR
STARTCHAR 2DE7
ENCODING 11751
SWIDTH 0 0
DWIDTH 0 0
BBX 3 4 -7 10
BITMAP
60
60
60
E0
ENDCHAR
STARTCHAR 2DE8
ENCODING 11752
SWIDTH 0 0
DWIDTH 0 0
BBX 3 4 -6 10
BITMAP
A0
A0
E0
E0
ENDCHAR
STARTCHAR 2DE9
ENCODING 11753
SWIDTH 0 0
DWIDTH 0 0
BBX 3 4 -6 10
BITMAP
A0
A0
E0
A0
ENDCHAR
STARTCHAR 2DEA
ENCODING 11754
SWIDTH 0 0
DWIDTH 0 0
BBX 3 4 -6 10
BITMAP
E0
A0
A0
E0
ENDCHAR
STARTCHAR 2DEB
ENCODING 11755
SWIDTH 0 0
DWIDTH 0 0
BBX 4 4 -7 10
BITMAP
F0
50
50
D0
ENDCHAR
STARTCHAR 2DEC
ENCODING 11756
SWIDTH 0 0
DWIDTH 0 0
BBX 4 5 -7 10
BITMAP
F0
50
50
70
C0
ENDCHAR
STARTCHAR 2DED
ENCODING 11757
SWIDTH 0 0
DWIDTH 0 0
BBX 2 3 -6 10
BITMAP
C0
80
C0
ENDCHAR
STARTCHAR 2DEE
ENCODING 11758
SWIDTH 0 0
DWIDTH 0 0
BBX 3 3 -6 10
BITMAP
E0
40
E0
ENDCHAR
STARTCHAR 2DEF
ENCODING 11759
SWIDTH 0 0
DWIDTH 0 0
BBX 3 4 -6 10
BITMAP
E0
C0
40
E0
ENDCHAR
STARTCHAR 2DF0
ENCODING 11760
SWIDTH 0 0
DWIDTH 0 0
BBX 4 5 -7 11
BITMAP
D0
50
50
F0
10
ENDCHAR
STARTCHAR 2DF1
ENCODING 11761
SWIDTH 0 0
DWIDTH 0 0
BBX 3 4 -6 10
BITMAP
A0
A0
60
20
ENDCHAR
STARTCHAR 2DF2
ENCODING 11762
SWIDTH 0 0
DWIDTH 0 0
BBX 4 4 -6 10
BITMAP
F0
E0
E0
F0
ENDCHAR
STARTCHAR 2DF3
ENCODING 11763
SWIDTH 0 0
DWIDTH 0 0
BBX 4 5 -6 10
BITMAP
F0
E0
E0
F0
10
ENDCHAR
STARTCHAR 2DF4
ENCODING 11764
SWIDTH 0 0
DWIDTH 0 0
BBX 3 4 -6 10
BITMAP
E0
A0
E0
E0
ENDCHAR
STARTCHAR 2DF5
ENCODING 11765
SWIDTH 0 0
DWIDTH 0 0
BBX 4 4 -6 10
BITMAP
F0
B0
A0
A0
ENDCHAR
STARTCHAR 2DF6
ENCODING 11766
SWIDTH 0 0
DWIDTH 0 0
BBX 3 4 -6 10
BITMAP
60
A0
60
E0
ENDCHAR
STARTCHAR 2DF7
ENCODING 11767
SWIDTH 0 0
DWIDTH 0 0
BBX 3 4 -6 10
BITMAP
E0
A0
C0
E0
ENDCHAR
STARTCHAR 2DF8
ENCODING 11768
SWIDTH 0 0
DWIDTH 0 0
BBX 3 4 -6 10
BITMAP
C0
C0
A0
E0
ENDCHAR
STARTCHAR 2DF9
ENCODING 11769
SWIDTH 0 0
DWIDTH 0 0
BBX 2 5 -6 10
BITMAP
40
C0
80
C0
C0
ENDCHAR
STARTCHAR 2DFA
ENCODING 11770
SWIDTH 0 0
DWIDTH 0 0
BBX 3 5 -6 10
BITMAP
40
40
E0
60
60
ENDCHAR
STARTCHAR 2DFB
ENCODING 11771
SWIDTH 0 0
DWIDTH 0 0
BBX 4 4 -7 10
BITMAP
B0
D0
D0
F0
ENDCHAR
STARTCHAR 2DFC
ENCODING 11772
SWIDTH 0 0
DWIDTH 0 0
BBX 3 4 -6 10
BITMAP
E0
E0
E0
E0
ENDCHAR
STARTCHAR 2DFD
ENCODING 11773
SWIDTH 0 0
DWIDTH 0 0
BBX 4 3 -7 10
BITMAP
60
70
B0
ENDCHAR
STARTCHAR 2DFE
ENCODING 11774
SWIDTH 0 0
DWIDTH 0 0
BBX 5 4 -7 10
BITMAP
70
50
B0
A8
ENDCHAR
STARTCHAR 2DFF
ENCODING 11775
SWIDTH 0 0
DWIDTH 0 0
BBX 4 4 -6 10
BITMAP
F0
E0
F0
F0
ENDCHAR
STARTCHAR 2E0B
ENCODING 11787
SWIDTH 625 0
DWIDTH 10 0
BBX 6 6 2 7
BITMAP
FC
84
84
84
84
FC
ENDCHAR
STARTCHAR 2E0C
ENCODING 11788
SWIDTH 625 0
DWIDTH 10 0
BBX 5 6 2 6
BITMAP
80
C0
60
30
18
08
ENDCHAR
STARTCHAR 2E0D
ENCODING 11789
SWIDTH 625 0
DWIDTH 10 0
BBX 6 7 2 6
BITMAP
04
08
10
20
60
C0
80
ENDCHAR
STARTCHAR 2E12
ENCODING 11794
SWIDTH 562 0
DWIDTH 9 0
BBX 3 6 3 -4
BITMAP
C0
60
20
20
60
C0
ENDCHAR
STARTCHAR 2E13
ENCODING 11795
SWIDTH 625 0
DWIDTH 10 0
BBX 7 8 1 2
BITMAP
C2
44
0C
18
30
66
C6
80
ENDCHAR
STARTCHAR 2E18
ENCODING 11800
SWIDTH 625 0
DWIDTH 10 0
BBX 8 13 1 -4
BITMAP
0C
0C
00
00
14
14
74
C6
86
82
8E
DB
73
ENDCHAR
STARTCHAR 2E1A
ENCODING 11802
SWIDTH 687 0
DWIDTH 11 0
BBX 7 8 2 5
BITMAP
CC
CC
00
00
00
00
00
FE
ENDCHAR
STARTCHAR 2E1B
ENCODING 11803
SWIDTH 562 0
DWIDTH 9 0
BBX 7 9 1 4
BITMAP
38
28
38
00
00
62
D6
9C
8C
ENDCHAR
STARTCHAR 2E1C
ENCODING 11804
SWIDTH 625 0
DWIDTH 10 0
BBX 6 6 2 0
BITMAP
80
40
20
10
08
04
ENDCHAR
STARTCHAR 2E1D
ENCODING 11805
SWIDTH 625 0
DWIDTH 10 0
BBX 6 6 2 0
BITMAP
0C
18
30
60
C0
80
ENDCHAR
STARTCHAR 2E1E
ENCODING 11806
SWIDTH 625 0
DWIDTH 10 0
BBX 8 7 1 4
BITMAP
18
18
00
00
73
52
CE
ENDCHAR
STARTCHAR 2E1F
ENCODING 11807
SWIDTH 625 0
DWIDTH 10 0
BBX 8 8 1 0
BITMAP
73
52
CE
00
00
00
18
18
ENDCHAR
STARTCHAR 2E20
ENCODING 11808
SWIDTH 625 0
DWIDTH 10 0
BBX 5 17 3 -3
BITMAP
80
80
80
80
80
80
80
80
F8
80
80
80
80
80
80
80
80
ENDCHAR
STARTCHAR 2E21
ENCODING 11809
SWIDTH 625 0
DWIDTH 10 0
BBX 5 17 2 -3
BITMAP
08
08
08
08
08
08
08
08
F8
08
08
08
08
08
08
08
08
ENDCHAR
STARTCHAR 2E22
ENCODING 11810
SWIDTH 625 0
DWIDTH 10 0
BBX 5 8 3 6
BITMAP
F8
80
80
80
80
80
80
80
ENDCHAR
STARTCHAR 2E23
ENCODING 11811
SWIDTH 625 0
DWIDTH 10 0
BBX 5 8 2 6
BITMAP
F8
08
08
08
08
08
08
08
ENDCHAR
STARTCHAR 2E24
ENCODING 11812
SWIDTH 625 0
DWIDTH 10 0
BBX 5 8 3 -2
BITMAP
80
80
80
80
80
80
80
F8
ENDCHAR
STARTCHAR 2E25
ENCODING 11813
SWIDTH 625 0
DWIDTH 10 0
BBX 5 8 2 -2
BITMAP
08
08
08
08
08
08
08
F8
ENDCHAR
STARTCHAR 2E26
ENCODING 11814
SWIDTH 625 0
DWIDTH 10 0
BBX 8 7 1 3
BITMAP
7F
C0
80
80
80
C0
7F
ENDCHAR
STARTCHAR 2E27
ENCODING 11815
SWIDTH 625 0
DWIDTH 10 0
BBX 8 7 1 3
BITMAP
FE
03
01
01
01
03
FE
ENDCHAR
STARTCHAR 2E28
ENCODING 11816
SWIDTH 562 0
DWIDTH 9 0
BBX 6 17 1 -3
BITMAP
64
48
D8
90
90
90
90
90
90
90
90
90
90
90
D8
C8
6C
ENDCHAR
STARTCHAR 2E29
ENCODING 11817
SWIDTH 562 0
DWIDTH 9 0
BBX 6 17 2 -3
BITMAP
90
C8
6C
24
24
24
24
24
24
24
24
24
24
24
6C
48
D8
ENDCHAR
STARTCHAR 2E2A
ENCODING 11818
SWIDTH 625 0
DWIDTH 10 0
BBX 8 9 1 0
BITMAP
C3
C3
00
00
00
00
00
18
18
ENDCHAR
STARTCHAR 2E2B
ENCODING 11819
SWIDTH 625 0
DWIDTH 10 0
BBX 8 9 1 0
BITMAP
18
18
00
00
00
00
00
C3
C3
ENDCHAR
STARTCHAR 2E2C
ENCODING 11820
SWIDTH 625 0
DWIDTH 10 0
BBX 8 9 1 0
BITMAP
C3
C3
00
00
00
00
00
C3
C3
ENDCHAR
STARTCHAR 2E2D
ENCODING 11821
SWIDTH 625 0
DWIDTH 10 0
BBX 8 9 1 0
BITMAP
18
18
00
9B
9B
00
00
18
18
ENDCHAR
STARTCHAR 2E2E
ENCODING 11822
SWIDTH 625 0
DWIDTH 10 0
BBX 7 13 2 0
BITMAP
78
CC
86
80
80
C0
70
10
10
00
00
30
30
ENDCHAR
STARTCHAR 2E2F
ENCODING 11823
SWIDTH 625 0
DWIDTH 10 0
BBX 2 2 4 11
BITMAP
80
C0
ENDCHAR
STARTCHAR 2E30
ENCODING 11824
SWIDTH 625 0
DWIDTH 10 0
BBX 4 4 3 4
BITMAP
60
B0
B0
F0
ENDCHAR
STARTCHAR 2E31
ENCODING 11825
SWIDTH 625 0
DWIDTH 10 0
BBX 3 3 4 4
BITMAP
C0
E0
E0
ENDCHAR
STARTCHAR 2E32
ENCODING 11826
SWIDTH 625 0
DWIDTH 10 0
BBX 3 6 4 0
BITMAP
60
40
C0
C0
E0
E0
ENDCHAR
STARTCHAR 2E33
ENCODING 11827
SWIDTH 625 0
DWIDTH 10 0
BBX 3 3 4 3
BITMAP
C0
E0
E0
ENDCHAR
STARTCHAR 2E34
ENCODING 11828
SWIDTH 625 0
DWIDTH 10 0
BBX 3 6 4 -1
BITMAP
C0
E0
E0
60
40
C0
ENDCHAR
STARTCHAR 2E35
ENCODING 11829
SWIDTH 625 0
DWIDTH 10 0
BBX 3 12 4 1
BITMAP
60
40
C0
E0
E0
C0
00
00
00
C0
E0
E0
ENDCHAR
STARTCHAR 2E36
ENCODING 11830
SWIDTH 562 0
DWIDTH 9 0
BBX 4 17 1 -3
BITMAP
10
10
10
10
10
F0
10
10
10
10
10
10
10
10
10
10
10
ENDCHAR
STARTCHAR 2E37
ENCODING 11831
SWIDTH 562 0
DWIDTH 9 0
BBX 4 17 4 -3
BITMAP
80
80
80
80
80
F0
80
80
80
80
80
80
80
80
80
80
80
ENDCHAR
STARTCHAR 2E38
ENCODING 11832
SWIDTH 687 0
DWIDTH 11 0
BBX 7 16 2 -2
BITMAP
10
10
10
10
10
10
10
10
10
10
FE
10
10
10
10
10
ENDCHAR
STARTCHAR 2E3D
ENCODING 11837
SWIDTH 625 0
DWIDTH 10 0
BBX 2 17 4 -3
BITMAP
C0
C0
00
C0
C0
00
C0
C0
00
C0
C0
00
C0
C0
00
C0
C0
ENDCHAR
STARTCHAR 2E3E
ENCODING 11838
SWIDTH 562 0
DWIDTH 9 0
BBX 3 17 3 -2
BITMAP
E0
80
E0
20
E0
80
E0
20
E0
80
E0
20
E0
80
E0
20
E0
ENDCHAR
STARTCHAR 2E40
ENCODING 11840
SWIDTH 687 0
DWIDTH 11 0
BBX 7 4 2 4
BITMAP
FE
00
00
FE
ENDCHAR
STARTCHAR 2E41
ENCODING 11841
SWIDTH 625 0
DWIDTH 10 0
BBX 3 6 4 -4
BITMAP
C0
E0
E0
C0
40
60
ENDCHAR
STARTCHAR 2E42
ENCODING 11842
SWIDTH 562 0
DWIDTH 9 0
BBX 7 6 1 -3
BITMAP
C6
C6
C6
84
44
42
ENDCHAR
STARTCHAR 2E43
ENCODING 11843
SWIDTH 1250 0
DWIDTH 20 0
BBX 16 4 2 5
BITMAP
8000
8000
C000
7FFF
ENDCHAR
STARTCHAR 2E44
ENCODING 11844
SWIDTH 625 0
DWIDTH 10 0
BBX 4 17 3 -4
BITMAP
30
20
60
40
40
C0
00
00
00
00
00
30
20
60
40
40
C0
ENDCHAR
STARTCHAR 2E45
ENCODING 11845
SWIDTH 625 0
DWIDTH 10 0
BBX 6 2 2 4
BITMAP
F8
8C
ENDCHAR
STARTCHAR 2E46
ENCODING 11846
SWIDTH 625 0
DWIDTH 10 0
BBX 7 9 1 0
BITMAP
C2
7C
00
00
00
00
00
7C
42
ENDCHAR
STARTCHAR 2E47
ENCODING 11847
SWIDTH 625 0
DWIDTH 10 0
BBX 6 2 2 4
BITMAP
84
F8
ENDCHAR
STARTCHAR 2E48
ENCODING 11848
SWIDTH 625 0
DWIDTH 10 0
BBX 7 4 1 4
BITMAP
18
18
C2
7E
ENDCHAR
STARTCHAR 2E49
ENCODING 11849
SWIDTH 625 0
DWIDTH 10 0
BBX 3 12 4 -4
BITMAP
E0
E0
E0
40
C0
80
C0
E0
E0
60
40
C0
ENDCHAR
STARTCHAR 2E4A
ENCODING 11850
SWIDTH 625 0
DWIDTH 10 0
BBX 6 17 2 -2
BITMAP
04
0C
0C
08
18
18
10
30
30
30
20
60
40
40
C0
80
80
ENDCHAR
STARTCHAR 2E4B
ENCODING 11851
SWIDTH 687 0
DWIDTH 11 0
BBX 7 17 2 -3
BITMAP
10
10
10
10
FE
10
10
10
FE
10
10
10
FE
10
10
10
10
ENDCHAR
STARTCHAR 2E52
ENCODING 11858
SWIDTH 625 0
DWIDTH 10 0
BBX 6 13 2 0
BITMAP
FC
04
04
04
04
04
04
04
04
04
84
CC
78
ENDCHAR
STARTCHAR 2E59
ENCODING 11865
SWIDTH 562 0
DWIDTH 9 0
BBX 5 9 2 5
BITMAP
38
60
C0
80
80
80
80
80
80
ENDCHAR
STARTCHAR 2E5A
ENCODING 11866
SWIDTH 625 0
DWIDTH 10 0
BBX 5 9 3 5
BITMAP
C0
70
10
18
08
08
08
08
08
ENDCHAR
STARTCHAR 2E5B
ENCODING 11867
SWIDTH 562 0
DWIDTH 9 0
BBX 5 8 2 -3
BITMAP
80
80
80
80
80
C0
60
38
ENDCHAR
STARTCHAR 2E5C
ENCODING 11868
SWIDTH 625 0
DWIDTH 10 0
BBX 5 8 3 -3
BITMAP
08
08
08
08
18
10
30
E0
ENDCHAR
STARTCHAR 3248
ENCODING 12872
SWIDTH 1187 0
DWIDTH 19 0
BBX 16 15 2 -2
BITMAP
FFFF
F00F
E007
C003
9833
B849
8859
8869
8869
8849
BC33
C003
E007
F00F
FFFF
ENDCHAR
STARTCHAR 3249
ENCODING 12873
SWIDTH 1187 0
DWIDTH 19 0
BBX 16 15 2 -2
BITMAP
FFFF
F00F
E007
C003
8C33
9249
8259
8459
8869
9049
9E33
C003
E007
F00F
FFFF
ENDCHAR
STARTCHAR 324A
ENCODING 12874
SWIDTH 1187 0
DWIDTH 19 0
BBX 16 15 2 -2
BITMAP
FFFF
F00F
E007
C003
9E7B
8449
8C59
8C59
8269
9249
8C33
C003
E007
F00F
FFFF
ENDCHAR
STARTCHAR 324B
ENCODING 12875
SWIDTH 1187 0
DWIDTH 19 0
BBX 16 15 2 -2
BITMAP
FFFF
F00F
E007
C003
8433
8C49
8C59
9469
9469
8E49
8633
C003
E007
F00F
FFFF
ENDCHAR
STARTCHAR 324C
ENCODING 12876
SWIDTH 1187 0
DWIDTH 19 0
BBX 16 15 2 -2
BITMAP
FFFF
F00F
E007
C003
9E7B
9049
9059
9E59
8269
8249
9C33
C003
E007
F00F
FFFF
ENDCHAR
STARTCHAR 324D
ENCODING 12877
SWIDTH 1187 0
DWIDTH 19 0
BBX 16 15 2 -2
BITMAP
FFFF
F00F
E007
C003
8C33
9249
9059
9E59
9269
9249
8C33
C003
E007
F00F
FFFF
ENDCHAR
STARTCHAR 324E
ENCODING 12878
SWIDTH 1187 0
DWIDTH 19 0
BBX 16 15 2 -2
BITMAP
FFFF
F00F
E007
C003
9E7B
8249
8659
8469
8469
8C49
8833
C003
E007
F00F
FFFF
ENDCHAR
STARTCHAR 324F
ENCODING 12879
SWIDTH 1187 0
DWIDTH 19 0
BBX 16 15 2 -2
BITMAP
FFFF
F00F
E007
C003
8C33
9249
9259
8C69
9269
9249
8E33
C003
E007
F00F
FFFF
ENDCHAR
STARTCHAR 3251
ENCODING 12881
SWIDTH 1187 0
DWIDTH 19 0
BBX 16 15 2 -2
BITMAP
07E0
1818
2004
4002
DC63
92E1
8221
8421
8821
9021
DEF3
4002
2004
1818
0FE0
ENDCHAR
STARTCHAR 3252
ENCODING 12882
SWIDTH 1187 0
DWIDTH 19 0
BBX 16 15 2 -2
BITMAP
07E0
1818
2004
4002
DC73
9249
8209
8411
8821
9041
DE7B
4002
2004
1818
0FE0
ENDCHAR
STARTCHAR 3253
ENCODING 12883
SWIDTH 1187 0
DWIDTH 19 0
BBX 16 15 2 -2
BITMAP
07E0
1818
2004
4002
DE7B
9211
8231
8431
8809
9049
DE73
4002
2004
1818
0FE0
ENDCHAR
STARTCHAR 3254
ENCODING 12884
SWIDTH 1187 0
DWIDTH 19 0
BBX 16 15 2 -2
BITMAP
07E0
1818
2004
4002
DC13
9231
8231
8471
8851
9079
DE1B
4002
2004
1818
0FE0
ENDCHAR
STARTCHAR 3255
ENCODING 12885
SWIDTH 1187 0
DWIDTH 19 0
BBX 16 15 2 -2
BITMAP
07E0
1818
2004
4002
DE7B
9241
8241
8479
8809
9009
DE7B
4002
2004
1818
0FE0
ENDCHAR
STARTCHAR 3256
ENCODING 12886
SWIDTH 1187 0
DWIDTH 19 0
BBX 16 15 2 -2
BITMAP
07E0
1818
2004
4002
CC33
9249
8241
8479
8849
9049
DE33
4002
2004
1818
0FE0
ENDCHAR
STARTCHAR 3257
ENCODING 12887
SWIDTH 1187 0
DWIDTH 19 0
BBX 16 15 2 -2
BITMAP
07E0
1818
2004
4002
DE7B
9209
8219
8411
8811
9021
DE23
4002
2004
1818
0FE0
ENDCHAR
STARTCHAR 3258
ENCODING 12888
SWIDTH 1187 0
DWIDTH 19 0
BBX 16 15 2 -2
BITMAP
07E0
1818
2004
4002
DC33
9249
8249
8431
8849
9049
DE3B
4002
2004
1818
0FE0
ENDCHAR
STARTCHAR 3259
ENCODING 12889
SWIDTH 1187 0
DWIDTH 19 0
BBX 16 15 2 -2
BITMAP
07E0
1818
2004
4002
DC33
9249
8249
8479
8809
9049
DE73
4002
2004
1818
0FE0
ENDCHAR
STARTCHAR 325A
ENCODING 12890
SWIDTH 1187 0
DWIDTH 19 0
BBX 16 15 2 -2
BITMAP
07E0
1818
2004
4002
DE7B
8449
8C59
8C59
8269
9249
DC33
4002
2004
1818
0FE0
ENDCHAR
STARTCHAR 325B
ENCODING 12891
SWIDTH 1187 0
DWIDTH 19 0
BBX 16 15 2 -2
BITMAP
07E0
1818
2004
4002
DE63
84E1
8821
9C21
8221
9221
DCF3
4002
2004
1818
0FE0
ENDCHAR
STARTCHAR 325C
ENCODING 12892
SWIDTH 1187 0
DWIDTH 19 0
BBX 16 15 2 -2
BITMAP
07E0
1818
2004
4002
DE7B
8449
8C09
8C11
8221
9241
DC7B
4002
2004
1818
0FE0
ENDCHAR
STARTCHAR 325D
ENCODING 12893
SWIDTH 1187 0
DWIDTH 19 0
BBX 16 15 2 -2
BITMAP
07E0
1818
2004
4002
DE7B
8411
8C31
8C31
8209
9249
DC73
4002
2004
1818
0FE0
ENDCHAR
STARTCHAR 325E
ENCODING 12894
SWIDTH 1187 0
DWIDTH 19 0
BBX 16 15 2 -2
BITMAP
07E0
1818
2004
4002
DE13
8431
8831
8C31
8251
9279
DC1B
4002
2004
1818
0FE0
ENDCHAR
STARTCHAR 325F
ENCODING 12895
SWIDTH 1187 0
DWIDTH 19 0
BBX 16 15 2 -2
BITMAP
07E0
1818
2004
4002
DE7B
8441
8841
8C79
8209
9209
DC73
4002
2004
1818
0FE0
ENDCHAR
STARTCHAR 32B1
ENCODING 12977
SWIDTH 1187 0
DWIDTH 19 0
BBX 16 15 2 -2
BITMAP
07E0
1818
2004
4002
DE7B
8449
8C41
8C79
8249
9249
DC33
4002
2004
1818
0FE0
ENDCHAR
STARTCHAR 32B2
ENCODING 12978
SWIDTH 1187 0
DWIDTH 19 0
BBX 16 15 2 -2
BITMAP
07E0
1818
2004
4002
DE7B
8409
8C19
8C11
8211
9231
DC23
4002
2004
1818
0FE0
ENDCHAR
STARTCHAR 32B3
ENCODING 12979
SWIDTH 1187 0
DWIDTH 19 0
BBX 16 15 2 -2
BITMAP
07E0
1818
2004
4002
DE3B
8449
8849
8E31
8249
9249
DC3B
4002
2004
1818
0FE0
ENDCHAR
STARTCHAR 32B4
ENCODING 12980
SWIDTH 1187 0
DWIDTH 19 0
BBX 16 15 2 -2
BITMAP
07E0
1818
2004
4002
DE7B
8449
8849
8679
8209
9249
CC33
4002
2004
1818
0FE0
ENDCHAR
STARTCHAR 32B5
ENCODING 12981
SWIDTH 1187 0
DWIDTH 19 0
BBX 16 15 2 -2
BITMAP
07E0
1818
2004
4002
C433
8C49
8C59
9469
9469
8E49
C633
4002
2004
1818
0FE0
ENDCHAR
STARTCHAR 32B6
ENCODING 12982
SWIDTH 1187 0
DWIDTH 19 0
BBX 16 15 2 -2
BITMAP
07E0
1818
2004
4002
C463
8CA1
8C21
9421
9421
9E21
C6F3
4002
2004
1818
0FE0
ENDCHAR
STARTCHAR 32B7
ENCODING 12983
SWIDTH 1187 0
DWIDTH 19 0
BBX 16 15 2 -2
BITMAP
07E0
1818
2004
4002
C473
8C49
8C09
9C11
9421
9E41
C67B
4002
2004
1818
0FE0
ENDCHAR
STARTCHAR 32B8
ENCODING 12984
SWIDTH 1187 0
DWIDTH 19 0
BBX 16 15 2 -2
BITMAP
07E0
1818
2004
4002
C47B
8C11
8C31
8C31
9409
9E49
C673
4002
2004
1818
0FE0
ENDCHAR
STARTCHAR 32B9
ENCODING 12985
SWIDTH 1187 0
DWIDTH 19 0
BBX 16 15 2 -2
BITMAP
07E0
1818
2004
4002
C413
8C31
8C31
9451
9451
9E79
C61B
4002
2004
1818
0FE0
ENDCHAR
STARTCHAR 32BA
ENCODING 12986
SWIDTH 1187 0
DWIDTH 19 0
BBX 16 15 2 -2
BITMAP
07E0
1818
2004
4002
C47B
8C41
8C41
8C79
9409
9E09
C67B
4002
2004
1818
0FE0
ENDCHAR
STARTCHAR 32BB
ENCODING 12987
SWIDTH 1187 0
DWIDTH 19 0
BBX 16 15 2 -2
BITMAP
07E0
1818
2004
4002
C433
8C49
8C41
8C79
9449
9E49
C633
4002
2004
1818
0FE0
ENDCHAR
STARTCHAR 32BC
ENCODING 12988
SWIDTH 1187 0
DWIDTH 19 0
BBX 16 15 2 -2
BITMAP
07E0
1818
2004
4002
C47B
8C09
8C19
9C11
9411
9E21
C623
4002
2004
1818
0FE0
ENDCHAR
STARTCHAR 32BD
ENCODING 12989
SWIDTH 1187 0
DWIDTH 19 0
BBX 16 15 2 -2
BITMAP
07E0
1818
2004
4002
C433
8C49
8C49
9C31
9449
9E49
C63B
4002
2004
1818
0FE0
ENDCHAR
STARTCHAR 32BE
ENCODING 12990
SWIDTH 1187 0
DWIDTH 19 0
BBX 16 15 2 -2
BITMAP
07E0
1818
2004
4002
C433
8C49
8C49
9479
9E09
8449
C633
4002
2004
1818
0FE0
ENDCHAR
STARTCHAR 32BF
ENCODING 12991
SWIDTH 1187 0
DWIDTH 19 0
BBX 16 15 2 -2
BITMAP
07E0
1818
2004
4002
DE7B
9049
9059
9E59
8269
8249
DC33
4002
2004
1818
0FE0
ENDCHAR
STARTCHAR 4DC0
ENCODING 19904
SWIDTH 625 0
DWIDTH 10 0
BBX 7 13 1 -1
BITMAP
FE
00
FE
00
00
FE
00
FE
00
00
FE
00
FE
ENDCHAR
STARTCHAR 4DC1
ENCODING 19905
SWIDTH 625 0
DWIDTH 10 0
BBX 7 13 1 -1
BITMAP
EE
00
EE
00
00
EE
00
EE
00
00
EE
00
EE
ENDCHAR
STARTCHAR 4DC2
ENCODING 19906
SWIDTH 625 0
DWIDTH 10 0
BBX 7 13 1 -1
BITMAP
EE
00
FE
00
00
EE
00
EE
00
00
EE
00
FE
ENDCHAR
STARTCHAR 4DC3
ENCODING 19907
SWIDTH 625 0
DWIDTH 10 0
BBX 7 13 1 -1
BITMAP
FE
00
EE
00
00
EE
00
EE
00
00
FE
00
EE
ENDCHAR
STARTCHAR 4DC4
ENCODING 19908
SWIDTH 625 0
DWIDTH 10 0
BBX 7 13 1 -1
BITMAP
EE
00
FE
00
00
EE
00
FE
00
00
FE
00
FE
ENDCHAR
STARTCHAR 4DC5
ENCODING 19909
SWIDTH 625 0
DWIDTH 10 0
BBX 7 13 1 -1
BITMAP
FE
00
FE
00
00
FE
00
EE
00
00
FE
00
EE
ENDCHAR
STARTCHAR 4DC6
ENCODING 19910
SWIDTH 625 0
DWIDTH 10 0
BBX 7 13 1 -1
BITMAP
EE
00
EE
00
00
EE
00
EE
00
00
FE
00
EE
ENDCHAR
STARTCHAR 4DC7
ENCODING 19911
SWIDTH 625 0
DWIDTH 10 0
BBX 7 13 1 -1
BITMAP
EE
00
FE
00
00
EE
00
EE
00
00
EE
00
EE
ENDCHAR
STARTCHAR 4DC8
ENCODING 19912
SWIDTH 625 0
DWIDTH 10 0
BBX 7 13 1 -1
BITMAP
FE
00
FE
00
00
EE
00
FE
00
00
FE
00
FE
ENDCHAR
STARTCHAR 4DC9
ENCODING 19913
SWIDTH 625 0
DWIDTH 10 0
BBX 7 13 1 -1
BITMAP
FE
00
FE
00
00
FE
00
EE
00
00
FE
00
FE
ENDCHAR
STARTCHAR 4DCA
ENCODING 19914
SWIDTH 625 0
DWIDTH 10 0
BBX 7 13 1 -1
BITMAP
EE
00
EE
00
00
EE
00
FE
00
00
FE
00
FE
ENDCHAR
STARTCHAR 4DCB
ENCODING 19915
SWIDTH 625 0
DWIDTH 10 0
BBX 7 13 1 -1
BITMAP
FE
00
FE
00
00
FE
00
EE
00
00
EE
00
EE
ENDCHAR
STARTCHAR 4DCC
ENCODING 19916
SWIDTH 625 0
DWIDTH 10 0
BBX 7 13 1 -1
BITMAP
FE
00
FE
00
00
FE
00
FE
00
00
EE
00
FE
ENDCHAR
STARTCHAR 4DCD
ENCODING 19917
SWIDTH 625 0
DWIDTH 10 0
BBX 7 13 1 -1
BITMAP
FE
00
EE
00
00
FE
00
FE
00
00
FE
00
FE
ENDCHAR
STARTCHAR 4DCE
ENCODING 19918
SWIDTH 625 0
DWIDTH 10 0
BBX 7 13 1 -1
BITMAP
EE
00
EE
00
00
EE
00
FE
00
00
EE
00
EE
ENDCHAR
STARTCHAR 4DCF
ENCODING 19919
SWIDTH 625 0
DWIDTH 10 0
BBX 7 13 1 -1
BITMAP
EE
00
EE
00
00
FE
00
EE
00
00
EE
00
EE
ENDCHAR
STARTCHAR 4DD0
ENCODING 19920
SWIDTH 625 0
DWIDTH 10 0
BBX 7 13 1 -1
BITMAP
EE
00
FE
00
00
FE
00
EE
00
00
EE
00
FE
ENDCHAR
STARTCHAR 4DD1
ENCODING 19921
SWIDTH 625 0
DWIDTH 10 0
BBX 7 13 1 -1
BITMAP
FE
00
EE
00
00
EE
00
FE
00
00
FE
00
EE
ENDCHAR
STARTCHAR 4DD2
ENCODING 19922
SWIDTH 625 0
DWIDTH 10 0
BBX 7 13 1 -1
BITMAP
EE
00
EE
00
00
EE
00
EE
00
00
FE
00
FE
ENDCHAR
STARTCHAR 4DD3
ENCODING 19923
SWIDTH 625 0
DWIDTH 10 0
BBX 7 13 1 -1
BITMAP
FE
00
FE
00
00
EE
00
EE
00
00
EE
00
EE
ENDCHAR
STARTCHAR 4DD4
ENCODING 19924
SWIDTH 625 0
DWIDTH 10 0
BBX 7 13 1 -1
BITMAP
FE
00
EE
00
00
FE
00
EE
00
00
EE
00
FE
ENDCHAR
STARTCHAR 4DD5
ENCODING 19925
SWIDTH 625 0
DWIDTH 10 0
BBX 7 13 1 -1
BITMAP
FE
00
EE
00
00
EE
00
FE
00
00
EE
00
FE
ENDCHAR
STARTCHAR 4DD6
ENCODING 19926
SWIDTH 625 0
DWIDTH 10 0
BBX 7 13 1 -1
BITMAP
FE
00
EE
00
00
EE
00
EE
00
00
EE
00
EE
ENDCHAR
STARTCHAR 4DD7
ENCODING 19927
SWIDTH 625 0
DWIDTH 10 0
BBX 7 13 1 -1
BITMAP
EE
00
EE
00
00
EE
00
EE
00
00
EE
00
FE
ENDCHAR
STARTCHAR 4DD8
ENCODING 19928
SWIDTH 625 0
DWIDTH 10 0
BBX 7 13 1 -1
BITMAP
FE
00
FE
00
00
FE
00
EE
00
00
EE
00
FE
ENDCHAR
STARTCHAR 4DD9
ENCODING 19929
SWIDTH 625 0
DWIDTH 10 0
BBX 7 13 1 -1
BITMAP
FE
00
EE
00
00
EE
00
FE
00
00
FE
00
FE
ENDCHAR
STARTCHAR 4DDA
ENCODING 19930
SWIDTH 625 0
DWIDTH 10 0
BBX 7 13 1 -1
BITMAP
FE
00
EE
00
00
EE
00
EE
00
00
EE
00
FE
ENDCHAR
STARTCHAR 4DDB
ENCODING 19931
SWIDTH 625 0
DWIDTH 10 0
BBX 7 13 1 -1
BITMAP
EE
00
FE
00
00
FE
00
FE
00
00
FE
00
EE
ENDCHAR
STARTCHAR 4DDC
ENCODING 19932
SWIDTH 625 0
DWIDTH 10 0
BBX 7 13 1 -1
BITMAP
EE
00
FE
00
00
EE
00
EE
00
00
FE
00
EE
ENDCHAR
STARTCHAR 4DDD
ENCODING 19933
SWIDTH 625 0
DWIDTH 10 0
BBX 7 13 1 -1
BITMAP
FE
00
EE
00
00
FE
00
FE
00
00
EE
00
FE
ENDCHAR
STARTCHAR 4DDE
ENCODING 19934
SWIDTH 625 0
DWIDTH 10 0
BBX 7 13 1 -1
BITMAP
EE
00
FE
00
00
FE
00
FE
00
00
EE
00
EE
ENDCHAR
STARTCHAR 4DDF
ENCODING 19935
SWIDTH 625 0
DWIDTH 10 0
BBX 7 13 1 -1
BITMAP
EE
00
EE
00
00
FE
00
FE
00
00
FE
00
EE
ENDCHAR
STARTCHAR 4DE0
ENCODING 19936
SWIDTH 625 0
DWIDTH 10 0
BBX 7 13 1 -1
BITMAP
FE
00
FE
00
00
FE
00
FE
00
00
EE
00
EE
ENDCHAR
STARTCHAR 4DE1
ENCODING 19937
SWIDTH 625 0
DWIDTH 10 0
BBX 7 13 1 -1
BITMAP
EE
00
EE
00
00
FE
00
FE
00
00
FE
00
FE
ENDCHAR
STARTCHAR 4DE2
ENCODING 19938
SWIDTH 625 0
DWIDTH 10 0
BBX 7 13 1 -1
BITMAP
FE
00
EE
00
00
FE
00
EE
00
00
EE
00
EE
ENDCHAR
STARTCHAR 4DE3
ENCODING 19939
SWIDTH 625 0
DWIDTH 10 0
BBX 7 13 1 -1
BITMAP
EE
00
EE
00
00
EE
00
FE
00
00
EE
00
FE
ENDCHAR
STARTCHAR 4DE4
ENCODING 19940
SWIDTH 625 0
DWIDTH 10 0
BBX 7 13 1 -1
BITMAP
FE
00
FE
00
00
EE
00
FE
00
00
EE
00
FE
ENDCHAR
STARTCHAR 4DE5
ENCODING 19941
SWIDTH 625 0
DWIDTH 10 0
BBX 7 13 1 -1
BITMAP
FE
00
EE
00
00
FE
00
EE
00
00
FE
00
FE
ENDCHAR
STARTCHAR 4DE6
ENCODING 19942
SWIDTH 625 0
DWIDTH 10 0
BBX 7 13 1 -1
BITMAP
EE
00
FE
00
00
EE
00
FE
00
00
EE
00
EE
ENDCHAR
STARTCHAR 4DE7
ENCODING 19943
SWIDTH 625 0
DWIDTH 10 0
BBX 7 13 1 -1
BITMAP
EE
00
EE
00
00
FE
00
EE
00
00
FE
00
EE
ENDCHAR
STARTCHAR 4DE8
ENCODING 19944
SWIDTH 625 0
DWIDTH 10 0
BBX 7 13 1 -1
BITMAP
FE
00
EE
00
00
EE
00
EE
00
00
FE
00
FE
ENDCHAR
STARTCHAR 4DE9
ENCODING 19945
SWIDTH 625 0
DWIDTH 10 0
BBX 7 13 1 -1
BITMAP
FE
00
FE
00
00
EE
00
EE
00
00
EE
00
FE
ENDCHAR
STARTCHAR 4DEA
ENCODING 19946
SWIDTH 625 0
DWIDTH 10 0
BBX 7 13 1 -1
BITMAP
EE
00
FE
00
00
FE
00
FE
00
00
FE
00
FE
ENDCHAR
STARTCHAR 4DEB
ENCODING 19947
SWIDTH 625 0
DWIDTH 10 0
BBX 7 13 1 -1
BITMAP
FE
00
FE
00
00
FE
00
FE
00
00
FE
00
EE
ENDCHAR
STARTCHAR 4DEC
ENCODING 19948
SWIDTH 625 0
DWIDTH 10 0
BBX 7 13 1 -1
BITMAP
EE
00
FE
00
00
FE
00
EE
00
00
EE
00
EE
ENDCHAR
STARTCHAR 4DED
ENCODING 19949
SWIDTH 625 0
DWIDTH 10 0
BBX 7 13 1 -1
BITMAP
EE
00
EE
00
00
EE
00
FE
00
00
FE
00
EE
ENDCHAR
STARTCHAR 4DEE
ENCODING 19950
SWIDTH 625 0
DWIDTH 10 0
BBX 7 13 1 -1
BITMAP
EE
00
FE
00
00
FE
00
EE
00
00
FE
00
EE
ENDCHAR
STARTCHAR 4DEF
ENCODING 19951
SWIDTH 625 0
DWIDTH 10 0
BBX 7 13 1 -1
BITMAP
EE
00
FE
00
00
EE
00
FE
00
00
FE
00
EE
ENDCHAR
STARTCHAR 4DF0
ENCODING 19952
SWIDTH 625 0
DWIDTH 10 0
BBX 7 13 1 -1
BITMAP
EE
00
FE
00
00
FE
00
FE
00
00
EE
00
FE
ENDCHAR
STARTCHAR 4DF1
ENCODING 19953
SWIDTH 625 0
DWIDTH 10 0
BBX 7 13 1 -1
BITMAP
FE
00
EE
00
00
FE
00
FE
00
00
FE
00
EE
ENDCHAR
STARTCHAR 4DF2
ENCODING 19954
SWIDTH 625 0
DWIDTH 10 0
BBX 7 13 1 -1
BITMAP
EE
00
EE
00
00
FE
00
EE
00
00
EE
00
FE
ENDCHAR
STARTCHAR 4DF3
ENCODING 19955
SWIDTH 625 0
DWIDTH 10 0
BBX 7 13 1 -1
BITMAP
FE
00
EE
00
00
EE
00
FE
00
00
EE
00
EE
ENDCHAR
STARTCHAR 4DF4
ENCODING 19956
SWIDTH 625 0
DWIDTH 10 0
BBX 7 13 1 -1
BITMAP
FE
00
FE
00
00
EE
00
FE
00
00
EE
00
EE
ENDCHAR
STARTCHAR 4DF5
ENCODING 19957
SWIDTH 625 0
DWIDTH 10 0
BBX 7 13 1 -1
BITMAP
EE
00
EE
00
00
FE
00
EE
00
00
FE
00
FE
ENDCHAR
STARTCHAR 4DF6
ENCODING 19958
SWIDTH 625 0
DWIDTH 10 0
BBX 7 13 1 -1
BITMAP
EE
00
EE
00
00
FE
00
FE
00
00
EE
00
FE
ENDCHAR
STARTCHAR 4DF7
ENCODING 19959
SWIDTH 625 0
DWIDTH 10 0
BBX 7 13 1 -1
BITMAP
FE
00
EE
00
00
FE
00
FE
00
00
EE
00
EE
ENDCHAR
STARTCHAR 4DF8
ENCODING 19960
SWIDTH 625 0
DWIDTH 10 0
BBX 7 13 1 -1
BITMAP
FE
00
FE
00
00
EE
00
FE
00
00
FE
00
EE
ENDCHAR
STARTCHAR 4DF9
ENCODING 19961
SWIDTH 625 0
DWIDTH 10 0
BBX 7 13 1 -1
BITMAP
EE
00
FE
00
00
FE
00
EE
00
00
FE
00
FE
ENDCHAR
STARTCHAR 4DFA
ENCODING 19962
SWIDTH 625 0
DWIDTH 10 0
BBX 7 13 1 -1
BITMAP
FE
00
FE
00
00
EE
00
EE
00
00
FE
00
EE
ENDCHAR
STARTCHAR 4DFB
ENCODING 19963
SWIDTH 625 0
DWIDTH 10 0
BBX 7 13 1 -1
BITMAP
EE
00
FE
00
00
EE
00
EE
00
00
FE
00
FE
ENDCHAR
STARTCHAR 4DFC
ENCODING 19964
SWIDTH 625 0
DWIDTH 10 0
BBX 7 13 1 -1
BITMAP
FE
00
FE
00
00
EE
00
EE
00
00
FE
00
FE
ENDCHAR
STARTCHAR 4DFD
ENCODING 19965
SWIDTH 625 0
DWIDTH 10 0
BBX 7 13 1 -1
BITMAP
EE
00
EE
00
00
FE
00
FE
00
00
EE
00
EE
ENDCHAR
STARTCHAR 4DFE
ENCODING 19966
SWIDTH 625 0
DWIDTH 10 0
BBX 7 13 1 -1
BITMAP
EE
00
FE
00
00
EE
00
FE
00
00
EE
00
FE
ENDCHAR
STARTCHAR 4DFF
ENCODING 19967
SWIDTH 625 0
DWIDTH 10 0
BBX 7 13 1 -1
BITMAP
FE
00
EE
00
00
FE
00
EE
00
00
FE
00
EE
ENDCHAR
STARTCHAR A640
ENCODING 42560
SWIDTH 625 0
DWIDTH 10 0
BBX 6 17 2 -4
BITMAP
FC
84
0C
08
18
10
30
20
60
40
C0
C0
FC
04
E4
B4
9C
ENDCHAR
STARTCHAR A641
ENCODING 42561
SWIDTH 625 0
DWIDTH 10 0
BBX 6 13 2 -4
BITMAP
FC
84
08
18
30
60
40
C0
FC
04
E4
B4
9C
ENDCHAR
STARTCHAR A642
ENCODING 42562
SWIDTH 625 0
DWIDTH 10 0
BBX 6 17 2 -4
BITMAP
FC
84
04
08
08
10
7C
20
60
40
C0
C0
FC
04
E4
B4
9C
ENDCHAR
STARTCHAR A643
ENCODING 42563
SWIDTH 625 0
DWIDTH 10 0
BBX 6 13 2 -4
BITMAP
FC
84
08
18
7C
20
40
C0
FC
04
E4
B4
9C
ENDCHAR
STARTCHAR A644
ENCODING 42564
SWIDTH 625 0
DWIDTH 10 0
BBX 6 13 2 0
BITMAP
B8
CC
84
04
0C
18
70
E0
80
80
84
CC
74
ENDCHAR
STARTCHAR A645
ENCODING 42565
SWIDTH 625 0
DWIDTH 10 0
BBX 6 9 2 0
BITMAP
B8
CC
84
0C
78
C0
84
CC
74
ENDCHAR
STARTCHAR A646
ENCODING 42566
SWIDTH 562 0
DWIDTH 9 0
BBX 7 13 1 0
BITMAP
F0
10
10
10
10
10
10
10
10
10
10
18
0E
ENDCHAR
STARTCHAR A647
ENCODING 42567
SWIDTH 562 0
DWIDTH 9 0
BBX 7 9 1 0
BITMAP
F0
10
10
10
10
10
10
18
0E
ENDCHAR
STARTCHAR A648
ENCODING 42568
SWIDTH 625 0
DWIDTH 10 0
BBX 8 13 1 0
BITMAP
3E
08
08
3E
08
18
3E
46
42
42
42
42
E7
ENDCHAR
STARTCHAR A649
ENCODING 42569
SWIDTH 625 0
DWIDTH 10 0
BBX 8 9 1 0
BITMAP
3E
18
3E
18
3C
66
42
42
E7
ENDCHAR
STARTCHAR A64A
ENCODING 42570
SWIDTH 625 0
DWIDTH 10 0
BBX 9 13 1 0
BITMAP
E180
6300
2200
3600
1600
3E00
6A00
4B00
4900
4100
4100
6200
3C00
ENDCHAR
STARTCHAR A64B
ENCODING 42571
SWIDTH 625 0
DWIDTH 10 0
BBX 6 13 2 0
BITMAP
04
04
8C
88
D8
50
70
70
D0
98
88
D8
70
ENDCHAR
STARTCHAR A64C
ENCODING 42572
SWIDTH 562 0
DWIDTH 9 0
BBX 7 13 1 0
BITMAP
6C
C6
82
82
82
82
82
82
82
92
92
96
6C
ENDCHAR
STARTCHAR A64D
ENCODING 42573
SWIDTH 562 0
DWIDTH 9 0
BBX 7 9 1 0
BITMAP
6C
C6
82
82
82
82
92
96
EC
ENDCHAR
STARTCHAR A64E
ENCODING 42574
SWIDTH 625 0
DWIDTH 10 0
BBX 8 13 1 0
BITMAP
E0
30
10
10
10
10
1E
13
11
11
11
13
3E
ENDCHAR
STARTCHAR A64F
ENCODING 42575
SWIDTH 625 0
DWIDTH 10 0
BBX 8 9 1 0
BITMAP
E0
30
10
10
1E
13
11
13
3E
ENDCHAR
STARTCHAR A650
ENCODING 42576
SWIDTH 625 0
DWIDTH 10 0
BBX 9 13 1 0
BITMAP
F380
A100
A100
2100
2100
2100
3900
2D00
2500
2500
2500
2D00
7B80
ENDCHAR
STARTCHAR A651
ENCODING 42577
SWIDTH 625 0
DWIDTH 10 0
BBX 9 9 1 0
BITMAP
F380
A100
A100
2100
3900
2D00
2500
2D00
7B80
ENDCHAR
STARTCHAR A652
ENCODING 42578
SWIDTH 625 0
DWIDTH 10 0
BBX 8 13 1 0
BITMAP
FC
44
44
7F
45
44
46
47
45
45
45
47
FE
ENDCHAR
STARTCHAR A653
ENCODING 42579
SWIDTH 625 0
DWIDTH 10 0
BBX 8 13 1 0
BITMAP
CC
44
44
44
7F
45
45
44
47
45
45
45
EE
ENDCHAR
STARTCHAR A654
ENCODING 42580
SWIDTH 625 0
DWIDTH 10 0
BBX 8 13 1 0
BITMAP
77
DA
8A
8A
8A
8A
8E
8A
8A
8A
8A
DA
77
ENDCHAR
STARTCHAR A655
ENCODING 42581
SWIDTH 625 0
DWIDTH 10 0
BBX 8 9 1 0
BITMAP
77
DA
8A
8A
8E
8A
8A
DA
77
ENDCHAR
STARTCHAR A656
ENCODING 42582
SWIDTH 687 0
DWIDTH 11 0
BBX 9 13 1 0
BITMAP
C600
4600
4600
4600
4600
4600
7F00
4F00
4F00
4900
4900
4900
DF80
ENDCHAR
STARTCHAR A657
ENCODING 42583
SWIDTH 687 0
DWIDTH 11 0
BBX 9 9 1 0
BITMAP
E600
4B00
4900
4100
7F00
4900
4900
4B00
ED80
ENDCHAR
STARTCHAR A658
ENCODING 42584
SWIDTH 625 0
DWIDTH 10 0
BBX 8 13 1 0
BITMAP
18
18
18
18
3C
24
24
3C
66
66
42
42
FF
ENDCHAR
STARTCHAR A659
ENCODING 42585
SWIDTH 625 0
DWIDTH 10 0
BBX 8 9 1 0
BITMAP
18
18
18
3C
24
3C
66
42
FF
ENDCHAR
STARTCHAR A65A
ENCODING 42586
SWIDTH 562 0
DWIDTH 9 0
BBX 9 13 0 0
BITMAP
7F00
4300
2200
3600
1400
3E00
6200
6300
7F00
4900
4900
4900
C980
ENDCHAR
STARTCHAR A65B
ENCODING 42587
SWIDTH 562 0
DWIDTH 9 0
BBX 9 9 0 0
BITMAP
7F00
2200
1400
3E00
6200
7F00
4900
4900
C980
ENDCHAR
STARTCHAR A65C
ENCODING 42588
SWIDTH 687 0
DWIDTH 11 0
BBX 9 13 1 0
BITMAP
C600
4600
4600
4600
4600
4600
4F00
7F00
4900
4900
4900
4900
DF80
ENDCHAR
STARTCHAR A65D
ENCODING 42589
SWIDTH 687 0
DWIDTH 11 0
BBX 9 9 1 0
BITMAP
C600
4600
4600
4600
7F00
4900
4900
4900
DF80
ENDCHAR
STARTCHAR A65E
ENCODING 42590
SWIDTH 625 0
DWIDTH 10 0
BBX 9 17 1 -4
BITMAP
1800
1C00
3C00
2C00
2C00
2E00
6E00
4A00
4A00
4A00
4B00
8B80
0800
0800
0800
0800
3C00
ENDCHAR
STARTCHAR A65F
ENCODING 42591
SWIDTH 625 0
DWIDTH 10 0
BBX 9 13 1 -4
BITMAP
1800
3C00
2C00
2C00
6E00
4A00
4A00
CB00
8B80
0800
0800
0800
3C00
ENDCHAR
STARTCHAR A660
ENCODING 42592
SWIDTH 625 0
DWIDTH 10 0
BBX 8 16 1 -3
BITMAP
E7
42
42
42
42
42
42
42
42
42
42
42
FF
80
80
80
ENDCHAR
STARTCHAR A661
ENCODING 42593
SWIDTH 625 0
DWIDTH 10 0
BBX 8 12 1 -3
BITMAP
E7
42
42
42
42
42
42
42
FF
80
80
80
ENDCHAR
STARTCHAR A662
ENCODING 42594
SWIDTH 687 0
DWIDTH 11 0
BBX 9 16 1 -3
BITMAP
FF80
4880
4880
4800
4800
4800
4800
4800
4800
4800
4800
4800
FE00
8200
8200
8200
ENDCHAR
STARTCHAR A663
ENCODING 42595
SWIDTH 687 0
DWIDTH 11 0
BBX 9 12 1 -3
BITMAP
FF80
4880
4880
4800
4800
4800
4800
4800
FE00
8200
8200
8200
ENDCHAR
STARTCHAR A664
ENCODING 42596
SWIDTH 687 0
DWIDTH 11 0
BBX 10 13 0 0
BITMAP
7FC0
2440
2440
2400
2400
2400
2400
2400
2400
2400
2400
6400
CE00
ENDCHAR
STARTCHAR A665
ENCODING 42597
SWIDTH 687 0
DWIDTH 11 0
BBX 10 9 0 0
BITMAP
7FC0
2440
2440
2400
2400
2400
2400
6400
CE00
ENDCHAR
STARTCHAR A666
ENCODING 42598
SWIDTH 687 0
DWIDTH 11 0
BBX 10 13 0 0
BITMAP
C7C0
6640
6640
6600
6A00
5A00
5A00
5A00
5200
4200
4200
4200
E700
ENDCHAR
STARTCHAR A667
ENCODING 42599
SWIDTH 687 0
DWIDTH 11 0
BBX 10 9 0 0
BITMAP
C7C0
4640
6640
6A00
6A00
6A00
5A00
5200
D600
ENDCHAR
STARTCHAR A668
ENCODING 42600
SWIDTH 562 0
DWIDTH 9 0
BBX 6 13 2 0
BITMAP
78
CC
84
84
84
84
B4
B4
84
84
84
CC
78
ENDCHAR
STARTCHAR A669
ENCODING 42601
SWIDTH 562 0
DWIDTH 9 0
BBX 6 9 2 0
BITMAP
78
CC
84
B4
B4
84
84
CC
78
ENDCHAR
STARTCHAR A66A
ENCODING 42602
SWIDTH 562 0
DWIDTH 9 0
BBX 6 13 2 0
BITMAP
78
CC
84
84
84
84
F4
F4
84
84
84
CC
78
ENDCHAR
STARTCHAR A66B
ENCODING 42603
SWIDTH 562 0
DWIDTH 9 0
BBX 6 9 2 0
BITMAP
78
CC
84
F4
F4
84
84
CC
78
ENDCHAR
STARTCHAR A66C
ENCODING 42604
SWIDTH 562 0
DWIDTH 9 0
BBX 7 13 1 0
BITMAP
EC
D2
92
92
92
92
B6
B6
92
92
92
92
EC
ENDCHAR
STARTCHAR A66D
ENCODING 42605
SWIDTH 562 0
DWIDTH 9 0
BBX 7 9 1 0
BITMAP
EC
D2
92
B6
B6
92
92
92
EC
ENDCHAR
STARTCHAR A66E
ENCODING 42606
SWIDTH 687 0
DWIDTH 11 0
BBX 9 17 1 -4
BITMAP
7F00
5500
5500
7F00
5500
5500
FF80
AA80
FF80
AA80
AA80
7F00
5500
7F00
5500
5500
7F00
ENDCHAR
STARTCHAR A66F
ENCODING 42607
SWIDTH 0 0
DWIDTH 0 0
BBX 5 2 -7 10
BITMAP
F8
88
ENDCHAR
STARTCHAR A670
ENCODING 42608
SWIDTH 0 0
DWIDTH 0 0
BBX 22 23 -16 -7
BITMAP
002800
013140
063980
060180
000008
300038
300010
480028
000000
000000
A00014
600008
E00014
000000
000000
000028
300030
300038
000028
0601C0
062880
0D1140
002800
ENDCHAR
STARTCHAR A671
ENCODING 42609
SWIDTH 0 0
DWIDTH 0 0
BBX 19 20 -14 -5
BITMAP
03F800
0E0E00
300300
E001E0
000000
000000
000000
000000
000000
000000
000000
000000
000000
000000
000000
000000
E001E0
300300
1C0E00
07F800
ENDCHAR
STARTCHAR A672
ENCODING 42610
SWIDTH 0 0
DWIDTH 0 0
BBX 21 23 -16 -7
BITMAP
002000
007000
002000
000000
000000
000000
E00038
000000
000000
000000
000000
E00038
000000
000000
000000
000000
E00038
000000
000000
000000
022200
022200
022200
ENDCHAR
STARTCHAR A673
ENCODING 42611
SWIDTH 625 0
DWIDTH 10 0
BBX 6 8 2 5
BITMAP
20
30
FC
88
88
DC
30
20
ENDCHAR
STARTCHAR A674
ENCODING 42612
SWIDTH 0 0
DWIDTH 0 0
BBX 3 3 -6 10
BITMAP
E0
C0
C0
ENDCHAR
STARTCHAR A675
ENCODING 42613
SWIDTH 0 0
DWIDTH 0 0
BBX 4 4 -7 10
BITMAP
D0
50
70
D0
ENDCHAR
STARTCHAR A676
ENCODING 42614
SWIDTH 0 0
DWIDTH 0 0
BBX 3 5 -6 10
BITMAP
C0
C0
40
40
E0
ENDCHAR
STARTCHAR A677
ENCODING 42615
SWIDTH 0 0
DWIDTH 0 0
BBX 3 5 -6 10
BITMAP
E0
C0
40
40
80
ENDCHAR
STARTCHAR A678
ENCODING 42616
SWIDTH 0 0
DWIDTH 0 0
BBX 3 3 -7 10
BITMAP
C0
60
60
ENDCHAR
STARTCHAR A679
ENCODING 42617
SWIDTH 0 0
DWIDTH 0 0
BBX 3 4 -6 10
BITMAP
A0
A0
E0
E0
ENDCHAR
STARTCHAR A67A
ENCODING 42618
SWIDTH 0 0
DWIDTH 0 0
BBX 3 4 -6 10
BITMAP
80
80
E0
E0
ENDCHAR
STARTCHAR A67B
ENCODING 42619
SWIDTH 0 0
DWIDTH 0 0
BBX 4 4 -7 10
BITMAP
D0
D0
D0
60
ENDCHAR
STARTCHAR A67C
ENCODING 42620
SWIDTH 0 0
DWIDTH 0 0
BBX 6 2 -8 10
BITMAP
84
7C
ENDCHAR
STARTCHAR A67D
ENCODING 42621
SWIDTH 0 0
DWIDTH 0 0
BBX 4 3 -7 10
BITMAP
50
F0
10
ENDCHAR
STARTCHAR A67E
ENCODING 42622
SWIDTH 625 0
DWIDTH 10 0
BBX 6 2 2 10
BITMAP
84
F8
ENDCHAR
STARTCHAR A67F
ENCODING 42623
SWIDTH 625 0
DWIDTH 10 0
BBX 4 3 3 10
BITMAP
B0
E0
20
ENDCHAR
STARTCHAR A680
ENCODING 42624
SWIDTH 625 0
DWIDTH 10 0
BBX 8 18 1 -3
BITMAP
20
20
7F
22
22
22
22
22
22
22
22
22
62
42
FF
81
81
81
ENDCHAR
STARTCHAR A681
ENCODING 42625
SWIDTH 625 0
DWIDTH 10 0
BBX 8 15 1 -3
BITMAP
20
20
20
7F
22
22
22
22
22
22
62
FF
81
81
81
ENDCHAR
STARTCHAR A682
ENCODING 42626
SWIDTH 625 0
DWIDTH 10 0
BBX 6 17 2 -4
BITMAP
74
CC
84
80
80
80
C0
60
30
18
0C
0C
04
04
8C
CC
B8
ENDCHAR
STARTCHAR A683
ENCODING 42627
SWIDTH 625 0
DWIDTH 10 0
BBX 6 17 2 -4
BITMAP
74
CC
84
80
80
80
C0
60
30
18
0C
0C
04
04
8C
CC
B8
ENDCHAR
STARTCHAR A684
ENCODING 42628
SWIDTH 625 0
DWIDTH 10 0
BBX 9 13 1 0
BITMAP
A580
F500
9500
1500
1500
1700
7E00
3600
1500
1500
9500
9500
6580
ENDCHAR
STARTCHAR A685
ENCODING 42629
SWIDTH 625 0
DWIDTH 10 0
BBX 9 9 1 0
BITMAP
B580
F500
1500
1500
7E00
3500
1500
F500
6580
ENDCHAR
STARTCHAR A686
ENCODING 42630
SWIDTH 625 0
DWIDTH 10 0
BBX 9 13 0 0
BITMAP
C980
4900
4900
4900
4900
4900
4900
7F00
0100
0100
0100
0100
0380
ENDCHAR
STARTCHAR A687
ENCODING 42631
SWIDTH 625 0
DWIDTH 10 0
BBX 9 9 0 0
BITMAP
C980
4900
4900
4900
4900
7F00
0100
0100
0380
ENDCHAR
STARTCHAR A688
ENCODING 42632
SWIDTH 625 0
DWIDTH 10 0
BBX 8 16 1 -3
BITMAP
7F
22
22
22
22
22
22
22
22
22
62
42
FF
81
81
83
ENDCHAR
STARTCHAR A689
ENCODING 42633
SWIDTH 625 0
DWIDTH 10 0
BBX 8 12 1 -3
BITMAP
7F
22
22
22
22
22
22
62
FF
81
81
83
ENDCHAR
STARTCHAR A68A
ENCODING 42634
SWIDTH 562 0
DWIDTH 9 0
BBX 7 16 1 -3
BITMAP
FE
92
92
10
10
10
1E
16
12
12
12
12
7A
02
06
0C
ENDCHAR
STARTCHAR A68B
ENCODING 42635
SWIDTH 562 0
DWIDTH 9 0
BBX 7 13 1 -4
BITMAP
FE
92
92
10
1E
16
12
12
7A
02
02
06
0C
ENDCHAR
STARTCHAR A68C
ENCODING 42636
SWIDTH 625 0
DWIDTH 10 0
BBX 7 13 2 0
BITMAP
FE
92
10
10
10
10
10
10
10
10
10
18
0E
ENDCHAR
STARTCHAR A68D
ENCODING 42637
SWIDTH 625 0
DWIDTH 10 0
BBX 7 9 2 0
BITMAP
FE
92
10
10
10
10
10
18
0E
ENDCHAR
STARTCHAR A68E
ENCODING 42638
SWIDTH 625 0
DWIDTH 10 0
BBX 8 17 1 -4
BITMAP
E7
42
42
42
42
42
42
42
42
42
42
42
FF
01
7D
41
7F
ENDCHAR
STARTCHAR A68F
ENCODING 42639
SWIDTH 625 0
DWIDTH 10 0
BBX 8 13 1 -4
BITMAP
E7
42
42
42
42
42
42
42
FF
01
7D
43
7F
ENDCHAR
STARTCHAR A690
ENCODING 42640
SWIDTH 625 0
DWIDTH 10 0
BBX 7 16 2 -3
BITMAP
FE
92
92
10
10
10
10
10
10
10
10
10
7C
C0
C0
70
ENDCHAR
STARTCHAR A691
ENCODING 42641
SWIDTH 625 0
DWIDTH 10 0
BBX 7 13 2 -4
BITMAP
FE
92
10
10
10
10
10
10
7C
C0
C0
C0
70
ENDCHAR
STARTCHAR A692
ENCODING 42642
SWIDTH 625 0
DWIDTH 10 0
BBX 8 13 1 0
BITMAP
FB
AA
AA
22
22
22
32
1E
02
02
02
02
07
ENDCHAR
STARTCHAR A693
ENCODING 42643
SWIDTH 625 0
DWIDTH 10 0
BBX 8 9 1 0
BITMAP
FB
AA
AA
22
32
1E
02
02
07
ENDCHAR
STARTCHAR A694
ENCODING 42644
SWIDTH 625 0
DWIDTH 10 0
BBX 8 13 1 0
BITMAP
30
60
40
40
40
7C
46
42
42
42
42
42
E7
ENDCHAR
STARTCHAR A695
ENCODING 42645
SWIDTH 625 0
DWIDTH 10 0
BBX 8 13 1 0
BITMAP
30
60
40
40
5C
66
42
42
42
42
42
42
E7
ENDCHAR
STARTCHAR A696
ENCODING 42646
SWIDTH 625 0
DWIDTH 10 0
BBX 9 17 0 -4
BITMAP
C980
4900
4900
4900
4900
4900
4900
4900
4900
4900
4900
4900
FF80
0080
7E80
4080
7F80
ENDCHAR
STARTCHAR A697
ENCODING 42647
SWIDTH 625 0
DWIDTH 10 0
BBX 9 13 0 -4
BITMAP
C980
4900
4900
4900
4900
4900
4900
4900
FF80
0080
7E80
4080
7F80
ENDCHAR
STARTCHAR A698
ENCODING 42648
SWIDTH 562 0
DWIDTH 9 0
BBX 7 13 1 0
BITMAP
EC
B6
92
92
92
92
92
92
92
92
92
B6
EC
ENDCHAR
STARTCHAR A699
ENCODING 42649
SWIDTH 562 0
DWIDTH 9 0
BBX 7 9 1 0
BITMAP
EC
B6
92
92
92
92
92
B6
EC
ENDCHAR
STARTCHAR A69A
ENCODING 42650
SWIDTH 625 0
DWIDTH 10 0
BBX 7 13 2 0
BITMAP
78
D6
92
92
92
92
FE
92
92
92
92
D6
78
ENDCHAR
STARTCHAR A69B
ENCODING 42651
SWIDTH 625 0
DWIDTH 10 0
BBX 7 9 2 0
BITMAP
7C
D6
92
92
FE
92
92
D4
7C
ENDCHAR
STARTCHAR A69C
ENCODING 42652
SWIDTH 625 0
DWIDTH 10 0
BBX 6 6 2 6
BITMAP
F0
A0
38
24
24
78
ENDCHAR
STARTCHAR A69D
ENCODING 42653
SWIDTH 625 0
DWIDTH 10 0
BBX 5 6 2 6
BITMAP
C0
40
78
48
48
F8
ENDCHAR
STARTCHAR A69E
ENCODING 42654
SWIDTH 0 0
DWIDTH 0 0
BBX 3 7 -6 10
BITMAP
40
40
E0
E0
E0
40
40
ENDCHAR
STARTCHAR A69F
ENCODING 42655
SWIDTH 0 0
DWIDTH 0 0
BBX 3 3 -6 10
BITMAP
E0
C0
E0
ENDCHAR
STARTCHAR A700
ENCODING 42752
SWIDTH 625 0
DWIDTH 10 0
BBX 5 6 2 -1
BITMAP
78
C0
80
80
C0
78
ENDCHAR
STARTCHAR A701
ENCODING 42753
SWIDTH 625 0
DWIDTH 10 0
BBX 5 8 2 -3
BITMAP
78
C0
80
80
C0
78
00
F8
ENDCHAR
STARTCHAR A702
ENCODING 42754
SWIDTH 625 0
DWIDTH 10 0
BBX 5 6 2 6
BITMAP
78
C0
80
80
C0
78
ENDCHAR
STARTCHAR A703
ENCODING 42755
SWIDTH 625 0
DWIDTH 10 0
BBX 5 8 2 4
BITMAP
78
C0
80
80
C0
78
00
F8
ENDCHAR
STARTCHAR A704
ENCODING 42756
SWIDTH 625 0
DWIDTH 10 0
BBX 5 6 2 6
BITMAP
F0
18
08
08
18
F0
ENDCHAR
STARTCHAR A705
ENCODING 42757
SWIDTH 625 0
DWIDTH 10 0
BBX 5 8 2 4
BITMAP
F0
08
08
08
08
F0
00
F8
ENDCHAR
STARTCHAR A706
ENCODING 42758
SWIDTH 625 0
DWIDTH 10 0
BBX 5 6 2 -1
BITMAP
F0
18
08
08
18
F0
ENDCHAR
STARTCHAR A707
ENCODING 42759
SWIDTH 625 0
DWIDTH 10 0
BBX 5 8 2 -3
BITMAP
F0
18
08
08
08
F0
00
F8
ENDCHAR
STARTCHAR A708
ENCODING 42760
SWIDTH 625 0
DWIDTH 10 0
BBX 5 12 2 0
BITMAP
C8
C8
08
08
08
08
08
08
08
08
08
08
ENDCHAR
STARTCHAR A709
ENCODING 42761
SWIDTH 625 0
DWIDTH 10 0
BBX 5 12 2 0
BITMAP
08
08
08
C8
C8
08
08
08
08
08
08
08
ENDCHAR
STARTCHAR A70A
ENCODING 42762
SWIDTH 625 0
DWIDTH 10 0
BBX 5 12 2 0
BITMAP
08
08
08
08
08
C8
C8
08
08
08
08
08
ENDCHAR
STARTCHAR A70B
ENCODING 42763
SWIDTH 625 0
DWIDTH 10 0
BBX 5 12 2 0
BITMAP
08
08
08
08
08
08
08
08
C8
08
08
08
ENDCHAR
STARTCHAR A70C
ENCODING 42764
SWIDTH 625 0
DWIDTH 10 0
BBX 5 12 2 0
BITMAP
08
08
08
08
08
08
08
08
08
08
C8
C8
ENDCHAR
STARTCHAR A70D
ENCODING 42765
SWIDTH 625 0
DWIDTH 10 0
BBX 5 12 2 0
BITMAP
98
98
80
80
80
80
80
80
80
80
80
80
ENDCHAR
STARTCHAR A70E
ENCODING 42766
SWIDTH 625 0
DWIDTH 10 0
BBX 5 12 2 0
BITMAP
80
80
80
98
98
80
80
80
80
80
80
80
ENDCHAR
STARTCHAR A70F
ENCODING 42767
SWIDTH 625 0
DWIDTH 10 0
BBX 5 12 2 0
BITMAP
80
80
80
80
80
98
98
80
80
80
80
80
ENDCHAR
STARTCHAR A710
ENCODING 42768
SWIDTH 625 0
DWIDTH 10 0
BBX 5 12 2 0
BITMAP
80
80
80
80
80
80
80
80
98
80
80
80
ENDCHAR
STARTCHAR A711
ENCODING 42769
SWIDTH 625 0
DWIDTH 10 0
BBX 5 12 2 0
BITMAP
80
80
80
80
80
80
80
80
80
80
98
98
ENDCHAR
STARTCHAR A712
ENCODING 42770
SWIDTH 625 0
DWIDTH 10 0
BBX 5 12 2 0
BITMAP
F8
80
80
80
80
80
80
80
80
80
80
80
ENDCHAR
STARTCHAR A713
ENCODING 42771
SWIDTH 625 0
DWIDTH 10 0
BBX 5 12 2 0
BITMAP
80
80
80
F8
80
80
80
80
80
80
80
80
ENDCHAR
STARTCHAR A714
ENCODING 42772
SWIDTH 625 0
DWIDTH 10 0
BBX 5 12 2 0
BITMAP
80
80
80
80
80
80
F8
80
80
80
80
80
ENDCHAR
STARTCHAR A715
ENCODING 42773
SWIDTH 625 0
DWIDTH 10 0
BBX 5 12 2 0
BITMAP
80
80
80
80
80
80
80
80
F8
80
80
80
ENDCHAR
STARTCHAR A716
ENCODING 42774
SWIDTH 625 0
DWIDTH 10 0
BBX 5 12 2 0
BITMAP
80
80
80
80
80
80
80
80
80
80
80
F8
ENDCHAR
STARTCHAR A717
ENCODING 42775
SWIDTH 625 0
DWIDTH 10 0
BBX 4 5 3 6
BITMAP
10
10
D0
10
10
ENDCHAR
STARTCHAR A718
ENCODING 42776
SWIDTH 625 0
DWIDTH 10 0
BBX 5 5 2 7
BITMAP
C0
D8
30
20
40
ENDCHAR
STARTCHAR A719
ENCODING 42777
SWIDTH 625 0
DWIDTH 10 0
BBX 5 5 2 8
BITMAP
20
20
00
00
F8
ENDCHAR
STARTCHAR A71A
ENCODING 42778
SWIDTH 625 0
DWIDTH 10 0
BBX 5 3 2 8
BITMAP
08
08
F8
ENDCHAR
STARTCHAR A71B
ENCODING 42779
SWIDTH 625 0
DWIDTH 10 0
BBX 5 10 2 4
BITMAP
20
70
A8
20
20
20
20
20
20
20
ENDCHAR
STARTCHAR A71C
ENCODING 42780
SWIDTH 625 0
DWIDTH 10 0
BBX 5 10 2 4
BITMAP
20
20
20
20
20
20
20
A8
70
20
ENDCHAR
STARTCHAR A71D
ENCODING 42781
SWIDTH 625 0
DWIDTH 10 0
BBX 1 8 4 5
BITMAP
80
80
80
80
80
00
80
80
ENDCHAR
STARTCHAR A71E
ENCODING 42782
SWIDTH 625 0
DWIDTH 10 0
BBX 1 9 4 5
BITMAP
80
80
00
00
80
80
80
80
80
ENDCHAR
STARTCHAR A71F
ENCODING 42783
SWIDTH 625 0
DWIDTH 10 0
BBX 1 9 4 -2
BITMAP
80
80
00
00
80
80
80
80
80
ENDCHAR
STARTCHAR A720
ENCODING 42784
SWIDTH 625 0
DWIDTH 10 0
BBX 7 5 2 8
BITMAP
FE
90
90
90
90
ENDCHAR
STARTCHAR A721
ENCODING 42785
SWIDTH 625 0
DWIDTH 10 0
BBX 7 5 2 0
BITMAP
90
90
90
90
FE
ENDCHAR
STARTCHAR A722
ENCODING 42786
SWIDTH 562 0
DWIDTH 9 0
BBX 3 13 3 0
BITMAP
C0
60
20
20
60
C0
00
C0
60
20
20
60
C0
ENDCHAR
STARTCHAR A723
ENCODING 42787
SWIDTH 625 0
DWIDTH 10 0
BBX 2 9 4 0
BITMAP
C0
40
40
C0
00
C0
40
40
C0
ENDCHAR
STARTCHAR A724
ENCODING 42788
SWIDTH 562 0
DWIDTH 9 0
BBX 4 7 3 6
BITMAP
70
C0
80
80
80
C0
70
ENDCHAR
STARTCHAR A725
ENCODING 42789
SWIDTH 625 0
DWIDTH 10 0
BBX 2 5 4 4
BITMAP
40
C0
80
80
C0
ENDCHAR
STARTCHAR A726
ENCODING 42790
SWIDTH 625 0
DWIDTH 10 0
BBX 8 16 1 -3
BITMAP
E7
42
42
42
42
42
7E
42
42
42
42
42
E2
02
06
0C
ENDCHAR
STARTCHAR A727
ENCODING 42791
SWIDTH 625 0
DWIDTH 10 0
BBX 7 16 1 -3
BITMAP
C0
40
40
40
5C
66
42
42
42
42
42
42
E2
02
06
0C
ENDCHAR
STARTCHAR A72A
ENCODING 42794
SWIDTH 687 0
DWIDTH 11 0
BBX 7 13 2 0
BITMAP
7A
C6
82
80
80
C0
70
C0
80
80
82
C6
7C
ENDCHAR
STARTCHAR A72B
ENCODING 42795
SWIDTH 625 0
DWIDTH 10 0
BBX 7 13 2 0
BITMAP
7E
C6
80
80
C0
70
C0
80
80
80
86
C6
7C
ENDCHAR
STARTCHAR A72C
ENCODING 42796
SWIDTH 625 0
DWIDTH 10 0
BBX 7 17 1 -4
BITMAP
0C
0C
1C
14
34
24
64
44
C4
FE
04
04
04
04
04
0C
18
ENDCHAR
STARTCHAR A72D
ENCODING 42797
SWIDTH 625 0
DWIDTH 10 0
BBX 7 13 1 -4
BITMAP
0C
1C
14
24
64
C4
FE
04
04
04
04
0C
18
ENDCHAR
STARTCHAR A72E
ENCODING 42798
SWIDTH 562 0
DWIDTH 9 0
BBX 7 17 1 -4
BITMAP
0C
0C
1C
14
34
24
64
44
C4
FE
04
06
06
06
04
0C
18
ENDCHAR
STARTCHAR A72F
ENCODING 42799
SWIDTH 562 0
DWIDTH 9 0
BBX 7 13 1 -4
BITMAP
0C
1C
14
24
64
C4
FE
04
06
06
06
0C
18
ENDCHAR
STARTCHAR A730
ENCODING 42800
SWIDTH 625 0
DWIDTH 10 0
BBX 7 9 1 0
BITMAP
FE
42
40
40
7C
40
40
40
F0
ENDCHAR
STARTCHAR A731
ENCODING 42801
SWIDTH 625 0
DWIDTH 10 0
BBX 6 9 2 0
BITMAP
74
8C
84
C0
78
0C
84
C4
B8
ENDCHAR
STARTCHAR A732
ENCODING 42802
SWIDTH 687 0
DWIDTH 11 0
BBX 10 13 1 0
BITMAP
3200
3300
3300
3700
3D00
3D00
2D00
6D00
7F80
4D80
4C80
4C80
EDC0
ENDCHAR
STARTCHAR A733
ENCODING 42803
SWIDTH 625 0
DWIDTH 10 0
BBX 8 9 1 0
BITMAP
6C
D6
92
12
7E
92
92
96
FF
ENDCHAR
STARTCHAR A734
ENCODING 42804
SWIDTH 687 0
DWIDTH 11 0
BBX 9 13 1 0
BITMAP
3700
3580
3C80
3C80
3C80
2C80
2C80
6C80
7C80
4C80
4C80
4D80
EF00
ENDCHAR
STARTCHAR A735
ENCODING 42805
SWIDTH 562 0
DWIDTH 9 0
BBX 7 9 1 0
BITMAP
6C
D6
92
12
72
92
92
96
EC
ENDCHAR
STARTCHAR A736
ENCODING 42806
SWIDTH 687 0
DWIDTH 11 0
BBX 10 13 1 0
BITMAP
31C0
3080
3080
3080
3080
3880
2880
6880
7880
4880
4880
4D80
E700
ENDCHAR
STARTCHAR A737
ENCODING 42807
SWIDTH 625 0
DWIDTH 10 0
BBX 8 9 1 0
BITMAP
66
D2
92
12
72
92
92
96
FB
ENDCHAR
STARTCHAR A73E
ENCODING 42814
SWIDTH 562 0
DWIDTH 9 0
BBX 6 13 2 0
BITMAP
B8
CC
84
04
04
04
34
34
04
04
84
CC
78
ENDCHAR
STARTCHAR A73F
ENCODING 42815
SWIDTH 562 0
DWIDTH 9 0
BBX 6 9 2 0
BITMAP
B8
CC
84
34
34
04
84
CC
78
ENDCHAR
STARTCHAR A740
ENCODING 42816
SWIDTH 625 0
DWIDTH 10 0
BBX 8 13 1 0
BITMAP
23
26
F4
2C
28
28
30
28
28
2C
24
26
22
ENDCHAR
STARTCHAR A741
ENCODING 42817
SWIDTH 687 0
DWIDTH 11 0
BBX 9 13 1 0
BITMAP
E000
2000
F800
2000
2380
2600
2400
2800
3800
2C00
2600
2600
E380
ENDCHAR
STARTCHAR A742
ENCODING 42818
SWIDTH 625 0
DWIDTH 10 0
BBX 7 13 2 0
BITMAP
86
8C
88
98
90
B0
E0
B0
9C
98
B8
AC
84
ENDCHAR
STARTCHAR A743
ENCODING 42819
SWIDTH 625 0
DWIDTH 10 0
BBX 8 13 1 0
BITMAP
C0
40
40
40
47
4C
48
50
76
7C
5C
74
E7
ENDCHAR
STARTCHAR A744
ENCODING 42820
SWIDTH 625 0
DWIDTH 10 0
BBX 8 13 1 0
BITMAP
23
26
F4
2C
28
28
30
28
2E
2C
2C
3E
22
ENDCHAR
STARTCHAR A745
ENCODING 42821
SWIDTH 687 0
DWIDTH 11 0
BBX 9 13 1 0
BITMAP
E000
2000
F800
2000
2380
2600
2400
2800
3B00
2E00
2E00
3E00
E380
ENDCHAR
STARTCHAR A748
ENCODING 42824
SWIDTH 562 0
DWIDTH 9 0
BBX 7 13 1 0
BITMAP
F0
20
F8
20
20
20
20
20
20
20
20
22
FE
ENDCHAR
STARTCHAR A749
ENCODING 42825
SWIDTH 625 0
DWIDTH 10 0
BBX 6 13 2 0
BITMAP
F0
10
7C
10
10
10
10
10
10
10
10
10
FC
ENDCHAR
STARTCHAR A74A
ENCODING 42826
SWIDTH 562 0
DWIDTH 9 0
BBX 8 13 1 0
BITMAP
3C
66
42
42
42
42
FF
42
42
42
42
66
3C
ENDCHAR
STARTCHAR A74B
ENCODING 42827
SWIDTH 562 0
DWIDTH 9 0
BBX 8 9 1 0
BITMAP
3C
66
42
42
FF
42
42
66
3C
ENDCHAR
STARTCHAR A74E
ENCODING 42830
SWIDTH 562 0
DWIDTH 9 0
BBX 7 13 1 0
BITMAP
EC
B6
92
92
92
92
92
92
92
92
92
B6
EC
ENDCHAR
STARTCHAR A74F
ENCODING 42831
SWIDTH 562 0
DWIDTH 9 0
BBX 7 9 1 0
BITMAP
EC
B6
92
92
92
92
92
B6
EC
ENDCHAR
STARTCHAR A750
ENCODING 42832
SWIDTH 625 0
DWIDTH 10 0
BBX 8 13 1 0
BITMAP
FC
22
23
21
21
21
23
3E
20
F8
20
20
F0
ENDCHAR
STARTCHAR A751
ENCODING 42833
SWIDTH 625 0
DWIDTH 10 0
BBX 8 13 1 -4
BITMAP
DE
63
41
41
41
41
41
63
5E
40
F0
40
F0
ENDCHAR
STARTCHAR A75A
ENCODING 42842
SWIDTH 562 0
DWIDTH 9 0
BBX 8 13 1 0
BITMAP
3C
64
C6
02
02
02
06
1C
18
08
0C
04
07
ENDCHAR
STARTCHAR A75B
ENCODING 42843
SWIDTH 562 0
DWIDTH 9 0
BBX 8 9 1 0
BITMAP
3C
66
C2
02
06
1C
08
0C
07
ENDCHAR
STARTCHAR A760
ENCODING 42848
SWIDTH 687 0
DWIDTH 11 0
BBX 9 17 1 -4
BITMAP
C980
4900
4900
5900
5500
5700
5700
3600
3600
3600
3600
3600
2200
0600
0600
0400
1C00
ENDCHAR
STARTCHAR A761
ENCODING 42849
SWIDTH 687 0
DWIDTH 11 0
BBX 9 13 1 -4
BITMAP
C980
4900
5900
5500
5700
3600
3600
3600
2200
0200
0600
0400
1C00
ENDCHAR
STARTCHAR A764
ENCODING 42852
SWIDTH 625 0
DWIDTH 10 0
BBX 8 13 1 0
BITMAP
F0
20
F8
20
3E
23
21
21
23
3E
20
20
F0
ENDCHAR
STARTCHAR A765
ENCODING 42853
SWIDTH 625 0
DWIDTH 10 0
BBX 8 17 1 -4
BITMAP
C0
40
40
F0
5E
63
41
41
41
41
41
63
5E
40
40
40
F0
ENDCHAR
STARTCHAR A766
ENCODING 42854
SWIDTH 625 0
DWIDTH 10 0
BBX 8 13 1 0
BITMAP
F0
20
20
3E
23
21
21
23
3E
20
F8
20
F0
ENDCHAR
STARTCHAR A767
ENCODING 42855
SWIDTH 625 0
DWIDTH 10 0
BBX 8 17 1 -4
BITMAP
C0
40
40
40
5E
63
41
41
41
41
41
63
5E
40
F0
40
F0
ENDCHAR
STARTCHAR A779
ENCODING 42873
SWIDTH 625 0
DWIDTH 10 0
BBX 7 13 1 0
BITMAP
FC
26
42
42
42
42
42
42
42
42
42
66
3C
ENDCHAR
STARTCHAR A77A
ENCODING 42874
SWIDTH 625 0
DWIDTH 10 0
BBX 6 13 2 0
BITMAP
40
70
18
08
0C
7C
CC
84
84
84
84
CC
78
ENDCHAR
STARTCHAR A77B
ENCODING 42875
SWIDTH 562 0
DWIDTH 9 0
BBX 7 17 1 -4
BITMAP
EE
36
20
20
20
20
20
20
20
20
20
20
3C
20
20
20
20
ENDCHAR
STARTCHAR A77C
ENCODING 42876
SWIDTH 562 0
DWIDTH 9 0
BBX 7 13 1 -4
BITMAP
EE
36
20
20
20
20
20
20
3C
20
20
20
20
ENDCHAR
STARTCHAR A77D
ENCODING 42877
SWIDTH 562 0
DWIDTH 9 0
BBX 6 13 2 0
BITMAP
FC
8C
B0
20
20
30
78
CC
84
84
84
CC
78
ENDCHAR
STARTCHAR A77E
ENCODING 42878
SWIDTH 625 0
DWIDTH 10 0
BBX 7 13 2 0
BITMAP
7C
C6
82
82
82
C4
78
18
08
18
30
E2
FE
ENDCHAR
STARTCHAR A77F
ENCODING 42879
SWIDTH 625 0
DWIDTH 10 0
BBX 7 13 2 -4
BITMAP
7C
C6
82
82
82
C4
78
18
08
18
30
E2
FE
ENDCHAR
STARTCHAR A780
ENCODING 42880
SWIDTH 625 0
DWIDTH 10 0
BBX 7 13 2 0
BITMAP
FE
84
84
04
04
04
04
04
04
04
04
04
1E
ENDCHAR
STARTCHAR A781
ENCODING 42881
SWIDTH 625 0
DWIDTH 10 0
BBX 6 13 2 -4
BITMAP
FC
10
10
10
10
10
10
10
10
10
10
10
1C
ENDCHAR
STARTCHAR A782
ENCODING 42882
SWIDTH 625 0
DWIDTH 10 0
BBX 9 17 1 -4
BITMAP
DC00
6600
4200
4200
4200
4200
4200
4200
4200
4200
4200
4300
4180
4000
4000
4000
4000
ENDCHAR
STARTCHAR A783
ENCODING 42883
SWIDTH 625 0
DWIDTH 10 0
BBX 9 13 1 -4
BITMAP
DC00
6600
4200
4200
4200
4200
4200
4300
4180
4000
4000
4000
4000
ENDCHAR
STARTCHAR A784
ENCODING 42884
SWIDTH 562 0
DWIDTH 9 0
BBX 7 17 1 -4
BITMAP
EE
36
22
20
20
20
20
20
20
20
20
20
20
20
20
20
20
ENDCHAR
STARTCHAR A785
ENCODING 42885
SWIDTH 562 0
DWIDTH 9 0
BBX 7 13 1 -4
BITMAP
EE
36
22
20
20
20
20
20
20
20
20
20
20
ENDCHAR
STARTCHAR A786
ENCODING 42886
SWIDTH 625 0
DWIDTH 10 0
BBX 7 13 2 0
BITMAP
FE
40
80
80
80
80
80
80
80
80
86
CC
78
ENDCHAR
STARTCHAR A787
ENCODING 42887
SWIDTH 625 0
DWIDTH 10 0
BBX 7 9 2 0
BITMAP
FE
40
80
80
80
80
86
CC
78
ENDCHAR
STARTCHAR A788
ENCODING 42888
SWIDTH 625 0
DWIDTH 10 0
BBX 5 3 2 -4
BITMAP
30
58
88
ENDCHAR
STARTCHAR A789
ENCODING 42889
SWIDTH 625 0
DWIDTH 10 0
BBX 2 8 4 1
BITMAP
C0
C0
00
00
00
00
C0
C0
ENDCHAR
STARTCHAR A78A
ENCODING 42890
SWIDTH 625 0
DWIDTH 10 0
BBX 4 4 3 3
BITMAP
F0
00
00
F0
ENDCHAR
STARTCHAR A78B
ENCODING 42891
SWIDTH 562 0
DWIDTH 9 0
BBX 1 7 4 6
BITMAP
80
80
80
80
80
80
80
ENDCHAR
STARTCHAR A78C
ENCODING 42892
SWIDTH 562 0
DWIDTH 9 0
BBX 1 4 4 9
BITMAP
80
80
80
80
ENDCHAR
STARTCHAR A78D
ENCODING 42893
SWIDTH 687 0
DWIDTH 11 0
BBX 9 13 1 0
BITMAP
E380
4200
4200
4200
4200
4200
7E00
0200
0200
0200
0200
0200
0780
ENDCHAR
STARTCHAR A78E
ENCODING 42894
SWIDTH 562 0
DWIDTH 9 0
BBX 6 17 1 -4
BITMAP
F0
10
10
10
10
70
50
7C
10
10
10
10
10
10
10
18
0C
ENDCHAR
STARTCHAR A78F
ENCODING 42895
SWIDTH 625 0
DWIDTH 10 0
BBX 3 3 4 6
BITMAP
E0
E0
C0
ENDCHAR
STARTCHAR A790
ENCODING 42896
SWIDTH 625 0
DWIDTH 10 0
BBX 8 16 1 -3
BITMAP
E7
62
62
62
52
52
52
4A
4A
4A
46
46
E7
01
01
01
ENDCHAR
STARTCHAR A791
ENCODING 42897
SWIDTH 625 0
DWIDTH 10 0
BBX 8 12 1 -3
BITMAP
DC
66
42
42
42
42
42
42
E7
01
01
01
ENDCHAR
STARTCHAR A792
ENCODING 42898
SWIDTH 625 0
DWIDTH 10 0
BBX 7 13 1 0
BITMAP
3A
66
42
40
40
40
F0
40
40
40
42
66
3C
ENDCHAR
STARTCHAR A793
ENCODING 42899
SWIDTH 625 0
DWIDTH 10 0
BBX 7 9 1 0
BITMAP
3A
66
42
40
F0
40
42
66
3C
ENDCHAR
STARTCHAR A794
ENCODING 42900
SWIDTH 625 0
DWIDTH 10 0
BBX 6 12 2 -3
BITMAP
74
CC
84
80
80
80
84
CC
74
04
0C
18
ENDCHAR
STARTCHAR A795
ENCODING 42901
SWIDTH 625 0
DWIDTH 10 0
BBX 8 17 1 -4
BITMAP
C0
40
40
40
5C
66
42
42
42
42
42
42
E7
01
01
03
06
ENDCHAR
STARTCHAR A798
ENCODING 42904
SWIDTH 625 0
DWIDTH 10 0
BBX 7 13 1 0
BITMAP
FE
22
22
F8
20
20
3C
20
20
20
20
20
F0
ENDCHAR
STARTCHAR A799
ENCODING 42905
SWIDTH 625 0
DWIDTH 10 0
BBX 7 13 2 0
BITMAP
1C
34
22
20
20
FC
20
20
F8
20
20
20
FC
ENDCHAR
STARTCHAR A79A
ENCODING 42906
SWIDTH 625 0
DWIDTH 10 0
BBX 7 13 2 0
BITMAP
76
CC
84
84
84
C4
64
C4
84
84
84
CC
76
ENDCHAR
STARTCHAR A79B
ENCODING 42907
SWIDTH 562 0
DWIDTH 9 0
BBX 8 9 1 0
BITMAP
7B
66
42
42
32
42
C2
C6
7B
ENDCHAR
STARTCHAR A79C
ENCODING 42908
SWIDTH 625 0
DWIDTH 10 0
BBX 7 13 2 0
BITMAP
7C
C6
82
82
82
C2
72
C2
82
82
82
C4
7C
ENDCHAR
STARTCHAR A79D
ENCODING 42909
SWIDTH 562 0
DWIDTH 9 0
BBX 7 9 1 0
BITMAP
3C
66
42
42
32
42
C2
C6
7C
ENDCHAR
STARTCHAR A79E
ENCODING 42910
SWIDTH 625 0
DWIDTH 10 0
BBX 8 13 1 0
BITMAP
E7
42
42
42
42
62
32
62
42
42
42
66
3B
ENDCHAR
STARTCHAR A79F
ENCODING 42911
SWIDTH 625 0
DWIDTH 10 0
BBX 8 9 1 0
BITMAP
C6
42
42
42
32
42
42
46
3B
ENDCHAR
STARTCHAR A7A0
ENCODING 42912
SWIDTH 625 0
DWIDTH 10 0
BBX 8 13 1 0
BITMAP
3C
66
42
40
40
43
7F
C2
42
42
42
6E
3A
ENDCHAR
STARTCHAR A7A1
ENCODING 42913
SWIDTH 625 0
DWIDTH 10 0
BBX 8 13 1 -4
BITMAP
3B
66
42
43
7E
C2
42
66
3A
02
42
66
3C
ENDCHAR
STARTCHAR A7A2
ENCODING 42914
SWIDTH 625 0
DWIDTH 10 0
BBX 8 13 1 0
BITMAP
43
46
44
4C
48
5B
7E
D8
48
4C
44
46
42
ENDCHAR
STARTCHAR A7A3
ENCODING 42915
SWIDTH 625 0
DWIDTH 10 0
BBX 8 13 1 0
BITMAP
C0
40
40
40
47
4F
7E
F0
70
78
4C
44
E7
ENDCHAR
STARTCHAR A7A4
ENCODING 42916
SWIDTH 625 0
DWIDTH 10 0
BBX 8 13 1 0
BITMAP
E7
62
62
62
52
53
7E
CA
4A
4A
46
46
E6
ENDCHAR
STARTCHAR A7A5
ENCODING 42917
SWIDTH 625 0
DWIDTH 10 0
BBX 8 9 1 0
BITMAP
DC
66
42
43
7E
C2
42
42
E7
ENDCHAR
STARTCHAR A7A6
ENCODING 42918
SWIDTH 625 0
DWIDTH 10 0
BBX 9 13 1 0
BITMAP
FE00
4200
4300
4780
FD00
C100
4300
7E00
4C00
4C00
4600
4200
E380
ENDCHAR
STARTCHAR A7A7
ENCODING 42919
SWIDTH 562 0
DWIDTH 9 0
BBX 9 9 0 0
BITMAP
7700
1B00
1000
1380
3E00
F000
1000
1000
7C00
ENDCHAR
STARTCHAR A7A8
ENCODING 42920
SWIDTH 625 0
DWIDTH 10 0
BBX 8 13 1 0
BITMAP
3A
66
42
40
40
73
7C
CC
06
02
42
66
5C
ENDCHAR
STARTCHAR A7A9
ENCODING 42921
SWIDTH 625 0
DWIDTH 10 0
BBX 8 9 1 0
BITMAP
3A
66
42
63
7C
C6
42
66
5C
ENDCHAR
STARTCHAR A7AA
ENCODING 42922
SWIDTH 625 0
DWIDTH 10 0
BBX 9 13 0 0
BITMAP
6380
A100
A100
2100
2100
2100
3F00
2100
2100
2100
2100
2100
7380
ENDCHAR
STARTCHAR A7AB
ENCODING 42923
SWIDTH 625 0
DWIDTH 10 0
BBX 7 13 2 0
BITMAP
B8
CC
84
04
04
0C
38
04
02
02
82
C6
78
ENDCHAR
STARTCHAR A7AC
ENCODING 42924
SWIDTH 625 0
DWIDTH 10 0
BBX 7 17 2 -4
BITMAP
76
CC
84
84
84
84
84
84
84
84
84
CC
74
04
84
CC
78
ENDCHAR
STARTCHAR A7AD
ENCODING 42925
SWIDTH 625 0
DWIDTH 10 0
BBX 8 13 1 0
BITMAP
78
20
20
20
20
E0
A0
F8
20
20
20
21
7F
ENDCHAR
STARTCHAR A7AE
ENCODING 42926
SWIDTH 625 0
DWIDTH 10 0
BBX 7 13 2 0
BITMAP
FE
92
92
10
10
10
10
10
10
10
10
92
FE
ENDCHAR
STARTCHAR A7AF
ENCODING 42927
SWIDTH 562 0
DWIDTH 9 0
BBX 6 9 2 0
BITMAP
78
CC
84
84
84
B4
9C
CC
7C
ENDCHAR
STARTCHAR A7B0
ENCODING 42928
SWIDTH 625 0
DWIDTH 10 0
BBX 7 13 1 0
BITMAP
42
62
22
32
12
1A
0E
1A
12
32
22
62
C2
ENDCHAR
STARTCHAR A7B1
ENCODING 42929
SWIDTH 625 0
DWIDTH 10 0
BBX 7 13 2 0
BITMAP
78
10
10
10
10
10
10
10
10
10
10
92
FE
ENDCHAR
STARTCHAR A7B2
ENCODING 42930
SWIDTH 625 0
DWIDTH 10 0
BBX 8 13 2 0
BITMAP
3C
04
04
04
04
04
04
04
04
FC
8C
CE
79
ENDCHAR
STARTCHAR A7B3
ENCODING 42931
SWIDTH 625 0
DWIDTH 10 0
BBX 8 17 1 -4
BITMAP
E7
42
66
24
24
3C
18
18
18
18
18
3C
24
24
66
42
E7
ENDCHAR
STARTCHAR A7B4
ENCODING 42932
SWIDTH 625 0
DWIDTH 10 0
BBX 8 17 1 -4
BITMAP
FC
46
42
42
42
46
7C
46
41
41
41
46
7C
40
40
40
F0
ENDCHAR
STARTCHAR A7B5
ENCODING 42933
SWIDTH 625 0
DWIDTH 10 0
BBX 8 17 1 -4
BITMAP
3C
66
42
42
42
46
4C
42
41
41
41
63
5E
40
40
40
F0
ENDCHAR
STARTCHAR A7B6
ENCODING 42934
SWIDTH 562 0
DWIDTH 9 0
BBX 7 13 1 0
BITMAP
44
C6
86
82
92
92
92
92
92
92
92
EE
6C
ENDCHAR
STARTCHAR A7B7
ENCODING 42935
SWIDTH 562 0
DWIDTH 9 0
BBX 7 9 1 0
BITMAP
C4
86
82
92
92
92
92
EE
6C
ENDCHAR
STARTCHAR A7B8
ENCODING 42936
SWIDTH 625 0
DWIDTH 10 0
BBX 8 15 1 -1
BITMAP
02
E7
46
46
46
4A
4A
4A
52
52
52
62
66
3C
40
ENDCHAR
STARTCHAR A7B9
ENCODING 42937
SWIDTH 625 0
DWIDTH 10 0
BBX 8 11 1 -1
BITMAP
02
C6
46
4A
4A
52
52
52
66
3B
40
ENDCHAR
STARTCHAR A7BA
ENCODING 42938
SWIDTH 625 0
DWIDTH 10 0
BBX 8 14 1 0
BITMAP
80
98
98
18
18
3C
24
24
24
7E
66
42
42
E7
ENDCHAR
STARTCHAR A7BB
ENCODING 42939
SWIDTH 562 0
DWIDTH 9 0
BBX 8 13 1 0
BITMAP
10
10
10
00
3C
66
C2
02
3E
62
C2
C6
7B
ENDCHAR
STARTCHAR A7BC
ENCODING 42940
SWIDTH 625 0
DWIDTH 10 0
BBX 9 15 -1 0
BITMAP
8000
C000
DF80
0200
0200
0200
0200
0200
0200
0200
0200
0200
0200
0200
1F80
ENDCHAR
STARTCHAR A7BD
ENCODING 42941
SWIDTH 625 0
DWIDTH 10 0
BBX 6 13 2 0
BITMAP
10
10
10
00
F0
10
10
10
10
10
10
10
FC
ENDCHAR
STARTCHAR A7BE
ENCODING 42942
SWIDTH 625 0
DWIDTH 10 0
BBX 10 14 -1 1
BITMAP
8000
B9C0
1080
1080
1080
1080
1080
1080
1080
1080
1080
1080
1980
0F00
ENDCHAR
STARTCHAR A7BF
ENCODING 42943
SWIDTH 625 0
DWIDTH 10 0
BBX 8 13 1 0
BITMAP
10
10
10
00
C6
42
42
42
42
42
42
66
3B
ENDCHAR
STARTCHAR A7C0
ENCODING 42944
SWIDTH 562 0
DWIDTH 9 0
BBX 6 18 2 -3
BITMAP
10
10
10
78
CC
84
84
84
84
84
84
84
84
CC
78
10
10
10
ENDCHAR
STARTCHAR A7C1
ENCODING 42945
SWIDTH 562 0
DWIDTH 9 0
BBX 6 14 2 -3
BITMAP
10
10
10
78
CC
84
84
84
84
CC
78
10
10
10
ENDCHAR
STARTCHAR A7C4
ENCODING 42948
SWIDTH 625 0
DWIDTH 10 0
BBX 6 16 2 -3
BITMAP
74
CC
84
80
80
80
80
80
80
80
84
CC
74
04
0C
18
ENDCHAR
STARTCHAR A7C5
ENCODING 42949
SWIDTH 625 0
DWIDTH 10 0
BBX 6 16 2 -3
BITMAP
74
CC
84
80
80
E0
70
18
0C
04
84
CC
B8
80
80
E0
ENDCHAR
STARTCHAR A7C6
ENCODING 42950
SWIDTH 625 0
DWIDTH 10 0
BBX 6 17 2 -4
BITMAP
FC
8C
0C
18
18
10
30
20
60
40
C4
84
FC
04
04
0C
18
ENDCHAR
STARTCHAR A7C7
ENCODING 42951
SWIDTH 562 0
DWIDTH 9 0
BBX 7 13 1 0
BITMAP
F8
44
46
42
42
42
7E
42
42
42
42
44
F8
ENDCHAR
STARTCHAR A7C8
ENCODING 42952
SWIDTH 562 0
DWIDTH 9 0
BBX 8 13 1 0
BITMAP
06
02
02
02
7A
66
C2
C2
FE
C2
C2
66
7B
ENDCHAR
STARTCHAR A7C9
ENCODING 42953
SWIDTH 625 0
DWIDTH 10 0
BBX 8 13 1 0
BITMAP
3A
66
42
40
40
70
FF
0C
06
02
42
66
5C
ENDCHAR
STARTCHAR A7CA
ENCODING 42954
SWIDTH 625 0
DWIDTH 10 0
BBX 8 9 1 0
BITMAP
3A
66
42
60
FF
06
42
66
5C
ENDCHAR
STARTCHAR A7CB
ENCODING 42955
SWIDTH 625 0
DWIDTH 10 0
BBX 7 13 1 0
BITMAP
E6
BE
18
18
18
38
2C
24
24
24
24
3C
18
ENDCHAR
STARTCHAR A7CC
ENCODING 42956
SWIDTH 625 0
DWIDTH 10 0
BBX 6 15 2 -1
BITMAP
04
74
CC
8C
88
90
F0
70
38
2C
24
C4
CC
F8
80
ENDCHAR
STARTCHAR A7CD
ENCODING 42957
SWIDTH 625 0
DWIDTH 10 0
BBX 6 11 2 -1
BITMAP
04
7C
CC
94
D0
78
2C
A4
CC
F8
80
ENDCHAR
STARTCHAR A7CE
ENCODING 42958
SWIDTH 625 0
DWIDTH 10 0
BBX 6 13 2 0
BITMAP
78
CC
84
80
80
C0
60
20
30
10
10
10
78
ENDCHAR
STARTCHAR A7CF
ENCODING 42959
SWIDTH 625 0
DWIDTH 10 0
BBX 6 9 2 0
BITMAP
78
CC
80
80
C0
60
20
30
78
ENDCHAR
STARTCHAR A7DA
ENCODING 42970
SWIDTH 625 0
DWIDTH 10 0
BBX 8 13 1 0
BITMAP
3C
08
08
08
08
08
18
14
34
24
26
62
E7
ENDCHAR
STARTCHAR A7DB
ENCODING 42971
SWIDTH 625 0
DWIDTH 10 0
BBX 8 13 1 0
BITMAP
60
30
10
18
18
18
18
24
24
24
66
42
E7
ENDCHAR
STARTCHAR A7DC
ENCODING 42972
SWIDTH 625 0
DWIDTH 10 0
BBX 8 13 1 0
BITMAP
3E
08
08
3E
08
08
18
1C
14
26
22
62
E7
ENDCHAR
STARTCHAR A7F1
ENCODING 42993
SWIDTH 562 0
DWIDTH 9 0
BBX 5 8 2 5
BITMAP
F8
88
80
E0
30
08
88
F0
ENDCHAR
STARTCHAR A7F2
ENCODING 42994
SWIDTH 562 0
DWIDTH 9 0
BBX 5 9 2 6
BITMAP
68
D8
80
80
80
80
80
98
F0
ENDCHAR
STARTCHAR A7F3
ENCODING 42995
SWIDTH 625 0
DWIDTH 10 0
BBX 6 9 2 6
BITMAP
FC
44
40
40
78
40
40
40
E0
ENDCHAR
STARTCHAR A7F4
ENCODING 42996
SWIDTH 562 0
DWIDTH 9 0
BBX 5 9 2 6
BITMAP
70
D8
88
88
88
A8
98
98
F8
ENDCHAR
STARTCHAR A7F5
ENCODING 42997
SWIDTH 625 0
DWIDTH 10 0
BBX 6 13 2 0
BITMAP
3C
08
08
08
08
08
F8
88
08
08
08
08
3C
ENDCHAR
STARTCHAR A7F6
ENCODING 42998
SWIDTH 625 0
DWIDTH 10 0
BBX 6 9 2 0
BITMAP
3C
08
08
88
F8
08
08
08
3C
ENDCHAR
STARTCHAR A7F7
ENCODING 42999
SWIDTH 625 0
DWIDTH 10 0
BBX 8 6 1 1
BITMAP
81
81
FF
81
81
81
ENDCHAR
STARTCHAR A7F8
ENCODING 43000
SWIDTH 625 0
DWIDTH 10 0
BBX 6 6 2 5
BITMAP
CC
FC
7C
44
44
CC
ENDCHAR
STARTCHAR A7F9
ENCODING 43001
SWIDTH 562 0
DWIDTH 9 0
BBX 5 6 2 5
BITMAP
D8
A8
B8
A0
A8
D8
ENDCHAR
STARTCHAR A7FA
ENCODING 43002
SWIDTH 687 0
DWIDTH 11 0
BBX 9 9 1 0
BITMAP
C980
4900
4900
4900
4900
4900
4900
4900
FF80
ENDCHAR
STARTCHAR A7FB
ENCODING 43003
SWIDTH 625 0
DWIDTH 10 0
BBX 7 13 2 0
BITMAP
FE
88
08
08
08
08
78
08
08
08
08
08
1E
ENDCHAR
STARTCHAR A7FC
ENCODING 43004
SWIDTH 625 0
DWIDTH 10 0
BBX 7 13 2 0
BITMAP
7E
C4
84
84
84
84
C4
7C
04
04
04
04
1E
ENDCHAR
STARTCHAR A7FD
ENCODING 43005
SWIDTH 687 0
DWIDTH 11 0
BBX 9 13 1 0
BITMAP
E380
4100
4100
4100
4900
4900
5500
5500
5500
7500
6300
6300
E380
ENDCHAR
STARTCHAR A7FE
ENCODING 43006
SWIDTH 625 0
DWIDTH 10 0
BBX 6 16 2 0
BITMAP
FC
10
10
10
10
10
10
10
10
10
10
10
10
10
10
FC
ENDCHAR
STARTCHAR A7FF
ENCODING 43007
SWIDTH 687 0
DWIDTH 11 0
BBX 9 13 1 0
BITMAP
2580
2500
2D00
2D00
6D00
5D00
5D00
5F00
5B00
5B00
5A00
5A00
D200
ENDCHAR
STARTCHAR A92E
ENCODING 43310
SWIDTH 625 0
DWIDTH 10 0
BBX 6 3 2 3
BITMAP
20
F8
84
ENDCHAR
STARTCHAR AB30
ENCODING 43824
SWIDTH 687 0
DWIDTH 11 0
BBX 9 9 1 0
BITMAP
3D80
6300
6300
4100
FF80
4100
6300
6300
3D80
ENDCHAR
STARTCHAR AB31
ENCODING 43825
SWIDTH 562 0
DWIDTH 9 0
BBX 7 9 1 0
BITMAP
EC
D6
92
10
7E
92
92
96
EC
ENDCHAR
STARTCHAR AB32
ENCODING 43826
SWIDTH 625 0
DWIDTH 10 0
BBX 7 9 2 0
BITMAP
18
6C
86
8C
B0
C0
C0
E4
38
ENDCHAR
STARTCHAR AB33
ENCODING 43827
SWIDTH 562 0
DWIDTH 9 0
BBX 9 9 0 0
BITMAP
3E00
3200
6300
4100
7F00
4000
FF80
6300
3E00
ENDCHAR
STARTCHAR AB35
ENCODING 43829
SWIDTH 625 0
DWIDTH 10 0
BBX 7 13 2 0
BITMAP
1C
34
26
20
20
FC
20
20
20
20
20
20
20
ENDCHAR
STARTCHAR AB36
ENCODING 43830
SWIDTH 625 0
DWIDTH 10 0
BBX 8 13 2 -4
BITMAP
76
CC
84
84
84
84
84
CC
74
F4
8C
8E
7B
ENDCHAR
STARTCHAR AB37
ENCODING 43831
SWIDTH 625 0
DWIDTH 10 0
BBX 7 13 2 0
BITMAP
F0
10
10
14
16
12
7E
90
90
D0
10
10
FC
ENDCHAR
STARTCHAR AB38
ENCODING 43832
SWIDTH 625 0
DWIDTH 10 0
BBX 6 13 2 0
BITMAP
F0
10
10
10
74
58
30
58
58
10
10
10
FC
ENDCHAR
STARTCHAR AB39
ENCODING 43833
SWIDTH 625 0
DWIDTH 10 0
BBX 6 13 2 0
BITMAP
F0
10
10
10
38
7C
54
5C
78
10
10
10
FC
ENDCHAR
STARTCHAR AB3A
ENCODING 43834
SWIDTH 625 0
DWIDTH 10 0
BBX 9 9 1 0
BITMAP
F700
5B00
4900
4900
4900
4F80
4D00
4D00
CE00
ENDCHAR
STARTCHAR AB3B
ENCODING 43835
SWIDTH 625 0
DWIDTH 10 0
BBX 8 9 1 0
BITMAP
DC
66
42
42
42
4F
52
56
EC
ENDCHAR
STARTCHAR AB3C
ENCODING 43836
SWIDTH 625 0
DWIDTH 10 0
BBX 8 13 1 -4
BITMAP
DC
66
42
42
42
42
42
42
E2
0E
16
17
0D
ENDCHAR
STARTCHAR AB3D
ENCODING 43837
SWIDTH 625 0
DWIDTH 10 0
BBX 7 9 2 0
BITMAP
18
6C
86
86
82
82
C4
E8
30
ENDCHAR
STARTCHAR AB3E
ENCODING 43838
SWIDTH 625 0
DWIDTH 10 0
BBX 7 11 2 -1
BITMAP
04
1C
6C
8E
96
92
A2
E4
E8
70
80
ENDCHAR
STARTCHAR AB3F
ENCODING 43839
SWIDTH 562 0
DWIDTH 9 0
BBX 7 9 1 0
BITMAP
3E
66
CE
0A
12
32
E2
E6
FC
ENDCHAR
STARTCHAR AB40
ENCODING 43840
SWIDTH 562 0
DWIDTH 9 0
BBX 7 9 1 0
BITMAP
EC
B6
92
90
9E
92
92
B6
EC
ENDCHAR
STARTCHAR AB41
ENCODING 43841
SWIDTH 562 0
DWIDTH 9 0
BBX 7 9 1 0
BITMAP
6E
B6
96
16
FA
9A
9A
B6
FC
ENDCHAR
STARTCHAR AB42
ENCODING 43842
SWIDTH 562 0
DWIDTH 9 0
BBX 7 9 1 0
BITMAP
6C
B6
92
12
FE
92
92
B6
EC
ENDCHAR
STARTCHAR AB43
ENCODING 43843
SWIDTH 562 0
DWIDTH 9 0
BBX 7 9 1 0
BITMAP
5C
96
92
92
92
92
92
B6
EC
ENDCHAR
STARTCHAR AB44
ENCODING 43844
SWIDTH 562 0
DWIDTH 9 0
BBX 7 9 1 0
BITMAP
5E
96
96
96
9A
9A
9A
B6
FC
ENDCHAR
STARTCHAR AB45
ENCODING 43845
SWIDTH 687 0
DWIDTH 11 0
BBX 7 9 2 0
BITMAP
10
10
10
10
7C
C6
82
82
82
ENDCHAR
STARTCHAR AB46
ENCODING 43846
SWIDTH 625 0
DWIDTH 10 0
BBX 9 12 1 -3
BITMAP
FE00
4300
4100
4300
7E00
4800
4C00
4400
E600
0600
0200
0380
ENDCHAR
STARTCHAR AB47
ENCODING 43847
SWIDTH 562 0
DWIDTH 9 0
BBX 4 9 2 0
BITMAP
70
30
20
20
20
20
20
20
F0
ENDCHAR
STARTCHAR AB49
ENCODING 43849
SWIDTH 562 0
DWIDTH 9 0
BBX 8 9 0 0
BITMAP
76
1B
10
10
10
78
90
B0
70
ENDCHAR
STARTCHAR AB4B
ENCODING 43851
SWIDTH 625 0
DWIDTH 10 0
BBX 7 9 2 0
BITMAP
FC
84
04
04
04
04
04
04
1E
ENDCHAR
STARTCHAR AB4C
ENCODING 43852
SWIDTH 562 0
DWIDTH 9 0
BBX 6 9 1 0
BITMAP
F0
90
10
10
1C
14
14
1C
18
ENDCHAR
STARTCHAR AB4D
ENCODING 43853
SWIDTH 625 0
DWIDTH 10 0
BBX 6 13 2 0
BITMAP
0C
18
10
10
10
10
10
10
10
10
10
30
E0
ENDCHAR
STARTCHAR AB4E
ENCODING 43854
SWIDTH 625 0
DWIDTH 10 0
BBX 8 9 1 0
BITMAP
C0
40
40
42
42
42
42
66
3B
ENDCHAR
STARTCHAR AB4F
ENCODING 43855
SWIDTH 625 0
DWIDTH 10 0
BBX 8 9 1 0
BITMAP
C0
40
40
42
FF
42
42
66
3B
ENDCHAR
STARTCHAR AB52
ENCODING 43858
SWIDTH 625 0
DWIDTH 10 0
BBX 9 9 0 0
BITMAP
C300
6100
2100
2100
2100
2100
2100
3300
1D80
ENDCHAR
STARTCHAR AB53
ENCODING 43859
SWIDTH 625 0
DWIDTH 10 0
BBX 8 13 1 -4
BITMAP
E7
66
24
24
18
18
18
18
18
24
24
66
E7
ENDCHAR
STARTCHAR AB5B
ENCODING 43867
SWIDTH 562 0
DWIDTH 9 0
BBX 7 9 1 0
BITMAP
82
C6
44
7C
00
38
44
C6
82
ENDCHAR
STARTCHAR AB5C
ENCODING 43868
SWIDTH 625 0
DWIDTH 10 0
BBX 6 10 2 3
BITMAP
C0
40
78
44
44
44
44
C4
04
18
ENDCHAR
STARTCHAR AB5D
ENCODING 43869
SWIDTH 625 0
DWIDTH 10 0
BBX 5 8 3 5
BITMAP
E0
20
28
F8
A0
A0
20
F8
ENDCHAR
STARTCHAR AB5E
ENCODING 43870
SWIDTH 687 0
DWIDTH 11 0
BBX 5 8 3 5
BITMAP
E0
20
20
68
30
20
20
F8
ENDCHAR
STARTCHAR AB5F
ENCODING 43871
SWIDTH 562 0
DWIDTH 9 0
BBX 6 6 1 5
BITMAP
8C
44
44
44
44
3C
ENDCHAR
STARTCHAR AB60
ENCODING 43872
SWIDTH 625 0
DWIDTH 10 0
BBX 8 9 1 0
BITMAP
FC
48
48
48
4E
4B
49
4B
CE
ENDCHAR
STARTCHAR AB61
ENCODING 43873
SWIDTH 625 0
DWIDTH 10 0
BBX 8 9 1 0
BITMAP
E6
4B
49
49
7F
48
48
4B
E6
ENDCHAR
STARTCHAR AB62
ENCODING 43874
SWIDTH 562 0
DWIDTH 9 0
BBX 7 9 1 0
BITMAP
6C
B6
92
12
1E
10
90
B6
EC
ENDCHAR
STARTCHAR AB63
ENCODING 43875
SWIDTH 562 0
DWIDTH 9 0
BBX 8 9 0 0
BITMAP
CE
4B
49
49
49
49
49
5B
76
ENDCHAR
STARTCHAR AB64
ENCODING 43876
SWIDTH 625 0
DWIDTH 10 0
BBX 7 9 2 0
BITMAP
76
CC
84
84
84
84
84
CC
76
ENDCHAR
STARTCHAR AB65
ENCODING 43877
SWIDTH 625 0
DWIDTH 10 0
BBX 7 9 2 0
BITMAP
78
CC
86
86
86
86
C4
7C
FE
ENDCHAR
STARTCHAR AB66
ENCODING 43878
SWIDTH 562 0
DWIDTH 9 0
BBX 8 17 1 -4
BITMAP
20
20
20
20
FE
A6
A6
A4
AC
A8
B8
B2
FE
02
02
02
01
ENDCHAR
STARTCHAR AB67
ENCODING 43879
SWIDTH 562 0
DWIDTH 9 0
BBX 8 17 0 -4
BITMAP
20
20
20
20
FF
25
25
24
22
21
25
35
1F
04
04
04
06
ENDCHAR
STARTCHAR AB68
ENCODING 43880
SWIDTH 562 0
DWIDTH 9 0
BBX 7 9 1 0
BITMAP
3E
08
08
1A
2E
2C
98
D8
EE
ENDCHAR
STARTCHAR AB69
ENCODING 43881
SWIDTH 625 0
DWIDTH 10 0
BBX 6 6 2 5
BITMAP
48
78
78
78
C8
CC
ENDCHAR
STARTCHAR AB6A
ENCODING 43882
SWIDTH 625 0
DWIDTH 10 0
BBX 4 4 3 3
BITMAP
10
F0
10
10
ENDCHAR
STARTCHAR AB6B
ENCODING 43883
SWIDTH 625 0
DWIDTH 10 0
BBX 4 4 3 3
BITMAP
80
F0
80
80
ENDCHAR
STARTCHAR E0A0
ENCODING 57504
SWIDTH 625 0
DWIDTH 10 0
BBX 7 14 2 -2
BITMAP
80
86
8E
8E
84
84
84
84
84
8C
F8
A0
80
80
ENDCHAR
STARTCHAR E0A1
ENCODING 57505
SWIDTH 625 0
DWIDTH 10 0
BBX 6 15 2 -2
BITMAP
C0
80
80
80
80
80
F0
00
4C
68
68
58
58
58
48
ENDCHAR
STARTCHAR E0A2
ENCODING 57506
SWIDTH 625 0
DWIDTH 10 0
BBX 8 14 1 -2
BITMAP
3C
46
42
42
42
FF
FF
E7
E7
E7
E7
E7
FF
FF
ENDCHAR
STARTCHAR E0A3
ENCODING 57507
SWIDTH 625 0
DWIDTH 10 0
BBX 6 15 2 -2
BITMAP
70
90
80
80
80
90
60
00
4C
68
68
58
58
48
48
ENDCHAR
STARTCHAR E0AE
ENCODING 57518
SWIDTH 625 0
DWIDTH 10 0
BBX 10 1 0 -4
BITMAP
FFC0
ENDCHAR
STARTCHAR E0AF
ENCODING 57519
SWIDTH 625 0
DWIDTH 10 0
BBX 10 1 0 14
BITMAP
FFC0
ENDCHAR
STARTCHAR E0B0
ENCODING 57520
SWIDTH 625 0
DWIDTH 10 0
BBX 10 19 0 -5
BITMAP
8000
C000
E000
F000
F800
FC00
FE00
FF00
FF80
FFC0
FF80
FF00
FE00
FC00
F800
F000
E000
C000
8000
ENDCHAR
STARTCHAR E0B1
ENCODING 57521
SWIDTH 625 0
DWIDTH 10 0
BBX 11 19 -1 -5
BITMAP
C000
6000
3000
1800
0C00
0600
0300
0180
00C0
0060
00C0
0180
0300
0600
0C00
1800
3000
6000
4000
ENDCHAR
STARTCHAR E0B2
ENCODING 57522
SWIDTH 625 0
DWIDTH 10 0
BBX 10 19 0 -5
BITMAP
0040
00C0
01C0
03C0
07C0
0FC0
1FC0
3FC0
7FC0
FFC0
7FC0
3FC0
1FC0
0FC0
07C0
03C0
01C0
00C0
0040
ENDCHAR
STARTCHAR E0B3
ENCODING 57523
SWIDTH 625 0
DWIDTH 10 0
BBX 10 19 0 -5
BITMAP
0040
0080
0100
0200
0400
0800
1000
2000
6000
C000
4000
2000
1000
0800
0400
0200
0100
0080
0040
ENDCHAR
STARTCHAR E0B4
ENCODING 57524
SWIDTH 625 0
DWIDTH 10 0
BBX 10 20 0 -5
BITMAP
E000
F800
FC00
FE00
FF00
FF80
FF80
FF80
FFC0
FFC0
FFC0
FFC0
FF80
FF80
FF80
FF00
FE00
FC00
F800
E000
ENDCHAR
STARTCHAR E0B5
ENCODING 57525
SWIDTH 625 0
DWIDTH 10 0
BBX 10 20 0 -5
BITMAP
E000
1800
0600
0300
0100
0080
0080
00C0
0040
0040
0040
0040
0040
0080
0080
0100
0300
0600
1800
E000
ENDCHAR
STARTCHAR E0B6
ENCODING 57526
SWIDTH 625 0
DWIDTH 10 0
BBX 10 20 0 -5
BITMAP
01C0
07C0
1FC0
3FC0
3FC0
7FC0
7FC0
FFC0
FFC0
FFC0
FFC0
FFC0
FFC0
7FC0
7FC0
3FC0
3FC0
1FC0
07C0
01C0
ENDCHAR
STARTCHAR E0B7
ENCODING 57527
SWIDTH 625 0
DWIDTH 10 0
BBX 10 20 0 -5
BITMAP
01C0
0600
1800
3000
2000
4000
4000
8000
8000
8000
8000
8000
8000
4000
4000
2000
3000
1800
0600
01C0
ENDCHAR
STARTCHAR E0B8
ENCODING 57528
SWIDTH 625 0
DWIDTH 10 0
BBX 10 20 0 -5
BITMAP
8000
8000
8000
C000
C000
E000
E000
F000
F000
F800
F800
FC00
FC00
FE00
FE00
FF00
FF00
FF80
FF80
FFC0
ENDCHAR
STARTCHAR E0B9
ENCODING 57529
SWIDTH 625 0
DWIDTH 10 0
BBX 11 20 -1 -5
BITMAP
8000
4000
4000
2000
2000
1000
1000
0800
0800
0400
0400
0600
0200
0300
0100
0180
0080
00C0
0040
0060
ENDCHAR
STARTCHAR E0BA
ENCODING 57530
SWIDTH 625 0
DWIDTH 10 0
BBX 10 20 0 -5
BITMAP
0040
0040
00C0
00C0
01C0
01C0
03C0
03C0
07C0
07C0
0FC0
0FC0
1FC0
1FC0
3FC0
3FC0
7FC0
7FC0
7FC0
FFC0
ENDCHAR
STARTCHAR E0BB
ENCODING 57531
SWIDTH 625 0
DWIDTH 10 0
BBX 10 20 -1 -5
BITMAP
0040
0040
00C0
0080
0180
0100
0300
0200
0200
0400
0400
0800
0800
1000
1000
2000
2000
4000
4000
C000
ENDCHAR
STARTCHAR E0BC
ENCODING 57532
SWIDTH 625 0
DWIDTH 10 0
BBX 9 19 0 -5
BITMAP
FF80
FF80
FF00
FF00
FE00
FE00
FC00
FC00
F800
F800
F000
F000
E000
E000
C000
C000
8000
8000
8000
ENDCHAR
STARTCHAR E0BD
ENCODING 57533
SWIDTH 625 0
DWIDTH 10 0
BBX 10 20 0 -5
BITMAP
0040
0040
0080
0080
0100
0100
0300
0200
0600
0400
0C00
0800
1800
1000
3000
2000
6000
4000
C000
8000
ENDCHAR
STARTCHAR E0BE
ENCODING 57534
SWIDTH 625 0
DWIDTH 10 0
BBX 10 19 0 -5
BITMAP
FFC0
7FC0
7FC0
3FC0
3FC0
1FC0
1FC0
0FC0
0FC0
07C0
07C0
03C0
03C0
01C0
01C0
00C0
00C0
0040
0040
ENDCHAR
STARTCHAR E0BF
ENCODING 57535
SWIDTH 625 0
DWIDTH 10 0
BBX 10 20 0 -5
BITMAP
8000
C000
4000
6000
2000
3000
1000
1800
0800
0C00
0400
0400
0200
0200
0100
0100
0080
0080
0040
0040
ENDCHAR
STARTCHAR E5FA
ENCODING 58874
SWIDTH 625 0
DWIDTH 10 0
BBX 14 11 0 0
BITMAP
FE00
FF00
FFFC
FFFC
F7FC
F5EC
F5EC
F7EC
F1FC
FFFC
FFFC
ENDCHAR
STARTCHAR E5FB
ENCODING 58875
SWIDTH 625 0
DWIDTH 10 0
BBX 14 11 0 0
BITMAP
FC00
FF00
FDFC
FCFC
F27C
E33C
E2BC
F23C
FA7C
FDFC
FFFC
ENDCHAR
STARTCHAR E5FC
ENCODING 58876
SWIDTH 625 0
DWIDTH 10 0
BBX 14 11 0 0
BITMAP
FE00
FFFC
FFFC
F87C
F03C
E31C
F7BC
E31C
F87C
F97C
FFFC
ENDCHAR
STARTCHAR E5FD
ENCODING 58877
SWIDTH 625 0
DWIDTH 10 0
BBX 14 11 0 0
BITMAP
FE00
FF00
FFFC
F33C
F01C
E01C
EFDC
EB5C
EB5C
FCFC
FFFC
ENDCHAR
STARTCHAR E5FE
ENCODING 58878
SWIDTH 625 0
DWIDTH 10 0
BBX 14 11 0 0
BITMAP
F800
FC00
FFE0
C000
BFFC
BFF8
BFF8
FFF8
FFF0
FFF0
FFF0
ENDCHAR
STARTCHAR E5FF
ENCODING 58879
SWIDTH 625 0
DWIDTH 10 0
BBX 14 11 0 0
BITMAP
FE00
FFFC
FFFC
FFFC
FFFC
FFFC
FFFC
FFFC
FFFC
FFFC
FFFC
ENDCHAR
STARTCHAR E600
ENCODING 58880
SWIDTH 625 0
DWIDTH 10 0
BBX 11 15 0 -2
BITMAP
0020
0040
0080
0100
0100
0200
0E00
0A00
0A00
0800
1000
1000
2000
4000
C000
ENDCHAR
STARTCHAR E601
ENCODING 58881
SWIDTH 625 0
DWIDTH 10 0
BBX 14 13 0 -1
BITMAP
F800
0000
0000
7E00
0000
0000
1EF8
1EF8
0000
1F7C
0000
0000
7E00
ENDCHAR
STARTCHAR E602
ENCODING 58882
SWIDTH 625 0
DWIDTH 10 0
BBX 9 13 0 -2
BITMAP
C000
E000
F000
FC00
FE00
FF00
FF80
FF00
FE00
F800
F000
E000
C000
ENDCHAR
STARTCHAR E603
ENCODING 58883
SWIDTH 625 0
DWIDTH 10 0
BBX 12 14 0 -1
BITMAP
07E0
1830
2030
4020
8040
8780
4000
2200
1C00
1800
2800
4800
7000
6000
ENDCHAR
STARTCHAR E604
ENCODING 58884
SWIDTH 625 0
DWIDTH 10 0
BBX 14 14 0 -1
BITMAP
0040
0370
01FC
0BC0
0780
0F40
0F80
3F80
1F00
1F80
3F00
FF00
3FC0
3F00
ENDCHAR
STARTCHAR E605
ENCODING 58885
SWIDTH 625 0
DWIDTH 10 0
BBX 14 14 0 -2
BITMAP
0778
0F9C
1FEC
3F74
7F08
7E78
7DFC
7BB4
C3AC
3658
BF98
EF68
4CF0
2100
ENDCHAR
STARTCHAR E606
ENCODING 58886
SWIDTH 625 0
DWIDTH 10 0
BBX 14 14 0 -2
BITMAP
0700
0FC0
17C0
09C0
7FD0
FFD8
FF9C
F03C
EFFC
EFF8
6FF8
0FC0
0F40
0FC0
ENDCHAR
STARTCHAR E607
ENCODING 58887
SWIDTH 625 0
DWIDTH 10 0
BBX 9 14 0 -2
BITMAP
C180
C380
C300
C000
C000
DF00
FF80
E180
0180
0180
8180
C180
C180
8180
ENDCHAR
STARTCHAR E608
ENCODING 58888
SWIDTH 625 0
DWIDTH 10 0
BBX 14 9 0 1
BITMAP
7DE0
7FF8
FFF8
BDFC
F7F8
BFF0
6FF0
3630
2630
ENDCHAR
STARTCHAR E609
ENCODING 58889
SWIDTH 625 0
DWIDTH 10 0
BBX 12 13 0 -2
BITMAP
1040
1DC0
1FC0
1FC0
1FC0
1FC0
1FC0
FFF0
7FE0
3FC0
1F80
0F00
0600
ENDCHAR
STARTCHAR E60A
ENCODING 58890
SWIDTH 625 0
DWIDTH 10 0
BBX 8 14 1 -1
BITMAP
38
44
44
70
AC
FC
FC
FC
7C
B4
AC
E6
E7
E2
ENDCHAR
STARTCHAR E60B
ENCODING 58891
SWIDTH 625 0
DWIDTH 10 0
BBX 13 15 0 -2
BITMAP
1840
3870
6030
6030
6030
6030
6030
E018
E038
6030
6030
6030
6030
3870
0800
ENDCHAR
STARTCHAR E60C
ENCODING 58892
SWIDTH 625 0
DWIDTH 10 0
BBX 14 11 0 0
BITMAP
1878
18F8
19C0
19C0
19E0
18F8
183C
180C
191C
F9F8
E1F0
ENDCHAR
STARTCHAR E60D
ENCODING 58893
SWIDTH 625 0
DWIDTH 10 0
BBX 14 12 0 -1
BITMAP
FFC0
8000
BFFC
A004
A034
A074
A034
A604
2F24
3F74
3FFC
3FFC
ENDCHAR
STARTCHAR E60E
ENCODING 58894
SWIDTH 625 0
DWIDTH 10 0
BBX 14 11 0 0
BITMAP
0840
1860
3870
7038
E01C
8004
C00C
7038
3870
1860
0840
ENDCHAR
STARTCHAR E60F
ENCODING 58895
SWIDTH 625 0
DWIDTH 10 0
BBX 14 3 0 3
BITMAP
4FE0
BFF4
F87C
ENDCHAR
STARTCHAR E610
ENCODING 58896
SWIDTH 625 0
DWIDTH 10 0
BBX 7 14 1 -2
BITMAP
40
20
20
7C
FE
7C
7C
7C
7C
7C
7C
38
38
38
ENDCHAR
STARTCHAR E611
ENCODING 58897
SWIDTH 625 0
DWIDTH 10 0
BBX 12 14 0 -2
BITMAP
76E0
3FC0
7FE0
7FE0
7FE0
FFF0
7FE0
3FC0
3FE0
FFE0
7FE0
7FC0
1F80
0600
ENDCHAR
STARTCHAR E612
ENCODING 58898
SWIDTH 625 0
DWIDTH 10 0
BBX 13 15 0 -2
BITMAP
FFF8
FFF8
0000
0000
0000
FFE0
FFE0
0000
0000
FFF8
FFF8
0000
0000
FF00
FF00
ENDCHAR
STARTCHAR E613
ENCODING 58899
SWIDTH 625 0
DWIDTH 10 0
BBX 14 12 0 0
BITMAP
FE00
FE00
FFFC
FFFC
FFFC
FFFC
FFFC
FFFC
FFFC
FFFC
FFFC
FFFC
ENDCHAR
STARTCHAR E614
ENCODING 58900
SWIDTH 625 0
DWIDTH 10 0
BBX 14 15 0 -2
BITMAP
0E30
0E30
0E70
0C70
7FFC
7FFC
1CE0
1CE0
1CE0
FFF8
FFF8
38C0
39C0
39C0
31C0
ENDCHAR
STARTCHAR E615
ENCODING 58901
SWIDTH 625 0
DWIDTH 10 0
BBX 14 13 0 -1
BITMAP
0CE0
0FE0
1FE0
7FFC
F87C
7038
3038
303C
787C
7FFC
5FF0
0FE0
0EE0
ENDCHAR
STARTCHAR E616
ENCODING 58902
SWIDTH 625 0
DWIDTH 10 0
BBX 14 5 0 3
BITMAP
FFFC
AAA4
AAB4
A8B4
5F48
ENDCHAR
STARTCHAR E617
ENCODING 58903
SWIDTH 625 0
DWIDTH 10 0
BBX 13 14 0 -1
BITMAP
0200
0F80
1FC0
3FE0
FFF8
FFF8
FDF8
F8F8
F078
F078
F078
F078
F078
C018
ENDCHAR
STARTCHAR E618
ENCODING 58904
SWIDTH 625 0
DWIDTH 10 0
BBX 14 11 0 0
BITMAP
0840
1860
3870
7038
E01C
8004
C00C
7018
3870
1860
0840
ENDCHAR
STARTCHAR E619
ENCODING 58905
SWIDTH 625 0
DWIDTH 10 0
BBX 14 14 0 -2
BITMAP
F000
FC00
FF00
0F80
E3C0
F9E0
FCF0
3E70
0F38
0738
639C
F39C
F39C
619C
ENDCHAR
STARTCHAR E61A
ENCODING 58906
SWIDTH 625 0
DWIDTH 10 0
BBX 14 13 0 -1
BITMAP
0E00
3F30
73D0
7E60
F2E0
FFC0
FE7C
FC1C
E0F8
41E0
6100
3F00
0700
ENDCHAR
STARTCHAR E61B
ENCODING 58907
SWIDTH 625 0
DWIDTH 10 0
BBX 14 11 0 0
BITMAP
09C0
0EE4
7038
4FC4
7FFC
7FF8
BFF8
9FF0
DFE0
6FE0
0FC0
ENDCHAR
STARTCHAR E61C
ENCODING 58908
SWIDTH 625 0
DWIDTH 10 0
BBX 9 14 0 -1
BITMAP
0180
0200
0200
0400
0400
0400
0400
0600
9400
8C00
4C00
4C00
4C00
C000
ENDCHAR
STARTCHAR E61D
ENCODING 58909
SWIDTH 625 0
DWIDTH 10 0
BBX 13 14 0 -1
BITMAP
0600
0F80
3FE0
F0F0
E078
C278
CFE8
CF48
C7E8
E078
E078
78E0
1FC0
0700
ENDCHAR
STARTCHAR E61E
ENCODING 58910
SWIDTH 625 0
DWIDTH 10 0
BBX 13 14 0 -1
BITMAP
0600
0F80
3FC0
F0F0
E078
E038
C778
CFF8
CFF8
C078
E070
70E0
1F80
0700
ENDCHAR
STARTCHAR E61F
ENCODING 58911
SWIDTH 625 0
DWIDTH 10 0
BBX 14 10 0 0
BITMAP
EC00
6E00
3600
3B7C
1F80
1BBC
3FDC
36E0
6E60
FC30
ENDCHAR
STARTCHAR E620
ENCODING 58912
SWIDTH 625 0
DWIDTH 10 0
BBX 14 15 0 -2
BITMAP
0008
001C
0F3C
3FD8
7E20
7E20
FE30
FE30
FFF0
FFF0
FFF0
7FE0
7FE0
3FC0
0F00
ENDCHAR
STARTCHAR E621
ENCODING 58913
SWIDTH 625 0
DWIDTH 10 0
BBX 1 9 4 2
BITMAP
80
00
80
00
80
00
80
00
80
ENDCHAR
STARTCHAR E622
ENCODING 58914
SWIDTH 625 0
DWIDTH 10 0
BBX 11 14 0 -2
BITMAP
F3E0
F3C0
F780
FF80
FF00
FE00
7E00
7E00
7F00
7F00
3780
33C0
33C0
11E0
ENDCHAR
STARTCHAR E623
ENCODING 58915
SWIDTH 625 0
DWIDTH 10 0
BBX 13 13 0 -1
BITMAP
0200
0300
0300
0780
0FE0
FFF8
3FF0
1FE0
1FE0
1FE0
1FE0
1CE0
1020
ENDCHAR
STARTCHAR E624
ENCODING 58916
SWIDTH 625 0
DWIDTH 10 0
BBX 14 13 0 -1
BITMAP
0780
0FC0
0FC0
0FC0
0FC0
0780
0000
7878
FCFC
FCFC
FCFC
FCFC
7878
ENDCHAR
STARTCHAR E625
ENCODING 58917
SWIDTH 625 0
DWIDTH 10 0
BBX 14 13 0 -1
BITMAP
1860
37A0
2120
2320
3FE0
5878
8B44
9B64
78B8
27E0
2320
2320
1CE0
ENDCHAR
STARTCHAR E626
ENCODING 58918
SWIDTH 625 0
DWIDTH 10 0
BBX 10 15 0 -2
BITMAP
0E00
FFC0
EDC0
D680
BC80
9C40
8840
8040
8040
8040
8040
80C0
8080
4080
7F80
ENDCHAR
STARTCHAR E627
ENCODING 58919
SWIDTH 625 0
DWIDTH 10 0
BBX 10 14 0 -2
BITMAP
0400
7F40
DDC0
7A80
7B80
7B80
7F80
7F80
7FC0
7FC0
7FC0
7F80
7F80
3F80
ENDCHAR
STARTCHAR E628
ENCODING 58920
SWIDTH 625 0
DWIDTH 10 0
BBX 14 9 0 1
BITMAP
FCF8
318C
318C
31E0
30F8
301C
318C
318C
30F8
ENDCHAR
STARTCHAR E629
ENCODING 58921
SWIDTH 625 0
DWIDTH 10 0
BBX 13 14 0 -2
BITMAP
27E0
3700
3EE0
3A20
3BE0
0000
FFF0
FDD0
DFE0
D6F0
D678
DDF8
FFF8
0360
ENDCHAR
STARTCHAR E62A
ENCODING 58922
SWIDTH 625 0
DWIDTH 10 0
BBX 14 14 0 -2
BITMAP
FFFC
FFFC
FFFC
FFFC
FFFC
FFFC
0000
FFFC
FFFC
FFFC
FFFC
FFFC
FFFC
FFFC
ENDCHAR
STARTCHAR E62B
ENCODING 58923
SWIDTH 625 0
DWIDTH 10 0
BBX 14 13 0 -1
BITMAP
FCFC
FC7C
78F8
79F0
7BE0
7FC0
7F80
7F00
7E00
7C00
7800
7000
6000
ENDCHAR
STARTCHAR E62C
ENCODING 58924
SWIDTH 625 0
DWIDTH 10 0
BBX 14 14 0 -1
BITMAP
FEFC
FF7C
FFBC
E05C
FFEC
FF74
FEF8
FDFC
FBF8
F7F4
EFEC
DFFC
BFFC
7FFC
ENDCHAR
STARTCHAR E62D
ENCODING 58925
SWIDTH 625 0
DWIDTH 10 0
BBX 9 14 0 -2
BITMAP
0800
1800
3800
7C00
7E00
7F00
FF00
FF80
FF80
FF80
FF80
7F00
2F00
1C00
ENDCHAR
STARTCHAR E62E
ENCODING 58926
SWIDTH 625 0
DWIDTH 10 0
BBX 13 14 0 -1
BITMAP
0200
0500
0280
79B0
8688
9848
2050
4250
A040
9040
CC58
8398
08E0
0700
ENDCHAR
STARTCHAR E62F
ENCODING 58927
SWIDTH 625 0
DWIDTH 10 0
BBX 14 13 0 -2
BITMAP
0F80
1FF0
3FF0
79F8
81F8
83F8
C3F8
63FC
73FC
7FF8
3FF0
3FE0
07C0
ENDCHAR
STARTCHAR E630
ENCODING 58928
SWIDTH 625 0
DWIDTH 10 0
BBX 14 8 0 1
BITMAP
0030
0788
0004
2788
4010
C000
6780
3000
ENDCHAR
STARTCHAR E631
ENCODING 58929
SWIDTH 625 0
DWIDTH 10 0
BBX 9 13 0 -1
BITMAP
F000
9000
9000
F800
0C00
0780
0780
0780
0F80
1800
F000
9000
F000
ENDCHAR
STARTCHAR E632
ENCODING 58930
SWIDTH 625 0
DWIDTH 10 0
BBX 14 14 0 -1
BITMAP
1FC0
3E30
7D38
73F8
F3FC
FCFC
F0FC
E7FC
E7FC
7018
7F78
3FF0
1FE0
0300
ENDCHAR
STARTCHAR E633
ENCODING 58931
SWIDTH 625 0
DWIDTH 10 0
BBX 13 13 0 -2
BITMAP
0080
0080
0080
0700
1FF8
7FF8
FFF0
FE00
FE00
FF00
3F80
3FC0
0040
ENDCHAR
STARTCHAR E634
ENCODING 58932
SWIDTH 625 0
DWIDTH 10 0
BBX 14 14 0 -2
BITMAP
FFF8
FFF0
FFE0
FFC0
FF80
FF00
FE00
FF00
FF80
FFC0
FFE0
FFF0
FFF8
FFFC
ENDCHAR
STARTCHAR E635
ENCODING 58933
SWIDTH 625 0
DWIDTH 10 0
BBX 12 14 0 -2
BITMAP
0180
0300
0200
3FE0
7FE0
FFC0
FFC0
FFC0
FFE0
FFE0
7FF0
7FE0
3FC0
1080
ENDCHAR
STARTCHAR E636
ENCODING 58934
SWIDTH 625 0
DWIDTH 10 0
BBX 10 13 1 -2
BITMAP
2100
3300
3300
3300
3300
3300
3300
F3C0
73C0
7380
3F00
1E00
0C00
ENDCHAR
STARTCHAR E637
ENCODING 58935
SWIDTH 625 0
DWIDTH 10 0
BBX 14 5 0 3
BITMAP
2764
646C
536C
70D4
8FC4
ENDCHAR
STARTCHAR E638
ENCODING 58936
SWIDTH 625 0
DWIDTH 10 0
BBX 14 11 0 0
BITMAP
0110
0728
0F28
FF54
FF54
FF54
FF54
FF54
0F28
0728
0310
ENDCHAR
STARTCHAR E639
ENCODING 58937
SWIDTH 625 0
DWIDTH 10 0
BBX 12 14 0 -2
BITMAP
0FE0
1E30
2C60
0CE0
0980
1FC0
1CC0
30C0
2180
6600
5C00
E000
8000
8000
ENDCHAR
STARTCHAR E63A
ENCODING 58938
SWIDTH 625 0
DWIDTH 10 0
BBX 14 13 0 -1
BITMAP
1020
3870
7CF8
FCF8
FB7C
F7AC
EFDC
6F98
2F50
0EC0
0FC0
0780
0300
ENDCHAR
STARTCHAR E63B
ENCODING 58939
SWIDTH 625 0
DWIDTH 10 0
BBX 14 13 0 -1
BITMAP
0380
0600
0600
0780
0C00
1C00
1C00
3800
7FF8
DFCC
8FC4
FFCC
1FF8
ENDCHAR
STARTCHAR E63C
ENCODING 58940
SWIDTH 625 0
DWIDTH 10 0
BBX 14 8 0 1
BITMAP
6380
EFC0
EC60
6C00
6C00
6E00
67FC
63FC
ENDCHAR
STARTCHAR E63D
ENCODING 58941
SWIDTH 625 0
DWIDTH 10 0
BBX 14 11 0 0
BITMAP
3FF0
FFFC
FFFC
FFFC
FEFC
3E00
0000
81E4
E1FC
FE18
3E00
ENDCHAR
STARTCHAR E63E
ENCODING 58942
SWIDTH 625 0
DWIDTH 10 0
BBX 14 13 0 -1
BITMAP
0300
0120
0B30
0F78
277C
7300
0300
03BC
F9BC
F99C
FD9C
FDD0
F1C0
ENDCHAR
STARTCHAR E63F
ENCODING 58943
SWIDTH 625 0
DWIDTH 10 0
BBX 14 13 0 -1
BITMAP
0018
003C
0038
0078
00F0
00E0
61E0
F3C0
FB80
7F80
3F00
1E00
0E00
ENDCHAR
STARTCHAR E640
ENCODING 58944
SWIDTH 625 0
DWIDTH 10 0
BBX 14 15 0 -2
BITMAP
3FF0
FFFC
C00C
C00C
C00C
C00C
C00C
C00C
C00C
C00C
C00C
C00C
C00C
FFFC
3FF0
ENDCHAR
STARTCHAR E641
ENCODING 58945
SWIDTH 625 0
DWIDTH 10 0
BBX 14 13 0 -1
BITMAP
0FC0
3070
6218
4208
C24C
8284
8304
8004
C008
4008
6010
3820
0FC0
ENDCHAR
STARTCHAR E642
ENCODING 58946
SWIDTH 625 0
DWIDTH 10 0
BBX 14 15 0 -2
BITMAP
0300
1FE0
3FF0
0078
3038
6C1C
FC1C
FC1C
EE1C
EA18
7330
7800
3FF0
1FE0
0300
ENDCHAR
STARTCHAR E643
ENCODING 58947
SWIDTH 625 0
DWIDTH 10 0
BBX 14 7 0 2
BITMAP
0040
00E0
1DF0
3EB8
7F1C
F388
6180
ENDCHAR
STARTCHAR E644
ENCODING 58948
SWIDTH 625 0
DWIDTH 10 0
BBX 13 14 0 -2
BITMAP
0180
07E0
0C30
0818
0818
1808
0818
0C10
0FF0
1FC0
3800
7000
6000
C000
ENDCHAR
STARTCHAR E645
ENCODING 58949
SWIDTH 625 0
DWIDTH 10 0
BBX 14 10 0 0
BITMAP
001C
003C
0030
0060
7878
F878
C0C0
C1C0
FF80
7F00
ENDCHAR
STARTCHAR E646
ENCODING 58950
SWIDTH 625 0
DWIDTH 10 0
BBX 14 13 0 -1
BITMAP
0F00
3F80
7F80
7100
F110
E110
E7BC
E110
F010
7100
7F80
3F80
0F00
ENDCHAR
STARTCHAR E647
ENCODING 58951
SWIDTH 625 0
DWIDTH 10 0
BBX 12 13 0 -2
BITMAP
0F00
1FC0
7FE0
FFF0
F6F0
E670
CFB0
EF30
F6F0
FFF0
7FE0
3FC0
0F00
ENDCHAR
STARTCHAR E648
ENCODING 58952
SWIDTH 625 0
DWIDTH 10 0
BBX 14 13 0 -1
BITMAP
0F00
3FC0
7F98
7018
F07C
E028
E028
E07C
F030
7830
7F80
3F80
0F00
ENDCHAR
STARTCHAR E649
ENCODING 58953
SWIDTH 625 0
DWIDTH 10 0
BBX 11 15 0 -2
BITMAP
0300
1FE0
3FE0
7820
F000
F000
F000
E000
F000
F000
F000
7820
3FE0
1FE0
0300
ENDCHAR
STARTCHAR E64A
ENCODING 58954
SWIDTH 625 0
DWIDTH 10 0
BBX 14 13 0 -1
BITMAP
FFFC
FFFC
FFFC
C20C
FFFC
C20C
FFFC
C20C
FFFC
C20C
FFFC
FFFC
FFFC
ENDCHAR
STARTCHAR E64B
ENCODING 58955
SWIDTH 625 0
DWIDTH 10 0
BBX 14 13 0 -1
BITMAP
0E00
3F80
7F80
7100
F000
E3E8
E3B8
E3BC
F040
7100
7F80
3F80
0F00
ENDCHAR
STARTCHAR E64C
ENCODING 58956
SWIDTH 625 0
DWIDTH 10 0
BBX 14 15 0 -2
BITMAP
0100
0680
1840
3FE0
6FF0
67F8
63FC
E1FC
E0FC
E07C
603C
201C
1010
0810
07F0
ENDCHAR
STARTCHAR E64D
ENCODING 58957
SWIDTH 625 0
DWIDTH 10 0
BBX 14 14 0 -2
BITMAP
FFF8
FFFC
FFFC
FFFC
7FF0
800C
FFFC
FFFC
7FF0
0004
FFFC
FFFC
FFF8
0200
ENDCHAR
STARTCHAR E64E
ENCODING 58958
SWIDTH 625 0
DWIDTH 10 0
BBX 13 15 0 -2
BITMAP
FFF8
FFF8
0000
0000
0000
FE00
FE00
0000
0000
FFF8
FFF8
0000
0000
FFC0
FFC0
ENDCHAR
STARTCHAR E64F
ENCODING 58959
SWIDTH 625 0
DWIDTH 10 0
BBX 13 11 1 0
BITMAP
0700
0F80
3FE0
F8F8
F8F8
7DF0
3FE0
4010
3FE0
3FE0
0F80
ENDCHAR
STARTCHAR E650
ENCODING 58960
SWIDTH 625 0
DWIDTH 10 0
BBX 14 9 0 1
BITMAP
0300
1F00
1F18
3F9C
FFF8
FFF0
F7E0
6FC0
3F80
ENDCHAR
STARTCHAR E651
ENCODING 58961
SWIDTH 625 0
DWIDTH 10 0
BBX 13 13 0 -1
BITMAP
FF80
FFE0
E1F0
E070
E078
E078
E078
E078
E078
E070
E1F0
FFE0
FFC0
ENDCHAR
STARTCHAR E652
ENCODING 58962
SWIDTH 625 0
DWIDTH 10 0
BBX 13 14 0 -1
BITMAP
1C00
1C00
3C00
3F30
7FF8
7FF0
7FF0
FFE0
FFC0
FF80
FF00
FC00
F800
4000
ENDCHAR
STARTCHAR E653
ENCODING 58963
SWIDTH 625 0
DWIDTH 10 0
BBX 9 14 0 -2
BITMAP
0800
1800
3C00
2000
4E00
4F00
6380
F980
F980
8380
6780
5F80
3F00
0C00
ENDCHAR
STARTCHAR E654
ENCODING 58964
SWIDTH 625 0
DWIDTH 10 0
BBX 14 11 0 0
BITMAP
0200
0300
0780
0480
0CC0
1CE0
1CE0
3FF0
3CF0
7CF8
FFFC
ENDCHAR
STARTCHAR E655
ENCODING 58965
SWIDTH 625 0
DWIDTH 10 0
BBX 14 12 0 -1
BITMAP
1FE0
1EF0
3870
2398
6FD8
EFDC
6FDC
6FD8
2318
3870
1EF0
1FE0
ENDCHAR
STARTCHAR E656
ENCODING 58966
SWIDTH 625 0
DWIDTH 10 0
BBX 8 13 1 -2
BITMAP
10
18
3C
7C
7E
FE
FF
3C
93
46
3C
38
18
ENDCHAR
STARTCHAR E657
ENCODING 58967
SWIDTH 625 0
DWIDTH 10 0
BBX 10 13 0 -1
BITMAP
2000
6000
7C80
6D80
7F80
5F80
7F80
BFC0
7FC0
FFC0
FFC0
7F80
1E00
ENDCHAR
STARTCHAR E658
ENCODING 58968
SWIDTH 625 0
DWIDTH 10 0
BBX 14 13 0 -1
BITMAP
17C0
6030
F838
7C18
FC1C
F81C
F01C
FF1C
FE38
7C78
7FF8
3FF0
0FE0
ENDCHAR
STARTCHAR E659
ENCODING 58969
SWIDTH 625 0
DWIDTH 10 0
BBX 13 11 0 0
BITMAP
0800
0800
0C00
1C60
1E60
26A0
2730
3FD0
4318
4380
E7C0
ENDCHAR
STARTCHAR E65A
ENCODING 58970
SWIDTH 625 0
DWIDTH 10 0
BBX 14 13 0 -1
BITMAP
0300
0780
0FC0
1DE0
3AF0
7678
EE3C
7638
3A70
1CE0
0FC0
0780
0300
ENDCHAR
STARTCHAR E65B
ENCODING 58971
SWIDTH 625 0
DWIDTH 10 0
BBX 14 13 0 0
BITMAP
0FC0
3FF0
7FF8
6018
E01C
E01C
E01C
E01C
E01C
5878
6878
3070
1860
ENDCHAR
STARTCHAR E65C
ENCODING 58972
SWIDTH 625 0
DWIDTH 10 0
BBX 13 14 0 -2
BITMAP
2020
2020
6060
7070
7070
7FF0
FFF0
FFF8
7FF0
3FE0
1FC0
0F80
0700
0200
ENDCHAR
STARTCHAR E65D
ENCODING 58973
SWIDTH 625 0
DWIDTH 10 0
BBX 14 14 0 -2
BITMAP
0300
0780
0BC0
1CE0
3CF0
7F78
FF9C
FF9C
7FF8
3CF0
1CE0
0FC0
0780
0300
ENDCHAR
STARTCHAR E65E
ENCODING 58974
SWIDTH 625 0
DWIDTH 10 0
BBX 13 5 1 3
BITMAP
0E70
5AD8
D788
1B98
1EF0
ENDCHAR
STARTCHAR E65F
ENCODING 58975
SWIDTH 625 0
DWIDTH 10 0
BBX 14 13 0 -1
BITMAP
0CE0
0FC0
5FE8
FFFC
7FFC
6798
7FE8
7FF8
7FF8
7CE8
6B18
3FF8
1FE0
ENDCHAR
STARTCHAR E660
ENCODING 58976
SWIDTH 625 0
DWIDTH 10 0
BBX 14 10 0 1
BITMAP
0038
000C
1F84
1FEC
3DB8
67F8
FFE0
FFE0
FFC0
CCC0
ENDCHAR
STARTCHAR E661
ENCODING 58977
SWIDTH 625 0
DWIDTH 10 0
BBX 14 8 0 2
BITMAP
3FE0
1FE0
1FC0
CF9C
E338
2210
2310
2730
ENDCHAR
STARTCHAR E662
ENCODING 58978
SWIDTH 625 0
DWIDTH 10 0
BBX 13 13 0 0
BITMAP
0700
0F00
55D0
E938
C8B0
5090
6050
6030
C030
FFF8
5050
0F80
0700
ENDCHAR
STARTCHAR E663
ENCODING 58979
SWIDTH 625 0
DWIDTH 10 0
BBX 9 13 0 -2
BITMAP
1000
3000
7000
F000
E780
D700
B680
7580
F380
F780
E700
C600
8400
ENDCHAR
STARTCHAR E664
ENCODING 58980
SWIDTH 625 0
DWIDTH 10 0
BBX 11 14 0 -1
BITMAP
E000
E0C0
61C0
7380
3F00
3F00
38C0
3820
3C60
3B80
7000
7000
7000
3000
ENDCHAR
STARTCHAR E665
ENCODING 58981
SWIDTH 625 0
DWIDTH 10 0
BBX 14 13 0 -1
BITMAP
47FC
E7FC
E7FC
07FC
0000
47FC
E7FC
E7FC
07FC
07FC
E7FC
E7FC
47FC
ENDCHAR
STARTCHAR E666
ENCODING 58982
SWIDTH 625 0
DWIDTH 10 0
BBX 14 14 0 -2
BITMAP
F87C
9FE4
8204
C70C
CF8C
5FC8
7FE8
5FF8
4FC8
C78C
C30C
8204
9FE4
F87C
ENDCHAR
STARTCHAR E667
ENCODING 58983
SWIDTH 625 0
DWIDTH 10 0
BBX 14 13 0 -1
BITMAP
1FE0
1FE0
3FF0
3870
7078
7038
E03C
7038
7078
3870
3FF0
1FE0
1FE0
ENDCHAR
STARTCHAR E668
ENCODING 58984
SWIDTH 625 0
DWIDTH 10 0
BBX 14 11 0 0
BITMAP
0010
0330
1FE0
39D0
6B98
CF0C
CE0C
7C38
1BE0
3300
6000
ENDCHAR
STARTCHAR E669
ENCODING 58985
SWIDTH 625 0
DWIDTH 10 0
BBX 14 13 0 -1
BITMAP
FFFC
FFFC
FFFC
F3FC
F5BC
F5BC
F5BC
EEBC
EEBC
FFFC
FFFC
FFFC
FFFC
ENDCHAR
STARTCHAR E66A
ENCODING 58986
SWIDTH 625 0
DWIDTH 10 0
BBX 14 13 0 -1
BITMAP
0FC0
3030
6218
4308
C004
8704
8304
8304
C304
4308
6798
3830
0FC0
ENDCHAR
STARTCHAR E66B
ENCODING 58987
SWIDTH 625 0
DWIDTH 10 0
BBX 14 13 0 -1
BITMAP
0FC0
3078
603C
4038
C78C
8F84
8FC4
8FC4
CF84
4308
6018
3870
0FC0
ENDCHAR
STARTCHAR E66C
ENCODING 58988
SWIDTH 625 0
DWIDTH 10 0
BBX 14 14 0 -2
BITMAP
0180
0080
00C8
0048
0068
1F38
3FFC
7FF8
7FC8
FFFC
FFF8
7FE0
7FC0
7BC0
ENDCHAR
STARTCHAR E66D
ENCODING 58989
SWIDTH 625 0
DWIDTH 10 0
BBX 9 14 1 -2
BITMAP
0380
0380
0380
0380
0380
0380
0380
0380
0380
0380
C780
FF00
FE00
3800
ENDCHAR
STARTCHAR E66E
ENCODING 58990
SWIDTH 625 0
DWIDTH 10 0
BBX 9 14 0 -1
BITMAP
3E00
6100
6900
A300
8100
5200
7F00
FF00
7700
7F80
6380
6200
1200
0C00
ENDCHAR
STARTCHAR E66F
ENCODING 58991
SWIDTH 625 0
DWIDTH 10 0
BBX 14 13 0 -1
BITMAP
0004
007C
FFF8
7FC0
12F0
3FF0
1040
5550
7DF0
5550
5550
7DF0
5550
ENDCHAR
STARTCHAR E670
ENCODING 58992
SWIDTH 625 0
DWIDTH 10 0
BBX 14 14 0 -2
BITMAP
1E00
1B80
2F30
7F30
7330
6330
EF38
E738
E778
F378
C778
FF78
3F7C
0100
ENDCHAR
STARTCHAR E671
ENCODING 58993
SWIDTH 625 0
DWIDTH 10 0
BBX 14 14 0 -2
BITMAP
2A00
2AC0
2AD0
2AE0
2AF0
2A80
2BF0
2FF8
2FF8
3800
FFFC
FFFC
2000
2000
ENDCHAR
STARTCHAR E672
ENCODING 58994
SWIDTH 625 0
DWIDTH 10 0
BBX 12 14 0 -2
BITMAP
0F00
1F80
39C0
30C0
30C0
30C0
FFF0
FFF0
FFF0
FFF0
FFF0
FFF0
FFF0
FFF0
ENDCHAR
STARTCHAR E673
ENCODING 58995
SWIDTH 625 0
DWIDTH 10 0
BBX 14 13 0 -1
BITMAP
6018
F03C
F87C
FCFC
FFFC
FFFC
EFDC
E79C
E01C
E01C
E01C
E01C
E01C
ENDCHAR
STARTCHAR E674
ENCODING 58996
SWIDTH 625 0
DWIDTH 10 0
BBX 6 13 2 -2
BITMAP
30
78
FC
FC
FC
FC
F8
70
30
20
10
10
10
ENDCHAR
STARTCHAR E675
ENCODING 58997
SWIDTH 625 0
DWIDTH 10 0
BBX 14 9 0 1
BITMAP
3FF8
2004
64C4
4D24
C704
4504
65F4
2004
3FF8
ENDCHAR
STARTCHAR E676
ENCODING 58998
SWIDTH 625 0
DWIDTH 10 0
BBX 12 15 0 -2
BITMAP
FE00
8300
8280
8240
83C0
8040
8000
83C0
8420
8490
89D0
8890
8410
8620
F9C0
ENDCHAR
STARTCHAR E677
ENCODING 58999
SWIDTH 625 0
DWIDTH 10 0
BBX 14 10 0 0
BITMAP
0300
3FF0
FFFC
7038
4000
4308
7FF8
3FF0
1FE0
0300
ENDCHAR
STARTCHAR E678
ENCODING 59000
SWIDTH 625 0
DWIDTH 10 0
BBX 12 13 0 -1
BITMAP
FFC0
FFE0
C0E0
C0F0
FFF0
FFE0
FFF0
FFF0
FFE0
FFF0
FFF0
FFE0
FFC0
ENDCHAR
STARTCHAR E679
ENCODING 59001
SWIDTH 625 0
DWIDTH 10 0
BBX 14 13 0 -1
BITMAP
0380
0480
0840
0840
3CF0
3CF0
3870
7878
7878
7078
F038
F03C
7038
ENDCHAR
STARTCHAR E67A
ENCODING 59002
SWIDTH 625 0
DWIDTH 10 0
BBX 14 12 0 0
BITMAP
FFFC
FFFC
FFFC
F7FC
83CC
019C
003C
007C
FDFC
EDFC
FEFC
008C
ENDCHAR
STARTCHAR E67B
ENCODING 59003
SWIDTH 625 0
DWIDTH 10 0
BBX 14 14 0 -2
BITMAP
7FFC
FFFC
C10C
FFFC
C10C
FFFC
C10C
FFFC
E70C
C3FC
C3FC
E7FC
FFFC
3FF8
ENDCHAR
STARTCHAR E67C
ENCODING 59004
SWIDTH 625 0
DWIDTH 10 0
BBX 14 12 0 -1
BITMAP
6018
4008
D1CC
9BE4
8064
83E4
8264
9A64
9BE4
C00C
4008
6018
ENDCHAR
STARTCHAR E67D
ENCODING 59005
SWIDTH 625 0
DWIDTH 10 0
BBX 14 13 0 -1
BITMAP
0700
0700
0700
0700
0200
0700
0700
0CF8
0F7C
183C
7800
B000
E000
ENDCHAR
STARTCHAR E67E
ENCODING 59006
SWIDTH 625 0
DWIDTH 10 0
BBX 13 14 0 -2
BITMAP
21C0
F3E0
77E0
6FF0
7FF0
7FF8
3FE8
0DE0
0B90
0A90
0990
0920
09A0
1000
ENDCHAR
STARTCHAR E67F
ENCODING 59007
SWIDTH 625 0
DWIDTH 10 0
BBX 14 13 0 -1
BITMAP
FFFC
FFFC
FFFC
C1FC
CCFC
CCBC
C13C
C71C
CF8C
CFCC
FF1C
FFFC
FFFC
ENDCHAR
STARTCHAR E680
ENCODING 59008
SWIDTH 625 0
DWIDTH 10 0
BBX 14 13 0 -1
BITMAP
7078
9FC8
9FC8
7078
0080
0100
0200
0400
0800
F07C
9044
9FC4
F07C
ENDCHAR
STARTCHAR E681
ENCODING 59009
SWIDTH 625 0
DWIDTH 10 0
BBX 14 13 0 -1
BITMAP
FFC0
FFC0
FFC0
FFC0
0000
0FFC
0FFC
0FFC
0000
003C
003C
003C
003C
ENDCHAR
STARTCHAR E682
ENCODING 59010
SWIDTH 625 0
DWIDTH 10 0
BBX 12 14 0 -1
BITMAP
30C0
30C0
1080
1F80
7FE0
CF90
8710
8610
B6D0
C630
7660
3FC0
1F80
0F00
ENDCHAR
STARTCHAR E683
ENCODING 59011
SWIDTH 625 0
DWIDTH 10 0
BBX 14 13 0 0
BITMAP
C000
E000
F800
7E00
1F00
0F80
0780
1F80
7E00
F800
F000
C3FC
03FC
ENDCHAR
STARTCHAR E684
ENCODING 59012
SWIDTH 625 0
DWIDTH 10 0
BBX 12 14 0 -2
BITMAP
0600
0D00
0D00
1C80
1C80
3840
7840
7820
F820
F810
7010
30E0
3F00
1000
ENDCHAR
STARTCHAR E685
ENCODING 59013
SWIDTH 625 0
DWIDTH 10 0
BBX 13 14 0 -1
BITMAP
4010
6030
BFF0
C738
92D8
B8C8
98C8
C218
BDF0
4710
32A0
10C0
0A80
0700
ENDCHAR
STARTCHAR E686
ENCODING 59014
SWIDTH 625 0
DWIDTH 10 0
BBX 14 8 0 1
BITMAP
2FD0
7FF8
D7AC
54A8
53E8
17A0
1780
0780
ENDCHAR
STARTCHAR E687
ENCODING 59015
SWIDTH 625 0
DWIDTH 10 0
BBX 14 13 0 -1
BITMAP
FFFC
FFFC
FFFC
FFFC
FFFC
FFFC
FFFC
E084
E6BC
E084
E1BC
E484
FFFC
ENDCHAR
STARTCHAR E688
ENCODING 59016
SWIDTH 625 0
DWIDTH 10 0
BBX 14 14 0 -2
BITMAP
F878
F8FC
F8FC
F8FC
F8FC
F878
F800
F800
F800
F800
F800
F800
F800
7800
ENDCHAR
STARTCHAR E689
ENCODING 59017
SWIDTH 625 0
DWIDTH 10 0
BBX 10 14 0 -2
BITMAP
FF80
FB80
FBC0
F3C0
E1C0
E1C0
C3C0
C780
8700
8F80
1F80
1FC0
3FC0
7FC0
ENDCHAR
STARTCHAR E68A
ENCODING 59018
SWIDTH 625 0
DWIDTH 10 0
BBX 14 11 0 0
BITMAP
0FC0
3FF0
7818
F3F4
E3FC
E33C
E3FC
7BE8
1FF0
0338
0318
ENDCHAR
STARTCHAR E68B
ENCODING 59019
SWIDTH 625 0
DWIDTH 10 0
BBX 14 14 0 -1
BITMAP
0FC0
1FE0
3030
3FD8
7FD8
ECDC
CFCC
4CDC
7EF8
3E78
3878
1FF0
0FC0
0100
ENDCHAR
STARTCHAR E68C
ENCODING 59020
SWIDTH 625 0
DWIDTH 10 0
BBX 14 10 0 1
BITMAP
3F80
7FF8
7FFC
7FFC
FFFC
FFFC
FFF8
7FC0
1E00
0C00
ENDCHAR
STARTCHAR E68D
ENCODING 59021
SWIDTH 625 0
DWIDTH 10 0
BBX 14 13 0 -2
BITMAP
0FC0
1FF0
3FF8
7E00
FE00
FFFC
F800
FFFC
F000
7000
7FF8
3FF0
0FE0
ENDCHAR
STARTCHAR E68E
ENCODING 59022
SWIDTH 625 0
DWIDTH 10 0
BBX 9 14 0 -2
BITMAP
0180
FF80
FF80
FF00
C080
1F80
FF80
FF80
F800
0780
FF80
FF80
FE00
8000
ENDCHAR
STARTCHAR E68F
ENCODING 59023
SWIDTH 625 0
DWIDTH 10 0
BBX 14 13 0 -1
BITMAP
1F00
3F80
60C0
C060
C060
C060
C060
E0E0
71C0
3FE0
1F78
003C
0018
ENDCHAR
STARTCHAR E690
ENCODING 59024
SWIDTH 625 0
DWIDTH 10 0
BBX 14 13 0 -1
BITMAP
3800
FBFC
FBFC
3800
0000
0070
FF7C
FF7C
0070
0600
F7FC
F7FC
0700
ENDCHAR
STARTCHAR E691
ENCODING 59025
SWIDTH 625 0
DWIDTH 10 0
BBX 7 14 1 -2
BITMAP
18
18
7C
66
C6
E0
78
1E
06
C6
E6
7E
38
18
ENDCHAR
STARTCHAR E692
ENCODING 59026
SWIDTH 625 0
DWIDTH 10 0
BBX 14 14 0 -1
BITMAP
7FF8
FFFC
F07C
E09C
C11C
E11C
F03C
FFFC
FFFC
FFFC
FFFC
FFFC
FFFC
7FF8
ENDCHAR
STARTCHAR E693
ENCODING 59027
SWIDTH 625 0
DWIDTH 10 0
BBX 8 15 1 -2
BITMAP
18
7E
FF
FF
FF
7E
7E
7E
3C
3C
00
3C
00
00
3C
ENDCHAR
STARTCHAR E694
ENCODING 59028
SWIDTH 625 0
DWIDTH 10 0
BBX 14 14 0 -1
BITMAP
0780
1FE0
3FF8
7FE4
7FC4
F804
E004
E024
C024
40C4
6308
3C18
1FF0
0FC0
ENDCHAR
STARTCHAR E695
ENCODING 59029
SWIDTH 625 0
DWIDTH 10 0
BBX 14 14 0 -1
BITMAP
2010
6858
FFFC
7878
F03C
7878
3870
3870
1860
0CC0
0CC0
0480
0500
0100
ENDCHAR
STARTCHAR E696
ENCODING 59030
SWIDTH 625 0
DWIDTH 10 0
BBX 14 14 0 -1
BITMAP
0FE0
3FF0
7FF8
7878
FB7C
FBFC
F87C
FF3C
FB3C
7878
7FF8
3FF0
1FE0
0300
ENDCHAR
STARTCHAR E697
ENCODING 59031
SWIDTH 625 0
DWIDTH 10 0
BBX 12 14 0 -1
BITMAP
07C0
1C60
3830
6330
C7F0
CC60
C020
6330
FE20
DC60
C1C0
6380
7E00
1800
ENDCHAR
STARTCHAR E698
ENCODING 59032
SWIDTH 625 0
DWIDTH 10 0
BBX 14 15 0 -2
BITMAP
1800
7E00
FE00
FF00
F000
F000
77FC
37FC
07FC
07FC
07FC
07FC
07FC
07FC
07FC
ENDCHAR
STARTCHAR E699
ENCODING 59033
SWIDTH 625 0
DWIDTH 10 0
BBX 13 12 1 0
BITMAP
0080
A040
5060
2860
1E70
0F70
07F0
03F0
83F0
7FF8
3FF8
0700
ENDCHAR
STARTCHAR E69A
ENCODING 59034
SWIDTH 625 0
DWIDTH 10 0
BBX 13 14 0 -2
BITMAP
C000
F000
F808
FE38
7FF8
1FF8
0FF8
0BE0
0E80
0F80
0F80
0780
0380
0080
ENDCHAR
STARTCHAR E69B
ENCODING 59035
SWIDTH 625 0
DWIDTH 10 0
BBX 14 8 0 1
BITMAP
F8CC
A078
2F30
2538
2648
76C4
0400
0F00
ENDCHAR
STARTCHAR E69C
ENCODING 59036
SWIDTH 625 0
DWIDTH 10 0
BBX 14 13 0 -1
BITMAP
7FF8
FFFC
C00C
C00C
C0CC
C98C
CF0C
C70C
C60C
C00C
C00C
FFFC
7FF8
ENDCHAR
STARTCHAR E69D
ENCODING 59037
SWIDTH 625 0
DWIDTH 10 0
BBX 14 13 0 -1
BITMAP
FFFC
FFFC
FFFC
FFFC
FFFC
FFFC
E084
FBBC
FB9C
FB84
FBE4
FBE4
FFFC
ENDCHAR
STARTCHAR E69E
ENCODING 59038
SWIDTH 625 0
DWIDTH 10 0
BBX 12 14 0 -1
BITMAP
06F0
36E0
34E0
9080
C700
1FC0
3FC0
7F80
7E00
7C00
39C0
39C0
1F80
0600
ENDCHAR
STARTCHAR E69F
ENCODING 59039
SWIDTH 625 0
DWIDTH 10 0
BBX 14 14 0 -1
BITMAP
0700
1FE0
3FF0
77F8
73F8
F0FC
F03C
F01C
F07C
F0FC
73F8
77F8
3FF0
0FC0
ENDCHAR
STARTCHAR E6A0
ENCODING 59040
SWIDTH 625 0
DWIDTH 10 0
BBX 13 11 0 -1
BITMAP
ECD8
77B8
3FF0
3B70
1FE0
1CE0
0FC0
0780
0780
0300
0300
ENDCHAR
STARTCHAR E6A1
ENCODING 59041
SWIDTH 625 0
DWIDTH 10 0
BBX 14 15 0 -2
BITMAP
F87C
FCFC
FFFC
FFFC
FFFC
FFFC
FFFC
FFFC
F54C
F54C
F86C
FA8C
FAB4
FFFC
FFFC
ENDCHAR
STARTCHAR E6A2
ENCODING 59042
SWIDTH 625 0
DWIDTH 10 0
BBX 14 8 0 1
BITMAP
9930
D978
5D78
5F48
7748
6678
66CC
26CC
ENDCHAR
STARTCHAR E6A3
ENCODING 59043
SWIDTH 625 0
DWIDTH 10 0
BBX 13 14 0 -2
BITMAP
0F00
1FC0
78F0
6F68
DFB8
D778
D9F8
DFF8
DFF8
AF68
79F0
3FC0
0F00
0200
ENDCHAR
STARTCHAR E6A4
ENCODING 59044
SWIDTH 625 0
DWIDTH 10 0
BBX 14 13 0 0
BITMAP
0600
0E00
0E00
0DF8
19FC
FD00
F0E0
7470
3D20
09F0
0FB0
0F30
1C10
ENDCHAR
STARTCHAR E6A5
ENCODING 59045
SWIDTH 625 0
DWIDTH 10 0
BBX 14 13 0 -1
BITMAP
1F00
FFFC
FF04
FFF4
ABF4
EBF4
E304
D3F4
D7F4
FF04
FFF4
FFFC
1F00
ENDCHAR
STARTCHAR E6A6
ENCODING 59046
SWIDTH 625 0
DWIDTH 10 0
BBX 14 13 0 -1
BITMAP
0F00
FFFC
FF04
FFF4
D7F4
C704
EFF4
C704
D7F4
9BF4
FF04
FFFC
1F00
ENDCHAR
STARTCHAR E6A7
ENCODING 59047
SWIDTH 625 0
DWIDTH 10 0
BBX 13 14 0 -2
BITMAP
0200
0F00
3F80
3F80
1F00
3F00
7E00
7F00
7F80
FF80
FFB8
FFE0
7F80
1E00
ENDCHAR
STARTCHAR E6A8
ENCODING 59048
SWIDTH 625 0
DWIDTH 10 0
BBX 4 15 3 -2
BITMAP
70
70
70
70
70
60
60
60
60
60
00
00
E0
E0
40
ENDCHAR
STARTCHAR E6A9
ENCODING 59049
SWIDTH 625 0
DWIDTH 10 0
BBX 14 13 0 -1
BITMAP
0008
0038
F7FC
EFEC
C1CC
C38C
C30C
C70C
CE0C
DFDC
FFBC
3000
4000
ENDCHAR
STARTCHAR E6AA
ENCODING 59050
SWIDTH 625 0
DWIDTH 10 0
BBX 12 15 0 -2
BITMAP
FBF0
FBF0
FBF0
FBF0
FBF0
FBF0
FBF0
FBF0
FFF0
FFF0
F5F0
F1F0
F0F0
FFF0
FFF0
ENDCHAR
STARTCHAR E6AB
ENCODING 59051
SWIDTH 625 0
DWIDTH 10 0
BBX 14 13 0 -1
BITMAP
1FE0
3FE0
3FF0
7FF0
4DA8
EB8C
CCEC
CEE8
B5E8
7FF0
3FF0
3FE0
1FE0
ENDCHAR
STARTCHAR E6AC
ENCODING 59052
SWIDTH 625 0
DWIDTH 10 0
BBX 14 13 0 -1
BITMAP
F87C
7878
7878
7CF8
3CF0
3CF0
3FF0
1EE0
1EE0
1F60
0F40
0FC0
0780
ENDCHAR
STARTCHAR E6AD
ENCODING 59053
SWIDTH 625 0
DWIDTH 10 0
BBX 14 12 0 -1
BITMAP
FE00
8200
FFFC
FFFC
FFFC
FFFC
FFFC
FFFC
FFFC
FFFC
FFFC
FFFC
ENDCHAR
STARTCHAR E6AE
ENCODING 59054
SWIDTH 625 0
DWIDTH 10 0
BBX 12 13 0 -2
BITMAP
3040
7860
B870
FC70
DC70
AE70
AF70
A770
A3B0
A3F0
A1D0
60E0
20C0
ENDCHAR
STARTCHAR E6AF
ENCODING 59055
SWIDTH 625 0
DWIDTH 10 0
BBX 11 15 0 -2
BITMAP
0800
3800
1B40
1BC0
1FC0
1F80
6080
8040
B140
BAA0
B3A0
8140
4040
2080
1F00
ENDCHAR
STARTCHAR E6B0
ENCODING 59056
SWIDTH 625 0
DWIDTH 10 0
BBX 14 15 0 -2
BITMAP
0300
1CE0
3C10
7E08
FFC8
B344
D764
E664
CCF4
EC94
ED98
7408
3C10
1F20
07C0
ENDCHAR
STARTCHAR E6B1
ENCODING 59057
SWIDTH 625 0
DWIDTH 10 0
BBX 10 13 0 -1
BITMAP
7000
9000
8800
0800
0800
0800
1800
1C00
3400
3400
6240
6240
C380
ENDCHAR
STARTCHAR E6B2
ENCODING 59058
SWIDTH 625 0
DWIDTH 10 0
BBX 14 15 0 -2
BITMAP
E01C
E01C
C00C
DFCC
DFCC
C30C
C30C
C30C
C30C
C30C
C30C
C30C
C30C
E01C
E01C
ENDCHAR
STARTCHAR E6B3
ENCODING 59059
SWIDTH 625 0
DWIDTH 10 0
BBX 11 14 0 -2
BITMAP
1F00
3180
2180
2480
64C0
64C0
4E40
4E40
FFE0
F1E0
F9E0
3B80
1F00
0400
ENDCHAR
STARTCHAR E6B4
ENCODING 59060
SWIDTH 625 0
DWIDTH 10 0
BBX 12 15 0 -2
BITMAP
FF80
0000
CFC0
FBA0
0000
C070
F0F0
BFE0
EEE0
0000
BF00
F000
0000
C000
F000
ENDCHAR
STARTCHAR E6B5
ENCODING 59061
SWIDTH 625 0
DWIDTH 10 0
BBX 12 13 0 -1
BITMAP
00C0
00C0
80E0
86F0
66F0
BFB0
67F0
1DF0
1F70
0020
01E0
03E0
0180
ENDCHAR
STARTCHAR E6B6
ENCODING 59062
SWIDTH 625 0
DWIDTH 10 0
BBX 14 11 0 0
BITMAP
3FF0
2010
0180
00C0
FC70
001C
0038
FCE0
0180
2010
3FF0
ENDCHAR
STARTCHAR E6B7
ENCODING 59063
SWIDTH 625 0
DWIDTH 10 0
BBX 13 13 0 -2
BITMAP
4610
3520
1FC0
FFF8
0400
0500
0500
0500
0700
0D80
1DC0
3560
2530
ENDCHAR
STARTCHAR E6B8
ENCODING 59064
SWIDTH 625 0
DWIDTH 10 0
BBX 14 14 0 -2
BITMAP
FFF8
FFFC
FFFC
FFFC
FFFC
FFFC
CCCC
A554
BDDC
BE44
BF74
A884
8CCC
7FF8
ENDCHAR
STARTCHAR E700
ENCODING 59136
SWIDTH 625 0
DWIDTH 10 0
BBX 12 11 1 0
BITMAP
3C60
C7A0
D170
80D0
44F0
84B0
DCD0
ACE0
E5A0
01C0
0700
ENDCHAR
STARTCHAR E701
ENCODING 59137
SWIDTH 625 0
DWIDTH 10 0
BBX 13 13 0 -1
BITMAP
1FC0
7FF0
F8F0
F8F8
F278
F278
E738
E738
C818
E038
F770
7FF0
3FC0
ENDCHAR
STARTCHAR E702
ENCODING 59138
SWIDTH 625 0
DWIDTH 10 0
BBX 13 13 0 -1
BITMAP
0200
0700
0780
19C0
39E0
7CF0
FD38
FD30
7DE0
39C0
0F80
0700
0200
ENDCHAR
STARTCHAR E703
ENCODING 59139
SWIDTH 625 0
DWIDTH 10 0
BBX 10 9 0 1
BITMAP
FFC0
FF80
FF80
6380
7380
7380
7F80
7F80
7F00
ENDCHAR
STARTCHAR E704
ENCODING 59140
SWIDTH 625 0
DWIDTH 10 0
BBX 13 13 0 -1
BITMAP
C000
B800
8400
4200
4100
2100
4080
5080
5040
2830
0030
0010
0008
ENDCHAR
STARTCHAR E705
ENCODING 59141
SWIDTH 625 0
DWIDTH 10 0
BBX 13 13 0 -1
BITMAP
FFF8
FFF8
FFF8
F7F8
FF78
EAB8
E218
EAF8
DD38
FFF8
FFF8
FFF8
FFF8
ENDCHAR
STARTCHAR E706
ENCODING 59142
SWIDTH 625 0
DWIDTH 10 0
BBX 10 11 0 0
BITMAP
7F00
C0C0
E3C0
FFC0
7F00
C1C0
FFC0
7F00
C1C0
FFC0
7F80
ENDCHAR
STARTCHAR E707
ENCODING 59143
SWIDTH 625 0
DWIDTH 10 0
BBX 12 9 0 0
BITMAP
71C0
FFF0
30C0
2080
79E0
FFE0
36C0
1F80
0F00
ENDCHAR
STARTCHAR E708
ENCODING 59144
SWIDTH 625 0
DWIDTH 10 0
BBX 12 9 0 0
BITMAP
0080
03C0
07C0
0FE0
1FE0
3DF0
FFF0
EFF0
C070
ENDCHAR
STARTCHAR E709
ENCODING 59145
SWIDTH 625 0
DWIDTH 10 0
BBX 12 11 0 -1
BITMAP
0F80
3FC0
7FE0
6070
C030
C030
C030
E070
59F0
78E0
38C0
ENDCHAR
STARTCHAR E70A
ENCODING 59146
SWIDTH 625 0
DWIDTH 10 0
BBX 13 13 0 -1
BITMAP
0FF8
3808
6008
4F08
D888
9048
9048
9008
D888
4FE8
6038
3898
0F88
ENDCHAR
STARTCHAR E70B
ENCODING 59147
SWIDTH 625 0
DWIDTH 10 0
BBX 13 13 0 -1
BITMAP
0F00
36C0
5FE0
BF90
9990
DDE8
CCF8
EEE8
EAB0
A670
5760
2740
1F80
ENDCHAR
STARTCHAR E70C
ENCODING 59148
SWIDTH 625 0
DWIDTH 10 0
BBX 13 13 0 -1
BITMAP
0040
00F0
01F8
C3F8
F7B8
FF38
DE38
FF38
F7B8
E3F8
01F8
00F8
0060
ENDCHAR
STARTCHAR E70D
ENCODING 59149
SWIDTH 625 0
DWIDTH 10 0
BBX 9 15 0 -2
BITMAP
0700
0580
0900
0900
1200
1200
1600
1C00
3C00
2C00
7800
7800
7000
F000
6000
ENDCHAR
STARTCHAR E70E
ENCODING 59150
SWIDTH 625 0
DWIDTH 10 0
BBX 10 11 0 0
BITMAP
1C00
3F00
3F00
BF40
BF40
BF40
BF40
BF40
3F00
1200
1200
ENDCHAR
STARTCHAR E70F
ENCODING 59151
SWIDTH 625 0
DWIDTH 10 0
BBX 12 13 0 -1
BITMAP
0010
0BF0
FBF0
FBF0
FBF0
FBF0
0000
FBF0
FBF0
FBF0
FBF0
1BF0
0030
ENDCHAR
STARTCHAR E710
ENCODING 59152
SWIDTH 625 0
DWIDTH 10 0
BBX 10 13 0 -1
BITMAP
0100
0100
0480
06C0
0340
1C80
0700
1900
8F40
8040
BF40
8040
FFC0
ENDCHAR
STARTCHAR E711
ENCODING 59153
SWIDTH 625 0
DWIDTH 10 0
BBX 10 12 0 -1
BITMAP
0200
0600
0000
7FC0
FF80
FF80
FF00
FF80
FFC0
7FC0
7F80
3F00
ENDCHAR
STARTCHAR E712
ENCODING 59154
SWIDTH 625 0
DWIDTH 10 0
BBX 10 13 0 -1
BITMAP
0800
1E00
1A00
1E00
1A00
2100
2180
4180
4180
6180
F1C0
FF80
2100
ENDCHAR
STARTCHAR E713
ENCODING 59155
SWIDTH 625 0
DWIDTH 10 0
BBX 12 5 0 3
BITMAP
3040
78E0
FDF0
7EE0
3F40
ENDCHAR
STARTCHAR E714
ENCODING 59156
SWIDTH 625 0
DWIDTH 10 0
BBX 12 13 0 -1
BITMAP
0400
1F00
60C0
4020
8020
8010
8010
8010
A030
5020
4C40
2380
1F00
ENDCHAR
STARTCHAR E715
ENCODING 59157
SWIDTH 625 0
DWIDTH 10 0
BBX 13 13 0 -1
BITMAP
0D80
05E0
1870
0030
6018
A018
4018
6018
0018
7030
3870
1FE0
0F80
ENDCHAR
STARTCHAR E716
ENCODING 59158
SWIDTH 625 0
DWIDTH 10 0
BBX 13 13 0 -1
BITMAP
0200
0F80
1AC0
6230
C218
EDB8
B8E8
EDB8
C618
6230
1AC0
0F80
0200
ENDCHAR
STARTCHAR E717
ENCODING 59159
SWIDTH 625 0
DWIDTH 10 0
BBX 13 13 0 -1
BITMAP
0F00
1FC0
1040
3040
3060
3040
19C0
0980
0000
6100
8D20
BFF8
F9D8
ENDCHAR
STARTCHAR E718
ENCODING 59160
SWIDTH 625 0
DWIDTH 10 0
BBX 11 12 0 0
BITMAP
1F00
7FC0
7FE0
FFE0
BFE0
FFE0
FFE0
FFE0
FFE0
7FC0
1F00
0400
ENDCHAR
STARTCHAR E719
ENCODING 59161
SWIDTH 625 0
DWIDTH 10 0
BBX 12 9 0 1
BITMAP
0080
0080
CDB0
BDB0
BDB0
0600
0B00
0B00
0200
ENDCHAR
STARTCHAR E71A
ENCODING 59162
SWIDTH 625 0
DWIDTH 10 0
BBX 10 12 0 0
BITMAP
1E00
FF00
FF00
FFC0
FFC0
FF40
FF40
FF40
EF40
FB40
1340
2140
ENDCHAR
STARTCHAR E71B
ENCODING 59163
SWIDTH 625 0
DWIDTH 10 0
BBX 13 13 0 -1
BITMAP
FFF8
FFF8
FDF8
F878
F278
F2F8
C0F8
C398
F038
F8F8
FFF8
FFF8
FFF8
ENDCHAR
STARTCHAR E71C
ENCODING 59164
SWIDTH 625 0
DWIDTH 10 0
BBX 12 13 0 -1
BITMAP
0600
3FC0
FBF0
F9F0
F9F0
F6F0
F6E0
6060
6F60
7FE0
3FC0
1F00
0600
ENDCHAR
STARTCHAR E71D
ENCODING 59165
SWIDTH 625 0
DWIDTH 10 0
BBX 10 13 0 -1
BITMAP
06C0
06C0
0600
3EC0
7EC0
E6C0
C6C0
C6C0
FEC0
3EC0
00C0
01C0
0180
ENDCHAR
STARTCHAR E71E
ENCODING 59166
SWIDTH 625 0
DWIDTH 10 0
BBX 13 5 0 3
BITMAP
FFF8
9108
B568
B168
5E90
ENDCHAR
STARTCHAR E71F
ENCODING 59167
SWIDTH 625 0
DWIDTH 10 0
BBX 12 4 0 4
BITMAP
F010
8EF0
8EA0
7000
ENDCHAR
STARTCHAR E720
ENCODING 59168
SWIDTH 625 0
DWIDTH 10 0
BBX 12 13 0 -1
BITMAP
0600
3F80
FFF0
FFF0
E1F0
F060
EFE0
78E0
7760
7DE0
3FC0
1F00
0600
ENDCHAR
STARTCHAR E721
ENCODING 59169
SWIDTH 625 0
DWIDTH 10 0
BBX 11 13 0 -1
BITMAP
0600
1F80
79C0
F0E0
F9E0
FFE0
CF60
C660
8620
76C0
7FC0
1F00
0600
ENDCHAR
STARTCHAR E722
ENCODING 59170
SWIDTH 625 0
DWIDTH 10 0
BBX 10 13 0 -1
BITMAP
FFC0
8840
5E80
3F00
5280
6D80
C8C0
C4C0
FBC0
9280
5E80
3100
0E00
ENDCHAR
STARTCHAR E723
ENCODING 59171
SWIDTH 625 0
DWIDTH 10 0
BBX 12 12 0 -1
BITMAP
1FC0
3FE0
7DF0
F9F0
FAF0
FAF0
F5F0
F670
6F70
7FE0
3FC0
0F80
ENDCHAR
STARTCHAR E724
ENCODING 59172
SWIDTH 625 0
DWIDTH 10 0
BBX 9 13 0 -1
BITMAP
3E00
DF80
BA80
9C80
9880
8080
8080
8080
8080
8080
8100
4100
7E00
ENDCHAR
STARTCHAR E725
ENCODING 59173
SWIDTH 625 0
DWIDTH 10 0
BBX 10 13 0 -1
BITMAP
6000
9000
9180
6240
6280
6180
6180
6F00
7E00
7000
9000
9000
6000
ENDCHAR
STARTCHAR E726
ENCODING 59174
SWIDTH 625 0
DWIDTH 10 0
BBX 10 12 0 0
BITMAP
EC00
BF80
EC80
4480
4080
4080
4080
4080
4080
A140
A140
4080
ENDCHAR
STARTCHAR E727
ENCODING 59175
SWIDTH 625 0
DWIDTH 10 0
BBX 11 13 0 -1
BITMAP
6000
9000
9000
6000
7000
7800
7EE0
6F20
60E0
6000
9000
9000
6000
ENDCHAR
STARTCHAR E728
ENCODING 59176
SWIDTH 625 0
DWIDTH 10 0
BBX 11 11 0 0
BITMAP
4200
A780
A7C0
4240
4040
4040
4040
4040
48E0
7CA0
08E0
ENDCHAR
STARTCHAR E729
ENCODING 59177
SWIDTH 625 0
DWIDTH 10 0
BBX 11 7 0 2
BITMAP
0400
1F00
1100
F1E0
1100
1F00
0400
ENDCHAR
STARTCHAR E72A
ENCODING 59178
SWIDTH 625 0
DWIDTH 10 0
BBX 13 13 0 -1
BITMAP
0200
0700
0D80
1880
3020
6730
C718
6730
3020
1880
0D80
0700
0200
ENDCHAR
STARTCHAR E72B
ENCODING 59179
SWIDTH 625 0
DWIDTH 10 0
BBX 8 15 1 -3
BITMAP
03
07
0E
0E
1E
3C
3C
38
58
70
70
E0
80
80
80
ENDCHAR
STARTCHAR E72C
ENCODING 59180
SWIDTH 625 0
DWIDTH 10 0
BBX 13 13 0 -1
BITMAP
F008
7E18
3F38
1FF0
1FF0
1FF0
7FF0
77E0
FAC0
EF80
C7C0
83E0
00F0
ENDCHAR
STARTCHAR E72D
ENCODING 59181
SWIDTH 625 0
DWIDTH 10 0
BBX 11 11 0 0
BITMAP
0080
4080
C7C0
C7C0
C3C0
E0C0
7860
7E60
7E60
4040
6000
ENDCHAR
STARTCHAR E72E
ENCODING 59182
SWIDTH 625 0
DWIDTH 10 0
BBX 8 13 1 -1
BITMAP
60
90
76
25
65
FE
90
FE
65
25
76
90
60
ENDCHAR
STARTCHAR E72F
ENCODING 59183
SWIDTH 625 0
DWIDTH 10 0
BBX 12 13 0 -1
BITMAP
0400
0E00
0F30
0BF0
1920
F060
E0C0
7840
1960
1BE0
1460
1C00
1800
ENDCHAR
STARTCHAR E730
ENCODING 59184
SWIDTH 625 0
DWIDTH 10 0
BBX 13 13 0 -1
BITMAP
1C00
0C00
0170
7B70
FF78
FF78
DF58
8F58
FF78
0000
7F70
3F60
1F40
ENDCHAR
STARTCHAR E731
ENCODING 59185
SWIDTH 625 0
DWIDTH 10 0
BBX 12 8 0 2
BITMAP
7FE0
43E0
81F0
91F0
81F0
81F0
67E0
1980
ENDCHAR
STARTCHAR E732
ENCODING 59186
SWIDTH 625 0
DWIDTH 10 0
BBX 11 11 0 0
BITMAP
0400
0600
0600
0F00
0F00
1F80
1F80
39C0
3980
79E0
C020
ENDCHAR
STARTCHAR E733
ENCODING 59187
SWIDTH 625 0
DWIDTH 10 0
BBX 12 6 0 3
BITMAP
79E0
8F30
B6D0
8610
8F30
71E0
ENDCHAR
STARTCHAR E734
ENCODING 59188
SWIDTH 625 0
DWIDTH 10 0
BBX 10 13 0 -1
BITMAP
0C00
3300
EC80
DE80
DE40
FB40
E980
9E80
5700
3E00
1E00
1E00
1A00
ENDCHAR
STARTCHAR E735
ENCODING 59189
SWIDTH 625 0
DWIDTH 10 0
BBX 8 11 1 -1
BITMAP
3C
3C
7C
6E
66
E6
C7
01
24
3C
08
ENDCHAR
STARTCHAR E736
ENCODING 59190
SWIDTH 625 0
DWIDTH 10 0
BBX 11 12 0 -1
BITMAP
FFE0
FFE0
C060
CFE0
C060
4040
7E40
6EC0
60C0
7BC0
7FC0
0E00
ENDCHAR
STARTCHAR E737
ENCODING 59191
SWIDTH 625 0
DWIDTH 10 0
BBX 8 12 1 0
BITMAP
07
FF
FF
F8
07
FF
FF
F8
0F
FF
FF
F8
ENDCHAR
STARTCHAR E738
ENCODING 59192
SWIDTH 625 0
DWIDTH 10 0
BBX 10 13 0 -1
BITMAP
0200
0200
0400
0A00
1400
1400
0400
2140
1E80
1C00
1E00
C080
3F80
ENDCHAR
STARTCHAR E739
ENCODING 59193
SWIDTH 625 0
DWIDTH 10 0
BBX 12 12 0 -1
BITMAP
02F0
0FE0
1DF0
3AF0
77F0
5BB0
BF70
EEB0
7FF0
F7D0
0FF0
3800
ENDCHAR
STARTCHAR E73A
ENCODING 59194
SWIDTH 625 0
DWIDTH 10 0
BBX 8 13 1 -1
BITMAP
FF
FF
FF
FF
FF
FF
D3
FF
BD
FD
D3
FF
FF
ENDCHAR
STARTCHAR E73B
ENCODING 59195
SWIDTH 625 0
DWIDTH 10 0
BBX 12 13 0 -1
BITMAP
0080
01F0
03F0
17C0
0F80
1E00
7F00
1E00
3F00
3E00
FE00
3F80
3F00
ENDCHAR
STARTCHAR E73C
ENCODING 59196
SWIDTH 625 0
DWIDTH 10 0
BBX 12 13 0 -1
BITMAP
0F00
1780
1F80
3FE0
FFF0
FFF0
FF70
FFF0
FFF0
7FE0
1F80
1E80
0F00
ENDCHAR
STARTCHAR E73D
ENCODING 59197
SWIDTH 625 0
DWIDTH 10 0
BBX 13 7 0 2
BITMAP
1FC0
7FF0
E518
DB58
CB38
5FF0
3FC0
ENDCHAR
STARTCHAR E73E
ENCODING 59198
SWIDTH 625 0
DWIDTH 10 0
BBX 13 8 0 1
BITMAP
FFF8
8008
B648
BE48
AAE8
A248
8008
FFF8
ENDCHAR
STARTCHAR E73F
ENCODING 59199
SWIDTH 625 0
DWIDTH 10 0
BBX 13 13 0 -1
BITMAP
3000
C800
D4F0
A518
A5E8
A548
A6D0
A860
B1C0
9A40
4480
2500
1E00
ENDCHAR
STARTCHAR E740
ENCODING 59200
SWIDTH 625 0
DWIDTH 10 0
BBX 11 13 0 -1
BITMAP
0400
1F00
7BC0
E0E0
CA60
DB60
DB60
DB60
DB60
DB60
5B40
1F00
0400
ENDCHAR
STARTCHAR E741
ENCODING 59201
SWIDTH 625 0
DWIDTH 10 0
BBX 12 12 0 -1
BITMAP
F000
7800
2800
2E00
2300
1180
1180
08C0
04A0
0270
07A0
0340
ENDCHAR
STARTCHAR E742
ENCODING 59202
SWIDTH 625 0
DWIDTH 10 0
BBX 11 12 0 -1
BITMAP
0400
0E00
3F80
7FC0
FFE0
FFE0
FFE0
E320
C020
65C0
3F80
1F00
ENDCHAR
STARTCHAR E743
ENCODING 59203
SWIDTH 625 0
DWIDTH 10 0
BBX 12 11 0 0
BITMAP
1F80
3FE0
3FE0
5FF0
FF70
EFF0
FF70
FAF0
7EE0
3DE0
1F80
ENDCHAR
STARTCHAR E744
ENCODING 59204
SWIDTH 625 0
DWIDTH 10 0
BBX 12 13 0 -1
BITMAP
0060
0190
1FD0
2FF0
58E0
3070
7FF0
7FF0
F000
F8E0
BFE0
9FC0
E200
ENDCHAR
STARTCHAR E745
ENCODING 59205
SWIDTH 625 0
DWIDTH 10 0
BBX 12 11 0 -1
BITMAP
1F00
E0C0
F020
F820
F020
E030
FE60
F8E0
79E0
7FC0
1F80
ENDCHAR
STARTCHAR E746
ENCODING 59206
SWIDTH 625 0
DWIDTH 10 0
BBX 13 13 0 -1
BITMAP
0F80
3FC0
78E0
7070
E078
E038
E038
E038
E030
7070
78E0
3FE0
0F80
ENDCHAR
STARTCHAR E747
ENCODING 59207
SWIDTH 625 0
DWIDTH 10 0
BBX 12 10 0 1
BITMAP
3FC0
7FE0
7FE0
74E0
F6E0
F1F0
76E0
70E0
7FE0
7FE0
ENDCHAR
STARTCHAR E748
ENCODING 59208
SWIDTH 625 0
DWIDTH 10 0
BBX 13 12 0 -1
BITMAP
1FC0
3FE0
7FB0
BF70
FEF0
FDF8
F9F0
B7F0
EFF0
5FE0
3740
0F80
ENDCHAR
STARTCHAR E749
ENCODING 59209
SWIDTH 625 0
DWIDTH 10 0
BBX 11 13 0 -1
BITMAP
FFE0
FFE0
C060
C060
FE60
F060
7060
6E40
6EC0
60C0
7FC0
7FC0
0E00
ENDCHAR
STARTCHAR E74A
ENCODING 59210
SWIDTH 625 0
DWIDTH 10 0
BBX 9 13 0 -1
BITMAP
3E00
3E00
0000
FF80
FF80
4080
7C80
7180
7D80
4D80
6180
7F80
1E00
ENDCHAR
STARTCHAR E74B
ENCODING 59211
SWIDTH 625 0
DWIDTH 10 0
BBX 13 9 0 1
BITMAP
0F00
3100
4100
8200
8D40
6EF0
3EC8
5F00
6000
ENDCHAR
STARTCHAR E74C
ENCODING 59212
SWIDTH 625 0
DWIDTH 10 0
BBX 10 13 0 -1
BITMAP
0400
6FC0
7180
9240
AC80
BF40
8040
4080
52C0
A2C0
BD80
6100
1E00
ENDCHAR
STARTCHAR E74D
ENCODING 59213
SWIDTH 625 0
DWIDTH 10 0
BBX 13 11 -1 0
BITMAP
0E00
3160
4DE0
41C0
81E0
8038
4018
4030
21C0
3F00
0700
ENDCHAR
STARTCHAR E74E
ENCODING 59214
SWIDTH 625 0
DWIDTH 10 0
BBX 11 9 0 1
BITMAP
0080
33C0
3600
3700
33C0
30E0
3060
F7E0
E7C0
ENDCHAR
STARTCHAR E74F
ENCODING 59215
SWIDTH 625 0
DWIDTH 10 0
BBX 7 13 1 -1
BITMAP
08
08
28
68
A8
28
28
28
28
2E
2C
20
20
ENDCHAR
STARTCHAR E750
ENCODING 59216
SWIDTH 625 0
DWIDTH 10 0
BBX 12 11 0 0
BITMAP
5200
9100
88D0
8820
8C00
C730
61C0
7000
3820
1FC0
0200
ENDCHAR
STARTCHAR E751
ENCODING 59217
SWIDTH 625 0
DWIDTH 10 0
BBX 13 11 0 0
BITMAP
0980
1740
6898
1FE0
6018
3FF0
FFF0
9FE0
5FE0
0FC0
0780
ENDCHAR
STARTCHAR E752
ENCODING 59218
SWIDTH 625 0
DWIDTH 10 0
BBX 10 11 0 0
BITMAP
C0C0
F3C0
FFC0
DEC0
FBC0
E1C0
F3C0
DEC0
FFC0
F3C0
C0C0
ENDCHAR
STARTCHAR E753
ENCODING 59219
SWIDTH 625 0
DWIDTH 10 0
BBX 10 10 0 1
BITMAP
3F00
F7C0
F380
FB80
ED80
6180
5D80
7F80
1E00
0800
ENDCHAR
STARTCHAR E754
ENCODING 59220
SWIDTH 625 0
DWIDTH 10 0
BBX 13 12 0 0
BITMAP
0F80
0FC0
1FC0
1FC0
1FE0
3FE0
3DE0
3CF0
7FF0
7FF0
7B78
F9F8
ENDCHAR
STARTCHAR E755
ENCODING 59221
SWIDTH 625 0
DWIDTH 10 0
BBX 12 11 0 0
BITMAP
7FE0
FFF0
FFF0
FF70
EB30
F130
F830
FE30
F010
FFF0
7FF0
ENDCHAR
STARTCHAR E756
ENCODING 59222
SWIDTH 625 0
DWIDTH 10 0
BBX 11 11 0 0
BITMAP
0400
0700
7F60
E060
C060
C060
C060
C060
3F60
1FE0
1380
ENDCHAR
STARTCHAR E757
ENCODING 59223
SWIDTH 625 0
DWIDTH 10 0
BBX 12 13 0 -1
BITMAP
0600
3F80
7FE0
7EA0
F5F0
ED70
E5F0
D5F0
FBF0
FBE0
67E0
3FC0
0F00
ENDCHAR
STARTCHAR E758
ENCODING 59224
SWIDTH 625 0
DWIDTH 10 0
BBX 12 6 0 3
BITMAP
6020
A010
AF50
BF50
B030
8950
ENDCHAR
STARTCHAR E759
ENCODING 59225
SWIDTH 625 0
DWIDTH 10 0
BBX 12 7 0 2
BITMAP
08C0
1680
3F70
5BB0
6D40
DCF0
7800
ENDCHAR
STARTCHAR E75A
ENCODING 59226
SWIDTH 625 0
DWIDTH 10 0
BBX 12 13 0 -1
BITMAP
FFF0
FFF0
C630
C630
C630
C630
C630
C630
C7F0
C7F0
C7F0
FFF0
FFF0
ENDCHAR
STARTCHAR E75B
ENCODING 59227
SWIDTH 625 0
DWIDTH 10 0
BBX 9 11 0 0
BITMAP
7F00
3E00
8080
FF80
FF80
BB80
DB80
FF80
FF80
FF80
7F00
ENDCHAR
STARTCHAR E75C
ENCODING 59228
SWIDTH 625 0
DWIDTH 10 0
BBX 10 9 0 1
BITMAP
07C0
03C0
3FC0
1FC0
FF40
7F00
1B00
1800
0800
ENDCHAR
STARTCHAR E75D
ENCODING 59229
SWIDTH 625 0
DWIDTH 10 0
BBX 12 5 0 3
BITMAP
3170
57A0
7DA0
AAD0
C000
ENDCHAR
STARTCHAR E75E
ENCODING 59230
SWIDTH 625 0
DWIDTH 10 0
BBX 7 13 1 -1
BITMAP
EE
EE
EE
EE
28
C6
00
EE
EE
EE
C6
C6
C6
ENDCHAR
STARTCHAR E75F
ENCODING 59231
SWIDTH 625 0
DWIDTH 10 0
BBX 8 9 1 0
BITMAP
08
2C
7E
FC
C8
07
E7
FE
7C
ENDCHAR
STARTCHAR E760
ENCODING 59232
SWIDTH 625 0
DWIDTH 10 0
BBX 10 13 0 -1
BITMAP
0400
1A00
6180
8040
80C0
81C0
87C0
85C0
87C0
87C0
4780
3600
0C00
ENDCHAR
STARTCHAR E761
ENCODING 59233
SWIDTH 625 0
DWIDTH 10 0
BBX 10 13 0 -1
BITMAP
FC00
FF00
FF00
FF00
FF00
FF00
FF00
FCC0
01C0
FFC0
FFC0
FF80
FF00
ENDCHAR
STARTCHAR E762
ENCODING 59234
SWIDTH 625 0
DWIDTH 10 0
BBX 13 13 0 -1
BITMAP
7FF0
FFF8
FFF8
8718
B3F8
BB18
8268
BA08
BA78
8218
FFF8
FFF8
7FF0
ENDCHAR
STARTCHAR E763
ENCODING 59235
SWIDTH 625 0
DWIDTH 10 0
BBX 7 15 1 -3
BITMAP
04
0C
08
7E
EE
FE
9E
76
2C
7C
7C
7C
3C
3C
3C
ENDCHAR
STARTCHAR E764
ENCODING 59236
SWIDTH 625 0
DWIDTH 10 0
BBX 12 11 0 0
BITMAP
2DC0
2240
2400
3F80
D860
9290
6890
2840
2440
2240
39C0
ENDCHAR
STARTCHAR E765
ENCODING 59237
SWIDTH 625 0
DWIDTH 10 0
BBX 13 11 0 0
BITMAP
0008
0098
1FB8
61F8
5EF8
B170
AD70
AD60
DF80
6640
3F80
ENDCHAR
STARTCHAR E766
ENCODING 59238
SWIDTH 625 0
DWIDTH 10 0
BBX 13 10 0 0
BITMAP
0300
01C0
3FE0
0E30
1DD8
3DD8
6DD8
CE30
07F0
03C0
ENDCHAR
STARTCHAR E767
ENCODING 59239
SWIDTH 625 0
DWIDTH 10 0
BBX 10 13 0 -1
BITMAP
1E00
2100
6100
E780
C180
A640
D740
8F80
5780
5E80
5580
3600
0E00
ENDCHAR
STARTCHAR E768
ENCODING 59240
SWIDTH 625 0
DWIDTH 10 0
BBX 12 13 0 -1
BITMAP
0F00
30C0
4020
7E20
D590
9490
A490
A690
9A90
8FE0
4020
2040
1F80
ENDCHAR
STARTCHAR E769
ENCODING 59241
SWIDTH 625 0
DWIDTH 10 0
BBX 13 13 0 -1
BITMAP
0F80
3FE0
7FF0
7EF0
F678
ECB8
D458
D458
D458
6C70
36F0
1FC0
0F80
ENDCHAR
STARTCHAR E76A
ENCODING 59242
SWIDTH 625 0
DWIDTH 10 0
BBX 10 10 0 0
BITMAP
1E00
7F80
0D80
D6C0
FFC0
F7C0
DA80
6000
3F00
1C00
ENDCHAR
STARTCHAR E76B
ENCODING 59243
SWIDTH 625 0
DWIDTH 10 0
BBX 13 13 0 -1
BITMAP
0F00
37C0
7CE0
EFF0
FFB8
FFB8
BFF8
FEF8
DFD8
7FF0
7FB0
3FE0
0F80
ENDCHAR
STARTCHAR E76C
ENCODING 59244
SWIDTH 625 0
DWIDTH 10 0
BBX 9 13 0 -1
BITMAP
0800
1C00
3E00
7F00
7F00
7E00
7C00
7E00
FF00
7F80
3F00
1E00
0800
ENDCHAR
STARTCHAR E76D
ENCODING 59245
SWIDTH 625 0
DWIDTH 10 0
BBX 12 11 0 0
BITMAP
0700
39C0
C630
F9F0
7FE0
9F90
7060
1F80
E670
39C0
0700
ENDCHAR
STARTCHAR E76E
ENCODING 59246
SWIDTH 625 0
DWIDTH 10 0
BBX 12 13 0 -1
BITMAP
3780
FEE0
FFF0
EFB0
EBB0
EFE0
EBA0
7FC0
6FF0
37C0
0F80
0380
0300
ENDCHAR
STARTCHAR E76F
ENCODING 59247
SWIDTH 625 0
DWIDTH 10 0
BBX 13 11 0 0
BITMAP
0700
1EC0
77F0
7FF8
FFF8
FBB8
FFF8
FEF8
7FF0
3FE0
0FC0
ENDCHAR
STARTCHAR E770
ENCODING 59248
SWIDTH 625 0
DWIDTH 10 0
BBX 10 13 0 -1
BITMAP
0C00
3F00
7F80
F3C0
BD40
BD40
BD40
F3C0
7F80
3F00
0000
3E00
2000
ENDCHAR
STARTCHAR E771
ENCODING 59249
SWIDTH 625 0
DWIDTH 10 0
BBX 11 12 0 -1
BITMAP
0E00
3F80
60E0
CE60
DFE0
9FE0
DFE0
CE60
C0E0
71C0
1F00
0C00
ENDCHAR
STARTCHAR E772
ENCODING 59250
SWIDTH 625 0
DWIDTH 10 0
BBX 13 13 0 -1
BITMAP
09E0
79F8
F9F8
F8F0
FCF0
FC70
7E20
7E00
7F00
3F80
1F00
1F00
0C00
ENDCHAR
STARTCHAR E773
ENCODING 59251
SWIDTH 625 0
DWIDTH 10 0
BBX 9 13 0 -1
BITMAP
1C00
3A00
2D00
9680
9C80
BE80
7F00
3F00
7F00
B700
3F00
5D00
2200
ENDCHAR
STARTCHAR E774
ENCODING 59252
SWIDTH 625 0
DWIDTH 10 0
BBX 9 13 0 -1
BITMAP
1000
3800
3C00
1E00
1E00
7700
7380
F980
C080
F980
7380
7700
1E00
ENDCHAR
STARTCHAR E775
ENCODING 59253
SWIDTH 625 0
DWIDTH 10 0
BBX 11 6 1 3
BITMAP
2400
6E80
9FE0
5FC0
3B80
4000
ENDCHAR
STARTCHAR E776
ENCODING 59254
SWIDTH 625 0
DWIDTH 10 0
BBX 11 13 0 -1
BITMAP
0400
1F00
7FC0
FFE0
E6E0
E6E0
EAE0
ECE0
ECE0
FFE0
7FC0
1F00
0400
ENDCHAR
STARTCHAR E777
ENCODING 59255
SWIDTH 625 0
DWIDTH 10 0
BBX 13 9 0 1
BITMAP
FC00
6C00
3600
3FF8
1B00
3FB8
37C0
6CC0
FC60
ENDCHAR
STARTCHAR E778
ENCODING 59256
SWIDTH 625 0
DWIDTH 10 0
BBX 13 6 0 3
BITMAP
FDF8
FBF0
1000
33C0
6000
FB00
ENDCHAR
STARTCHAR E779
ENCODING 59257
SWIDTH 625 0
DWIDTH 10 0
BBX 11 11 0 0
BITMAP
50C0
ED20
FFA0
FF60
6560
5280
2280
1100
3300
1D00
0300
ENDCHAR
STARTCHAR E77A
ENCODING 59258
SWIDTH 625 0
DWIDTH 10 0
BBX 12 9 0 1
BITMAP
3FC0
FFF0
FFF0
FFF0
FC70
1C00
C3F0
FCF0
3C00
ENDCHAR
STARTCHAR E77B
ENCODING 59259
SWIDTH 625 0
DWIDTH 10 0
BBX 10 13 0 -1
BITMAP
7F80
FFC0
CCC0
CDC0
CFC0
C1C0
DCC0
FCC0
FCC0
CCC0
DCC0
FFC0
FFC0
ENDCHAR
STARTCHAR E77C
ENCODING 59260
SWIDTH 625 0
DWIDTH 10 0
BBX 13 13 0 -1
BITMAP
0F80
3FE0
7FF0
7FF0
DFF8
FFF8
F4B8
D3F8
FFF8
7FF0
7FF0
3FE0
0F80
ENDCHAR
STARTCHAR E77D
ENCODING 59261
SWIDTH 625 0
DWIDTH 10 0
BBX 10 12 0 -1
BITMAP
1F00
3180
40C0
8C40
9040
9080
8880
8700
4400
4000
2000
1800
ENDCHAR
STARTCHAR E77E
ENCODING 59262
SWIDTH 625 0
DWIDTH 10 0
BBX 13 13 0 -1
BITMAP
0780
1B60
2BA0
5B70
AFA8
9FC8
77B8
EB70
EB10
7CF0
3FF0
3020
1FC0
ENDCHAR
STARTCHAR E77F
ENCODING 59263
SWIDTH 625 0
DWIDTH 10 0
BBX 12 5 0 3
BITMAP
1E30
3E70
6760
67E0
E7C0
ENDCHAR
STARTCHAR E780
ENCODING 59264
SWIDTH 625 0
DWIDTH 10 0
BBX 10 12 0 0
BITMAP
0400
0C00
1C00
3C00
7D00
77C0
F3C0
F9C0
D8C0
C0C0
4080
2100
ENDCHAR
STARTCHAR E781
ENCODING 59265
SWIDTH 625 0
DWIDTH 10 0
BBX 13 13 0 -1
BITMAP
FFF8
FFF8
FFF8
FFF8
FFF8
FFF8
FD18
FD78
FD18
FDC8
F148
F398
FFF8
ENDCHAR
STARTCHAR E782
ENCODING 59266
SWIDTH 625 0
DWIDTH 10 0
BBX 10 13 0 -1
BITMAP
0080
01C0
01C0
F9C0
FDC0
7FC0
7EC0
1F80
0700
0700
0F00
0E00
0400
ENDCHAR
STARTCHAR E783
ENCODING 59267
SWIDTH 625 0
DWIDTH 10 0
BBX 11 13 0 -1
BITMAP
0380
F480
B680
E380
C0E0
BFA0
FCA0
F6C0
ADC0
A5C0
5680
7F40
3E80
ENDCHAR
STARTCHAR E784
ENCODING 59268
SWIDTH 625 0
DWIDTH 10 0
BBX 11 13 0 -1
BITMAP
0400
1F00
7BC0
F1E0
F160
F160
E3E0
C0E0
8020
EFE0
7FC0
1F00
0400
ENDCHAR
STARTCHAR E785
ENCODING 59269
SWIDTH 625 0
DWIDTH 10 0
BBX 13 13 0 -1
BITMAP
0820
1C70
1EF0
6FE0
F7C0
7BC0
3DE0
1EF0
3F78
7FB0
F3C0
61C0
0080
ENDCHAR
STARTCHAR E786
ENCODING 59270
SWIDTH 625 0
DWIDTH 10 0
BBX 12 10 1 0
BITMAP
3F00
5580
C040
D130
D390
C070
C7C0
4400
0C00
1000
ENDCHAR
STARTCHAR E787
ENCODING 59271
SWIDTH 625 0
DWIDTH 10 0
BBX 9 12 0 0
BITMAP
2000
6800
7D00
7F00
7F80
7F80
7F80
FF80
7F80
FF80
3F00
0C00
ENDCHAR
STARTCHAR E788
ENCODING 59272
SWIDTH 625 0
DWIDTH 10 0
BBX 13 13 0 -1
BITMAP
0780
1FE0
3FF0
7A70
7778
F7F8
F7F8
F7F8
7778
7B70
3CF0
3FE0
0F80
ENDCHAR
STARTCHAR E789
ENCODING 59273
SWIDTH 625 0
DWIDTH 10 0
BBX 12 5 0 3
BITMAP
0FE0
7B90
9720
7EC0
0B00
ENDCHAR
STARTCHAR E78A
ENCODING 59274
SWIDTH 625 0
DWIDTH 10 0
BBX 11 11 0 -1
BITMAP
0400
7E00
7FC0
7F80
7EC0
F9E0
73E0
37C0
6FC0
6FC0
0600
ENDCHAR
STARTCHAR E78B
ENCODING 59275
SWIDTH 625 0
DWIDTH 10 0
BBX 13 8 0 2
BITMAP
07E0
7FF8
7FE8
FFF8
7F00
7F80
7680
7780
ENDCHAR
STARTCHAR E78C
ENCODING 59276
SWIDTH 625 0
DWIDTH 10 0
BBX 13 13 0 -1
BITMAP
0F80
3FE0
7FF0
78F0
F078
0738
0738
0738
F078
78F0
7FF0
3FE0
0F80
ENDCHAR
STARTCHAR E78D
ENCODING 59277
SWIDTH 625 0
DWIDTH 10 0
BBX 13 13 0 -1
BITMAP
3FE0
7FF0
FFF8
F538
EF78
EEF8
EEF8
EEF8
EFF8
FF78
FFF8
7FF0
3FE0
ENDCHAR
STARTCHAR E78E
ENCODING 59278
SWIDTH 625 0
DWIDTH 10 0
BBX 12 11 0 0
BITMAP
1E60
7FE0
7FF0
6DF0
6DE0
FFC0
FFE0
FFF0
FFE0
3FE0
11E0
ENDCHAR
STARTCHAR E78F
ENCODING 59279
SWIDTH 625 0
DWIDTH 10 0
BBX 3 11 3 0
BITMAP
20
A0
E0
E0
C0
C0
C0
C0
C0
C0
C0
ENDCHAR
STARTCHAR E790
ENCODING 59280
SWIDTH 625 0
DWIDTH 10 0
BBX 12 13 0 -1
BITMAP
0D80
38C0
6060
4030
C510
9550
A590
95D0
C310
4020
2060
1DC0
0500
ENDCHAR
STARTCHAR E791
ENCODING 59281
SWIDTH 625 0
DWIDTH 10 0
BBX 11 10 0 0
BITMAP
0FC0
1EE0
3C20
7FC0
79C0
F1C0
99C0
9EC0
DC40
7F80
ENDCHAR
STARTCHAR E792
ENCODING 59282
SWIDTH 625 0
DWIDTH 10 0
BBX 12 5 0 3
BITMAP
0780
1F80
3FA0
7FB0
FFF0
ENDCHAR
STARTCHAR E793
ENCODING 59283
SWIDTH 625 0
DWIDTH 10 0
BBX 12 11 0 0
BITMAP
0DC0
3FC0
36E0
7760
F3F0
E3B0
F3F0
7760
76E0
3EC0
0DC0
ENDCHAR
STARTCHAR E794
ENCODING 59284
SWIDTH 625 0
DWIDTH 10 0
BBX 13 12 0 0
BITMAP
0600
0500
0700
0F80
0F80
1FC0
1FC0
3FE0
37E0
5DF0
BFB0
FFE8
ENDCHAR
STARTCHAR E795
ENCODING 59285
SWIDTH 625 0
DWIDTH 10 0
BBX 11 9 0 1
BITMAP
FFE0
DFE0
CFE0
E7E0
CFE0
D8E0
FFE0
FFE0
FFE0
ENDCHAR
STARTCHAR E796
ENCODING 59286
SWIDTH 625 0
DWIDTH 10 0
BBX 12 11 0 0
BITMAP
3F80
3280
2140
5830
8030
C060
E060
60C0
1D80
0F80
0300
ENDCHAR
STARTCHAR E797
ENCODING 59287
SWIDTH 625 0
DWIDTH 10 0
BBX 13 11 0 -1
BITMAP
0F80
3060
6030
4010
8018
F8F8
0500
0200
0200
0200
0200
ENDCHAR
STARTCHAR E798
ENCODING 59288
SWIDTH 625 0
DWIDTH 10 0
BBX 13 13 0 -1
BITMAP
0300
0780
1F80
2FE0
37F0
7BD8
FDF8
FEF8
7F68
1FB8
1BC8
0F40
07E0
ENDCHAR
STARTCHAR E799
ENCODING 59289
SWIDTH 625 0
DWIDTH 10 0
BBX 13 12 0 -1
BITMAP
2060
78F8
7FF8
7FF0
1FE0
07C0
1F00
3FC0
7FF0
FFF0
F1F0
3020
ENDCHAR
STARTCHAR E79A
ENCODING 59290
SWIDTH 625 0
DWIDTH 10 0
BBX 13 13 0 -1
BITMAP
0F80
3FC0
78C0
7010
E000
C628
C700
C728
E000
6010
78C0
3FE0
0F80
ENDCHAR
STARTCHAR E79B
ENCODING 59291
SWIDTH 625 0
DWIDTH 10 0
BBX 12 11 0 0
BITMAP
C070
8030
8E30
8FF0
8FF0
8FF0
8FF0
8F90
C710
C210
C030
ENDCHAR
STARTCHAR E79C
ENCODING 59292
SWIDTH 625 0
DWIDTH 10 0
BBX 13 13 0 -1
BITMAP
7FF0
FFF8
FFF8
8FF8
B3F8
B528
B338
B298
86D8
FFF8
FFF8
FFF8
7FF0
ENDCHAR
STARTCHAR E79D
ENCODING 59293
SWIDTH 625 0
DWIDTH 10 0
BBX 13 12 0 0
BITMAP
0E00
0700
0B00
2F60
5790
AB48
5EB0
2B40
1F80
0200
0D80
0800
ENDCHAR
STARTCHAR E79E
ENCODING 59294
SWIDTH 625 0
DWIDTH 10 0
BBX 13 11 0 0
BITMAP
1FC0
3FE0
7FF0
BFF0
FFF8
8000
BFF0
BFF0
7FF0
3FE0
1F80
ENDCHAR
STARTCHAR E79F
ENCODING 59295
SWIDTH 625 0
DWIDTH 10 0
BBX 13 11 0 0
BITMAP
4000
C230
5FC8
1C50
3860
4FE0
46C0
A340
9E80
F720
0020
ENDCHAR
STARTCHAR E7A0
ENCODING 59296
SWIDTH 625 0
DWIDTH 10 0
BBX 13 13 0 -1
BITMAP
0F80
3FE0
7FF0
7FF0
CF18
CF18
C018
C018
E038
7FF0
7FF0
3FE0
0F80
ENDCHAR
STARTCHAR E7A1
ENCODING 59297
SWIDTH 625 0
DWIDTH 10 0
BBX 12 13 0 -1
BITMAP
2EC0
3FC0
4E40
94A0
ACD0
9ED0
C630
FFF0
FFE0
7FE0
7FE0
3F80
2200
ENDCHAR
STARTCHAR E7A2
ENCODING 59298
SWIDTH 625 0
DWIDTH 10 0
BBX 12 8 0 1
BITMAP
3FC0
7FE0
FFF0
FFF0
DFB0
FFF0
FFF0
1F80
ENDCHAR
STARTCHAR E7A3
ENCODING 59299
SWIDTH 625 0
DWIDTH 10 0
BBX 12 13 0 -1
BITMAP
0600
1F80
7FC0
E0F0
C070
CEF0
CFD0
CFD0
C6F0
E0F0
7FC0
1F80
0600
ENDCHAR
STARTCHAR E7A4
ENCODING 59300
SWIDTH 625 0
DWIDTH 10 0
BBX 7 15 1 -2
BITMAP
10
38
38
7C
7C
FE
FE
FE
FE
FE
7C
3C
38
10
10
ENDCHAR
STARTCHAR E7A5
ENCODING 59301
SWIDTH 625 0
DWIDTH 10 0
BBX 13 12 0 0
BITMAP
8000
4800
2400
1380
2960
16A0
0950
14A8
1A50
0D20
06B0
0140
ENDCHAR
STARTCHAR E7A6
ENCODING 59302
SWIDTH 625 0
DWIDTH 10 0
BBX 13 2 0 5
BITMAP
F5F8
E450
ENDCHAR
STARTCHAR E7A7
ENCODING 59303
SWIDTH 625 0
DWIDTH 10 0
BBX 13 13 0 -1
BITMAP
0200
0700
0F80
1FC0
39E0
74F0
EC78
7470
38E0
1DC0
0F80
0700
0200
ENDCHAR
STARTCHAR E7A8
ENCODING 59304
SWIDTH 625 0
DWIDTH 10 0
BBX 12 12 0 0
BITMAP
3FC0
74C0
6060
FFB0
D9D0
9F30
99B0
FDF0
FDE0
70C0
3FC0
1F00
ENDCHAR
STARTCHAR E7A9
ENCODING 59305
SWIDTH 625 0
DWIDTH 10 0
BBX 12 13 0 -1
BITMAP
0600
1980
6060
8020
8710
8F90
8F90
8F90
8710
8020
4020
3080
0F00
ENDCHAR
STARTCHAR E7AA
ENCODING 59306
SWIDTH 625 0
DWIDTH 10 0
BBX 10 10 0 0
BITMAP
FFC0
FFC0
F3C0
EFC0
E7C0
FDC0
EDC0
FBC0
FFC0
FFC0
ENDCHAR
STARTCHAR E7AB
ENCODING 59307
SWIDTH 625 0
DWIDTH 10 0
BBX 12 11 0 0
BITMAP
0200
0600
0700
0F00
1080
1EC0
38C0
36E0
7420
7BF0
FFF0
ENDCHAR
STARTCHAR E7AC
ENCODING 59308
SWIDTH 625 0
DWIDTH 10 0
BBX 13 13 0 -1
BITMAP
0C00
1FC0
3FE0
7DF0
C3F0
83F0
C3F0
67F8
77F8
7FF0
3FE0
1FC0
0380
ENDCHAR
STARTCHAR E7AD
ENCODING 59309
SWIDTH 625 0
DWIDTH 10 0
BBX 13 7 0 2
BITMAP
F6E0
6F40
AF30
4160
0010
6028
1FC0
ENDCHAR
STARTCHAR E7AE
ENCODING 59310
SWIDTH 625 0
DWIDTH 10 0
BBX 13 13 0 -1
BITMAP
0F80
1FC0
7FE0
7070
E030
E038
C038
0038
0C30
CC70
CDE0
33C0
0380
ENDCHAR
STARTCHAR E7AF
ENCODING 59311
SWIDTH 625 0
DWIDTH 10 0
BBX 11 7 0 2
BITMAP
FFE0
B1E0
B860
B8E0
B9E0
83E0
FFE0
ENDCHAR
STARTCHAR E7B0
ENCODING 59312
SWIDTH 625 0
DWIDTH 10 0
BBX 13 9 0 1
BITMAP
0E00
3A00
3E20
7F38
FFE0
FFC0
FF80
9F00
7C00
ENDCHAR
STARTCHAR E7B1
ENCODING 59313
SWIDTH 625 0
DWIDTH 10 0
BBX 13 8 0 1
BITMAP
C318
8708
8008
8008
87F8
87F8
87C8
C108
ENDCHAR
STARTCHAR E7B2
ENCODING 59314
SWIDTH 625 0
DWIDTH 10 0
BBX 11 12 0 -1
BITMAP
0E00
3F80
61E0
CE60
DFE0
9FE0
DFA0
CE60
C0E0
71C0
1F00
0E00
ENDCHAR
STARTCHAR E7B3
ENCODING 59315
SWIDTH 625 0
DWIDTH 10 0
BBX 13 13 0 -1
BITMAP
0F80
3FC0
7FE0
69B0
FFF0
C038
A058
D098
E9F0
69F0
79E0
39C0
0F80
ENDCHAR
STARTCHAR E7B4
ENCODING 59316
SWIDTH 625 0
DWIDTH 10 0
BBX 13 13 0 -1
BITMAP
FFF8
FFF8
FFF8
FFB8
FFF8
F5B8
F5B8
F1B8
EEB8
EEB8
FFF8
FFF8
FFF8
ENDCHAR
STARTCHAR E7B5
ENCODING 59317
SWIDTH 625 0
DWIDTH 10 0
BBX 11 11 0 0
BITMAP
7D80
7FC0
FFE0
EDE0
EDE0
6BE0
FFE0
7FE0
7FE0
7FE0
4300
ENDCHAR
STARTCHAR E7B6
ENCODING 59318
SWIDTH 625 0
DWIDTH 10 0
BBX 11 7 1 2
BITMAP
3300
3B80
3B80
7F80
EEE0
EEE0
EEE0
ENDCHAR
STARTCHAR E7B7
ENCODING 59319
SWIDTH 625 0
DWIDTH 10 0
BBX 11 13 0 -1
BITMAP
0E00
3F80
75C0
75E0
CFE0
FFE0
CE60
F5E0
75C0
3FC0
1F80
0700
0400
ENDCHAR
STARTCHAR E7B8
ENCODING 59320
SWIDTH 625 0
DWIDTH 10 0
BBX 13 13 0 -1
BITMAP
7FF0
FFF8
FFF8
E3F8
EDF8
ED38
E378
EF98
EE38
FFF8
FFF8
FFF8
7FE0
ENDCHAR
STARTCHAR E7B9
ENCODING 59321
SWIDTH 625 0
DWIDTH 10 0
BBX 13 13 0 -1
BITMAP
0F80
3040
6020
4010
9E28
A528
A148
A4C8
9C88
4090
6130
3140
0E80
ENDCHAR
STARTCHAR E7BA
ENCODING 59322
SWIDTH 625 0
DWIDTH 10 0
BBX 13 11 0 0
BITMAP
19C0
2640
2640
1FC0
69F0
9688
6990
1FE0
2640
2640
19C0
ENDCHAR
STARTCHAR E7BB
ENCODING 59323
SWIDTH 625 0
DWIDTH 10 0
BBX 12 11 0 0
BITMAP
1F80
31E0
7860
F070
9C70
C610
F010
EC30
03F0
0170
0080
ENDCHAR
STARTCHAR E7BC
ENCODING 59324
SWIDTH 625 0
DWIDTH 10 0
BBX 13 13 0 -1
BITMAP
C7C0
FBF0
FDF0
1C38
0E38
0EF0
0EF0
0EF0
0E38
1C38
FDF0
F3E0
C7C0
ENDCHAR
STARTCHAR E7BD
ENCODING 59325
SWIDTH 625 0
DWIDTH 10 0
BBX 12 11 0 0
BITMAP
F380
FFE0
FFE0
EBF0
EB70
66F0
7FE0
7FE0
7FC0
FF00
1F00
ENDCHAR
STARTCHAR E7BE
ENCODING 59326
SWIDTH 625 0
DWIDTH 10 0
BBX 12 11 0 0
BITMAP
3780
3FC0
FFF0
E4F0
6DF0
66F0
7FF0
FFF0
FF80
7C00
3C00
ENDCHAR
STARTCHAR E7BF
ENCODING 59327
SWIDTH 625 0
DWIDTH 10 0
BBX 12 13 0 -1
BITMAP
0F00
30C0
4720
8810
97D0
E7F0
AFF0
DFF0
DFF0
6F50
BF60
7FC0
0F00
ENDCHAR
STARTCHAR E7C0
ENCODING 59328
SWIDTH 625 0
DWIDTH 10 0
BBX 13 13 0 -1
BITMAP
0200
1FC0
3FA0
7F70
B0D0
A258
E068
E028
F038
6C30
7E30
3A60
0F80
ENDCHAR
STARTCHAR E7C1
ENCODING 59329
SWIDTH 625 0
DWIDTH 10 0
BBX 12 11 0 0
BITMAP
FFF0
FFF0
FFF0
F4E0
4D20
4B20
72E0
7FE0
7FE0
1F80
0600
ENDCHAR
STARTCHAR E7C2
ENCODING 59330
SWIDTH 625 0
DWIDTH 10 0
BBX 13 7 0 2
BITMAP
F270
9A80
8AC0
9A70
FA18
0A98
1CF0
ENDCHAR
STARTCHAR E7C3
ENCODING 59331
SWIDTH 625 0
DWIDTH 10 0
BBX 12 7 0 2
BITMAP
D000
0000
FFF0
F960
F160
DF20
23B0
ENDCHAR
STARTCHAR E7C4
ENCODING 59332
SWIDTH 625 0
DWIDTH 10 0
BBX 11 12 0 -1
BITMAP
0020
FF60
FEA0
FFE0
FD60
FFC0
FEC0
FF80
FF00
FE00
FC00
FC00
ENDCHAR
STARTCHAR E7C5
ENCODING 59333
SWIDTH 625 0
DWIDTH 10 0
BBX 12 12 0 0
BITMAP
7FF0
7DF0
39E0
3BC0
7FA0
BF10
BF20
7C40
39F0
32B0
3B00
0600
ENDCHAR
STARTCHAR E7C6
ENCODING 59334
SWIDTH 625 0
DWIDTH 10 0
BBX 13 13 0 -1
BITMAP
0F80
3FE0
7FE0
7FF0
CDF0
DCF8
D5F8
DCF8
FFF0
7970
7FE0
3FC0
0F80
ENDCHAR
STARTCHAR E7C7
ENCODING 59335
SWIDTH 625 0
DWIDTH 10 0
BBX 8 14 1 -1
BITMAP
10
18
18
18
3C
3C
3C
7C
7A
7E
7E
FE
FF
7C
ENDCHAR
STARTCHAR E7C8
ENCODING 59336
SWIDTH 625 0
DWIDTH 10 0
BBX 13 13 0 -1
BITMAP
FFF8
FFF8
EFF8
FFF8
F3F8
EFF8
EFF8
ECF8
FD78
FF78
F4F8
FFF8
FFF8
ENDCHAR
STARTCHAR E7C9
ENCODING 59337
SWIDTH 625 0
DWIDTH 10 0
BBX 10 13 0 -1
BITMAP
0E00
3F80
7FC0
7FC0
F1C0
F1C0
F1C0
F3C0
F7C0
F780
7A00
3C40
1F00
ENDCHAR
STARTCHAR E7CA
ENCODING 59338
SWIDTH 625 0
DWIDTH 10 0
BBX 11 13 0 -1
BITMAP
0F80
3FE0
7FE0
7FC0
0000
FF80
FFC0
FF80
0000
7FC0
7FE0
3FE0
0F80
ENDCHAR
STARTCHAR E7CB
ENCODING 59339
SWIDTH 625 0
DWIDTH 10 0
BBX 11 11 0 0
BITMAP
0C00
0200
7180
9540
A140
4940
C100
A140
D8A0
1740
0C00
ENDCHAR
STARTCHAR E7CC
ENCODING 59340
SWIDTH 625 0
DWIDTH 10 0
BBX 9 13 0 -1
BITMAP
FF80
FF80
FF80
FF80
AF80
EE80
EC80
EE80
EB80
FF80
FF80
FF80
FF80
ENDCHAR
STARTCHAR E7CD
ENCODING 59341
SWIDTH 625 0
DWIDTH 10 0
BBX 9 13 0 -1
BITMAP
0800
1800
3800
3C00
7E00
5E00
BF00
BF80
D580
BF80
4D00
3F00
1C00
ENDCHAR
STARTCHAR E7CE
ENCODING 59342
SWIDTH 625 0
DWIDTH 10 0
BBX 12 12 0 -1
BITMAP
7FF0
BFF0
DFF0
EF70
F6F0
F9F0
F9E0
F6D0
EF30
DFB0
BFD0
7FE0
ENDCHAR
STARTCHAR E7CF
ENCODING 59343
SWIDTH 625 0
DWIDTH 10 0
BBX 11 11 0 0
BITMAP
1F00
3F80
7E40
F2E0
FBE0
E1E0
EFE0
F7E0
7EC0
3FC0
1F00
ENDCHAR
STARTCHAR E7D0
ENCODING 59344
SWIDTH 625 0
DWIDTH 10 0
BBX 13 13 0 -1
BITMAP
2A80
2AC0
5FE0
F070
E738
6FE0
CFF8
6FE0
E738
7060
FDF8
7FE0
2AC0
ENDCHAR
STARTCHAR E7D1
ENCODING 59345
SWIDTH 625 0
DWIDTH 10 0
BBX 12 9 0 1
BITMAP
0180
0E40
0830
3A10
6910
A910
AF30
91C0
7C00
ENDCHAR
STARTCHAR E7D2
ENCODING 59346
SWIDTH 625 0
DWIDTH 10 0
BBX 13 11 0 0
BITMAP
1FC0
3DE0
3060
4730
4FB0
CFB8
CFB0
4F30
3260
39E0
1FC0
ENDCHAR
STARTCHAR E7D3
ENCODING 59347
SWIDTH 625 0
DWIDTH 10 0
BBX 12 7 0 2
BITMAP
7810
8520
84C0
FC40
80C0
8520
7A10
ENDCHAR
STARTCHAR E7D4
ENCODING 59348
SWIDTH 625 0
DWIDTH 10 0
BBX 12 12 0 -1
BITMAP
FFF0
FFF0
FE30
FCF0
FCF0
F830
F830
FCF0
FCF0
FCF0
FCF0
FCE0
ENDCHAR
STARTCHAR E7D5
ENCODING 59349
SWIDTH 625 0
DWIDTH 10 0
BBX 13 13 0 -1
BITMAP
0700
1FC0
3DE0
7DF0
F9F0
F878
F078
F0F8
FCF8
7DF0
7DF0
3FE0
0F80
ENDCHAR
STARTCHAR E7D6
ENCODING 59350
SWIDTH 625 0
DWIDTH 10 0
BBX 12 8 0 1
BITMAP
0FF0
1F80
3760
7E80
EF60
0780
0C00
1000
ENDCHAR
STARTCHAR E7D7
ENCODING 59351
SWIDTH 625 0
DWIDTH 10 0
BBX 11 12 0 -1
BITMAP
8000
C000
E020
F8C0
7DC0
3F80
3F80
3F80
1F00
1C00
3000
4000
ENDCHAR
STARTCHAR E7D8
ENCODING 59352
SWIDTH 625 0
DWIDTH 10 0
BBX 13 13 0 -1
BITMAP
0F80
3160
4310
8310
8508
8208
8608
8608
8408
8410
4410
2020
1FC0
ENDCHAR
STARTCHAR E7D9
ENCODING 59353
SWIDTH 625 0
DWIDTH 10 0
BBX 13 13 0 -1
BITMAP
0700
1FC0
3FE0
7C70
FDB8
FDB8
FDF8
C5F8
DDF8
D9F0
E3F0
FFC0
7F80
ENDCHAR
STARTCHAR E7DA
ENCODING 59354
SWIDTH 625 0
DWIDTH 10 0
BBX 9 13 0 -1
BITMAP
7F00
7F80
FF80
7F80
3F00
7F80
FF80
7F80
7B00
7800
F800
F800
7000
ENDCHAR
STARTCHAR E7DB
ENCODING 59355
SWIDTH 625 0
DWIDTH 10 0
BBX 13 13 0 -1
BITMAP
B360
FFF0
E078
E078
E7F0
E018
E018
CF30
CCF0
C9F8
F838
FFF0
FFF8
ENDCHAR
STARTCHAR E7DC
ENCODING 59356
SWIDTH 625 0
DWIDTH 10 0
BBX 11 11 0 0
BITMAP
C000
6000
7800
D000
D000
7000
7000
7800
3C00
1B00
0FE0
ENDCHAR
STARTCHAR E7DD
ENCODING 59357
SWIDTH 625 0
DWIDTH 10 0
BBX 10 13 0 -1
BITMAP
03C0
0780
0F00
1E00
3C00
7800
F3C0
6780
0F00
1E00
0F00
0780
03C0
ENDCHAR
STARTCHAR E7DE
ENCODING 59358
SWIDTH 625 0
DWIDTH 10 0
BBX 13 13 0 -1
BITMAP
7FF0
C018
C018
E798
E6D8
E6D8
E0F8
E6F8
E6F8
E7F8
E7F8
C1F8
7FF0
ENDCHAR
STARTCHAR E7DF
ENCODING 59359
SWIDTH 625 0
DWIDTH 10 0
BBX 11 12 0 0
BITMAP
1FC0
1FC0
3F80
3F00
7F40
FFE0
FFE0
FFC0
FF00
7F80
7F80
3980
ENDCHAR
STARTCHAR E7E0
ENCODING 59360
SWIDTH 625 0
DWIDTH 10 0
BBX 8 13 1 -1
BITMAP
FF
7F
3F
1F
F0
F8
FC
FE
FF
70
30
30
10
ENDCHAR
STARTCHAR E7E1
ENCODING 59361
SWIDTH 625 0
DWIDTH 10 0
BBX 13 13 0 -1
BITMAP
0F00
1FC0
0000
7FE0
FFD0
FFB8
FFB8
FF78
FEF0
7DF0
7DE0
3BC0
0780
ENDCHAR
STARTCHAR E7E2
ENCODING 59362
SWIDTH 625 0
DWIDTH 10 0
BBX 13 7 0 2
BITMAP
F880
0460
77B0
6BD8
77B0
0420
7FF8
ENDCHAR
STARTCHAR E7E3
ENCODING 59363
SWIDTH 625 0
DWIDTH 10 0
BBX 13 13 0 -1
BITMAP
0F80
38E0
6030
4F90
DFF8
DFF8
EF08
B708
DBD8
4D90
6670
33E0
0F80
ENDCHAR
STARTCHAR E7E4
ENCODING 59364
SWIDTH 625 0
DWIDTH 10 0
BBX 11 13 0 -1
BITMAP
0400
1A00
2180
C060
C040
B180
8E20
93E0
E120
8620
64C0
1500
0E00
ENDCHAR
STARTCHAR E7E5
ENCODING 59365
SWIDTH 625 0
DWIDTH 10 0
BBX 11 13 0 -1
BITMAP
1C00
3F00
FFE0
7DE0
FDE0
FF80
FFC0
FFC0
F5C0
EF80
7F80
7F00
1E00
ENDCHAR
STARTCHAR E7E6
ENCODING 59366
SWIDTH 625 0
DWIDTH 10 0
BBX 12 13 0 -1
BITMAP
1E00
7F80
7BC0
F7E0
F9F0
5FF0
2FF0
5FE0
BFC0
FE80
FF00
AC00
7000
ENDCHAR
STARTCHAR E7E7
ENCODING 59367
SWIDTH 625 0
DWIDTH 10 0
BBX 13 9 0 0
BITMAP
0040
2060
39E0
D7C0
E9C0
7FC0
3D80
0F60
0018
ENDCHAR
STARTCHAR E7E8
ENCODING 59368
SWIDTH 625 0
DWIDTH 10 0
BBX 12 9 0 1
BITMAP
0200
0F80
3FE0
FFD0
9F30
C450
3180
0E00
0C00
ENDCHAR
STARTCHAR E7E9
ENCODING 59369
SWIDTH 625 0
DWIDTH 10 0
BBX 13 13 0 -1
BITMAP
7000
8800
F400
B400
4800
3730
3AF8
2948
2630
2730
2948
1D48
0730
ENDCHAR
STARTCHAR E7EA
ENCODING 59370
SWIDTH 625 0
DWIDTH 10 0
BBX 13 13 0 -1
BITMAP
0F80
3FC0
7FE0
6030
E030
C030
C030
C078
E3D8
7198
7BD8
3878
1830
ENDCHAR
STARTCHAR E7EB
ENCODING 59371
SWIDTH 625 0
DWIDTH 10 0
BBX 13 12 0 -1
BITMAP
2020
6060
7070
7070
FFF0
FFF8
FFF0
FFF0
7FE0
1FC0
0F00
0600
ENDCHAR
STARTCHAR E7EC
ENCODING 59372
SWIDTH 625 0
DWIDTH 10 0
BBX 13 13 0 -1
BITMAP
0200
0F00
3E00
F830
E0F8
E3F8
E7B8
E738
E038
F8F8
7FF0
1FC0
0700
ENDCHAR
STARTCHAR E7ED
ENCODING 59373
SWIDTH 625 0
DWIDTH 10 0
BBX 9 13 0 -1
BITMAP
8000
8000
8000
9480
9480
9480
9480
9480
1400
1400
1400
1400
1400
ENDCHAR
STARTCHAR E7EE
ENCODING 59374
SWIDTH 625 0
DWIDTH 10 0
BBX 11 11 0 0
BITMAP
1900
1F00
7FA0
FFE0
7FE0
5AE0
4B60
7FE0
57E0
7FC0
1F80
ENDCHAR
STARTCHAR E7EF
ENCODING 59375
SWIDTH 625 0
DWIDTH 10 0
BBX 12 11 0 0
BITMAP
1F00
3F00
3FD0
6460
FD40
ED60
7FE0
7FF0
FFE0
7FE0
19C0
ENDCHAR
STARTCHAR E7F0
ENCODING 59376
SWIDTH 625 0
DWIDTH 10 0
BBX 12 13 0 -1
BITMAP
0F80
3FC0
7F80
7080
E000
E000
E3F0
E3F0
E070
7070
7FE0
3FC0
0F80
ENDCHAR
STARTCHAR E7F1
ENCODING 59377
SWIDTH 625 0
DWIDTH 10 0
BBX 12 9 0 1
BITMAP
0F00
3F80
31C0
7CE0
FCE0
C030
C070
FFE0
3FC0
ENDCHAR
STARTCHAR E7F2
ENCODING 59378
SWIDTH 625 0
DWIDTH 10 0
BBX 13 9 0 1
BITMAP
0030
0008
1F88
1FF8
7BF0
7FE0
FFC0
FFC0
CC80
ENDCHAR
STARTCHAR E7F3
ENCODING 59379
SWIDTH 625 0
DWIDTH 10 0
BBX 12 13 0 -1
BITMAP
0200
0600
2FC0
7C60
3020
33D0
6460
E420
7360
3870
1FC0
1F80
0080
ENDCHAR
STARTCHAR E7F4
ENCODING 59380
SWIDTH 625 0
DWIDTH 10 0
BBX 12 12 0 0
BITMAP
0600
0F00
FAE0
C960
5120
60A0
6060
C020
FFF0
50A0
0F00
0600
ENDCHAR
STARTCHAR E7F5
ENCODING 59381
SWIDTH 625 0
DWIDTH 10 0
BBX 13 6 0 2
BITMAP
9D90
0B60
7DC0
7D28
1010
2000
ENDCHAR
STARTCHAR E7F6
ENCODING 59382
SWIDTH 625 0
DWIDTH 10 0
BBX 13 11 0 0
BITMAP
0100
06C0
0A30
32A8
D208
5210
5560
C980
DA80
5B80
2400
ENDCHAR
STARTCHAR E7F7
ENCODING 59383
SWIDTH 625 0
DWIDTH 10 0
BBX 12 3 0 4
BITMAP
9F90
BFD0
F0F0
ENDCHAR
STARTCHAR E7F8
ENCODING 59384
SWIDTH 625 0
DWIDTH 10 0
BBX 13 9 0 1
BITMAP
0700
1FC0
3DE0
79F0
79F0
7FF0
7DF0
FFF8
7FF0
ENDCHAR
STARTCHAR E7F9
ENCODING 59385
SWIDTH 625 0
DWIDTH 10 0
BBX 13 10 0 0
BITMAP
FFF8
FFF8
F618
EA18
80C8
EB38
D618
FFF8
FFF8
7FF8
ENDCHAR
STARTCHAR E7FA
ENCODING 59386
SWIDTH 625 0
DWIDTH 10 0
BBX 13 13 0 -1
BITMAP
F078
FDF8
FFF8
FFF8
7FF0
7FF0
3FE0
7FF0
7FF0
FFF8
FFF8
FDF8
F0F8
ENDCHAR
STARTCHAR E7FB
ENCODING 59387
SWIDTH 625 0
DWIDTH 10 0
BBX 11 13 0 -1
BITMAP
0400
0400
2E80
3180
0000
9CA0
DCE0
DEA0
0000
2080
3F80
0400
0400
ENDCHAR
STARTCHAR E7FC
ENCODING 59388
SWIDTH 625 0
DWIDTH 10 0
BBX 12 13 0 -1
BITMAP
3E00
7F00
7F80
FF80
F000
7040
6040
20E0
21F0
1FE0
1FE0
0F40
0FC0
ENDCHAR
STARTCHAR E7FD
ENCODING 59389
SWIDTH 625 0
DWIDTH 10 0
BBX 9 13 0 -1
BITMAP
2000
3800
4600
6200
9D00
8100
7E80
7980
7E80
7E80
7F80
7F00
7E00
ENDCHAR
STARTCHAR E7FE
ENCODING 59390
SWIDTH 625 0
DWIDTH 10 0
BBX 11 13 0 -1
BITMAP
0E00
3F00
7FC0
E6E0
E6E0
E0E0
E0E0
E6E0
E6E0
E6E0
7FC0
1F00
0C00
ENDCHAR
STARTCHAR E7FF
ENCODING 59391
SWIDTH 625 0
DWIDTH 10 0
BBX 13 3 0 4
BITMAP
FFF8
E490
E490
ENDCHAR
STARTCHAR E800
ENCODING 59392
SWIDTH 625 0
DWIDTH 10 0
BBX 12 13 0 -1
BITMAP
0C00
1F80
3E60
7CE0
FAF0
77F0
AFF0
5F70
7960
BF60
3F40
1F80
0300
ENDCHAR
STARTCHAR E801
ENCODING 59393
SWIDTH 625 0
DWIDTH 10 0
BBX 12 13 0 -1
BITMAP
0600
0900
1080
2940
7FE0
FFF0
FFF0
3FE0
3B80
1FB0
1F80
0E00
0200
ENDCHAR
STARTCHAR E802
ENCODING 59394
SWIDTH 625 0
DWIDTH 10 0
BBX 13 13 0 -1
BITMAP
0F80
3040
47A0
47D0
87E8
BFE8
BFE8
BFE8
BFE8
5FD0
4F90
3060
0F80
ENDCHAR
STARTCHAR E803
ENCODING 59395
SWIDTH 625 0
DWIDTH 10 0
BBX 9 12 1 -1
BITMAP
0400
7A00
7F00
EE00
DB00
B300
9F00
F700
FF80
FF80
2400
C000
ENDCHAR
STARTCHAR E804
ENCODING 59396
SWIDTH 625 0
DWIDTH 10 0
BBX 11 11 0 0
BITMAP
1FE0
3C60
7C60
FC60
FC60
FFE0
C460
C460
64C0
3F80
1F00
ENDCHAR
STARTCHAR E805
ENCODING 59397
SWIDTH 625 0
DWIDTH 10 0
BBX 13 13 0 -1
BITMAP
1FC0
3060
6230
4A90
9258
B9E8
8908
9558
CD98
5B90
6A30
39E0
0F80
ENDCHAR
STARTCHAR E806
ENCODING 59398
SWIDTH 625 0
DWIDTH 10 0
BBX 13 13 0 -1
BITMAP
0600
0F00
0F80
0F80
7FE0
F8F0
F8F8
F8F8
7FF0
1FC0
0F80
0F80
0700
ENDCHAR
STARTCHAR E807
ENCODING 59399
SWIDTH 625 0
DWIDTH 10 0
BBX 12 13 0 -1
BITMAP
0FF0
0810
0410
05A0
05A0
6670
9990
E670
A810
B010
81E0
8600
7800
ENDCHAR
STARTCHAR E808
ENCODING 59400
SWIDTH 625 0
DWIDTH 10 0
BBX 13 13 0 -1
BITMAP
0400
1F00
7B80
F1C0
FFE0
3FF0
0998
0FB8
0FE0
03C0
0F80
1E00
0C00
ENDCHAR
STARTCHAR E809
ENCODING 59401
SWIDTH 625 0
DWIDTH 10 0
BBX 11 13 0 -1
BITMAP
0400
1F00
7BC0
EEE0
F9E0
E0E0
E0E0
E0E0
F9E0
EEE0
7BC0
1F00
0400
ENDCHAR
STARTCHAR E80A
ENCODING 59402
SWIDTH 625 0
DWIDTH 10 0
BBX 13 13 0 -1
BITMAP
FFF8
FFF8
7FF8
7FF8
FFF8
F078
F078
F078
FFF8
FFE0
FFF0
FFF8
FFF8
ENDCHAR
STARTCHAR E80B
ENCODING 59403
SWIDTH 625 0
DWIDTH 10 0
BBX 12 13 0 -1
BITMAP
0600
1F40
3FE0
7BF0
E9F0
F8F0
D0F0
D8F0
D9F0
5CF0
7FE0
3FC0
0F00
ENDCHAR
STARTCHAR E80C
ENCODING 59404
SWIDTH 625 0
DWIDTH 10 0
BBX 11 13 0 -1
BITMAP
0400
0E00
3500
64C0
C460
CE60
BFA0
FFE0
8C60
64C0
3580
1F00
0400
ENDCHAR
STARTCHAR E80D
ENCODING 59405
SWIDTH 625 0
DWIDTH 10 0
BBX 13 12 0 -1
BITMAP
0700
0F80
0F80
0F80
0F80
0700
78F0
F9F0
FDF8
FDF8
F9F0
3060
ENDCHAR
STARTCHAR E80E
ENCODING 59406
SWIDTH 625 0
DWIDTH 10 0
BBX 13 13 0 -1
BITMAP
0F80
3FE0
7070
77F0
F7F8
F0F8
FE78
FF78
FF78
6070
70E0
3FC0
0F80
ENDCHAR
STARTCHAR E80F
ENCODING 59407
SWIDTH 625 0
DWIDTH 10 0
BBX 10 13 0 -1
BITMAP
0080
9E00
3F80
C080
0000
0000
0000
0000
0040
6180
3F00
4000
4000
ENDCHAR
STARTCHAR E810
ENCODING 59408
SWIDTH 625 0
DWIDTH 10 0
BBX 13 11 0 0
BITMAP
7FF0
FFF8
FBF8
FBF8
FFF8
FFF8
FFF8
F7B8
FFD8
CF38
FFF8
ENDCHAR
STARTCHAR E811
ENCODING 59409
SWIDTH 625 0
DWIDTH 10 0
BBX 13 11 0 0
BITMAP
FFF8
FDF8
FDF8
FDF8
FDF8
FDF8
FAF8
E238
CF18
DFD8
FFF8
ENDCHAR
STARTCHAR E812
ENCODING 59410
SWIDTH 625 0
DWIDTH 10 0
BBX 13 12 0 0
BITMAP
0060
0060
00E0
0CE0
0FE0
1FF0
1F70
3DF0
3AF0
7E70
7FF8
FFF8
ENDCHAR
STARTCHAR E813
ENCODING 59411
SWIDTH 625 0
DWIDTH 10 0
BBX 7 13 1 -1
BITMAP
C0
C0
C0
C0
C0
CE
DC
F8
F0
D8
DC
CC
C6
ENDCHAR
STARTCHAR E814
ENCODING 59412
SWIDTH 625 0
DWIDTH 10 0
BBX 11 11 0 0
BITMAP
1F00
3B80
7BC0
F0E0
FBE0
F5E0
E1E0
E6E0
4EC0
3F80
1F00
ENDCHAR
STARTCHAR E815
ENCODING 59413
SWIDTH 625 0
DWIDTH 10 0
BBX 13 13 0 -1
BITMAP
0738
0770
0770
07E0
87E0
87C0
53C0
73C0
7BE0
7BE0
4B70
0970
0138
ENDCHAR
STARTCHAR E816
ENCODING 59414
SWIDTH 625 0
DWIDTH 10 0
BBX 13 13 0 -1
BITMAP
0F80
3AC0
6FA0
7EF0
EFB8
FDE8
B8F8
F9E8
BFF8
7F70
7FE0
3540
0F80
ENDCHAR
STARTCHAR E817
ENCODING 59415
SWIDTH 625 0
DWIDTH 10 0
BBX 13 13 0 -1
BITMAP
FFF8
FFF8
FFF8
E678
E4F8
E1F8
E1F8
E4F8
E678
E778
FFF8
FFF8
FFF8
ENDCHAR
STARTCHAR E818
ENCODING 59416
SWIDTH 625 0
DWIDTH 10 0
BBX 10 13 0 -1
BITMAP
FFC0
FF80
FF00
FE00
FC00
F800
F800
F600
EF00
DF00
9F80
3F80
7FC0
ENDCHAR
STARTCHAR E819
ENCODING 59417
SWIDTH 625 0
DWIDTH 10 0
BBX 12 13 0 -1
BITMAP
0500
2640
52A0
3FC0
1B80
97B0
79E0
D790
1A80
3FC0
12A0
2640
0500
ENDCHAR
STARTCHAR E81A
ENCODING 59418
SWIDTH 625 0
DWIDTH 10 0
BBX 12 3 0 4
BITMAP
E100
FDF0
3FF0
ENDCHAR
STARTCHAR E81B
ENCODING 59419
SWIDTH 625 0
DWIDTH 10 0
BBX 10 10 0 0
BITMAP
FF80
FF00
FE00
FC00
F800
FC00
FE00
FF00
FF80
FFC0
ENDCHAR
STARTCHAR E81C
ENCODING 59420
SWIDTH 625 0
DWIDTH 10 0
BBX 9 9 0 1
BITMAP
3000
7800
FC00
FE00
7F00
3F80
1F80
0F00
0600
ENDCHAR
STARTCHAR E81D
ENCODING 59421
SWIDTH 625 0
DWIDTH 10 0
BBX 13 13 0 -1
BITMAP
0200
0F80
3DE0
79F0
6530
6430
EAB0
E038
EAB8
7270
77E0
3FC0
1FC0
ENDCHAR
STARTCHAR E81E
ENCODING 59422
SWIDTH 625 0
DWIDTH 10 0
BBX 12 9 0 1
BITMAP
2000
3800
FE00
3780
23F0
3780
FE00
3800
2000
ENDCHAR
STARTCHAR E81F
ENCODING 59423
SWIDTH 625 0
DWIDTH 10 0
BBX 12 5 0 3
BITMAP
EC70
E7A0
D630
A740
4380
ENDCHAR
STARTCHAR E820
ENCODING 59424
SWIDTH 625 0
DWIDTH 10 0
BBX 12 13 0 -1
BITMAP
FFF0
FFF0
DFF0
DFF0
FFF0
CA30
C830
C9B0
C9B0
C9B0
C9B0
FFF0
FFF0
ENDCHAR
STARTCHAR E821
ENCODING 59425
SWIDTH 625 0
DWIDTH 10 0
BBX 9 13 0 -1
BITMAP
3E00
7F80
FF80
3F00
0080
0F80
3F00
F880
C780
7F00
F880
C780
3E00
ENDCHAR
STARTCHAR E822
ENCODING 59426
SWIDTH 625 0
DWIDTH 10 0
BBX 11 12 0 -1
BITMAP
3F00
7380
79C0
C8C0
E1E0
E1C0
FFC0
7FC0
2D80
2D00
0C00
0400
ENDCHAR
STARTCHAR E823
ENCODING 59427
SWIDTH 625 0
DWIDTH 10 0
BBX 13 8 0 1
BITMAP
7660
E270
FFF8
C708
0F80
0380
1DC0
0080
ENDCHAR
STARTCHAR E824
ENCODING 59428
SWIDTH 625 0
DWIDTH 10 0
BBX 13 11 0 0
BITMAP
8000
8000
80E0
8110
8108
8308
8118
8190
FCE0
0000
FFF8
ENDCHAR
STARTCHAR E825
ENCODING 59429
SWIDTH 625 0
DWIDTH 10 0
BBX 11 13 0 -1
BITMAP
C000
F000
F800
F800
F800
F800
F800
F800
F9E0
F9E0
79E0
79E0
19E0
ENDCHAR
STARTCHAR E826
ENCODING 59430
SWIDTH 625 0
DWIDTH 10 0
BBX 11 12 1 -1
BITMAP
0060
0060
3F60
7C80
7C40
FCC0
FFC0
FFC0
7FC0
7F80
3F00
4000
ENDCHAR
STARTCHAR E827
ENCODING 59431
SWIDTH 625 0
DWIDTH 10 0
BBX 8 16 1 -3
BITMAP
33
CC
33
CC
33
CC
33
CC
28
28
7C
3C
0C
30
78
30
ENDCHAR
STARTCHAR E828
ENCODING 59432
SWIDTH 625 0
DWIDTH 10 0
BBX 13 9 0 1
BITMAP
0008
0030
0060
00E0
01E0
0FC0
1FC0
E180
C100
ENDCHAR
STARTCHAR E829
ENCODING 59433
SWIDTH 625 0
DWIDTH 10 0
BBX 13 9 0 1
BITMAP
C0D8
E3D0
FFC0
CCC8
C1D8
4798
0638
06F0
03C0
ENDCHAR
STARTCHAR E82A
ENCODING 59434
SWIDTH 625 0
DWIDTH 10 0
BBX 12 11 0 0
BITMAP
0080
01C0
03C0
0DE0
13E0
4FE0
87F0
5FF0
2F90
0700
0600
ENDCHAR
STARTCHAR E82B
ENCODING 59435
SWIDTH 625 0
DWIDTH 10 0
BBX 13 13 0 -1
BITMAP
0F80
3A40
5FA0
AFD0
DFA8
FF68
FFE8
EB78
F6A8
EF50
52E0
2F40
1F80
ENDCHAR
STARTCHAR E82C
ENCODING 59436
SWIDTH 625 0
DWIDTH 10 0
BBX 10 13 0 -1
BITMAP
8000
C0C0
C180
C380
C700
EF00
AE00
7C00
7800
3800
2000
6000
4000
ENDCHAR
STARTCHAR E82D
ENCODING 59437
SWIDTH 625 0
DWIDTH 10 0
BBX 12 11 0 -1
BITMAP
F0F0
F0F0
F9F0
F9F0
F9F0
FFF0
EFF0
EF70
E770
E070
E070
ENDCHAR
STARTCHAR E82E
ENCODING 59438
SWIDTH 625 0
DWIDTH 10 0
BBX 12 13 0 -1
BITMAP
1800
6800
3600
1FC0
0BE0
1DB0
1A40
3500
6F00
BA00
DE00
F600
3C00
ENDCHAR
STARTCHAR E82F
ENCODING 59439
SWIDTH 625 0
DWIDTH 10 0
BBX 13 13 0 -1
BITMAP
FFF8
FFF8
F3F8
F3F8
F278
9278
9278
9248
9248
9248
9248
FFF8
FFF8
ENDCHAR
STARTCHAR E830
ENCODING 59440
SWIDTH 625 0
DWIDTH 10 0
BBX 13 13 0 -1
BITMAP
1DC0
4630
8510
8908
8F88
9888
A950
6630
3FE0
2040
2040
1080
0F00
ENDCHAR
STARTCHAR E831
ENCODING 59441
SWIDTH 625 0
DWIDTH 10 0
BBX 13 13 0 -1
BITMAP
FFF8
FFF8
FFF8
CF98
EFB8
EAB8
EAB8
EFB8
EDB8
CF98
FFF8
FFF8
FFF8
ENDCHAR
STARTCHAR E832
ENCODING 59442
SWIDTH 625 0
DWIDTH 10 0
BBX 11 13 0 -1
BITMAP
0400
1F00
7FC0
BFE0
FFE0
FFE0
FFE0
FFE0
FFE0
FFE0
7FC0
1500
0E00
ENDCHAR
STARTCHAR E833
ENCODING 59443
SWIDTH 625 0
DWIDTH 10 0
BBX 11 12 0 0
BITMAP
6000
7FE0
7DE0
7FC0
7F80
39C0
1F60
3FE0
7EE0
7FE0
FC60
0020
ENDCHAR
STARTCHAR E834
ENCODING 59444
SWIDTH 625 0
DWIDTH 10 0
BBX 12 11 0 0
BITMAP
0300
0380
0200
0200
0E00
0E00
FE00
E1E0
00F0
00F0
00E0
ENDCHAR
STARTCHAR E835
ENCODING 59445
SWIDTH 625 0
DWIDTH 10 0
BBX 12 5 1 3
BITMAP
1F80
FBF0
2F40
0380
0800
ENDCHAR
STARTCHAR E836
ENCODING 59446
SWIDTH 625 0
DWIDTH 10 0
BBX 12 9 0 1
BITMAP
0200
3C00
FFE0
BFF0
B330
B330
3330
3330
3330
ENDCHAR
STARTCHAR E837
ENCODING 59447
SWIDTH 625 0
DWIDTH 10 0
BBX 12 13 0 -1
BITMAP
C4C0
CDE0
EDC0
FCE0
F5E0
FFE0
FFF0
FFE0
DDE0
DDF0
DFF0
FFF0
FFE0
ENDCHAR
STARTCHAR E838
ENCODING 59448
SWIDTH 625 0
DWIDTH 10 0
BBX 9 13 0 -1
BITMAP
0700
2000
FF80
3180
3180
3180
3180
3180
3180
0000
0180
0180
0180
ENDCHAR
STARTCHAR E839
ENCODING 59449
SWIDTH 625 0
DWIDTH 10 0
BBX 7 7 1 2
BITMAP
1C
12
92
D2
32
C0
C0
ENDCHAR
STARTCHAR E83A
ENCODING 59450
SWIDTH 625 0
DWIDTH 10 0
BBX 11 12 0 0
BITMAP
3080
F8C0
B8E0
DCE0
BEE0
AEE0
A7E0
A7E0
A3A0
A3E0
6180
2000
ENDCHAR
STARTCHAR E83B
ENCODING 59451
SWIDTH 625 0
DWIDTH 10 0
BBX 13 13 0 -1
BITMAP
0100
01C0
1FC0
7FD0
FFB0
7FF8
07F8
03F8
13F8
16F0
1DE0
01C0
0100
ENDCHAR
STARTCHAR E83C
ENCODING 59452
SWIDTH 625 0
DWIDTH 10 0
BBX 13 11 0 0
BITMAP
0200
0200
1200
0000
0700
F578
0500
0000
1200
0200
0200
ENDCHAR
STARTCHAR E83D
ENCODING 59453
SWIDTH 625 0
DWIDTH 10 0
BBX 12 13 0 -1
BITMAP
0030
0030
07F0
0840
CFC0
97C0
FF50
E8B0
47A0
00C0
0FA0
05E0
01C0
ENDCHAR
STARTCHAR E83E
ENCODING 59454
SWIDTH 625 0
DWIDTH 10 0
BBX 13 13 0 -1
BITMAP
0F80
3FC0
7FE0
7FF0
F770
F378
F578
F778
F6F8
7F70
7FA0
3FC0
0F80
ENDCHAR
STARTCHAR E83F
ENCODING 59455
SWIDTH 625 0
DWIDTH 10 0
BBX 12 13 0 -1
BITMAP
0400
3F80
FFF0
E1F0
E0E0
C6E0
CFE0
6F60
6260
70E0
3FC0
1F00
0400
ENDCHAR
STARTCHAR E840
ENCODING 59456
SWIDTH 625 0
DWIDTH 10 0
BBX 13 13 0 -1
BITMAP
0700
1BC0
1FE0
FFF0
7FF0
FCE8
FF68
FFE8
BFF0
7FD0
5FA0
3240
0F80
ENDCHAR
STARTCHAR E841
ENCODING 59457
SWIDTH 625 0
DWIDTH 10 0
BBX 13 9 0 1
BITMAP
0200
3FE0
FFF8
6030
0000
4710
3FE0
3FE0
0F80
ENDCHAR
STARTCHAR E842
ENCODING 59458
SWIDTH 625 0
DWIDTH 10 0
BBX 12 11 0 0
BITMAP
0600
27C0
FCF0
FFB0
FFB0
AFF0
FFF0
CFF0
FFF0
1FC0
0600
ENDCHAR
STARTCHAR E843
ENCODING 59459
SWIDTH 625 0
DWIDTH 10 0
BBX 12 11 0 0
BITMAP
1280
1B80
3FA0
01A0
10E0
F070
30C0
7880
0BE0
1C80
16C0
ENDCHAR
STARTCHAR E844
ENCODING 59460
SWIDTH 625 0
DWIDTH 10 0
BBX 10 12 0 -1
BITMAP
1E00
3F00
FFC0
D2C0
C0C0
C4C0
CCC0
CCC0
CCC0
7F80
3F00
0C00
ENDCHAR
STARTCHAR E845
ENCODING 59461
SWIDTH 625 0
DWIDTH 10 0
BBX 11 13 0 -1
BITMAP
0400
1F00
7FC0
FFE0
FFE0
FEE0
FDE0
E7E0
DFE0
FFE0
7FC0
1F00
0400
ENDCHAR
STARTCHAR E846
ENCODING 59462
SWIDTH 625 0
DWIDTH 10 0
BBX 11 13 0 -1
BITMAP
0400
1F00
7FC0
FEE0
FCE0
F4E0
E0E0
E5E0
E7E0
EFE0
7FC0
1F00
0400
ENDCHAR
STARTCHAR E847
ENCODING 59463
SWIDTH 625 0
DWIDTH 10 0
BBX 13 13 0 -1
BITMAP
0600
1C00
3DE0
7FF0
6F78
6C18
E818
E398
6798
7FB0
3DF0
19E0
0980
ENDCHAR
STARTCHAR E848
ENCODING 59464
SWIDTH 625 0
DWIDTH 10 0
BBX 13 13 0 -1
BITMAP
1FC0
E020
BFD0
8008
9FE8
91E8
99E8
9CE8
9A68
9B68
DFE8
4010
3FF0
ENDCHAR
STARTCHAR E849
ENCODING 59465
SWIDTH 625 0
DWIDTH 10 0
BBX 13 12 0 0
BITMAP
C000
0000
0FF0
1BF8
13F8
13F8
1FB8
1F08
1E08
1F08
1FB0
0FE0
ENDCHAR
STARTCHAR E84A
ENCODING 59466
SWIDTH 625 0
DWIDTH 10 0
BBX 12 13 0 -1
BITMAP
0600
0700
78E0
3240
CF30
C0B0
EDB0
ED80
FD30
DCB0
5DA0
0D80
0500
ENDCHAR
STARTCHAR E84B
ENCODING 59467
SWIDTH 625 0
DWIDTH 10 0
BBX 13 10 0 0
BITMAP
0400
0A00
1380
1140
2340
22A0
44A0
4850
8828
FFF8
ENDCHAR
STARTCHAR E84C
ENCODING 59468
SWIDTH 625 0
DWIDTH 10 0
BBX 13 13 0 -1
BITMAP
0F80
2FE0
5FF0
BEF0
7DF8
F8F8
F8F8
F8F8
6B78
BFF0
7FF0
2D60
1F80
ENDCHAR
STARTCHAR E84D
ENCODING 59469
SWIDTH 625 0
DWIDTH 10 0
BBX 12 13 0 -1
BITMAP
0700
18C0
6020
8010
C030
DA70
EFB0
DA70
C030
8010
4020
3040
0F80
ENDCHAR
STARTCHAR E84E
ENCODING 59470
SWIDTH 625 0
DWIDTH 10 0
BBX 13 11 0 0
BITMAP
FFF0
FFF8
FFF8
B7F8
8718
0378
0078
43F8
EFF8
FDF8
DDF8
ENDCHAR
STARTCHAR E84F
ENCODING 59471
SWIDTH 625 0
DWIDTH 10 0
BBX 12 7 0 2
BITMAP
7FE0
7B60
7FE0
7DE0
C570
97B0
F870
ENDCHAR
STARTCHAR E850
ENCODING 59472
SWIDTH 625 0
DWIDTH 10 0
BBX 11 10 0 0
BITMAP
C0C0
8C40
9F40
B340
B120
B340
9F40
8C40
8040
40C0
ENDCHAR
STARTCHAR E851
ENCODING 59473
SWIDTH 625 0
DWIDTH 10 0
BBX 13 7 0 2
BITMAP
0180
03C0
A5B0
D5F0
FDF8
4280
0180
ENDCHAR
STARTCHAR E852
ENCODING 59474
SWIDTH 625 0
DWIDTH 10 0
BBX 13 13 0 -1
BITMAP
0030
0038
1FB0
7F40
7EA0
F160
EEE0
EEE0
E6E0
E2E0
5F40
3F80
1F00
ENDCHAR
STARTCHAR E853
ENCODING 59475
SWIDTH 625 0
DWIDTH 10 0
BBX 13 5 0 3
BITMAP
0F00
20E0
4058
BE90
D658
ENDCHAR
STARTCHAR E854
ENCODING 59476
SWIDTH 625 0
DWIDTH 10 0
BBX 13 12 0 -1
BITMAP
0700
0F80
18C0
18C0
0880
3000
7090
C198
CD98
CD98
7CF0
3060
ENDCHAR
STARTCHAR E855
ENCODING 59477
SWIDTH 625 0
DWIDTH 10 0
BBX 13 5 0 3
BITMAP
3F00
E000
DEE0
6818
3F00
ENDCHAR
STARTCHAR E856
ENCODING 59478
SWIDTH 625 0
DWIDTH 10 0
BBX 13 11 0 0
BITMAP
FFE0
FFE0
E0E0
0000
E0E0
E0E0
E0E0
0000
FFE0
FFE0
FFF8
ENDCHAR
STARTCHAR E857
ENCODING 59479
SWIDTH 625 0
DWIDTH 10 0
BBX 13 7 0 2
BITMAP
0F00
3FF8
7FF8
9FF8
F980
9040
6000
ENDCHAR
STARTCHAR E858
ENCODING 59480
SWIDTH 625 0
DWIDTH 10 0
BBX 12 12 0 -1
BITMAP
00C0
00E0
0170
03B0
07C0
0280
0F80
1E80
3900
6000
C000
4000
ENDCHAR
STARTCHAR E859
ENCODING 59481
SWIDTH 625 0
DWIDTH 10 0
BBX 13 2 0 4
BITMAP
FF58
C9E8
ENDCHAR
STARTCHAR E85A
ENCODING 59482
SWIDTH 625 0
DWIDTH 10 0
BBX 8 16 1 -3
BITMAP
38
FE
C3
00
3C
7E
FE
FF
FF
FE
7E
18
01
C7
7C
10
ENDCHAR
STARTCHAR E85B
ENCODING 59483
SWIDTH 625 0
DWIDTH 10 0
BBX 13 6 0 2
BITMAP
0C00
EC58
A250
BF48
C050
8080
ENDCHAR
STARTCHAR E85C
ENCODING 59484
SWIDTH 625 0
DWIDTH 10 0
BBX 8 12 1 0
BITMAP
30
BC
EE
F7
F7
F7
F7
F7
F7
F0
70
10
ENDCHAR
STARTCHAR E85D
ENCODING 59485
SWIDTH 625 0
DWIDTH 10 0
BBX 8 13 1 -1
BITMAP
01
21
21
A9
89
A9
81
A9
A1
A9
88
88
80
ENDCHAR
STARTCHAR E85E
ENCODING 59486
SWIDTH 625 0
DWIDTH 10 0
BBX 13 13 0 -1
BITMAP
FFF0
FFC0
FFC0
FF98
FB98
8108
9D38
9D38
9938
8178
0678
3FF8
7FF8
ENDCHAR
STARTCHAR E85F
ENCODING 59487
SWIDTH 625 0
DWIDTH 10 0
BBX 12 12 0 -1
BITMAP
0100
0390
0770
0DE0
17C0
2FC0
3F00
FC00
0E00
0380
1A80
1780
ENDCHAR
STARTCHAR E860
ENCODING 59488
SWIDTH 625 0
DWIDTH 10 0
BBX 12 9 0 1
BITMAP
F000
7A00
3E40
3B80
24C0
3350
1C00
0200
0080
ENDCHAR
STARTCHAR E861
ENCODING 59489
SWIDTH 625 0
DWIDTH 10 0
BBX 13 3 0 4
BITMAP
6000
9FA8
C800
ENDCHAR
STARTCHAR E862
ENCODING 59490
SWIDTH 625 0
DWIDTH 10 0
BBX 11 11 0 0
BITMAP
7800
FFC0
FFC0
E7E0
EDE0
FFC0
7FC0
7FE0
7FE0
1FC0
0700
ENDCHAR
STARTCHAR E863
ENCODING 59491
SWIDTH 625 0
DWIDTH 10 0
BBX 11 8 0 1
BITMAP
0C00
1FE0
FBE0
FF40
6FC0
7CC0
0F80
0200
ENDCHAR
STARTCHAR E864
ENCODING 59492
SWIDTH 625 0
DWIDTH 10 0
BBX 13 13 0 -1
BITMAP
FFF8
FFF8
DED8
D298
FFF8
D298
F398
D298
D298
D298
D298
FFF8
FFF8
ENDCHAR
STARTCHAR E865
ENCODING 59493
SWIDTH 625 0
DWIDTH 10 0
BBX 13 13 0 -1
BITMAP
FF78
FF78
FF78
FF78
0F78
0F78
0F78
0F78
0F78
FF78
FF78
FF78
FF78
ENDCHAR
STARTCHAR E866
ENCODING 59494
SWIDTH 625 0
DWIDTH 10 0
BBX 13 13 0 -1
BITMAP
1F80
2240
5DA0
9890
AE88
AD88
9BC8
A750
BD70
8EF0
4F10
3360
0F80
ENDCHAR
STARTCHAR E867
ENCODING 59495
SWIDTH 625 0
DWIDTH 10 0
BBX 10 12 0 -1
BITMAP
FFC0
FF80
FF80
FF80
FF00
FF00
FE00
FF00
FF00
FE00
7800
2000
ENDCHAR
STARTCHAR E868
ENCODING 59496
SWIDTH 625 0
DWIDTH 10 0
BBX 13 13 0 -1
BITMAP
0F80
1FC0
7FF0
63F0
DDF8
DE78
DDD8
F3D8
FDD8
7E30
7FF0
3FE0
0F80
ENDCHAR
STARTCHAR E869
ENCODING 59497
SWIDTH 625 0
DWIDTH 10 0
BBX 8 12 0 0
BITMAP
0C
3B
7E
1C
6C
7C
FC
70
7C
FC
7C
3C
ENDCHAR
STARTCHAR E86A
ENCODING 59498
SWIDTH 625 0
DWIDTH 10 0
BBX 13 13 0 -1
BITMAP
0F80
3560
4910
8888
9FC8
8CC8
8868
88D8
0D48
7E90
0010
3020
0FC0
ENDCHAR
STARTCHAR E86B
ENCODING 59499
SWIDTH 625 0
DWIDTH 10 0
BBX 12 13 0 -1
BITMAP
0700
1FC0
7FE0
7FB0
FEF0
FFF0
FBF0
FFF0
F7F0
6FF0
7FE0
3FC0
0F00
ENDCHAR
STARTCHAR E86C
ENCODING 59500
SWIDTH 625 0
DWIDTH 10 0
BBX 12 9 0 1
BITMAP
3FF0
37F0
7BF0
79F0
7CF0
79E0
F7E0
CC60
FFE0
ENDCHAR
STARTCHAR E86D
ENCODING 59501
SWIDTH 625 0
DWIDTH 10 0
BBX 13 13 0 -1
BITMAP
FFF8
FFF8
FFF8
E3F8
EDF8
ED38
E378
EF78
EF78
FFF8
FFF8
FFF8
FFF8
ENDCHAR
STARTCHAR E86E
ENCODING 59502
SWIDTH 625 0
DWIDTH 10 0
BBX 10 13 0 -1
BITMAP
0400
0C00
0E00
1A00
3900
3900
7880
7080
F0C0
F040
71C0
3F00
3800
ENDCHAR
STARTCHAR E86F
ENCODING 59503
SWIDTH 625 0
DWIDTH 10 0
BBX 13 13 0 -1
BITMAP
0F80
3FC0
7C60
7D70
FF70
F2F8
FB78
FB78
FBF0
7BF0
71E0
3FC0
0F80
ENDCHAR
STARTCHAR E870
ENCODING 59504
SWIDTH 625 0
DWIDTH 10 0
BBX 13 13 0 -1
BITMAP
0F80
1FC0
7DF0
75F0
F078
F078
F078
E038
FFF8
6030
7FF0
38E0
0F80
ENDCHAR
STARTCHAR E871
ENCODING 59505
SWIDTH 625 0
DWIDTH 10 0
BBX 13 13 0 -1
BITMAP
0F80
3FE0
70F0
6070
CF18
DF98
DF98
C018
FFF8
7FF0
7FF0
3FE0
0F80
ENDCHAR
STARTCHAR E872
ENCODING 59506
SWIDTH 625 0
DWIDTH 10 0
BBX 12 13 0 -1
BITMAP
1000
6FD0
89B0
9750
A8A0
5760
5750
5770
A8B0
9750
2890
4320
BCC0
ENDCHAR
STARTCHAR E873
ENCODING 59507
SWIDTH 625 0
DWIDTH 10 0
BBX 12 13 0 -1
BITMAP
0700
0700
70E0
70E0
8710
C630
D8B0
1980
CF10
C030
59B0
1D80
0F00
ENDCHAR
STARTCHAR E874
ENCODING 59508
SWIDTH 625 0
DWIDTH 10 0
BBX 9 13 0 -1
BITMAP
6100
3F00
5F00
7300
4100
4080
BF80
FF80
8080
C480
BF80
9080
FF80
ENDCHAR
STARTCHAR E875
ENCODING 59509
SWIDTH 625 0
DWIDTH 10 0
BBX 13 7 0 2
BITMAP
0060
0FB0
2018
4FB0
8000
4F00
2000
ENDCHAR
STARTCHAR E876
ENCODING 59510
SWIDTH 625 0
DWIDTH 10 0
BBX 12 11 0 0
BITMAP
03E0
0420
0120
07F0
07F0
07E0
7C00
5400
4400
FE00
FE00
ENDCHAR
STARTCHAR E877
ENCODING 59511
SWIDTH 625 0
DWIDTH 10 0
BBX 12 11 0 0
BITMAP
1C80
7F80
FF80
E7A0
E7B0
FFA0
FFA0
FFA0
FFA0
7FF0
17C0
ENDCHAR
STARTCHAR E878
ENCODING 59512
SWIDTH 625 0
DWIDTH 10 0
BBX 13 11 0 0
BITMAP
00E0
03E0
07F8
0FF8
3FF8
3FF8
3FF0
FFF8
FFF8
7FC0
0E00
ENDCHAR
STARTCHAR E879
ENCODING 59513
SWIDTH 625 0
DWIDTH 10 0
BBX 12 4 0 3
BITMAP
3EC0
D5B0
7960
1100
ENDCHAR
STARTCHAR E87A
ENCODING 59514
SWIDTH 625 0
DWIDTH 10 0
BBX 8 11 1 0
BITMAP
FF
00
FF
FF
FF
FF
FC
F0
F0
C0
C0
ENDCHAR
STARTCHAR E87B
ENCODING 59515
SWIDTH 625 0
DWIDTH 10 0
BBX 10 12 0 -1
BITMAP
0800
1800
3200
6080
C080
80C0
8040
8040
8040
C080
6180
1E00
ENDCHAR
STARTCHAR E87C
ENCODING 59516
SWIDTH 625 0
DWIDTH 10 0
BBX 13 13 0 -1
BITMAP
7E00
FFF8
FFF8
FFF0
EEA0
6AA0
3270
7FF8
7FF8
E1F8
FFF8
FFF0
7F80
ENDCHAR
STARTCHAR E87D
ENCODING 59517
SWIDTH 625 0
DWIDTH 10 0
BBX 13 9 0 1
BITMAP
7FF8
FFF8
E978
ED38
FD78
ED78
E3B8
FDF8
FFF0
ENDCHAR
STARTCHAR E87E
ENCODING 59518
SWIDTH 625 0
DWIDTH 10 0
BBX 11 11 0 0
BITMAP
FFE0
8020
8B20
8F20
9D20
9FA0
8F20
8920
8420
8620
FEE0
ENDCHAR
STARTCHAR E87F
ENCODING 59519
SWIDTH 625 0
DWIDTH 10 0
BBX 13 13 0 -1
BITMAP
0F80
3040
6620
4510
A9E8
B028
9648
8648
B068
79D0
6620
3040
0F80
ENDCHAR
STARTCHAR E880
ENCODING 59520
SWIDTH 625 0
DWIDTH 10 0
BBX 9 9 0 1
BITMAP
3F00
6F00
7780
E380
E380
7380
7B00
3F00
0300
ENDCHAR
STARTCHAR E881
ENCODING 59521
SWIDTH 625 0
DWIDTH 10 0
BBX 13 11 0 0
BITMAP
0F80
3FE0
7830
E7E8
E7F8
E638
E7F8
77F0
1FF0
0630
0638
ENDCHAR
STARTCHAR E882
ENCODING 59522
SWIDTH 625 0
DWIDTH 10 0
BBX 12 13 0 -1
BITMAP
C600
EE00
EE00
EE00
EE00
FFF0
FFF0
FFF0
FE30
FE30
FFF0
FFF0
FFF0
ENDCHAR
STARTCHAR E883
ENCODING 59523
SWIDTH 625 0
DWIDTH 10 0
BBX 13 13 0 -1
BITMAP
0F00
3FC0
7FE0
01F0
FF70
07B8
F838
FFB8
FFF0
FFF0
7FE0
3FC0
0F80
ENDCHAR
STARTCHAR E884
ENCODING 59524
SWIDTH 625 0
DWIDTH 10 0
BBX 13 6 0 2
BITMAP
7EE8
FEF8
7FE0
7FE0
60C0
60C0
ENDCHAR
STARTCHAR E885
ENCODING 59525
SWIDTH 625 0
DWIDTH 10 0
BBX 12 9 0 1
BITMAP
0200
0700
0F80
1F40
3E60
7CF0
F8F0
78E0
2040
ENDCHAR
STARTCHAR E886
ENCODING 59526
SWIDTH 625 0
DWIDTH 10 0
BBX 12 12 0 -1
BITMAP
1C00
23F0
1510
3D10
5910
89F0
D910
7D10
1D10
23F0
1600
1800
ENDCHAR
STARTCHAR E887
ENCODING 59527
SWIDTH 625 0
DWIDTH 10 0
BBX 13 13 0 -1
BITMAP
0F00
39C0
56E0
6950
B0D0
E038
E068
E058
A070
79D0
5660
2DC0
1F80
ENDCHAR
STARTCHAR E888
ENCODING 59528
SWIDTH 625 0
DWIDTH 10 0
BBX 13 9 0 1
BITMAP
0200
0700
0300
18C0
18E0
18E0
E738
E738
C210
ENDCHAR
STARTCHAR E889
ENCODING 59529
SWIDTH 625 0
DWIDTH 10 0
BBX 10 13 0 -1
BITMAP
7000
9FC0
FFC0
B840
D740
F7C0
F840
F740
F040
F040
F040
F040
0FC0
ENDCHAR
STARTCHAR E88A
ENCODING 59530
SWIDTH 625 0
DWIDTH 10 0
BBX 12 12 0 -1
BITMAP
1F80
0FC0
7FE0
FC10
D7E0
FF00
FFF0
73E0
7FE0
7DE0
07C0
1F00
ENDCHAR
STARTCHAR E88B
ENCODING 59531
SWIDTH 625 0
DWIDTH 10 0
BBX 12 13 0 -1
BITMAP
FFF0
FFF0
FFF0
FFF0
FFF0
FFF0
FFF0
FFF0
FFF0
FFF0
FFE0
F7F0
FFF0
ENDCHAR
STARTCHAR E88C
ENCODING 59532
SWIDTH 625 0
DWIDTH 10 0
BBX 12 13 0 -1
BITMAP
0600
1900
1080
2080
2080
2F80
2060
91B0
9990
9910
8210
8430
79E0
ENDCHAR
STARTCHAR E88D
ENCODING 59533
SWIDTH 625 0
DWIDTH 10 0
BBX 8 12 1 -1
BITMAP
F8
B6
FE
FE
EA
EE
FA
FA
DA
35
5B
2C
ENDCHAR
STARTCHAR E88E
ENCODING 59534
SWIDTH 625 0
DWIDTH 10 0
BBX 11 13 0 -1
BITMAP
F800
F800
F800
F800
07C0
07E0
07E0
07E0
07C0
F800
F800
F800
F800
ENDCHAR
STARTCHAR E88F
ENCODING 59535
SWIDTH 625 0
DWIDTH 10 0
BBX 11 11 0 1
BITMAP
3A00
FF00
FF80
EEC0
E6E0
EDE0
7FC0
7FC0
7FE0
7FE0
1980
ENDCHAR
STARTCHAR E890
ENCODING 59536
SWIDTH 625 0
DWIDTH 10 0
BBX 12 10 0 0
BITMAP
0060
01C0
23E0
CFB0
BB00
6C30
1870
33F0
E3F0
0FF0
ENDCHAR
STARTCHAR E891
ENCODING 59537
SWIDTH 625 0
DWIDTH 10 0
BBX 13 13 0 -1
BITMAP
0F00
1FC0
7FE0
7FF0
FFF0
FE78
FC38
F818
F080
61C0
43E0
07E0
0F80
ENDCHAR
STARTCHAR E892
ENCODING 59538
SWIDTH 625 0
DWIDTH 10 0
BBX 10 13 0 -1
BITMAP
7E00
7F80
7B80
71C0
71C0
6380
6780
4700
8F00
9F00
9F80
BF80
4000
ENDCHAR
STARTCHAR E893
ENCODING 59539
SWIDTH 625 0
DWIDTH 10 0
BBX 11 11 0 0
BITMAP
CC60
CC60
0000
0000
0000
CC60
CC60
0000
0000
CC60
CC60
ENDCHAR
STARTCHAR E894
ENCODING 59540
SWIDTH 625 0
DWIDTH 10 0
BBX 13 13 0 -1
BITMAP
0700
1FC0
7060
6030
CF90
DFD8
DF98
CF18
8710
6230
7070
3FE0
0F80
ENDCHAR
STARTCHAR E895
ENCODING 59541
SWIDTH 625 0
DWIDTH 10 0
BBX 13 13 0 -1
BITMAP
0F80
1FC0
7FF0
71F0
FBF8
FBF8
F9F8
FAF8
FB78
7FF0
7FF0
3FE0
0F80
ENDCHAR
STARTCHAR E896
ENCODING 59542
SWIDTH 625 0
DWIDTH 10 0
BBX 12 11 0 0
BITMAP
1DC0
FFE0
FFB0
ECA0
E7A0
EBA0
FFA0
FFA0
FF80
7F80
3F00
ENDCHAR
STARTCHAR E897
ENCODING 59543
SWIDTH 625 0
DWIDTH 10 0
BBX 13 13 0 -1
BITMAP
0800
1F80
7FC0
7FE0
FFE0
F010
7010
F018
7038
7018
3CF0
1FE0
07C0
ENDCHAR
STARTCHAR E898
ENCODING 59544
SWIDTH 625 0
DWIDTH 10 0
BBX 12 9 0 1
BITMAP
7B00
7FE0
7FF0
7FF0
D7F0
FFF0
FFE0
7F80
1C00
ENDCHAR
STARTCHAR E899
ENCODING 59545
SWIDTH 625 0
DWIDTH 10 0
BBX 13 13 0 -1
BITMAP
FFF8
FFF8
F8F8
F078
E738
F3F8
F878
FF38
E738
F078
FCF8
FFF8
FFF8
ENDCHAR
STARTCHAR E89A
ENCODING 59546
SWIDTH 625 0
DWIDTH 10 0
BBX 8 13 1 -1
BITMAP
18
3C
38
78
70
F6
E7
CF
1E
1C
3C
38
38
ENDCHAR
STARTCHAR E89B
ENCODING 59547
SWIDTH 625 0
DWIDTH 10 0
BBX 13 7 0 2
BITMAP
01C0
07E0
07E0
EEE0
FDE8
FF30
77C0
ENDCHAR
STARTCHAR E89C
ENCODING 59548
SWIDTH 625 0
DWIDTH 10 0
BBX 12 6 0 2
BITMAP
FD00
D510
3510
DF90
0020
3FC0
ENDCHAR
STARTCHAR E89D
ENCODING 59549
SWIDTH 625 0
DWIDTH 10 0
BBX 12 13 0 -1
BITMAP
FFE0
FFC0
FF90
FD90
FC30
FE70
C7F0
BE70
8DB0
E430
B5F0
CE70
FFF0
ENDCHAR
STARTCHAR E89E
ENCODING 59550
SWIDTH 625 0
DWIDTH 10 0
BBX 13 13 0 -1
BITMAP
0F80
3FC0
79E0
7B70
FD50
FA38
F638
F6B8
F7F0
67F0
7FE0
3FC0
0F80
ENDCHAR
STARTCHAR E89F
ENCODING 59551
SWIDTH 625 0
DWIDTH 10 0
BBX 12 11 0 0
BITMAP
0600
0500
0900
0C80
16C0
3B40
2D20
35A0
D290
8A90
FBB0
ENDCHAR
STARTCHAR E8A0
ENCODING 59552
SWIDTH 625 0
DWIDTH 10 0
BBX 11 12 0 0
BITMAP
1E00
3B80
EEE0
FBE0
FFE0
FF60
EEE0
FBE0
EEE0
3F80
1E00
0400
ENDCHAR
STARTCHAR E8A1
ENCODING 59553
SWIDTH 625 0
DWIDTH 10 0
BBX 13 13 0 -1
BITMAP
0600
1FC0
3C00
7000
F000
E1F0
E1F8
F0F8
F010
7800
7E00
3FC0
0F80
ENDCHAR
STARTCHAR E8A2
ENCODING 59554
SWIDTH 625 0
DWIDTH 10 0
BBX 12 13 0 -1
BITMAP
0600
1F80
3FE0
7FE0
E730
DEF0
E3B0
DA30
E730
7FE0
7FE0
3FC0
0F00
ENDCHAR
STARTCHAR E8A3
ENCODING 59555
SWIDTH 625 0
DWIDTH 10 0
BBX 13 11 0 0
BITMAP
3FC0
3FE0
5FF0
DFF8
FFF0
7FB0
3FE0
1F40
0F80
0700
0200
ENDCHAR
STARTCHAR E8A4
ENCODING 59556
SWIDTH 625 0
DWIDTH 10 0
BBX 13 13 0 -1
BITMAP
0980
1D80
0D80
0180
FDB8
FDB8
0000
CDF0
DDF8
DDF0
1C00
1D80
1D80
ENDCHAR
STARTCHAR E8A5
ENCODING 59557
SWIDTH 625 0
DWIDTH 10 0
BBX 13 13 0 -1
BITMAP
0F80
3060
6030
4090
8108
8208
8008
8308
8408
4810
6030
3060
0F80
ENDCHAR
STARTCHAR E8A6
ENCODING 59558
SWIDTH 625 0
DWIDTH 10 0
BBX 8 13 1 -1
BITMAP
7C
7E
FE
FF
E0
60
44
06
0E
FF
FE
7E
7C
ENDCHAR
STARTCHAR E8A7
ENCODING 59559
SWIDTH 625 0
DWIDTH 10 0
BBX 13 12 0 -1
BITMAP
0FC0
1FF0
1FF8
3FF0
3FE0
1FC0
7FE0
7FE0
FFC0
7FC0
1F80
0200
ENDCHAR
STARTCHAR E8A8
ENCODING 59560
SWIDTH 625 0
DWIDTH 10 0
BBX 12 12 0 0
BITMAP
0880
C640
3920
0490
0350
00A0
00A0
0050
0050
0020
0020
0020
ENDCHAR
STARTCHAR E8A9
ENCODING 59561
SWIDTH 625 0
DWIDTH 10 0
BBX 13 13 0 -1
BITMAP
0F80
3040
4220
5A90
8AD0
AB48
9688
9308
8F50
5390
4F20
3640
0F80
ENDCHAR
STARTCHAR E8AA
ENCODING 59562
SWIDTH 625 0
DWIDTH 10 0
BBX 12 13 0 -1
BITMAP
0600
0D00
1480
3BC0
6F60
FBF0
9B90
DBD0
7D60
3EC0
1980
0900
0600
ENDCHAR
STARTCHAR E8AB
ENCODING 59563
SWIDTH 625 0
DWIDTH 10 0
BBX 12 3 0 4
BITMAP
EFA0
6FD0
4000
ENDCHAR
STARTCHAR E8AC
ENCODING 59564
SWIDTH 625 0
DWIDTH 10 0
BBX 13 13 0 -1
BITMAP
0F80
3FF0
7FF0
7F90
F808
E008
C068
C048
C098
4710
7820
5FC0
2F80
ENDCHAR
STARTCHAR E8AD
ENCODING 59565
SWIDTH 625 0
DWIDTH 10 0
BBX 13 11 0 0
BITMAP
4800
4EF0
4EF0
4EF0
FF98
FD98
0000
FFF8
FFF0
3CD0
F9F0
ENDCHAR
STARTCHAR E8AE
ENCODING 59566
SWIDTH 625 0
DWIDTH 10 0
BBX 13 13 0 -1
BITMAP
7FF0
8910
FF08
D0F8
D108
E200
A4F8
9480
9880
E870
8808
8408
7EF8
ENDCHAR
STARTCHAR E8AF
ENCODING 59567
SWIDTH 625 0
DWIDTH 10 0
BBX 13 5 0 3
BITMAP
4000
9D10
F530
4988
0600
ENDCHAR
STARTCHAR E8B0
ENCODING 59568
SWIDTH 625 0
DWIDTH 10 0
BBX 12 11 0 0
BITMAP
FFC0
FFC0
FFC0
FFC0
0000
FFC0
FEE0
01F0
FF90
FFF0
7EE0
ENDCHAR
STARTCHAR E8B1
ENCODING 59569
SWIDTH 625 0
DWIDTH 10 0
BBX 11 13 0 -1
BITMAP
0A80
0840
0020
2000
0000
4000
0000
8000
0000
0000
C000
0100
1200
ENDCHAR
STARTCHAR E8B2
ENCODING 59570
SWIDTH 625 0
DWIDTH 10 0
BBX 13 3 0 4
BITMAP
FEF0
D7B8
FFF8
ENDCHAR
STARTCHAR E8B3
ENCODING 59571
SWIDTH 625 0
DWIDTH 10 0
BBX 10 12 0 -1
BITMAP
FE40
FFC0
E1C0
C8C0
E5C0
E3C0
F8C0
C8C0
E0C0
F1C0
FFC0
FFC0
ENDCHAR
STARTCHAR E8B4
ENCODING 59572
SWIDTH 625 0
DWIDTH 10 0
BBX 13 7 0 2
BITMAP
0200
8708
E730
7FF0
7FF0
3FE0
3FE0
ENDCHAR
STARTCHAR E8B5
ENCODING 59573
SWIDTH 625 0
DWIDTH 10 0
BBX 13 9 0 1
BITMAP
FFA0
F8F8
C7F8
1F80
0000
FFC0
FE38
E1F8
7FF8
ENDCHAR
STARTCHAR E8B6
ENCODING 59574
SWIDTH 625 0
DWIDTH 10 0
BBX 12 13 0 -1
BITMAP
0400
0C00
1C00
1C00
3C00
7FF0
FE10
FE20
0220
0240
0280
0300
0200
ENDCHAR
STARTCHAR E8B7
ENCODING 59575
SWIDTH 625 0
DWIDTH 10 0
BBX 10 13 0 -1
BITMAP
0700
1FC0
38C0
6240
CFC0
98C0
C040
E640
BC40
99C0
C380
7E00
3C00
ENDCHAR
STARTCHAR E8B8
ENCODING 59576
SWIDTH 625 0
DWIDTH 10 0
BBX 13 13 0 -1
BITMAP
0F80
3FE0
7FF0
6770
EFB8
EFB8
F5F8
EFB8
EFB8
6770
7FF0
3FE0
0F80
ENDCHAR
STARTCHAR E8B9
ENCODING 59577
SWIDTH 625 0
DWIDTH 10 0
BBX 13 13 0 -1
BITMAP
0F00
1CC0
7BE0
77F0
F7F0
FBF8
FDF8
FEF8
FF78
7F70
7EE0
39E0
0F80
ENDCHAR
STARTCHAR E8BA
ENCODING 59578
SWIDTH 625 0
DWIDTH 10 0
BBX 12 8 0 1
BITMAP
0700
0F80
01F0
00E0
7800
BC40
0F80
0700
ENDCHAR
STARTCHAR E8BB
ENCODING 59579
SWIDTH 625 0
DWIDTH 10 0
BBX 11 13 0 -1
BITMAP
0780
1CC0
1060
0020
3320
6320
4060
CCC0
CC80
C000
4180
7300
1E00
ENDCHAR
STARTCHAR E8BC
ENCODING 59580
SWIDTH 625 0
DWIDTH 10 0
BBX 11 12 0 0
BITMAP
1B00
7BC0
FBE0
FB60
9B20
1BC0
1BC0
1B40
1B00
1B00
1B00
0A00
ENDCHAR
STARTCHAR E8BD
ENCODING 59581
SWIDTH 625 0
DWIDTH 10 0
BBX 10 11 0 0
BITMAP
8000
E000
F840
FDC0
3FC0
0FC0
1F00
1C00
1E00
1E00
0600
ENDCHAR
STARTCHAR E8BE
ENCODING 59582
SWIDTH 625 0
DWIDTH 10 0
BBX 12 7 0 2
BITMAP
F890
4F60
4840
4AA0
4E90
6890
0F00
ENDCHAR
STARTCHAR E8BF
ENCODING 59583
SWIDTH 625 0
DWIDTH 10 0
BBX 13 10 0 0
BITMAP
0E80
1580
1540
2540
2B20
3AE0
7620
87D0
8910
F8F8
ENDCHAR
STARTCHAR E8C0
ENCODING 59584
SWIDTH 625 0
DWIDTH 10 0
BBX 12 13 0 -1
BITMAP
7FE0
FFE0
F8F0
FEF0
FDF0
FEF0
F8F0
FFF0
FFF0
FFF0
7DF0
75F0
7FF0
ENDCHAR
STARTCHAR E8C1
ENCODING 59585
SWIDTH 625 0
DWIDTH 10 0
BBX 10 10 0 1
BITMAP
F000
EE00
BBC0
A580
5F00
7E00
3400
5800
5000
2000
ENDCHAR
STARTCHAR E8C2
ENCODING 59586
SWIDTH 625 0
DWIDTH 10 0
BBX 13 13 0 -1
BITMAP
38E0
7FF0
FFD8
AFE8
9FC8
BDF0
78F0
77F0
E078
F0B8
E078
4630
39E0
ENDCHAR
STARTCHAR E8C3
ENCODING 59587
SWIDTH 625 0
DWIDTH 10 0
BBX 13 9 0 1
BITMAP
0110
01F0
79F0
43F0
4FF0
5FE0
3FC0
48E0
C038
ENDCHAR
STARTCHAR E8C4
ENCODING 59588
SWIDTH 625 0
DWIDTH 10 0
BBX 13 7 0 2
BITMAP
0438
1F38
3FF8
D770
7F80
BEC0
77C0
ENDCHAR
STARTCHAR E8C5
ENCODING 59589
SWIDTH 625 0
DWIDTH 10 0
BBX 9 12 0 -1
BITMAP
7F00
1400
1400
3E00
7F00
FF80
7F00
7F00
3E00
3E00
3E00
1E00
ENDCHAR
STARTCHAR E8C6
ENCODING 59590
SWIDTH 625 0
DWIDTH 10 0
BBX 13 8 0 1
BITMAP
0980
0700
8D88
7070
F8F8
0F80
0700
0880
ENDCHAR
STARTCHAR E8C7
ENCODING 59591
SWIDTH 625 0
DWIDTH 10 0
BBX 13 11 0 0
BITMAP
0600
0E00
38C0
63B0
C338
3060
7DE0
C718
7070
18C0
0700
ENDCHAR
STARTCHAR E8C8
ENCODING 59592
SWIDTH 625 0
DWIDTH 10 0
BBX 12 13 0 -1
BITMAP
3FC0
7FF0
FDF0
FAF0
EDB0
F8F0
EFF0
DBD0
EBD0
C7F0
FCF0
7FF0
3FE0
ENDCHAR
STARTCHAR E8C9
ENCODING 59593
SWIDTH 625 0
DWIDTH 10 0
BBX 12 13 0 -1
BITMAP
F010
4820
2840
2480
1300
0B00
0900
0480
0A80
1240
2120
4090
C0F0
ENDCHAR
STARTCHAR E8CA
ENCODING 59594
SWIDTH 625 0
DWIDTH 10 0
BBX 13 13 0 -1
BITMAP
FFF8
FFF8
FFF8
FFF8
FFF8
FFF8
E118
F378
F338
F388
F348
F318
FFF8
ENDCHAR
STARTCHAR E8CB
ENCODING 59595
SWIDTH 625 0
DWIDTH 10 0
BBX 10 13 0 -1
BITMAP
0800
1E00
0700
6180
FB00
DE00
DE00
DE40
DE00
BE40
AFC0
2F00
0C00
ENDCHAR
STARTCHAR E8CC
ENCODING 59596
SWIDTH 625 0
DWIDTH 10 0
BBX 11 13 0 -1
BITMAP
F1E0
0000
F1E0
F1E0
F1E0
F1E0
F1E0
F1E0
F1E0
F1E0
7BC0
3FC0
1F00
ENDCHAR
STARTCHAR E8CD
ENCODING 59597
SWIDTH 625 0
DWIDTH 10 0
BBX 13 13 0 -1
BITMAP
0700
28C0
4020
8890
9990
8988
8988
8988
8FD0
8E10
4020
2040
1F80
ENDCHAR
STARTCHAR E8CE
ENCODING 59598
SWIDTH 625 0
DWIDTH 10 0
BBX 12 3 0 4
BITMAP
27F0
EFB0
DBF0
ENDCHAR
STARTCHAR E8CF
ENCODING 59599
SWIDTH 625 0
DWIDTH 10 0
BBX 12 10 0 0
BITMAP
0600
EF70
79E0
7FE0
1F80
1980
1F80
1F80
0F00
0600
ENDCHAR
STARTCHAR E8D0
ENCODING 59600
SWIDTH 625 0
DWIDTH 10 0
BBX 12 11 0 -1
BITMAP
E070
F0F0
F0F0
79E0
79E0
3FC0
3FC0
3FC0
1F80
1F80
0F00
ENDCHAR
STARTCHAR E8D1
ENCODING 59601
SWIDTH 625 0
DWIDTH 10 0
BBX 8 9 1 1
BITMAP
08
79
9A
9A
1C
1C
1C
18
18
ENDCHAR
STARTCHAR E8D2
ENCODING 59602
SWIDTH 625 0
DWIDTH 10 0
BBX 12 12 0 -1
BITMAP
FFF0
7FF0
76E0
3FE0
1FC0
1DC0
0F80
0F80
0700
0700
0200
0200
ENDCHAR
STARTCHAR E8D3
ENCODING 59603
SWIDTH 625 0
DWIDTH 10 0
BBX 12 11 0 0
BITMAP
0200
0200
0700
0F00
0F80
1FC0
1FC0
3FE0
7FE0
7FF0
FFF0
ENDCHAR
STARTCHAR E8D4
ENCODING 59604
SWIDTH 625 0
DWIDTH 10 0
BBX 13 13 0 -1
BITMAP
FFF0
FFF8
FFF8
3840
9848
9318
9318
C738
C648
EA48
F1F8
FFF8
FFF0
ENDCHAR
STARTCHAR E8D5
ENCODING 59605
SWIDTH 625 0
DWIDTH 10 0
BBX 13 13 0 -1
BITMAP
0F80
3FE0
7FF0
7FF0
FEF8
EAF8
EA38
FED8
F6B8
7FF0
7FF0
3FE0
0F80
ENDCHAR
STARTCHAR E8D6
ENCODING 59606
SWIDTH 625 0
DWIDTH 10 0
BBX 12 11 0 -1
BITMAP
0070
07E0
F7E0
F7C0
7F80
7F00
3F00
3E00
3C00
1800
1800
ENDCHAR
STARTCHAR E8D7
ENCODING 59607
SWIDTH 625 0
DWIDTH 10 0
BBX 12 11 0 0
BITMAP
0780
FF70
7FF0
7FE0
3FC0
3FC0
1B80
0F80
0F00
0700
0600
ENDCHAR
STARTCHAR E8D8
ENCODING 59608
SWIDTH 625 0
DWIDTH 10 0
BBX 12 11 0 0
BITMAP
E030
6070
7060
18E0
18C0
1CC0
0D80
0F80
0700
0600
0200
ENDCHAR
STARTCHAR E8D9
ENCODING 59609
SWIDTH 625 0
DWIDTH 10 0
BBX 12 11 0 0
BITMAP
0200
0200
0700
0F80
8F80
C310
6220
3240
1880
0D00
0600
ENDCHAR
STARTCHAR E8DA
ENCODING 59610
SWIDTH 625 0
DWIDTH 10 0
BBX 13 13 0 -1
BITMAP
0040
00F0
01F8
43F8
E7B8
7E38
3C38
7E38
FF38
47F8
03F8
00F8
0060
ENDCHAR
STARTCHAR E8DB
ENCODING 59611
SWIDTH 625 0
DWIDTH 10 0
BBX 13 13 0 -1
BITMAP
7CF8
BF08
C088
C7E8
C818
C818
C818
C818
C818
A818
8818
8FE8
7DF8
ENDCHAR
STARTCHAR E8DC
ENCODING 59612
SWIDTH 625 0
DWIDTH 10 0
BBX 13 11 0 0
BITMAP
F8F8
9DD0
8DB0
4F20
2740
2240
1280
1080
0900
0A00
0600
ENDCHAR
STARTCHAR E8DD
ENCODING 59613
SWIDTH 625 0
DWIDTH 10 0
BBX 12 11 0 0
BITMAP
7FE0
7FE0
7FE0
7FE0
FFE0
FFE0
EEE0
F1E0
FFE0
FFF0
FFF0
ENDCHAR
STARTCHAR E8DE
ENCODING 59614
SWIDTH 625 0
DWIDTH 10 0
BBX 12 10 0 0
BITMAP
FDF0
7DF0
7BE0
3BC0
37C0
0780
0F80
0F00
0700
0600
ENDCHAR
STARTCHAR E8DF
ENCODING 59615
SWIDTH 625 0
DWIDTH 10 0
BBX 12 11 0 0
BITMAP
E070
7270
77E0
3EE0
1FC0
1FC0
0F80
0F00
0700
0600
0200
ENDCHAR
STARTCHAR E8E0
ENCODING 59616
SWIDTH 625 0
DWIDTH 10 0
BBX 13 13 0 -1
BITMAP
F8F8
FDF8
FFF8
FFF8
FFF8
FFF8
FFF8
EA98
EA98
EED8
F518
F568
FFF8
ENDCHAR
STARTCHAR E8E1
ENCODING 59617
SWIDTH 625 0
DWIDTH 10 0
BBX 13 13 0 -1
BITMAP
FFF8
FFF8
FFF8
FFF8
EDB8
E578
F978
F478
F4F8
FFF8
FFF8
FFF8
FFF8
ENDCHAR
STARTCHAR E8E2
ENCODING 59618
SWIDTH 625 0
DWIDTH 10 0
BBX 13 9 0 0
BITMAP
4710
CF98
CD98
CD98
CD98
CD98
6730
7FF0
3FE0
ENDCHAR
STARTCHAR E8E3
ENCODING 59619
SWIDTH 625 0
DWIDTH 10 0
BBX 11 12 0 0
BITMAP
1B00
7BC0
7EE0
DFA0
EEE0
FBE0
FBE0
FBE0
6AC0
7BE0
1B00
0200
ENDCHAR
STARTCHAR E8E4
ENCODING 59620
SWIDTH 625 0
DWIDTH 10 0
BBX 11 11 0 0
BITMAP
77C0
FFC0
FFE0
E5E0
67C0
7FC0
7FE0
7FE0
7F80
7F00
0F00
ENDCHAR
STARTCHAR E8E5
ENCODING 59621
SWIDTH 625 0
DWIDTH 10 0
BBX 13 13 0 -1
BITMAP
FDF8
FDF8
FDF8
FDF8
FDF8
FDF8
0000
FDF8
FDF8
FDF8
FDF8
FDF8
FDF8
ENDCHAR
STARTCHAR E8E6
ENCODING 59622
SWIDTH 625 0
DWIDTH 10 0
BBX 13 7 0 2
BITMAP
FFF8
AAC8
ADA8
95A8
9498
FFF8
0100
ENDCHAR
STARTCHAR E8E7
ENCODING 59623
SWIDTH 625 0
DWIDTH 10 0
BBX 12 11 0 0
BITMAP
1FC0
3FC0
3FE0
7660
F2F0
F9F0
F2F0
7660
3FE0
3FC0
1FC0
ENDCHAR
STARTCHAR E8E8
ENCODING 59624
SWIDTH 625 0
DWIDTH 10 0
BBX 12 12 0 0
BITMAP
0100
7EC0
BFF0
F6A0
FB60
F5E0
F7E0
CF60
F6E0
DEE0
AFC0
7F80
ENDCHAR
STARTCHAR E8E9
ENCODING 59625
SWIDTH 625 0
DWIDTH 10 0
BBX 13 13 0 -1
BITMAP
7FF0
FFF8
FFF8
D9D8
EBD8
E618
E6D8
EAD8
D918
FFF8
FFF8
FFF8
7FF0
ENDCHAR
STARTCHAR E8EA
ENCODING 59626
SWIDTH 625 0
DWIDTH 10 0
BBX 13 5 0 3
BITMAP
2020
4C48
3A48
6F40
8AE0
ENDCHAR
STARTCHAR E8EB
ENCODING 59627
SWIDTH 625 0
DWIDTH 10 0
BBX 13 11 0 0
BITMAP
CB00
7B00
3480
2780
28C0
0000
3340
3740
2D40
2D40
2178
ENDCHAR
STARTCHAR E8EC
ENCODING 59628
SWIDTH 625 0
DWIDTH 10 0
BBX 13 13 0 -1
BITMAP
0F80
3FE0
7FF0
7BF0
F7F8
F7F8
FEF8
EFF8
FF78
7FB0
70F0
3FE0
0F80
ENDCHAR
STARTCHAR E8ED
ENCODING 59629
SWIDTH 625 0
DWIDTH 10 0
BBX 13 11 0 0
BITMAP
F078
F0F8
F0F8
F0F0
30E0
0080
0380
0780
0F80
0F80
0F80
ENDCHAR
STARTCHAR E8EE
ENCODING 59630
SWIDTH 625 0
DWIDTH 10 0
BBX 12 10 0 0
BITMAP
8160
F760
5760
5F40
4000
01B0
5FF0
7AA0
F7A0
4000
ENDCHAR
STARTCHAR E8EF
ENCODING 59631
SWIDTH 625 0
DWIDTH 10 0
BBX 13 12 0 0
BITMAP
0030
FFE8
EFD8
C198
C398
C718
CE18
DC18
DFB8
BF78
6000
8000
ENDCHAR
STARTCHAR EE00
ENCODING 60928
SWIDTH 625 0
DWIDTH 10 0
BBX 7 11 3 0
BITMAP
FE
80
80
80
80
80
80
80
80
80
FE
ENDCHAR
STARTCHAR EE01
ENCODING 60929
SWIDTH 625 0
DWIDTH 10 0
BBX 10 11 0 0
BITMAP
FFC0
0000
0000
0000
0000
0000
0000
0000
0000
0000
FFC0
ENDCHAR
STARTCHAR EE02
ENCODING 60930
SWIDTH 625 0
DWIDTH 10 0
BBX 7 11 0 0
BITMAP
FE
02
02
02
02
02
02
02
02
02
FE
ENDCHAR
STARTCHAR EE03
ENCODING 60931
SWIDTH 625 0
DWIDTH 10 0
BBX 7 11 3 0
BITMAP
FE
80
BE
BE
BE
BE
BE
BE
BE
80
FE
ENDCHAR
STARTCHAR EE04
ENCODING 60932
SWIDTH 625 0
DWIDTH 10 0
BBX 10 11 0 0
BITMAP
FFC0
0000
FFC0
FFC0
FFC0
FFC0
FFC0
FFC0
FFC0
0000
FFC0
ENDCHAR
STARTCHAR EE05
ENCODING 60933
SWIDTH 625 0
DWIDTH 10 0
BBX 7 11 0 0
BITMAP
FE
02
FA
FA
FA
FA
FA
FA
FA
02
FE
ENDCHAR
STARTCHAR EE06
ENCODING 60934
SWIDTH 1187 0
DWIDTH 19 0
BBX 5 2 7 9
BITMAP
F8
80
ENDCHAR
STARTCHAR EE07
ENCODING 60935
SWIDTH 1187 0
DWIDTH 19 0
BBX 5 8 10 3
BITMAP
C0
20
10
08
08
08
08
08
ENDCHAR
STARTCHAR EE08
ENCODING 60936
SWIDTH 1187 0
DWIDTH 19 0
BBX 7 8 8 0
BITMAP
06
02
02
02
02
04
08
F0
ENDCHAR
STARTCHAR EE09
ENCODING 60937
SWIDTH 1187 0
DWIDTH 19 0
BBX 11 5 4 0
BITMAP
8020
8020
4040
2080
1F00
ENDCHAR
STARTCHAR EE0A
ENCODING 60938
SWIDTH 1187 0
DWIDTH 19 0
BBX 7 8 4 0
BITMAP
80
80
80
80
80
40
20
1E
ENDCHAR
STARTCHAR EE0B
ENCODING 60939
SWIDTH 1187 0
DWIDTH 19 0
BBX 5 8 4 3
BITMAP
18
30
40
80
80
80
80
C0
ENDCHAR
STARTCHAR F880
ENCODING 63616
SWIDTH 625 0
DWIDTH 10 0
BBX 7 12 1 0
BITMAP
FE
D2
AE
D2
A6
CA
D2
AE
D2
A6
CA
FE
ENDCHAR
STARTCHAR F881
ENCODING 63617
SWIDTH 1187 0
DWIDTH 19 0
BBX 11 9 4 1
BITMAP
1100
1F00
1D00
1500
EBE0
1B00
2480
1B00
1100
ENDCHAR
STARTCHAR F882
ENCODING 63618
SWIDTH 625 0
DWIDTH 10 0
BBX 8 16 0 0
BITMAP
10
21
21
00
FF
21
21
21
21
21
21
21
21
25
25
FB
ENDCHAR
STARTCHAR F883
ENCODING 63619
SWIDTH 625 0
DWIDTH 10 0
BBX 10 15 0 -3
BITMAP
1040
2080
2000
0000
6380
2080
2080
2080
2080
2080
2080
F880
0080
0D80
0700
ENDCHAR
STARTCHAR F891
ENCODING 63633
SWIDTH 0 0
DWIDTH 0 0
BBX 4 4 -7 10
BITMAP
70
B0
60
40
ENDCHAR
STARTCHAR F892
ENCODING 63634
SWIDTH 0 0
DWIDTH 0 0
BBX 4 4 -7 10
BITMAP
70
B0
60
40
ENDCHAR
STARTCHAR F896
ENCODING 63638
SWIDTH 0 0
DWIDTH 0 0
BBX 2 19 -2 -4
BITMAP
40
C0
00
00
00
00
00
00
00
00
00
00
00
00
00
00
00
C0
40
ENDCHAR
STARTCHAR F897
ENCODING 63639
SWIDTH 0 0
DWIDTH 0 0
BBX 2 19 0 -4
BITMAP
80
C0
00
00
00
00
00
00
00
00
00
00
00
00
00
00
00
C0
80
ENDCHAR
STARTCHAR F898
ENCODING 63640
SWIDTH 0 0
DWIDTH 0 0
BBX 2 23 -2 -7
BITMAP
40
C0
00
00
00
00
00
00
00
00
00
00
00
00
00
00
00
00
00
00
00
00
C0
ENDCHAR
STARTCHAR F899
ENCODING 63641
SWIDTH 0 0
DWIDTH 0 0
BBX 2 23 0 -7
BITMAP
80
C0
00
00
00
00
00
00
00
00
00
00
00
00
00
00
00
00
00
00
00
00
C0
ENDCHAR
STARTCHAR F89A
ENCODING 63642
SWIDTH 0 0
DWIDTH 0 0
BBX 38 1 -19 0
BITMAP
FFFFFFFFFC
ENDCHAR
STARTCHAR F89B
ENCODING 63643
SWIDTH 0 0
DWIDTH 0 0
BBX 2 4 -2 -2
BITMAP
80
C0
C0
80
ENDCHAR
STARTCHAR F89C
ENCODING 63644
SWIDTH 0 0
DWIDTH 0 0
BBX 2 4 0 -2
BITMAP
40
C0
C0
40
ENDCHAR
STARTCHAR F89D
ENCODING 63645
SWIDTH 625 0
DWIDTH 10 0
BBX 0 0 0 0
BITMAP
ENDCHAR
STARTCHAR F89E
ENCODING 63646
SWIDTH 625 0
DWIDTH 10 0
BBX 0 0 0 0
BITMAP
ENDCHAR
STARTCHAR F89F
ENCODING 63647
SWIDTH 625 0
DWIDTH 10 0
BBX 9 20 1 -5
BITMAP
1000
1000
F000
1000
1F00
1000
1000
1F00
1000
1000
F000
1000
1000
1000
1000
1F80
1000
1000
F000
1F00
ENDCHAR
STARTCHAR FB00
ENCODING 64256
SWIDTH 562 0
DWIDTH 9 0
BBX 7 13 1 0
BITMAP
76
56
54
44
44
EE
44
44
44
44
44
44
EE
ENDCHAR
STARTCHAR FB01
ENCODING 64257
SWIDTH 625 0
DWIDTH 10 0
BBX 8 13 1 0
BITMAP
38
60
40
40
FC
44
44
44
44
44
44
44
FF
ENDCHAR
STARTCHAR FB02
ENCODING 64258
SWIDTH 625 0
DWIDTH 10 0
BBX 8 13 1 0
BITMAP
3C
64
44
44
44
F4
44
44
44
44
44
44
FF
ENDCHAR
STARTCHAR FB03
ENCODING 64259
SWIDTH 625 0
DWIDTH 10 0
BBX 8 13 1 0
BITMAP
7C
48
48
48
FE
4A
4A
4A
4A
4A
4A
4A
FF
ENDCHAR
STARTCHAR FB04
ENCODING 64260
SWIDTH 625 0
DWIDTH 10 0
BBX 8 13 1 0
BITMAP
7E
4A
4A
4A
4A
FE
4A
4A
4A
4A
4A
4A
FF
ENDCHAR
STARTCHAR FB05
ENCODING 64261
SWIDTH 562 0
DWIDTH 9 0
BBX 7 13 1 0
BITMAP
3C
64
44
44
4E
44
44
44
44
44
46
46
E6
ENDCHAR
STARTCHAR FB06
ENCODING 64262
SWIDTH 562 0
DWIDTH 9 0
BBX 7 13 1 0
BITMAP
3C
24
24
24
EE
A4
84
C4
64
24
A6
A6
E6
ENDCHAR
STARTCHAR FB29
ENCODING 64297
SWIDTH 625 0
DWIDTH 10 0
BBX 6 4 2 5
BITMAP
20
20
20
FC
ENDCHAR
STARTCHAR FEFF
ENCODING 65279
SWIDTH 0 0
DWIDTH 0 0
BBX 0 0 0 0
BITMAP
ENDCHAR
STARTCHAR FFFC
ENCODING 65532
SWIDTH 1187 0
DWIDTH 19 0
BBX 16 15 2 -2
BITMAP
EEEF
8001
8001
0000
9B99
AA89
AA89
2B08
AA89
AAA9
9BB9
0000
8001
8001
EEEF
ENDCHAR
STARTCHAR FFFD
ENCODING 65533
SWIDTH 625 0
DWIDTH 10 0
BBX 8 13 1 -1
BITMAP
10
18
38
24
5C
7A
E7
6E
7E
24
38
18
10
ENDCHAR
ENDFONT
