STARTFONT 2.1
COMMENT
COMMENT Converted from OpenType font "IosevkaCustomBoldSemiNerdFont-Extended.ttf" by "otf2bdf 3.0".
COMMENT
FONT -FreeType-IosevkaCustomBoldSemi Nerd Font Extended-Medium-R-Normal--16-160-72-72-c-97-ISO10646-1
SIZE 16 72 72
FONTBOUNDINGBOX 42 33 -21 -11
STARTPROPERTIES 19
FOUNDRY "FreeType"
FAMILY_NAME "IosevkaCustomBoldSemi Nerd Font Extended"
WEIGHT_NAME "Medium"
SLANT "R"
SETWIDTH_NAME "Normal"
ADD_STYLE_NAME ""
PIXEL_SIZE 16
POINT_SIZE 160
RESOLUTION_X 72
RESOLUTION_Y 72
SPACING "P"
AVERAGE_WIDTH 97
CHARSET_REGISTRY "ISO10646"
CHARSET_ENCODING "1"
FONT_ASCENT 15
FONT_DESCENT 4
COPYRIGHT "Copyright 2015-2026, Renzhi Li (aka. Belleve Invis, belleve@typeof.net)."
_OTF_FONTFILE "IosevkaCustomBoldSemiNerdFont-Extended.ttf"
_OTF_PSNAME "IosevkaCustomBoldSemiNF-Extended"
ENDPROPERTIES
CHARS 5721
STARTCHAR 0020
ENCODING 32
SWIDTH 687 0
DWIDTH 11 0
BBX 0 0 0 0
BITMAP
ENDCHAR
STARTCHAR 0021
ENCODING 33
SWIDTH 687 0
DWIDTH 11 0
BBX 3 13 4 0
BITMAP
C0
C0
C0
C0
C0
C0
C0
C0
00
00
E0
E0
E0
ENDCHAR
STARTCHAR 0022
ENCODING 34
SWIDTH 625 0
DWIDTH 10 0
BBX 6 6 2 8
BITMAP
CC
CC
CC
CC
CC
CC
ENDCHAR
STARTCHAR 0023
ENCODING 35
SWIDTH 750 0
DWIDTH 12 0
BBX 10 13 1 0
BITMAP
1980
1980
1980
1980
7FC0
7FC0
3300
3300
FF80
FF80
6600
6600
6600
ENDCHAR
STARTCHAR 0024
ENCODING 36
SWIDTH 687 0
DWIDTH 11 0
BBX 7 16 2 -2
BITMAP
18
18
7E
FE
DE
D8
F8
7C
1E
1A
DA
FE
DC
18
18
18
ENDCHAR
STARTCHAR 0025
ENCODING 37
SWIDTH 687 0
DWIDTH 11 0
BBX 9 13 1 0
BITMAP
6180
F300
F300
F600
F400
FC00
6800
1B00
1780
3780
6780
6780
C300
ENDCHAR
STARTCHAR 0026
ENCODING 38
SWIDTH 625 0
DWIDTH 10 0
BBX 8 13 1 0
BITMAP
3C
7E
C6
C0
C0
E6
7F
7F
C6
C6
C6
FE
7E
ENDCHAR
STARTCHAR 0027
ENCODING 39
SWIDTH 625 0
DWIDTH 10 0
BBX 2 6 4 8
BITMAP
C0
C0
C0
C0
C0
C0
ENDCHAR
STARTCHAR 0028
ENCODING 40
SWIDTH 687 0
DWIDTH 11 0
BBX 6 17 2 -3
BITMAP
1C
7C
60
E0
C0
C0
C0
C0
C0
C0
C0
C0
C0
C0
60
7C
1C
ENDCHAR
STARTCHAR 0029
ENCODING 41
SWIDTH 687 0
DWIDTH 11 0
BBX 6 17 3 -3
BITMAP
E0
F0
18
1C
0C
0C
0C
0C
0C
0C
0C
0C
0C
1C
18
F0
E0
ENDCHAR
STARTCHAR 002A
ENCODING 42
SWIDTH 625 0
DWIDTH 10 0
BBX 8 9 1 3
BITMAP
18
18
DB
7E
3C
7E
DB
18
18
ENDCHAR
STARTCHAR 002B
ENCODING 43
SWIDTH 687 0
DWIDTH 11 0
BBX 7 8 2 2
BITMAP
18
18
18
FE
FE
18
18
18
ENDCHAR
STARTCHAR 002C
ENCODING 44
SWIDTH 687 0
DWIDTH 11 0
BBX 3 6 4 -4
BITMAP
E0
E0
E0
60
C0
C0
ENDCHAR
STARTCHAR 002D
ENCODING 45
SWIDTH 687 0
DWIDTH 11 0
BBX 7 2 2 5
BITMAP
FE
FE
ENDCHAR
STARTCHAR 002E
ENCODING 46
SWIDTH 687 0
DWIDTH 11 0
BBX 3 3 4 0
BITMAP
E0
E0
E0
ENDCHAR
STARTCHAR 002F
ENCODING 47
SWIDTH 687 0
DWIDTH 11 0
BBX 7 17 2 -2
BITMAP
06
06
0C
0C
0C
18
18
18
30
30
30
60
60
60
C0
C0
C0
ENDCHAR
STARTCHAR 0030
ENCODING 48
SWIDTH 687 0
DWIDTH 11 0
BBX 8 13 1 0
BITMAP
3C
7E
C7
C7
CF
CF
DB
F3
E3
C3
C3
7E
3C
ENDCHAR
STARTCHAR 0031
ENCODING 49
SWIDTH 687 0
DWIDTH 11 0
BBX 7 13 2 0
BITMAP
38
78
F8
58
18
18
18
18
18
18
18
FE
FE
ENDCHAR
STARTCHAR 0032
ENCODING 50
SWIDTH 687 0
DWIDTH 11 0
BBX 8 13 1 0
BITMAP
3C
7E
63
03
03
07
0E
3C
30
60
63
7F
FF
ENDCHAR
STARTCHAR 0033
ENCODING 51
SWIDTH 687 0
DWIDTH 11 0
BBX 8 13 2 0
BITMAP
FF
FF
C6
0C
18
3C
3E
03
03
03
E3
FE
3C
ENDCHAR
STARTCHAR 0034
ENCODING 52
SWIDTH 687 0
DWIDTH 11 0
BBX 7 13 1 0
BITMAP
0E
0E
1E
3E
36
66
66
C6
FE
FE
06
1E
1E
ENDCHAR
STARTCHAR 0035
ENCODING 53
SWIDTH 687 0
DWIDTH 11 0
BBX 7 13 2 0
BITMAP
FE
FE
C6
C0
C0
F8
FC
0E
06
06
06
FC
F8
ENDCHAR
STARTCHAR 0036
ENCODING 54
SWIDTH 687 0
DWIDTH 11 0
BBX 8 13 1 0
BITMAP
3C
7E
C3
C0
C0
DE
FF
C3
C3
C3
C3
7E
3C
ENDCHAR
STARTCHAR 0037
ENCODING 55
SWIDTH 687 0
DWIDTH 11 0
BBX 8 13 2 0
BITMAP
FF
FF
C6
06
06
0C
0C
0C
18
18
18
30
30
ENDCHAR
STARTCHAR 0038
ENCODING 56
SWIDTH 687 0
DWIDTH 11 0
BBX 8 13 1 0
BITMAP
7C
FE
C6
C6
C6
7E
7E
E7
C3
C3
C3
7E
3C
ENDCHAR
STARTCHAR 0039
ENCODING 57
SWIDTH 687 0
DWIDTH 11 0
BBX 8 13 1 0
BITMAP
3C
7E
C3
C3
C3
C3
FF
7B
03
03
C3
7E
3C
ENDCHAR
STARTCHAR 003A
ENCODING 58
SWIDTH 687 0
DWIDTH 11 0
BBX 3 9 4 0
BITMAP
E0
E0
E0
00
00
00
E0
E0
E0
ENDCHAR
STARTCHAR 003B
ENCODING 59
SWIDTH 687 0
DWIDTH 11 0
BBX 3 12 4 -4
BITMAP
E0
E0
E0
00
00
00
E0
E0
E0
60
C0
C0
ENDCHAR
STARTCHAR 003C
ENCODING 60
SWIDTH 687 0
DWIDTH 11 0
BBX 8 10 2 0
BITMAP
02
0E
1C
70
E0
C0
E0
38
0E
07
ENDCHAR
STARTCHAR 003D
ENCODING 61
SWIDTH 687 0
DWIDTH 11 0
BBX 7 6 2 3
BITMAP
FE
FE
00
00
FE
FE
ENDCHAR
STARTCHAR 003E
ENCODING 62
SWIDTH 687 0
DWIDTH 11 0
BBX 8 10 1 0
BITMAP
40
70
38
0E
07
03
06
1C
70
E0
ENDCHAR
STARTCHAR 003F
ENCODING 63
SWIDTH 687 0
DWIDTH 11 0
BBX 7 13 2 0
BITMAP
78
FC
C6
06
06
0E
3C
38
30
00
38
38
38
ENDCHAR
STARTCHAR 0040
ENCODING 64
SWIDTH 687 0
DWIDTH 11 0
BBX 9 15 1 -2
BITMAP
3E00
7F00
E380
DD80
FF80
F780
F780
F780
F780
F780
FF80
DF00
C000
7F00
3F00
ENDCHAR
STARTCHAR 0041
ENCODING 65
SWIDTH 687 0
DWIDTH 11 0
BBX 9 13 1 0
BITMAP
0800
1C00
1C00
1400
1400
3600
3600
3E00
3E00
6300
6300
F780
F780
ENDCHAR
STARTCHAR 0042
ENCODING 66
SWIDTH 687 0
DWIDTH 11 0
BBX 9 13 1 0
BITMAP
FC00
FE00
6300
6300
6300
6300
7E00
7F00
6180
6180
6180
FF00
FE00
ENDCHAR
STARTCHAR 0043
ENCODING 67
SWIDTH 687 0
DWIDTH 11 0
BBX 8 13 1 0
BITMAP
7B
7F
C3
C0
C0
C0
C0
C0
C0
C0
C7
7E
3C
ENDCHAR
STARTCHAR 0044
ENCODING 68
SWIDTH 687 0
DWIDTH 11 0
BBX 8 13 1 0
BITMAP
FC
FE
63
63
63
63
63
63
63
63
63
FE
FC
ENDCHAR
STARTCHAR 0045
ENCODING 69
SWIDTH 687 0
DWIDTH 11 0
BBX 8 13 1 0
BITMAP
FF
FF
63
60
60
7C
7C
60
60
60
63
FF
FF
ENDCHAR
STARTCHAR 0046
ENCODING 70
SWIDTH 687 0
DWIDTH 11 0
BBX 7 13 2 0
BITMAP
FE
FE
66
60
60
78
78
60
60
60
60
F0
F0
ENDCHAR
STARTCHAR 0047
ENCODING 71
SWIDTH 687 0
DWIDTH 11 0
BBX 9 13 1 0
BITMAP
3C00
7E00
C600
C000
C000
C000
CF80
CF80
C600
C600
C600
FE00
7600
ENDCHAR
STARTCHAR 0048
ENCODING 72
SWIDTH 687 0
DWIDTH 11 0
BBX 9 13 1 0
BITMAP
F780
F780
6300
6300
6300
6300
7F00
7F00
6300
6300
6300
F780
F780
ENDCHAR
STARTCHAR 0049
ENCODING 73
SWIDTH 687 0
DWIDTH 11 0
BBX 7 13 2 0
BITMAP
FE
FE
30
30
30
30
30
30
30
30
30
FE
FE
ENDCHAR
STARTCHAR 004A
ENCODING 74
SWIDTH 625 0
DWIDTH 10 0
BBX 7 13 1 0
BITMAP
3E
3E
06
06
06
06
06
06
06
06
C6
FC
78
ENDCHAR
STARTCHAR 004B
ENCODING 75
SWIDTH 687 0
DWIDTH 11 0
BBX 8 13 2 0
BITMAP
C7
C7
CC
CC
D8
D8
F8
F8
D8
CC
CC
C6
C6
ENDCHAR
STARTCHAR 004C
ENCODING 76
SWIDTH 750 0
DWIDTH 12 0
BBX 8 13 2 0
BITMAP
F0
F0
60
60
60
60
60
60
60
60
63
FF
FF
ENDCHAR
STARTCHAR 004D
ENCODING 77
SWIDTH 750 0
DWIDTH 12 0
BBX 10 13 1 0
BITMAP
E1C0
E1C0
E380
F380
D380
DF80
DD80
CD80
CD80
C180
C180
E1C0
E1C0
ENDCHAR
STARTCHAR 004E
ENCODING 78
SWIDTH 687 0
DWIDTH 11 0
BBX 9 13 1 0
BITMAP
E780
F780
7300
7300
7B00
7B00
6B00
6F00
6F00
6700
6700
F700
F300
ENDCHAR
STARTCHAR 004F
ENCODING 79
SWIDTH 625 0
DWIDTH 10 0
BBX 8 13 1 0
BITMAP
3C
7E
C3
C3
C3
C3
C3
C3
C3
C3
C3
7E
3C
ENDCHAR
STARTCHAR 0050
ENCODING 80
SWIDTH 625 0
DWIDTH 10 0
BBX 8 13 1 0
BITMAP
FC
FE
63
63
63
63
7E
7C
60
60
60
F0
F0
ENDCHAR
STARTCHAR 0051
ENCODING 81
SWIDTH 625 0
DWIDTH 10 0
BBX 8 13 1 0
BITMAP
3C
7E
C3
C3
C3
C3
C3
DB
CF
CF
C7
7F
3F
ENDCHAR
STARTCHAR 0052
ENCODING 82
SWIDTH 687 0
DWIDTH 11 0
BBX 9 13 1 0
BITMAP
FE00
FE00
6300
6300
6300
6300
7E00
7E00
6C00
6600
6600
F380
F380
ENDCHAR
STARTCHAR 0053
ENCODING 83
SWIDTH 687 0
DWIDTH 11 0
BBX 7 13 2 0
BITMAP
76
FE
C6
C0
C0
70
7C
1C
0E
06
C6
FE
FC
ENDCHAR
STARTCHAR 0054
ENCODING 84
SWIDTH 750 0
DWIDTH 12 0
BBX 8 13 2 0
BITMAP
FF
FF
DB
18
18
18
18
18
18
18
18
7C
7C
ENDCHAR
STARTCHAR 0055
ENCODING 85
SWIDTH 687 0
DWIDTH 11 0
BBX 9 13 1 0
BITMAP
F780
F780
6300
6300
6300
6300
6300
6300
6300
6300
6300
3E00
1C00
ENDCHAR
STARTCHAR 0056
ENCODING 86
SWIDTH 687 0
DWIDTH 11 0
BBX 9 13 1 0
BITMAP
F780
F780
6300
3600
3600
3600
3600
1400
1400
1400
1C00
0800
0800
ENDCHAR
STARTCHAR 0057
ENCODING 87
SWIDTH 750 0
DWIDTH 12 0
BBX 10 13 1 0
BITMAP
E1C0
E1C0
4080
4080
6D80
6D80
6D80
7F80
7F80
3300
3300
3300
3300
ENDCHAR
STARTCHAR 0058
ENCODING 88
SWIDTH 687 0
DWIDTH 11 0
BBX 9 13 1 0
BITMAP
F780
F780
3600
3600
1C00
1C00
0800
1C00
1C00
3600
3600
F780
F780
ENDCHAR
STARTCHAR 0059
ENCODING 89
SWIDTH 687 0
DWIDTH 11 0
BBX 9 13 1 0
BITMAP
F780
F780
6600
3600
3600
3C00
1C00
1800
1800
1800
1800
3E00
3E00
ENDCHAR
STARTCHAR 005A
ENCODING 90
SWIDTH 687 0
DWIDTH 11 0
BBX 7 13 2 0
BITMAP
FE
FE
CE
0C
1C
18
38
30
70
60
E6
FE
FE
ENDCHAR
STARTCHAR 005B
ENCODING 91
SWIDTH 687 0
DWIDTH 11 0
BBX 6 17 3 -2
BITMAP
FC
FC
C0
C0
C0
C0
C0
C0
C0
C0
C0
C0
C0
C0
C0
FC
FC
ENDCHAR
STARTCHAR 005C
ENCODING 92
SWIDTH 687 0
DWIDTH 11 0
BBX 8 17 1 -2
BITMAP
C0
60
60
60
30
30
38
18
18
0C
0C
0C
06
06
06
03
03
ENDCHAR
STARTCHAR 005D
ENCODING 93
SWIDTH 687 0
DWIDTH 11 0
BBX 6 17 2 -2
BITMAP
FC
FC
0C
0C
0C
0C
0C
0C
0C
0C
0C
0C
0C
0C
0C
FC
FC
ENDCHAR
STARTCHAR 005E
ENCODING 94
SWIDTH 687 0
DWIDTH 11 0
BBX 8 5 1 8
BITMAP
1C
3E
76
E3
43
ENDCHAR
STARTCHAR 005F
ENCODING 95
SWIDTH 687 0
DWIDTH 11 0
BBX 7 2 2 -2
BITMAP
FE
FE
ENDCHAR
STARTCHAR 0060
ENCODING 96
SWIDTH 687 0
DWIDTH 11 0
BBX 5 5 2 9
BITMAP
40
E0
70
38
10
ENDCHAR
STARTCHAR 0061
ENCODING 97
SWIDTH 687 0
DWIDTH 11 0
BBX 9 9 1 0
BITMAP
3C00
7F00
6300
1F00
7F00
6300
E300
7F80
7B80
ENDCHAR
STARTCHAR 0062
ENCODING 98
SWIDTH 687 0
DWIDTH 11 0
BBX 8 13 1 0
BITMAP
E0
E0
60
60
6E
7F
63
63
63
63
63
FF
EE
ENDCHAR
STARTCHAR 0063
ENCODING 99
SWIDTH 687 0
DWIDTH 11 0
BBX 8 9 1 0
BITMAP
7B
7F
C3
C0
C0
C0
C7
7E
3C
ENDCHAR
STARTCHAR 0064
ENCODING 100
SWIDTH 625 0
DWIDTH 10 0
BBX 8 13 1 0
BITMAP
0E
0E
06
06
76
FE
C6
C6
C6
C6
C6
FF
77
ENDCHAR
STARTCHAR 0065
ENCODING 101
SWIDTH 625 0
DWIDTH 10 0
BBX 8 9 1 0
BITMAP
3C
7E
C6
FF
FF
C0
C6
7E
3C
ENDCHAR
STARTCHAR 0066
ENCODING 102
SWIDTH 687 0
DWIDTH 11 0
BBX 8 13 2 0
BITMAP
1E
3E
37
30
30
FE
FE
30
30
30
30
FC
FC
ENDCHAR
STARTCHAR 0067
ENCODING 103
SWIDTH 625 0
DWIDTH 10 0
BBX 8 13 1 -4
BITMAP
77
FF
C6
C6
C6
C6
C6
FE
76
06
C6
FC
78
ENDCHAR
STARTCHAR 0068
ENCODING 104
SWIDTH 687 0
DWIDTH 11 0
BBX 9 13 1 0
BITMAP
E000
E000
6000
6000
6E00
7F00
6300
6300
6300
6300
6300
F780
F780
ENDCHAR
STARTCHAR 0069
ENCODING 105
SWIDTH 687 0
DWIDTH 11 0
BBX 7 13 2 0
BITMAP
18
18
18
00
F8
F8
18
18
18
18
18
FE
FE
ENDCHAR
STARTCHAR 006A
ENCODING 106
SWIDTH 625 0
DWIDTH 10 0
BBX 7 17 0 -4
BITMAP
06
06
06
00
1E
1E
06
06
06
06
06
06
06
06
C6
FC
78
ENDCHAR
STARTCHAR 006B
ENCODING 107
SWIDTH 625 0
DWIDTH 10 0
BBX 9 13 1 0
BITMAP
E000
E000
6000
6000
6380
6780
6C00
7C00
7800
7C00
6600
F780
F380
ENDCHAR
STARTCHAR 006C
ENCODING 108
SWIDTH 687 0
DWIDTH 11 0
BBX 7 13 2 0
BITMAP
F8
F8
18
18
18
18
18
18
18
18
18
FE
FE
ENDCHAR
STARTCHAR 006D
ENCODING 109
SWIDTH 687 0
DWIDTH 11 0
BBX 11 9 0 0
BITMAP
FB80
FFC0
6CC0
6CC0
6CC0
6CC0
6CC0
ECE0
ECE0
ENDCHAR
STARTCHAR 006E
ENCODING 110
SWIDTH 687 0
DWIDTH 11 0
BBX 9 9 1 0
BITMAP
EE00
FF00
6300
6300
6300
6300
6300
F780
F780
ENDCHAR
STARTCHAR 006F
ENCODING 111
SWIDTH 625 0
DWIDTH 10 0
BBX 8 9 1 0
BITMAP
3C
7E
C3
C3
C3
C3
C3
7E
3C
ENDCHAR
STARTCHAR 0070
ENCODING 112
SWIDTH 687 0
DWIDTH 11 0
BBX 8 13 1 -4
BITMAP
EE
FF
63
63
63
63
63
7F
6E
60
60
F0
F0
ENDCHAR
STARTCHAR 0071
ENCODING 113
SWIDTH 625 0
DWIDTH 10 0
BBX 8 13 1 -4
BITMAP
77
FF
C6
C6
C6
C6
C6
FE
76
06
06
0F
0F
ENDCHAR
STARTCHAR 0072
ENCODING 114
SWIDTH 687 0
DWIDTH 11 0
BBX 7 9 2 0
BITMAP
F6
FE
36
30
30
30
30
F8
F8
ENDCHAR
STARTCHAR 0073
ENCODING 115
SWIDTH 687 0
DWIDTH 11 0
BBX 7 9 2 0
BITMAP
7E
FE
C6
E0
7C
0E
C2
FE
FC
ENDCHAR
STARTCHAR 0074
ENCODING 116
SWIDTH 687 0
DWIDTH 11 0
BBX 8 13 2 0
BITMAP
30
30
30
30
FE
FE
30
30
30
30
33
3E
1E
ENDCHAR
STARTCHAR 0075
ENCODING 117
SWIDTH 687 0
DWIDTH 11 0
BBX 9 9 1 0
BITMAP
E700
E700
6300
6300
6300
6300
6300
7F80
3B80
ENDCHAR
STARTCHAR 0076
ENCODING 118
SWIDTH 687 0
DWIDTH 11 0
BBX 9 9 1 0
BITMAP
F780
F780
3600
3600
3600
1400
1400
1C00
0800
ENDCHAR
STARTCHAR 0077
ENCODING 119
SWIDTH 750 0
DWIDTH 12 0
BBX 10 9 1 0
BITMAP
E1C0
E1C0
4D80
6D80
6D80
7F80
3300
3300
3300
ENDCHAR
STARTCHAR 0078
ENCODING 120
SWIDTH 687 0
DWIDTH 11 0
BBX 9 9 1 0
BITMAP
F780
F780
3600
1C00
0800
1C00
3600
F780
F780
ENDCHAR
STARTCHAR 0079
ENCODING 121
SWIDTH 687 0
DWIDTH 11 0
BBX 9 13 1 -4
BITMAP
F780
F780
3700
3600
3600
1600
1C00
1C00
0C00
1800
1800
7800
7000
ENDCHAR
STARTCHAR 007A
ENCODING 122
SWIDTH 687 0
DWIDTH 11 0
BBX 7 9 2 0
BITMAP
FE
FE
CC
1C
38
70
66
FE
FE
ENDCHAR
STARTCHAR 007B
ENCODING 123
SWIDTH 625 0
DWIDTH 10 0
BBX 6 17 2 -3
BITMAP
0C
1C
38
30
30
30
30
70
E0
E0
30
30
30
30
30
1C
0C
ENDCHAR
STARTCHAR 007C
ENCODING 124
SWIDTH 625 0
DWIDTH 10 0
BBX 2 16 4 -2
BITMAP
C0
C0
C0
C0
C0
C0
C0
C0
C0
C0
C0
C0
C0
C0
C0
C0
ENDCHAR
STARTCHAR 007D
ENCODING 125
SWIDTH 625 0
DWIDTH 10 0
BBX 6 17 2 -3
BITMAP
C0
E0
70
30
30
30
30
38
1C
1C
30
30
30
30
30
E0
C0
ENDCHAR
STARTCHAR 007E
ENCODING 126
SWIDTH 687 0
DWIDTH 11 0
BBX 8 4 1 3
BITMAP
31
7B
DF
CE
ENDCHAR
STARTCHAR 00A0
ENCODING 160
SWIDTH 687 0
DWIDTH 11 0
BBX 0 0 0 0
BITMAP
ENDCHAR
STARTCHAR 00A1
ENCODING 161
SWIDTH 687 0
DWIDTH 11 0
BBX 3 13 4 -4
BITMAP
E0
E0
E0
00
00
C0
C0
C0
C0
C0
C0
C0
C0
ENDCHAR
STARTCHAR 00A2
ENCODING 162
SWIDTH 687 0
DWIDTH 11 0
BBX 8 13 1 -2
BITMAP
18
18
7F
FF
DB
D8
D8
D8
DB
FE
7E
18
18
ENDCHAR
STARTCHAR 00A3
ENCODING 163
SWIDTH 687 0
DWIDTH 11 0
BBX 7 13 2 0
BITMAP
3C
7C
66
60
60
60
F8
F8
60
60
66
FE
FE
ENDCHAR
STARTCHAR 00A4
ENCODING 164
SWIDTH 687 0
DWIDTH 11 0
BBX 9 9 1 0
BITMAP
4100
FF80
7F00
6300
6300
6300
6300
7F00
DF80
ENDCHAR
STARTCHAR 00A5
ENCODING 165
SWIDTH 687 0
DWIDTH 11 0
BBX 9 13 1 0
BITMAP
F780
F780
3600
3600
3600
1C00
1C00
7F00
7F00
7F00
7F00
3E00
3E00
ENDCHAR
STARTCHAR 00A6
ENCODING 166
SWIDTH 625 0
DWIDTH 10 0
BBX 2 16 4 -2
BITMAP
C0
C0
C0
C0
C0
C0
C0
00
00
C0
C0
C0
C0
C0
C0
C0
ENDCHAR
STARTCHAR 00A7
ENCODING 167
SWIDTH 687 0
DWIDTH 11 0
BBX 7 17 2 -3
BITMAP
3C
7E
C6
C0
C0
7C
FE
C6
C6
E6
7C
3E
06
C6
C6
7C
38
ENDCHAR
STARTCHAR 00A8
ENCODING 168
SWIDTH 687 0
DWIDTH 11 0
BBX 6 3 2 10
BITMAP
CC
CC
CC
ENDCHAR
STARTCHAR 00A9
ENCODING 169
SWIDTH 625 0
DWIDTH 10 0
BBX 8 15 1 -2
BITMAP
3C
42
81
81
BD
A5
A1
A1
A1
A5
BD
81
81
42
3C
ENDCHAR
STARTCHAR 00AA
ENCODING 170
SWIDTH 625 0
DWIDTH 10 0
BBX 6 8 2 3
BITMAP
78
CC
7C
C4
CC
74
00
FC
ENDCHAR
STARTCHAR 00AB
ENCODING 171
SWIDTH 687 0
DWIDTH 11 0
BBX 8 9 1 1
BITMAP
1B
33
66
6C
CC
66
36
13
10
ENDCHAR
STARTCHAR 00AC
ENCODING 172
SWIDTH 687 0
DWIDTH 11 0
BBX 8 6 1 1
BITMAP
FF
FF
03
03
03
03
ENDCHAR
STARTCHAR 00AD
ENCODING 173
SWIDTH 687 0
DWIDTH 11 0
BBX 7 2 2 5
BITMAP
FE
FE
ENDCHAR
STARTCHAR 00AE
ENCODING 174
SWIDTH 750 0
DWIDTH 12 0
BBX 8 8 2 7
BITMAP
3C
7A
A5
A5
B9
A9
6E
3C
ENDCHAR
STARTCHAR 00AF
ENCODING 175
SWIDTH 687 0
DWIDTH 11 0
BBX 7 2 2 11
BITMAP
FE
FE
ENDCHAR
STARTCHAR 00B0
ENCODING 176
SWIDTH 625 0
DWIDTH 10 0
BBX 4 5 3 9
BITMAP
60
F0
90
F0
60
ENDCHAR
STARTCHAR 00B1
ENCODING 177
SWIDTH 687 0
DWIDTH 11 0
BBX 7 10 2 0
BITMAP
18
18
18
FE
FE
18
18
18
FE
FE
ENDCHAR
STARTCHAR 00B2
ENCODING 178
SWIDTH 687 0
DWIDTH 11 0
BBX 5 8 3 5
BITMAP
F0
98
08
18
70
C0
88
F8
ENDCHAR
STARTCHAR 00B3
ENCODING 179
SWIDTH 625 0
DWIDTH 10 0
BBX 6 8 2 5
BITMAP
FC
88
30
38
0C
04
CC
78
ENDCHAR
STARTCHAR 00B4
ENCODING 180
SWIDTH 687 0
DWIDTH 11 0
BBX 4 4 4 10
BITMAP
30
60
C0
80
ENDCHAR
STARTCHAR 00B5
ENCODING 181
SWIDTH 687 0
DWIDTH 11 0
BBX 9 13 1 -4
BITMAP
E700
E700
6300
6300
6300
6300
6300
7F80
7B80
6000
6000
6000
6000
ENDCHAR
STARTCHAR 00B6
ENCODING 182
SWIDTH 687 0
DWIDTH 11 0
BBX 8 13 1 0
BITMAP
3F
79
F9
F9
F9
79
39
09
09
09
09
09
09
ENDCHAR
STARTCHAR 00B7
ENCODING 183
SWIDTH 687 0
DWIDTH 11 0
BBX 3 3 4 4
BITMAP
E0
E0
E0
ENDCHAR
STARTCHAR 00B8
ENCODING 184
SWIDTH 625 0
DWIDTH 10 0
BBX 4 4 3 -4
BITMAP
60
70
F0
F0
ENDCHAR
STARTCHAR 00B9
ENCODING 185
SWIDTH 687 0
DWIDTH 11 0
BBX 5 8 3 5
BITMAP
60
E0
20
20
20
20
20
F8
ENDCHAR
STARTCHAR 00BA
ENCODING 186
SWIDTH 625 0
DWIDTH 10 0
BBX 5 8 3 3
BITMAP
70
D8
88
88
D8
70
00
F8
ENDCHAR
STARTCHAR 00BB
ENCODING 187
SWIDTH 687 0
DWIDTH 11 0
BBX 8 9 1 1
BITMAP
CC
64
36
33
1B
36
66
CC
40
ENDCHAR
STARTCHAR 00BC
ENCODING 188
SWIDTH 687 0
DWIDTH 11 0
BBX 7 18 2 -3
BITMAP
10
30
30
10
10
10
3C
00
FE
FE
00
0C
1C
3C
6C
7C
0C
0C
ENDCHAR
STARTCHAR 00BD
ENCODING 189
SWIDTH 687 0
DWIDTH 11 0
BBX 7 17 2 -3
BITMAP
30
30
10
10
10
10
3C
00
FE
FE
3C
2C
0C
18
30
3C
3C
ENDCHAR
STARTCHAR 00BE
ENCODING 190
SWIDTH 687 0
DWIDTH 11 0
BBX 7 18 2 -3
BITMAP
7C
7C
08
10
1C
04
64
38
00
FE
00
08
18
38
68
7C
0C
0C
ENDCHAR
STARTCHAR 00BF
ENCODING 191
SWIDTH 625 0
DWIDTH 10 0
BBX 7 13 1 -4
BITMAP
38
38
38
00
18
38
78
E0
C0
C0
C6
7E
3C
ENDCHAR
STARTCHAR 00C0
ENCODING 192
SWIDTH 687 0
DWIDTH 11 0
BBX 9 17 1 0
BITMAP
1000
1800
0800
0000
0800
1C00
1C00
1400
1400
3600
3600
3E00
3E00
6300
6300
F780
F780
ENDCHAR
STARTCHAR 00C1
ENCODING 193
SWIDTH 687 0
DWIDTH 11 0
BBX 9 17 1 0
BITMAP
0400
0C00
0800
0000
0800
1C00
1C00
1400
1400
3600
3600
3E00
3E00
6300
6300
F780
F780
ENDCHAR
STARTCHAR 00C2
ENCODING 194
SWIDTH 687 0
DWIDTH 11 0
BBX 9 17 1 0
BITMAP
0800
3600
2200
0000
0800
1C00
1C00
1400
1400
3600
3600
3E00
3E00
6300
6300
F780
F780
ENDCHAR
STARTCHAR 00C3
ENCODING 195
SWIDTH 687 0
DWIDTH 11 0
BBX 9 17 1 0
BITMAP
3A00
7F00
2600
0000
0800
1C00
1C00
1400
1400
3600
3600
3E00
3E00
6300
6300
F780
F780
ENDCHAR
STARTCHAR 00C4
ENCODING 196
SWIDTH 687 0
DWIDTH 11 0
BBX 9 17 1 0
BITMAP
6600
6600
6600
0000
0800
1C00
1C00
1400
1400
3600
3600
3E00
3E00
6300
6300
F780
F780
ENDCHAR
STARTCHAR 00C5
ENCODING 197
SWIDTH 687 0
DWIDTH 11 0
BBX 9 18 1 0
BITMAP
1C00
1400
1400
1C00
0000
0800
1C00
1C00
1400
1400
3600
3600
3E00
3E00
6300
6300
F780
F780
ENDCHAR
STARTCHAR 00C6
ENCODING 198
SWIDTH 750 0
DWIDTH 12 0
BBX 10 13 1 0
BITMAP
3FC0
3FC0
1CC0
1C00
3C00
3C00
2F80
2F80
7C00
7C00
6CC0
EFC0
EFC0
ENDCHAR
STARTCHAR 00C7
ENCODING 199
SWIDTH 687 0
DWIDTH 11 0
BBX 8 17 1 -4
BITMAP
7B
7F
C3
C0
C0
C0
C0
C0
C0
C0
C7
7E
3C
18
04
3C
38
ENDCHAR
STARTCHAR 00C8
ENCODING 200
SWIDTH 687 0
DWIDTH 11 0
BBX 8 17 1 0
BITMAP
30
18
08
00
FF
FF
63
60
60
7C
7C
60
60
60
63
FF
FF
ENDCHAR
STARTCHAR 00C9
ENCODING 201
SWIDTH 687 0
DWIDTH 11 0
BBX 8 17 1 0
BITMAP
0C
0C
08
00
FF
FF
63
60
60
7C
7C
60
60
60
63
FF
FF
ENDCHAR
STARTCHAR 00CA
ENCODING 202
SWIDTH 687 0
DWIDTH 11 0
BBX 8 17 1 0
BITMAP
18
34
22
00
FF
FF
63
60
60
7C
7C
60
60
60
63
FF
FF
ENDCHAR
STARTCHAR 00CB
ENCODING 203
SWIDTH 687 0
DWIDTH 11 0
BBX 8 17 1 0
BITMAP
66
66
66
00
FF
FF
63
60
60
7C
7C
60
60
60
63
FF
FF
ENDCHAR
STARTCHAR 00CC
ENCODING 204
SWIDTH 687 0
DWIDTH 11 0
BBX 7 17 2 0
BITMAP
60
30
10
00
FE
FE
30
30
30
30
30
30
30
30
30
FE
FE
ENDCHAR
STARTCHAR 00CD
ENCODING 205
SWIDTH 687 0
DWIDTH 11 0
BBX 7 17 2 0
BITMAP
18
38
20
00
FE
FE
30
30
30
30
30
30
30
30
30
FE
FE
ENDCHAR
STARTCHAR 00CE
ENCODING 206
SWIDTH 687 0
DWIDTH 11 0
BBX 7 17 2 0
BITMAP
30
78
44
00
FE
FE
30
30
30
30
30
30
30
30
30
FE
FE
ENDCHAR
STARTCHAR 00CF
ENCODING 207
SWIDTH 687 0
DWIDTH 11 0
BBX 7 17 2 0
BITMAP
CC
CC
CC
00
FE
FE
30
30
30
30
30
30
30
30
30
FE
FE
ENDCHAR
STARTCHAR 00D0
ENCODING 208
SWIDTH 687 0
DWIDTH 11 0
BBX 9 13 1 0
BITMAP
FE00
FF00
6380
6180
6180
6180
F980
F980
6180
6180
6380
FF00
FE00
ENDCHAR
STARTCHAR 00D1
ENCODING 209
SWIDTH 687 0
DWIDTH 11 0
BBX 9 17 1 0
BITMAP
3A00
7F00
2E00
0000
E780
F780
7300
7300
7B00
7B00
6B00
6F00
6F00
6700
6700
F700
F300
ENDCHAR
STARTCHAR 00D2
ENCODING 210
SWIDTH 625 0
DWIDTH 10 0
BBX 8 17 1 0
BITMAP
30
38
08
00
3C
7E
C3
C3
C3
C3
C3
C3
C3
C3
C3
7E
3C
ENDCHAR
STARTCHAR 00D3
ENCODING 211
SWIDTH 625 0
DWIDTH 10 0
BBX 8 17 1 0
BITMAP
0C
1C
10
00
3C
7E
C3
C3
C3
C3
C3
C3
C3
C3
C3
7E
3C
ENDCHAR
STARTCHAR 00D4
ENCODING 212
SWIDTH 625 0
DWIDTH 10 0
BBX 8 17 1 0
BITMAP
3C
7C
42
00
3C
7E
C3
C3
C3
C3
C3
C3
C3
C3
C3
7E
3C
ENDCHAR
STARTCHAR 00D5
ENCODING 213
SWIDTH 625 0
DWIDTH 10 0
BBX 8 17 1 0
BITMAP
72
7E
4C
00
3C
7E
C3
C3
C3
C3
C3
C3
C3
C3
C3
7E
3C
ENDCHAR
STARTCHAR 00D6
ENCODING 214
SWIDTH 625 0
DWIDTH 10 0
BBX 8 17 1 0
BITMAP
CC
CC
CC
00
3C
7E
C3
C3
C3
C3
C3
C3
C3
C3
C3
7E
3C
ENDCHAR
STARTCHAR 00D7
ENCODING 215
SWIDTH 687 0
DWIDTH 11 0
BBX 9 10 1 1
BITMAP
0100
C180
6300
7600
3C00
1C00
3E00
6700
C380
8100
ENDCHAR
STARTCHAR 00D8
ENCODING 216
SWIDTH 625 0
DWIDTH 10 0
BBX 8 15 1 -1
BITMAP
02
3F
7E
C7
CF
CF
CB
DB
D3
F3
E3
E3
7E
FC
40
ENDCHAR
STARTCHAR 00D9
ENCODING 217
SWIDTH 687 0
DWIDTH 11 0
BBX 9 17 1 0
BITMAP
1000
1800
0800
0000
F780
F780
6300
6300
6300
6300
6300
6300
6300
6300
6300
3E00
1C00
ENDCHAR
STARTCHAR 00DA
ENCODING 218
SWIDTH 687 0
DWIDTH 11 0
BBX 9 17 1 0
BITMAP
0400
0C00
0800
0000
F780
F780
6300
6300
6300
6300
6300
6300
6300
6300
6300
3E00
1C00
ENDCHAR
STARTCHAR 00DB
ENCODING 219
SWIDTH 687 0
DWIDTH 11 0
BBX 9 17 1 0
BITMAP
1C00
3600
2200
0000
F780
F780
6300
6300
6300
6300
6300
6300
6300
6300
6300
3E00
1C00
ENDCHAR
STARTCHAR 00DC
ENCODING 220
SWIDTH 687 0
DWIDTH 11 0
BBX 9 17 1 0
BITMAP
6600
6600
6600
0000
F780
F780
6300
6300
6300
6300
6300
6300
6300
6300
6300
3E00
1C00
ENDCHAR
STARTCHAR 00DD
ENCODING 221
SWIDTH 687 0
DWIDTH 11 0
BBX 9 17 1 0
BITMAP
0E00
1C00
1800
0000
F780
F780
6600
3600
3600
3C00
1C00
1800
1800
1800
1800
3E00
3E00
ENDCHAR
STARTCHAR 00DE
ENCODING 222
SWIDTH 625 0
DWIDTH 10 0
BBX 8 13 1 0
BITMAP
F0
F0
60
7C
7E
63
63
63
7F
7E
60
F0
F0
ENDCHAR
STARTCHAR 00DF
ENCODING 223
SWIDTH 687 0
DWIDTH 11 0
BBX 8 13 1 0
BITMAP
1C
3E
63
63
63
67
66
67
63
63
63
FF
FC
ENDCHAR
STARTCHAR 00E0
ENCODING 224
SWIDTH 687 0
DWIDTH 11 0
BBX 9 13 1 0
BITMAP
3000
1800
0800
0000
3C00
7F00
6300
1F00
7F00
6300
E300
7F80
7B80
ENDCHAR
STARTCHAR 00E1
ENCODING 225
SWIDTH 687 0
DWIDTH 11 0
BBX 9 13 1 0
BITMAP
0C00
1C00
1800
0000
3C00
7F00
6300
1F00
7F00
6300
E300
7F80
7B80
ENDCHAR
STARTCHAR 00E2
ENCODING 226
SWIDTH 687 0
DWIDTH 11 0
BBX 9 13 1 0
BITMAP
1C00
3600
2200
0000
3C00
7F00
6300
1F00
7F00
6300
E300
7F80
7B80
ENDCHAR
STARTCHAR 00E3
ENCODING 227
SWIDTH 687 0
DWIDTH 11 0
BBX 9 13 1 0
BITMAP
3200
7F00
4E00
0000
3C00
7F00
6300
1F00
7F00
6300
E300
7F80
7B80
ENDCHAR
STARTCHAR 00E4
ENCODING 228
SWIDTH 687 0
DWIDTH 11 0
BBX 9 13 1 0
BITMAP
6600
6600
6600
0000
3C00
7F00
6300
1F00
7F00
6300
E300
7F80
7B80
ENDCHAR
STARTCHAR 00E5
ENCODING 229
SWIDTH 687 0
DWIDTH 11 0
BBX 9 13 1 0
BITMAP
1C00
1400
1C00
0000
3C00
7F00
6300
1F00
7F00
6300
E300
7F80
7B80
ENDCHAR
STARTCHAR 00E6
ENCODING 230
SWIDTH 625 0
DWIDTH 10 0
BBX 9 9 0 0
BITMAP
7700
7F80
4D80
3F80
7F80
4C00
CD80
7F80
7700
ENDCHAR
STARTCHAR 00E7
ENCODING 231
SWIDTH 687 0
DWIDTH 11 0
BBX 8 13 1 -4
BITMAP
7B
7F
C3
C0
C0
C0
C3
7E
3C
18
04
3C
38
ENDCHAR
STARTCHAR 00E8
ENCODING 232
SWIDTH 625 0
DWIDTH 10 0
BBX 8 13 1 0
BITMAP
30
38
18
00
3C
7E
C6
FF
FF
C0
C6
7E
3C
ENDCHAR
STARTCHAR 00E9
ENCODING 233
SWIDTH 625 0
DWIDTH 10 0
BBX 8 13 1 0
BITMAP
0C
18
10
00
3C
7E
C6
FF
FF
C0
C6
7E
3C
ENDCHAR
STARTCHAR 00EA
ENCODING 234
SWIDTH 625 0
DWIDTH 10 0
BBX 8 13 1 0
BITMAP
38
6C
44
00
3C
7E
C6
FF
FF
C0
C6
7E
3C
ENDCHAR
STARTCHAR 00EB
ENCODING 235
SWIDTH 625 0
DWIDTH 10 0
BBX 8 13 1 0
BITMAP
CC
CC
CC
00
3C
7E
C6
FF
FF
C0
C6
7E
3C
ENDCHAR
STARTCHAR 00EC
ENCODING 236
SWIDTH 687 0
DWIDTH 11 0
BBX 7 13 2 0
BITMAP
30
38
08
00
F8
F8
18
18
18
18
18
FE
FE
ENDCHAR
STARTCHAR 00ED
ENCODING 237
SWIDTH 687 0
DWIDTH 11 0
BBX 7 13 2 0
BITMAP
0C
18
10
00
F8
F8
18
18
18
18
18
FE
FE
ENDCHAR
STARTCHAR 00EE
ENCODING 238
SWIDTH 687 0
DWIDTH 11 0
BBX 7 13 2 0
BITMAP
38
6C
44
00
F8
F8
18
18
18
18
18
FE
FE
ENDCHAR
STARTCHAR 00EF
ENCODING 239
SWIDTH 687 0
DWIDTH 11 0
BBX 7 13 2 0
BITMAP
CC
CC
CC
00
F8
F8
18
18
18
18
18
FE
FE
ENDCHAR
STARTCHAR 00F0
ENCODING 240
SWIDTH 687 0
DWIDTH 11 0
BBX 8 13 1 0
BITMAP
20
38
1F
7E
46
7F
7F
E7
C3
C3
C3
7E
3C
ENDCHAR
STARTCHAR 00F1
ENCODING 241
SWIDTH 687 0
DWIDTH 11 0
BBX 9 13 1 0
BITMAP
3A00
7F00
2E00
0000
EE00
FF00
6300
6300
6300
6300
6300
F780
F780
ENDCHAR
STARTCHAR 00F2
ENCODING 242
SWIDTH 625 0
DWIDTH 10 0
BBX 8 13 1 0
BITMAP
30
38
08
00
3C
7E
C3
C3
C3
C3
C3
7E
3C
ENDCHAR
STARTCHAR 00F3
ENCODING 243
SWIDTH 625 0
DWIDTH 10 0
BBX 8 13 1 0
BITMAP
0C
1C
10
00
3C
7E
C3
C3
C3
C3
C3
7E
3C
ENDCHAR
STARTCHAR 00F4
ENCODING 244
SWIDTH 625 0
DWIDTH 10 0
BBX 8 13 1 0
BITMAP
3C
7C
42
00
3C
7E
C3
C3
C3
C3
C3
7E
3C
ENDCHAR
STARTCHAR 00F5
ENCODING 245
SWIDTH 625 0
DWIDTH 10 0
BBX 8 13 1 0
BITMAP
72
7E
4C
00
3C
7E
C3
C3
C3
C3
C3
7E
3C
ENDCHAR
STARTCHAR 00F6
ENCODING 246
SWIDTH 625 0
DWIDTH 10 0
BBX 8 13 1 0
BITMAP
CC
CC
CC
00
3C
7E
C3
C3
C3
C3
C3
7E
3C
ENDCHAR
STARTCHAR 00F7
ENCODING 247
SWIDTH 687 0
DWIDTH 11 0
BBX 7 11 2 1
BITMAP
18
38
38
00
00
FE
FE
00
18
38
38
ENDCHAR
STARTCHAR 00F8
ENCODING 248
SWIDTH 625 0
DWIDTH 10 0
BBX 8 9 1 0
BITMAP
3F
7E
CF
CF
DB
F3
F3
7E
FC
ENDCHAR
STARTCHAR 00F9
ENCODING 249
SWIDTH 687 0
DWIDTH 11 0
BBX 9 13 1 0
BITMAP
1000
1800
0800
0000
E700
E700
6300
6300
6300
6300
6300
7F80
3B80
ENDCHAR
STARTCHAR 00FA
ENCODING 250
SWIDTH 687 0
DWIDTH 11 0
BBX 9 13 1 0
BITMAP
0400
0C00
0800
0000
E700
E700
6300
6300
6300
6300
6300
7F80
3B80
ENDCHAR
STARTCHAR 00FB
ENCODING 251
SWIDTH 687 0
DWIDTH 11 0
BBX 9 13 1 0
BITMAP
1C00
3600
2200
0000
E700
E700
6300
6300
6300
6300
6300
7F80
3B80
ENDCHAR
STARTCHAR 00FC
ENCODING 252
SWIDTH 687 0
DWIDTH 11 0
BBX 9 13 1 0
BITMAP
6600
6600
6600
0000
E700
E700
6300
6300
6300
6300
6300
7F80
3B80
ENDCHAR
STARTCHAR 00FD
ENCODING 253
SWIDTH 687 0
DWIDTH 11 0
BBX 9 17 1 -4
BITMAP
0400
0C00
0800
0000
F780
F780
3700
3600
3600
1600
1C00
1C00
0C00
1800
1800
7800
7000
ENDCHAR
STARTCHAR 00FE
ENCODING 254
SWIDTH 687 0
DWIDTH 11 0
BBX 8 17 1 -4
BITMAP
E0
E0
60
60
6E
7F
63
63
63
63
63
7F
6E
60
60
F0
F0
ENDCHAR
STARTCHAR 00FF
ENCODING 255
SWIDTH 687 0
DWIDTH 11 0
BBX 9 17 1 -4
BITMAP
6600
6600
6600
0000
F780
F780
3700
3600
3600
1600
1C00
1C00
0C00
1800
1800
7800
7000
ENDCHAR
STARTCHAR 0100
ENCODING 256
SWIDTH 687 0
DWIDTH 11 0
BBX 9 16 1 0
BITMAP
7E00
7E00
0000
1800
1C00
1C00
1400
3400
3600
3600
3E00
7E00
6700
6300
F780
F780
ENDCHAR
STARTCHAR 0101
ENCODING 257
SWIDTH 687 0
DWIDTH 11 0
BBX 9 13 1 0
BITMAP
7E00
7E00
0000
0000
7C00
FF00
C300
3F00
7F00
E300
E300
FF80
7B80
ENDCHAR
STARTCHAR 0102
ENCODING 258
SWIDTH 687 0
DWIDTH 11 0
BBX 9 17 1 0
BITMAP
6300
3E00
3E00
0000
0800
1C00
1C00
1400
1400
3600
3600
3E00
3E00
6300
6300
F780
F780
ENDCHAR
STARTCHAR 0103
ENCODING 259
SWIDTH 687 0
DWIDTH 11 0
BBX 9 13 1 0
BITMAP
6200
7E00
3C00
0000
3C00
7F00
0300
1F00
7F00
6300
E300
7F80
7B80
ENDCHAR
STARTCHAR 0104
ENCODING 260
SWIDTH 687 0
DWIDTH 11 0
BBX 9 17 1 -4
BITMAP
0C00
1C00
1C00
1E00
1600
3600
3600
3F00
3F00
6300
6300
F780
F780
0300
0200
0380
0380
ENDCHAR
STARTCHAR 0105
ENCODING 261
SWIDTH 687 0
DWIDTH 11 0
BBX 9 13 1 -4
BITMAP
3C00
7F00
6300
1F00
7F00
6300
E300
7F80
7B80
0100
0300
0380
0180
ENDCHAR
STARTCHAR 0106
ENCODING 262
SWIDTH 687 0
DWIDTH 11 0
BBX 8 17 1 0
BITMAP
0C
1C
10
00
7B
7F
C3
C0
C0
C0
C0
C0
C0
C0
C7
7E
3C
ENDCHAR
STARTCHAR 0107
ENCODING 263
SWIDTH 687 0
DWIDTH 11 0
BBX 8 13 1 0
BITMAP
0C
1C
10
00
7B
7F
C3
C0
C0
C0
C7
7E
3C
ENDCHAR
STARTCHAR 0108
ENCODING 264
SWIDTH 687 0
DWIDTH 11 0
BBX 8 17 1 0
BITMAP
3C
6C
46
00
7B
7F
E3
C0
C0
C0
C0
C0
C0
C0
C7
7E
3C
ENDCHAR
STARTCHAR 0109
ENCODING 265
SWIDTH 687 0
DWIDTH 11 0
BBX 8 13 1 0
BITMAP
3C
6C
46
00
7B
7F
E3
C0
C0
C0
C7
7E
3C
ENDCHAR
STARTCHAR 010A
ENCODING 266
SWIDTH 687 0
DWIDTH 11 0
BBX 8 17 1 0
BITMAP
18
18
18
00
7B
7F
C3
C0
C0
C0
C0
C0
C0
C0
C7
7E
3C
ENDCHAR
STARTCHAR 010B
ENCODING 267
SWIDTH 687 0
DWIDTH 11 0
BBX 8 13 1 0
BITMAP
18
18
18
00
7B
7F
C3
C0
C0
C0
C7
7E
3C
ENDCHAR
STARTCHAR 010C
ENCODING 268
SWIDTH 687 0
DWIDTH 11 0
BBX 8 17 1 0
BITMAP
66
3C
3C
00
7B
7F
C3
C0
C0
C0
C0
C0
C0
C0
C7
7E
3C
ENDCHAR
STARTCHAR 010D
ENCODING 269
SWIDTH 687 0
DWIDTH 11 0
BBX 8 13 1 1
BITMAP
66
3C
18
00
7B
7F
C3
C0
C0
C0
C7
7E
3C
ENDCHAR
STARTCHAR 010E
ENCODING 270
SWIDTH 687 0
DWIDTH 11 0
BBX 8 17 1 0
BITMAP
22
36
1C
00
FC
FE
63
63
63
63
63
63
63
63
63
FE
FC
ENDCHAR
STARTCHAR 010F
ENCODING 271
SWIDTH 625 0
DWIDTH 10 0
BBX 9 13 1 0
BITMAP
0F80
0E80
0780
0600
7600
FE00
C600
C600
C600
C600
C600
FF00
7700
ENDCHAR
STARTCHAR 0110
ENCODING 272
SWIDTH 687 0
DWIDTH 11 0
BBX 9 13 1 0
BITMAP
FE00
FF00
6380
6180
6180
6180
F980
F980
6180
6180
6380
FF00
FE00
ENDCHAR
STARTCHAR 0111
ENCODING 273
SWIDTH 687 0
DWIDTH 11 0
BBX 9 13 1 0
BITMAP
0E00
0E00
0F80
0F80
7600
FE00
C600
C600
C600
C600
C600
FF00
7700
ENDCHAR
STARTCHAR 0112
ENCODING 274
SWIDTH 687 0
DWIDTH 11 0
BBX 8 16 1 0
BITMAP
7E
7E
00
FF
FF
63
60
60
7C
7C
60
60
60
63
FF
FF
ENDCHAR
STARTCHAR 0113
ENCODING 275
SWIDTH 625 0
DWIDTH 10 0
BBX 8 13 1 0
BITMAP
7E
7E
00
00
3C
7E
C2
FF
FF
C0
E2
7E
3C
ENDCHAR
STARTCHAR 0114
ENCODING 276
SWIDTH 687 0
DWIDTH 11 0
BBX 8 17 1 0
BITMAP
62
7E
3C
00
FF
FF
63
60
60
7C
7C
60
60
60
63
FF
FF
ENDCHAR
STARTCHAR 0115
ENCODING 277
SWIDTH 625 0
DWIDTH 10 0
BBX 8 13 1 0
BITMAP
46
7E
38
00
3C
7E
C6
FF
FF
C0
C6
7E
3C
ENDCHAR
STARTCHAR 0116
ENCODING 278
SWIDTH 687 0
DWIDTH 11 0
BBX 8 17 1 0
BITMAP
0C
0C
0C
00
FF
FF
63
60
60
7C
7C
60
60
60
63
FF
FF
ENDCHAR
STARTCHAR 0117
ENCODING 279
SWIDTH 687 0
DWIDTH 11 0
BBX 8 13 1 0
BITMAP
18
18
18
00
3C
7E
67
7F
FF
C0
67
7F
3E
ENDCHAR
STARTCHAR 0118
ENCODING 280
SWIDTH 687 0
DWIDTH 11 0
BBX 8 17 1 -4
BITMAP
FF
FF
63
60
60
7C
7C
60
60
60
63
FF
FF
02
06
07
03
ENDCHAR
STARTCHAR 0119
ENCODING 281
SWIDTH 625 0
DWIDTH 10 0
BBX 8 12 1 -3
BITMAP
3C
7E
C6
FF
FF
C0
C6
7E
3E
04
0C
07
ENDCHAR
STARTCHAR 011A
ENCODING 282
SWIDTH 687 0
DWIDTH 11 0
BBX 8 17 1 0
BITMAP
26
34
1C
00
FF
FF
63
60
60
7C
7C
60
60
60
63
FF
FF
ENDCHAR
STARTCHAR 011B
ENCODING 283
SWIDTH 625 0
DWIDTH 10 0
BBX 8 14 1 0
BITMAP
04
64
3C
18
00
3C
7E
C6
FF
FF
C0
C6
7E
3C
ENDCHAR
STARTCHAR 011C
ENCODING 284
SWIDTH 687 0
DWIDTH 11 0
BBX 9 17 1 0
BITMAP
1800
3C00
6400
0000
3C00
7E00
C600
C000
C000
C000
CF80
CF80
C600
C600
C600
FE00
7600
ENDCHAR
STARTCHAR 011D
ENCODING 285
SWIDTH 625 0
DWIDTH 10 0
BBX 8 17 1 -4
BITMAP
38
6C
44
00
77
FF
C6
C6
C6
C6
C6
FE
76
06
C6
FC
78
ENDCHAR
STARTCHAR 011E
ENCODING 286
SWIDTH 687 0
DWIDTH 11 0
BBX 9 16 1 0
BITMAP
7C00
7C00
0000
3C00
7E00
C600
C600
C000
C000
CF80
CF80
C600
C600
C600
FE00
7600
ENDCHAR
STARTCHAR 011F
ENCODING 287
SWIDTH 625 0
DWIDTH 10 0
BBX 8 17 1 -4
BITMAP
46
7C
38
00
77
FF
C6
C6
C6
C6
C6
FE
76
06
C6
FC
78
ENDCHAR
STARTCHAR 0120
ENCODING 288
SWIDTH 687 0
DWIDTH 11 0
BBX 9 17 1 0
BITMAP
1800
1800
1800
0000
3C00
7E00
C600
C000
C000
C000
CF80
CF80
C600
C600
C600
FE00
7600
ENDCHAR
STARTCHAR 0121
ENCODING 289
SWIDTH 625 0
DWIDTH 10 0
BBX 8 17 1 -4
BITMAP
18
18
18
00
77
FF
C6
C6
C6
C6
C6
FE
76
06
C6
FC
78
ENDCHAR
STARTCHAR 0122
ENCODING 290
SWIDTH 687 0
DWIDTH 11 0
BBX 9 17 1 -5
BITMAP
3C00
7E00
C600
C000
C000
C000
CF80
CF80
C600
C600
C600
FE00
7600
0000
1000
1000
1000
ENDCHAR
STARTCHAR 0123
ENCODING 291
SWIDTH 625 0
DWIDTH 10 0
BBX 8 17 1 -3
BITMAP
10
10
10
00
77
FF
C6
C6
C6
C6
C6
FE
76
06
C6
FC
78
ENDCHAR
STARTCHAR 0124
ENCODING 292
SWIDTH 687 0
DWIDTH 11 0
BBX 9 17 1 0
BITMAP
1C00
3600
2200
0000
F780
F780
6300
6300
6300
6300
7F00
7F00
6300
6300
6300
F780
F780
ENDCHAR
STARTCHAR 0125
ENCODING 293
SWIDTH 687 0
DWIDTH 11 0
BBX 10 17 0 0
BITMAP
3000
7800
C000
0000
7000
7000
3000
3000
3700
3F80
3180
3180
3180
3180
3180
7BC0
7BC0
ENDCHAR
STARTCHAR 0126
ENCODING 294
SWIDTH 750 0
DWIDTH 12 0
BBX 10 13 1 0
BITMAP
F780
F780
6300
FFC0
FFC0
6300
7F00
7F00
6300
6300
6300
F780
F780
ENDCHAR
STARTCHAR 0127
ENCODING 295
SWIDTH 687 0
DWIDTH 11 0
BBX 9 13 1 0
BITMAP
E000
E000
F800
F800
6E00
7F00
6300
6300
6300
6300
6300
F780
F780
ENDCHAR
STARTCHAR 0128
ENCODING 296
SWIDTH 687 0
DWIDTH 11 0
BBX 7 17 2 0
BITMAP
64
FE
9C
00
FE
FE
30
30
30
30
30
30
30
30
30
FE
FE
ENDCHAR
STARTCHAR 0129
ENCODING 297
SWIDTH 687 0
DWIDTH 11 0
BBX 7 13 2 0
BITMAP
72
FE
4C
00
F8
F8
18
18
18
18
18
FE
FE
ENDCHAR
STARTCHAR 012A
ENCODING 298
SWIDTH 687 0
DWIDTH 11 0
BBX 7 16 2 0
BITMAP
FC
FC
00
FE
FE
30
30
30
30
30
30
30
30
30
FE
FE
ENDCHAR
STARTCHAR 012B
ENCODING 299
SWIDTH 687 0
DWIDTH 11 0
BBX 7 13 2 0
BITMAP
FC
FC
00
00
F8
F8
18
18
18
18
18
FE
FE
ENDCHAR
STARTCHAR 012C
ENCODING 300
SWIDTH 687 0
DWIDTH 11 0
BBX 7 17 2 0
BITMAP
C6
FC
7C
00
FE
FE
30
30
30
30
30
30
30
30
30
FE
FE
ENDCHAR
STARTCHAR 012D
ENCODING 301
SWIDTH 687 0
DWIDTH 11 0
BBX 7 13 2 0
BITMAP
C6
7C
3C
00
F8
F8
18
18
18
18
18
FE
FE
ENDCHAR
STARTCHAR 012E
ENCODING 302
SWIDTH 687 0
DWIDTH 11 0
BBX 7 17 2 -4
BITMAP
FE
FE
30
30
30
30
30
30
30
30
30
FE
FE
0C
0C
0E
06
ENDCHAR
STARTCHAR 012F
ENCODING 303
SWIDTH 687 0
DWIDTH 11 0
BBX 7 17 2 -4
BITMAP
18
18
18
00
F8
F8
18
18
18
18
18
FE
FE
04
04
06
06
ENDCHAR
STARTCHAR 0130
ENCODING 304
SWIDTH 687 0
DWIDTH 11 0
BBX 7 17 2 0
BITMAP
30
30
30
00
FE
FE
30
30
30
30
30
30
30
30
30
FE
FE
ENDCHAR
STARTCHAR 0131
ENCODING 305
SWIDTH 687 0
DWIDTH 11 0
BBX 7 9 2 0
BITMAP
F8
F8
18
18
18
18
18
FE
FE
ENDCHAR
STARTCHAR 0132
ENCODING 306
SWIDTH 687 0
DWIDTH 11 0
BBX 9 13 1 0
BITMAP
FB80
FB80
6180
6180
6180
6180
6180
6180
6180
6180
6780
FB80
FB00
ENDCHAR
STARTCHAR 0133
ENCODING 307
SWIDTH 687 0
DWIDTH 11 0
BBX 9 17 1 -4
BITMAP
6180
6180
6180
0000
E380
E380
6180
6180
6180
6180
6180
F980
F980
0180
0D80
0F80
0700
ENDCHAR
STARTCHAR 0134
ENCODING 308
SWIDTH 625 0
DWIDTH 10 0
BBX 8 17 1 0
BITMAP
0E
1B
11
00
3E
3E
06
06
06
06
06
06
06
06
C6
FC
78
ENDCHAR
STARTCHAR 0135
ENCODING 309
SWIDTH 625 0
DWIDTH 10 0
BBX 8 17 0 -4
BITMAP
0E
0B
11
00
3E
3E
06
06
06
06
06
06
06
06
C6
FC
78
ENDCHAR
STARTCHAR 0136
ENCODING 310
SWIDTH 687 0
DWIDTH 11 0
BBX 8 17 2 -5
BITMAP
C7
CF
CC
CC
D8
D8
F0
F0
D8
DC
CC
CE
C6
00
30
30
10
ENDCHAR
STARTCHAR 0137
ENCODING 311
SWIDTH 625 0
DWIDTH 10 0
BBX 9 17 1 -5
BITMAP
E000
E000
6000
6000
6780
6780
6C00
7800
7800
7C00
6600
F780
F380
0000
0800
0800
0800
ENDCHAR
STARTCHAR 0138
ENCODING 312
SWIDTH 625 0
DWIDTH 10 0
BBX 9 9 1 0
BITMAP
E380
E780
6C00
7C00
7800
7C00
6600
F780
F380
ENDCHAR
STARTCHAR 0139
ENCODING 313
SWIDTH 750 0
DWIDTH 12 0
BBX 8 17 2 0
BITMAP
30
60
40
00
F0
F0
60
60
60
60
60
60
60
60
63
FF
FF
ENDCHAR
STARTCHAR 013A
ENCODING 314
SWIDTH 687 0
DWIDTH 11 0
BBX 7 17 2 0
BITMAP
0C
18
10
00
F8
F8
18
18
18
18
18
18
18
18
18
FE
FE
ENDCHAR
STARTCHAR 013B
ENCODING 315
SWIDTH 750 0
DWIDTH 12 0
BBX 8 18 2 -5
BITMAP
F0
F0
60
60
60
60
60
60
60
60
63
FF
FF
00
18
18
10
10
ENDCHAR
STARTCHAR 013C
ENCODING 316
SWIDTH 687 0
DWIDTH 11 0
BBX 7 17 2 -5
BITMAP
F8
F8
18
18
18
18
18
18
18
18
18
FE
FE
00
18
18
18
ENDCHAR
STARTCHAR 013D
ENCODING 317
SWIDTH 687 0
DWIDTH 11 0
BBX 7 13 2 0
BITMAP
F6
F6
64
60
60
60
60
60
60
60
66
FE
FE
ENDCHAR
STARTCHAR 013E
ENCODING 318
SWIDTH 687 0
DWIDTH 11 0
BBX 7 13 2 0
BITMAP
FE
FA
1C
18
18
18
18
18
18
18
18
FE
FE
ENDCHAR
STARTCHAR 013F
ENCODING 319
SWIDTH 750 0
DWIDTH 12 0
BBX 8 13 2 0
BITMAP
F0
F0
60
60
6E
6E
6E
60
60
60
63
FF
FF
ENDCHAR
STARTCHAR 0140
ENCODING 320
SWIDTH 625 0
DWIDTH 10 0
BBX 8 13 1 0
BITMAP
F8
F8
18
18
1F
1F
1F
18
18
18
18
FE
FE
ENDCHAR
STARTCHAR 0141
ENCODING 321
SWIDTH 750 0
DWIDTH 12 0
BBX 9 13 1 0
BITMAP
7800
7800
3000
3000
3000
3C00
7800
F000
B000
3000
3180
7F80
7F80
ENDCHAR
STARTCHAR 0142
ENCODING 322
SWIDTH 687 0
DWIDTH 11 0
BBX 7 13 2 0
BITMAP
F8
F8
18
18
1A
1E
78
F8
18
18
18
FE
FE
ENDCHAR
STARTCHAR 0143
ENCODING 323
SWIDTH 687 0
DWIDTH 11 0
BBX 9 17 1 0
BITMAP
0400
0C00
0800
0000
E780
F780
7300
7300
7B00
7B00
6B00
6F00
6F00
6700
6700
F700
F300
ENDCHAR
STARTCHAR 0144
ENCODING 324
SWIDTH 687 0
DWIDTH 11 0
BBX 9 13 1 0
BITMAP
0400
0C00
0800
0000
EE00
FF00
6300
6300
6300
6300
6300
F780
F780
ENDCHAR
STARTCHAR 0145
ENCODING 325
SWIDTH 687 0
DWIDTH 11 0
BBX 9 17 1 -5
BITMAP
E780
F780
7300
7300
7B00
7B00
6B00
6F00
6F00
6700
6700
F700
F300
0000
0800
0800
0800
ENDCHAR
STARTCHAR 0146
ENCODING 326
SWIDTH 687 0
DWIDTH 11 0
BBX 9 13 1 -5
BITMAP
EE00
FF00
6300
6300
6300
6300
6300
F780
F780
0000
0800
0800
0800
ENDCHAR
STARTCHAR 0147
ENCODING 327
SWIDTH 687 0
DWIDTH 11 0
BBX 9 17 1 0
BITMAP
2200
3600
1C00
0000
E780
F780
7300
7300
7B00
7B00
6B00
6F00
6F00
6700
6700
F700
F300
ENDCHAR
STARTCHAR 0148
ENCODING 328
SWIDTH 687 0
DWIDTH 11 0
BBX 9 13 1 0
BITMAP
2200
3600
1C00
0000
EE00
FF00
6300
6300
6300
6300
6300
F780
F780
ENDCHAR
STARTCHAR 0149
ENCODING 329
SWIDTH 687 0
DWIDTH 11 0
BBX 9 13 1 0
BITMAP
C000
C000
8000
0000
EE00
FF00
6300
6300
6300
6300
6300
F780
F780
ENDCHAR
STARTCHAR 014A
ENCODING 330
SWIDTH 687 0
DWIDTH 11 0
BBX 8 17 1 -4
BITMAP
EE
FF
63
63
63
63
63
63
63
63
63
F3
F3
03
03
07
06
ENDCHAR
STARTCHAR 014B
ENCODING 331
SWIDTH 687 0
DWIDTH 11 0
BBX 8 13 1 -4
BITMAP
EE
FF
63
63
63
63
63
F3
F3
03
03
07
06
ENDCHAR
STARTCHAR 014C
ENCODING 332
SWIDTH 625 0
DWIDTH 10 0
BBX 8 16 1 0
BITMAP
7E
7E
00
3C
7E
C3
C3
C3
C3
C3
C3
C3
C3
C3
7E
3C
ENDCHAR
STARTCHAR 014D
ENCODING 333
SWIDTH 625 0
DWIDTH 10 0
BBX 8 13 1 0
BITMAP
7E
7E
00
00
3C
7E
C3
C3
C3
C3
C3
7E
3C
ENDCHAR
STARTCHAR 014E
ENCODING 334
SWIDTH 625 0
DWIDTH 10 0
BBX 8 17 1 0
BITMAP
42
7E
3C
00
3C
7E
C3
C3
C3
C3
C3
C3
C3
C3
C3
7E
3C
ENDCHAR
STARTCHAR 014F
ENCODING 335
SWIDTH 625 0
DWIDTH 10 0
BBX 8 13 1 0
BITMAP
42
7E
3C
00
3C
7E
C3
C3
C3
C3
C3
7E
3C
ENDCHAR
STARTCHAR 0150
ENCODING 336
SWIDTH 625 0
DWIDTH 10 0
BBX 8 17 1 1
BITMAP
3B
76
64
00
3C
7E
C3
C3
C3
C3
C3
C3
C3
C3
C3
7E
3C
ENDCHAR
STARTCHAR 0151
ENCODING 337
SWIDTH 625 0
DWIDTH 10 0
BBX 8 13 1 1
BITMAP
3B
76
64
00
3C
7E
C3
C3
C3
C3
C3
7E
3C
ENDCHAR
STARTCHAR 0152
ENCODING 338
SWIDTH 687 0
DWIDTH 11 0
BBX 9 13 1 0
BITMAP
7F80
FF80
CD80
CC00
CC00
CC00
CF00
CF00
CC00
CC00
CD80
FF80
7F80
ENDCHAR
STARTCHAR 0153
ENCODING 339
SWIDTH 625 0
DWIDTH 10 0
BBX 8 9 1 0
BITMAP
6E
FF
DB
DF
DF
D8
DB
FF
6E
ENDCHAR
STARTCHAR 0154
ENCODING 340
SWIDTH 687 0
DWIDTH 11 0
BBX 9 17 1 0
BITMAP
0600
0C00
0800
0000
FE00
FE00
6300
6300
6300
6300
7E00
7E00
6C00
6600
6600
F380
F380
ENDCHAR
STARTCHAR 0155
ENCODING 341
SWIDTH 687 0
DWIDTH 11 0
BBX 7 13 2 0
BITMAP
08
18
10
00
F6
FE
36
30
30
30
30
F8
F8
ENDCHAR
STARTCHAR 0156
ENCODING 342
SWIDTH 687 0
DWIDTH 11 0
BBX 9 18 1 -5
BITMAP
FE00
FE00
6300
6300
6300
6300
7E00
7E00
6C00
6600
6600
F380
F380
0000
0800
0800
0800
0800
ENDCHAR
STARTCHAR 0157
ENCODING 343
SWIDTH 687 0
DWIDTH 11 0
BBX 7 13 2 -5
BITMAP
F6
FE
36
30
30
30
30
F8
F8
00
30
30
30
ENDCHAR
STARTCHAR 0158
ENCODING 344
SWIDTH 687 0
DWIDTH 11 0
BBX 9 17 1 0
BITMAP
2200
3600
1C00
0000
FE00
FE00
6300
6300
6300
6300
7E00
7E00
6C00
6600
6600
F380
F380
ENDCHAR
STARTCHAR 0159
ENCODING 345
SWIDTH 687 0
DWIDTH 11 0
BBX 7 13 2 0
BITMAP
64
3C
18
00
F6
FE
36
30
30
30
30
F8
F8
ENDCHAR
STARTCHAR 015A
ENCODING 346
SWIDTH 687 0
DWIDTH 11 0
BBX 7 17 2 0
BITMAP
08
18
10
00
76
FE
C6
C0
C0
70
7C
1C
0E
06
C6
FE
FC
ENDCHAR
STARTCHAR 015B
ENCODING 347
SWIDTH 687 0
DWIDTH 11 0
BBX 7 13 2 0
BITMAP
08
18
10
00
7E
FE
C6
E0
7C
0E
C2
FE
FC
ENDCHAR
STARTCHAR 015C
ENCODING 348
SWIDTH 687 0
DWIDTH 11 0
BBX 7 17 2 0
BITMAP
38
6C
44
00
76
FE
C6
C0
C0
60
78
1C
0E
06
C6
FE
FC
ENDCHAR
STARTCHAR 015D
ENCODING 349
SWIDTH 687 0
DWIDTH 11 0
BBX 7 13 2 0
BITMAP
38
6C
44
00
7E
FE
C6
E0
7C
0E
C2
FE
FC
ENDCHAR
STARTCHAR 015E
ENCODING 350
SWIDTH 687 0
DWIDTH 11 0
BBX 7 17 2 -4
BITMAP
76
FE
C6
C0
E0
70
3C
1C
06
06
C6
FE
DC
18
04
3C
38
ENDCHAR
STARTCHAR 015F
ENCODING 351
SWIDTH 687 0
DWIDTH 11 0
BBX 7 13 2 -4
BITMAP
7E
FE
C6
E0
3C
0E
C2
FE
FC
18
04
3C
38
ENDCHAR
STARTCHAR 0160
ENCODING 352
SWIDTH 687 0
DWIDTH 11 0
BBX 7 17 2 0
BITMAP
44
6C
38
00
76
FE
C6
C0
C0
70
7C
1C
0E
06
C6
FE
FC
ENDCHAR
STARTCHAR 0161
ENCODING 353
SWIDTH 687 0
DWIDTH 11 0
BBX 7 13 2 1
BITMAP
6C
38
10
00
7E
FE
C6
E0
7C
0E
C2
FE
FC
ENDCHAR
STARTCHAR 0162
ENCODING 354
SWIDTH 750 0
DWIDTH 12 0
BBX 8 17 2 -4
BITMAP
FF
FF
DB
18
18
18
18
18
18
18
18
7C
7C
18
1C
3C
3C
ENDCHAR
STARTCHAR 0163
ENCODING 355
SWIDTH 687 0
DWIDTH 11 0
BBX 7 16 2 -3
BITMAP
30
30
30
30
FE
FE
30
30
30
30
32
1E
0C
08
06
1C
ENDCHAR
STARTCHAR 0164
ENCODING 356
SWIDTH 750 0
DWIDTH 12 0
BBX 8 17 2 0
BITMAP
64
7C
38
00
FF
FF
DB
18
18
18
18
18
18
18
18
7C
7C
ENDCHAR
STARTCHAR 0165
ENCODING 357
SWIDTH 687 0
DWIDTH 11 0
BBX 7 13 2 0
BITMAP
32
32
32
30
FE
FE
30
30
30
30
32
3E
1C
ENDCHAR
STARTCHAR 0166
ENCODING 358
SWIDTH 750 0
DWIDTH 12 0
BBX 8 13 2 0
BITMAP
FF
FF
DB
18
18
18
7C
7C
18
18
18
7C
7C
ENDCHAR
STARTCHAR 0167
ENCODING 359
SWIDTH 687 0
DWIDTH 11 0
BBX 8 13 2 0
BITMAP
30
30
30
30
FE
FE
30
FC
30
30
33
3E
1E
ENDCHAR
STARTCHAR 0168
ENCODING 360
SWIDTH 687 0
DWIDTH 11 0
BBX 9 17 1 0
BITMAP
3A00
7F00
2E00
0000
F780
F780
6300
6300
6300
6300
6300
6300
6300
6300
6300
3E00
1C00
ENDCHAR
STARTCHAR 0169
ENCODING 361
SWIDTH 687 0
DWIDTH 11 0
BBX 9 13 1 0
BITMAP
3A00
7F00
2E00
0000
E700
E700
6300
6300
6300
6300
6300
7F80
3B80
ENDCHAR
STARTCHAR 016A
ENCODING 362
SWIDTH 687 0
DWIDTH 11 0
BBX 9 16 1 0
BITMAP
7E00
7E00
0000
F780
F780
6300
6300
6300
6300
6300
6300
6300
6300
6300
3E00
1C00
ENDCHAR
STARTCHAR 016B
ENCODING 363
SWIDTH 687 0
DWIDTH 11 0
BBX 9 13 1 0
BITMAP
3F00
3F00
0000
0000
E700
E700
6300
6300
6300
6300
6300
7F80
3B80
ENDCHAR
STARTCHAR 016C
ENCODING 364
SWIDTH 687 0
DWIDTH 11 0
BBX 9 17 1 0
BITMAP
6300
3E00
3E00
0000
F780
F780
6300
6300
6300
6300
6300
6300
6300
6300
6300
3E00
1C00
ENDCHAR
STARTCHAR 016D
ENCODING 365
SWIDTH 687 0
DWIDTH 11 0
BBX 9 13 1 0
BITMAP
6300
3E00
1C00
0000
E700
E700
6300
6300
6300
6300
6300
7F80
3B80
ENDCHAR
STARTCHAR 016E
ENCODING 366
SWIDTH 687 0
DWIDTH 11 0
BBX 9 17 1 0
BITMAP
1C00
1400
1C00
0000
F780
F780
6300
6300
6300
6300
6300
6300
6300
6300
6300
3E00
1C00
ENDCHAR
STARTCHAR 016F
ENCODING 367
SWIDTH 687 0
DWIDTH 11 0
BBX 9 13 1 0
BITMAP
1C00
1400
1C00
0000
E700
E700
6300
6300
6300
6300
6300
7F80
3B80
ENDCHAR
STARTCHAR 0170
ENCODING 368
SWIDTH 687 0
DWIDTH 11 0
BBX 9 17 1 1
BITMAP
1B80
3700
2400
0000
F780
F780
6300
6300
6300
6300
6300
6300
6300
6300
6300
3E00
1C00
ENDCHAR
STARTCHAR 0171
ENCODING 369
SWIDTH 687 0
DWIDTH 11 0
BBX 9 13 1 1
BITMAP
1B00
3700
2400
0000
E700
E700
6300
6300
6300
6300
6300
7F80
3B80
ENDCHAR
STARTCHAR 0172
ENCODING 370
SWIDTH 687 0
DWIDTH 11 0
BBX 9 17 1 -4
BITMAP
F780
F780
6300
6300
6300
6300
6300
6300
6300
6300
6300
3E00
1C00
1000
1000
1C00
0C00
ENDCHAR
STARTCHAR 0173
ENCODING 371
SWIDTH 687 0
DWIDTH 11 0
BBX 9 13 1 -4
BITMAP
E700
E700
6300
6300
6300
6300
6300
7F80
3B80
0100
0300
0380
0180
ENDCHAR
STARTCHAR 0174
ENCODING 372
SWIDTH 750 0
DWIDTH 12 0
BBX 10 17 1 0
BITMAP
0C00
1E00
3100
0000
E1C0
E1C0
4080
4080
6D80
6D80
6D80
7F80
7F80
3300
3300
3300
3300
ENDCHAR
STARTCHAR 0175
ENCODING 373
SWIDTH 750 0
DWIDTH 12 0
BBX 10 13 1 0
BITMAP
1E00
1E00
3100
0000
E1C0
E1C0
4D80
6D80
6D80
7F80
3300
3300
3300
ENDCHAR
STARTCHAR 0176
ENCODING 374
SWIDTH 687 0
DWIDTH 11 0
BBX 9 17 1 0
BITMAP
1800
3600
2200
0000
F780
F780
6600
3600
3600
3C00
1C00
1800
1800
1800
1800
3E00
3E00
ENDCHAR
STARTCHAR 0177
ENCODING 375
SWIDTH 687 0
DWIDTH 11 0
BBX 9 17 1 -4
BITMAP
0800
3600
2200
0000
F780
F780
3700
3600
3600
1600
1C00
1C00
0C00
1800
1800
7800
7000
ENDCHAR
STARTCHAR 0178
ENCODING 376
SWIDTH 687 0
DWIDTH 11 0
BBX 9 17 1 0
BITMAP
6600
6600
6600
0000
F780
F780
6600
3600
3600
3C00
1C00
1800
1800
1800
1800
3E00
3E00
ENDCHAR
STARTCHAR 0179
ENCODING 377
SWIDTH 687 0
DWIDTH 11 0
BBX 7 17 2 0
BITMAP
08
18
10
00
FE
FE
CE
0C
1C
18
38
30
70
60
E6
FE
FE
ENDCHAR
STARTCHAR 017A
ENCODING 378
SWIDTH 687 0
DWIDTH 11 0
BBX 7 13 2 0
BITMAP
08
18
10
00
FE
FE
CC
1C
38
70
66
FE
FE
ENDCHAR
STARTCHAR 017B
ENCODING 379
SWIDTH 687 0
DWIDTH 11 0
BBX 7 17 2 0
BITMAP
18
18
18
00
FE
FE
C6
0C
0C
18
38
38
70
70
E6
FE
FE
ENDCHAR
STARTCHAR 017C
ENCODING 380
SWIDTH 687 0
DWIDTH 11 0
BBX 7 13 2 0
BITMAP
18
18
18
00
FE
FE
CC
1C
38
30
66
FE
FE
ENDCHAR
STARTCHAR 017D
ENCODING 381
SWIDTH 687 0
DWIDTH 11 0
BBX 7 17 2 0
BITMAP
6C
28
38
00
FE
FE
CE
0C
1C
18
38
30
70
60
E6
FE
FE
ENDCHAR
STARTCHAR 017E
ENCODING 382
SWIDTH 687 0
DWIDTH 11 0
BBX 7 13 2 0
BITMAP
6C
28
38
00
FE
FE
CC
1C
38
70
66
FE
FE
ENDCHAR
STARTCHAR 017F
ENCODING 383
SWIDTH 687 0
DWIDTH 11 0
BBX 7 13 2 0
BITMAP
3C
3E
66
60
60
60
60
60
60
60
60
F8
F8
ENDCHAR
STARTCHAR 0180
ENCODING 384
SWIDTH 687 0
DWIDTH 11 0
BBX 9 13 1 0
BITMAP
E000
E000
F800
F800
6F00
7F00
6180
6180
6180
6180
6180
FF80
EF00
ENDCHAR
STARTCHAR 0181
ENCODING 385
SWIDTH 687 0
DWIDTH 11 0
BBX 10 13 0 0
BITMAP
7E00
FF00
B180
3180
3180
3180
3F00
3F80
30C0
30C0
30C0
7F80
7F00
ENDCHAR
STARTCHAR 0182
ENCODING 386
SWIDTH 687 0
DWIDTH 11 0
BBX 8 13 1 0
BITMAP
FF
FF
63
60
60
7C
7F
63
63
63
63
FF
FE
ENDCHAR
STARTCHAR 0183
ENCODING 387
SWIDTH 687 0
DWIDTH 11 0
BBX 8 13 1 0
BITMAP
FE
FE
62
60
6E
7F
63
63
63
63
63
FF
EE
ENDCHAR
STARTCHAR 0184
ENCODING 388
SWIDTH 687 0
DWIDTH 11 0
BBX 9 13 0 0
BITMAP
3800
7800
D800
1800
1800
1E00
1F00
1980
1980
1980
1980
3F00
3F00
ENDCHAR
STARTCHAR 0185
ENCODING 389
SWIDTH 687 0
DWIDTH 11 0
BBX 9 9 0 0
BITMAP
3800
7800
D800
1F00
1F80
1980
1980
3F80
3F00
ENDCHAR
STARTCHAR 0186
ENCODING 390
SWIDTH 687 0
DWIDTH 11 0
BBX 7 13 2 0
BITMAP
78
7C
C6
06
06
06
06
06
06
06
C6
FE
FC
ENDCHAR
STARTCHAR 0187
ENCODING 391
SWIDTH 687 0
DWIDTH 11 0
BBX 9 17 1 0
BITMAP
0080
0380
0300
0300
7B00
7F00
C300
C300
C000
C000
C000
C000
C000
C000
C700
7E00
3C00
ENDCHAR
STARTCHAR 0188
ENCODING 392
SWIDTH 687 0
DWIDTH 11 0
BBX 9 13 1 0
BITMAP
0180
0380
0300
0300
7B00
7F00
C300
C300
C000
C000
C300
7E00
3C00
ENDCHAR
STARTCHAR 0189
ENCODING 393
SWIDTH 687 0
DWIDTH 11 0
BBX 9 13 1 0
BITMAP
FE00
FF00
6380
6180
6180
6180
F980
F980
6180
6180
6380
FF00
FE00
ENDCHAR
STARTCHAR 018A
ENCODING 394
SWIDTH 687 0
DWIDTH 11 0
BBX 9 13 0 0
BITMAP
FE00
FF00
B180
3180
3180
3180
3180
3180
3180
3180
3180
7F00
7E00
ENDCHAR
STARTCHAR 018B
ENCODING 395
SWIDTH 625 0
DWIDTH 10 0
BBX 9 13 1 0
BITMAP
7F80
7F80
6300
0300
0300
3F00
7F00
E300
E300
E300
E300
7F80
3F80
ENDCHAR
STARTCHAR 018C
ENCODING 396
SWIDTH 625 0
DWIDTH 10 0
BBX 8 13 1 0
BITMAP
7F
7F
46
06
76
FE
C6
C6
C6
C6
C6
FF
77
ENDCHAR
STARTCHAR 018D
ENCODING 397
SWIDTH 625 0
DWIDTH 10 0
BBX 7 13 2 -4
BITMAP
38
7C
C6
C6
C6
C6
E6
7C
0E
06
06
7E
7C
ENDCHAR
STARTCHAR 018E
ENCODING 398
SWIDTH 687 0
DWIDTH 11 0
BBX 8 13 2 0
BITMAP
FF
FF
C6
06
06
3E
3E
06
06
06
C6
FF
FF
ENDCHAR
STARTCHAR 018F
ENCODING 399
SWIDTH 625 0
DWIDTH 10 0
BBX 8 13 1 0
BITMAP
DC
FE
C3
03
03
03
FF
FF
C3
C3
C3
7E
3C
ENDCHAR
STARTCHAR 0190
ENCODING 400
SWIDTH 687 0
DWIDTH 11 0
BBX 8 13 1 0
BITMAP
7B
7F
C3
C0
C0
78
78
E0
C0
C0
C3
7E
3C
ENDCHAR
STARTCHAR 0191
ENCODING 401
SWIDTH 750 0
DWIDTH 12 0
BBX 9 17 1 -4
BITMAP
7F80
7F80
3180
3000
3000
3000
3E00
3E00
3000
3000
3000
3000
3000
3000
3000
F000
E000
ENDCHAR
STARTCHAR 0192
ENCODING 402
SWIDTH 687 0
DWIDTH 11 0
BBX 8 17 2 -4
BITMAP
1E
3E
33
30
30
FE
FE
30
30
30
30
30
30
30
30
F0
E0
ENDCHAR
STARTCHAR 0193
ENCODING 403
SWIDTH 687 0
DWIDTH 11 0
BBX 9 17 1 0
BITMAP
0180
0380
0600
0600
3E00
7E00
C600
C600
C000
C000
CF80
CF80
C600
C600
C600
FE00
7600
ENDCHAR
STARTCHAR 0194
ENCODING 404
SWIDTH 687 0
DWIDTH 11 0
BBX 9 17 1 -4
BITMAP
F780
F780
7600
3600
3600
1C00
1C00
0800
0800
1C00
1C00
1400
3600
3600
3600
3E00
1C00
ENDCHAR
STARTCHAR 0195
ENCODING 405
SWIDTH 750 0
DWIDTH 12 0
BBX 10 13 1 0
BITMAP
E000
E000
6000
6000
79C0
7DC0
6D80
6D80
6D80
6D80
6D80
EF80
E700
ENDCHAR
STARTCHAR 0196
ENCODING 406
SWIDTH 625 0
DWIDTH 10 0
BBX 8 13 1 0
BITMAP
F8
F8
18
18
18
18
18
18
18
18
18
1F
0F
ENDCHAR
STARTCHAR 0197
ENCODING 407
SWIDTH 687 0
DWIDTH 11 0
BBX 7 13 2 0
BITMAP
FE
FE
30
30
30
30
7C
7C
30
30
30
FE
FE
ENDCHAR
STARTCHAR 0198
ENCODING 408
SWIDTH 687 0
DWIDTH 11 0
BBX 8 13 2 0
BITMAP
C7
C7
CC
CC
D8
D8
F0
F8
D8
CC
CC
C6
C6
ENDCHAR
STARTCHAR 0199
ENCODING 409
SWIDTH 625 0
DWIDTH 10 0
BBX 9 13 1 0
BITMAP
3000
7000
6000
6000
6780
6780
6C00
7800
7800
7C00
6400
F780
F380
ENDCHAR
STARTCHAR 019A
ENCODING 410
SWIDTH 687 0
DWIDTH 11 0
BBX 7 13 2 0
BITMAP
F8
F8
18
18
18
18
7C
7C
18
18
18
FE
FE
ENDCHAR
STARTCHAR 019B
ENCODING 411
SWIDTH 687 0
DWIDTH 11 0
BBX 9 13 1 0
BITMAP
7000
7E00
1C00
7800
0800
1C00
1C00
1400
3600
3600
7700
F780
F780
ENDCHAR
STARTCHAR 019C
ENCODING 412
SWIDTH 687 0
DWIDTH 11 0
BBX 11 13 0 0
BITMAP
ECE0
ECE0
6CC0
6CC0
6CC0
6CC0
6CC0
6CC0
6CC0
6CC0
6CC0
7FE0
36E0
ENDCHAR
STARTCHAR 019D
ENCODING 413
SWIDTH 687 0
DWIDTH 11 0
BBX 10 17 0 -4
BITMAP
73C0
7BC0
3980
3980
3D80
3D80
3580
3780
3780
3380
3380
3380
3180
3000
3000
F000
E000
ENDCHAR
STARTCHAR 019E
ENCODING 414
SWIDTH 687 0
DWIDTH 11 0
BBX 9 13 1 -4
BITMAP
EE00
FF00
6300
6300
6300
6300
6300
F300
F300
0300
0300
0780
0780
ENDCHAR
STARTCHAR 019F
ENCODING 415
SWIDTH 625 0
DWIDTH 10 0
BBX 8 13 1 0
BITMAP
3C
7E
C3
C3
C3
C3
FF
FF
C3
C3
C3
7E
3C
ENDCHAR
STARTCHAR 01A0
ENCODING 416
SWIDTH 625 0
DWIDTH 10 0
BBX 9 15 1 0
BITMAP
0080
0080
3C80
7E80
C300
C300
C300
C300
C300
C300
C300
C300
C300
7E00
3C00
ENDCHAR
STARTCHAR 01A1
ENCODING 417
SWIDTH 625 0
DWIDTH 10 0
BBX 9 12 1 0
BITMAP
0080
0080
0080
3C80
7F00
C300
C300
C300
C300
C300
7E00
3C00
ENDCHAR
STARTCHAR 01A2
ENCODING 418
SWIDTH 687 0
DWIDTH 11 0
BBX 9 17 1 -4
BITMAP
7980
FF80
CF80
CD80
CD80
CD80
CD80
CD80
CD80
CD80
CD80
FD80
7980
0180
0180
0380
0380
ENDCHAR
STARTCHAR 01A3
ENCODING 419
SWIDTH 687 0
DWIDTH 11 0
BBX 9 13 1 -4
BITMAP
7980
FF80
CF80
CD80
CD80
CD80
CD80
FD80
7980
0180
0180
0380
0380
ENDCHAR
STARTCHAR 01A4
ENCODING 420
SWIDTH 625 0
DWIDTH 10 0
BBX 9 13 0 0
BITMAP
7E00
FF00
B180
3180
3180
3180
3F00
3E00
3000
3000
3000
7800
7800
ENDCHAR
STARTCHAR 01A5
ENCODING 421
SWIDTH 687 0
DWIDTH 11 0
BBX 8 16 1 -4
BITMAP
30
70
60
6E
7F
63
63
63
63
63
7F
6E
60
60
F0
F0
ENDCHAR
STARTCHAR 01A6
ENCODING 422
SWIDTH 687 0
DWIDTH 11 0
BBX 9 17 1 -4
BITMAP
F000
F000
6000
7C00
7F00
6300
6300
6300
7F00
7E00
6C00
FC00
F600
0600
0600
0380
0380
ENDCHAR
STARTCHAR 01A7
ENCODING 423
SWIDTH 687 0
DWIDTH 11 0
BBX 8 13 1 0
BITMAP
DE
FF
C3
03
07
1E
3C
78
E0
C0
C3
FF
7B
ENDCHAR
STARTCHAR 01A8
ENCODING 424
SWIDTH 687 0
DWIDTH 11 0
BBX 7 9 2 0
BITMAP
FC
FE
C6
0E
7C
E0
86
FE
7E
ENDCHAR
STARTCHAR 01A9
ENCODING 425
SWIDTH 687 0
DWIDTH 11 0
BBX 8 13 1 0
BITMAP
FF
FF
63
20
30
18
18
18
30
60
63
FF
FF
ENDCHAR
STARTCHAR 01AA
ENCODING 426
SWIDTH 625 0
DWIDTH 10 0
BBX 7 17 1 -4
BITMAP
70
78
D8
78
78
18
18
18
18
18
18
18
18
18
18
1E
0E
ENDCHAR
STARTCHAR 01AB
ENCODING 427
SWIDTH 687 0
DWIDTH 11 0
BBX 8 17 2 -4
BITMAP
30
30
30
30
FE
FE
30
30
30
30
33
3F
1F
03
03
06
04
ENDCHAR
STARTCHAR 01AC
ENCODING 428
SWIDTH 687 0
DWIDTH 11 0
BBX 7 13 2 0
BITMAP
7E
BE
B6
30
30
30
30
30
30
30
30
7C
7C
ENDCHAR
STARTCHAR 01AD
ENCODING 429
SWIDTH 687 0
DWIDTH 11 0
BBX 8 13 2 0
BITMAP
18
38
30
30
FE
FE
30
30
30
30
33
3E
1E
ENDCHAR
STARTCHAR 01AE
ENCODING 430
SWIDTH 750 0
DWIDTH 12 0
BBX 8 16 2 -3
BITMAP
FF
FF
DB
18
18
18
18
18
18
18
18
18
18
18
1C
0C
ENDCHAR
STARTCHAR 01AF
ENCODING 431
SWIDTH 687 0
DWIDTH 11 0
BBX 10 15 1 0
BITMAP
00C0
00C0
F780
F780
6300
6300
6300
6300
6300
6300
6300
6300
6300
3E00
1C00
ENDCHAR
STARTCHAR 01B0
ENCODING 432
SWIDTH 687 0
DWIDTH 11 0
BBX 10 12 1 0
BITMAP
00C0
00C0
0040
E780
E700
6300
6300
6300
6300
6300
7F80
3B80
ENDCHAR
STARTCHAR 01B1
ENCODING 433
SWIDTH 687 0
DWIDTH 11 0
BBX 7 13 2 0
BITMAP
EE
EE
6C
C6
C6
C6
C6
C6
C6
C6
C6
7C
38
ENDCHAR
STARTCHAR 01B2
ENCODING 434
SWIDTH 687 0
DWIDTH 11 0
BBX 8 13 1 0
BITMAP
F6
F7
63
63
63
63
63
63
63
63
63
3E
1C
ENDCHAR
STARTCHAR 01B3
ENCODING 435
SWIDTH 687 0
DWIDTH 11 0
BBX 9 13 1 0
BITMAP
F180
F380
6600
3600
3600
3C00
1C00
1800
1800
1800
1800
3E00
3E00
ENDCHAR
STARTCHAR 01B4
ENCODING 436
SWIDTH 687 0
DWIDTH 11 0
BBX 9 13 1 -4
BITMAP
F180
F380
3300
3200
3600
1E00
1C00
1C00
0C00
1800
1800
7800
7000
ENDCHAR
STARTCHAR 01B5
ENCODING 437
SWIDTH 687 0
DWIDTH 11 0
BBX 7 13 2 0
BITMAP
FE
FE
CE
0C
1C
18
7C
7C
70
60
E6
FE
FE
ENDCHAR
STARTCHAR 01B6
ENCODING 438
SWIDTH 687 0
DWIDTH 11 0
BBX 7 9 2 0
BITMAP
FE
FE
CC
7C
7C
70
66
FE
FE
ENDCHAR
STARTCHAR 01B7
ENCODING 439
SWIDTH 625 0
DWIDTH 10 0
BBX 8 13 1 0
BITMAP
FE
FE
CE
0C
18
3C
3E
07
03
03
E3
7E
3C
ENDCHAR
STARTCHAR 01B8
ENCODING 440
SWIDTH 687 0
DWIDTH 11 0
BBX 8 13 1 0
BITMAP
7F
7F
73
38
18
3C
7C
E0
C0
C0
C7
7E
3C
ENDCHAR
STARTCHAR 01B9
ENCODING 441
SWIDTH 687 0
DWIDTH 11 0
BBX 8 13 1 -4
BITMAP
7F
7F
73
38
1C
3C
7C
C0
C0
C0
C3
7F
3E
ENDCHAR
STARTCHAR 01BA
ENCODING 442
SWIDTH 625 0
DWIDTH 10 0
BBX 7 13 1 -4
BITMAP
FE
FE
DC
38
7C
7E
02
0E
7C
E0
C2
FE
7C
ENDCHAR
STARTCHAR 01BB
ENCODING 443
SWIDTH 687 0
DWIDTH 11 0
BBX 9 13 1 0
BITMAP
3C00
7E00
6300
0300
0300
0700
FF80
FF80
3000
7000
6300
7F00
7F00
ENDCHAR
STARTCHAR 01BC
ENCODING 444
SWIDTH 625 0
DWIDTH 10 0
BBX 8 13 1 0
BITMAP
FF
FF
63
60
60
7C
7E
07
03
03
03
7E
7C
ENDCHAR
STARTCHAR 01BD
ENCODING 445
SWIDTH 687 0
DWIDTH 11 0
BBX 8 9 1 0
BITMAP
FF
FF
63
7C
7E
07
03
7F
7C
ENDCHAR
STARTCHAR 01BE
ENCODING 446
SWIDTH 687 0
DWIDTH 11 0
BBX 7 13 2 0
BITMAP
30
30
30
30
FE
FE
18
0C
0E
06
C6
FE
FC
ENDCHAR
STARTCHAR 01BF
ENCODING 447
SWIDTH 687 0
DWIDTH 11 0
BBX 8 13 1 -4
BITMAP
FE
FF
63
63
63
66
6E
7C
78
70
60
F0
F0
ENDCHAR
STARTCHAR 01C0
ENCODING 448
SWIDTH 625 0
DWIDTH 10 0
BBX 2 17 4 -4
BITMAP
C0
C0
C0
C0
C0
C0
C0
C0
C0
C0
C0
C0
C0
C0
C0
C0
C0
ENDCHAR
STARTCHAR 01C1
ENCODING 449
SWIDTH 687 0
DWIDTH 11 0
BBX 5 17 3 -4
BITMAP
D8
D8
D8
D8
D8
D8
D8
D8
D8
D8
D8
D8
D8
D8
D8
D8
D8
ENDCHAR
STARTCHAR 01C2
ENCODING 450
SWIDTH 687 0
DWIDTH 11 0
BBX 7 17 2 -4
BITMAP
18
18
18
18
18
18
FE
FE
18
18
FE
FE
18
18
18
18
18
ENDCHAR
STARTCHAR 01C3
ENCODING 451
SWIDTH 687 0
DWIDTH 11 0
BBX 3 13 4 0
BITMAP
C0
C0
C0
C0
C0
C0
C0
C0
00
00
E0
E0
E0
ENDCHAR
STARTCHAR 01C4
ENCODING 452
SWIDTH 625 0
DWIDTH 10 0
BBX 11 17 -1 0
BITMAP
0100
00C0
00C0
0000
F1E0
F9E0
6D60
6C40
6C40
6CC0
6CC0
6C80
6C80
6D80
6DA0
F9E0
F1E0
ENDCHAR
STARTCHAR 01C5
ENCODING 453
SWIDTH 625 0
DWIDTH 10 0
BBX 11 13 -1 1
BITMAP
F1C0
F8C0
6C00
6C00
6DE0
6DE0
6D60
6C40
6CC0
6C80
6DA0
F9E0
F1E0
ENDCHAR
STARTCHAR 01C6
ENCODING 454
SWIDTH 687 0
DWIDTH 11 0
BBX 10 13 1 1
BITMAP
1B80
1980
1800
1800
5BC0
FBC0
DAC0
D880
D980
D900
DB40
FBC0
5BC0
ENDCHAR
STARTCHAR 01C7
ENCODING 455
SWIDTH 750 0
DWIDTH 12 0
BBX 10 13 1 0
BITMAP
E3C0
E3C0
C0C0
C0C0
C0C0
C0C0
C0C0
C0C0
C0C0
C0C0
D6C0
F7C0
F380
ENDCHAR
STARTCHAR 01C8
ENCODING 456
SWIDTH 687 0
DWIDTH 11 0
BBX 10 17 1 -4
BITMAP
E080
E0C0
C080
C000
C380
C380
C180
C180
C180
C180
D180
F180
F180
0180
0980
0F80
0700
ENDCHAR
STARTCHAR 01C9
ENCODING 457
SWIDTH 687 0
DWIDTH 11 0
BBX 10 17 1 -4
BITMAP
E080
E0C0
6080
6000
6380
6380
6180
6180
6180
6180
6180
F180
F180
0180
0980
0F80
0700
ENDCHAR
STARTCHAR 01CA
ENCODING 458
SWIDTH 687 0
DWIDTH 11 0
BBX 10 13 0 0
BITMAP
D9C0
D9C0
D8C0
D8C0
F8C0
F8C0
F8C0
F8C0
F8C0
D8C0
DAC0
DBC0
DB80
ENDCHAR
STARTCHAR 01CB
ENCODING 459
SWIDTH 687 0
DWIDTH 11 0
BBX 10 17 0 -4
BITMAP
D880
D8C0
D880
D800
F9C0
F9C0
F8C0
F8C0
F8C0
D8C0
D8C0
D8C0
D8C0
00C0
04C0
07C0
0380
ENDCHAR
STARTCHAR 01CC
ENCODING 460
SWIDTH 687 0
DWIDTH 11 0
BBX 10 17 0 -4
BITMAP
0080
00C0
0080
0000
F1C0
F9C0
D8C0
D8C0
D8C0
D8C0
D8C0
D8C0
D8C0
00C0
04C0
07C0
0380
ENDCHAR
STARTCHAR 01CD
ENCODING 461
SWIDTH 687 0
DWIDTH 11 0
BBX 9 17 1 0
BITMAP
2200
3600
1C00
0000
0800
1C00
1C00
1400
1400
3600
3600
3E00
3E00
6300
6300
F780
F780
ENDCHAR
STARTCHAR 01CE
ENCODING 462
SWIDTH 687 0
DWIDTH 11 0
BBX 9 13 1 0
BITMAP
2200
3600
1C00
0000
3C00
7F00
6300
1F00
7F00
6300
E300
7F80
7B80
ENDCHAR
STARTCHAR 01CF
ENCODING 463
SWIDTH 687 0
DWIDTH 11 0
BBX 7 17 2 0
BITMAP
4C
7C
38
00
FE
FE
30
30
30
30
30
30
30
30
30
FE
FE
ENDCHAR
STARTCHAR 01D0
ENCODING 464
SWIDTH 687 0
DWIDTH 11 0
BBX 7 13 2 0
BITMAP
64
3C
38
00
F8
F8
18
18
18
18
18
FE
FE
ENDCHAR
STARTCHAR 01D1
ENCODING 465
SWIDTH 625 0
DWIDTH 10 0
BBX 8 17 1 0
BITMAP
66
3C
3C
00
3C
7E
C3
C3
C3
C3
C3
C3
C3
C3
C3
7E
3C
ENDCHAR
STARTCHAR 01D2
ENCODING 466
SWIDTH 625 0
DWIDTH 10 0
BBX 8 13 1 1
BITMAP
66
3C
18
00
3C
7E
C3
C3
C3
C3
C3
7E
3C
ENDCHAR
STARTCHAR 01D3
ENCODING 467
SWIDTH 687 0
DWIDTH 11 0
BBX 9 17 1 0
BITMAP
2200
3600
1C00
0000
F780
F780
6300
6300
6300
6300
6300
6300
6300
6300
6300
3E00
1C00
ENDCHAR
STARTCHAR 01D4
ENCODING 468
SWIDTH 687 0
DWIDTH 11 0
BBX 9 13 1 0
BITMAP
2200
3600
1C00
0000
E700
E700
6300
6300
6300
6300
6300
7F80
3B80
ENDCHAR
STARTCHAR 01D5
ENCODING 469
SWIDTH 687 0
DWIDTH 11 0
BBX 9 20 1 0
BITMAP
7E00
7E00
0000
6600
6600
6600
0000
F780
F780
6300
6300
6300
6300
6300
6300
6300
6300
6300
3E00
1C00
ENDCHAR
STARTCHAR 01D6
ENCODING 470
SWIDTH 687 0
DWIDTH 11 0
BBX 9 16 1 0
BITMAP
3F00
3F00
0000
6600
6600
6600
0000
E700
E700
6300
6300
6300
6300
6300
7F80
3B80
ENDCHAR
STARTCHAR 01D7
ENCODING 471
SWIDTH 687 0
DWIDTH 11 0
BBX 9 21 1 0
BITMAP
0400
0E00
0C00
0800
6600
6600
6600
0000
F780
F780
6300
6300
6300
6300
6300
6300
6300
6300
6300
3E00
1C00
ENDCHAR
STARTCHAR 01D8
ENCODING 472
SWIDTH 687 0
DWIDTH 11 0
BBX 9 17 1 0
BITMAP
0400
0C00
1800
0000
6600
6600
6600
0000
E700
E700
6300
6300
6300
6300
6300
7F80
3B80
ENDCHAR
STARTCHAR 01D9
ENCODING 473
SWIDTH 687 0
DWIDTH 11 0
BBX 9 20 1 1
BITMAP
3600
1C00
0800
6600
6600
6600
0000
F780
F780
6300
6300
6300
6300
6300
6300
6300
6300
6300
3E00
1C00
ENDCHAR
STARTCHAR 01DA
ENCODING 474
SWIDTH 687 0
DWIDTH 11 0
BBX 9 16 1 1
BITMAP
3600
1C00
0800
6600
6600
6600
0000
E700
E700
6300
6300
6300
6300
6300
7F80
3B80
ENDCHAR
STARTCHAR 01DB
ENCODING 475
SWIDTH 687 0
DWIDTH 11 0
BBX 9 21 1 0
BITMAP
1000
3800
1800
0800
6600
6600
6600
0000
F780
F780
6300
6300
6300
6300
6300
6300
6300
6300
6300
3E00
1C00
ENDCHAR
STARTCHAR 01DC
ENCODING 476
SWIDTH 687 0
DWIDTH 11 0
BBX 9 17 1 0
BITMAP
1000
1800
0C00
0000
6600
6600
6600
0000
E700
E700
6300
6300
6300
6300
6300
7F80
3B80
ENDCHAR
STARTCHAR 01DD
ENCODING 477
SWIDTH 625 0
DWIDTH 10 0
BBX 8 9 1 0
BITMAP
7C
FE
C6
FF
FF
C2
C6
7E
3C
ENDCHAR
STARTCHAR 01DE
ENCODING 478
SWIDTH 687 0
DWIDTH 11 0
BBX 9 20 1 0
BITMAP
7E00
7E00
0000
6600
6600
6600
0000
1800
1C00
1C00
1400
3400
3600
3600
3E00
7E00
6700
6300
F780
F780
ENDCHAR
STARTCHAR 01DF
ENCODING 479
SWIDTH 687 0
DWIDTH 11 0
BBX 9 16 1 0
BITMAP
7E00
7E00
0000
6600
6600
6600
0000
7C00
FF00
C300
3F00
7F00
E300
E300
FF80
7B80
ENDCHAR
STARTCHAR 01E0
ENCODING 480
SWIDTH 687 0
DWIDTH 11 0
BBX 9 20 1 0
BITMAP
7E00
7E00
0000
1800
1800
1800
0000
1800
1800
1C00
3400
3400
3400
3600
7E00
7E00
6600
6700
F780
F780
ENDCHAR
STARTCHAR 01E1
ENCODING 481
SWIDTH 687 0
DWIDTH 11 0
BBX 9 16 1 0
BITMAP
7E00
7E00
0000
1800
1800
1800
0000
7C00
FF00
E300
3F00
7F00
E300
E300
FF80
7B80
ENDCHAR
STARTCHAR 01E2
ENCODING 482
SWIDTH 750 0
DWIDTH 12 0
BBX 10 16 1 0
BITMAP
3F00
3F00
0000
3FC0
3FC0
1CC0
1C00
3C00
3C00
2F80
2F80
3C00
7C00
6CC0
EFC0
EFC0
ENDCHAR
STARTCHAR 01E3
ENCODING 483
SWIDTH 625 0
DWIDTH 10 0
BBX 9 13 0 0
BITMAP
3F00
3F00
0000
0000
7700
7F80
4D80
3F80
7F80
4C00
CD80
7F80
7700
ENDCHAR
STARTCHAR 01E4
ENCODING 484
SWIDTH 687 0
DWIDTH 11 0
BBX 9 13 1 0
BITMAP
3C00
7E00
C600
C000
C000
C000
CF80
CF80
C600
CF80
CF80
FE00
7600
ENDCHAR
STARTCHAR 01E5
ENCODING 485
SWIDTH 750 0
DWIDTH 12 0
BBX 10 13 1 -4
BITMAP
3B80
7F80
6300
6300
FFC0
6300
6300
7F00
3B00
0300
6300
7E00
3C00
ENDCHAR
STARTCHAR 01E6
ENCODING 486
SWIDTH 687 0
DWIDTH 11 0
BBX 9 17 1 0
BITMAP
6400
3C00
3800
0000
3C00
7E00
C600
C000
C000
C000
CF80
CF80
C600
C600
C600
FE00
7600
ENDCHAR
STARTCHAR 01E7
ENCODING 487
SWIDTH 625 0
DWIDTH 10 0
BBX 8 17 1 -4
BITMAP
44
6C
38
00
77
FF
C6
C6
C6
C6
C6
FE
76
06
C6
FC
78
ENDCHAR
STARTCHAR 01E8
ENCODING 488
SWIDTH 687 0
DWIDTH 11 0
BBX 8 17 2 0
BITMAP
44
6C
38
00
C7
C7
CC
CC
D8
D8
F8
F8
D8
CC
CC
C6
C6
ENDCHAR
STARTCHAR 01E9
ENCODING 489
SWIDTH 625 0
DWIDTH 10 0
BBX 10 17 0 0
BITMAP
CC00
7800
7000
0000
7000
7000
3000
3000
31C0
33C0
3600
3E00
3C00
3E00
3300
7BC0
79C0
ENDCHAR
STARTCHAR 01EA
ENCODING 490
SWIDTH 625 0
DWIDTH 10 0
BBX 8 17 1 -4
BITMAP
3C
7E
C3
C3
C3
C3
C3
C3
C3
C3
C3
7E
3C
30
30
38
18
ENDCHAR
STARTCHAR 01EB
ENCODING 491
SWIDTH 625 0
DWIDTH 10 0
BBX 8 13 1 -4
BITMAP
3C
7E
C3
C3
C3
C3
C3
7E
3C
30
30
38
18
ENDCHAR
STARTCHAR 01EC
ENCODING 492
SWIDTH 625 0
DWIDTH 10 0
BBX 8 20 1 -4
BITMAP
7E
7E
00
3C
7E
C3
C3
C3
C3
C3
C3
C3
C3
C3
7E
3C
30
30
38
18
ENDCHAR
STARTCHAR 01ED
ENCODING 493
SWIDTH 625 0
DWIDTH 10 0
BBX 8 17 1 -4
BITMAP
7E
7E
00
00
3C
7E
C3
C3
C3
C3
C3
7E
3C
30
30
38
18
ENDCHAR
STARTCHAR 01EE
ENCODING 494
SWIDTH 625 0
DWIDTH 10 0
BBX 8 17 1 0
BITMAP
66
3C
1C
00
FE
FE
CE
0C
18
3C
3E
07
03
03
E3
7E
3C
ENDCHAR
STARTCHAR 01EF
ENCODING 495
SWIDTH 687 0
DWIDTH 11 0
BBX 8 17 2 -4
BITMAP
66
3C
1C
00
FE
FE
CC
1C
38
3C
3E
03
03
03
C3
FE
7C
ENDCHAR
STARTCHAR 01F0
ENCODING 496
SWIDTH 625 0
DWIDTH 10 0
BBX 8 17 0 -4
BITMAP
19
0F
0E
00
3E
3E
06
06
06
06
06
06
06
06
C6
FC
78
ENDCHAR
STARTCHAR 01F1
ENCODING 497
SWIDTH 625 0
DWIDTH 10 0
BBX 11 13 -1 0
BITMAP
F1E0
F9E0
6D60
6C40
6C40
6CC0
6CC0
6C80
6C80
6D80
6DA0
F9E0
F1E0
ENDCHAR
STARTCHAR 01F2
ENCODING 498
SWIDTH 625 0
DWIDTH 10 0
BBX 11 13 -1 0
BITMAP
F000
F800
6C00
6C00
6DE0
6DE0
6D60
6C40
6CC0
6C80
6DA0
F9E0
F1E0
ENDCHAR
STARTCHAR 01F3
ENCODING 499
SWIDTH 687 0
DWIDTH 11 0
BBX 10 13 1 0
BITMAP
1800
1800
1800
1800
5BC0
FBC0
DAC0
D880
D980
D900
DB40
FBC0
5BC0
ENDCHAR
STARTCHAR 01F4
ENCODING 500
SWIDTH 687 0
DWIDTH 11 0
BBX 9 17 1 0
BITMAP
0800
1800
1000
0000
3C00
7E00
C600
C000
C000
C000
CF80
CF80
C600
C600
C600
FE00
7600
ENDCHAR
STARTCHAR 01F5
ENCODING 501
SWIDTH 625 0
DWIDTH 10 0
BBX 8 17 1 -4
BITMAP
08
18
10
00
77
FF
C6
C6
C6
C6
C6
FE
76
06
C6
FC
78
ENDCHAR
STARTCHAR 01F6
ENCODING 502
SWIDTH 687 0
DWIDTH 11 0
BBX 10 13 1 0
BITMAP
EE00
EE00
6C00
6C00
6DC0
7DC0
7D80
6D80
6D80
6D80
6D80
EF80
E700
ENDCHAR
STARTCHAR 01F7
ENCODING 503
SWIDTH 687 0
DWIDTH 11 0
BBX 8 13 1 0
BITMAP
FE
FF
63
63
63
66
6E
7C
78
70
60
F0
F0
ENDCHAR
STARTCHAR 01F8
ENCODING 504
SWIDTH 687 0
DWIDTH 11 0
BBX 9 17 1 0
BITMAP
1000
1800
0800
0000
E780
F780
7300
7300
7B00
7B00
6B00
6F00
6F00
6700
6700
F700
F300
ENDCHAR
STARTCHAR 01F9
ENCODING 505
SWIDTH 687 0
DWIDTH 11 0
BBX 9 13 1 0
BITMAP
1000
1800
0800
0000
EE00
FF00
6300
6300
6300
6300
6300
F780
F780
ENDCHAR
STARTCHAR 01FA
ENCODING 506
SWIDTH 687 0
DWIDTH 11 0
BBX 9 21 1 1
BITMAP
0400
0C00
0800
1C00
1400
1400
1C00
0000
0800
1C00
1C00
1400
1400
3600
3600
3E00
3E00
6300
6300
F780
F780
ENDCHAR
STARTCHAR 01FB
ENCODING 507
SWIDTH 687 0
DWIDTH 11 0
BBX 9 16 1 1
BITMAP
0C00
1C00
0800
1C00
1400
1C00
0000
3C00
7F00
6300
1F00
7F00
6300
E300
7F80
7B80
ENDCHAR
STARTCHAR 01FC
ENCODING 508
SWIDTH 750 0
DWIDTH 12 0
BBX 10 17 1 0
BITMAP
0600
0C00
0800
0000
3FC0
3FC0
1CC0
1C00
3C00
3C00
2F80
2F80
7C00
7C00
6CC0
EFC0
EFC0
ENDCHAR
STARTCHAR 01FD
ENCODING 509
SWIDTH 625 0
DWIDTH 10 0
BBX 9 13 0 0
BITMAP
0600
0C00
0800
0000
7700
7F80
4D80
3F80
7F80
4C00
CD80
7F80
7700
ENDCHAR
STARTCHAR 01FE
ENCODING 510
SWIDTH 625 0
DWIDTH 10 0
BBX 8 18 1 -1
BITMAP
0C
1C
18
02
3F
7E
C7
CF
CF
CB
DB
D3
F3
E3
E3
7E
FC
40
ENDCHAR
STARTCHAR 01FF
ENCODING 511
SWIDTH 625 0
DWIDTH 10 0
BBX 8 14 1 -1
BITMAP
04
1C
18
00
00
3F
7E
CF
CF
DB
F3
F3
7E
FC
ENDCHAR
STARTCHAR 0200
ENCODING 512
SWIDTH 687 0
DWIDTH 11 0
BBX 9 18 1 0
BITMAP
4000
6C00
7600
1200
0000
0800
1C00
1C00
1400
1400
3600
3600
3E00
3E00
6300
6300
F780
F780
ENDCHAR
STARTCHAR 0201
ENCODING 513
SWIDTH 687 0
DWIDTH 11 0
BBX 9 13 1 1
BITMAP
CC00
6E00
2200
0000
3C00
7F00
6300
1F00
7F00
6300
E300
7F80
7B80
ENDCHAR
STARTCHAR 0202
ENCODING 514
SWIDTH 687 0
DWIDTH 11 0
BBX 9 17 1 0
BITMAP
1C00
3E00
6300
0000
0800
1C00
1C00
1400
1400
3600
3600
3E00
3E00
6300
6300
F780
F780
ENDCHAR
STARTCHAR 0203
ENCODING 515
SWIDTH 687 0
DWIDTH 11 0
BBX 9 13 1 0
BITMAP
3C00
7E00
6300
0000
3C00
7F00
6300
1F00
7F00
6300
E300
7F80
7B80
ENDCHAR
STARTCHAR 0204
ENCODING 516
SWIDTH 687 0
DWIDTH 11 0
BBX 8 17 1 1
BITMAP
CC
6E
32
00
FF
FF
63
60
60
7C
7C
60
60
60
63
FF
FF
ENDCHAR
STARTCHAR 0205
ENCODING 517
SWIDTH 625 0
DWIDTH 10 0
BBX 8 13 1 1
BITMAP
D8
EC
24
00
3C
7E
C6
FF
FF
C0
C6
7E
3C
ENDCHAR
STARTCHAR 0206
ENCODING 518
SWIDTH 687 0
DWIDTH 11 0
BBX 8 17 1 0
BITMAP
1C
3E
62
00
FF
FF
63
60
60
7C
7C
60
60
60
63
FF
FF
ENDCHAR
STARTCHAR 0207
ENCODING 519
SWIDTH 625 0
DWIDTH 10 0
BBX 8 13 1 0
BITMAP
3C
7E
46
00
3C
7E
C6
FF
FF
C0
C6
7E
3C
ENDCHAR
STARTCHAR 0208
ENCODING 520
SWIDTH 687 0
DWIDTH 11 0
BBX 8 17 1 1
BITMAP
DC
6E
22
00
7F
7F
18
18
18
18
18
18
18
18
18
7F
7F
ENDCHAR
STARTCHAR 0209
ENCODING 521
SWIDTH 687 0
DWIDTH 11 0
BBX 8 13 1 1
BITMAP
EC
76
12
00
7C
7C
0C
0C
0C
0C
0C
7F
7F
ENDCHAR
STARTCHAR 020A
ENCODING 522
SWIDTH 687 0
DWIDTH 11 0
BBX 7 17 2 0
BITMAP
38
7C
C6
00
FE
FE
30
30
30
30
30
30
30
30
30
FE
FE
ENDCHAR
STARTCHAR 020B
ENCODING 523
SWIDTH 687 0
DWIDTH 11 0
BBX 7 13 2 0
BITMAP
7C
7E
C6
00
F8
F8
18
18
18
18
18
FE
FE
ENDCHAR
STARTCHAR 020C
ENCODING 524
SWIDTH 625 0
DWIDTH 10 0
BBX 8 17 1 1
BITMAP
D8
EE
26
00
3C
7E
C3
C3
C3
C3
C3
C3
C3
C3
C3
7E
3C
ENDCHAR
STARTCHAR 020D
ENCODING 525
SWIDTH 625 0
DWIDTH 10 0
BBX 8 13 1 1
BITMAP
D8
EE
26
00
3C
7E
C3
C3
C3
C3
C3
7E
3C
ENDCHAR
STARTCHAR 020E
ENCODING 526
SWIDTH 625 0
DWIDTH 10 0
BBX 8 17 1 0
BITMAP
3C
7E
42
00
3C
7E
C3
C3
C3
C3
C3
C3
C3
C3
C3
7E
3C
ENDCHAR
STARTCHAR 020F
ENCODING 527
SWIDTH 625 0
DWIDTH 10 0
BBX 8 13 1 0
BITMAP
3C
7E
42
00
3C
7E
C3
C3
C3
C3
C3
7E
3C
ENDCHAR
STARTCHAR 0210
ENCODING 528
SWIDTH 687 0
DWIDTH 11 0
BBX 9 17 1 1
BITMAP
6C00
7600
1200
0000
FE00
FE00
6300
6300
6300
6300
7E00
7E00
6C00
6600
6600
F380
F380
ENDCHAR
STARTCHAR 0211
ENCODING 529
SWIDTH 687 0
DWIDTH 11 0
BBX 7 13 2 1
BITMAP
D8
6C
24
00
F6
FE
36
30
30
30
30
F8
F8
ENDCHAR
STARTCHAR 0212
ENCODING 530
SWIDTH 687 0
DWIDTH 11 0
BBX 9 17 1 0
BITMAP
1C00
3E00
6300
0000
FE00
FE00
6300
6300
6300
6300
7E00
7E00
6C00
6600
6600
F380
F380
ENDCHAR
STARTCHAR 0213
ENCODING 531
SWIDTH 687 0
DWIDTH 11 0
BBX 7 13 2 0
BITMAP
3C
7C
66
00
F6
FE
36
30
30
30
30
F8
F8
ENDCHAR
STARTCHAR 0214
ENCODING 532
SWIDTH 687 0
DWIDTH 11 0
BBX 9 17 1 1
BITMAP
6C00
7600
1200
0000
F780
F780
6300
6300
6300
6300
6300
6300
6300
6300
6300
3E00
1C00
ENDCHAR
STARTCHAR 0215
ENCODING 533
SWIDTH 687 0
DWIDTH 11 0
BBX 9 13 1 1
BITMAP
6C00
7600
1200
0000
E700
E700
6300
6300
6300
6300
6300
7F80
3B80
ENDCHAR
STARTCHAR 0216
ENCODING 534
SWIDTH 687 0
DWIDTH 11 0
BBX 9 17 1 0
BITMAP
1C00
3E00
6300
0000
F780
F780
6300
6300
6300
6300
6300
6300
6300
6300
6300
3E00
1C00
ENDCHAR
STARTCHAR 0217
ENCODING 535
SWIDTH 687 0
DWIDTH 11 0
BBX 9 13 1 0
BITMAP
3E00
3E00
6300
0000
E700
E700
6300
6300
6300
6300
6300
7F80
3B80
ENDCHAR
STARTCHAR 0218
ENCODING 536
SWIDTH 687 0
DWIDTH 11 0
BBX 7 17 2 -5
BITMAP
76
FE
C6
C0
C0
70
7C
1C
0E
06
C6
FE
FC
00
10
10
10
ENDCHAR
STARTCHAR 0219
ENCODING 537
SWIDTH 687 0
DWIDTH 11 0
BBX 7 13 2 -5
BITMAP
7E
FE
C6
E0
7C
0E
C2
FE
FC
00
10
10
10
ENDCHAR
STARTCHAR 021A
ENCODING 538
SWIDTH 750 0
DWIDTH 12 0
BBX 8 17 2 -5
BITMAP
FF
FF
DB
18
18
18
18
18
18
18
18
7C
7C
00
18
18
18
ENDCHAR
STARTCHAR 021B
ENCODING 539
SWIDTH 687 0
DWIDTH 11 0
BBX 8 18 2 -5
BITMAP
30
30
30
30
FE
FE
30
30
30
30
33
3E
1E
00
08
08
08
08
ENDCHAR
STARTCHAR 021C
ENCODING 540
SWIDTH 687 0
DWIDTH 11 0
BBX 7 13 2 0
BITMAP
FC
FE
C6
06
0E
3C
7E
46
06
0E
1C
F8
E0
ENDCHAR
STARTCHAR 021D
ENCODING 541
SWIDTH 687 0
DWIDTH 11 0
BBX 7 13 2 -4
BITMAP
FC
FE
C6
06
0E
1C
7E
66
06
0E
1C
F8
E0
ENDCHAR
STARTCHAR 021E
ENCODING 542
SWIDTH 687 0
DWIDTH 11 0
BBX 9 17 1 0
BITMAP
2200
3600
1C00
0000
F780
F780
6300
6300
6300
6300
7F00
7F00
6300
6300
6300
F780
F780
ENDCHAR
STARTCHAR 021F
ENCODING 543
SWIDTH 687 0
DWIDTH 11 0
BBX 10 17 0 0
BITMAP
C800
7800
7000
0000
7000
7000
3000
3000
3700
3F80
3180
3180
3180
3180
3180
7BC0
7BC0
ENDCHAR
STARTCHAR 0220
ENCODING 544
SWIDTH 687 0
DWIDTH 11 0
BBX 9 17 1 -4
BITMAP
EE00
FF00
6300
6300
6300
6300
6300
6300
6300
6300
6300
F300
F300
0300
0300
0780
0780
ENDCHAR
STARTCHAR 0221
ENCODING 545
SWIDTH 625 0
DWIDTH 10 0
BBX 9 14 1 -2
BITMAP
0E00
0E00
0600
0600
7600
EE00
C600
C600
C700
C780
CE80
FF80
7300
1000
ENDCHAR
STARTCHAR 0222
ENCODING 546
SWIDTH 625 0
DWIDTH 10 0
BBX 7 13 1 0
BITMAP
0C
6E
E6
C6
C6
7C
7C
C6
C6
C6
C6
7C
38
ENDCHAR
STARTCHAR 0223
ENCODING 547
SWIDTH 625 0
DWIDTH 10 0
BBX 7 13 1 0
BITMAP
6C
EE
C6
C6
7C
7C
C6
C6
C6
C6
C6
7C
38
ENDCHAR
STARTCHAR 0224
ENCODING 548
SWIDTH 687 0
DWIDTH 11 0
BBX 7 16 2 -3
BITMAP
FE
FE
CE
0C
1C
18
38
30
70
60
E0
FC
FC
06
06
06
ENDCHAR
STARTCHAR 0225
ENCODING 549
SWIDTH 687 0
DWIDTH 11 0
BBX 7 12 2 -3
BITMAP
FE
FE
CC
1C
38
30
60
FC
FC
06
06
06
ENDCHAR
STARTCHAR 0226
ENCODING 550
SWIDTH 687 0
DWIDTH 11 0
BBX 9 17 1 0
BITMAP
1800
1800
1800
0000
1800
1800
1C00
1400
3400
3400
3600
3E00
7E00
6700
6700
F780
F780
ENDCHAR
STARTCHAR 0227
ENCODING 551
SWIDTH 687 0
DWIDTH 11 0
BBX 9 13 1 0
BITMAP
1800
1800
1800
0000
3C00
7F00
6300
1F00
7F00
6300
E300
7F80
7B80
ENDCHAR
STARTCHAR 0228
ENCODING 552
SWIDTH 687 0
DWIDTH 11 0
BBX 8 17 1 -4
BITMAP
FF
FF
63
60
60
7E
7E
60
60
60
63
FF
FF
08
0C
1E
1E
ENDCHAR
STARTCHAR 0229
ENCODING 553
SWIDTH 625 0
DWIDTH 10 0
BBX 8 13 1 -4
BITMAP
3C
7E
C6
FF
FF
C0
E2
7E
3C
18
1C
3C
38
ENDCHAR
STARTCHAR 022A
ENCODING 554
SWIDTH 625 0
DWIDTH 10 0
BBX 8 20 1 0
BITMAP
7E
7E
00
CC
CC
CC
00
3C
7E
C3
C3
C3
C3
C3
C3
C3
C3
C3
7E
3C
ENDCHAR
STARTCHAR 022B
ENCODING 555
SWIDTH 625 0
DWIDTH 10 0
BBX 8 16 1 0
BITMAP
7E
7E
00
CC
CC
CC
00
3C
7E
C3
C3
C3
C3
C3
7E
3C
ENDCHAR
STARTCHAR 022C
ENCODING 556
SWIDTH 625 0
DWIDTH 10 0
BBX 8 20 1 0
BITMAP
7E
7E
00
32
7E
4C
00
3C
7E
C3
C3
C3
C3
C3
C3
C3
C3
C3
7E
3C
ENDCHAR
STARTCHAR 022D
ENCODING 557
SWIDTH 625 0
DWIDTH 10 0
BBX 8 16 1 0
BITMAP
7E
7E
00
72
7E
4C
00
3C
7E
C3
C3
C3
C3
C3
7E
3C
ENDCHAR
STARTCHAR 022E
ENCODING 558
SWIDTH 625 0
DWIDTH 10 0
BBX 8 17 1 0
BITMAP
18
18
18
00
3C
7E
C3
C3
C3
C3
C3
C3
C3
C3
C3
7E
3C
ENDCHAR
STARTCHAR 022F
ENCODING 559
SWIDTH 625 0
DWIDTH 10 0
BBX 8 13 1 0
BITMAP
18
18
18
00
3C
7E
C3
C3
C3
C3
C3
7E
3C
ENDCHAR
STARTCHAR 0230
ENCODING 560
SWIDTH 625 0
DWIDTH 10 0
BBX 8 20 1 0
BITMAP
7E
7E
00
18
18
18
00
3C
7E
C3
C3
C3
C3
C3
C3
C3
C3
C3
7E
3C
ENDCHAR
STARTCHAR 0231
ENCODING 561
SWIDTH 625 0
DWIDTH 10 0
BBX 8 16 1 0
BITMAP
7E
7E
00
18
18
18
00
3C
7E
C3
C3
C3
C3
C3
7E
3C
ENDCHAR
STARTCHAR 0232
ENCODING 562
SWIDTH 687 0
DWIDTH 11 0
BBX 9 16 1 0
BITMAP
7E00
7E00
0000
F780
F780
6600
7600
3400
3C00
1C00
1800
1800
1800
1800
3E00
3E00
ENDCHAR
STARTCHAR 0233
ENCODING 563
SWIDTH 687 0
DWIDTH 11 0
BBX 9 17 1 -4
BITMAP
7E00
7E00
0000
0000
F780
F780
6600
3600
3600
3400
1C00
1C00
0800
1800
1800
7000
6000
ENDCHAR
STARTCHAR 0234
ENCODING 564
SWIDTH 687 0
DWIDTH 11 0
BBX 8 13 1 -1
BITMAP
F8
F8
18
18
18
18
18
1E
1F
39
39
7F
4F
ENDCHAR
STARTCHAR 0235
ENCODING 565
SWIDTH 687 0
DWIDTH 11 0
BBX 10 9 1 -1
BITMAP
EC00
FE00
6600
6600
6780
67C0
6EC0
FFC0
FB80
ENDCHAR
STARTCHAR 0236
ENCODING 566
SWIDTH 687 0
DWIDTH 11 0
BBX 9 14 0 -1
BITMAP
0C00
0C00
0C00
0C00
3F80
3F80
0C00
0F00
0F80
1C80
3C80
6F80
C700
4000
ENDCHAR
STARTCHAR 0237
ENCODING 567
SWIDTH 625 0
DWIDTH 10 0
BBX 7 13 0 -4
BITMAP
3E
3E
06
06
06
06
06
06
06
06
C6
FC
78
ENDCHAR
STARTCHAR 0238
ENCODING 568
SWIDTH 687 0
DWIDTH 11 0
BBX 9 13 1 0
BITMAP
3800
3800
1800
1800
7F00
FF80
D980
D980
D980
D980
D980
FF80
7F00
ENDCHAR
STARTCHAR 0239
ENCODING 569
SWIDTH 687 0
DWIDTH 11 0
BBX 9 13 1 -4
BITMAP
7700
FF80
D980
D980
D980
D980
D980
FF80
7F00
1800
1800
3E00
3E00
ENDCHAR
STARTCHAR 023A
ENCODING 570
SWIDTH 687 0
DWIDTH 11 0
BBX 9 15 1 -1
BITMAP
0200
0A00
1E00
1C00
1400
1400
3E00
3E00
3E00
3E00
7300
7300
F780
F780
6000
ENDCHAR
STARTCHAR 023B
ENCODING 571
SWIDTH 687 0
DWIDTH 11 0
BBX 8 15 1 -1
BITMAP
02
7B
7F
C7
CC
C8
C8
D8
D0
D0
E0
E7
7E
7C
40
ENDCHAR
STARTCHAR 023C
ENCODING 572
SWIDTH 687 0
DWIDTH 11 0
BBX 8 11 1 -1
BITMAP
03
7B
7F
CF
C8
D8
D0
F7
7E
7C
40
ENDCHAR
STARTCHAR 023D
ENCODING 573
SWIDTH 750 0
DWIDTH 12 0
BBX 9 13 1 0
BITMAP
7800
7800
3000
3000
3000
3000
FC00
FC00
3000
3000
3180
7F80
7F80
ENDCHAR
STARTCHAR 023E
ENCODING 574
SWIDTH 750 0
DWIDTH 12 0
BBX 8 15 2 -1
BITMAP
02
FF
FF
DF
18
18
18
18
18
38
38
38
7C
7C
40
ENDCHAR
STARTCHAR 023F
ENCODING 575
SWIDTH 687 0
DWIDTH 11 0
BBX 8 13 1 -4
BITMAP
3F
7F
E3
70
3E
07
C3
7F
7E
60
30
1F
07
ENDCHAR
STARTCHAR 0240
ENCODING 576
SWIDTH 687 0
DWIDTH 11 0
BBX 8 13 2 -4
BITMAP
FF
FF
C6
0C
0C
18
30
60
60
70
38
1F
07
ENDCHAR
STARTCHAR 0241
ENCODING 577
SWIDTH 687 0
DWIDTH 11 0
BBX 7 13 2 0
BITMAP
78
FC
C6
06
06
0E
0C
18
30
30
30
7C
7C
ENDCHAR
STARTCHAR 0242
ENCODING 578
SWIDTH 687 0
DWIDTH 11 0
BBX 7 9 2 0
BITMAP
7C
FE
C6
06
0C
18
18
7C
7C
ENDCHAR
STARTCHAR 0243
ENCODING 579
SWIDTH 687 0
DWIDTH 11 0
BBX 9 13 1 0
BITMAP
FC00
FE00
6300
6300
6300
6300
7E00
7F00
F980
F980
6180
FF00
FE00
ENDCHAR
STARTCHAR 0244
ENCODING 580
SWIDTH 687 0
DWIDTH 11 0
BBX 9 13 1 0
BITMAP
F780
F780
6300
6300
6300
6300
FF80
FF80
6300
6300
6300
3E00
1C00
ENDCHAR
STARTCHAR 0245
ENCODING 581
SWIDTH 687 0
DWIDTH 11 0
BBX 9 13 1 0
BITMAP
0800
0800
1C00
1400
1400
1400
3600
3600
3600
3600
6300
F780
F780
ENDCHAR
STARTCHAR 0246
ENCODING 582
SWIDTH 687 0
DWIDTH 11 0
BBX 8 15 1 -1
BITMAP
02
FF
FF
67
64
6C
7C
7C
78
70
70
73
FF
FF
60
ENDCHAR
STARTCHAR 0247
ENCODING 583
SWIDTH 625 0
DWIDTH 10 0
BBX 8 11 1 -1
BITMAP
02
3C
7E
CE
FF
FF
D0
E6
7E
7C
40
ENDCHAR
STARTCHAR 0248
ENCODING 584
SWIDTH 625 0
DWIDTH 10 0
BBX 8 13 1 0
BITMAP
3E
3E
06
06
06
1F
1F
06
06
06
C6
FC
78
ENDCHAR
STARTCHAR 0249
ENCODING 585
SWIDTH 625 0
DWIDTH 10 0
BBX 8 17 0 -4
BITMAP
06
06
06
00
3E
3E
06
06
1F
1F
06
06
06
06
C6
FC
78
ENDCHAR
STARTCHAR 024A
ENCODING 586
SWIDTH 625 0
DWIDTH 10 0
BBX 9 17 1 -4
BITMAP
7700
FF00
C600
C600
C600
C600
C600
C600
C600
C600
C600
FE00
7600
0600
0600
0380
0380
ENDCHAR
STARTCHAR 024B
ENCODING 587
SWIDTH 625 0
DWIDTH 10 0
BBX 9 13 1 -4
BITMAP
7700
FF00
C600
C600
C600
C600
C600
FE00
7600
0600
0600
0780
0380
ENDCHAR
STARTCHAR 024C
ENCODING 588
SWIDTH 687 0
DWIDTH 11 0
BBX 10 13 0 0
BITMAP
7F00
7F00
3180
3180
3180
3180
FF00
FF00
3600
3300
3300
79C0
79C0
ENDCHAR
STARTCHAR 024D
ENCODING 589
SWIDTH 687 0
DWIDTH 11 0
BBX 7 9 2 0
BITMAP
F6
FE
36
30
F8
F8
30
F8
F8
ENDCHAR
STARTCHAR 024E
ENCODING 590
SWIDTH 687 0
DWIDTH 11 0
BBX 9 13 1 0
BITMAP
F780
F780
6700
FF80
FF80
3400
1C00
1800
1800
1800
1800
3E00
3E00
ENDCHAR
STARTCHAR 024F
ENCODING 591
SWIDTH 687 0
DWIDTH 11 0
BBX 9 13 1 -4
BITMAP
F780
F780
3700
3600
FF80
FF80
1400
1C00
0C00
0800
1800
7800
7000
ENDCHAR
STARTCHAR 0250
ENCODING 592
SWIDTH 687 0
DWIDTH 11 0
BBX 8 9 1 0
BITMAP
EE
FF
63
63
7E
7C
63
7F
3E
ENDCHAR
STARTCHAR 0251
ENCODING 593
SWIDTH 625 0
DWIDTH 10 0
BBX 8 9 1 0
BITMAP
77
FF
C6
C6
C6
C6
C6
FF
77
ENDCHAR
STARTCHAR 0252
ENCODING 594
SWIDTH 687 0
DWIDTH 11 0
BBX 8 9 1 0
BITMAP
EE
FF
63
63
63
63
63
FF
EE
ENDCHAR
STARTCHAR 0253
ENCODING 595
SWIDTH 687 0
DWIDTH 11 0
BBX 8 13 1 0
BITMAP
30
70
60
60
6E
7F
63
63
63
63
63
FF
EE
ENDCHAR
STARTCHAR 0254
ENCODING 596
SWIDTH 687 0
DWIDTH 11 0
BBX 7 9 2 0
BITMAP
78
FC
C6
06
06
06
C6
FE
FC
ENDCHAR
STARTCHAR 0255
ENCODING 597
SWIDTH 687 0
DWIDTH 11 0
BBX 9 10 0 -1
BITMAP
3D80
3F80
6180
6000
6000
7F00
7F80
7F80
DF00
8000
ENDCHAR
STARTCHAR 0256
ENCODING 598
SWIDTH 625 0
DWIDTH 10 0
BBX 9 17 1 -4
BITMAP
0E00
0E00
0600
0600
7600
FE00
C600
C600
C600
C600
C600
FE00
7600
0600
0600
0380
0180
ENDCHAR
STARTCHAR 0257
ENCODING 599
SWIDTH 625 0
DWIDTH 10 0
BBX 9 13 1 0
BITMAP
0380
0380
0600
0600
7600
FE00
C600
C600
C600
C600
C600
FF00
7700
ENDCHAR
STARTCHAR 0258
ENCODING 600
SWIDTH 625 0
DWIDTH 10 0
BBX 8 9 1 0
BITMAP
3C
7E
C6
FF
FF
02
C6
FE
7C
ENDCHAR
STARTCHAR 0259
ENCODING 601
SWIDTH 625 0
DWIDTH 10 0
BBX 8 9 1 0
BITMAP
FC
FE
C6
FE
FF
C2
C6
7E
3C
ENDCHAR
STARTCHAR 025A
ENCODING 602
SWIDTH 687 0
DWIDTH 11 0
BBX 10 9 1 0
BITMAP
F800
FC00
CC00
FF00
FD00
CD80
CCC0
FC00
7800
ENDCHAR
STARTCHAR 025B
ENCODING 603
SWIDTH 625 0
DWIDTH 10 0
BBX 8 9 1 0
BITMAP
7B
7F
C3
78
78
C0
C3
FE
7C
ENDCHAR
STARTCHAR 025C
ENCODING 604
SWIDTH 687 0
DWIDTH 11 0
BBX 7 9 2 0
BITMAP
FC
FE
06
3E
3E
06
C6
FE
7C
ENDCHAR
STARTCHAR 025D
ENCODING 605
SWIDTH 687 0
DWIDTH 11 0
BBX 9 9 1 0
BITMAP
FE00
FF00
0900
3980
3800
0800
CC00
F800
7000
ENDCHAR
STARTCHAR 025E
ENCODING 606
SWIDTH 625 0
DWIDTH 10 0
BBX 7 9 1 0
BITMAP
3C
7E
C6
DE
DE
C6
C2
7E
3C
ENDCHAR
STARTCHAR 025F
ENCODING 607
SWIDTH 625 0
DWIDTH 10 0
BBX 8 13 0 -4
BITMAP
3E
3E
06
06
1F
1F
06
06
06
06
C6
FC
78
ENDCHAR
STARTCHAR 0260
ENCODING 608
SWIDTH 625 0
DWIDTH 10 0
BBX 9 17 1 -4
BITMAP
0180
0380
0600
0600
7600
FE00
C600
C600
C600
C600
C600
FE00
7600
0600
C600
FC00
7800
ENDCHAR
STARTCHAR 0261
ENCODING 609
SWIDTH 625 0
DWIDTH 10 0
BBX 8 13 1 -4
BITMAP
77
FF
C6
C6
C6
C6
C6
FE
76
06
C6
FC
78
ENDCHAR
STARTCHAR 0262
ENCODING 610
SWIDTH 687 0
DWIDTH 11 0
BBX 9 9 1 0
BITMAP
3C00
7E00
C600
C000
CF80
CF80
C600
FE00
7600
ENDCHAR
STARTCHAR 0263
ENCODING 611
SWIDTH 687 0
DWIDTH 11 0
BBX 9 13 1 -4
BITMAP
F780
F780
3600
3400
1C00
0800
0800
1C00
1400
3600
3600
3E00
1C00
ENDCHAR
STARTCHAR 0264
ENCODING 612
SWIDTH 687 0
DWIDTH 11 0
BBX 8 9 1 0
BITMAP
F3
FF
1C
1E
36
36
36
3E
1C
ENDCHAR
STARTCHAR 0265
ENCODING 613
SWIDTH 687 0
DWIDTH 11 0
BBX 9 13 1 -4
BITMAP
E700
E700
6300
6300
6300
6300
6300
7F00
3B00
0300
0300
0780
0780
ENDCHAR
STARTCHAR 0266
ENCODING 614
SWIDTH 687 0
DWIDTH 11 0
BBX 9 13 1 0
BITMAP
3000
7000
6000
6000
6E00
7F00
6300
6300
6300
6300
6300
F780
F780
ENDCHAR
STARTCHAR 0267
ENCODING 615
SWIDTH 687 0
DWIDTH 11 0
BBX 8 17 1 -4
BITMAP
30
70
60
60
6E
7F
63
63
63
63
63
F3
F3
03
03
06
04
ENDCHAR
STARTCHAR 0268
ENCODING 616
SWIDTH 687 0
DWIDTH 11 0
BBX 7 13 2 0
BITMAP
18
18
18
00
F8
F8
18
7C
7C
18
18
FE
FE
ENDCHAR
STARTCHAR 0269
ENCODING 617
SWIDTH 625 0
DWIDTH 10 0
BBX 8 9 1 0
BITMAP
F8
F8
18
18
18
18
18
1F
0F
ENDCHAR
STARTCHAR 026A
ENCODING 618
SWIDTH 687 0
DWIDTH 11 0
BBX 5 9 3 0
BITMAP
F8
F8
60
60
60
60
60
F8
F8
ENDCHAR
STARTCHAR 026B
ENCODING 619
SWIDTH 687 0
DWIDTH 11 0
BBX 7 13 2 0
BITMAP
F8
F8
18
18
18
7A
7E
5C
18
18
18
FE
FE
ENDCHAR
STARTCHAR 026C
ENCODING 620
SWIDTH 687 0
DWIDTH 11 0
BBX 7 13 2 0
BITMAP
F8
F8
18
18
78
F8
D8
FC
7C
18
18
FE
FE
ENDCHAR
STARTCHAR 026D
ENCODING 621
SWIDTH 625 0
DWIDTH 10 0
BBX 7 17 1 -4
BITMAP
F8
F8
18
18
18
18
18
18
18
18
18
18
18
18
18
1E
0E
ENDCHAR
STARTCHAR 026E
ENCODING 622
SWIDTH 687 0
DWIDTH 11 0
BBX 9 17 1 -4
BITMAP
E000
E000
6000
6000
7F00
7F00
6300
6600
6C00
6E00
6F00
6180
6180
0180
6180
7F00
3E00
ENDCHAR
STARTCHAR 026F
ENCODING 623
SWIDTH 687 0
DWIDTH 11 0
BBX 10 9 0 0
BITMAP
ECC0
ECC0
6CC0
6CC0
6CC0
6CC0
6CC0
6FC0
37C0
ENDCHAR
STARTCHAR 0270
ENCODING 624
SWIDTH 687 0
DWIDTH 11 0
BBX 10 13 0 -4
BITMAP
ECC0
ECC0
6CC0
6CC0
6CC0
6CC0
6CC0
7FC0
37C0
00C0
00C0
03C0
03C0
ENDCHAR
STARTCHAR 0271
ENCODING 625
SWIDTH 687 0
DWIDTH 11 0
BBX 10 13 0 -4
BITMAP
FB80
FFC0
6CC0
6CC0
6CC0
6CC0
6CC0
ECC0
ECC0
00C0
00C0
0380
0300
ENDCHAR
STARTCHAR 0272
ENCODING 626
SWIDTH 687 0
DWIDTH 11 0
BBX 10 13 0 -4
BITMAP
7700
7F80
3180
3180
3180
3180
3180
33C0
33C0
3000
3000
E000
C000
ENDCHAR
STARTCHAR 0273
ENCODING 627
SWIDTH 687 0
DWIDTH 11 0
BBX 10 13 1 -4
BITMAP
EE00
FF00
6300
6300
6300
6300
6300
F300
F300
0300
0300
01C0
00C0
ENDCHAR
STARTCHAR 0274
ENCODING 628
SWIDTH 687 0
DWIDTH 11 0
BBX 9 9 1 0
BITMAP
E780
F780
7300
7B00
6B00
6F00
6700
F700
F300
ENDCHAR
STARTCHAR 0275
ENCODING 629
SWIDTH 625 0
DWIDTH 10 0
BBX 8 9 1 0
BITMAP
3C
7E
C6
FF
FF
C2
C6
7E
3C
ENDCHAR
STARTCHAR 0276
ENCODING 630
SWIDTH 687 0
DWIDTH 11 0
BBX 9 9 1 0
BITMAP
7F80
FF80
CD80
CF00
CF00
CC00
CD80
FF80
7F80
ENDCHAR
STARTCHAR 0277
ENCODING 631
SWIDTH 625 0
DWIDTH 10 0
BBX 8 9 1 0
BITMAP
3C
7E
E7
DB
DB
DB
DB
FF
66
ENDCHAR
STARTCHAR 0278
ENCODING 632
SWIDTH 687 0
DWIDTH 11 0
BBX 9 17 1 -4
BITMAP
3E00
3E00
1800
1800
7E00
FF00
D980
D980
D980
D980
D980
FF00
7E00
1800
1800
3E00
3E00
ENDCHAR
STARTCHAR 0279
ENCODING 633
SWIDTH 750 0
DWIDTH 12 0
BBX 8 9 2 0
BITMAP
3F
3F
0C
0C
0C
0C
CC
FF
EF
ENDCHAR
STARTCHAR 027A
ENCODING 634
SWIDTH 750 0
DWIDTH 12 0
BBX 8 13 2 0
BITMAP
3F
3F
0C
0C
0C
0C
0C
0C
0C
0C
CC
FF
EF
ENDCHAR
STARTCHAR 027B
ENCODING 635
SWIDTH 687 0
DWIDTH 11 0
BBX 7 13 2 -4
BITMAP
3E
3E
0C
0C
0C
0C
CC
FC
EC
0C
0C
0E
02
ENDCHAR
STARTCHAR 027C
ENCODING 636
SWIDTH 687 0
DWIDTH 11 0
BBX 7 13 2 -4
BITMAP
F6
FE
36
30
30
30
30
30
30
30
30
F8
F8
ENDCHAR
STARTCHAR 027D
ENCODING 637
SWIDTH 687 0
DWIDTH 11 0
BBX 8 13 2 -4
BITMAP
F6
FF
33
30
30
30
30
30
30
30
30
38
08
ENDCHAR
STARTCHAR 027E
ENCODING 638
SWIDTH 625 0
DWIDTH 10 0
BBX 5 9 2 0
BITMAP
18
38
60
60
60
60
60
F8
F8
ENDCHAR
STARTCHAR 027F
ENCODING 639
SWIDTH 625 0
DWIDTH 10 0
BBX 6 13 2 -4
BITMAP
E0
F8
18
18
18
18
18
18
18
18
18
7C
7C
ENDCHAR
STARTCHAR 0280
ENCODING 640
SWIDTH 687 0
DWIDTH 11 0
BBX 9 9 1 0
BITMAP
FE00
FF00
6300
6300
7F00
7E00
6600
F780
F380
ENDCHAR
STARTCHAR 0281
ENCODING 641
SWIDTH 687 0
DWIDTH 11 0
BBX 9 9 1 0
BITMAP
F380
F780
6600
7E00
7F00
6300
6300
FF00
FE00
ENDCHAR
STARTCHAR 0282
ENCODING 642
SWIDTH 687 0
DWIDTH 11 0
BBX 7 13 2 -4
BITMAP
7E
FE
C6
E0
7C
0E
C2
FE
FC
C0
C0
E0
20
ENDCHAR
STARTCHAR 0283
ENCODING 643
SWIDTH 625 0
DWIDTH 10 0
BBX 6 17 2 -4
BITMAP
1C
1C
30
30
30
30
30
30
30
30
30
30
30
30
30
E0
E0
ENDCHAR
STARTCHAR 0284
ENCODING 644
SWIDTH 687 0
DWIDTH 11 0
BBX 9 17 0 -4
BITMAP
0180
0380
0300
0300
0700
0700
0300
0300
0F80
0F80
0300
0300
0300
0300
E300
7E00
3C00
ENDCHAR
STARTCHAR 0285
ENCODING 645
SWIDTH 625 0
DWIDTH 10 0
BBX 6 13 2 -4
BITMAP
E0
E0
30
30
30
30
30
30
30
30
30
1C
1C
ENDCHAR
STARTCHAR 0286
ENCODING 646
SWIDTH 625 0
DWIDTH 10 0
BBX 9 17 0 -4
BITMAP
0700
0700
0C00
0C00
0C00
0C00
0C00
0C00
0C00
0C00
0C00
3C00
7C00
4F00
CF00
7D80
7880
ENDCHAR
STARTCHAR 0287
ENCODING 647
SWIDTH 687 0
DWIDTH 11 0
BBX 8 13 1 -4
BITMAP
78
7C
CC
0C
0C
0C
0C
7F
7F
0C
0C
0C
0C
ENDCHAR
STARTCHAR 0288
ENCODING 648
SWIDTH 687 0
DWIDTH 11 0
BBX 9 17 1 -4
BITMAP
1800
1800
1800
1800
FF80
FF80
1800
1800
1800
1800
1800
1800
1800
1800
1C00
0E00
0600
ENDCHAR
STARTCHAR 0289
ENCODING 649
SWIDTH 687 0
DWIDTH 11 0
BBX 9 9 1 0
BITMAP
E700
E700
6300
6300
FF80
FF80
6300
7F80
3B80
ENDCHAR
STARTCHAR 028A
ENCODING 650
SWIDTH 687 0
DWIDTH 11 0
BBX 7 9 2 0
BITMAP
EE
EE
EE
C6
C6
C6
C6
7C
38
ENDCHAR
STARTCHAR 028B
ENCODING 651
SWIDTH 687 0
DWIDTH 11 0
BBX 8 9 1 0
BITMAP
F6
F7
63
63
63
63
63
3E
1C
ENDCHAR
STARTCHAR 028C
ENCODING 652
SWIDTH 687 0
DWIDTH 11 0
BBX 9 9 1 0
BITMAP
0800
1C00
1400
1400
3600
3600
3600
F780
F780
ENDCHAR
STARTCHAR 028D
ENCODING 653
SWIDTH 750 0
DWIDTH 12 0
BBX 10 9 1 0
BITMAP
3300
3300
3300
7F80
6D80
6D80
6C80
E1C0
E1C0
ENDCHAR
STARTCHAR 028E
ENCODING 654
SWIDTH 687 0
DWIDTH 11 0
BBX 9 13 1 0
BITMAP
0700
0F00
0C00
0C00
1800
1C00
1C00
3400
3600
3600
7600
F780
F780
ENDCHAR
STARTCHAR 028F
ENCODING 655
SWIDTH 687 0
DWIDTH 11 0
BBX 9 9 1 0
BITMAP
F780
F780
3600
3C00
1C00
1800
1800
3E00
3E00
ENDCHAR
STARTCHAR 0290
ENCODING 656
SWIDTH 687 0
DWIDTH 11 0
BBX 9 13 2 -4
BITMAP
FE00
FE00
CC00
1C00
3800
7000
6600
FE00
FE00
0600
0600
0780
0380
ENDCHAR
STARTCHAR 0291
ENCODING 657
SWIDTH 687 0
DWIDTH 11 0
BBX 8 11 2 -2
BITMAP
FF
FF
C6
0C
18
37
6D
FF
FF
10
30
ENDCHAR
STARTCHAR 0292
ENCODING 658
SWIDTH 687 0
DWIDTH 11 0
BBX 8 13 2 -4
BITMAP
FE
FE
CC
1C
38
3C
3E
03
03
03
C3
FE
7C
ENDCHAR
STARTCHAR 0293
ENCODING 659
SWIDTH 687 0
DWIDTH 11 0
BBX 9 13 2 -4
BITMAP
FE00
FE00
CC00
1800
3000
3C00
3E00
0600
7600
FE00
C700
FF80
7900
ENDCHAR
STARTCHAR 0294
ENCODING 660
SWIDTH 687 0
DWIDTH 11 0
BBX 7 13 2 0
BITMAP
78
FC
C6
06
06
0E
0C
18
30
30
30
7C
7C
ENDCHAR
STARTCHAR 0295
ENCODING 661
SWIDTH 687 0
DWIDTH 11 0
BBX 7 13 2 0
BITMAP
3C
7E
C6
C0
C0
E0
60
30
18
18
18
7C
7C
ENDCHAR
STARTCHAR 0296
ENCODING 662
SWIDTH 687 0
DWIDTH 11 0
BBX 7 13 2 0
BITMAP
7C
7C
30
30
30
18
0C
0E
06
06
C6
FC
78
ENDCHAR
STARTCHAR 0297
ENCODING 663
SWIDTH 687 0
DWIDTH 11 0
BBX 8 13 1 -4
BITMAP
7B
7F
C3
C0
C0
C0
C0
C0
C0
C0
C7
7E
3C
ENDCHAR
STARTCHAR 0298
ENCODING 664
SWIDTH 625 0
DWIDTH 10 0
BBX 8 13 1 0
BITMAP
3C
7E
C3
C3
C3
DB
DB
DB
C3
C3
C3
7E
3C
ENDCHAR
STARTCHAR 0299
ENCODING 665
SWIDTH 687 0
DWIDTH 11 0
BBX 8 9 1 0
BITMAP
FE
FF
63
7F
7F
63
61
FF
FE
ENDCHAR
STARTCHAR 029A
ENCODING 666
SWIDTH 625 0
DWIDTH 10 0
BBX 7 9 2 0
BITMAP
78
FC
C6
F6
F6
C6
86
FC
78
ENDCHAR
STARTCHAR 029B
ENCODING 667
SWIDTH 687 0
DWIDTH 11 0
BBX 9 13 1 0
BITMAP
0180
0380
0600
0600
3E00
7E00
C600
C000
CF80
CF80
C600
FE00
7600
ENDCHAR
STARTCHAR 029C
ENCODING 668
SWIDTH 687 0
DWIDTH 11 0
BBX 9 9 1 0
BITMAP
F780
F780
6300
7F00
7F00
6300
6300
F780
F780
ENDCHAR
STARTCHAR 029D
ENCODING 669
SWIDTH 625 0
DWIDTH 10 0
BBX 8 17 2 -4
BITMAP
18
18
18
00
78
78
18
18
18
18
18
78
F8
9C
9E
FB
71
ENDCHAR
STARTCHAR 029E
ENCODING 670
SWIDTH 625 0
DWIDTH 10 0
BBX 9 13 0 -4
BITMAP
E380
F380
1B00
1F00
0F00
0F00
1B00
F300
F300
0300
0300
0780
0780
ENDCHAR
STARTCHAR 029F
ENCODING 671
SWIDTH 750 0
DWIDTH 12 0
BBX 8 9 2 0
BITMAP
F0
F0
60
60
60
60
63
FF
FF
ENDCHAR
STARTCHAR 02A0
ENCODING 672
SWIDTH 625 0
DWIDTH 10 0
BBX 9 16 1 -4
BITMAP
0380
0780
0600
7600
FE00
C600
C600
C600
C600
C600
FE00
7600
0600
0600
0F00
0F00
ENDCHAR
STARTCHAR 02A1
ENCODING 673
SWIDTH 687 0
DWIDTH 11 0
BBX 7 13 2 0
BITMAP
78
FC
C6
06
06
0E
1C
18
7C
7C
30
7C
7C
ENDCHAR
STARTCHAR 02A2
ENCODING 674
SWIDTH 687 0
DWIDTH 11 0
BBX 7 13 2 0
BITMAP
3C
7E
C6
C0
C0
E0
70
30
7C
7C
18
7C
7C
ENDCHAR
STARTCHAR 02A3
ENCODING 675
SWIDTH 625 0
DWIDTH 10 0
BBX 8 13 1 0
BITMAP
18
18
18
18
7F
FF
DB
DA
DA
DC
DD
FF
7F
ENDCHAR
STARTCHAR 02A4
ENCODING 676
SWIDTH 687 0
DWIDTH 11 0
BBX 9 17 1 -4
BITMAP
1800
1800
1800
1800
7F00
FF00
DB00
DA00
DA00
DB00
DB80
F980
5980
0180
0D80
0F80
0700
ENDCHAR
STARTCHAR 02A5
ENCODING 677
SWIDTH 625 0
DWIDTH 10 0
BBX 8 14 1 -2
BITMAP
18
18
18
18
7F
FF
DB
DA
DA
DF
DF
FF
7F
04
ENDCHAR
STARTCHAR 02A6
ENCODING 678
SWIDTH 625 0
DWIDTH 10 0
BBX 9 13 0 0
BITMAP
3000
3000
3000
3000
FF80
FF80
3480
3200
3300
3180
3080
3F80
1F00
ENDCHAR
STARTCHAR 02A7
ENCODING 679
SWIDTH 687 0
DWIDTH 11 0
BBX 9 17 1 -4
BITMAP
6380
6380
6600
6600
FE00
FE00
6600
6600
6600
6600
7600
7600
3600
0600
0600
0E00
0C00
ENDCHAR
STARTCHAR 02A8
ENCODING 680
SWIDTH 687 0
DWIDTH 11 0
BBX 10 13 0 -1
BITMAP
3000
3000
3000
3000
FF40
FFC0
36C0
3600
3680
3780
3640
3F80
1F80
ENDCHAR
STARTCHAR 02A9
ENCODING 681
SWIDTH 625 0
DWIDTH 10 0
BBX 8 17 1 -4
BITMAP
20
70
70
60
FE
FF
7B
7B
7B
7B
7B
FF
FF
03
03
07
06
ENDCHAR
STARTCHAR 02AA
ENCODING 682
SWIDTH 625 0
DWIDTH 10 0
BBX 10 13 -1 0
BITMAP
F000
F000
3000
3000
31C0
33C0
3240
3300
3180
30C0
3040
3FC0
1F80
ENDCHAR
STARTCHAR 02AB
ENCODING 683
SWIDTH 625 0
DWIDTH 10 0
BBX 10 13 -1 0
BITMAP
F000
F000
3000
3000
33C0
33C0
32C0
3080
3180
3100
3340
3FC0
1FC0
ENDCHAR
STARTCHAR 02AC
ENCODING 684
SWIDTH 750 0
DWIDTH 12 0
BBX 10 13 1 0
BITMAP
E1C0
E1C0
6D80
7F80
3300
3300
0000
E1C0
E1C0
6D80
7F80
3300
3300
ENDCHAR
STARTCHAR 02AD
ENCODING 685
SWIDTH 687 0
DWIDTH 11 0
BBX 7 10 2 1
BITMAP
FE
FE
C6
C6
00
00
FE
FE
C6
C6
ENDCHAR
STARTCHAR 02AE
ENCODING 686
SWIDTH 687 0
DWIDTH 11 0
BBX 10 13 0 -4
BITMAP
E380
F380
3180
3180
3180
3180
3180
3F80
1D80
0180
0180
03C0
03C0
ENDCHAR
STARTCHAR 02AF
ENCODING 687
SWIDTH 687 0
DWIDTH 11 0
BBX 11 13 0 -4
BITMAP
E380
F380
3180
3180
3180
3180
3180
3F80
1D80
0180
0180
01E0
00E0
ENDCHAR
STARTCHAR 02B0
ENCODING 688
SWIDTH 687 0
DWIDTH 11 0
BBX 7 8 2 5
BITMAP
C0
40
58
6C
44
44
44
EE
ENDCHAR
STARTCHAR 02B1
ENCODING 689
SWIDTH 687 0
DWIDTH 11 0
BBX 7 8 2 5
BITMAP
60
40
58
6C
44
44
44
EE
ENDCHAR
STARTCHAR 02B2
ENCODING 690
SWIDTH 687 0
DWIDTH 11 0
BBX 5 11 2 3
BITMAP
18
18
00
38
08
08
08
08
08
D8
70
ENDCHAR
STARTCHAR 02B3
ENCODING 691
SWIDTH 625 0
DWIDTH 10 0
BBX 6 6 2 5
BITMAP
DC
64
40
40
40
F0
ENDCHAR
STARTCHAR 02B4
ENCODING 692
SWIDTH 687 0
DWIDTH 11 0
BBX 7 6 2 5
BITMAP
3E
08
08
08
98
EE
ENDCHAR
STARTCHAR 02B5
ENCODING 693
SWIDTH 625 0
DWIDTH 10 0
BBX 6 8 2 3
BITMAP
3C
08
08
08
98
E8
08
0C
ENDCHAR
STARTCHAR 02B6
ENCODING 694
SWIDTH 687 0
DWIDTH 11 0
BBX 7 6 2 5
BITMAP
CE
58
7C
44
44
FC
ENDCHAR
STARTCHAR 02B7
ENCODING 695
SWIDTH 687 0
DWIDTH 11 0
BBX 7 6 2 5
BITMAP
C6
44
54
6C
6C
6C
ENDCHAR
STARTCHAR 02B8
ENCODING 696
SWIDTH 687 0
DWIDTH 11 0
BBX 7 8 2 3
BITMAP
EE
6C
28
28
38
10
30
60
ENDCHAR
STARTCHAR 02B9
ENCODING 697
SWIDTH 687 0
DWIDTH 11 0
BBX 4 6 3 8
BITMAP
30
30
70
60
60
C0
ENDCHAR
STARTCHAR 02BA
ENCODING 698
SWIDTH 687 0
DWIDTH 11 0
BBX 7 6 2 8
BITMAP
76
6E
6C
CC
CC
D8
ENDCHAR
STARTCHAR 02BB
ENCODING 699
SWIDTH 687 0
DWIDTH 11 0
BBX 3 6 4 7
BITMAP
20
60
C0
E0
E0
E0
ENDCHAR
STARTCHAR 02BC
ENCODING 700
SWIDTH 687 0
DWIDTH 11 0
BBX 3 6 4 7
BITMAP
E0
E0
E0
40
C0
80
ENDCHAR
STARTCHAR 02BD
ENCODING 701
SWIDTH 687 0
DWIDTH 11 0
BBX 3 6 4 7
BITMAP
E0
E0
E0
C0
60
20
ENDCHAR
STARTCHAR 02BE
ENCODING 702
SWIDTH 687 0
DWIDTH 11 0
BBX 3 6 4 7
BITMAP
C0
E0
60
60
E0
C0
ENDCHAR
STARTCHAR 02BF
ENCODING 703
SWIDTH 687 0
DWIDTH 11 0
BBX 3 6 4 7
BITMAP
60
E0
C0
C0
E0
60
ENDCHAR
STARTCHAR 02C0
ENCODING 704
SWIDTH 687 0
DWIDTH 11 0
BBX 6 6 3 9
BITMAP
78
FC
8C
0C
38
20
ENDCHAR
STARTCHAR 02C1
ENCODING 705
SWIDTH 625 0
DWIDTH 10 0
BBX 6 6 2 9
BITMAP
78
F8
CC
C0
70
30
ENDCHAR
STARTCHAR 02C2
ENCODING 706
SWIDTH 687 0
DWIDTH 11 0
BBX 4 3 3 10
BITMAP
30
C0
70
ENDCHAR
STARTCHAR 02C3
ENCODING 707
SWIDTH 687 0
DWIDTH 11 0
BBX 4 3 3 10
BITMAP
C0
30
E0
ENDCHAR
STARTCHAR 02C4
ENCODING 708
SWIDTH 687 0
DWIDTH 11 0
BBX 4 3 3 10
BITMAP
70
F0
90
ENDCHAR
STARTCHAR 02C5
ENCODING 709
SWIDTH 687 0
DWIDTH 11 0
BBX 4 3 3 10
BITMAP
90
F0
70
ENDCHAR
STARTCHAR 02C6
ENCODING 710
SWIDTH 687 0
DWIDTH 11 0
BBX 5 3 3 10
BITMAP
70
D0
88
ENDCHAR
STARTCHAR 02C7
ENCODING 711
SWIDTH 687 0
DWIDTH 11 0
BBX 5 3 3 10
BITMAP
88
D8
70
ENDCHAR
STARTCHAR 02C8
ENCODING 712
SWIDTH 625 0
DWIDTH 10 0
BBX 2 6 4 8
BITMAP
C0
C0
C0
C0
C0
C0
ENDCHAR
STARTCHAR 02C9
ENCODING 713
SWIDTH 625 0
DWIDTH 10 0
BBX 6 2 2 11
BITMAP
FC
FC
ENDCHAR
STARTCHAR 02CA
ENCODING 714
SWIDTH 687 0
DWIDTH 11 0
BBX 3 3 4 10
BITMAP
20
60
C0
ENDCHAR
STARTCHAR 02CB
ENCODING 715
SWIDTH 687 0
DWIDTH 11 0
BBX 3 3 3 10
BITMAP
C0
E0
20
ENDCHAR
STARTCHAR 02CC
ENCODING 716
SWIDTH 625 0
DWIDTH 10 0
BBX 2 6 4 -4
BITMAP
C0
C0
C0
C0
C0
C0
ENDCHAR
STARTCHAR 02CD
ENCODING 717
SWIDTH 625 0
DWIDTH 10 0
BBX 6 2 2 -3
BITMAP
FC
FC
ENDCHAR
STARTCHAR 02CE
ENCODING 718
SWIDTH 687 0
DWIDTH 11 0
BBX 3 3 4 -4
BITMAP
C0
60
20
ENDCHAR
STARTCHAR 02CF
ENCODING 719
SWIDTH 687 0
DWIDTH 11 0
BBX 3 3 3 -4
BITMAP
20
60
C0
ENDCHAR
STARTCHAR 02D0
ENCODING 720
SWIDTH 687 0
DWIDTH 11 0
BBX 3 9 4 0
BITMAP
E0
C0
40
40
00
40
40
C0
E0
ENDCHAR
STARTCHAR 02D1
ENCODING 721
SWIDTH 687 0
DWIDTH 11 0
BBX 3 4 4 5
BITMAP
E0
C0
40
40
ENDCHAR
STARTCHAR 02D2
ENCODING 722
SWIDTH 625 0
DWIDTH 10 0
BBX 1 4 4 3
BITMAP
80
80
80
80
ENDCHAR
STARTCHAR 02D3
ENCODING 723
SWIDTH 625 0
DWIDTH 10 0
BBX 2 4 4 3
BITMAP
C0
80
80
C0
ENDCHAR
STARTCHAR 02D4
ENCODING 724
SWIDTH 625 0
DWIDTH 10 0
BBX 4 4 3 3
BITMAP
60
60
F0
F0
ENDCHAR
STARTCHAR 02D5
ENCODING 725
SWIDTH 625 0
DWIDTH 10 0
BBX 4 5 3 2
BITMAP
F0
F0
60
60
60
ENDCHAR
STARTCHAR 02D6
ENCODING 726
SWIDTH 625 0
DWIDTH 10 0
BBX 4 4 3 3
BITMAP
60
F0
F0
60
ENDCHAR
STARTCHAR 02D7
ENCODING 727
SWIDTH 625 0
DWIDTH 10 0
BBX 4 2 3 4
BITMAP
F0
F0
ENDCHAR
STARTCHAR 02D8
ENCODING 728
SWIDTH 687 0
DWIDTH 11 0
BBX 6 3 2 10
BITMAP
C4
FC
78
ENDCHAR
STARTCHAR 02D9
ENCODING 729
SWIDTH 625 0
DWIDTH 10 0
BBX 2 3 4 10
BITMAP
C0
C0
C0
ENDCHAR
STARTCHAR 02DA
ENCODING 730
SWIDTH 687 0
DWIDTH 11 0
BBX 4 3 4 10
BITMAP
E0
B0
E0
ENDCHAR
STARTCHAR 02DB
ENCODING 731
SWIDTH 687 0
DWIDTH 11 0
BBX 3 4 3 -4
BITMAP
40
C0
E0
60
ENDCHAR
STARTCHAR 02DC
ENCODING 732
SWIDTH 687 0
DWIDTH 11 0
BBX 7 3 2 10
BITMAP
64
FE
9C
ENDCHAR
STARTCHAR 02DD
ENCODING 733
SWIDTH 687 0
DWIDTH 11 0
BBX 6 3 3 10
BITMAP
64
FC
98
ENDCHAR
STARTCHAR 02DE
ENCODING 734
SWIDTH 625 0
DWIDTH 10 0
BBX 13 7 -3 1
BITMAP
0300
0F00
7F00
F300
8318
01F0
01E0
ENDCHAR
STARTCHAR 02DF
ENCODING 735
SWIDTH 687 0
DWIDTH 11 0
BBX 4 3 3 10
BITMAP
D0
70
F0
ENDCHAR
STARTCHAR 02E0
ENCODING 736
SWIDTH 687 0
DWIDTH 11 0
BBX 7 8 2 3
BITMAP
EE
68
38
10
30
38
28
30
ENDCHAR
STARTCHAR 02E1
ENCODING 737
SWIDTH 687 0
DWIDTH 11 0
BBX 5 8 3 5
BITMAP
E0
20
20
20
20
20
20
F8
ENDCHAR
STARTCHAR 02E2
ENCODING 738
SWIDTH 625 0
DWIDTH 10 0
BBX 6 6 2 5
BITMAP
7C
CC
E0
38
8C
F8
ENDCHAR
STARTCHAR 02E3
ENCODING 739
SWIDTH 687 0
DWIDTH 11 0
BBX 7 6 2 5
BITMAP
EE
28
30
30
28
EE
ENDCHAR
STARTCHAR 02E4
ENCODING 740
SWIDTH 750 0
DWIDTH 12 0
BBX 6 8 3 5
BITMAP
78
CC
80
C0
60
20
20
78
ENDCHAR
STARTCHAR 02E5
ENCODING 741
SWIDTH 625 0
DWIDTH 10 0
BBX 6 13 2 0
BITMAP
FC
FC
0C
0C
0C
0C
0C
0C
0C
0C
0C
0C
0C
ENDCHAR
STARTCHAR 02E6
ENCODING 742
SWIDTH 625 0
DWIDTH 10 0
BBX 6 13 2 0
BITMAP
0C
0C
0C
FC
FC
0C
0C
0C
0C
0C
0C
0C
0C
ENDCHAR
STARTCHAR 02E7
ENCODING 743
SWIDTH 625 0
DWIDTH 10 0
BBX 6 13 2 0
BITMAP
0C
0C
0C
0C
0C
0C
FC
FC
0C
0C
0C
0C
0C
ENDCHAR
STARTCHAR 02E8
ENCODING 744
SWIDTH 625 0
DWIDTH 10 0
BBX 6 13 2 0
BITMAP
0C
0C
0C
0C
0C
0C
0C
0C
FC
FC
0C
0C
0C
ENDCHAR
STARTCHAR 02E9
ENCODING 745
SWIDTH 625 0
DWIDTH 10 0
BBX 6 13 2 0
BITMAP
0C
0C
0C
0C
0C
0C
0C
0C
0C
0C
0C
FC
FC
ENDCHAR
STARTCHAR 02EA
ENCODING 746
SWIDTH 625 0
DWIDTH 10 0
BBX 6 7 2 0
BITMAP
C0
C0
C0
C0
C0
FC
FC
ENDCHAR
STARTCHAR 02EB
ENCODING 747
SWIDTH 625 0
DWIDTH 10 0
BBX 6 6 2 0
BITMAP
C0
C0
FC
FC
C0
C0
ENDCHAR
STARTCHAR 02EC
ENCODING 748
SWIDTH 687 0
DWIDTH 11 0
BBX 5 3 3 -4
BITMAP
88
D8
70
ENDCHAR
STARTCHAR 02ED
ENCODING 749
SWIDTH 687 0
DWIDTH 11 0
BBX 7 3 2 10
BITMAP
FE
00
FE
ENDCHAR
STARTCHAR 02EE
ENCODING 750
SWIDTH 687 0
DWIDTH 11 0
BBX 8 6 2 7
BITMAP
E7
E7
E7
42
C6
84
ENDCHAR
STARTCHAR 02EF
ENCODING 751
SWIDTH 687 0
DWIDTH 11 0
BBX 4 3 3 -4
BITMAP
90
F0
70
ENDCHAR
STARTCHAR 02F0
ENCODING 752
SWIDTH 687 0
DWIDTH 11 0
BBX 4 3 3 -4
BITMAP
70
F0
90
ENDCHAR
STARTCHAR 02F1
ENCODING 753
SWIDTH 687 0
DWIDTH 11 0
BBX 4 3 3 -4
BITMAP
30
C0
70
ENDCHAR
STARTCHAR 02F2
ENCODING 754
SWIDTH 687 0
DWIDTH 11 0
BBX 4 3 3 -4
BITMAP
C0
30
E0
ENDCHAR
STARTCHAR 02F3
ENCODING 755
SWIDTH 687 0
DWIDTH 11 0
BBX 4 3 4 -4
BITMAP
E0
B0
E0
ENDCHAR
STARTCHAR 02F4
ENCODING 756
SWIDTH 687 0
DWIDTH 11 0
BBX 3 3 3 5
BITMAP
C0
60
20
ENDCHAR
STARTCHAR 02F5
ENCODING 757
SWIDTH 687 0
DWIDTH 11 0
BBX 7 4 1 4
BITMAP
08
CC
6E
22
ENDCHAR
STARTCHAR 02F6
ENCODING 758
SWIDTH 687 0
DWIDTH 11 0
BBX 6 3 3 5
BITMAP
6C
D8
90
ENDCHAR
STARTCHAR 02F7
ENCODING 759
SWIDTH 687 0
DWIDTH 11 0
BBX 7 3 2 -4
BITMAP
64
FE
9C
ENDCHAR
STARTCHAR 02F8
ENCODING 760
SWIDTH 687 0
DWIDTH 11 0
BBX 3 8 4 4
BITMAP
E0
E0
E0
00
00
E0
E0
E0
ENDCHAR
STARTCHAR 02F9
ENCODING 761
SWIDTH 625 0
DWIDTH 10 0
BBX 6 6 2 7
BITMAP
FC
FC
C0
C0
C0
C0
ENDCHAR
STARTCHAR 02FA
ENCODING 762
SWIDTH 625 0
DWIDTH 10 0
BBX 6 6 2 7
BITMAP
FC
FC
0C
0C
0C
0C
ENDCHAR
STARTCHAR 02FB
ENCODING 763
SWIDTH 625 0
DWIDTH 10 0
BBX 6 5 2 0
BITMAP
C0
C0
C0
FC
FC
ENDCHAR
STARTCHAR 02FC
ENCODING 764
SWIDTH 625 0
DWIDTH 10 0
BBX 6 5 2 0
BITMAP
0C
0C
0C
FC
FC
ENDCHAR
STARTCHAR 02FD
ENCODING 765
SWIDTH 750 0
DWIDTH 12 0
BBX 8 3 2 -3
BITMAP
C3
FF
FF
ENDCHAR
STARTCHAR 02FE
ENCODING 766
SWIDTH 687 0
DWIDTH 11 0
BBX 8 3 2 -3
BITMAP
C0
FF
FF
ENDCHAR
STARTCHAR 02FF
ENCODING 767
SWIDTH 687 0
DWIDTH 11 0
BBX 6 3 2 -4
BITMAP
40
FC
40
ENDCHAR
STARTCHAR 0300
ENCODING 768
SWIDTH 0 0
DWIDTH 0 0
BBX 3 3 -7 10
BITMAP
80
C0
60
ENDCHAR
STARTCHAR 0301
ENCODING 769
SWIDTH 0 0
DWIDTH 0 0
BBX 3 3 -6 10
BITMAP
60
E0
80
ENDCHAR
STARTCHAR 0302
ENCODING 770
SWIDTH 0 0
DWIDTH 0 0
BBX 5 3 -8 10
BITMAP
70
D8
88
ENDCHAR
STARTCHAR 0303
ENCODING 771
SWIDTH 0 0
DWIDTH 0 0
BBX 7 3 -9 10
BITMAP
72
FE
4C
ENDCHAR
STARTCHAR 0304
ENCODING 772
SWIDTH 0 0
DWIDTH 0 0
BBX 6 2 -8 11
BITMAP
FC
FC
ENDCHAR
STARTCHAR 0305
ENCODING 773
SWIDTH 0 0
DWIDTH 0 0
BBX 11 2 -10 11
BITMAP
FFE0
FFE0
ENDCHAR
STARTCHAR 0306
ENCODING 774
SWIDTH 0 0
DWIDTH 0 0
BBX 6 3 -8 10
BITMAP
8C
FC
78
ENDCHAR
STARTCHAR 0307
ENCODING 775
SWIDTH 0 0
DWIDTH 0 0
BBX 2 3 -6 10
BITMAP
C0
C0
C0
ENDCHAR
STARTCHAR 0308
ENCODING 776
SWIDTH 0 0
DWIDTH 0 0
BBX 6 3 -8 10
BITMAP
CC
CC
CC
ENDCHAR
STARTCHAR 0309
ENCODING 777
SWIDTH 0 0
DWIDTH 0 0
BBX 4 3 -7 10
BITMAP
E0
10
60
ENDCHAR
STARTCHAR 030A
ENCODING 778
SWIDTH 0 0
DWIDTH 0 0
BBX 4 3 -7 10
BITMAP
E0
B0
E0
ENDCHAR
STARTCHAR 030B
ENCODING 779
SWIDTH 0 0
DWIDTH 0 0
BBX 6 3 -8 10
BITMAP
24
6C
D8
ENDCHAR
STARTCHAR 030C
ENCODING 780
SWIDTH 0 0
DWIDTH 0 0
BBX 5 3 -8 10
BITMAP
88
58
70
ENDCHAR
STARTCHAR 030D
ENCODING 781
SWIDTH 0 0
DWIDTH 0 0
BBX 2 2 -6 10
BITMAP
C0
C0
ENDCHAR
STARTCHAR 030E
ENCODING 782
SWIDTH 0 0
DWIDTH 0 0
BBX 5 2 -7 10
BITMAP
D8
D8
ENDCHAR
STARTCHAR 030F
ENCODING 783
SWIDTH 0 0
DWIDTH 0 0
BBX 6 3 -9 10
BITMAP
98
FC
64
ENDCHAR
STARTCHAR 0310
ENCODING 784
SWIDTH 0 0
DWIDTH 0 0
BBX 5 3 -8 10
BITMAP
30
A8
70
ENDCHAR
STARTCHAR 0311
ENCODING 785
SWIDTH 0 0
DWIDTH 0 0
BBX 6 3 -8 10
BITMAP
70
FC
8C
ENDCHAR
STARTCHAR 0312
ENCODING 786
SWIDTH 0 0
DWIDTH 0 0
BBX 2 3 -6 11
BITMAP
C0
C0
C0
ENDCHAR
STARTCHAR 0313
ENCODING 787
SWIDTH 0 0
DWIDTH 0 0
BBX 2 3 -6 9
BITMAP
C0
C0
C0
ENDCHAR
STARTCHAR 0314
ENCODING 788
SWIDTH 0 0
DWIDTH 0 0
BBX 2 3 -6 9
BITMAP
C0
C0
C0
ENDCHAR
STARTCHAR 0315
ENCODING 789
SWIDTH 0 0
DWIDTH 0 0
BBX 2 3 -1 9
BITMAP
C0
C0
C0
ENDCHAR
STARTCHAR 0316
ENCODING 790
SWIDTH 0 0
DWIDTH 0 0
BBX 3 3 -6 -4
BITMAP
80
C0
60
ENDCHAR
STARTCHAR 0317
ENCODING 791
SWIDTH 0 0
DWIDTH 0 0
BBX 3 3 -7 -4
BITMAP
60
C0
80
ENDCHAR
STARTCHAR 0318
ENCODING 792
SWIDTH 0 0
DWIDTH 0 0
BBX 4 2 -7 -4
BITMAP
F0
F0
ENDCHAR
STARTCHAR 0319
ENCODING 793
SWIDTH 0 0
DWIDTH 0 0
BBX 4 2 -7 -4
BITMAP
F0
F0
ENDCHAR
STARTCHAR 031A
ENCODING 794
SWIDTH 0 0
DWIDTH 0 0
BBX 5 3 -3 10
BITMAP
F8
F8
18
ENDCHAR
STARTCHAR 031B
ENCODING 795
SWIDTH 0 0
DWIDTH 0 0
BBX 3 4 -1 8
BITMAP
60
60
20
C0
ENDCHAR
STARTCHAR 031C
ENCODING 796
SWIDTH 0 0
DWIDTH 0 0
BBX 2 4 -6 -4
BITMAP
C0
80
80
C0
ENDCHAR
STARTCHAR 031D
ENCODING 797
SWIDTH 0 0
DWIDTH 0 0
BBX 4 3 -7 -3
BITMAP
60
F0
F0
ENDCHAR
STARTCHAR 031E
ENCODING 798
SWIDTH 0 0
DWIDTH 0 0
BBX 4 3 -7 -4
BITMAP
F0
F0
60
ENDCHAR
STARTCHAR 031F
ENCODING 799
SWIDTH 0 0
DWIDTH 0 0
BBX 4 2 -7 -4
BITMAP
F0
F0
ENDCHAR
STARTCHAR 0320
ENCODING 800
SWIDTH 0 0
DWIDTH 0 0
BBX 4 2 -7 -3
BITMAP
F0
F0
ENDCHAR
STARTCHAR 0321
ENCODING 801
SWIDTH 0 0
DWIDTH 0 0
BBX 4 5 -4 -4
BITMAP
30
30
30
E0
E0
ENDCHAR
STARTCHAR 0322
ENCODING 802
SWIDTH 0 0
DWIDTH 0 0
BBX 4 4 -2 -4
BITMAP
C0
C0
F0
70
ENDCHAR
STARTCHAR 0323
ENCODING 803
SWIDTH 0 0
DWIDTH 0 0
BBX 2 3 -6 -4
BITMAP
C0
C0
C0
ENDCHAR
STARTCHAR 0324
ENCODING 804
SWIDTH 0 0
DWIDTH 0 0
BBX 6 3 -8 -4
BITMAP
CC
CC
CC
ENDCHAR
STARTCHAR 0325
ENCODING 805
SWIDTH 0 0
DWIDTH 0 0
BBX 4 3 -7 -4
BITMAP
E0
B0
E0
ENDCHAR
STARTCHAR 0326
ENCODING 806
SWIDTH 0 0
DWIDTH 0 0
BBX 2 3 -6 -5
BITMAP
C0
C0
C0
ENDCHAR
STARTCHAR 0327
ENCODING 807
SWIDTH 0 0
DWIDTH 0 0
BBX 4 4 -7 -4
BITMAP
60
70
F0
F0
ENDCHAR
STARTCHAR 0328
ENCODING 808
SWIDTH 0 0
DWIDTH 0 0
BBX 3 4 -7 -4
BITMAP
40
C0
E0
60
ENDCHAR
STARTCHAR 0329
ENCODING 809
SWIDTH 0 0
DWIDTH 0 0
BBX 2 2 -6 -4
BITMAP
C0
C0
ENDCHAR
STARTCHAR 032A
ENCODING 810
SWIDTH 0 0
DWIDTH 0 0
BBX 6 3 -8 -4
BITMAP
FC
FC
CC
ENDCHAR
STARTCHAR 032B
ENCODING 811
SWIDTH 0 0
DWIDTH 0 0
BBX 3 4 -7 -5
BITMAP
A0
E0
E0
E0
ENDCHAR
STARTCHAR 032C
ENCODING 812
SWIDTH 0 0
DWIDTH 0 0
BBX 5 3 -8 -4
BITMAP
88
58
70
ENDCHAR
STARTCHAR 032D
ENCODING 813
SWIDTH 0 0
DWIDTH 0 0
BBX 5 3 -8 -4
BITMAP
70
D8
88
ENDCHAR
STARTCHAR 032E
ENCODING 814
SWIDTH 0 0
DWIDTH 0 0
BBX 6 3 -8 -4
BITMAP
8C
FC
78
ENDCHAR
STARTCHAR 032F
ENCODING 815
SWIDTH 0 0
DWIDTH 0 0
BBX 6 3 -8 -4
BITMAP
70
FC
8C
ENDCHAR
STARTCHAR 0330
ENCODING 816
SWIDTH 0 0
DWIDTH 0 0
BBX 7 3 -9 -4
BITMAP
72
FE
4C
ENDCHAR
STARTCHAR 0331
ENCODING 817
SWIDTH 0 0
DWIDTH 0 0
BBX 6 2 -8 -3
BITMAP
FC
FC
ENDCHAR
STARTCHAR 0332
ENCODING 818
SWIDTH 0 0
DWIDTH 0 0
BBX 11 2 -10 -3
BITMAP
FFE0
FFE0
ENDCHAR
STARTCHAR 0333
ENCODING 819
SWIDTH 0 0
DWIDTH 0 0
BBX 11 3 -11 -4
BITMAP
FFE0
0000
FFE0
ENDCHAR
STARTCHAR 0334
ENCODING 820
SWIDTH 0 0
DWIDTH 0 0
BBX 6 3 -8 3
BITMAP
60
FC
B8
ENDCHAR
STARTCHAR 0335
ENCODING 821
SWIDTH 0 0
DWIDTH 0 0
BBX 5 2 -8 4
BITMAP
F8
F8
ENDCHAR
STARTCHAR 0336
ENCODING 822
SWIDTH 0 0
DWIDTH 0 0
BBX 11 2 -10 4
BITMAP
FFE0
FFE0
ENDCHAR
STARTCHAR 0337
ENCODING 823
SWIDTH 0 0
DWIDTH 0 0
BBX 6 11 -8 -1
BITMAP
04
0C
08
10
10
20
20
40
40
80
80
ENDCHAR
STARTCHAR 0338
ENCODING 824
SWIDTH 0 0
DWIDTH 0 0
BBX 6 15 -8 -3
BITMAP
04
0C
08
08
10
10
10
20
20
60
40
40
C0
80
80
ENDCHAR
STARTCHAR 0339
ENCODING 825
SWIDTH 0 0
DWIDTH 0 0
BBX 1 4 -6 -4
BITMAP
80
80
80
80
ENDCHAR
STARTCHAR 033A
ENCODING 826
SWIDTH 0 0
DWIDTH 0 0
BBX 6 3 -8 -3
BITMAP
CC
FC
FC
ENDCHAR
STARTCHAR 033B
ENCODING 827
SWIDTH 0 0
DWIDTH 0 0
BBX 6 3 -8 -4
BITMAP
FC
CC
FC
ENDCHAR
STARTCHAR 033C
ENCODING 828
SWIDTH 0 0
DWIDTH 0 0
BBX 5 2 -8 -3
BITMAP
F8
A8
ENDCHAR
STARTCHAR 033D
ENCODING 829
SWIDTH 0 0
DWIDTH 0 0
BBX 4 3 -7 10
BITMAP
B0
E0
F0
ENDCHAR
STARTCHAR 033E
ENCODING 830
SWIDTH 0 0
DWIDTH 0 0
BBX 2 2 -6 10
BITMAP
80
C0
ENDCHAR
STARTCHAR 033F
ENCODING 831
SWIDTH 0 0
DWIDTH 0 0
BBX 11 3 -11 10
BITMAP
FFE0
0000
FFE0
ENDCHAR
STARTCHAR 0340
ENCODING 832
SWIDTH 0 0
DWIDTH 0 0
BBX 3 3 -7 10
BITMAP
80
C0
60
ENDCHAR
STARTCHAR 0341
ENCODING 833
SWIDTH 0 0
DWIDTH 0 0
BBX 3 3 -6 10
BITMAP
60
E0
80
ENDCHAR
STARTCHAR 0342
ENCODING 834
SWIDTH 0 0
DWIDTH 0 0
BBX 6 3 -8 10
BITMAP
70
FC
8C
ENDCHAR
STARTCHAR 0343
ENCODING 835
SWIDTH 0 0
DWIDTH 0 0
BBX 2 3 -6 9
BITMAP
C0
C0
C0
ENDCHAR
STARTCHAR 0344
ENCODING 836
SWIDTH 0 0
DWIDTH 0 0
BBX 7 3 -9 10
BITMAP
18
5A
D6
ENDCHAR
STARTCHAR 0345
ENCODING 837
SWIDTH 0 0
DWIDTH 0 0
BBX 2 2 -6 -4
BITMAP
C0
C0
ENDCHAR
STARTCHAR 0346
ENCODING 838
SWIDTH 0 0
DWIDTH 0 0
BBX 6 3 -8 10
BITMAP
FC
FC
CC
ENDCHAR
STARTCHAR 0347
ENCODING 839
SWIDTH 0 0
DWIDTH 0 0
BBX 4 3 -7 -4
BITMAP
F0
00
F0
ENDCHAR
STARTCHAR 0348
ENCODING 840
SWIDTH 0 0
DWIDTH 0 0
BBX 5 2 -7 -4
BITMAP
D8
D8
ENDCHAR
STARTCHAR 0349
ENCODING 841
SWIDTH 0 0
DWIDTH 0 0
BBX 4 3 -7 -4
BITMAP
F0
F0
30
ENDCHAR
STARTCHAR 034A
ENCODING 842
SWIDTH 0 0
DWIDTH 0 0
BBX 6 3 -8 10
BITMAP
70
FC
B8
ENDCHAR
STARTCHAR 034B
ENCODING 843
SWIDTH 0 0
DWIDTH 0 0
BBX 6 4 -8 9
BITMAP
60
FC
B8
20
ENDCHAR
STARTCHAR 034C
ENCODING 844
SWIDTH 0 0
DWIDTH 0 0
BBX 7 4 -9 9
BITMAP
72
FE
7E
5C
ENDCHAR
STARTCHAR 034D
ENCODING 845
SWIDTH 0 0
DWIDTH 0 0
BBX 6 3 -8 -4
BITMAP
88
FC
88
ENDCHAR
STARTCHAR 034E
ENCODING 846
SWIDTH 0 0
DWIDTH 0 0
BBX 3 3 -7 -4
BITMAP
40
E0
40
ENDCHAR
STARTCHAR 034F
ENCODING 847
SWIDTH 0 0
DWIDTH 0 0
BBX 0 0 0 0
BITMAP
ENDCHAR
STARTCHAR 0350
ENCODING 848
SWIDTH 0 0
DWIDTH 0 0
BBX 4 3 -7 10
BITMAP
C0
30
E0
ENDCHAR
STARTCHAR 0351
ENCODING 849
SWIDTH 0 0
DWIDTH 0 0
BBX 2 4 -6 10
BITMAP
C0
80
80
C0
ENDCHAR
STARTCHAR 0352
ENCODING 850
SWIDTH 0 0
DWIDTH 0 0
BBX 5 3 -8 10
BITMAP
70
B8
30
ENDCHAR
STARTCHAR 0353
ENCODING 851
SWIDTH 0 0
DWIDTH 0 0
BBX 4 3 -7 -4
BITMAP
B0
E0
F0
ENDCHAR
STARTCHAR 0354
ENCODING 852
SWIDTH 0 0
DWIDTH 0 0
BBX 4 3 -7 -4
BITMAP
30
C0
70
ENDCHAR
STARTCHAR 0355
ENCODING 853
SWIDTH 0 0
DWIDTH 0 0
BBX 4 3 -7 -4
BITMAP
C0
30
E0
ENDCHAR
STARTCHAR 0356
ENCODING 854
SWIDTH 0 0
DWIDTH 0 0
BBX 8 4 -9 -4
BITMAP
80
F6
7F
C9
ENDCHAR
STARTCHAR 0357
ENCODING 855
SWIDTH 0 0
DWIDTH 0 0
BBX 1 4 -6 10
BITMAP
80
80
80
80
ENDCHAR
STARTCHAR 0358
ENCODING 856
SWIDTH 0 0
DWIDTH 0 0
BBX 2 2 0 9
BITMAP
C0
C0
ENDCHAR
STARTCHAR 0359
ENCODING 857
SWIDTH 0 0
DWIDTH 0 0
BBX 3 4 -7 -5
BITMAP
40
E0
E0
40
ENDCHAR
STARTCHAR 035A
ENCODING 858
SWIDTH 0 0
DWIDTH 0 0
BBX 6 3 -8 -4
BITMAP
FC
B4
FC
ENDCHAR
STARTCHAR 035B
ENCODING 859
SWIDTH 0 0
DWIDTH 0 0
BBX 4 2 -7 10
BITMAP
F0
F0
ENDCHAR
STARTCHAR 035C
ENCODING 860
SWIDTH 0 0
DWIDTH 0 0
BBX 16 4 -8 -10
BITMAP
8001
E007
7FFC
0FF0
ENDCHAR
STARTCHAR 035D
ENCODING 861
SWIDTH 0 0
DWIDTH 0 0
BBX 16 4 -8 14
BITMAP
8001
E007
7FFE
0FF0
ENDCHAR
STARTCHAR 035E
ENCODING 862
SWIDTH 0 0
DWIDTH 0 0
BBX 16 2 -8 15
BITMAP
FFFF
FFFF
ENDCHAR
STARTCHAR 035F
ENCODING 863
SWIDTH 0 0
DWIDTH 0 0
BBX 16 2 -8 -9
BITMAP
FFFF
FFFF
ENDCHAR
STARTCHAR 0360
ENCODING 864
SWIDTH 0 0
DWIDTH 0 0
BBX 16 4 -8 13
BITMAP
3E00
7F83
C1FE
007C
ENDCHAR
STARTCHAR 0361
ENCODING 865
SWIDTH 0 0
DWIDTH 0 0
BBX 16 4 -8 14
BITMAP
07E0
3FFC
F00F
C003
ENDCHAR
STARTCHAR 0362
ENCODING 866
SWIDTH 0 0
DWIDTH 0 0
BBX 16 4 -8 -11
BITMAP
0004
FFFF
FFFF
0006
ENDCHAR
STARTCHAR 0363
ENCODING 867
SWIDTH 0 0
DWIDTH 0 0
BBX 3 4 -7 10
BITMAP
E0
A0
E0
E0
ENDCHAR
STARTCHAR 0364
ENCODING 868
SWIDTH 0 0
DWIDTH 0 0
BBX 3 4 -7 10
BITMAP
C0
A0
E0
E0
ENDCHAR
STARTCHAR 0365
ENCODING 869
SWIDTH 0 0
DWIDTH 0 0
BBX 3 5 -7 10
BITMAP
40
C0
40
40
E0
ENDCHAR
STARTCHAR 0366
ENCODING 870
SWIDTH 0 0
DWIDTH 0 0
BBX 3 4 -7 10
BITMAP
E0
A0
A0
E0
ENDCHAR
STARTCHAR 0367
ENCODING 871
SWIDTH 0 0
DWIDTH 0 0
BBX 3 4 -7 10
BITMAP
A0
A0
A0
E0
ENDCHAR
STARTCHAR 0368
ENCODING 872
SWIDTH 0 0
DWIDTH 0 0
BBX 3 4 -7 10
BITMAP
60
A0
80
E0
ENDCHAR
STARTCHAR 0369
ENCODING 873
SWIDTH 0 0
DWIDTH 0 0
BBX 3 5 -7 10
BITMAP
20
E0
A0
A0
E0
ENDCHAR
STARTCHAR 036A
ENCODING 874
SWIDTH 0 0
DWIDTH 0 0
BBX 3 5 -7 10
BITMAP
80
80
E0
A0
A0
ENDCHAR
STARTCHAR 036B
ENCODING 875
SWIDTH 0 0
DWIDTH 0 0
BBX 3 4 -7 10
BITMAP
E0
E0
E0
E0
ENDCHAR
STARTCHAR 036C
ENCODING 876
SWIDTH 0 0
DWIDTH 0 0
BBX 4 4 -7 10
BITMAP
F0
50
40
E0
ENDCHAR
STARTCHAR 036D
ENCODING 877
SWIDTH 0 0
DWIDTH 0 0
BBX 4 5 -7 10
BITMAP
40
E0
40
50
60
ENDCHAR
STARTCHAR 036E
ENCODING 878
SWIDTH 0 0
DWIDTH 0 0
BBX 4 4 -7 10
BITMAP
B0
A0
60
40
ENDCHAR
STARTCHAR 036F
ENCODING 879
SWIDTH 0 0
DWIDTH 0 0
BBX 4 4 -7 10
BITMAP
B0
40
40
B0
ENDCHAR
STARTCHAR 0370
ENCODING 880
SWIDTH 625 0
DWIDTH 10 0
BBX 6 13 2 0
BITMAP
F0
F0
60
60
60
6C
7C
7C
60
60
60
F0
F0
ENDCHAR
STARTCHAR 0371
ENCODING 881
SWIDTH 687 0
DWIDTH 11 0
BBX 7 9 2 0
BITMAP
E0
E0
60
7E
7E
60
60
60
60
ENDCHAR
STARTCHAR 0372
ENCODING 882
SWIDTH 750 0
DWIDTH 12 0
BBX 8 13 2 0
BITMAP
FF
FF
DB
DB
DB
DB
DB
18
18
18
18
7C
7C
ENDCHAR
STARTCHAR 0373
ENCODING 883
SWIDTH 750 0
DWIDTH 12 0
BBX 8 13 2 -4
BITMAP
FF
FF
DB
DB
DB
DB
DB
18
18
18
18
18
18
ENDCHAR
STARTCHAR 0374
ENCODING 884
SWIDTH 687 0
DWIDTH 11 0
BBX 4 6 3 8
BITMAP
30
30
70
60
60
C0
ENDCHAR
STARTCHAR 0375
ENCODING 885
SWIDTH 687 0
DWIDTH 11 0
BBX 4 6 3 -3
BITMAP
30
30
70
60
60
C0
ENDCHAR
STARTCHAR 0376
ENCODING 886
SWIDTH 687 0
DWIDTH 11 0
BBX 9 13 1 0
BITMAP
F300
F700
6700
6700
6F00
6F00
6B00
7B00
7B00
7300
7300
7780
6780
ENDCHAR
STARTCHAR 0377
ENCODING 887
SWIDTH 687 0
DWIDTH 11 0
BBX 8 9 1 0
BITMAP
E3
E7
67
6F
6B
7B
73
73
63
ENDCHAR
STARTCHAR 037A
ENCODING 890
SWIDTH 625 0
DWIDTH 10 0
BBX 2 2 4 -4
BITMAP
C0
C0
ENDCHAR
STARTCHAR 037B
ENCODING 891
SWIDTH 625 0
DWIDTH 10 0
BBX 7 9 2 0
BITMAP
78
FC
C6
06
06
06
C6
FC
78
ENDCHAR
STARTCHAR 037C
ENCODING 892
SWIDTH 625 0
DWIDTH 10 0
BBX 7 9 1 0
BITMAP
3C
7E
C2
D8
D8
D8
C6
7E
3C
ENDCHAR
STARTCHAR 037D
ENCODING 893
SWIDTH 687 0
DWIDTH 11 0
BBX 8 9 2 0
BITMAP
3C
FE
C3
1B
1B
1B
C3
7E
3C
ENDCHAR
STARTCHAR 037E
ENCODING 894
SWIDTH 687 0
DWIDTH 11 0
BBX 3 12 4 -4
BITMAP
E0
E0
E0
00
00
00
E0
E0
E0
60
C0
C0
ENDCHAR
STARTCHAR 037F
ENCODING 895
SWIDTH 625 0
DWIDTH 10 0
BBX 7 13 1 0
BITMAP
3E
3E
06
06
06
06
06
06
06
06
C6
FC
78
ENDCHAR
STARTCHAR 0384
ENCODING 900
SWIDTH 687 0
DWIDTH 11 0
BBX 2 3 4 10
BITMAP
40
C0
C0
ENDCHAR
STARTCHAR 0385
ENCODING 901
SWIDTH 687 0
DWIDTH 11 0
BBX 7 3 2 10
BITMAP
10
B4
F6
ENDCHAR
STARTCHAR 0386
ENCODING 902
SWIDTH 687 0
DWIDTH 11 0
BBX 9 14 1 0
BITMAP
C000
C800
9C00
1C00
1400
1400
3600
3600
3E00
3E00
6300
6300
F780
F780
ENDCHAR
STARTCHAR 0387
ENCODING 903
SWIDTH 687 0
DWIDTH 11 0
BBX 3 3 4 4
BITMAP
E0
E0
E0
ENDCHAR
STARTCHAR 0388
ENCODING 904
SWIDTH 687 0
DWIDTH 11 0
BBX 11 14 -2 0
BITMAP
4000
DFE0
DFE0
0C60
0C00
0C00
0F80
0F80
0C00
0C00
0C00
0C60
1FE0
1FE0
ENDCHAR
STARTCHAR 0389
ENCODING 905
SWIDTH 687 0
DWIDTH 11 0
BBX 12 14 -2 0
BITMAP
4000
5EF0
DEF0
0C60
0C60
0C60
0C60
0FE0
0FE0
0C60
0C60
0C60
1EF0
1EF0
ENDCHAR
STARTCHAR 038A
ENCODING 906
SWIDTH 687 0
DWIDTH 11 0
BBX 10 14 -1 0
BITMAP
C000
DFC0
DFC0
0600
0600
0600
0600
0600
0600
0600
0600
0600
1FC0
1FC0
ENDCHAR
STARTCHAR 038C
ENCODING 908
SWIDTH 625 0
DWIDTH 10 0
BBX 10 14 -1 0
BITMAP
C000
8F00
9F80
30C0
30C0
30C0
30C0
30C0
30C0
30C0
30C0
30C0
1F80
0F00
ENDCHAR
STARTCHAR 038E
ENCODING 910
SWIDTH 687 0
DWIDTH 11 0
BBX 12 14 -2 0
BITMAP
4000
DEF0
DEF0
0CC0
06C0
06C0
0780
0380
0300
0300
0300
0300
07C0
07C0
ENDCHAR
STARTCHAR 038F
ENCODING 911
SWIDTH 687 0
DWIDTH 11 0
BBX 9 14 0 0
BITMAP
8000
8E00
9F00
3180
3180
3180
3180
3180
3180
3180
3180
1B00
3B80
3B80
ENDCHAR
STARTCHAR 0390
ENCODING 912
SWIDTH 625 0
DWIDTH 10 0
BBX 8 13 1 0
BITMAP
18
7A
5A
00
F8
F8
18
18
18
18
18
1F
0F
ENDCHAR
STARTCHAR 0391
ENCODING 913
SWIDTH 687 0
DWIDTH 11 0
BBX 9 13 1 0
BITMAP
0800
1C00
1C00
1400
1400
3600
3600
3E00
3E00
6300
6300
F780
F780
ENDCHAR
STARTCHAR 0392
ENCODING 914
SWIDTH 687 0
DWIDTH 11 0
BBX 9 13 1 0
BITMAP
FC00
FE00
6300
6300
6300
6300
7E00
7F00
6180
6180
6180
FF00
FE00
ENDCHAR
STARTCHAR 0393
ENCODING 915
SWIDTH 750 0
DWIDTH 12 0
BBX 8 13 2 0
BITMAP
FF
FF
63
60
60
60
60
60
60
60
60
F0
F0
ENDCHAR
STARTCHAR 0394
ENCODING 916
SWIDTH 687 0
DWIDTH 11 0
BBX 8 13 1 0
BITMAP
1C
1C
1C
3C
34
36
36
66
66
63
63
7F
FF
ENDCHAR
STARTCHAR 0395
ENCODING 917
SWIDTH 687 0
DWIDTH 11 0
BBX 8 13 1 0
BITMAP
FF
FF
63
60
60
7C
7C
60
60
60
63
FF
FF
ENDCHAR
STARTCHAR 0396
ENCODING 918
SWIDTH 687 0
DWIDTH 11 0
BBX 7 13 2 0
BITMAP
FE
FE
CE
0C
1C
18
38
30
70
60
E6
FE
FE
ENDCHAR
STARTCHAR 0397
ENCODING 919
SWIDTH 687 0
DWIDTH 11 0
BBX 9 13 1 0
BITMAP
F780
F780
6300
6300
6300
6300
7F00
7F00
6300
6300
6300
F780
F780
ENDCHAR
STARTCHAR 0398
ENCODING 920
SWIDTH 625 0
DWIDTH 10 0
BBX 8 13 1 0
BITMAP
3C
7E
C3
C3
C3
DB
DB
DB
C3
C3
C3
7E
3C
ENDCHAR
STARTCHAR 0399
ENCODING 921
SWIDTH 687 0
DWIDTH 11 0
BBX 7 13 2 0
BITMAP
FE
FE
30
30
30
30
30
30
30
30
30
FE
FE
ENDCHAR
STARTCHAR 039A
ENCODING 922
SWIDTH 687 0
DWIDTH 11 0
BBX 8 13 2 0
BITMAP
C7
C7
CC
CC
D8
D8
F8
F8
D8
CC
CC
C6
C6
ENDCHAR
STARTCHAR 039B
ENCODING 923
SWIDTH 687 0
DWIDTH 11 0
BBX 9 13 1 0
BITMAP
0800
1C00
1C00
1400
1400
3600
3600
3600
3600
6300
6300
F780
F780
ENDCHAR
STARTCHAR 039C
ENCODING 924
SWIDTH 750 0
DWIDTH 12 0
BBX 10 13 1 0
BITMAP
E1C0
E1C0
E380
F380
D380
DF80
DD80
CD80
CD80
C180
C180
E1C0
E1C0
ENDCHAR
STARTCHAR 039D
ENCODING 925
SWIDTH 687 0
DWIDTH 11 0
BBX 9 13 1 0
BITMAP
E780
F780
7300
7300
7B00
7B00
6B00
6F00
6F00
6700
6700
F700
F300
ENDCHAR
STARTCHAR 039E
ENCODING 926
SWIDTH 625 0
DWIDTH 10 0
BBX 8 13 1 0
BITMAP
FF
FF
C3
00
00
7E
7E
66
00
00
C3
FF
FF
ENDCHAR
STARTCHAR 039F
ENCODING 927
SWIDTH 625 0
DWIDTH 10 0
BBX 8 13 1 0
BITMAP
3C
7E
C3
C3
C3
C3
C3
C3
C3
C3
C3
7E
3C
ENDCHAR
STARTCHAR 03A0
ENCODING 928
SWIDTH 687 0
DWIDTH 11 0
BBX 9 13 1 0
BITMAP
FF80
FF80
6300
6300
6300
6300
6300
6300
6300
6300
6300
F780
F780
ENDCHAR
STARTCHAR 03A1
ENCODING 929
SWIDTH 625 0
DWIDTH 10 0
BBX 8 13 1 0
BITMAP
FC
FE
63
63
63
63
7E
7C
60
60
60
F0
F0
ENDCHAR
STARTCHAR 03A3
ENCODING 931
SWIDTH 687 0
DWIDTH 11 0
BBX 8 13 1 0
BITMAP
FF
FF
63
20
30
18
18
18
30
60
63
FF
FF
ENDCHAR
STARTCHAR 03A4
ENCODING 932
SWIDTH 750 0
DWIDTH 12 0
BBX 8 13 2 0
BITMAP
FF
FF
DB
18
18
18
18
18
18
18
18
7C
7C
ENDCHAR
STARTCHAR 03A5
ENCODING 933
SWIDTH 687 0
DWIDTH 11 0
BBX 9 13 1 0
BITMAP
F780
F780
6600
3600
3600
3C00
1C00
1800
1800
1800
1800
3E00
3E00
ENDCHAR
STARTCHAR 03A6
ENCODING 934
SWIDTH 687 0
DWIDTH 11 0
BBX 9 13 1 0
BITMAP
3E00
3E00
1800
7E00
FF00
D980
D980
D980
FF00
7E00
1800
3E00
3E00
ENDCHAR
STARTCHAR 03A7
ENCODING 935
SWIDTH 687 0
DWIDTH 11 0
BBX 9 13 1 0
BITMAP
F780
F780
3600
3600
1C00
1C00
0800
1C00
1C00
3600
3600
F780
F780
ENDCHAR
STARTCHAR 03A8
ENCODING 936
SWIDTH 687 0
DWIDTH 11 0
BBX 11 13 0 0
BITMAP
ECE0
ECE0
6CC0
6CC0
6CC0
6CC0
6CC0
7F80
3F00
0C00
0C00
1F00
1F00
ENDCHAR
STARTCHAR 03A9
ENCODING 937
SWIDTH 687 0
DWIDTH 11 0
BBX 7 13 2 0
BITMAP
38
7C
C6
C6
C6
C6
C6
C6
C6
C6
6C
EE
EE
ENDCHAR
STARTCHAR 03AA
ENCODING 938
SWIDTH 687 0
DWIDTH 11 0
BBX 7 17 2 0
BITMAP
CC
CC
CC
00
FE
FE
30
30
30
30
30
30
30
30
30
FE
FE
ENDCHAR
STARTCHAR 03AB
ENCODING 939
SWIDTH 687 0
DWIDTH 11 0
BBX 9 17 1 0
BITMAP
6600
6600
6600
0000
F780
F780
6600
3600
3600
3C00
1C00
1800
1800
1800
1800
3E00
3E00
ENDCHAR
STARTCHAR 03AC
ENCODING 940
SWIDTH 625 0
DWIDTH 10 0
BBX 8 13 1 0
BITMAP
18
18
18
00
7B
7E
C6
C6
C6
C6
C6
FE
7B
ENDCHAR
STARTCHAR 03AD
ENCODING 941
SWIDTH 625 0
DWIDTH 10 0
BBX 8 13 1 0
BITMAP
18
18
18
00
3C
7E
C0
78
78
C0
C3
FE
7C
ENDCHAR
STARTCHAR 03AE
ENCODING 942
SWIDTH 687 0
DWIDTH 11 0
BBX 8 17 1 -4
BITMAP
0C
08
08
00
EE
FF
63
63
63
63
63
63
63
03
03
03
03
ENDCHAR
STARTCHAR 03AF
ENCODING 943
SWIDTH 625 0
DWIDTH 10 0
BBX 8 13 1 0
BITMAP
18
18
18
00
F8
F8
18
18
18
18
18
1F
0F
ENDCHAR
STARTCHAR 03B0
ENCODING 944
SWIDTH 687 0
DWIDTH 11 0
BBX 8 13 1 0
BITMAP
08
6A
4A
00
E6
E3
63
63
63
63
63
3E
1C
ENDCHAR
STARTCHAR 03B1
ENCODING 945
SWIDTH 625 0
DWIDTH 10 0
BBX 8 9 1 0
BITMAP
7B
7E
C6
C6
C6
C6
C6
FE
7B
ENDCHAR
STARTCHAR 03B2
ENCODING 946
SWIDTH 687 0
DWIDTH 11 0
BBX 8 17 2 -4
BITMAP
38
7C
C6
C6
C6
C6
DC
DE
C3
C3
C3
FF
DE
C0
C0
C0
C0
ENDCHAR
STARTCHAR 03B3
ENCODING 947
SWIDTH 687 0
DWIDTH 11 0
BBX 8 13 1 -4
BITMAP
C3
E3
63
36
36
36
1C
1C
18
18
18
18
18
ENDCHAR
STARTCHAR 03B4
ENCODING 948
SWIDTH 625 0
DWIDTH 10 0
BBX 8 13 1 0
BITMAP
7C
FE
C0
C0
F0
7E
C7
C3
C3
C3
C3
7E
3C
ENDCHAR
STARTCHAR 03B5
ENCODING 949
SWIDTH 625 0
DWIDTH 10 0
BBX 8 9 1 0
BITMAP
3C
7E
C0
78
78
C0
C3
FE
7C
ENDCHAR
STARTCHAR 03B6
ENCODING 950
SWIDTH 687 0
DWIDTH 11 0
BBX 7 17 2 -4
BITMAP
FE
FE
0C
18
30
60
60
C0
C0
C0
C0
78
3E
06
06
0E
0C
ENDCHAR
STARTCHAR 03B7
ENCODING 951
SWIDTH 687 0
DWIDTH 11 0
BBX 8 13 1 -4
BITMAP
EE
FF
63
63
63
63
63
63
63
03
03
03
03
ENDCHAR
STARTCHAR 03B8
ENCODING 952
SWIDTH 687 0
DWIDTH 11 0
BBX 8 13 2 0
BITMAP
3C
7C
66
C6
C6
C7
FF
FF
C6
C6
66
7C
3C
ENDCHAR
STARTCHAR 03B9
ENCODING 953
SWIDTH 625 0
DWIDTH 10 0
BBX 8 9 1 0
BITMAP
F8
F8
18
18
18
18
18
1F
0F
ENDCHAR
STARTCHAR 03BA
ENCODING 954
SWIDTH 687 0
DWIDTH 11 0
BBX 9 9 1 0
BITMAP
E380
E780
6E00
7C00
7800
7C00
6600
6780
6380
ENDCHAR
STARTCHAR 03BB
ENCODING 955
SWIDTH 687 0
DWIDTH 11 0
BBX 7 13 2 0
BITMAP
E0
F0
30
30
18
38
38
2C
6C
64
66
C6
C6
ENDCHAR
STARTCHAR 03BC
ENCODING 956
SWIDTH 687 0
DWIDTH 11 0
BBX 10 13 1 -4
BITMAP
E700
E700
6300
6300
6300
6300
6300
7FC0
79C0
6000
6000
6000
6000
ENDCHAR
STARTCHAR 03BD
ENCODING 957
SWIDTH 687 0
DWIDTH 11 0
BBX 8 9 1 0
BITMAP
C3
E3
63
36
36
36
1C
1C
18
ENDCHAR
STARTCHAR 03BE
ENCODING 958
SWIDTH 687 0
DWIDTH 11 0
BBX 7 17 2 -4
BITMAP
FE
FE
E0
C0
C0
60
7C
7C
E0
C0
C0
F8
7E
06
06
1E
1C
ENDCHAR
STARTCHAR 03BF
ENCODING 959
SWIDTH 625 0
DWIDTH 10 0
BBX 8 9 1 0
BITMAP
3C
7E
C3
C3
C3
C3
C3
7E
3C
ENDCHAR
STARTCHAR 03C0
ENCODING 960
SWIDTH 625 0
DWIDTH 10 0
BBX 8 9 1 0
BITMAP
FF
FF
66
66
66
66
66
67
63
ENDCHAR
STARTCHAR 03C1
ENCODING 961
SWIDTH 687 0
DWIDTH 11 0
BBX 7 13 2 -4
BITMAP
38
7C
C6
C6
C6
C6
C6
FE
DC
C0
C0
C0
C0
ENDCHAR
STARTCHAR 03C2
ENCODING 962
SWIDTH 687 0
DWIDTH 11 0
BBX 8 13 2 -4
BITMAP
3C
7E
C7
C0
C0
C0
C0
78
7E
06
06
0E
0C
ENDCHAR
STARTCHAR 03C3
ENCODING 963
SWIDTH 625 0
DWIDTH 10 0
BBX 9 9 1 0
BITMAP
3F80
7F80
C600
C600
C600
C600
C600
7C00
3800
ENDCHAR
STARTCHAR 03C4
ENCODING 964
SWIDTH 687 0
DWIDTH 11 0
BBX 7 9 2 0
BITMAP
FE
FE
30
30
30
30
30
3E
1E
ENDCHAR
STARTCHAR 03C5
ENCODING 965
SWIDTH 687 0
DWIDTH 11 0
BBX 8 9 1 0
BITMAP
E6
E3
63
63
63
63
63
3E
1C
ENDCHAR
STARTCHAR 03C6
ENCODING 966
SWIDTH 750 0
DWIDTH 12 0
BBX 10 13 1 -4
BITMAP
4780
6F80
CCC0
CCC0
CCC0
CCC0
EDC0
7F80
3F00
0C00
0C00
0C00
0C00
ENDCHAR
STARTCHAR 03C7
ENCODING 967
SWIDTH 687 0
DWIDTH 11 0
BBX 9 13 1 -4
BITMAP
E300
E300
3600
3600
1C00
1C00
0800
1C00
1C00
3600
3600
6380
6380
ENDCHAR
STARTCHAR 03C8
ENCODING 968
SWIDTH 687 0
DWIDTH 11 0
BBX 10 17 0 -4
BITMAP
0C00
0C00
0C00
0C00
ECC0
ECC0
6CC0
6CC0
6CC0
6CC0
6CC0
7F80
3F00
0C00
0C00
0C00
0C00
ENDCHAR
STARTCHAR 03C9
ENCODING 969
SWIDTH 625 0
DWIDTH 10 0
BBX 8 9 1 0
BITMAP
42
C3
C3
DB
DB
DB
DB
FF
66
ENDCHAR
STARTCHAR 03CA
ENCODING 970
SWIDTH 625 0
DWIDTH 10 0
BBX 8 13 1 0
BITMAP
66
66
66
00
F8
F8
18
18
18
18
18
1F
0F
ENDCHAR
STARTCHAR 03CB
ENCODING 971
SWIDTH 687 0
DWIDTH 11 0
BBX 8 13 1 0
BITMAP
66
66
22
00
E6
E3
63
63
63
63
63
3E
1C
ENDCHAR
STARTCHAR 03CC
ENCODING 972
SWIDTH 625 0
DWIDTH 10 0
BBX 8 13 1 0
BITMAP
18
18
18
00
3C
7E
C3
C3
C3
C3
C3
7E
3C
ENDCHAR
STARTCHAR 03CD
ENCODING 973
SWIDTH 687 0
DWIDTH 11 0
BBX 8 13 1 0
BITMAP
08
08
08
00
E6
E3
63
63
63
63
63
3E
1C
ENDCHAR
STARTCHAR 03CE
ENCODING 974
SWIDTH 625 0
DWIDTH 10 0
BBX 8 13 1 0
BITMAP
18
18
18
00
42
43
C3
DB
DB
DB
DB
FF
66
ENDCHAR
STARTCHAR 03CF
ENCODING 975
SWIDTH 687 0
DWIDTH 11 0
BBX 8 17 2 -5
BITMAP
C7
C7
CC
CC
D8
D8
F8
F8
D8
CC
CC
C6
C6
0E
3C
38
18
ENDCHAR
STARTCHAR 03D0
ENCODING 976
SWIDTH 687 0
DWIDTH 11 0
BBX 8 13 2 0
BITMAP
7C
FE
C6
C6
C6
DE
DE
C7
C3
C3
C3
7E
3C
ENDCHAR
STARTCHAR 03D1
ENCODING 977
SWIDTH 625 0
DWIDTH 10 0
BBX 9 13 1 0
BITMAP
1E00
3F00
6300
6300
7300
3B00
1F80
C300
C300
C300
C300
7E00
3C00
ENDCHAR
STARTCHAR 03D2
ENCODING 978
SWIDTH 687 0
DWIDTH 11 0
BBX 9 13 1 0
BITMAP
C380
E380
6600
2600
3600
3C00
3C00
1800
1800
1800
1800
7C00
7C00
ENDCHAR
STARTCHAR 03D3
ENCODING 979
SWIDTH 687 0
DWIDTH 11 0
BBX 12 15 -2 0
BITMAP
4000
6000
D870
9C70
0CC0
04C0
06C0
0780
0780
0300
0300
0300
0300
0F80
0F80
ENDCHAR
STARTCHAR 03D4
ENCODING 980
SWIDTH 687 0
DWIDTH 11 0
BBX 9 17 1 0
BITMAP
6600
6600
6600
0000
C380
E380
6600
2600
3600
3C00
3C00
1800
1800
1800
1800
7C00
7C00
ENDCHAR
STARTCHAR 03D5
ENCODING 981
SWIDTH 687 0
DWIDTH 11 0
BBX 9 17 1 -4
BITMAP
1800
1800
1800
1800
7E00
FF00
D980
D980
D980
D980
D980
FF00
7E00
1800
1800
1800
1800
ENDCHAR
STARTCHAR 03D6
ENCODING 982
SWIDTH 625 0
DWIDTH 10 0
BBX 8 9 1 0
BITMAP
FF
FF
C3
DB
DB
DB
DB
FF
66
ENDCHAR
STARTCHAR 03D7
ENCODING 983
SWIDTH 687 0
DWIDTH 11 0
BBX 9 13 1 -4
BITMAP
C180
E380
6700
6F00
7B00
7B00
7300
E380
C180
0180
0180
0780
0600
ENDCHAR
STARTCHAR 03D8
ENCODING 984
SWIDTH 625 0
DWIDTH 10 0
BBX 8 13 1 0
BITMAP
3C
7E
C3
C3
C3
C3
C3
E7
7E
18
18
7C
7C
ENDCHAR
STARTCHAR 03D9
ENCODING 985
SWIDTH 625 0
DWIDTH 10 0
BBX 8 13 1 -4
BITMAP
3C
7E
C3
C3
C3
C3
C3
E7
7E
18
18
18
18
ENDCHAR
STARTCHAR 03DA
ENCODING 986
SWIDTH 625 0
DWIDTH 10 0
BBX 7 13 1 0
BITMAP
3C
7E
C6
C0
C0
C0
C0
E0
78
18
18
7C
7C
ENDCHAR
STARTCHAR 03DB
ENCODING 987
SWIDTH 687 0
DWIDTH 11 0
BBX 8 14 2 -4
BITMAP
03
3F
7E
C0
C0
C0
C0
C0
78
7E
06
06
0E
0C
ENDCHAR
STARTCHAR 03DC
ENCODING 988
SWIDTH 750 0
DWIDTH 12 0
BBX 8 13 2 0
BITMAP
FF
FF
63
60
60
7C
7C
6C
60
60
60
F0
F0
ENDCHAR
STARTCHAR 03DD
ENCODING 989
SWIDTH 625 0
DWIDTH 10 0
BBX 7 13 2 -4
BITMAP
FE
FE
C0
C0
F8
F8
C0
C0
C0
C0
C0
C0
C0
ENDCHAR
STARTCHAR 03DE
ENCODING 990
SWIDTH 687 0
DWIDTH 11 0
BBX 7 13 2 0
BITMAP
F0
F0
C0
C0
C0
C0
FE
FE
06
06
06
1E
1E
ENDCHAR
STARTCHAR 03DF
ENCODING 991
SWIDTH 687 0
DWIDTH 11 0
BBX 7 13 2 0
BITMAP
C0
C0
C0
C0
C2
CE
FE
E6
86
06
06
06
06
ENDCHAR
STARTCHAR 03E0
ENCODING 992
SWIDTH 687 0
DWIDTH 11 0
BBX 8 13 2 0
BITMAP
10
38
38
38
28
6C
6C
4C
5C
DC
D6
D7
B7
ENDCHAR
STARTCHAR 03E1
ENCODING 993
SWIDTH 625 0
DWIDTH 10 0
BBX 8 13 1 -4
BITMAP
C0
F0
38
1C
7E
66
07
07
1F
1B
03
03
03
ENDCHAR
STARTCHAR 03F0
ENCODING 1008
SWIDTH 687 0
DWIDTH 11 0
BBX 9 9 1 0
BITMAP
C100
E300
6700
6F00
7F00
7B00
7300
E380
C180
ENDCHAR
STARTCHAR 03F1
ENCODING 1009
SWIDTH 687 0
DWIDTH 11 0
BBX 7 13 2 -4
BITMAP
38
7C
C6
C6
C6
C6
C6
FE
DC
C0
C0
7E
3E
ENDCHAR
STARTCHAR 03F2
ENCODING 1010
SWIDTH 625 0
DWIDTH 10 0
BBX 7 9 1 0
BITMAP
3C
7E
C6
C0
C0
C0
C6
7E
3C
ENDCHAR
STARTCHAR 03F3
ENCODING 1011
SWIDTH 625 0
DWIDTH 10 0
BBX 7 17 0 -4
BITMAP
06
06
06
00
1E
1E
06
06
06
06
06
06
06
06
C6
FC
78
ENDCHAR
STARTCHAR 03F4
ENCODING 1012
SWIDTH 625 0
DWIDTH 10 0
BBX 8 13 1 0
BITMAP
3C
7E
C3
C3
C3
C3
FF
FF
C3
C3
C3
7E
3C
ENDCHAR
STARTCHAR 03F5
ENCODING 1013
SWIDTH 625 0
DWIDTH 10 0
BBX 8 9 1 0
BITMAP
3F
7F
E0
C0
FC
FC
C0
7F
3F
ENDCHAR
STARTCHAR 03F6
ENCODING 1014
SWIDTH 687 0
DWIDTH 11 0
BBX 8 9 1 0
BITMAP
FC
FE
07
03
3F
3F
03
FE
FC
ENDCHAR
STARTCHAR 03F7
ENCODING 1015
SWIDTH 625 0
DWIDTH 10 0
BBX 8 13 1 0
BITMAP
F0
F0
60
7C
7E
63
63
63
7F
7E
60
F0
F0
ENDCHAR
STARTCHAR 03F8
ENCODING 1016
SWIDTH 687 0
DWIDTH 11 0
BBX 7 17 2 -4
BITMAP
C0
C0
C0
C0
DC
FE
C6
C6
C6
C6
C6
FE
DC
C0
C0
C0
C0
ENDCHAR
STARTCHAR 03F9
ENCODING 1017
SWIDTH 687 0
DWIDTH 11 0
BBX 8 13 1 0
BITMAP
7B
7F
C3
C0
C0
C0
C0
C0
C0
C0
C7
7E
3C
ENDCHAR
STARTCHAR 03FA
ENCODING 1018
SWIDTH 750 0
DWIDTH 12 0
BBX 10 13 1 0
BITMAP
E1C0
F3C0
7380
7F80
6D80
6D80
6180
6180
6180
6180
6180
E1C0
E1C0
ENDCHAR
STARTCHAR 03FB
ENCODING 1019
SWIDTH 687 0
DWIDTH 11 0
BBX 9 13 1 -4
BITMAP
E380
E780
D580
DD80
C180
C180
C180
C180
C180
C000
C000
C000
C000
ENDCHAR
STARTCHAR 03FC
ENCODING 1020
SWIDTH 687 0
DWIDTH 11 0
BBX 9 13 1 -4
BITMAP
1E00
3F00
6180
6180
6180
6180
6180
7F80
6F00
6000
6000
F800
6000
ENDCHAR
STARTCHAR 03FD
ENCODING 1021
SWIDTH 687 0
DWIDTH 11 0
BBX 7 13 2 0
BITMAP
FC
FE
C6
06
06
06
06
06
06
06
C6
FC
78
ENDCHAR
STARTCHAR 03FE
ENCODING 1022
SWIDTH 687 0
DWIDTH 11 0
BBX 8 13 1 0
BITMAP
7B
7F
C3
C0
C0
D8
D8
D8
C0
C0
C3
7E
3C
ENDCHAR
STARTCHAR 03FF
ENCODING 1023
SWIDTH 687 0
DWIDTH 11 0
BBX 8 13 2 0
BITMAP
DC
FE
C3
03
03
1B
1B
1B
03
03
C3
FE
3C
ENDCHAR
STARTCHAR 0400
ENCODING 1024
SWIDTH 687 0
DWIDTH 11 0
BBX 8 17 1 0
BITMAP
30
18
08
00
FF
FF
63
60
60
7C
7C
60
60
60
63
FF
FF
ENDCHAR
STARTCHAR 0401
ENCODING 1025
SWIDTH 687 0
DWIDTH 11 0
BBX 8 17 1 0
BITMAP
66
66
66
00
FF
FF
63
60
60
7C
7C
60
60
60
63
FF
FF
ENDCHAR
STARTCHAR 0402
ENCODING 1026
SWIDTH 750 0
DWIDTH 12 0
BBX 9 17 1 -4
BITMAP
FF00
FF00
DB00
1800
1800
1E00
1F00
1980
1980
1980
1980
3980
3980
0180
0180
0700
0600
ENDCHAR
STARTCHAR 0403
ENCODING 1027
SWIDTH 750 0
DWIDTH 12 0
BBX 8 17 2 0
BITMAP
0C
18
10
00
FF
FF
63
60
60
60
60
60
60
60
60
F0
F0
ENDCHAR
STARTCHAR 0404
ENCODING 1028
SWIDTH 687 0
DWIDTH 11 0
BBX 8 13 1 0
BITMAP
7B
7F
C3
C0
C0
C0
F8
F8
C0
C0
C3
7E
3C
ENDCHAR
STARTCHAR 0405
ENCODING 1029
SWIDTH 687 0
DWIDTH 11 0
BBX 7 13 2 0
BITMAP
76
FE
C6
C0
C0
70
7C
1C
0E
06
C6
FE
FC
ENDCHAR
STARTCHAR 0406
ENCODING 1030
SWIDTH 687 0
DWIDTH 11 0
BBX 7 13 2 0
BITMAP
FE
FE
30
30
30
30
30
30
30
30
30
FE
FE
ENDCHAR
STARTCHAR 0407
ENCODING 1031
SWIDTH 687 0
DWIDTH 11 0
BBX 7 17 2 0
BITMAP
CC
CC
CC
00
FE
FE
30
30
30
30
30
30
30
30
30
FE
FE
ENDCHAR
STARTCHAR 0408
ENCODING 1032
SWIDTH 625 0
DWIDTH 10 0
BBX 7 13 1 0
BITMAP
3E
3E
06
06
06
06
06
06
06
06
C6
FC
78
ENDCHAR
STARTCHAR 0409
ENCODING 1033
SWIDTH 687 0
DWIDTH 11 0
BBX 10 13 0 0
BITMAP
7E00
7E00
6600
6600
6600
6780
6780
66C0
6640
6640
6640
EFC0
CF80
ENDCHAR
STARTCHAR 040A
ENCODING 1034
SWIDTH 625 0
DWIDTH 10 0
BBX 9 13 0 0
BITMAP
EE00
EE00
6C00
6C00
6C00
6F00
7F80
7C80
6C80
6C80
6C80
EF80
EF00
ENDCHAR
STARTCHAR 040B
ENCODING 1035
SWIDTH 687 0
DWIDTH 11 0
BBX 9 13 1 0
BITMAP
FF00
FF00
DB00
1800
1800
1F00
1F80
1980
1980
1980
1980
3B80
3B80
ENDCHAR
STARTCHAR 040C
ENCODING 1036
SWIDTH 625 0
DWIDTH 10 0
BBX 9 17 1 0
BITMAP
0400
0C00
0800
0000
F380
F380
6600
6600
6C00
6C00
7C00
7C00
6C00
6600
6600
F380
F380
ENDCHAR
STARTCHAR 040D
ENCODING 1037
SWIDTH 687 0
DWIDTH 11 0
BBX 9 17 1 0
BITMAP
1000
1800
0800
0000
F780
F780
6300
6700
6700
6F00
6B00
7B00
7300
7300
6300
F780
F780
ENDCHAR
STARTCHAR 040E
ENCODING 1038
SWIDTH 687 0
DWIDTH 11 0
BBX 9 17 1 0
BITMAP
6300
3E00
3E00
0000
F780
F780
3700
3600
3600
1600
1C00
1C00
0C00
1800
1800
7800
7000
ENDCHAR
STARTCHAR 040F
ENCODING 1039
SWIDTH 687 0
DWIDTH 11 0
BBX 9 16 1 -3
BITMAP
F780
F780
6300
6300
6300
6300
6300
6300
6300
6300
6300
FF80
FF80
0800
0800
0800
ENDCHAR
STARTCHAR 0410
ENCODING 1040
SWIDTH 687 0
DWIDTH 11 0
BBX 9 13 1 0
BITMAP
0800
1C00
1C00
1400
1400
3600
3600
3E00
3E00
6300
6300
F780
F780
ENDCHAR
STARTCHAR 0411
ENCODING 1041
SWIDTH 687 0
DWIDTH 11 0
BBX 8 13 1 0
BITMAP
FF
FF
63
60
60
7C
7F
63
63
63
63
FF
FE
ENDCHAR
STARTCHAR 0412
ENCODING 1042
SWIDTH 687 0
DWIDTH 11 0
BBX 9 13 1 0
BITMAP
FC00
FE00
6300
6300
6300
6300
7E00
7F00
6180
6180
6180
FF00
FE00
ENDCHAR
STARTCHAR 0413
ENCODING 1043
SWIDTH 750 0
DWIDTH 12 0
BBX 8 13 2 0
BITMAP
FF
FF
63
60
60
60
60
60
60
60
60
F0
F0
ENDCHAR
STARTCHAR 0414
ENCODING 1044
SWIDTH 687 0
DWIDTH 11 0
BBX 9 15 1 -2
BITMAP
7F80
7F80
6300
6300
6300
6300
6300
6300
6300
6300
6300
FF80
FF80
C180
C180
ENDCHAR
STARTCHAR 0415
ENCODING 1045
SWIDTH 687 0
DWIDTH 11 0
BBX 8 13 1 0
BITMAP
FF
FF
63
60
60
7C
7C
60
60
60
63
FF
FF
ENDCHAR
STARTCHAR 0416
ENCODING 1046
SWIDTH 625 0
DWIDTH 10 0
BBX 10 13 0 0
BITMAP
CCC0
EDC0
6D80
6D80
6D80
2D00
3F00
3F00
2D00
6D80
6D80
EDC0
CCC0
ENDCHAR
STARTCHAR 0417
ENCODING 1047
SWIDTH 625 0
DWIDTH 10 0
BBX 8 13 1 0
BITMAP
FC
FE
C6
06
06
1E
1E
07
03
03
C3
7E
3C
ENDCHAR
STARTCHAR 0418
ENCODING 1048
SWIDTH 687 0
DWIDTH 11 0
BBX 9 13 1 0
BITMAP
F780
F780
6300
6700
6700
6F00
6B00
7B00
7300
7300
6300
F780
F780
ENDCHAR
STARTCHAR 0419
ENCODING 1049
SWIDTH 687 0
DWIDTH 11 0
BBX 9 17 1 0
BITMAP
6300
3E00
3E00
0000
F780
F780
6300
6700
6700
6F00
6B00
7B00
7300
7300
6300
F780
F780
ENDCHAR
STARTCHAR 041A
ENCODING 1050
SWIDTH 625 0
DWIDTH 10 0
BBX 9 13 1 0
BITMAP
F380
F380
6600
6600
6C00
6C00
7C00
7C00
6C00
6600
6600
F380
F380
ENDCHAR
STARTCHAR 041B
ENCODING 1051
SWIDTH 750 0
DWIDTH 12 0
BBX 11 13 0 0
BITMAP
3FE0
3FE0
18C0
18C0
18C0
18C0
18C0
18C0
18C0
18C0
38C0
F1E0
E1E0
ENDCHAR
STARTCHAR 041C
ENCODING 1052
SWIDTH 750 0
DWIDTH 12 0
BBX 10 13 1 0
BITMAP
E1C0
E1C0
E380
F380
D380
DF80
DD80
CD80
CD80
C180
C180
E1C0
E1C0
ENDCHAR
STARTCHAR 041D
ENCODING 1053
SWIDTH 687 0
DWIDTH 11 0
BBX 9 13 1 0
BITMAP
F780
F780
6300
6300
6300
6300
7F00
7F00
6300
6300
6300
F780
F780
ENDCHAR
STARTCHAR 041E
ENCODING 1054
SWIDTH 625 0
DWIDTH 10 0
BBX 8 13 1 0
BITMAP
3C
7E
C3
C3
C3
C3
C3
C3
C3
C3
C3
7E
3C
ENDCHAR
STARTCHAR 041F
ENCODING 1055
SWIDTH 687 0
DWIDTH 11 0
BBX 9 13 1 0
BITMAP
FF80
FF80
6300
6300
6300
6300
6300
6300
6300
6300
6300
F780
F780
ENDCHAR
STARTCHAR 0420
ENCODING 1056
SWIDTH 625 0
DWIDTH 10 0
BBX 8 13 1 0
BITMAP
FC
FE
63
63
63
63
7E
7C
60
60
60
F0
F0
ENDCHAR
STARTCHAR 0421
ENCODING 1057
SWIDTH 687 0
DWIDTH 11 0
BBX 8 13 1 0
BITMAP
7B
7F
C3
C0
C0
C0
C0
C0
C0
C0
C7
7E
3C
ENDCHAR
STARTCHAR 0422
ENCODING 1058
SWIDTH 750 0
DWIDTH 12 0
BBX 8 13 2 0
BITMAP
FF
FF
DB
18
18
18
18
18
18
18
18
7C
7C
ENDCHAR
STARTCHAR 0423
ENCODING 1059
SWIDTH 687 0
DWIDTH 11 0
BBX 9 13 1 0
BITMAP
F780
F780
3700
3600
3600
1600
1C00
1C00
0C00
1800
1800
7800
7000
ENDCHAR
STARTCHAR 0424
ENCODING 1060
SWIDTH 687 0
DWIDTH 11 0
BBX 9 13 1 0
BITMAP
3E00
3E00
0C00
3F00
7F80
ED80
CC80
CC80
7F80
7F00
0C00
3E00
3E00
ENDCHAR
STARTCHAR 0425
ENCODING 1061
SWIDTH 687 0
DWIDTH 11 0
BBX 9 13 1 0
BITMAP
F780
F780
3600
3600
1C00
1C00
0800
1C00
1C00
3600
3600
F780
F780
ENDCHAR
STARTCHAR 0426
ENCODING 1062
SWIDTH 687 0
DWIDTH 11 0
BBX 9 15 1 -2
BITMAP
F780
F780
6300
6300
6300
6300
6300
6300
6300
6300
6300
FF80
FF80
0180
0180
ENDCHAR
STARTCHAR 0427
ENCODING 1063
SWIDTH 687 0
DWIDTH 11 0
BBX 9 13 1 0
BITMAP
F780
F780
6300
6300
6300
6300
7300
3F00
1F00
0300
0300
0780
0780
ENDCHAR
STARTCHAR 0428
ENCODING 1064
SWIDTH 750 0
DWIDTH 12 0
BBX 10 13 1 0
BITMAP
EDC0
EDC0
6D80
6D80
6D80
6D80
6D80
6D80
6D80
6D80
6D80
FFC0
FFC0
ENDCHAR
STARTCHAR 0429
ENCODING 1065
SWIDTH 687 0
DWIDTH 11 0
BBX 10 15 0 -2
BITMAP
ECC0
ECC0
6CC0
6CC0
6CC0
6CC0
6CC0
6CC0
6CC0
6CC0
6CC0
FFC0
FFC0
00C0
00C0
ENDCHAR
STARTCHAR 042A
ENCODING 1066
SWIDTH 687 0
DWIDTH 11 0
BBX 8 13 1 0
BITMAP
FC
FC
D8
18
18
1E
1F
19
19
19
19
3F
3E
ENDCHAR
STARTCHAR 042B
ENCODING 1067
SWIDTH 750 0
DWIDTH 12 0
BBX 10 13 1 0
BITMAP
E1C0
E1C0
6180
6180
6180
7980
7D80
6780
6780
6780
6780
FDC0
FDC0
ENDCHAR
STARTCHAR 042C
ENCODING 1068
SWIDTH 687 0
DWIDTH 11 0
BBX 8 13 1 0
BITMAP
F0
F0
60
60
60
7C
7E
63
63
63
63
FE
FE
ENDCHAR
STARTCHAR 042D
ENCODING 1069
SWIDTH 687 0
DWIDTH 11 0
BBX 7 13 2 0
BITMAP
FC
FE
C6
06
06
06
1E
1E
06
06
C6
FC
78
ENDCHAR
STARTCHAR 042E
ENCODING 1070
SWIDTH 687 0
DWIDTH 11 0
BBX 9 13 1 0
BITMAP
EF00
FF80
7980
7980
7980
7980
7980
7980
7980
7980
7980
FF80
EF00
ENDCHAR
STARTCHAR 042F
ENCODING 1071
SWIDTH 687 0
DWIDTH 11 0
BBX 10 13 0 0
BITMAP
1FC0
3FC0
7180
7180
7180
7180
3F80
1F80
1980
1980
3180
F3C0
F3C0
ENDCHAR
STARTCHAR 0430
ENCODING 1072
SWIDTH 687 0
DWIDTH 11 0
BBX 9 9 1 0
BITMAP
3C00
7F00
6300
1F00
7F00
6300
E300
7F80
7B80
ENDCHAR
STARTCHAR 0431
ENCODING 1073
SWIDTH 625 0
DWIDTH 10 0
BBX 8 13 1 0
BITMAP
03
3F
7C
E0
DE
FE
C3
C3
C3
C3
C3
7E
3C
ENDCHAR
STARTCHAR 0432
ENCODING 1074
SWIDTH 687 0
DWIDTH 11 0
BBX 8 9 1 0
BITMAP
FE
FF
63
7F
7F
63
61
FF
FE
ENDCHAR
STARTCHAR 0433
ENCODING 1075
SWIDTH 750 0
DWIDTH 12 0
BBX 8 9 2 0
BITMAP
FF
FF
63
60
60
60
60
F0
F0
ENDCHAR
STARTCHAR 0434
ENCODING 1076
SWIDTH 687 0
DWIDTH 11 0
BBX 9 11 1 -2
BITMAP
7F80
7F80
6300
6300
6300
6300
6300
FF80
FF80
C180
C180
ENDCHAR
STARTCHAR 0435
ENCODING 1077
SWIDTH 625 0
DWIDTH 10 0
BBX 8 9 1 0
BITMAP
3C
7E
C6
FF
FF
C0
C6
7E
3C
ENDCHAR
STARTCHAR 0436
ENCODING 1078
SWIDTH 625 0
DWIDTH 10 0
BBX 10 9 0 0
BITMAP
CCC0
EDC0
6D80
6D80
3F00
7F00
6D80
EDC0
CCC0
ENDCHAR
STARTCHAR 0437
ENCODING 1079
SWIDTH 687 0
DWIDTH 11 0
BBX 7 9 2 0
BITMAP
FC
FE
06
3E
3E
06
C6
FE
7C
ENDCHAR
STARTCHAR 0438
ENCODING 1080
SWIDTH 687 0
DWIDTH 11 0
BBX 9 9 1 0
BITMAP
F780
F780
6700
6F00
6B00
7B00
7300
F780
F780
ENDCHAR
STARTCHAR 0439
ENCODING 1081
SWIDTH 687 0
DWIDTH 11 0
BBX 9 13 1 0
BITMAP
6300
3E00
1C00
0000
F780
F780
6700
6F00
6B00
7B00
7300
F780
F780
ENDCHAR
STARTCHAR 043A
ENCODING 1082
SWIDTH 625 0
DWIDTH 10 0
BBX 9 9 1 0
BITMAP
F380
F780
6600
6C00
7C00
7C00
6600
F780
F380
ENDCHAR
STARTCHAR 043B
ENCODING 1083
SWIDTH 750 0
DWIDTH 12 0
BBX 11 9 0 0
BITMAP
3FE0
3FE0
18C0
18C0
18C0
18C0
18C0
F1E0
E1E0
ENDCHAR
STARTCHAR 043C
ENCODING 1084
SWIDTH 750 0
DWIDTH 12 0
BBX 10 9 1 0
BITMAP
E1C0
F3C0
7380
7380
7780
6F80
6D80
EDC0
EDC0
ENDCHAR
STARTCHAR 043D
ENCODING 1085
SWIDTH 687 0
DWIDTH 11 0
BBX 9 9 1 0
BITMAP
F780
F780
6300
7F00
7F00
6300
6300
F780
F780
ENDCHAR
STARTCHAR 043E
ENCODING 1086
SWIDTH 625 0
DWIDTH 10 0
BBX 8 9 1 0
BITMAP
3C
7E
C3
C3
C3
C3
C3
7E
3C
ENDCHAR
STARTCHAR 043F
ENCODING 1087
SWIDTH 687 0
DWIDTH 11 0
BBX 9 9 1 0
BITMAP
FF80
FF80
6300
6300
6300
6300
6300
F780
F780
ENDCHAR
STARTCHAR 0440
ENCODING 1088
SWIDTH 687 0
DWIDTH 11 0
BBX 8 13 1 -4
BITMAP
EE
FF
63
63
63
63
63
7F
6E
60
60
F0
F0
ENDCHAR
STARTCHAR 0441
ENCODING 1089
SWIDTH 687 0
DWIDTH 11 0
BBX 8 9 1 0
BITMAP
7B
7F
C3
C0
C0
C0
C7
7E
3C
ENDCHAR
STARTCHAR 0442
ENCODING 1090
SWIDTH 750 0
DWIDTH 12 0
BBX 8 9 2 0
BITMAP
FF
FF
DB
18
18
18
18
7C
7C
ENDCHAR
STARTCHAR 0443
ENCODING 1091
SWIDTH 687 0
DWIDTH 11 0
BBX 9 13 1 -4
BITMAP
F780
F780
3700
3600
3600
1600
1C00
1C00
0C00
1800
1800
7800
7000
ENDCHAR
STARTCHAR 0444
ENCODING 1092
SWIDTH 687 0
DWIDTH 11 0
BBX 9 17 1 -4
BITMAP
3800
3800
1800
1800
7E00
FF00
D980
D980
D980
D980
D980
FF00
7E00
1800
1800
3E00
3E00
ENDCHAR
STARTCHAR 0445
ENCODING 1093
SWIDTH 687 0
DWIDTH 11 0
BBX 9 9 1 0
BITMAP
F780
F780
3600
1C00
0800
1C00
3600
F780
F780
ENDCHAR
STARTCHAR 0446
ENCODING 1094
SWIDTH 687 0
DWIDTH 11 0
BBX 9 11 1 -2
BITMAP
F780
F780
6300
6300
6300
6300
6300
FF80
FF80
0180
0180
ENDCHAR
STARTCHAR 0447
ENCODING 1095
SWIDTH 687 0
DWIDTH 11 0
BBX 9 9 1 0
BITMAP
F780
F780
6300
6300
7F00
3F00
0300
0780
0780
ENDCHAR
STARTCHAR 0448
ENCODING 1096
SWIDTH 750 0
DWIDTH 12 0
BBX 10 9 1 0
BITMAP
EDC0
EDC0
6D80
6D80
6D80
6D80
6D80
FFC0
FFC0
ENDCHAR
STARTCHAR 0449
ENCODING 1097
SWIDTH 687 0
DWIDTH 11 0
BBX 10 11 0 -2
BITMAP
ECC0
ECC0
6CC0
6CC0
6CC0
6CC0
6CC0
FFC0
FFC0
00C0
00C0
ENDCHAR
STARTCHAR 044A
ENCODING 1098
SWIDTH 687 0
DWIDTH 11 0
BBX 8 9 1 0
BITMAP
FC
FC
D8
1E
1F
19
19
3F
3F
ENDCHAR
STARTCHAR 044B
ENCODING 1099
SWIDTH 750 0
DWIDTH 12 0
BBX 10 9 1 0
BITMAP
E1C0
E1C0
6180
7980
7D80
6780
6780
FDC0
FDC0
ENDCHAR
STARTCHAR 044C
ENCODING 1100
SWIDTH 687 0
DWIDTH 11 0
BBX 8 9 1 0
BITMAP
F0
F0
60
7E
7F
63
63
FF
FE
ENDCHAR
STARTCHAR 044D
ENCODING 1101
SWIDTH 687 0
DWIDTH 11 0
BBX 8 9 2 0
BITMAP
DC
FE
C6
3E
3F
C6
C6
7E
3C
ENDCHAR
STARTCHAR 044E
ENCODING 1102
SWIDTH 687 0
DWIDTH 11 0
BBX 9 9 1 0
BITMAP
EF00
FF80
7980
7980
7980
7980
7980
FF80
EF00
ENDCHAR
STARTCHAR 044F
ENCODING 1103
SWIDTH 687 0
DWIDTH 11 0
BBX 10 9 0 0
BITMAP
3FC0
7FC0
7180
7180
7F80
3F80
1980
F3C0
F3C0
ENDCHAR
STARTCHAR 0450
ENCODING 1104
SWIDTH 625 0
DWIDTH 10 0
BBX 8 13 1 0
BITMAP
30
38
18
00
3C
7E
C6
FF
FF
C0
C6
7E
3C
ENDCHAR
STARTCHAR 0451
ENCODING 1105
SWIDTH 625 0
DWIDTH 10 0
BBX 8 13 1 0
BITMAP
CC
CC
CC
00
3C
7E
C6
FF
FF
C0
C6
7E
3C
ENDCHAR
STARTCHAR 0452
ENCODING 1106
SWIDTH 687 0
DWIDTH 11 0
BBX 8 17 1 -4
BITMAP
E0
E0
60
F8
6E
7F
63
63
63
63
63
F3
F3
03
03
07
06
ENDCHAR
STARTCHAR 0453
ENCODING 1107
SWIDTH 750 0
DWIDTH 12 0
BBX 8 13 2 0
BITMAP
0C
18
10
00
FF
FF
63
60
60
60
60
F0
F0
ENDCHAR
STARTCHAR 0454
ENCODING 1108
SWIDTH 687 0
DWIDTH 11 0
BBX 8 9 1 0
BITMAP
3B
7F
63
78
F8
C3
63
7E
3C
ENDCHAR
STARTCHAR 0455
ENCODING 1109
SWIDTH 687 0
DWIDTH 11 0
BBX 7 9 2 0
BITMAP
7E
FE
C6
E0
7C
0E
C2
FE
FC
ENDCHAR
STARTCHAR 0456
ENCODING 1110
SWIDTH 687 0
DWIDTH 11 0
BBX 7 13 2 0
BITMAP
18
18
18
00
F8
F8
18
18
18
18
18
FE
FE
ENDCHAR
STARTCHAR 0457
ENCODING 1111
SWIDTH 687 0
DWIDTH 11 0
BBX 7 13 2 0
BITMAP
CC
CC
CC
00
F8
F8
18
18
18
18
18
FE
FE
ENDCHAR
STARTCHAR 0458
ENCODING 1112
SWIDTH 625 0
DWIDTH 10 0
BBX 7 17 0 -4
BITMAP
06
06
06
00
1E
1E
06
06
06
06
06
06
06
06
C6
FC
78
ENDCHAR
STARTCHAR 0459
ENCODING 1113
SWIDTH 687 0
DWIDTH 11 0
BBX 10 9 0 0
BITMAP
7E00
7E00
6600
6780
67C0
6640
6640
EFC0
CF80
ENDCHAR
STARTCHAR 045A
ENCODING 1114
SWIDTH 625 0
DWIDTH 10 0
BBX 9 9 0 0
BITMAP
EE00
EE00
6C00
7F00
7F80
6C80
6C80
EF80
EF80
ENDCHAR
STARTCHAR 045B
ENCODING 1115
SWIDTH 687 0
DWIDTH 11 0
BBX 9 13 1 0
BITMAP
E000
E000
F800
F800
6E00
7F00
6300
6300
6300
6300
6300
F780
F780
ENDCHAR
STARTCHAR 045C
ENCODING 1116
SWIDTH 625 0
DWIDTH 10 0
BBX 9 13 1 0
BITMAP
0400
0C00
0800
0000
F380
F780
6600
6C00
7C00
7C00
6600
F780
F380
ENDCHAR
STARTCHAR 045D
ENCODING 1117
SWIDTH 687 0
DWIDTH 11 0
BBX 9 13 1 0
BITMAP
1000
1800
0800
0000
F780
F780
6700
6F00
6B00
7B00
7300
F780
F780
ENDCHAR
STARTCHAR 045E
ENCODING 1118
SWIDTH 687 0
DWIDTH 11 0
BBX 9 17 1 -4
BITMAP
6300
3E00
1C00
0000
F780
F780
3700
3600
3600
1600
1C00
1C00
0C00
1800
1800
7800
7000
ENDCHAR
STARTCHAR 045F
ENCODING 1119
SWIDTH 687 0
DWIDTH 11 0
BBX 9 12 1 -3
BITMAP
F780
F780
6300
6300
6300
6300
6300
FF80
FF80
0800
0800
0800
ENDCHAR
STARTCHAR 0460
ENCODING 1120
SWIDTH 687 0
DWIDTH 11 0
BBX 9 13 1 0
BITMAP
FD80
FD80
4D80
4D80
4D80
7D80
7D00
7D00
7D00
3700
3700
3600
3200
ENDCHAR
STARTCHAR 0461
ENCODING 1121
SWIDTH 687 0
DWIDTH 11 0
BBX 9 9 1 0
BITMAP
FD80
FD80
4D80
6D80
7D00
7D00
3700
3700
3200
ENDCHAR
STARTCHAR 0462
ENCODING 1122
SWIDTH 687 0
DWIDTH 11 0
BBX 9 13 1 0
BITMAP
3800
3800
1800
FF00
FF00
DB00
1E00
1F00
1900
1980
1900
3F00
3E00
ENDCHAR
STARTCHAR 0463
ENCODING 1123
SWIDTH 687 0
DWIDTH 11 0
BBX 8 13 1 0
BITMAP
38
38
18
18
FF
FF
DB
1E
1F
19
19
3F
3F
ENDCHAR
STARTCHAR 0464
ENCODING 1124
SWIDTH 687 0
DWIDTH 11 0
BBX 9 13 1 0
BITMAP
EF80
FF80
7980
7800
7800
7800
7E00
7E00
7800
7800
7980
FF80
EF00
ENDCHAR
STARTCHAR 0465
ENCODING 1125
SWIDTH 687 0
DWIDTH 11 0
BBX 9 9 1 0
BITMAP
EF80
FF80
7980
7E00
7E00
7800
7980
FF80
EF00
ENDCHAR
STARTCHAR 0466
ENCODING 1126
SWIDTH 625 0
DWIDTH 10 0
BBX 10 13 0 0
BITMAP
0C00
1E00
1E00
1E00
1200
3300
3F00
3F00
6D00
6D80
6D80
CCC0
CCC0
ENDCHAR
STARTCHAR 0467
ENCODING 1127
SWIDTH 625 0
DWIDTH 10 0
BBX 10 9 0 0
BITMAP
0C00
1E00
1E00
3300
3300
3F00
6D80
EDC0
CCC0
ENDCHAR
STARTCHAR 0468
ENCODING 1128
SWIDTH 750 0
DWIDTH 12 0
BBX 11 13 1 0
BITMAP
C300
C300
C780
C780
C780
C480
CC80
FFC0
CFC0
CBC0
DB40
FB60
FB60
ENDCHAR
STARTCHAR 0469
ENCODING 1129
SWIDTH 687 0
DWIDTH 11 0
BBX 10 9 1 0
BITMAP
C200
C700
4700
4500
4D00
7F80
4B80
FAC0
FAC0
ENDCHAR
STARTCHAR 046A
ENCODING 1130
SWIDTH 625 0
DWIDTH 10 0
BBX 10 13 0 0
BITMAP
7F80
7F80
2100
3300
1200
1E00
3F00
6D00
6D80
6D80
6D80
CCC0
CCC0
ENDCHAR
STARTCHAR 046B
ENCODING 1131
SWIDTH 625 0
DWIDTH 10 0
BBX 10 9 0 0
BITMAP
7F80
7F80
3300
1E00
3F00
7F80
6D80
EDC0
CCC0
ENDCHAR
STARTCHAR 046C
ENCODING 1132
SWIDTH 687 0
DWIDTH 11 0
BBX 11 13 0 0
BITMAP
EFE0
EFC0
6440
6480
6680
7FC0
7FC0
67C0
6F40
6B40
6B40
6B40
EB60
ENDCHAR
STARTCHAR 046D
ENCODING 1133
SWIDTH 625 0
DWIDTH 10 0
BBX 10 9 0 0
BITMAP
DF80
CF80
4900
4500
7F80
7F80
4A80
4A80
DAC0
ENDCHAR
STARTCHAR 046E
ENCODING 1134
SWIDTH 687 0
DWIDTH 11 0
BBX 8 20 2 -3
BITMAP
64
38
18
FC
FE
C6
06
06
06
1C
1E
03
03
03
3E
FC
C0
C0
F0
70
ENDCHAR
STARTCHAR 046F
ENCODING 1135
SWIDTH 687 0
DWIDTH 11 0
BBX 8 17 2 -4
BITMAP
44
6C
38
00
FC
FE
06
06
3E
3E
03
3E
FC
C0
C0
F0
70
ENDCHAR
STARTCHAR 0470
ENCODING 1136
SWIDTH 687 0
DWIDTH 11 0
BBX 11 13 0 0
BITMAP
EC60
ECE0
2CC0
3D80
1D80
1D80
1F00
0F00
0E00
0C00
0C00
1F00
1F00
ENDCHAR
STARTCHAR 0471
ENCODING 1137
SWIDTH 687 0
DWIDTH 11 0
BBX 11 17 0 -4
BITMAP
1C00
1C00
0C00
0C00
EC60
ECE0
2CC0
3D80
1D80
1D80
1F00
1F00
0E00
0C00
0C00
1F00
1F00
ENDCHAR
STARTCHAR 0472
ENCODING 1138
SWIDTH 625 0
DWIDTH 10 0
BBX 8 13 1 0
BITMAP
3C
7E
C3
C3
C3
C3
F3
CF
C3
C3
C3
7E
3C
ENDCHAR
STARTCHAR 0473
ENCODING 1139
SWIDTH 625 0
DWIDTH 10 0
BBX 8 9 1 0
BITMAP
3C
7E
C3
F3
CF
C3
C7
7E
3C
ENDCHAR
STARTCHAR 0474
ENCODING 1140
SWIDTH 687 0
DWIDTH 11 0
BBX 9 13 1 0
BITMAP
F180
F380
6300
3300
3200
3200
3600
1600
1E00
1E00
1E00
0C00
0C00
ENDCHAR
STARTCHAR 0475
ENCODING 1141
SWIDTH 687 0
DWIDTH 11 0
BBX 9 9 1 0
BITMAP
F180
F380
3300
3300
3200
1E00
1E00
1E00
0C00
ENDCHAR
STARTCHAR 0476
ENCODING 1142
SWIDTH 687 0
DWIDTH 11 0
BBX 9 17 1 1
BITMAP
6C00
3600
1200
0000
F180
F380
6300
3300
3200
3200
3600
1600
1E00
1E00
1E00
0C00
0C00
ENDCHAR
STARTCHAR 0477
ENCODING 1143
SWIDTH 687 0
DWIDTH 11 0
BBX 9 13 1 1
BITMAP
6C00
3600
1200
0000
F180
F380
3300
3300
3200
1E00
1E00
1E00
0C00
ENDCHAR
STARTCHAR 0478
ENCODING 1144
SWIDTH 687 0
DWIDTH 11 0
BBX 11 17 1 -4
BITMAP
7000
F800
D800
D800
DE60
DEE0
DAC0
DAC0
DB80
DB80
DB80
F980
7180
0100
0300
0700
0600
ENDCHAR
STARTCHAR 0479
ENCODING 1145
SWIDTH 687 0
DWIDTH 11 0
BBX 10 13 1 -4
BITMAP
6640
F6C0
9280
9280
9380
9380
9300
F300
6100
0300
0300
0700
0600
ENDCHAR
STARTCHAR 047A
ENCODING 1146
SWIDTH 687 0
DWIDTH 11 0
BBX 9 14 1 -1
BITMAP
7F00
7F00
C980
C180
C180
C180
C180
C180
C180
C180
C180
7F00
7F00
1800
ENDCHAR
STARTCHAR 047B
ENCODING 1147
SWIDTH 687 0
DWIDTH 11 0
BBX 9 11 1 -1
BITMAP
1800
7F00
7F00
C180
C180
C180
C180
C180
FF00
7F00
1800
ENDCHAR
STARTCHAR 047C
ENCODING 1148
SWIDTH 687 0
DWIDTH 11 0
BBX 9 18 1 0
BITMAP
3F00
3880
0800
1000
0000
6700
E780
C180
C180
C180
C180
C180
C180
C180
D980
D980
FF80
7700
ENDCHAR
STARTCHAR 047D
ENCODING 1149
SWIDTH 687 0
DWIDTH 11 0
BBX 9 15 1 0
BITMAP
1C00
3300
2880
0800
0800
0000
7700
F780
C180
C180
C180
C180
C980
FF80
7700
ENDCHAR
STARTCHAR 047E
ENCODING 1150
SWIDTH 687 0
DWIDTH 11 0
BBX 9 17 1 0
BITMAP
7F80
7F80
4D80
0000
FD80
FD80
CD80
4D80
4D80
5D80
5D00
7D00
7D00
7D00
7700
3200
3200
ENDCHAR
STARTCHAR 047F
ENCODING 1151
SWIDTH 687 0
DWIDTH 11 0
BBX 9 13 1 0
BITMAP
7F80
7F80
6D80
0000
FD80
FD80
6D80
6D80
7D00
7D00
3D00
3700
3200
ENDCHAR
STARTCHAR 0480
ENCODING 1152
SWIDTH 625 0
DWIDTH 10 0
BBX 7 17 1 -4
BITMAP
7E
FE
C6
C0
C0
C0
C0
C0
C0
C0
C4
7C
3C
0C
0C
3E
3E
ENDCHAR
STARTCHAR 0481
ENCODING 1153
SWIDTH 625 0
DWIDTH 10 0
BBX 7 13 1 -4
BITMAP
76
FE
C6
C0
C0
C0
C4
7C
3C
0C
0C
3E
3E
ENDCHAR
STARTCHAR 0482
ENCODING 1154
SWIDTH 687 0
DWIDTH 11 0
BBX 8 11 1 -3
BITMAP
02
23
3E
1E
0F
59
F8
3C
6E
60
40
ENDCHAR
STARTCHAR 0483
ENCODING 1155
SWIDTH 0 0
DWIDTH 0 0
BBX 6 3 -8 10
BITMAP
FC
FC
C0
ENDCHAR
STARTCHAR 0484
ENCODING 1156
SWIDTH 0 0
DWIDTH 0 0
BBX 7 3 -9 10
BITMAP
38
FE
C6
ENDCHAR
STARTCHAR 0485
ENCODING 1157
SWIDTH 0 0
DWIDTH 0 0
BBX 2 3 -6 9
BITMAP
C0
C0
C0
ENDCHAR
STARTCHAR 0486
ENCODING 1158
SWIDTH 0 0
DWIDTH 0 0
BBX 2 3 -6 9
BITMAP
C0
C0
C0
ENDCHAR
STARTCHAR 0487
ENCODING 1159
SWIDTH 0 0
DWIDTH 0 0
BBX 7 3 -8 10
BITMAP
70
FE
86
ENDCHAR
STARTCHAR 0488
ENCODING 1160
SWIDTH 0 0
DWIDTH 0 0
BBX 22 22 -16 -6
BITMAP
007000
0E4980
0B0240
000000
000000
700030
500048
000000
000000
000000
E00018
A00024
000000
000000
000000
000000
700030
500048
000000
0E0380
097240
004800
ENDCHAR
STARTCHAR 0489
ENCODING 1161
SWIDTH 0 0
DWIDTH 0 0
BBX 21 23 -16 -7
BITMAP
002000
042080
042100
060100
000000
000000
300030
200020
000000
000000
000000
E00018
400010
000000
000000
000000
200020
600030
000000
040100
060100
042100
002000
ENDCHAR
STARTCHAR 048A
ENCODING 1162
SWIDTH 687 0
DWIDTH 11 0
BBX 9 19 1 -2
BITMAP
6300
3E00
3E00
0000
F780
F780
6300
6700
6700
6F00
6B00
7B00
7300
7300
6300
F780
F780
0180
0100
ENDCHAR
STARTCHAR 048B
ENCODING 1163
SWIDTH 687 0
DWIDTH 11 0
BBX 9 15 1 -2
BITMAP
6300
3E00
1C00
0000
F780
F780
6700
6F00
6B00
7B00
7300
F780
F780
0180
0100
ENDCHAR
STARTCHAR 048C
ENCODING 1164
SWIDTH 687 0
DWIDTH 11 0
BBX 8 13 1 0
BITMAP
F0
F0
60
F8
F8
7C
7F
63
63
63
63
FF
FE
ENDCHAR
STARTCHAR 048D
ENCODING 1165
SWIDTH 687 0
DWIDTH 11 0
BBX 8 9 1 0
BITMAP
F0
F0
F8
7E
7F
63
63
FF
FE
ENDCHAR
STARTCHAR 048E
ENCODING 1166
SWIDTH 625 0
DWIDTH 10 0
BBX 8 13 1 0
BITMAP
FC
FE
63
63
6B
6F
7E
7E
62
60
60
F0
F0
ENDCHAR
STARTCHAR 048F
ENCODING 1167
SWIDTH 687 0
DWIDTH 11 0
BBX 8 13 1 -4
BITMAP
EE
FF
63
63
63
63
6F
7F
6E
62
62
F0
F0
ENDCHAR
STARTCHAR 0490
ENCODING 1168
SWIDTH 750 0
DWIDTH 12 0
BBX 8 15 2 0
BITMAP
03
03
FF
FF
60
60
60
60
60
60
60
60
60
F0
F0
ENDCHAR
STARTCHAR 0491
ENCODING 1169
SWIDTH 750 0
DWIDTH 12 0
BBX 8 12 2 0
BITMAP
03
03
03
FF
FF
60
60
60
60
60
F0
F0
ENDCHAR
STARTCHAR 0492
ENCODING 1170
SWIDTH 687 0
DWIDTH 11 0
BBX 8 13 1 0
BITMAP
7F
7F
63
60
60
60
F8
F8
60
60
60
78
78
ENDCHAR
STARTCHAR 0493
ENCODING 1171
SWIDTH 687 0
DWIDTH 11 0
BBX 8 9 1 0
BITMAP
7F
7F
63
60
F8
F8
60
78
78
ENDCHAR
STARTCHAR 0494
ENCODING 1172
SWIDTH 687 0
DWIDTH 11 0
BBX 7 17 2 -4
BITMAP
FE
FE
66
60
60
60
7C
7E
66
66
66
F6
F6
06
06
0E
0C
ENDCHAR
STARTCHAR 0495
ENCODING 1173
SWIDTH 687 0
DWIDTH 11 0
BBX 7 13 2 -4
BITMAP
FE
FE
66
60
7C
7E
66
F6
F6
06
06
0E
0C
ENDCHAR
STARTCHAR 0496
ENCODING 1174
SWIDTH 625 0
DWIDTH 10 0
BBX 10 15 0 -2
BITMAP
CDC0
EDC0
6D80
6D00
6D00
2F00
3F00
3F00
2D00
6D00
6D80
EDC0
CDC0
00C0
00C0
ENDCHAR
STARTCHAR 0497
ENCODING 1175
SWIDTH 625 0
DWIDTH 10 0
BBX 10 11 0 -2
BITMAP
CDC0
EDC0
6D80
6D00
3F00
7F00
6D00
EDC0
CDC0
00C0
00C0
ENDCHAR
STARTCHAR 0498
ENCODING 1176
SWIDTH 625 0
DWIDTH 10 0
BBX 8 15 1 -2
BITMAP
FC
FE
C6
06
06
1C
1E
03
03
C3
E7
7E
3C
18
18
ENDCHAR
STARTCHAR 0499
ENCODING 1177
SWIDTH 687 0
DWIDTH 11 0
BBX 7 11 2 -2
BITMAP
FE
FE
06
1E
1E
02
C6
FE
3C
18
18
ENDCHAR
STARTCHAR 049A
ENCODING 1178
SWIDTH 687 0
DWIDTH 11 0
BBX 9 15 1 -2
BITMAP
F380
F380
6600
6600
6C00
6C00
7C00
7C00
6C00
6600
6600
F380
F380
0180
0180
ENDCHAR
STARTCHAR 049B
ENCODING 1179
SWIDTH 687 0
DWIDTH 11 0
BBX 9 11 1 -2
BITMAP
F380
F780
6600
6C00
7C00
7C00
6600
F780
F380
0180
0180
ENDCHAR
STARTCHAR 049C
ENCODING 1180
SWIDTH 625 0
DWIDTH 10 0
BBX 9 13 1 0
BITMAP
E380
E380
6600
6600
7600
7400
7C00
7C00
7600
7600
6600
E380
E380
ENDCHAR
STARTCHAR 049D
ENCODING 1181
SWIDTH 625 0
DWIDTH 10 0
BBX 9 9 1 0
BITMAP
E380
E380
7600
7600
7C00
7C00
7600
E780
E380
ENDCHAR
STARTCHAR 049E
ENCODING 1182
SWIDTH 687 0
DWIDTH 11 0
BBX 9 13 1 0
BITMAP
F380
F380
FA00
FE00
6600
6C00
7C00
7C00
6C00
6600
6600
F380
F380
ENDCHAR
STARTCHAR 049F
ENCODING 1183
SWIDTH 687 0
DWIDTH 11 0
BBX 9 13 1 0
BITMAP
E000
E000
F800
F800
6380
6380
6600
6600
7C00
7C00
6600
F780
F380
ENDCHAR
STARTCHAR 04A0
ENCODING 1184
SWIDTH 687 0
DWIDTH 11 0
BBX 10 13 1 0
BITMAP
F9C0
FBC0
DB00
1B00
1E00
1E00
1C00
1E00
1E00
1A00
1B00
3BC0
39C0
ENDCHAR
STARTCHAR 04A1
ENCODING 1185
SWIDTH 687 0
DWIDTH 11 0
BBX 10 9 1 0
BITMAP
F9C0
FBC0
DB00
1E00
1E00
1E00
1F00
3BC0
39C0
ENDCHAR
STARTCHAR 04A2
ENCODING 1186
SWIDTH 687 0
DWIDTH 11 0
BBX 9 15 1 -2
BITMAP
F780
F780
6300
6300
6300
6300
7F00
7F00
6300
6300
6300
F780
F780
0180
0180
ENDCHAR
STARTCHAR 04A3
ENCODING 1187
SWIDTH 687 0
DWIDTH 11 0
BBX 9 11 1 -2
BITMAP
F780
F780
6300
7F00
7F00
6300
6300
F780
F780
0180
0180
ENDCHAR
STARTCHAR 04A4
ENCODING 1188
SWIDTH 750 0
DWIDTH 12 0
BBX 10 13 1 0
BITMAP
EFC0
EFC0
6CC0
6C00
6C00
6C00
7C00
7C00
6C00
6C00
6C00
EE00
EE00
ENDCHAR
STARTCHAR 04A5
ENCODING 1189
SWIDTH 750 0
DWIDTH 12 0
BBX 10 9 1 0
BITMAP
EFC0
EFC0
6CC0
7C00
7C00
6C00
6C00
EE00
EE00
ENDCHAR
STARTCHAR 04A6
ENCODING 1190
SWIDTH 687 0
DWIDTH 11 0
BBX 9 17 1 -4
BITMAP
FE00
FE00
6C00
6C00
6D00
6F80
6D80
6D80
6D80
6D80
6D80
EF80
EF80
0180
0180
0380
0300
ENDCHAR
STARTCHAR 04A7
ENCODING 1191
SWIDTH 687 0
DWIDTH 11 0
BBX 9 13 1 -4
BITMAP
FE00
FE00
6C00
6F00
6D80
6D80
6D80
EF80
EF80
0180
0180
0380
0300
ENDCHAR
STARTCHAR 04A8
ENCODING 1192
SWIDTH 687 0
DWIDTH 11 0
BBX 9 13 1 0
BITMAP
3000
7000
C000
C600
CF00
D980
D980
D980
D980
D980
CF00
7F80
3F80
ENDCHAR
STARTCHAR 04A9
ENCODING 1193
SWIDTH 625 0
DWIDTH 10 0
BBX 9 9 1 0
BITMAP
3000
7000
CE00
DF00
D900
D900
DB00
7F80
3F80
ENDCHAR
STARTCHAR 04AA
ENCODING 1194
SWIDTH 687 0
DWIDTH 11 0
BBX 8 15 1 -2
BITMAP
7B
7F
C3
C0
C0
C0
C0
C0
C0
C3
E7
7E
3C
18
18
ENDCHAR
STARTCHAR 04AB
ENCODING 1195
SWIDTH 687 0
DWIDTH 11 0
BBX 8 11 1 -2
BITMAP
7B
FF
C3
C0
C0
C3
E7
7E
3C
18
18
ENDCHAR
STARTCHAR 04AC
ENCODING 1196
SWIDTH 750 0
DWIDTH 12 0
BBX 8 15 2 -2
BITMAP
FF
FF
DB
18
18
18
18
18
18
18
18
3C
3C
0C
0C
ENDCHAR
STARTCHAR 04AD
ENCODING 1197
SWIDTH 750 0
DWIDTH 12 0
BBX 8 11 2 -2
BITMAP
FF
FF
DB
18
18
18
18
3C
3C
0C
0C
ENDCHAR
STARTCHAR 04AE
ENCODING 1198
SWIDTH 687 0
DWIDTH 11 0
BBX 9 13 1 0
BITMAP
F780
F780
6600
3600
3600
3C00
1C00
1800
1800
1800
1800
3E00
3E00
ENDCHAR
STARTCHAR 04AF
ENCODING 1199
SWIDTH 687 0
DWIDTH 11 0
BBX 9 13 1 -4
BITMAP
F780
F780
6700
6600
3600
3400
3C00
1C00
1800
1800
1800
3E00
3E00
ENDCHAR
STARTCHAR 04B0
ENCODING 1200
SWIDTH 687 0
DWIDTH 11 0
BBX 9 13 1 0
BITMAP
F780
F780
6700
3600
3600
3C00
1C00
3E00
3E00
1800
1800
3E00
3E00
ENDCHAR
STARTCHAR 04B1
ENCODING 1201
SWIDTH 687 0
DWIDTH 11 0
BBX 9 13 1 -4
BITMAP
F780
F780
6700
6600
3600
3400
3C00
1C00
3E00
3E00
1800
3E00
3E00
ENDCHAR
STARTCHAR 04B2
ENCODING 1202
SWIDTH 687 0
DWIDTH 11 0
BBX 9 15 1 -2
BITMAP
F780
F780
3600
3600
1C00
1C00
0800
1C00
1C00
3600
3600
F780
F780
0180
0180
ENDCHAR
STARTCHAR 04B3
ENCODING 1203
SWIDTH 687 0
DWIDTH 11 0
BBX 9 11 1 -2
BITMAP
F780
F780
3600
1C00
0800
1C00
3600
F780
F780
0180
0180
ENDCHAR
STARTCHAR 04B4
ENCODING 1204
SWIDTH 687 0
DWIDTH 11 0
BBX 9 15 1 -2
BITMAP
FB80
FB80
EB00
6300
6300
6300
6300
6300
6300
6300
6300
7F80
7F80
0180
0180
ENDCHAR
STARTCHAR 04B5
ENCODING 1205
SWIDTH 687 0
DWIDTH 11 0
BBX 9 11 1 -2
BITMAP
FB80
FB80
EB00
6300
6300
6300
6300
7F80
7F80
0180
0180
ENDCHAR
STARTCHAR 04B6
ENCODING 1206
SWIDTH 687 0
DWIDTH 11 0
BBX 9 15 1 -2
BITMAP
F780
F780
6300
6300
6300
6300
7300
3F00
1F00
0300
0300
0780
0780
0180
0180
ENDCHAR
STARTCHAR 04B7
ENCODING 1207
SWIDTH 687 0
DWIDTH 11 0
BBX 9 11 1 -2
BITMAP
F780
F780
6300
6300
7F00
3F00
0300
0780
0780
0180
0180
ENDCHAR
STARTCHAR 04B8
ENCODING 1208
SWIDTH 687 0
DWIDTH 11 0
BBX 9 13 1 0
BITMAP
F780
F780
6300
6300
6300
6B00
7B00
3F00
1F00
0B00
0300
0780
0780
ENDCHAR
STARTCHAR 04B9
ENCODING 1209
SWIDTH 687 0
DWIDTH 11 0
BBX 9 9 1 0
BITMAP
F780
F780
6B00
7B00
3F00
1F00
0B00
0780
0780
ENDCHAR
STARTCHAR 04BA
ENCODING 1210
SWIDTH 687 0
DWIDTH 11 0
BBX 9 13 1 0
BITMAP
F000
F000
6000
6000
6000
7C00
7E00
6300
6300
6300
6300
F780
F780
ENDCHAR
STARTCHAR 04BB
ENCODING 1211
SWIDTH 687 0
DWIDTH 11 0
BBX 9 13 1 0
BITMAP
E000
E000
6000
6000
6E00
7F00
6300
6300
6300
6300
6300
F780
F780
ENDCHAR
STARTCHAR 04BC
ENCODING 1212
SWIDTH 687 0
DWIDTH 11 0
BBX 10 13 0 0
BITMAP
0780
0FC0
0CC0
0CC0
CCC0
4CC0
7FC0
3FC0
0C00
0C00
0CC0
0FC0
0780
ENDCHAR
STARTCHAR 04BD
ENCODING 1213
SWIDTH 687 0
DWIDTH 11 0
BBX 10 9 0 0
BITMAP
0780
0FC0
CCC0
7FC0
7FC0
0C00
0CC0
0FC0
0780
ENDCHAR
STARTCHAR 04BE
ENCODING 1214
SWIDTH 687 0
DWIDTH 11 0
BBX 10 15 0 -2
BITMAP
0780
0FC0
0CC0
0CC0
CCC0
7FC0
7FC0
0C00
0C00
0CC0
0CC0
0F80
0300
0300
0300
ENDCHAR
STARTCHAR 04BF
ENCODING 1215
SWIDTH 687 0
DWIDTH 11 0
BBX 10 12 0 -3
BITMAP
0780
0FC0
CCC0
4CC0
7FC0
3FC0
0C00
0CC0
0FC0
0300
0300
0300
ENDCHAR
STARTCHAR 04C0
ENCODING 1216
SWIDTH 687 0
DWIDTH 11 0
BBX 7 13 2 0
BITMAP
FE
FE
30
30
30
30
30
30
30
30
30
FE
FE
ENDCHAR
STARTCHAR 04C1
ENCODING 1217
SWIDTH 625 0
DWIDTH 10 0
BBX 10 17 0 0
BITMAP
2100
3F00
1E00
0000
CCC0
EDC0
6D80
6D80
6D80
2D00
3F00
3F00
2D00
6D80
6D80
EDC0
CCC0
ENDCHAR
STARTCHAR 04C2
ENCODING 1218
SWIDTH 625 0
DWIDTH 10 0
BBX 10 13 0 0
BITMAP
2100
3F00
1E00
0000
CCC0
EDC0
6D80
6D80
3F00
7F00
6D80
EDC0
CCC0
ENDCHAR
STARTCHAR 04C3
ENCODING 1219
SWIDTH 625 0
DWIDTH 10 0
BBX 9 17 1 -4
BITMAP
F380
F380
6600
6600
6400
6C00
7C00
7E00
6300
6300
6300
F300
F300
0300
0300
0E00
0C00
ENDCHAR
STARTCHAR 04C4
ENCODING 1220
SWIDTH 625 0
DWIDTH 10 0
BBX 9 13 1 -4
BITMAP
F380
F780
6600
6C00
7C00
7E00
6300
F300
F300
0300
0300
0E00
0C00
ENDCHAR
STARTCHAR 04C5
ENCODING 1221
SWIDTH 687 0
DWIDTH 11 0
BBX 10 15 0 -2
BITMAP
3FC0
3FC0
18C0
18C0
18C0
18C0
18C0
18C0
18C0
18C0
38C0
F1C0
E1C0
0040
0040
ENDCHAR
STARTCHAR 04C6
ENCODING 1222
SWIDTH 687 0
DWIDTH 11 0
BBX 10 11 0 -2
BITMAP
3FC0
3FC0
18C0
18C0
18C0
18C0
18C0
F1C0
E1C0
0040
0040
ENDCHAR
STARTCHAR 04C7
ENCODING 1223
SWIDTH 687 0
DWIDTH 11 0
BBX 9 17 1 -4
BITMAP
F780
F780
6300
6300
6300
6300
7F00
7F00
6300
6300
6300
F300
F300
0300
0300
0F00
0E00
ENDCHAR
STARTCHAR 04C8
ENCODING 1224
SWIDTH 687 0
DWIDTH 11 0
BBX 9 13 1 -4
BITMAP
F780
F780
6300
6300
7F00
7F00
6300
F300
F300
0300
0300
0F00
0E00
ENDCHAR
STARTCHAR 04C9
ENCODING 1225
SWIDTH 687 0
DWIDTH 11 0
BBX 9 15 1 -2
BITMAP
F780
F780
6300
6300
6300
6300
7F00
7F00
6300
6300
6300
F780
F780
0180
0100
ENDCHAR
STARTCHAR 04CA
ENCODING 1226
SWIDTH 687 0
DWIDTH 11 0
BBX 9 11 1 -2
BITMAP
F780
F780
6300
7F00
7F00
6300
6300
F780
F780
0180
0100
ENDCHAR
STARTCHAR 04CB
ENCODING 1227
SWIDTH 687 0
DWIDTH 11 0
BBX 9 15 1 -2
BITMAP
F780
F780
6300
6300
6300
6300
7300
3F00
1F00
0300
0300
0780
0780
0600
0600
ENDCHAR
STARTCHAR 04CC
ENCODING 1228
SWIDTH 687 0
DWIDTH 11 0
BBX 9 11 1 -2
BITMAP
F780
F780
6300
6300
7F00
3F00
0300
0780
0780
0600
0600
ENDCHAR
STARTCHAR 04CD
ENCODING 1229
SWIDTH 750 0
DWIDTH 12 0
BBX 11 15 1 -2
BITMAP
E3C0
E3C0
E380
F380
D780
D580
DD80
DD80
C980
C180
C180
E3E0
E3C0
00C0
0180
ENDCHAR
STARTCHAR 04CE
ENCODING 1230
SWIDTH 687 0
DWIDTH 11 0
BBX 10 11 1 -2
BITMAP
E3C0
F3C0
7380
7780
7780
7D80
6D80
EDC0
EDC0
00C0
0080
ENDCHAR
STARTCHAR 04CF
ENCODING 1231
SWIDTH 687 0
DWIDTH 11 0
BBX 7 13 2 0
BITMAP
F8
F8
18
18
18
18
18
18
18
18
18
FE
FE
ENDCHAR
STARTCHAR 04D0
ENCODING 1232
SWIDTH 687 0
DWIDTH 11 0
BBX 9 17 1 0
BITMAP
6300
3E00
3E00
0000
0800
1C00
1C00
1400
1400
3600
3600
3E00
3E00
6300
6300
F780
F780
ENDCHAR
STARTCHAR 04D1
ENCODING 1233
SWIDTH 687 0
DWIDTH 11 0
BBX 9 13 1 0
BITMAP
6200
7E00
3C00
0000
3C00
7F00
0300
1F00
7F00
6300
E300
7F80
7B80
ENDCHAR
STARTCHAR 04D2
ENCODING 1234
SWIDTH 687 0
DWIDTH 11 0
BBX 9 17 1 0
BITMAP
6600
6600
6600
0000
0800
1C00
1C00
1400
1400
3600
3600
3E00
3E00
6300
6300
F780
F780
ENDCHAR
STARTCHAR 04D3
ENCODING 1235
SWIDTH 687 0
DWIDTH 11 0
BBX 9 13 1 0
BITMAP
6600
6600
6600
0000
3C00
7F00
6300
1F00
7F00
6300
E300
7F80
7B80
ENDCHAR
STARTCHAR 04D4
ENCODING 1236
SWIDTH 750 0
DWIDTH 12 0
BBX 10 13 1 0
BITMAP
3FC0
3FC0
1CC0
1C00
3C00
3C00
2F80
2F80
7C00
7C00
6CC0
EFC0
EFC0
ENDCHAR
STARTCHAR 04D5
ENCODING 1237
SWIDTH 625 0
DWIDTH 10 0
BBX 9 9 0 0
BITMAP
7700
7F80
4D80
3F80
7F80
4C00
CD80
7F80
7700
ENDCHAR
STARTCHAR 04D6
ENCODING 1238
SWIDTH 687 0
DWIDTH 11 0
BBX 8 17 1 0
BITMAP
62
7E
3C
00
FF
FF
63
60
60
7C
7C
60
60
60
63
FF
FF
ENDCHAR
STARTCHAR 04D7
ENCODING 1239
SWIDTH 625 0
DWIDTH 10 0
BBX 8 13 1 0
BITMAP
46
7E
38
00
3C
7E
C6
FF
FF
C0
C6
7E
3C
ENDCHAR
STARTCHAR 04D8
ENCODING 1240
SWIDTH 625 0
DWIDTH 10 0
BBX 8 13 1 0
BITMAP
DC
FE
C3
03
03
03
FF
FF
C3
C3
C3
7E
3C
ENDCHAR
STARTCHAR 04D9
ENCODING 1241
SWIDTH 625 0
DWIDTH 10 0
BBX 8 9 1 0
BITMAP
FC
FE
C6
FE
FF
C2
C6
7E
3C
ENDCHAR
STARTCHAR 04DA
ENCODING 1242
SWIDTH 625 0
DWIDTH 10 0
BBX 8 17 1 0
BITMAP
CC
CC
CC
00
DC
FE
C3
03
03
03
FF
FF
C3
C3
C3
7E
3C
ENDCHAR
STARTCHAR 04DB
ENCODING 1243
SWIDTH 625 0
DWIDTH 10 0
BBX 8 13 1 0
BITMAP
CC
CC
CC
00
FC
FE
C6
FE
FF
C2
C6
7E
3C
ENDCHAR
STARTCHAR 04DC
ENCODING 1244
SWIDTH 625 0
DWIDTH 10 0
BBX 10 17 0 0
BITMAP
3300
3300
3300
0000
CCC0
EDC0
6D80
6D80
6D80
2D00
3F00
3F00
2D00
6D80
6D80
EDC0
CCC0
ENDCHAR
STARTCHAR 04DD
ENCODING 1245
SWIDTH 625 0
DWIDTH 10 0
BBX 10 13 0 0
BITMAP
3300
3300
3300
0000
CCC0
EDC0
6D80
6D80
3F00
7F00
6D80
EDC0
CCC0
ENDCHAR
STARTCHAR 04DE
ENCODING 1246
SWIDTH 625 0
DWIDTH 10 0
BBX 8 17 1 0
BITMAP
66
66
66
00
FC
FE
C6
06
06
1E
1E
07
03
03
C3
7E
3C
ENDCHAR
STARTCHAR 04DF
ENCODING 1247
SWIDTH 687 0
DWIDTH 11 0
BBX 7 13 2 0
BITMAP
CC
CC
CC
00
FC
FE
06
3E
3E
06
C6
FE
7C
ENDCHAR
STARTCHAR 04E0
ENCODING 1248
SWIDTH 625 0
DWIDTH 10 0
BBX 8 13 1 0
BITMAP
FE
FE
CE
0C
18
3C
3E
07
03
03
E3
7E
3C
ENDCHAR
STARTCHAR 04E1
ENCODING 1249
SWIDTH 687 0
DWIDTH 11 0
BBX 8 13 2 -4
BITMAP
FE
FE
CC
1C
38
3C
3E
03
03
03
C3
FE
7C
ENDCHAR
STARTCHAR 04E2
ENCODING 1250
SWIDTH 687 0
DWIDTH 11 0
BBX 9 16 1 0
BITMAP
7E00
7E00
0000
F780
F780
6300
6700
6700
6F00
6B00
7B00
7300
7300
6300
F780
F780
ENDCHAR
STARTCHAR 04E3
ENCODING 1251
SWIDTH 687 0
DWIDTH 11 0
BBX 9 13 1 0
BITMAP
7E00
7E00
0000
0000
F780
F780
6700
6F00
6B00
7B00
7300
F780
F780
ENDCHAR
STARTCHAR 04E4
ENCODING 1252
SWIDTH 687 0
DWIDTH 11 0
BBX 9 17 1 0
BITMAP
6600
6600
6600
0000
F780
F780
6300
6700
6700
6F00
6B00
7B00
7300
7300
6300
F780
F780
ENDCHAR
STARTCHAR 04E5
ENCODING 1253
SWIDTH 687 0
DWIDTH 11 0
BBX 9 13 1 0
BITMAP
6600
6600
6600
0000
F780
F780
6700
6F00
6B00
7B00
7300
F780
F780
ENDCHAR
STARTCHAR 04E6
ENCODING 1254
SWIDTH 625 0
DWIDTH 10 0
BBX 8 17 1 0
BITMAP
CC
CC
CC
00
3C
7E
C3
C3
C3
C3
C3
C3
C3
C3
C3
7E
3C
ENDCHAR
STARTCHAR 04E7
ENCODING 1255
SWIDTH 625 0
DWIDTH 10 0
BBX 8 13 1 0
BITMAP
CC
CC
CC
00
3C
7E
C3
C3
C3
C3
C3
7E
3C
ENDCHAR
STARTCHAR 04E8
ENCODING 1256
SWIDTH 625 0
DWIDTH 10 0
BBX 8 13 1 0
BITMAP
3C
7E
C3
C3
C3
C3
FF
FF
C3
C3
C3
7E
3C
ENDCHAR
STARTCHAR 04E9
ENCODING 1257
SWIDTH 625 0
DWIDTH 10 0
BBX 8 9 1 0
BITMAP
3C
7E
C6
FF
FF
C2
C6
7E
3C
ENDCHAR
STARTCHAR 04EA
ENCODING 1258
SWIDTH 625 0
DWIDTH 10 0
BBX 8 17 1 0
BITMAP
CC
CC
CC
00
3C
7E
C3
C3
C3
C3
FF
FF
C3
C3
C3
7E
3C
ENDCHAR
STARTCHAR 04EB
ENCODING 1259
SWIDTH 625 0
DWIDTH 10 0
BBX 8 13 1 0
BITMAP
CC
CC
CC
00
3C
7E
C6
FF
FF
C2
C6
7E
3C
ENDCHAR
STARTCHAR 04EC
ENCODING 1260
SWIDTH 687 0
DWIDTH 11 0
BBX 7 17 2 0
BITMAP
CC
CC
CC
00
FC
FE
C6
06
06
06
1E
1E
06
06
C6
FC
78
ENDCHAR
STARTCHAR 04ED
ENCODING 1261
SWIDTH 687 0
DWIDTH 11 0
BBX 8 13 2 0
BITMAP
CC
CC
CC
00
DC
FE
C6
3E
3F
C6
C6
7E
3C
ENDCHAR
STARTCHAR 04EE
ENCODING 1262
SWIDTH 687 0
DWIDTH 11 0
BBX 9 16 1 0
BITMAP
7E00
7E00
0000
F780
F780
6600
3600
3600
3400
1C00
1C00
0800
1800
1800
7000
6000
ENDCHAR
STARTCHAR 04EF
ENCODING 1263
SWIDTH 687 0
DWIDTH 11 0
BBX 9 17 1 -4
BITMAP
7E00
7E00
0000
0000
F780
F780
6600
3600
3600
3400
1C00
1C00
0800
1800
1800
7000
6000
ENDCHAR
STARTCHAR 04F0
ENCODING 1264
SWIDTH 687 0
DWIDTH 11 0
BBX 9 17 1 0
BITMAP
6600
6600
6600
0000
F780
F780
3700
3600
3600
1600
1C00
1C00
0C00
1800
1800
7800
7000
ENDCHAR
STARTCHAR 04F1
ENCODING 1265
SWIDTH 687 0
DWIDTH 11 0
BBX 9 17 1 -4
BITMAP
6600
6600
6600
0000
F780
F780
3700
3600
3600
1600
1C00
1C00
0C00
1800
1800
7800
7000
ENDCHAR
STARTCHAR 04F2
ENCODING 1266
SWIDTH 687 0
DWIDTH 11 0
BBX 9 18 1 0
BITMAP
0100
1B80
3700
2400
0000
F780
F780
3700
3600
3600
1600
1C00
1C00
0C00
1800
1800
7800
7000
ENDCHAR
STARTCHAR 04F3
ENCODING 1267
SWIDTH 687 0
DWIDTH 11 0
BBX 9 18 1 -4
BITMAP
0100
1B80
3700
2400
0000
F780
F780
3700
3600
3600
1600
1C00
1C00
0C00
1800
1800
7800
7000
ENDCHAR
STARTCHAR 04F4
ENCODING 1268
SWIDTH 687 0
DWIDTH 11 0
BBX 9 17 1 0
BITMAP
6600
6600
6600
0000
F780
F780
6300
6300
6300
6300
7300
3F00
1F00
0300
0300
0780
0780
ENDCHAR
STARTCHAR 04F5
ENCODING 1269
SWIDTH 687 0
DWIDTH 11 0
BBX 9 13 1 0
BITMAP
6600
6600
6600
0000
F780
F780
6300
6300
7F00
3F00
0300
0780
0780
ENDCHAR
STARTCHAR 04F6
ENCODING 1270
SWIDTH 750 0
DWIDTH 12 0
BBX 8 15 2 -2
BITMAP
FF
FF
63
60
60
60
60
60
60
60
60
F0
F0
30
30
ENDCHAR
STARTCHAR 04F7
ENCODING 1271
SWIDTH 750 0
DWIDTH 12 0
BBX 8 11 2 -2
BITMAP
FF
FF
63
60
60
60
60
F0
F0
30
30
ENDCHAR
STARTCHAR 04F8
ENCODING 1272
SWIDTH 750 0
DWIDTH 12 0
BBX 10 17 1 0
BITMAP
3300
3300
3300
0000
E1C0
E1C0
6180
6180
6180
7980
7D80
6780
6780
6780
6780
FDC0
FDC0
ENDCHAR
STARTCHAR 04F9
ENCODING 1273
SWIDTH 750 0
DWIDTH 12 0
BBX 10 13 1 0
BITMAP
3300
3300
3300
0000
E1C0
E1C0
6180
7980
7D80
6780
6780
FDC0
FDC0
ENDCHAR
STARTCHAR 04FA
ENCODING 1274
SWIDTH 687 0
DWIDTH 11 0
BBX 8 17 1 -4
BITMAP
FF
FF
63
60
60
60
F8
F8
60
60
60
F8
F8
18
18
70
60
ENDCHAR
STARTCHAR 04FB
ENCODING 1275
SWIDTH 687 0
DWIDTH 11 0
BBX 8 13 1 -4
BITMAP
FF
FF
63
60
F8
F8
60
F8
F8
18
18
70
60
ENDCHAR
STARTCHAR 04FC
ENCODING 1276
SWIDTH 687 0
DWIDTH 11 0
BBX 9 17 1 -4
BITMAP
F780
F780
3600
3600
1C00
1C00
0800
1C00
1C00
3600
3600
F780
F780
0180
0180
0780
0700
ENDCHAR
STARTCHAR 04FD
ENCODING 1277
SWIDTH 687 0
DWIDTH 11 0
BBX 9 13 1 -4
BITMAP
F780
F780
3600
1C00
0800
1C00
3600
F780
F780
0180
0180
0780
0700
ENDCHAR
STARTCHAR 04FE
ENCODING 1278
SWIDTH 687 0
DWIDTH 11 0
BBX 9 13 1 0
BITMAP
F780
F780
7600
3400
1C00
1C00
7E00
7E00
1C00
3400
7600
F780
F780
ENDCHAR
STARTCHAR 04FF
ENCODING 1279
SWIDTH 687 0
DWIDTH 11 0
BBX 9 9 1 0
BITMAP
F780
F780
3400
1C00
7E00
7E00
3C00
F780
F780
ENDCHAR
STARTCHAR 0500
ENCODING 1280
SWIDTH 687 0
DWIDTH 11 0
BBX 9 13 1 0
BITMAP
0780
0780
0300
0300
0300
3F00
7F00
6300
6300
E300
6300
7F80
3F80
ENDCHAR
STARTCHAR 0501
ENCODING 1281
SWIDTH 625 0
DWIDTH 10 0
BBX 8 13 1 0
BITMAP
0E
0E
06
06
76
FE
C6
C6
C6
C6
C6
FF
77
ENDCHAR
STARTCHAR 0502
ENCODING 1282
SWIDTH 687 0
DWIDTH 11 0
BBX 10 13 0 0
BITMAP
1C00
1C00
0C00
0C00
0C00
3C00
7DC0
4DC0
CD80
CD80
4D80
7F80
3700
ENDCHAR
STARTCHAR 0503
ENCODING 1283
SWIDTH 687 0
DWIDTH 11 0
BBX 9 13 1 0
BITMAP
3800
3800
1800
1800
7800
D800
D800
DB80
DB80
D980
D980
FF80
6F00
ENDCHAR
STARTCHAR 0504
ENCODING 1284
SWIDTH 750 0
DWIDTH 12 0
BBX 10 13 1 0
BITMAP
F800
FC00
CC00
0C00
0C00
39C0
39C0
0D80
0D80
0D80
0D80
0F80
0700
ENDCHAR
STARTCHAR 0505
ENCODING 1285
SWIDTH 750 0
DWIDTH 12 0
BBX 10 9 1 0
BITMAP
F800
DC00
0C00
39C0
39C0
0D80
0D80
0F80
0700
ENDCHAR
STARTCHAR 0506
ENCODING 1286
SWIDTH 687 0
DWIDTH 11 0
BBX 8 15 2 -2
BITMAP
FC
FE
C6
06
06
1E
1E
07
03
03
03
03
03
03
03
ENDCHAR
STARTCHAR 0507
ENCODING 1287
SWIDTH 687 0
DWIDTH 11 0
BBX 9 11 1 -2
BITMAP
DE00
FF00
0300
1E00
1E00
0300
0300
0380
0380
0180
0180
ENDCHAR
STARTCHAR 0508
ENCODING 1288
SWIDTH 750 0
DWIDTH 12 0
BBX 11 13 0 0
BITMAP
7E00
7E00
3600
3600
3600
3600
36E0
36E0
36C0
36C0
36C0
E7C0
E380
ENDCHAR
STARTCHAR 0509
ENCODING 1289
SWIDTH 750 0
DWIDTH 12 0
BBX 11 9 0 0
BITMAP
7E00
7E00
3600
36E0
36E0
36C0
36C0
F7C0
E380
ENDCHAR
STARTCHAR 050A
ENCODING 1290
SWIDTH 687 0
DWIDTH 11 0
BBX 10 13 1 0
BITMAP
EE00
EE00
6C00
6C00
6C00
7DC0
7DC0
6D80
6D80
6D80
6D80
EF80
E700
ENDCHAR
STARTCHAR 050B
ENCODING 1291
SWIDTH 687 0
DWIDTH 11 0
BBX 10 9 1 0
BITMAP
EE00
EE00
6C00
7DC0
7DC0
6D80
6D80
EF80
E700
ENDCHAR
STARTCHAR 050C
ENCODING 1292
SWIDTH 625 0
DWIDTH 10 0
BBX 8 13 1 0
BITMAP
7B
7F
C3
C0
C0
C0
CF
CF
C3
C3
C3
7E
3C
ENDCHAR
STARTCHAR 050D
ENCODING 1293
SWIDTH 625 0
DWIDTH 10 0
BBX 8 9 1 0
BITMAP
7E
FE
C6
CF
CF
C6
C6
7C
38
ENDCHAR
STARTCHAR 050E
ENCODING 1294
SWIDTH 687 0
DWIDTH 11 0
BBX 10 13 1 0
BITMAP
FF00
FF00
DB00
1800
1800
1800
1BC0
1BC0
18C0
18C0
18C0
1FC0
0F80
ENDCHAR
STARTCHAR 050F
ENCODING 1295
SWIDTH 687 0
DWIDTH 11 0
BBX 10 9 1 0
BITMAP
FF00
FF00
DB00
1BC0
1BC0
18C0
18C0
1FC0
0F80
ENDCHAR
STARTCHAR 0510
ENCODING 1296
SWIDTH 687 0
DWIDTH 11 0
BBX 8 13 1 0
BITMAP
7B
7F
C3
C0
C0
78
78
E0
C0
C0
C3
7E
3C
ENDCHAR
STARTCHAR 0511
ENCODING 1297
SWIDTH 625 0
DWIDTH 10 0
BBX 8 9 1 0
BITMAP
7B
7F
C3
78
78
C0
C3
FE
7C
ENDCHAR
STARTCHAR 0512
ENCODING 1298
SWIDTH 687 0
DWIDTH 11 0
BBX 10 17 0 -4
BITMAP
3FC0
3FC0
18C0
18C0
18C0
18C0
18C0
18C0
18C0
18C0
38C0
F1C0
E1C0
00C0
00C0
00C0
0080
ENDCHAR
STARTCHAR 0513
ENCODING 1299
SWIDTH 687 0
DWIDTH 11 0
BBX 10 13 0 -4
BITMAP
3FC0
3FC0
18C0
18C0
18C0
18C0
18C0
F1C0
E1C0
00C0
00C0
00C0
0080
ENDCHAR
STARTCHAR 0514
ENCODING 1300
SWIDTH 687 0
DWIDTH 11 0
BBX 10 13 0 0
BITMAP
F8C0
F8C0
6D80
6D80
6700
6700
6200
6700
6700
6D80
6D80
D8C0
D8C0
ENDCHAR
STARTCHAR 0515
ENCODING 1301
SWIDTH 750 0
DWIDTH 12 0
BBX 11 9 0 0
BITMAP
7C60
7EE0
36C0
3380
3100
3380
36C0
FEE0
EC60
ENDCHAR
STARTCHAR 0516
ENCODING 1302
SWIDTH 750 0
DWIDTH 12 0
BBX 10 13 1 0
BITMAP
F9C0
FDC0
6F00
6700
6600
6E00
7C00
7E00
6600
6300
6300
F1C0
F1C0
ENDCHAR
STARTCHAR 0517
ENCODING 1303
SWIDTH 750 0
DWIDTH 12 0
BBX 10 13 1 -4
BITMAP
F9C0
FFC0
6F00
6E00
6C00
6E00
6F00
7FC0
79C0
6000
6000
F000
F000
ENDCHAR
STARTCHAR 0518
ENCODING 1304
SWIDTH 750 0
DWIDTH 12 0
BBX 10 13 1 0
BITMAP
3FC0
7FC0
66C0
6600
6600
6600
7F80
3F80
3600
3600
36C0
E7C0
E7C0
ENDCHAR
STARTCHAR 0519
ENCODING 1305
SWIDTH 687 0
DWIDTH 11 0
BBX 10 9 0 0
BITMAP
3F80
3FC0
66C0
67C0
3FC0
1E00
36C0
F7C0
E380
ENDCHAR
STARTCHAR 051A
ENCODING 1306
SWIDTH 625 0
DWIDTH 10 0
BBX 8 13 1 0
BITMAP
3C
7E
C3
C3
C3
C3
C3
DB
CF
CF
C7
7F
3F
ENDCHAR
STARTCHAR 051B
ENCODING 1307
SWIDTH 625 0
DWIDTH 10 0
BBX 8 13 1 -4
BITMAP
77
FF
C6
C6
C6
C6
C6
FE
76
06
06
0F
0F
ENDCHAR
STARTCHAR 051C
ENCODING 1308
SWIDTH 750 0
DWIDTH 12 0
BBX 10 13 1 0
BITMAP
E1C0
E1C0
4080
4080
6D80
6D80
6D80
7F80
7F80
3300
3300
3300
3300
ENDCHAR
STARTCHAR 051D
ENCODING 1309
SWIDTH 750 0
DWIDTH 12 0
BBX 10 9 1 0
BITMAP
E1C0
E1C0
4D80
6D80
6D80
7F80
3300
3300
3300
ENDCHAR
STARTCHAR 051E
ENCODING 1310
SWIDTH 625 0
DWIDTH 10 0
BBX 9 13 1 0
BITMAP
F380
FB80
6E00
6600
6E00
6F00
7C00
7C00
6C00
6600
6600
F380
F380
ENDCHAR
STARTCHAR 051F
ENCODING 1311
SWIDTH 625 0
DWIDTH 10 0
BBX 9 9 1 0
BITMAP
FB80
FF80
6600
6E00
7F00
7C00
6600
F780
F380
ENDCHAR
STARTCHAR 0520
ENCODING 1312
SWIDTH 687 0
DWIDTH 11 0
BBX 10 17 0 -4
BITMAP
7E00
7E00
3600
3600
3680
37C0
36C0
36C0
36C0
36C0
36C0
EEC0
EEC0
00C0
00C0
01C0
0180
ENDCHAR
STARTCHAR 0521
ENCODING 1313
SWIDTH 687 0
DWIDTH 11 0
BBX 10 13 0 -4
BITMAP
7E00
7E00
3600
3780
36C0
36C0
36C0
FEC0
EEC0
00C0
00C0
01C0
0180
ENDCHAR
STARTCHAR 0522
ENCODING 1314
SWIDTH 687 0
DWIDTH 11 0
BBX 9 17 1 -4
BITMAP
EE00
EE00
6C00
6C00
6C00
6F00
7D80
7D80
6D80
6D80
6D80
EF80
EF80
0180
0180
0380
0300
ENDCHAR
STARTCHAR 0523
ENCODING 1315
SWIDTH 687 0
DWIDTH 11 0
BBX 9 13 1 -4
BITMAP
EE00
EE00
6C00
7F00
7D80
6D80
6D80
EF80
EF80
0180
0180
0380
0300
ENDCHAR
STARTCHAR 0524
ENCODING 1316
SWIDTH 687 0
DWIDTH 11 0
BBX 9 15 1 -2
BITMAP
FF80
FF80
6300
6300
6300
6300
6300
6300
6300
6300
6300
F780
F780
0180
0180
ENDCHAR
STARTCHAR 0525
ENCODING 1317
SWIDTH 687 0
DWIDTH 11 0
BBX 9 11 1 -2
BITMAP
FF80
FF80
6300
6300
6300
6300
6300
F780
F780
0180
0180
ENDCHAR
STARTCHAR 0526
ENCODING 1318
SWIDTH 687 0
DWIDTH 11 0
BBX 9 15 1 -2
BITMAP
F000
F000
6000
6000
6000
7C00
7E00
6300
6300
6300
6300
F780
F780
0180
0180
ENDCHAR
STARTCHAR 0527
ENCODING 1319
SWIDTH 687 0
DWIDTH 11 0
BBX 9 15 1 -2
BITMAP
E000
E000
6000
6000
6E00
7F00
6300
6300
6300
6300
6300
F780
F780
0180
0180
ENDCHAR
STARTCHAR 0528
ENCODING 1320
SWIDTH 687 0
DWIDTH 11 0
BBX 10 17 0 -4
BITMAP
7BC0
7BC0
3180
3180
3180
3180
3F80
3F80
3180
3180
3180
33C0
33C0
3000
3000
F000
E000
ENDCHAR
STARTCHAR 0529
ENCODING 1321
SWIDTH 687 0
DWIDTH 11 0
BBX 10 13 0 -4
BITMAP
7BC0
7BC0
3180
3180
3F80
3F80
3180
33C0
33C0
3000
3000
F000
E000
ENDCHAR
STARTCHAR 052A
ENCODING 1322
SWIDTH 687 0
DWIDTH 11 0
BBX 10 15 1 -2
BITMAP
FAC0
FAC0
5280
5280
5380
5380
5F80
5F80
5380
5280
5280
FAC0
FAC0
8800
8800
ENDCHAR
STARTCHAR 052B
ENCODING 1323
SWIDTH 687 0
DWIDTH 11 0
BBX 10 11 1 -2
BITMAP
FAC0
FAC0
5280
5380
5F80
5F80
5280
FAC0
FAC0
8800
8800
ENDCHAR
STARTCHAR 052C
ENCODING 1324
SWIDTH 687 0
DWIDTH 11 0
BBX 9 15 1 -2
BITMAP
F780
F780
6300
6700
6700
6F00
7F00
3F00
1300
3300
6300
FF80
FF80
C180
C180
ENDCHAR
STARTCHAR 052D
ENCODING 1325
SWIDTH 687 0
DWIDTH 11 0
BBX 9 11 1 -2
BITMAP
F780
F780
6700
7700
3F00
1F00
3300
FF80
FF80
C180
C180
ENDCHAR
STARTCHAR 052E
ENCODING 1326
SWIDTH 687 0
DWIDTH 11 0
BBX 10 15 0 -2
BITMAP
3FC0
3FC0
18C0
18C0
18C0
18C0
18C0
18C0
18C0
18C0
38C0
F1C0
E1C0
00C0
00C0
ENDCHAR
STARTCHAR 052F
ENCODING 1327
SWIDTH 687 0
DWIDTH 11 0
BBX 10 11 0 -2
BITMAP
3FC0
3FC0
18C0
18C0
18C0
18C0
18C0
F1C0
E1C0
00C0
00C0
ENDCHAR
STARTCHAR 0531
ENCODING 1329
SWIDTH 687 0
DWIDTH 11 0
BBX 9 14 1 -1
BITMAP
F780
F780
6300
6300
6300
6300
6300
6300
6B00
6F00
6700
3E00
1F00
0180
ENDCHAR
STARTCHAR 0532
ENCODING 1330
SWIDTH 687 0
DWIDTH 11 0
BBX 8 13 1 0
BITMAP
1E
3F
63
63
60
60
60
60
7F
7F
60
F0
F0
ENDCHAR
STARTCHAR 0533
ENCODING 1331
SWIDTH 625 0
DWIDTH 10 0
BBX 9 13 1 0
BITMAP
3800
7C00
C600
C600
C600
C600
C600
C600
7F80
3F80
0600
0F00
0F00
ENDCHAR
STARTCHAR 0534
ENCODING 1332
SWIDTH 687 0
DWIDTH 11 0
BBX 10 13 1 0
BITMAP
3C00
7E00
6300
C300
0300
0300
0300
0300
03C0
03C0
0300
0780
0780
ENDCHAR
STARTCHAR 0535
ENCODING 1333
SWIDTH 687 0
DWIDTH 11 0
BBX 8 13 1 0
BITMAP
F0
F0
60
60
7F
7F
60
60
60
60
63
3F
1E
ENDCHAR
STARTCHAR 0536
ENCODING 1334
SWIDTH 687 0
DWIDTH 11 0
BBX 7 13 2 0
BITMAP
78
FC
E6
06
06
06
06
06
06
04
C8
FE
FE
ENDCHAR
STARTCHAR 0537
ENCODING 1335
SWIDTH 687 0
DWIDTH 11 0
BBX 8 13 1 0
BITMAP
F0
F0
60
60
7F
7F
60
60
60
60
60
FC
FC
ENDCHAR
STARTCHAR 0538
ENCODING 1336
SWIDTH 687 0
DWIDTH 11 0
BBX 8 13 1 0
BITMAP
1E
3F
63
60
60
60
60
60
60
60
60
FF
FF
ENDCHAR
STARTCHAR 0539
ENCODING 1337
SWIDTH 687 0
DWIDTH 11 0
BBX 10 13 1 0
BITMAP
1C00
3E00
6300
6300
6300
6300
6300
67C0
6FC0
6B00
6B00
FF00
F600
ENDCHAR
STARTCHAR 053A
ENCODING 1338
SWIDTH 625 0
DWIDTH 10 0
BBX 9 13 1 0
BITMAP
0F00
0F00
0600
0600
3F80
7F80
C600
C600
C600
C600
C600
7C00
3800
ENDCHAR
STARTCHAR 053B
ENCODING 1339
SWIDTH 687 0
DWIDTH 11 0
BBX 9 13 1 0
BITMAP
F000
F000
6000
6000
6E00
7F00
6700
6300
6780
6780
6000
F000
F000
ENDCHAR
STARTCHAR 053C
ENCODING 1340
SWIDTH 687 0
DWIDTH 11 0
BBX 8 13 1 0
BITMAP
F0
F0
60
60
60
60
60
60
60
60
60
FF
FF
ENDCHAR
STARTCHAR 053D
ENCODING 1341
SWIDTH 687 0
DWIDTH 11 0
BBX 10 13 1 0
BITMAP
E000
E000
6000
6000
7DC0
7DC0
6D80
6D80
6D80
6D80
6D80
EF80
E700
ENDCHAR
STARTCHAR 053E
ENCODING 1342
SWIDTH 687 0
DWIDTH 11 0
BBX 9 13 1 0
BITMAP
CF80
FF80
FE00
6300
6300
6300
6300
6300
6300
6300
6300
3E00
1C00
ENDCHAR
STARTCHAR 053F
ENCODING 1343
SWIDTH 687 0
DWIDTH 11 0
BBX 9 13 1 0
BITMAP
F000
F000
6000
6000
6780
6780
6300
7700
3F00
1300
0300
0780
0780
ENDCHAR
STARTCHAR 0540
ENCODING 1344
SWIDTH 687 0
DWIDTH 11 0
BBX 10 13 0 0
BITMAP
3E00
3F00
0180
0180
0180
0180
FF00
FF80
0180
0180
0180
03C0
03C0
ENDCHAR
STARTCHAR 0541
ENCODING 1345
SWIDTH 687 0
DWIDTH 11 0
BBX 8 13 1 -1
BITMAP
3C
7E
63
03
03
03
03
03
7B
7F
EE
7E
3F
ENDCHAR
STARTCHAR 0542
ENCODING 1346
SWIDTH 687 0
DWIDTH 11 0
BBX 9 13 2 0
BITMAP
7800
FC00
C600
0600
0600
0600
0600
0600
0600
0600
0600
0F80
0F80
ENDCHAR
STARTCHAR 0543
ENCODING 1347
SWIDTH 687 0
DWIDTH 11 0
BBX 8 13 1 0
BITMAP
1C
3C
60
60
FC
FE
63
63
63
63
63
3F
1F
ENDCHAR
STARTCHAR 0544
ENCODING 1348
SWIDTH 687 0
DWIDTH 11 0
BBX 10 13 1 0
BITMAP
F7C0
F7C0
6300
6300
6300
6300
6300
6300
6300
6300
6300
3E00
1C00
ENDCHAR
STARTCHAR 0545
ENCODING 1349
SWIDTH 625 0
DWIDTH 10 0
BBX 7 13 2 0
BITMAP
78
FC
C6
06
06
FC
FC
CE
06
06
C6
FC
78
ENDCHAR
STARTCHAR 0546
ENCODING 1350
SWIDTH 687 0
DWIDTH 11 0
BBX 9 13 0 0
BITMAP
F800
F800
3000
3000
3000
3000
3000
3000
3000
3000
3180
1F80
0F00
ENDCHAR
STARTCHAR 0547
ENCODING 1351
SWIDTH 625 0
DWIDTH 10 0
BBX 8 13 1 0
BITMAP
F0
FC
2F
43
C0
C0
C0
C0
C0
C0
C6
7E
3C
ENDCHAR
STARTCHAR 0548
ENCODING 1352
SWIDTH 687 0
DWIDTH 11 0
BBX 9 13 1 0
BITMAP
1C00
3E00
6300
6300
6300
6300
6300
6300
6300
6300
6300
F780
F780
ENDCHAR
STARTCHAR 0549
ENCODING 1353
SWIDTH 625 0
DWIDTH 10 0
BBX 7 13 2 0
BITMAP
78
FC
C6
06
06
06
06
06
84
E8
78
1C
04
ENDCHAR
STARTCHAR 054A
ENCODING 1354
SWIDTH 687 0
DWIDTH 11 0
BBX 9 13 1 0
BITMAP
7C00
FE00
DB00
1B00
1B00
1B00
1B00
1B00
0300
0300
0300
0380
0380
ENDCHAR
STARTCHAR 054B
ENCODING 1355
SWIDTH 687 0
DWIDTH 11 0
BBX 7 13 2 0
BITMAP
38
7C
C6
C6
C6
C6
E6
66
36
3C
D8
FE
FE
ENDCHAR
STARTCHAR 054C
ENCODING 1356
SWIDTH 687 0
DWIDTH 11 0
BBX 10 13 1 0
BITMAP
1C00
3E00
6300
6300
6300
6300
6300
6300
63C0
63C0
6300
F780
F780
ENDCHAR
STARTCHAR 054D
ENCODING 1357
SWIDTH 687 0
DWIDTH 11 0
BBX 9 13 1 0
BITMAP
F780
F780
6300
6300
6300
6300
6300
6300
6300
6300
6300
3E00
1C00
ENDCHAR
STARTCHAR 054E
ENCODING 1358
SWIDTH 687 0
DWIDTH 11 0
BBX 10 13 1 0
BITMAP
0780
0780
0300
0300
F300
F300
6300
7700
3F00
1300
0300
07C0
07C0
ENDCHAR
STARTCHAR 054F
ENCODING 1359
SWIDTH 687 0
DWIDTH 11 0
BBX 8 13 1 0
BITMAP
3C
7E
C3
C0
C0
70
3C
0E
07
03
C3
7E
3C
ENDCHAR
STARTCHAR 0550
ENCODING 1360
SWIDTH 687 0
DWIDTH 11 0
BBX 8 13 1 0
BITMAP
1E
3F
63
60
60
60
60
60
60
60
60
F0
F0
ENDCHAR
STARTCHAR 0551
ENCODING 1361
SWIDTH 625 0
DWIDTH 10 0
BBX 8 13 0 0
BITMAP
3E
7F
63
63
63
FE
FE
03
03
03
63
7E
3C
ENDCHAR
STARTCHAR 0552
ENCODING 1362
SWIDTH 687 0
DWIDTH 11 0
BBX 8 13 1 0
BITMAP
F0
F0
60
60
7F
7F
60
60
60
60
60
F0
F0
ENDCHAR
STARTCHAR 0553
ENCODING 1363
SWIDTH 687 0
DWIDTH 11 0
BBX 9 13 1 0
BITMAP
3E00
3E00
1800
7E00
FF00
D980
D980
D980
FF00
7E00
1800
3E00
3E00
ENDCHAR
STARTCHAR 0554
ENCODING 1364
SWIDTH 687 0
DWIDTH 11 0
BBX 8 13 1 0
BITMAP
1C
3E
63
63
63
67
7E
6E
60
FF
60
F0
F0
ENDCHAR
STARTCHAR 0555
ENCODING 1365
SWIDTH 625 0
DWIDTH 10 0
BBX 8 13 1 0
BITMAP
3C
7E
C3
C3
C3
C3
C3
C3
C3
C3
C3
7E
3C
ENDCHAR
STARTCHAR 0556
ENCODING 1366
SWIDTH 687 0
DWIDTH 11 0
BBX 9 13 1 0
BITMAP
3C00
7C00
D800
D800
D800
F800
7F00
1B80
1980
1980
D980
7F00
3E00
ENDCHAR
STARTCHAR 0559
ENCODING 1369
SWIDTH 687 0
DWIDTH 11 0
BBX 3 6 4 7
BITMAP
60
E0
C0
C0
E0
60
ENDCHAR
STARTCHAR 055A
ENCODING 1370
SWIDTH 687 0
DWIDTH 11 0
BBX 3 6 4 7
BITMAP
C0
E0
60
60
E0
C0
ENDCHAR
STARTCHAR 055B
ENCODING 1371
SWIDTH 687 0
DWIDTH 11 0
BBX 4 6 3 8
BITMAP
30
30
70
60
60
C0
ENDCHAR
STARTCHAR 055C
ENCODING 1372
SWIDTH 687 0
DWIDTH 11 0
BBX 4 6 3 8
BITMAP
10
30
30
60
C0
C0
ENDCHAR
STARTCHAR 055D
ENCODING 1373
SWIDTH 687 0
DWIDTH 11 0
BBX 4 6 3 8
BITMAP
E0
60
60
70
30
30
ENDCHAR
STARTCHAR 055E
ENCODING 1374
SWIDTH 687 0
DWIDTH 11 0
BBX 5 5 3 9
BITMAP
30
78
D8
D8
98
ENDCHAR
STARTCHAR 055F
ENCODING 1375
SWIDTH 0 0
DWIDTH 0 0
BBX 6 3 -8 10
BITMAP
C0
FC
FC
ENDCHAR
STARTCHAR 0560
ENCODING 1376
SWIDTH 687 0
DWIDTH 11 0
BBX 11 9 0 0
BITMAP
FB80
FFC0
6CC0
6CC0
6CC0
6CC0
6CC0
ECE0
ECE0
ENDCHAR
STARTCHAR 0561
ENCODING 1377
SWIDTH 687 0
DWIDTH 11 0
BBX 10 9 0 0
BITMAP
ECC0
ECC0
6CC0
6CC0
6CC0
6CC0
6CC0
6FC0
37C0
ENDCHAR
STARTCHAR 0562
ENCODING 1378
SWIDTH 687 0
DWIDTH 11 0
BBX 8 13 1 -4
BITMAP
EE
FF
63
63
63
60
60
7F
7F
60
60
F0
F0
ENDCHAR
STARTCHAR 0563
ENCODING 1379
SWIDTH 625 0
DWIDTH 10 0
BBX 9 13 1 -4
BITMAP
7700
FF00
C600
C600
C600
C600
C600
FF80
7780
0600
0600
0F00
0F00
ENDCHAR
STARTCHAR 0564
ENCODING 1380
SWIDTH 687 0
DWIDTH 11 0
BBX 10 13 1 -4
BITMAP
EE00
FF00
6300
6300
6300
6300
6300
F3C0
F3C0
0300
0300
0780
0780
ENDCHAR
STARTCHAR 0565
ENCODING 1381
SWIDTH 687 0
DWIDTH 11 0
BBX 9 13 1 0
BITMAP
E000
E000
6000
6000
7F00
7F00
6000
6000
6300
6300
6300
7F80
3B80
ENDCHAR
STARTCHAR 0566
ENCODING 1382
SWIDTH 625 0
DWIDTH 10 0
BBX 9 13 1 -4
BITMAP
7700
FF00
C600
C600
C600
C600
C600
FE00
7600
0600
0600
0780
0780
ENDCHAR
STARTCHAR 0567
ENCODING 1383
SWIDTH 687 0
DWIDTH 11 0
BBX 8 13 1 0
BITMAP
E0
E0
60
60
7F
7F
60
60
60
60
60
FC
FC
ENDCHAR
STARTCHAR 0568
ENCODING 1384
SWIDTH 687 0
DWIDTH 11 0
BBX 9 13 1 -4
BITMAP
EE00
FF00
6300
6300
6300
6300
6300
6780
6780
6000
6000
7F00
7F00
ENDCHAR
STARTCHAR 0569
ENCODING 1385
SWIDTH 687 0
DWIDTH 11 0
BBX 10 13 1 -4
BITMAP
EE00
FF00
6300
6300
6FC0
6FC0
6B00
6F00
6E00
6000
6000
F000
F000
ENDCHAR
STARTCHAR 056A
ENCODING 1386
SWIDTH 625 0
DWIDTH 10 0
BBX 9 13 1 0
BITMAP
0E00
0E00
0600
0600
7F80
7F80
C600
C600
C600
C600
C600
7C00
3800
ENDCHAR
STARTCHAR 056B
ENCODING 1387
SWIDTH 687 0
DWIDTH 11 0
BBX 9 17 1 -4
BITMAP
E000
E000
6000
6000
6E00
7F00
6300
6300
6300
6300
6300
6780
6780
6000
6000
F000
F000
ENDCHAR
STARTCHAR 056C
ENCODING 1388
SWIDTH 687 0
DWIDTH 11 0
BBX 6 13 3 -4
BITMAP
E0
E0
60
60
60
60
60
60
60
60
60
7C
7C
ENDCHAR
STARTCHAR 056D
ENCODING 1389
SWIDTH 750 0
DWIDTH 12 0
BBX 10 17 1 -4
BITMAP
E000
E000
6000
6000
7980
7D80
6D80
6D80
6D80
6D80
6D80
6FC0
67C0
6000
6000
F000
F000
ENDCHAR
STARTCHAR 056E
ENCODING 1390
SWIDTH 625 0
DWIDTH 10 0
BBX 8 13 1 0
BITMAP
30
30
78
1C
3F
63
C3
C3
C3
C3
C3
7E
3C
ENDCHAR
STARTCHAR 056F
ENCODING 1391
SWIDTH 687 0
DWIDTH 11 0
BBX 9 17 1 -4
BITMAP
E000
E000
6000
6000
6700
6700
6300
6300
6300
6300
6300
7F00
3B00
0300
0300
0780
0780
ENDCHAR
STARTCHAR 0570
ENCODING 1392
SWIDTH 687 0
DWIDTH 11 0
BBX 9 13 1 0
BITMAP
E000
E000
6000
6000
6E00
7F00
6300
6300
6300
6300
6300
F780
F780
ENDCHAR
STARTCHAR 0571
ENCODING 1393
SWIDTH 687 0
DWIDTH 11 0
BBX 8 13 2 0
BITMAP
60
78
38
60
FC
FC
C6
C6
C6
C6
C6
FF
77
ENDCHAR
STARTCHAR 0572
ENCODING 1394
SWIDTH 687 0
DWIDTH 11 0
BBX 10 13 1 -4
BITMAP
EE00
FF00
6300
6300
6300
6300
6300
F300
F300
0300
0300
03C0
03C0
ENDCHAR
STARTCHAR 0573
ENCODING 1395
SWIDTH 687 0
DWIDTH 11 0
BBX 9 13 1 0
BITMAP
1C00
3C00
6000
6000
FE00
FE00
6300
6300
6300
6300
6300
7F80
3B80
ENDCHAR
STARTCHAR 0574
ENCODING 1396
SWIDTH 687 0
DWIDTH 11 0
BBX 10 13 1 0
BITMAP
03C0
03C0
0300
0300
E300
E300
6300
6300
6300
6300
6300
7F80
3B80
ENDCHAR
STARTCHAR 0575
ENCODING 1397
SWIDTH 625 0
DWIDTH 10 0
BBX 5 13 1 -4
BITMAP
38
38
18
18
18
18
18
18
18
18
18
F8
F0
ENDCHAR
STARTCHAR 0576
ENCODING 1398
SWIDTH 687 0
DWIDTH 11 0
BBX 10 13 0 0
BITMAP
F000
F000
3000
3000
3380
3380
3180
3180
3180
3180
3180
3FC0
1DC0
ENDCHAR
STARTCHAR 0577
ENCODING 1399
SWIDTH 687 0
DWIDTH 11 0
BBX 7 13 2 -4
BITMAP
78
FC
C6
06
06
06
0C
1C
38
70
60
FE
FE
ENDCHAR
STARTCHAR 0578
ENCODING 1400
SWIDTH 687 0
DWIDTH 11 0
BBX 9 9 1 0
BITMAP
EE00
FF00
6300
6300
6300
6300
6300
F780
F780
ENDCHAR
STARTCHAR 0579
ENCODING 1401
SWIDTH 687 0
DWIDTH 11 0
BBX 7 13 2 -4
BITMAP
60
60
60
60
7C
1C
0C
18
38
70
60
FE
FE
ENDCHAR
STARTCHAR 057A
ENCODING 1402
SWIDTH 687 0
DWIDTH 11 0
BBX 10 13 0 -4
BITMAP
ECC0
ECC0
6CC0
6CC0
6CC0
6CC0
6CC0
7FC0
37C0
00C0
00C0
03C0
03C0
ENDCHAR
STARTCHAR 057B
ENCODING 1403
SWIDTH 625 0
DWIDTH 10 0
BBX 7 13 1 -4
BITMAP
78
FC
C6
C6
C6
E6
7C
3C
38
30
60
FE
FE
ENDCHAR
STARTCHAR 057C
ENCODING 1404
SWIDTH 687 0
DWIDTH 11 0
BBX 8 9 1 0
BITMAP
EE
FF
63
63
63
63
66
EF
EF
ENDCHAR
STARTCHAR 057D
ENCODING 1405
SWIDTH 687 0
DWIDTH 11 0
BBX 9 9 1 0
BITMAP
E700
E700
6300
6300
6300
6300
6300
7F80
3B80
ENDCHAR
STARTCHAR 057E
ENCODING 1406
SWIDTH 687 0
DWIDTH 11 0
BBX 10 17 1 -4
BITMAP
0700
0700
0300
0300
E300
E300
6300
6300
6300
6300
6300
7F00
3B00
0300
0300
03C0
03C0
ENDCHAR
STARTCHAR 057F
ENCODING 1407
SWIDTH 687 0
DWIDTH 11 0
BBX 11 9 0 0
BITMAP
EF80
EFC0
6CC0
6CC0
6CC0
6CC0
6CC0
6CC0
3CE0
ENDCHAR
STARTCHAR 0580
ENCODING 1408
SWIDTH 687 0
DWIDTH 11 0
BBX 9 13 1 -4
BITMAP
EE00
FF00
6300
6300
6300
6300
6300
6780
6780
6000
6000
F000
F000
ENDCHAR
STARTCHAR 0581
ENCODING 1409
SWIDTH 625 0
DWIDTH 10 0
BBX 8 13 1 -4
BITMAP
77
FF
C6
C6
C6
C6
C6
FE
76
06
06
3E
3C
ENDCHAR
STARTCHAR 0582
ENCODING 1410
SWIDTH 687 0
DWIDTH 11 0
BBX 8 9 1 0
BITMAP
E0
E0
60
60
60
60
60
FF
FF
ENDCHAR
STARTCHAR 0583
ENCODING 1411
SWIDTH 687 0
DWIDTH 11 0
BBX 11 17 0 -4
BITMAP
1C00
1C00
0C00
0C00
EF80
EFC0
6CC0
6CC0
6CC0
6CC0
6CC0
6CC0
3CE0
0C00
0C00
1F00
1F00
ENDCHAR
STARTCHAR 0584
ENCODING 1412
SWIDTH 687 0
DWIDTH 11 0
BBX 8 13 1 -4
BITMAP
EE
FF
63
63
63
7F
6E
60
FF
60
60
F0
F0
ENDCHAR
STARTCHAR 0585
ENCODING 1413
SWIDTH 625 0
DWIDTH 10 0
BBX 8 9 1 0
BITMAP
3C
7E
C3
C3
C3
C3
C3
7E
3C
ENDCHAR
STARTCHAR 0586
ENCODING 1414
SWIDTH 687 0
DWIDTH 11 0
BBX 9 17 1 -4
BITMAP
3800
7800
D800
D800
D800
F800
7F00
1F00
1980
1980
D980
FF00
7E00
1800
1800
3E00
3E00
ENDCHAR
STARTCHAR 0587
ENCODING 1415
SWIDTH 687 0
DWIDTH 11 0
BBX 9 13 0 0
BITMAP
E000
E000
6000
6000
6E00
6E00
6600
6600
6600
6600
6600
7F80
3780
ENDCHAR
STARTCHAR 0588
ENCODING 1416
SWIDTH 625 0
DWIDTH 10 0
BBX 6 13 2 -4
BITMAP
38
38
18
18
7C
7C
18
18
18
18
18
F8
F0
ENDCHAR
STARTCHAR 0589
ENCODING 1417
SWIDTH 687 0
DWIDTH 11 0
BBX 3 9 4 0
BITMAP
E0
E0
E0
00
00
00
E0
E0
E0
ENDCHAR
STARTCHAR 058A
ENCODING 1418
SWIDTH 687 0
DWIDTH 11 0
BBX 7 2 2 5
BITMAP
FE
FE
ENDCHAR
STARTCHAR 058D
ENCODING 1421
SWIDTH 687 0
DWIDTH 11 0
BBX 7 8 2 2
BITMAP
18
6C
7E
FA
FE
76
56
7C
ENDCHAR
STARTCHAR 058E
ENCODING 1422
SWIDTH 687 0
DWIDTH 11 0
BBX 7 8 2 2
BITMAP
18
7C
7A
BA
FE
7E
76
7C
ENDCHAR
STARTCHAR 058F
ENCODING 1423
SWIDTH 687 0
DWIDTH 11 0
BBX 8 13 2 0
BITMAP
78
FC
C6
06
06
1F
1F
1F
1F
06
06
0F
0F
ENDCHAR
STARTCHAR 0E3F
ENCODING 3647
SWIDTH 687 0
DWIDTH 11 0
BBX 8 15 1 -2
BITMAP
18
FC
FE
5B
5B
5A
7E
7E
5B
5B
5B
DF
FC
18
18
ENDCHAR
STARTCHAR 10FB
ENCODING 4347
SWIDTH 687 0
DWIDTH 11 0
BBX 7 8 2 0
BITMAP
C0
C0
04
0E
0E
C0
C0
C0
ENDCHAR
STARTCHAR 1AB0
ENCODING 6832
SWIDTH 0 0
DWIDTH 0 0
BBX 9 3 -10 10
BITMAP
7700
5D80
8880
ENDCHAR
STARTCHAR 1AB1
ENCODING 6833
SWIDTH 0 0
DWIDTH 0 0
BBX 9 3 -10 10
BITMAP
DD80
F780
5D80
ENDCHAR
STARTCHAR 1AB2
ENCODING 6834
SWIDTH 0 0
DWIDTH 0 0
BBX 7 3 -9 10
BITMAP
7C
DA
7C
ENDCHAR
STARTCHAR 1AB3
ENCODING 6835
SWIDTH 0 0
DWIDTH 0 0
BBX 3 3 -7 10
BITMAP
40
E0
40
ENDCHAR
STARTCHAR 1AB4
ENCODING 6836
SWIDTH 0 0
DWIDTH 0 0
BBX 6 6 -8 10
BITMAP
30
30
30
CC
CC
CC
ENDCHAR
STARTCHAR 1AB5
ENCODING 6837
SWIDTH 0 0
DWIDTH 0 0
BBX 8 3 -9 -4
BITMAP
BB
EE
FB
ENDCHAR
STARTCHAR 1AB7
ENCODING 6839
SWIDTH 0 0
DWIDTH 0 0
BBX 2 3 -6 -3
BITMAP
C0
C0
C0
ENDCHAR
STARTCHAR 1AB8
ENCODING 6840
SWIDTH 0 0
DWIDTH 0 0
BBX 6 3 -8 -3
BITMAP
CC
CC
CC
ENDCHAR
STARTCHAR 1ABB
ENCODING 6843
SWIDTH 0 0
DWIDTH 0 0
BBX 6 3 -8 10
BITMAP
84
84
84
ENDCHAR
STARTCHAR 1ABC
ENCODING 6844
SWIDTH 0 0
DWIDTH 0 0
BBX 10 3 -10 10
BITMAP
A140
A140
A140
ENDCHAR
STARTCHAR 1ABD
ENCODING 6845
SWIDTH 0 0
DWIDTH 0 0
BBX 6 3 -8 -4
BITMAP
84
84
84
ENDCHAR
STARTCHAR 1ABF
ENCODING 6847
SWIDTH 0 0
DWIDTH 0 0
BBX 4 4 -7 -5
BITMAP
90
D0
E0
20
ENDCHAR
STARTCHAR 1AC0
ENCODING 6848
SWIDTH 0 0
DWIDTH 0 0
BBX 4 4 -7 -5
BITMAP
20
E0
D0
90
ENDCHAR
STARTCHAR 1AC1
ENCODING 6849
SWIDTH 0 0
DWIDTH 0 0
BBX 1 3 -8 9
BITMAP
80
80
80
ENDCHAR
STARTCHAR 1AC2
ENCODING 6850
SWIDTH 0 0
DWIDTH 0 0
BBX 1 3 -3 9
BITMAP
80
80
80
ENDCHAR
STARTCHAR 1AC3
ENCODING 6851
SWIDTH 0 0
DWIDTH 0 0
BBX 1 3 -8 -4
BITMAP
80
80
80
ENDCHAR
STARTCHAR 1AC4
ENCODING 6852
SWIDTH 0 0
DWIDTH 0 0
BBX 1 3 -3 -4
BITMAP
80
80
80
ENDCHAR
STARTCHAR 1AC5
ENCODING 6853
SWIDTH 0 0
DWIDTH 0 0
BBX 7 3 -9 9
BITMAP
C6
82
C6
ENDCHAR
STARTCHAR 1AC6
ENCODING 6854
SWIDTH 0 0
DWIDTH 0 0
BBX 4 4 -7 10
BITMAP
60
60
F0
A0
ENDCHAR
STARTCHAR 1AC7
ENCODING 6855
SWIDTH 0 0
DWIDTH 0 0
BBX 4 4 -7 9
BITMAP
A0
D0
E0
A0
ENDCHAR
STARTCHAR 1AC8
ENCODING 6856
SWIDTH 0 0
DWIDTH 0 0
BBX 4 2 -7 10
BITMAP
F0
F0
ENDCHAR
STARTCHAR 1AC9
ENCODING 6857
SWIDTH 0 0
DWIDTH 0 0
BBX 8 2 -9 10
BITMAP
FF
FF
ENDCHAR
STARTCHAR 1ACA
ENCODING 6858
SWIDTH 0 0
DWIDTH 0 0
BBX 8 2 -9 -3
BITMAP
FF
FF
ENDCHAR
STARTCHAR 1ACB
ENCODING 6859
SWIDTH 0 0
DWIDTH 0 0
BBX 8 3 -8 9
BITMAP
7B
B6
20
ENDCHAR
STARTCHAR 1ACC
ENCODING 6860
SWIDTH 0 0
DWIDTH 0 0
BBX 3 5 -7 9
BITMAP
E0
40
60
A0
60
ENDCHAR
STARTCHAR 1ACD
ENCODING 6861
SWIDTH 0 0
DWIDTH 0 0
BBX 3 5 -7 9
BITMAP
E0
A0
A0
80
80
ENDCHAR
STARTCHAR 1ACE
ENCODING 6862
SWIDTH 0 0
DWIDTH 0 0
BBX 3 4 -7 9
BITMAP
E0
80
A0
40
ENDCHAR
STARTCHAR 1ACF
ENCODING 6863
SWIDTH 0 0
DWIDTH 0 0
BBX 9 2 -10 11
BITMAP
CC80
7F80
ENDCHAR
STARTCHAR 1AD9
ENCODING 6873
SWIDTH 0 0
DWIDTH 0 0
BBX 3 6 -7 9
BITMAP
A0
E0
A0
A0
E0
A0
ENDCHAR
STARTCHAR 1ADA
ENCODING 6874
SWIDTH 0 0
DWIDTH 0 0
BBX 3 6 -7 9
BITMAP
80
80
C0
A0
A0
C0
ENDCHAR
STARTCHAR 1ADB
ENCODING 6875
SWIDTH 0 0
DWIDTH 0 0
BBX 4 2 -7 10
BITMAP
F0
60
ENDCHAR
STARTCHAR 1ADC
ENCODING 6876
SWIDTH 0 0
DWIDTH 0 0
BBX 5 5 -8 10
BITMAP
C0
C0
40
18
18
ENDCHAR
STARTCHAR 1ADD
ENCODING 6877
SWIDTH 0 0
DWIDTH 0 0
BBX 6 3 -8 -4
BITMAP
9C
D4
9C
ENDCHAR
STARTCHAR 1AE0
ENCODING 6880
SWIDTH 0 0
DWIDTH 0 0
BBX 3 2 -7 10
BITMAP
E0
E0
ENDCHAR
STARTCHAR 1AE1
ENCODING 6881
SWIDTH 0 0
DWIDTH 0 0
BBX 4 2 -7 10
BITMAP
F0
F0
ENDCHAR
STARTCHAR 1AE2
ENCODING 6882
SWIDTH 0 0
DWIDTH 0 0
BBX 4 1 -7 10
BITMAP
F0
ENDCHAR
STARTCHAR 1AE3
ENCODING 6883
SWIDTH 0 0
DWIDTH 0 0
BBX 5 2 -8 10
BITMAP
88
F8
ENDCHAR
STARTCHAR 1AE4
ENCODING 6884
SWIDTH 0 0
DWIDTH 0 0
BBX 5 3 -8 9
BITMAP
F8
88
F8
ENDCHAR
STARTCHAR 1AE5
ENCODING 6885
SWIDTH 0 0
DWIDTH 0 0
BBX 5 2 -8 10
BITMAP
F8
A8
ENDCHAR
STARTCHAR 1AE6
ENCODING 6886
SWIDTH 0 0
DWIDTH 0 0
BBX 4 4 -7 -5
BITMAP
E0
D0
A0
A0
ENDCHAR
STARTCHAR 1AE7
ENCODING 6887
SWIDTH 0 0
DWIDTH 0 0
BBX 4 4 -7 9
BITMAP
E0
D0
A0
80
ENDCHAR
STARTCHAR 1AE8
ENCODING 6888
SWIDTH 0 0
DWIDTH 0 0
BBX 4 3 -7 9
BITMAP
F0
00
F0
ENDCHAR
STARTCHAR 1AE9
ENCODING 6889
SWIDTH 0 0
DWIDTH 0 0
BBX 3 2 -7 10
BITMAP
E0
20
ENDCHAR
STARTCHAR 1AEA
ENCODING 6890
SWIDTH 0 0
DWIDTH 0 0
BBX 3 3 -7 9
BITMAP
40
E0
40
ENDCHAR
STARTCHAR 1AEB
ENCODING 6891
SWIDTH 0 0
DWIDTH 0 0
BBX 17 4 -8 13
BITMAP
000600
FFFF80
000600
000400
ENDCHAR
STARTCHAR 1C80
ENCODING 7296
SWIDTH 687 0
DWIDTH 11 0
BBX 7 9 2 0
BITMAP
3C
7E
CA
CE
CE
DA
EE
7E
3C
ENDCHAR
STARTCHAR 1C81
ENCODING 7297
SWIDTH 687 0
DWIDTH 11 0
BBX 9 13 1 -4
BITMAP
7F80
7F80
6300
6300
6300
6300
6300
FF80
FF80
C180
C180
C180
C180
ENDCHAR
STARTCHAR 1C82
ENCODING 7298
SWIDTH 625 0
DWIDTH 10 0
BBX 6 9 2 0
BITMAP
78
FC
CC
CC
CC
CC
CC
FC
78
ENDCHAR
STARTCHAR 1C83
ENCODING 7299
SWIDTH 687 0
DWIDTH 11 0
BBX 9 11 1 -2
BITMAP
3D80
7F80
C180
C000
C000
C000
C000
C000
C380
7F00
3E00
ENDCHAR
STARTCHAR 1C84
ENCODING 7300
SWIDTH 687 0
DWIDTH 11 0
BBX 7 13 2 0
BITMAP
FE
FE
CC
0C
0C
0C
0C
0C
0C
0C
0C
1E
1E
ENDCHAR
STARTCHAR 1C85
ENCODING 7301
SWIDTH 750 0
DWIDTH 12 0
BBX 10 9 1 0
BITMAP
FFC0
FFC0
6D80
6D80
6D80
6D80
6D80
EDC0
EDC0
ENDCHAR
STARTCHAR 1C86
ENCODING 7302
SWIDTH 687 0
DWIDTH 11 0
BBX 8 13 1 0
BITMAP
FC
FC
D8
18
18
18
18
1E
1F
19
19
3F
3F
ENDCHAR
STARTCHAR 1C87
ENCODING 7303
SWIDTH 687 0
DWIDTH 11 0
BBX 8 16 1 0
BITMAP
38
38
18
FF
FF
DB
18
18
18
18
1E
1F
19
19
3F
3F
ENDCHAR
STARTCHAR 1C88
ENCODING 7304
SWIDTH 687 0
DWIDTH 11 0
BBX 9 13 1 0
BITMAP
F180
F380
3300
1B00
1E00
1E00
3F00
3300
3300
3300
3300
3F00
1E00
ENDCHAR
STARTCHAR 1C89
ENCODING 7305
SWIDTH 750 0
DWIDTH 12 0
BBX 10 13 1 0
BITMAP
FF00
FF00
DB00
1800
1800
1F00
1F80
18C0
18C0
18C0
18C0
3F80
3F80
ENDCHAR
STARTCHAR 1C8A
ENCODING 7306
SWIDTH 687 0
DWIDTH 11 0
BBX 9 9 1 0
BITMAP
FF00
FF00
9900
1F00
1F80
1880
1880
3F80
3F80
ENDCHAR
STARTCHAR 1D00
ENCODING 7424
SWIDTH 687 0
DWIDTH 11 0
BBX 9 9 1 0
BITMAP
1C00
1C00
1C00
3600
3600
3E00
7F00
F780
F780
ENDCHAR
STARTCHAR 1D01
ENCODING 7425
SWIDTH 750 0
DWIDTH 12 0
BBX 10 9 1 0
BITMAP
3FC0
3FC0
1CC0
3F80
3F80
3C00
6CC0
EFC0
EFC0
ENDCHAR
STARTCHAR 1D02
ENCODING 7426
SWIDTH 625 0
DWIDTH 10 0
BBX 9 9 1 0
BITMAP
7700
FF00
D980
1900
FF00
FE00
D900
FF00
7700
ENDCHAR
STARTCHAR 1D03
ENCODING 7427
SWIDTH 750 0
DWIDTH 12 0
BBX 10 9 1 0
BITMAP
FE00
FF00
6300
FFC0
FFC0
6380
6180
FF80
FF00
ENDCHAR
STARTCHAR 1D04
ENCODING 7428
SWIDTH 687 0
DWIDTH 11 0
BBX 8 9 1 0
BITMAP
7B
7F
C3
C0
C0
C0
C7
7E
3C
ENDCHAR
STARTCHAR 1D05
ENCODING 7429
SWIDTH 687 0
DWIDTH 11 0
BBX 8 9 1 0
BITMAP
FC
FE
67
63
63
63
67
FE
FC
ENDCHAR
STARTCHAR 1D06
ENCODING 7430
SWIDTH 687 0
DWIDTH 11 0
BBX 9 9 1 0
BITMAP
FE00
FF00
6380
6180
F980
F980
6380
FF00
FE00
ENDCHAR
STARTCHAR 1D07
ENCODING 7431
SWIDTH 687 0
DWIDTH 11 0
BBX 8 9 1 0
BITMAP
FF
FF
63
7C
7C
60
63
FF
FF
ENDCHAR
STARTCHAR 1D08
ENCODING 7432
SWIDTH 687 0
DWIDTH 11 0
BBX 8 9 2 0
BITMAP
7C
FE
C6
06
3E
3E
C7
FE
FC
ENDCHAR
STARTCHAR 1D09
ENCODING 7433
SWIDTH 687 0
DWIDTH 11 0
BBX 7 13 2 -4
BITMAP
FE
FE
30
30
30
30
30
3E
3E
00
30
30
30
ENDCHAR
STARTCHAR 1D0A
ENCODING 7434
SWIDTH 625 0
DWIDTH 10 0
BBX 7 9 1 0
BITMAP
3E
3E
06
06
06
06
C6
FC
78
ENDCHAR
STARTCHAR 1D0B
ENCODING 7435
SWIDTH 687 0
DWIDTH 11 0
BBX 8 9 2 0
BITMAP
C7
CF
CC
D8
F8
F8
CC
CE
C6
ENDCHAR
STARTCHAR 1D0C
ENCODING 7436
SWIDTH 750 0
DWIDTH 12 0
BBX 9 9 1 0
BITMAP
7800
7800
3000
3C00
7800
F000
3180
7F80
7F80
ENDCHAR
STARTCHAR 1D0D
ENCODING 7437
SWIDTH 750 0
DWIDTH 12 0
BBX 10 9 1 0
BITMAP
E1C0
F3C0
7380
7780
6D80
6D80
6180
E1C0
E1C0
ENDCHAR
STARTCHAR 1D0E
ENCODING 7438
SWIDTH 687 0
DWIDTH 11 0
BBX 9 9 1 0
BITMAP
F380
F780
6700
6F00
6B00
7B00
7300
7780
6780
ENDCHAR
STARTCHAR 1D0F
ENCODING 7439
SWIDTH 625 0
DWIDTH 10 0
BBX 8 9 1 0
BITMAP
3C
7E
C3
C3
C3
C3
C3
7E
3C
ENDCHAR
STARTCHAR 1D10
ENCODING 7440
SWIDTH 687 0
DWIDTH 11 0
BBX 7 9 2 0
BITMAP
78
7C
C6
06
06
06
C6
FE
FC
ENDCHAR
STARTCHAR 1D11
ENCODING 7441
SWIDTH 687 0
DWIDTH 11 0
BBX 9 7 1 1
BITMAP
7F00
FF80
C180
C180
C180
FF80
7F00
ENDCHAR
STARTCHAR 1D12
ENCODING 7442
SWIDTH 687 0
DWIDTH 11 0
BBX 9 7 1 1
BITMAP
7E00
FF00
8180
8180
8100
C380
4380
ENDCHAR
STARTCHAR 1D13
ENCODING 7443
SWIDTH 687 0
DWIDTH 11 0
BBX 11 7 0 1
BITMAP
3F80
FFC0
7CC0
7FC0
67C0
7FE0
3F80
ENDCHAR
STARTCHAR 1D14
ENCODING 7444
SWIDTH 625 0
DWIDTH 10 0
BBX 8 9 1 0
BITMAP
76
FF
DB
FB
FB
DB
DB
FF
76
ENDCHAR
STARTCHAR 1D15
ENCODING 7445
SWIDTH 625 0
DWIDTH 10 0
BBX 7 9 1 0
BITMAP
6C
EE
C2
FE
FE
C6
C6
FE
7C
ENDCHAR
STARTCHAR 1D16
ENCODING 7446
SWIDTH 625 0
DWIDTH 10 0
BBX 8 5 1 4
BITMAP
3C
7E
C3
C3
C3
ENDCHAR
STARTCHAR 1D17
ENCODING 7447
SWIDTH 625 0
DWIDTH 10 0
BBX 8 5 1 0
BITMAP
C3
C3
C3
7E
3C
ENDCHAR
STARTCHAR 1D18
ENCODING 7448
SWIDTH 625 0
DWIDTH 10 0
BBX 8 9 1 0
BITMAP
FE
FF
63
63
7F
7E
60
F0
F0
ENDCHAR
STARTCHAR 1D19
ENCODING 7449
SWIDTH 687 0
DWIDTH 11 0
BBX 10 9 0 0
BITMAP
3FC0
7FC0
7180
7180
7F80
3F80
1980
F3C0
F3C0
ENDCHAR
STARTCHAR 1D1A
ENCODING 7450
SWIDTH 687 0
DWIDTH 11 0
BBX 10 9 0 0
BITMAP
F3C0
F3C0
1980
1F80
3F80
7180
7180
7FC0
3FC0
ENDCHAR
STARTCHAR 1D1B
ENCODING 7451
SWIDTH 750 0
DWIDTH 12 0
BBX 8 9 2 0
BITMAP
FF
FF
DB
18
18
18
18
7C
7C
ENDCHAR
STARTCHAR 1D1C
ENCODING 7452
SWIDTH 687 0
DWIDTH 11 0
BBX 9 9 1 0
BITMAP
F780
F780
6300
6300
6300
6300
6300
3E00
1C00
ENDCHAR
STARTCHAR 1D1D
ENCODING 7453
SWIDTH 687 0
DWIDTH 11 0
BBX 9 9 1 0
BITMAP
0180
FF80
FF80
C100
0180
0180
FF80
FF00
C000
ENDCHAR
STARTCHAR 1D1E
ENCODING 7454
SWIDTH 687 0
DWIDTH 11 0
BBX 11 9 0 0
BITMAP
0060
DFE0
DFE0
D8C0
0040
C0C0
DFC0
DF80
1800
ENDCHAR
STARTCHAR 1D1F
ENCODING 7455
SWIDTH 687 0
DWIDTH 11 0
BBX 9 9 1 0
BITMAP
FF80
FF80
0080
0080
FF80
FF00
0080
FF80
FF00
ENDCHAR
STARTCHAR 1D20
ENCODING 7456
SWIDTH 687 0
DWIDTH 11 0
BBX 9 9 1 0
BITMAP
F780
F780
3600
3600
3600
1400
1400
1C00
0800
ENDCHAR
STARTCHAR 1D21
ENCODING 7457
SWIDTH 750 0
DWIDTH 12 0
BBX 10 9 1 0
BITMAP
E1C0
E1C0
4D80
6D80
6D80
7F80
3300
3300
3300
ENDCHAR
STARTCHAR 1D22
ENCODING 7458
SWIDTH 687 0
DWIDTH 11 0
BBX 7 9 2 0
BITMAP
FE
FE
CC
1C
38
70
66
FE
FE
ENDCHAR
STARTCHAR 1D23
ENCODING 7459
SWIDTH 687 0
DWIDTH 11 0
BBX 7 9 2 0
BITMAP
FE
FE
DC
78
7E
06
C2
FE
7C
ENDCHAR
STARTCHAR 1D24
ENCODING 7460
SWIDTH 687 0
DWIDTH 11 0
BBX 8 13 1 0
BITMAP
3C
7E
E3
03
03
1E
18
78
C0
C0
C3
7E
3C
ENDCHAR
STARTCHAR 1D25
ENCODING 7461
SWIDTH 687 0
DWIDTH 11 0
BBX 8 9 1 0
BITMAP
1C
3E
3E
3E
3E
1C
1C
FF
E7
ENDCHAR
STARTCHAR 1D26
ENCODING 7462
SWIDTH 750 0
DWIDTH 12 0
BBX 8 9 2 0
BITMAP
FF
FF
63
60
60
60
60
F0
F0
ENDCHAR
STARTCHAR 1D27
ENCODING 7463
SWIDTH 687 0
DWIDTH 11 0
BBX 9 9 1 0
BITMAP
1C00
1C00
1400
3600
3600
3600
7700
F780
F780
ENDCHAR
STARTCHAR 1D28
ENCODING 7464
SWIDTH 687 0
DWIDTH 11 0
BBX 9 9 1 0
BITMAP
FF80
FF80
6300
6300
6300
6300
6300
F780
F780
ENDCHAR
STARTCHAR 1D29
ENCODING 7465
SWIDTH 625 0
DWIDTH 10 0
BBX 8 9 1 0
BITMAP
FE
FF
63
63
7F
7E
60
F0
F0
ENDCHAR
STARTCHAR 1D2A
ENCODING 7466
SWIDTH 687 0
DWIDTH 11 0
BBX 11 9 0 0
BITMAP
ECE0
ECE0
6CC0
6CC0
7D80
3F80
0C00
1F00
1F00
ENDCHAR
STARTCHAR 1D2B
ENCODING 7467
SWIDTH 750 0
DWIDTH 12 0
BBX 11 9 0 0
BITMAP
3FE0
3FE0
18C0
18C0
18C0
18C0
18C0
F1E0
E1E0
ENDCHAR
STARTCHAR 1D2C
ENCODING 7468
SWIDTH 687 0
DWIDTH 11 0
BBX 7 8 2 5
BITMAP
10
30
28
28
78
6C
4C
EE
ENDCHAR
STARTCHAR 1D2D
ENCODING 7469
SWIDTH 687 0
DWIDTH 11 0
BBX 7 8 2 5
BITMAP
3E
36
30
5C
50
70
56
DE
ENDCHAR
STARTCHAR 1D2E
ENCODING 7470
SWIDTH 625 0
DWIDTH 10 0
BBX 6 8 2 5
BITMAP
F8
4C
44
78
4C
44
4C
F8
ENDCHAR
STARTCHAR 1D2F
ENCODING 7471
SWIDTH 687 0
DWIDTH 11 0
BBX 7 8 2 5
BITMAP
F8
4C
44
FE
4C
44
4C
F8
ENDCHAR
STARTCHAR 1D30
ENCODING 7472
SWIDTH 625 0
DWIDTH 10 0
BBX 6 8 2 5
BITMAP
F8
4C
44
44
44
44
4C
F8
ENDCHAR
STARTCHAR 1D31
ENCODING 7473
SWIDTH 687 0
DWIDTH 11 0
BBX 6 8 2 5
BITMAP
FC
44
40
78
40
40
44
FC
ENDCHAR
STARTCHAR 1D32
ENCODING 7474
SWIDTH 687 0
DWIDTH 11 0
BBX 6 8 3 5
BITMAP
FC
88
08
78
08
08
88
FC
ENDCHAR
STARTCHAR 1D33
ENCODING 7475
SWIDTH 687 0
DWIDTH 11 0
BBX 6 8 3 5
BITMAP
7C
C4
80
9C
84
84
CC
74
ENDCHAR
STARTCHAR 1D34
ENCODING 7476
SWIDTH 687 0
DWIDTH 11 0
BBX 7 8 2 5
BITMAP
EE
44
44
7C
44
44
44
EE
ENDCHAR
STARTCHAR 1D35
ENCODING 7477
SWIDTH 687 0
DWIDTH 11 0
BBX 5 8 3 5
BITMAP
F8
20
20
20
20
20
20
F8
ENDCHAR
STARTCHAR 1D36
ENCODING 7478
SWIDTH 687 0
DWIDTH 11 0
BBX 5 8 3 5
BITMAP
38
08
08
08
08
08
98
F0
ENDCHAR
STARTCHAR 1D37
ENCODING 7479
SWIDTH 687 0
DWIDTH 11 0
BBX 6 8 3 5
BITMAP
9C
90
B0
E0
A0
B0
98
88
ENDCHAR
STARTCHAR 1D38
ENCODING 7480
SWIDTH 625 0
DWIDTH 10 0
BBX 6 8 2 5
BITMAP
E0
40
40
40
40
40
44
FC
ENDCHAR
STARTCHAR 1D39
ENCODING 7481
SWIDTH 687 0
DWIDTH 11 0
BBX 7 8 2 5
BITMAP
C6
6C
6C
6C
54
54
44
C6
ENDCHAR
STARTCHAR 1D3A
ENCODING 7482
SWIDTH 687 0
DWIDTH 11 0
BBX 7 8 2 5
BITMAP
EE
64
64
54
54
5C
4C
EC
ENDCHAR
STARTCHAR 1D3B
ENCODING 7483
SWIDTH 687 0
DWIDTH 11 0
BBX 7 8 2 5
BITMAP
EE
4C
5C
54
54
64
64
6E
ENDCHAR
STARTCHAR 1D3C
ENCODING 7484
SWIDTH 625 0
DWIDTH 10 0
BBX 5 8 3 5
BITMAP
70
D8
88
88
88
88
D8
70
ENDCHAR
STARTCHAR 1D3D
ENCODING 7485
SWIDTH 687 0
DWIDTH 11 0
BBX 5 8 3 5
BITMAP
D0
98
88
70
D8
88
D8
70
ENDCHAR
STARTCHAR 1D3E
ENCODING 7486
SWIDTH 625 0
DWIDTH 10 0
BBX 6 8 2 5
BITMAP
F8
4C
44
44
78
40
40
E0
ENDCHAR
STARTCHAR 1D3F
ENCODING 7487
SWIDTH 687 0
DWIDTH 11 0
BBX 7 8 2 5
BITMAP
FC
44
46
44
7C
48
4C
E6
ENDCHAR
STARTCHAR 1D40
ENCODING 7488
SWIDTH 625 0
DWIDTH 10 0
BBX 6 8 2 5
BITMAP
FC
A4
20
20
20
20
20
78
ENDCHAR
STARTCHAR 1D41
ENCODING 7489
SWIDTH 687 0
DWIDTH 11 0
BBX 7 8 2 5
BITMAP
EE
44
44
44
44
44
6C
38
ENDCHAR
STARTCHAR 1D42
ENCODING 7490
SWIDTH 687 0
DWIDTH 11 0
BBX 7 8 2 5
BITMAP
C6
C6
54
54
6C
6C
6C
6C
ENDCHAR
STARTCHAR 1D43
ENCODING 7491
SWIDTH 625 0
DWIDTH 10 0
BBX 6 6 2 5
BITMAP
78
CC
7C
C4
CC
74
ENDCHAR
STARTCHAR 1D44
ENCODING 7492
SWIDTH 687 0
DWIDTH 11 0
BBX 6 6 2 5
BITMAP
BC
CC
8C
F8
8C
78
ENDCHAR
STARTCHAR 1D45
ENCODING 7493
SWIDTH 625 0
DWIDTH 10 0
BBX 5 6 3 5
BITMAP
E8
D8
88
88
D8
E8
ENDCHAR
STARTCHAR 1D46
ENCODING 7494
SWIDTH 625 0
DWIDTH 10 0
BBX 6 6 2 5
BITMAP
EC
94
FC
90
F4
6C
ENDCHAR
STARTCHAR 1D47
ENCODING 7495
SWIDTH 625 0
DWIDTH 10 0
BBX 6 8 2 5
BITMAP
C0
40
58
6C
44
44
6C
D8
ENDCHAR
STARTCHAR 1D48
ENCODING 7496
SWIDTH 625 0
DWIDTH 10 0
BBX 5 8 3 5
BITMAP
18
08
E8
D8
88
88
D8
E8
ENDCHAR
STARTCHAR 1D49
ENCODING 7497
SWIDTH 625 0
DWIDTH 10 0
BBX 6 6 2 5
BITMAP
78
CC
FC
80
CC
78
ENDCHAR
STARTCHAR 1D4A
ENCODING 7498
SWIDTH 625 0
DWIDTH 10 0
BBX 6 6 2 5
BITMAP
B8
4C
FC
84
CC
78
ENDCHAR
STARTCHAR 1D4B
ENCODING 7499
SWIDTH 625 0
DWIDTH 10 0
BBX 6 6 2 5
BITMAP
7C
C0
70
C0
CC
78
ENDCHAR
STARTCHAR 1D4C
ENCODING 7500
SWIDTH 625 0
DWIDTH 10 0
BBX 6 6 2 5
BITMAP
78
CC
0C
38
0C
F8
ENDCHAR
STARTCHAR 1D4D
ENCODING 7501
SWIDTH 625 0
DWIDTH 10 0
BBX 5 8 3 3
BITMAP
E8
D8
88
88
D8
E8
98
F0
ENDCHAR
STARTCHAR 1D4E
ENCODING 7502
SWIDTH 687 0
DWIDTH 11 0
BBX 5 9 3 2
BITMAP
F8
20
20
20
20
38
00
60
60
ENDCHAR
STARTCHAR 1D4F
ENCODING 7503
SWIDTH 687 0
DWIDTH 11 0
BBX 7 8 2 5
BITMAP
C0
40
4E
58
70
78
48
E6
ENDCHAR
STARTCHAR 1D50
ENCODING 7504
SWIDTH 687 0
DWIDTH 11 0
BBX 8 6 2 5
BITMAP
FE
52
52
52
52
D3
ENDCHAR
STARTCHAR 1D51
ENCODING 7505
SWIDTH 687 0
DWIDTH 11 0
BBX 6 8 2 3
BITMAP
D8
6C
44
44
44
E4
0C
08
ENDCHAR
STARTCHAR 1D52
ENCODING 7506
SWIDTH 625 0
DWIDTH 10 0
BBX 5 6 3 5
BITMAP
70
D8
88
88
D8
70
ENDCHAR
STARTCHAR 1D53
ENCODING 7507
SWIDTH 687 0
DWIDTH 11 0
BBX 6 6 2 5
BITMAP
78
CC
04
04
CC
F8
ENDCHAR
STARTCHAR 1D54
ENCODING 7508
SWIDTH 625 0
DWIDTH 10 0
BBX 5 3 3 8
BITMAP
70
98
88
ENDCHAR
STARTCHAR 1D55
ENCODING 7509
SWIDTH 625 0
DWIDTH 10 0
BBX 5 3 3 5
BITMAP
88
D8
70
ENDCHAR
STARTCHAR 1D56
ENCODING 7510
SWIDTH 625 0
DWIDTH 10 0
BBX 6 8 2 3
BITMAP
D8
6C
44
44
6C
58
40
E0
ENDCHAR
STARTCHAR 1D57
ENCODING 7511
SWIDTH 687 0
DWIDTH 11 0
BBX 6 8 3 5
BITMAP
40
40
F8
40
40
40
6C
38
ENDCHAR
STARTCHAR 1D58
ENCODING 7512
SWIDTH 625 0
DWIDTH 10 0
BBX 6 6 2 5
BITMAP
CC
44
44
44
6C
74
ENDCHAR
STARTCHAR 1D59
ENCODING 7513
SWIDTH 687 0
DWIDTH 11 0
BBX 7 6 2 5
BITMAP
06
FE
04
04
FC
80
ENDCHAR
STARTCHAR 1D5A
ENCODING 7514
SWIDTH 687 0
DWIDTH 11 0
BBX 7 6 2 5
BITMAP
D2
52
52
52
52
7E
ENDCHAR
STARTCHAR 1D5B
ENCODING 7515
SWIDTH 687 0
DWIDTH 11 0
BBX 7 6 2 5
BITMAP
EE
6C
6C
28
38
10
ENDCHAR
STARTCHAR 1D5C
ENCODING 7516
SWIDTH 625 0
DWIDTH 10 0
BBX 6 6 2 5
BITMAP
30
78
78
78
30
FC
ENDCHAR
STARTCHAR 1D5D
ENCODING 7517
SWIDTH 625 0
DWIDTH 10 0
BBX 5 10 3 3
BITMAP
F0
98
98
B0
98
88
98
F0
80
80
ENDCHAR
STARTCHAR 1D5E
ENCODING 7518
SWIDTH 687 0
DWIDTH 11 0
BBX 6 8 2 3
BITMAP
C4
64
2C
38
18
10
10
10
ENDCHAR
STARTCHAR 1D5F
ENCODING 7519
SWIDTH 625 0
DWIDTH 10 0
BBX 5 8 3 5
BITMAP
F0
80
80
70
88
88
D8
70
ENDCHAR
STARTCHAR 1D60
ENCODING 7520
SWIDTH 625 0
DWIDTH 10 0
BBX 6 8 2 3
BITMAP
B8
AC
A4
A4
EC
70
20
20
ENDCHAR
STARTCHAR 1D61
ENCODING 7521
SWIDTH 625 0
DWIDTH 10 0
BBX 7 8 2 3
BITMAP
CC
68
38
30
30
38
68
4E
ENDCHAR
STARTCHAR 1D62
ENCODING 7522
SWIDTH 687 0
DWIDTH 11 0
BBX 5 9 3 -2
BITMAP
20
60
00
E0
20
20
20
20
F8
ENDCHAR
STARTCHAR 1D63
ENCODING 7523
SWIDTH 625 0
DWIDTH 10 0
BBX 6 6 2 -2
BITMAP
DC
64
40
40
40
F0
ENDCHAR
STARTCHAR 1D64
ENCODING 7524
SWIDTH 625 0
DWIDTH 10 0
BBX 6 6 2 -2
BITMAP
CC
44
44
44
4C
74
ENDCHAR
STARTCHAR 1D65
ENCODING 7525
SWIDTH 687 0
DWIDTH 11 0
BBX 7 6 2 -2
BITMAP
EE
6C
6C
28
38
10
ENDCHAR
STARTCHAR 1D66
ENCODING 7526
SWIDTH 625 0
DWIDTH 10 0
BBX 5 10 3 -4
BITMAP
F0
98
98
B0
98
88
98
F0
80
80
ENDCHAR
STARTCHAR 1D67
ENCODING 7527
SWIDTH 687 0
DWIDTH 11 0
BBX 6 8 2 -4
BITMAP
C4
64
2C
38
18
10
10
10
ENDCHAR
STARTCHAR 1D68
ENCODING 7528
SWIDTH 625 0
DWIDTH 10 0
BBX 5 8 3 -4
BITMAP
70
98
88
88
D8
B0
80
80
ENDCHAR
STARTCHAR 1D69
ENCODING 7529
SWIDTH 687 0
DWIDTH 11 0
BBX 7 8 2 -4
BITMAP
DC
96
92
92
D6
38
10
10
ENDCHAR
STARTCHAR 1D6A
ENCODING 7530
SWIDTH 625 0
DWIDTH 10 0
BBX 7 8 2 -4
BITMAP
CC
68
38
30
30
38
68
4E
ENDCHAR
STARTCHAR 1D6B
ENCODING 7531
SWIDTH 687 0
DWIDTH 11 0
BBX 10 9 0 0
BITMAP
E780
EFC0
6CC0
6FC0
6FC0
6C00
6CC0
7FC0
3780
ENDCHAR
STARTCHAR 1D6C
ENCODING 7532
SWIDTH 687 0
DWIDTH 11 0
BBX 9 13 0 0
BITMAP
7000
7000
FC00
B800
3700
3F80
3180
3180
3180
3180
3180
7F80
7700
ENDCHAR
STARTCHAR 1D6D
ENCODING 7533
SWIDTH 625 0
DWIDTH 10 0
BBX 9 13 1 0
BITMAP
0E00
0E00
0E80
1F80
7700
FE00
EE00
C600
C600
C600
C600
FF00
7700
ENDCHAR
STARTCHAR 1D6E
ENCODING 7534
SWIDTH 687 0
DWIDTH 11 0
BBX 8 13 2 0
BITMAP
1E
3E
37
30
30
FE
FE
70
FC
BC
B8
FC
FC
ENDCHAR
STARTCHAR 1D6F
ENCODING 7535
SWIDTH 687 0
DWIDTH 11 0
BBX 12 9 0 0
BITMAP
FB80
FFC0
6CC0
7CC0
FCF0
EFC0
6CC0
ECE0
ECE0
ENDCHAR
STARTCHAR 1D70
ENCODING 7536
SWIDTH 687 0
DWIDTH 11 0
BBX 11 9 0 0
BITMAP
7700
7F80
3180
79A0
FFE0
B380
3180
7BC0
7BC0
ENDCHAR
STARTCHAR 1D71
ENCODING 7537
SWIDTH 687 0
DWIDTH 11 0
BBX 9 13 0 -4
BITMAP
7700
7F80
3180
3180
3180
3180
3180
3F80
3700
FC00
FC00
7800
7800
ENDCHAR
STARTCHAR 1D72
ENCODING 7538
SWIDTH 687 0
DWIDTH 11 0
BBX 7 9 2 0
BITMAP
F6
FE
36
F8
FC
B8
30
F8
F8
ENDCHAR
STARTCHAR 1D73
ENCODING 7539
SWIDTH 625 0
DWIDTH 10 0
BBX 6 9 1 0
BITMAP
0C
1C
30
74
FC
B8
30
7C
7C
ENDCHAR
STARTCHAR 1D74
ENCODING 7540
SWIDTH 687 0
DWIDTH 11 0
BBX 11 9 0 0
BITMAP
1F80
3F80
3180
7860
FFE0
8380
3080
3F80
3F00
ENDCHAR
STARTCHAR 1D75
ENCODING 7541
SWIDTH 687 0
DWIDTH 11 0
BBX 8 13 2 0
BITMAP
30
30
30
30
FE
FE
30
7E
FC
30
33
3E
1E
ENDCHAR
STARTCHAR 1D76
ENCODING 7542
SWIDTH 687 0
DWIDTH 11 0
BBX 7 9 2 0
BITMAP
FE
FE
CC
7E
FE
FC
66
FE
FE
ENDCHAR
STARTCHAR 1D77
ENCODING 7543
SWIDTH 687 0
DWIDTH 11 0
BBX 8 13 1 -4
BITMAP
1E
3F
63
60
6E
7F
63
63
63
63
63
FF
EE
ENDCHAR
STARTCHAR 1D78
ENCODING 7544
SWIDTH 687 0
DWIDTH 11 0
BBX 7 6 2 5
BITMAP
EE
44
7C
44
44
EE
ENDCHAR
STARTCHAR 1D79
ENCODING 7545
SWIDTH 625 0
DWIDTH 10 0
BBX 7 13 1 -4
BITMAP
FE
FE
DC
30
30
38
3C
6E
C6
C6
C6
FE
7C
ENDCHAR
STARTCHAR 1D7A
ENCODING 7546
SWIDTH 687 0
DWIDTH 11 0
BBX 10 13 0 0
BITMAP
3600
3640
3680
3780
FF80
FFC0
36C0
3EC0
3EC0
36C0
36C0
7EC0
1EC0
ENDCHAR
STARTCHAR 1D7B
ENCODING 7547
SWIDTH 687 0
DWIDTH 11 0
BBX 5 9 3 0
BITMAP
F8
F8
60
F8
F8
60
60
F8
F8
ENDCHAR
STARTCHAR 1D7C
ENCODING 7548
SWIDTH 625 0
DWIDTH 10 0
BBX 8 9 1 0
BITMAP
F8
F8
18
7E
7E
18
18
1F
0F
ENDCHAR
STARTCHAR 1D7D
ENCODING 7549
SWIDTH 687 0
DWIDTH 11 0
BBX 9 13 1 -4
BITMAP
EE00
FF00
6300
6300
FF80
6300
6300
7F00
6E00
6000
6000
F000
F000
ENDCHAR
STARTCHAR 1D7E
ENCODING 7550
SWIDTH 687 0
DWIDTH 11 0
BBX 9 9 1 0
BITMAP
F780
F780
6300
FF80
FF80
6300
6300
3E00
1C00
ENDCHAR
STARTCHAR 1D7F
ENCODING 7551
SWIDTH 687 0
DWIDTH 11 0
BBX 9 9 1 0
BITMAP
7700
7700
7700
FF80
FF80
6300
6300
3E00
1C00
ENDCHAR
STARTCHAR 1D80
ENCODING 7552
SWIDTH 687 0
DWIDTH 11 0
BBX 8 17 1 -4
BITMAP
E0
E0
60
60
6E
7F
63
63
63
63
63
FF
EE
06
06
0C
08
ENDCHAR
STARTCHAR 1D81
ENCODING 7553
SWIDTH 625 0
DWIDTH 10 0
BBX 8 17 1 -4
BITMAP
0E
0E
06
06
76
FE
C6
C6
C6
C6
C6
FF
77
03
03
07
06
ENDCHAR
STARTCHAR 1D82
ENCODING 7554
SWIDTH 687 0
DWIDTH 11 0
BBX 8 17 2 -4
BITMAP
1E
3E
37
30
30
FE
FE
30
30
30
30
FC
FC
0C
0C
1C
18
ENDCHAR
STARTCHAR 1D83
ENCODING 7555
SWIDTH 687 0
DWIDTH 11 0
BBX 8 13 1 -4
BITMAP
6C
FC
CC
CC
CC
CC
CC
FF
7F
0F
CF
FF
7A
ENDCHAR
STARTCHAR 1D84
ENCODING 7556
SWIDTH 687 0
DWIDTH 11 0
BBX 9 17 1 -4
BITMAP
E000
E000
6000
6000
6380
6780
6C00
7C00
7800
7C00
6600
F780
F380
0180
0180
0380
0300
ENDCHAR
STARTCHAR 1D85
ENCODING 7557
SWIDTH 625 0
DWIDTH 10 0
BBX 8 17 1 -4
BITMAP
78
78
18
18
18
18
18
18
18
18
18
FF
FF
03
03
07
06
ENDCHAR
STARTCHAR 1D86
ENCODING 7558
SWIDTH 687 0
DWIDTH 11 0
BBX 10 13 0 -4
BITMAP
FB80
FFC0
6CC0
6CC0
6CC0
6CC0
6CC0
ECC0
ECC0
00C0
00C0
01C0
0180
ENDCHAR
STARTCHAR 1D87
ENCODING 7559
SWIDTH 687 0
DWIDTH 11 0
BBX 9 13 1 -4
BITMAP
EE00
FF00
6300
6300
6300
6300
6300
F780
F780
0180
0180
0380
0300
ENDCHAR
STARTCHAR 1D88
ENCODING 7560
SWIDTH 687 0
DWIDTH 11 0
BBX 8 13 1 -4
BITMAP
EE
FF
63
63
63
63
63
63
7E
66
66
FE
FC
ENDCHAR
STARTCHAR 1D89
ENCODING 7561
SWIDTH 687 0
DWIDTH 11 0
BBX 7 13 2 -4
BITMAP
F6
FE
36
30
30
30
30
F8
F8
08
08
18
10
ENDCHAR
STARTCHAR 1D8A
ENCODING 7562
SWIDTH 687 0
DWIDTH 11 0
BBX 7 13 2 -4
BITMAP
7E
FE
C6
E0
7C
0E
C2
FE
FC
0C
0C
18
10
ENDCHAR
STARTCHAR 1D8B
ENCODING 7563
SWIDTH 687 0
DWIDTH 11 0
BBX 7 17 2 -4
BITMAP
0C
1C
38
30
30
30
30
30
30
30
30
3E
3E
36
36
FE
EC
ENDCHAR
STARTCHAR 1D8C
ENCODING 7564
SWIDTH 687 0
DWIDTH 11 0
BBX 9 13 1 -4
BITMAP
F780
F780
3700
3600
3600
1600
1400
1F00
0F00
0300
0300
0700
0600
ENDCHAR
STARTCHAR 1D8D
ENCODING 7565
SWIDTH 687 0
DWIDTH 11 0
BBX 9 13 1 -4
BITMAP
F780
F780
3600
1C00
0800
1C00
3600
F780
F780
0180
0180
0780
0700
ENDCHAR
STARTCHAR 1D8E
ENCODING 7566
SWIDTH 687 0
DWIDTH 11 0
BBX 7 13 2 -4
BITMAP
FE
FE
CC
1C
38
70
66
FE
FE
06
06
0E
0C
ENDCHAR
STARTCHAR 1D8F
ENCODING 7567
SWIDTH 625 0
DWIDTH 10 0
BBX 10 13 1 -4
BITMAP
3E00
7F00
6300
1F00
7F00
6300
E300
7F80
7B80
0180
0180
01C0
00C0
ENDCHAR
STARTCHAR 1D90
ENCODING 7568
SWIDTH 625 0
DWIDTH 10 0
BBX 10 13 1 -4
BITMAP
7700
FF00
C600
C600
C600
C600
C600
FF00
7700
0300
0300
03C0
01C0
ENDCHAR
STARTCHAR 1D91
ENCODING 7569
SWIDTH 625 0
DWIDTH 10 0
BBX 9 17 1 -4
BITMAP
0380
0780
0600
0600
7600
FE00
C600
C600
C600
C600
C600
FE00
7600
0600
0600
0380
0180
ENDCHAR
STARTCHAR 1D92
ENCODING 7570
SWIDTH 687 0
DWIDTH 11 0
BBX 9 13 1 -4
BITMAP
3C00
7E00
6300
7F00
FF00
C000
6300
7F00
3B00
0300
0300
0380
0080
ENDCHAR
STARTCHAR 1D93
ENCODING 7571
SWIDTH 687 0
DWIDTH 11 0
BBX 9 13 1 -4
BITMAP
7B00
FF00
C300
7800
7800
C000
C300
FF00
7B00
0300
0300
0380
0080
ENDCHAR
STARTCHAR 1D94
ENCODING 7572
SWIDTH 687 0
DWIDTH 11 0
BBX 7 12 2 -4
BITMAP
FC
FE
06
3E
3E
06
C6
FE
FC
C0
C0
60
ENDCHAR
STARTCHAR 1D95
ENCODING 7573
SWIDTH 625 0
DWIDTH 10 0
BBX 10 13 1 -4
BITMAP
F800
FC00
CC00
FF80
FF80
CD80
CD80
FD80
7980
0180
0180
01C0
0040
ENDCHAR
STARTCHAR 1D96
ENCODING 7574
SWIDTH 687 0
DWIDTH 11 0
BBX 10 17 1 -4
BITMAP
1800
1800
1800
0000
7800
7800
1800
1800
1800
1800
1800
FF80
FF80
0180
0180
01C0
00C0
ENDCHAR
STARTCHAR 1D97
ENCODING 7575
SWIDTH 687 0
DWIDTH 11 0
BBX 7 13 2 -4
BITMAP
78
FC
C6
06
06
06
C6
FE
DC
C0
C0
60
20
ENDCHAR
STARTCHAR 1D98
ENCODING 7576
SWIDTH 687 0
DWIDTH 11 0
BBX 7 17 2 -4
BITMAP
0E
1E
30
30
30
30
30
30
30
30
30
E0
C0
C0
C0
60
20
ENDCHAR
STARTCHAR 1D99
ENCODING 7577
SWIDTH 687 0
DWIDTH 11 0
BBX 11 13 1 -4
BITMAP
E700
E700
6300
6300
6300
6300
6300
7F80
3B80
0180
0180
01E0
00E0
ENDCHAR
STARTCHAR 1D9A
ENCODING 7578
SWIDTH 687 0
DWIDTH 11 0
BBX 7 12 2 -4
BITMAP
FE
FE
DC
38
3C
3E
02
FE
FC
C0
C0
60
ENDCHAR
STARTCHAR 1D9B
ENCODING 7579
SWIDTH 625 0
DWIDTH 10 0
BBX 6 6 2 5
BITMAP
D8
6C
44
44
6C
D8
ENDCHAR
STARTCHAR 1D9C
ENCODING 7580
SWIDTH 687 0
DWIDTH 11 0
BBX 5 6 3 5
BITMAP
F8
C8
80
80
D8
70
ENDCHAR
STARTCHAR 1D9D
ENCODING 7581
SWIDTH 687 0
DWIDTH 11 0
BBX 6 6 2 4
BITMAP
7C
64
40
7C
64
FC
ENDCHAR
STARTCHAR 1D9E
ENCODING 7582
SWIDTH 625 0
DWIDTH 10 0
BBX 5 8 3 5
BITMAP
60
38
D8
F8
98
88
D8
70
ENDCHAR
STARTCHAR 1D9F
ENCODING 7583
SWIDTH 625 0
DWIDTH 10 0
BBX 6 6 2 5
BITMAP
F8
0C
38
08
C8
78
ENDCHAR
STARTCHAR 1DA0
ENCODING 7584
SWIDTH 687 0
DWIDTH 11 0
BBX 5 8 3 5
BITMAP
38
28
20
F8
20
20
20
F8
ENDCHAR
STARTCHAR 1DA1
ENCODING 7585
SWIDTH 687 0
DWIDTH 11 0
BBX 6 8 2 3
BITMAP
38
08
1C
08
08
08
D8
70
ENDCHAR
STARTCHAR 1DA2
ENCODING 7586
SWIDTH 625 0
DWIDTH 10 0
BBX 5 8 3 3
BITMAP
E8
D8
88
88
D8
E8
98
F0
ENDCHAR
STARTCHAR 1DA3
ENCODING 7587
SWIDTH 687 0
DWIDTH 11 0
BBX 7 8 2 3
BITMAP
CC
44
44
44
6C
74
04
0E
ENDCHAR
STARTCHAR 1DA4
ENCODING 7588
SWIDTH 687 0
DWIDTH 11 0
BBX 5 9 3 5
BITMAP
20
60
00
E0
20
70
20
20
F8
ENDCHAR
STARTCHAR 1DA5
ENCODING 7589
SWIDTH 687 0
DWIDTH 11 0
BBX 5 6 3 5
BITMAP
E0
20
20
20
20
38
ENDCHAR
STARTCHAR 1DA6
ENCODING 7590
SWIDTH 750 0
DWIDTH 12 0
BBX 4 6 4 5
BITMAP
F0
40
40
40
40
F0
ENDCHAR
STARTCHAR 1DA7
ENCODING 7591
SWIDTH 750 0
DWIDTH 12 0
BBX 4 6 4 5
BITMAP
F0
40
F0
40
40
F0
ENDCHAR
STARTCHAR 1DA8
ENCODING 7592
SWIDTH 687 0
DWIDTH 11 0
BBX 7 11 3 3
BITMAP
30
30
00
70
10
10
10
10
F8
DC
76
ENDCHAR
STARTCHAR 1DA9
ENCODING 7593
SWIDTH 687 0
DWIDTH 11 0
BBX 4 10 3 3
BITMAP
E0
20
20
20
20
20
20
20
20
30
ENDCHAR
STARTCHAR 1DAA
ENCODING 7594
SWIDTH 625 0
DWIDTH 10 0
BBX 5 10 3 3
BITMAP
E0
20
20
20
20
20
20
F8
08
18
ENDCHAR
STARTCHAR 1DAB
ENCODING 7595
SWIDTH 625 0
DWIDTH 10 0
BBX 6 6 2 5
BITMAP
E0
40
40
40
44
FC
ENDCHAR
STARTCHAR 1DAC
ENCODING 7596
SWIDTH 687 0
DWIDTH 11 0
BBX 7 8 2 3
BITMAP
FE
52
52
52
52
D2
06
0C
ENDCHAR
STARTCHAR 1DAD
ENCODING 7597
SWIDTH 687 0
DWIDTH 11 0
BBX 7 8 2 3
BITMAP
D2
52
52
52
52
7E
02
0E
ENDCHAR
STARTCHAR 1DAE
ENCODING 7598
SWIDTH 687 0
DWIDTH 11 0
BBX 8 8 1 3
BITMAP
6C
36
22
22
22
27
60
C0
ENDCHAR
STARTCHAR 1DAF
ENCODING 7599
SWIDTH 625 0
DWIDTH 10 0
BBX 7 8 2 3
BITMAP
D8
6C
44
44
44
E4
04
06
ENDCHAR
STARTCHAR 1DB0
ENCODING 7600
SWIDTH 687 0
DWIDTH 11 0
BBX 7 6 2 5
BITMAP
EE
64
74
54
4C
EC
ENDCHAR
STARTCHAR 1DB1
ENCODING 7601
SWIDTH 625 0
DWIDTH 10 0
BBX 6 6 2 5
BITMAP
78
CC
FC
84
CC
78
ENDCHAR
STARTCHAR 1DB2
ENCODING 7602
SWIDTH 625 0
DWIDTH 10 0
BBX 6 10 2 3
BITMAP
78
20
70
AC
A4
A4
AC
70
20
78
ENDCHAR
STARTCHAR 1DB3
ENCODING 7603
SWIDTH 687 0
DWIDTH 11 0
BBX 5 8 3 3
BITMAP
78
C8
E0
38
88
F8
80
C0
ENDCHAR
STARTCHAR 1DB4
ENCODING 7604
SWIDTH 687 0
DWIDTH 11 0
BBX 5 10 3 3
BITMAP
38
20
20
20
20
20
20
20
60
C0
ENDCHAR
STARTCHAR 1DB5
ENCODING 7605
SWIDTH 687 0
DWIDTH 11 0
BBX 6 10 3 3
BITMAP
40
40
F8
40
40
40
6C
3C
0C
18
ENDCHAR
STARTCHAR 1DB6
ENCODING 7606
SWIDTH 625 0
DWIDTH 10 0
BBX 6 6 2 5
BITMAP
CC
44
44
FC
44
7C
ENDCHAR
STARTCHAR 1DB7
ENCODING 7607
SWIDTH 687 0
DWIDTH 11 0
BBX 5 6 3 5
BITMAP
D8
D8
88
88
D8
70
ENDCHAR
STARTCHAR 1DB8
ENCODING 7608
SWIDTH 687 0
DWIDTH 11 0
BBX 7 6 2 5
BITMAP
EE
44
44
44
6C
38
ENDCHAR
STARTCHAR 1DB9
ENCODING 7609
SWIDTH 687 0
DWIDTH 11 0
BBX 6 6 2 5
BITMAP
E8
4C
44
44
6C
38
ENDCHAR
STARTCHAR 1DBA
ENCODING 7610
SWIDTH 687 0
DWIDTH 11 0
BBX 7 6 2 5
BITMAP
10
38
28
6C
6C
EE
ENDCHAR
STARTCHAR 1DBB
ENCODING 7611
SWIDTH 625 0
DWIDTH 10 0
BBX 6 6 2 5
BITMAP
FC
88
30
60
CC
FC
ENDCHAR
STARTCHAR 1DBC
ENCODING 7612
SWIDTH 625 0
DWIDTH 10 0
BBX 7 8 2 3
BITMAP
FC
88
30
60
CC
FC
0C
06
ENDCHAR
STARTCHAR 1DBD
ENCODING 7613
SWIDTH 625 0
DWIDTH 10 0
BBX 6 7 2 4
BITMAP
FC
88
30
7C
D4
FC
20
ENDCHAR
STARTCHAR 1DBE
ENCODING 7614
SWIDTH 625 0
DWIDTH 10 0
BBX 6 8 2 3
BITMAP
FC
98
30
78
0C
04
CC
78
ENDCHAR
STARTCHAR 1DBF
ENCODING 7615
SWIDTH 625 0
DWIDTH 10 0
BBX 6 8 2 5
BITMAP
78
48
CC
FC
CC
CC
C8
78
ENDCHAR
STARTCHAR 1DC3
ENCODING 7619
SWIDTH 0 0
DWIDTH 0 0
BBX 7 3 -8 10
BITMAP
86
FE
78
ENDCHAR
STARTCHAR 1DC4
ENCODING 7620
SWIDTH 0 0
DWIDTH 0 0
BBX 5 3 -8 11
BITMAP
18
F0
F0
ENDCHAR
STARTCHAR 1DC5
ENCODING 7621
SWIDTH 0 0
DWIDTH 0 0
BBX 5 3 -8 11
BITMAP
C0
78
78
ENDCHAR
STARTCHAR 1DC6
ENCODING 7622
SWIDTH 0 0
DWIDTH 0 0
BBX 5 4 -8 10
BITMAP
F0
F0
18
08
ENDCHAR
STARTCHAR 1DC7
ENCODING 7623
SWIDTH 0 0
DWIDTH 0 0
BBX 5 4 -8 10
BITMAP
78
78
C0
80
ENDCHAR
STARTCHAR 1DCA
ENCODING 7626
SWIDTH 0 0
DWIDTH 0 0
BBX 4 4 -7 -5
BITMAP
F0
50
40
E0
ENDCHAR
STARTCHAR 1DCB
ENCODING 7627
SWIDTH 0 0
DWIDTH 0 0
BBX 5 3 -8 10
BITMAP
B8
B8
60
ENDCHAR
STARTCHAR 1DCC
ENCODING 7628
SWIDTH 0 0
DWIDTH 0 0
BBX 5 3 -8 10
BITMAP
E8
E8
38
ENDCHAR
STARTCHAR 1DCD
ENCODING 7629
SWIDTH 0 0
DWIDTH 0 0
BBX 16 4 -8 13
BITMAP
03C0
1FF8
F81F
8001
ENDCHAR
STARTCHAR 1DCE
ENCODING 7630
SWIDTH 0 0
DWIDTH 0 0
BBX 3 5 -6 8
BITMAP
C0
E0
60
60
C0
ENDCHAR
STARTCHAR 1DCF
ENCODING 7631
SWIDTH 0 0
DWIDTH 0 0
BBX 4 2 -7 -4
BITMAP
F0
F0
ENDCHAR
STARTCHAR 1DD3
ENCODING 7635
SWIDTH 0 0
DWIDTH 0 0
BBX 4 2 -7 10
BITMAP
D0
E0
ENDCHAR
STARTCHAR 1DD4
ENCODING 7636
SWIDTH 0 0
DWIDTH 0 0
BBX 4 3 -7 11
BITMAP
70
70
F0
ENDCHAR
STARTCHAR 1DD5
ENCODING 7637
SWIDTH 0 0
DWIDTH 0 0
BBX 4 4 -7 10
BITMAP
F0
50
D0
F0
ENDCHAR
STARTCHAR 1DD7
ENCODING 7639
SWIDTH 0 0
DWIDTH 0 0
BBX 3 5 -7 10
BITMAP
E0
A0
E0
40
40
ENDCHAR
STARTCHAR 1DD8
ENCODING 7640
SWIDTH 0 0
DWIDTH 0 0
BBX 3 5 -7 10
BITMAP
40
20
E0
A0
E0
ENDCHAR
STARTCHAR 1DD9
ENCODING 7641
SWIDTH 0 0
DWIDTH 0 0
BBX 3 5 -7 10
BITMAP
40
A0
E0
A0
E0
ENDCHAR
STARTCHAR 1DDA
ENCODING 7642
SWIDTH 0 0
DWIDTH 0 0
BBX 3 5 -7 10
BITMAP
E0
A0
A0
E0
E0
ENDCHAR
STARTCHAR 1DDB
ENCODING 7643
SWIDTH 0 0
DWIDTH 0 0
BBX 3 4 -7 10
BITMAP
E0
80
A0
E0
ENDCHAR
STARTCHAR 1DDC
ENCODING 7644
SWIDTH 0 0
DWIDTH 0 0
BBX 3 5 -7 10
BITMAP
80
A0
C0
C0
A0
ENDCHAR
STARTCHAR 1DDD
ENCODING 7645
SWIDTH 0 0
DWIDTH 0 0
BBX 3 5 -7 10
BITMAP
C0
40
40
40
E0
ENDCHAR
STARTCHAR 1DDE
ENCODING 7646
SWIDTH 0 0
DWIDTH 0 0
BBX 3 4 -6 10
BITMAP
80
80
80
E0
ENDCHAR
STARTCHAR 1DDF
ENCODING 7647
SWIDTH 0 0
DWIDTH 0 0
BBX 4 4 -7 10
BITMAP
90
F0
90
90
ENDCHAR
STARTCHAR 1DE0
ENCODING 7648
SWIDTH 0 0
DWIDTH 0 0
BBX 3 4 -7 10
BITMAP
E0
A0
A0
A0
ENDCHAR
STARTCHAR 1DE1
ENCODING 7649
SWIDTH 0 0
DWIDTH 0 0
BBX 3 4 -7 10
BITMAP
A0
E0
E0
A0
ENDCHAR
STARTCHAR 1DE2
ENCODING 7650
SWIDTH 0 0
DWIDTH 0 0
BBX 3 4 -7 10
BITMAP
E0
A0
E0
A0
ENDCHAR
STARTCHAR 1DE3
ENCODING 7651
SWIDTH 0 0
DWIDTH 0 0
BBX 3 4 -6 10
BITMAP
C0
40
C0
60
ENDCHAR
STARTCHAR 1DE4
ENCODING 7652
SWIDTH 0 0
DWIDTH 0 0
BBX 3 4 -7 10
BITMAP
E0
A0
E0
E0
ENDCHAR
STARTCHAR 1DE5
ENCODING 7653
SWIDTH 0 0
DWIDTH 0 0
BBX 3 5 -6 10
BITMAP
C0
A0
80
80
C0
ENDCHAR
STARTCHAR 1DE6
ENCODING 7654
SWIDTH 0 0
DWIDTH 0 0
BBX 3 4 -7 10
BITMAP
E0
40
80
E0
ENDCHAR
STARTCHAR 1DE7
ENCODING 7655
SWIDTH 0 0
DWIDTH 0 0
BBX 3 4 -7 10
BITMAP
E0
A0
A0
E0
ENDCHAR
STARTCHAR 1DE8
ENCODING 7656
SWIDTH 0 0
DWIDTH 0 0
BBX 3 5 -7 10
BITMAP
80
E0
A0
A0
E0
ENDCHAR
STARTCHAR 1DE9
ENCODING 7657
SWIDTH 0 0
DWIDTH 0 0
BBX 3 7 -7 10
BITMAP
E0
A0
C0
A0
A0
C0
80
ENDCHAR
STARTCHAR 1DEA
ENCODING 7658
SWIDTH 0 0
DWIDTH 0 0
BBX 3 4 -7 10
BITMAP
C0
A0
E0
E0
ENDCHAR
STARTCHAR 1DEB
ENCODING 7659
SWIDTH 0 0
DWIDTH 0 0
BBX 3 5 -7 10
BITMAP
60
40
E0
40
E0
ENDCHAR
STARTCHAR 1DEC
ENCODING 7660
SWIDTH 0 0
DWIDTH 0 0
BBX 3 5 -7 10
BITMAP
C0
40
E0
40
E0
ENDCHAR
STARTCHAR 1DED
ENCODING 7661
SWIDTH 0 0
DWIDTH 0 0
BBX 4 5 -8 11
BITMAP
70
50
50
70
80
ENDCHAR
STARTCHAR 1DEE
ENCODING 7662
SWIDTH 0 0
DWIDTH 0 0
BBX 3 5 -7 10
BITMAP
E0
A0
A0
E0
80
ENDCHAR
STARTCHAR 1DEF
ENCODING 7663
SWIDTH 0 0
DWIDTH 0 0
BBX 3 7 -7 10
BITMAP
60
40
40
40
40
40
C0
ENDCHAR
STARTCHAR 1DF0
ENCODING 7664
SWIDTH 0 0
DWIDTH 0 0
BBX 4 5 -8 11
BITMAP
50
50
50
70
80
ENDCHAR
STARTCHAR 1DF1
ENCODING 7665
SWIDTH 0 0
DWIDTH 0 0
BBX 4 4 -7 10
BITMAP
B0
E0
E0
20
ENDCHAR
STARTCHAR 1DF2
ENCODING 7666
SWIDTH 0 0
DWIDTH 0 0
BBX 3 5 -7 10
BITMAP
A0
E0
A0
E0
E0
ENDCHAR
STARTCHAR 1DF3
ENCODING 7667
SWIDTH 0 0
DWIDTH 0 0
BBX 3 5 -7 10
BITMAP
A0
E0
A0
A0
E0
ENDCHAR
STARTCHAR 1DF4
ENCODING 7668
SWIDTH 0 0
DWIDTH 0 0
BBX 3 5 -7 10
BITMAP
A0
A0
A0
A0
E0
ENDCHAR
STARTCHAR 1DF5
ENCODING 7669
SWIDTH 0 0
DWIDTH 0 0
BBX 4 3 -7 10
BITMAP
60
F0
F0
ENDCHAR
STARTCHAR 1DF6
ENCODING 7670
SWIDTH 0 0
DWIDTH 0 0
BBX 6 3 -3 10
BITMAP
CC
FC
78
ENDCHAR
STARTCHAR 1DF7
ENCODING 7671
SWIDTH 0 0
DWIDTH 0 0
BBX 6 3 -3 10
BITMAP
CC
FC
78
ENDCHAR
STARTCHAR 1DF8
ENCODING 7672
SWIDTH 0 0
DWIDTH 0 0
BBX 2 2 -2 9
BITMAP
C0
C0
ENDCHAR
STARTCHAR 1DF9
ENCODING 7673
SWIDTH 0 0
DWIDTH 0 0
BBX 11 3 -10 -3
BITMAP
C060
FFE0
FFE0
ENDCHAR
STARTCHAR 1DFA
ENCODING 7674
SWIDTH 0 0
DWIDTH 0 0
BBX 2 2 -2 -3
BITMAP
C0
C0
ENDCHAR
STARTCHAR 1DFB
ENCODING 7675
SWIDTH 0 0
DWIDTH 0 0
BBX 5 2 -8 10
BITMAP
68
B0
ENDCHAR
STARTCHAR 1DFC
ENCODING 7676
SWIDTH 0 0
DWIDTH 0 0
BBX 16 4 -8 -10
BITMAP
07E0
3FFC
F00F
8003
ENDCHAR
STARTCHAR 1DFD
ENCODING 7677
SWIDTH 0 0
DWIDTH 0 0
BBX 6 4 -8 -4
BITMAP
E4
FC
FC
B8
ENDCHAR
STARTCHAR 1DFE
ENCODING 7678
SWIDTH 0 0
DWIDTH 0 0
BBX 4 3 -7 10
BITMAP
30
C0
70
ENDCHAR
STARTCHAR 1DFF
ENCODING 7679
SWIDTH 0 0
DWIDTH 0 0
BBX 8 4 -9 -5
BITMAP
C9
7F
E6
80
ENDCHAR
STARTCHAR 1E00
ENCODING 7680
SWIDTH 687 0
DWIDTH 11 0
BBX 9 17 1 -4
BITMAP
0800
1C00
1C00
1400
1400
3600
3600
3E00
3E00
6300
6300
F780
F780
0000
1C00
1400
1C00
ENDCHAR
STARTCHAR 1E01
ENCODING 7681
SWIDTH 687 0
DWIDTH 11 0
BBX 9 13 1 -4
BITMAP
3C00
7F00
6300
1F00
7F00
6300
E300
7F80
7B80
0000
1C00
1400
1C00
ENDCHAR
STARTCHAR 1E02
ENCODING 7682
SWIDTH 687 0
DWIDTH 11 0
BBX 9 17 1 0
BITMAP
0C00
0C00
0C00
0000
FC00
FE00
6300
6300
6300
6300
7E00
7F00
6180
6180
6180
FF00
FE00
ENDCHAR
STARTCHAR 1E03
ENCODING 7683
SWIDTH 687 0
DWIDTH 11 0
BBX 8 13 1 0
BITMAP
EC
EC
6C
60
6E
7F
63
63
63
63
63
FF
EE
ENDCHAR
STARTCHAR 1E04
ENCODING 7684
SWIDTH 687 0
DWIDTH 11 0
BBX 9 17 1 -4
BITMAP
FC00
FE00
6300
6300
6300
6300
7E00
7F00
6180
6180
6180
FF00
FE00
0000
0C00
0C00
0C00
ENDCHAR
STARTCHAR 1E05
ENCODING 7685
SWIDTH 687 0
DWIDTH 11 0
BBX 8 17 1 -4
BITMAP
E0
E0
60
60
6E
7F
63
63
63
63
63
FF
EE
00
18
18
18
ENDCHAR
STARTCHAR 1E06
ENCODING 7686
SWIDTH 687 0
DWIDTH 11 0
BBX 9 17 1 -4
BITMAP
FC00
FE00
6300
6300
6300
6300
7E00
7F00
6380
6180
6180
FF00
FE00
0000
0000
3F00
3F00
ENDCHAR
STARTCHAR 1E07
ENCODING 7687
SWIDTH 687 0
DWIDTH 11 0
BBX 8 17 1 -4
BITMAP
E0
E0
60
60
6E
7F
63
63
63
63
63
FF
EE
00
00
7E
7E
ENDCHAR
STARTCHAR 1E08
ENCODING 7688
SWIDTH 687 0
DWIDTH 11 0
BBX 8 21 1 -4
BITMAP
0C
18
10
00
7B
7F
C3
C0
C0
C0
C0
C0
C0
C0
C7
7E
3C
18
04
3C
38
ENDCHAR
STARTCHAR 1E09
ENCODING 7689
SWIDTH 687 0
DWIDTH 11 0
BBX 8 17 1 -4
BITMAP
0C
18
10
00
7B
7F
C3
C0
C0
C0
C3
7E
3C
18
04
3C
38
ENDCHAR
STARTCHAR 1E0A
ENCODING 7690
SWIDTH 687 0
DWIDTH 11 0
BBX 8 17 1 0
BITMAP
0C
0C
0C
00
FC
FE
63
63
63
63
63
63
63
63
63
FE
FC
ENDCHAR
STARTCHAR 1E0B
ENCODING 7691
SWIDTH 625 0
DWIDTH 10 0
BBX 8 13 1 0
BITMAP
3E
3E
36
06
76
FE
C6
C6
C6
C6
C6
FF
77
ENDCHAR
STARTCHAR 1E0C
ENCODING 7692
SWIDTH 687 0
DWIDTH 11 0
BBX 8 17 1 -4
BITMAP
FC
FE
63
63
63
63
63
63
63
63
63
FE
FC
00
0C
0C
0C
ENDCHAR
STARTCHAR 1E0D
ENCODING 7693
SWIDTH 625 0
DWIDTH 10 0
BBX 8 17 1 -4
BITMAP
0E
0E
06
06
76
FE
C6
C6
C6
C6
C6
FF
77
00
18
18
18
ENDCHAR
STARTCHAR 1E0E
ENCODING 7694
SWIDTH 687 0
DWIDTH 11 0
BBX 8 17 1 -4
BITMAP
FC
FE
63
63
63
63
63
63
63
63
63
FE
FC
00
00
3F
3F
ENDCHAR
STARTCHAR 1E0F
ENCODING 7695
SWIDTH 625 0
DWIDTH 10 0
BBX 8 17 1 -4
BITMAP
0E
0E
06
06
76
FE
C6
C6
C6
C6
C6
FF
77
00
00
7E
7E
ENDCHAR
STARTCHAR 1E10
ENCODING 7696
SWIDTH 687 0
DWIDTH 11 0
BBX 8 17 1 -5
BITMAP
FC
FE
63
63
63
63
63
63
63
63
63
FE
FC
00
08
08
08
ENDCHAR
STARTCHAR 1E11
ENCODING 7697
SWIDTH 625 0
DWIDTH 10 0
BBX 8 17 1 -5
BITMAP
0E
0E
06
06
76
FE
C6
C6
C6
C6
C6
FF
77
00
10
10
10
ENDCHAR
STARTCHAR 1E12
ENCODING 7698
SWIDTH 687 0
DWIDTH 11 0
BBX 8 17 1 -5
BITMAP
FC
FE
63
63
63
63
63
63
63
63
63
FE
FC
00
18
1C
36
ENDCHAR
STARTCHAR 1E13
ENCODING 7699
SWIDTH 625 0
DWIDTH 10 0
BBX 8 17 1 -5
BITMAP
0E
0E
06
06
76
FE
C6
C6
C6
C6
C6
FF
77
00
10
38
6C
ENDCHAR
STARTCHAR 1E14
ENCODING 7700
SWIDTH 687 0
DWIDTH 11 0
BBX 8 20 1 1
BITMAP
30
18
08
00
7E
7E
00
FF
FF
63
60
60
7C
7C
60
60
60
63
FF
FF
ENDCHAR
STARTCHAR 1E15
ENCODING 7701
SWIDTH 625 0
DWIDTH 10 0
BBX 8 17 1 1
BITMAP
30
18
08
00
7E
7E
00
00
3C
7E
C2
FF
FF
C0
E2
7E
3C
ENDCHAR
STARTCHAR 1E16
ENCODING 7702
SWIDTH 687 0
DWIDTH 11 0
BBX 8 20 1 1
BITMAP
0C
0C
08
00
7E
7E
00
FF
FF
63
60
60
7C
7C
60
60
60
63
FF
FF
ENDCHAR
STARTCHAR 1E17
ENCODING 7703
SWIDTH 625 0
DWIDTH 10 0
BBX 8 17 1 1
BITMAP
0C
18
10
00
7E
7E
00
00
3C
7E
C2
FF
FF
C0
E2
7E
3C
ENDCHAR
STARTCHAR 1E18
ENCODING 7704
SWIDTH 687 0
DWIDTH 11 0
BBX 8 18 1 -5
BITMAP
FF
FF
63
60
60
7C
7C
60
60
60
63
FF
FF
00
18
1C
36
20
ENDCHAR
STARTCHAR 1E19
ENCODING 7705
SWIDTH 625 0
DWIDTH 10 0
BBX 8 13 1 -4
BITMAP
3C
7E
C6
FF
FF
C0
C6
7E
3C
00
38
2C
44
ENDCHAR
STARTCHAR 1E1A
ENCODING 7706
SWIDTH 687 0
DWIDTH 11 0
BBX 8 17 1 -4
BITMAP
FF
FF
63
60
60
7C
7C
60
60
60
63
FF
FF
00
32
7F
6E
ENDCHAR
STARTCHAR 1E1B
ENCODING 7707
SWIDTH 625 0
DWIDTH 10 0
BBX 8 13 1 -4
BITMAP
3C
7E
C6
FF
FF
C0
C6
7E
3C
00
32
7E
4C
ENDCHAR
STARTCHAR 1E1C
ENCODING 7708
SWIDTH 687 0
DWIDTH 11 0
BBX 8 21 1 -4
BITMAP
63
3F
3E
00
FF
FF
63
60
60
7E
7E
60
60
60
63
FF
FF
08
0C
1E
1E
ENDCHAR
STARTCHAR 1E1D
ENCODING 7709
SWIDTH 625 0
DWIDTH 10 0
BBX 8 17 1 -4
BITMAP
66
7E
38
00
3C
7E
C6
FF
FF
C0
E2
7E
3C
18
1C
3C
38
ENDCHAR
STARTCHAR 1E1E
ENCODING 7710
SWIDTH 687 0
DWIDTH 11 0
BBX 7 17 2 0
BITMAP
18
18
18
00
FE
FE
66
60
60
78
78
60
60
60
60
F0
F0
ENDCHAR
STARTCHAR 1E1F
ENCODING 7711
SWIDTH 687 0
DWIDTH 11 0
BBX 8 17 2 0
BITMAP
18
18
18
00
1E
3E
37
30
30
FE
FE
30
30
30
30
FC
FC
ENDCHAR
STARTCHAR 1E20
ENCODING 7712
SWIDTH 687 0
DWIDTH 11 0
BBX 9 16 1 0
BITMAP
7E00
7E00
0000
3C00
7E00
C600
C000
C000
C000
CF80
CF80
C600
C600
C600
FE00
7600
ENDCHAR
STARTCHAR 1E21
ENCODING 7713
SWIDTH 625 0
DWIDTH 10 0
BBX 8 17 1 -4
BITMAP
7E
7E
00
00
77
FF
C6
C6
C6
C6
C6
FE
76
06
C6
FC
78
ENDCHAR
STARTCHAR 1E22
ENCODING 7714
SWIDTH 687 0
DWIDTH 11 0
BBX 9 17 1 0
BITMAP
1800
1800
1800
0000
F780
F780
6300
6300
6300
6300
7F00
7F00
6300
6300
6300
F780
F780
ENDCHAR
STARTCHAR 1E23
ENCODING 7715
SWIDTH 687 0
DWIDTH 11 0
BBX 9 13 1 0
BITMAP
EC00
EC00
6C00
6000
6E00
7F00
6300
6300
6300
6300
6300
F780
F780
ENDCHAR
STARTCHAR 1E24
ENCODING 7716
SWIDTH 687 0
DWIDTH 11 0
BBX 9 17 1 -4
BITMAP
F780
F780
6300
6300
6300
6300
7F00
7F00
6300
6300
6300
F780
F780
0000
1800
1800
1800
ENDCHAR
STARTCHAR 1E25
ENCODING 7717
SWIDTH 687 0
DWIDTH 11 0
BBX 9 17 1 -4
BITMAP
E000
E000
6000
6000
6E00
7F00
6300
6300
6300
6300
6300
F780
F780
0000
1800
1800
1800
ENDCHAR
STARTCHAR 1E26
ENCODING 7718
SWIDTH 687 0
DWIDTH 11 0
BBX 9 17 1 0
BITMAP
6600
6600
6600
0000
F780
F780
6300
6300
6300
6300
7F00
7F00
6300
6300
6300
F780
F780
ENDCHAR
STARTCHAR 1E27
ENCODING 7719
SWIDTH 687 0
DWIDTH 11 0
BBX 9 17 1 0
BITMAP
6600
6600
6600
0000
E000
E000
6000
6000
6E00
7F00
6300
6300
6300
6300
6300
F780
F780
ENDCHAR
STARTCHAR 1E28
ENCODING 7720
SWIDTH 687 0
DWIDTH 11 0
BBX 9 17 1 -4
BITMAP
F780
F780
6300
6300
6300
6300
7F00
7F00
6300
6300
6300
F780
F780
6000
7000
F000
F000
ENDCHAR
STARTCHAR 1E29
ENCODING 7721
SWIDTH 687 0
DWIDTH 11 0
BBX 9 17 1 -4
BITMAP
E000
E000
6000
6000
6E00
7F00
6300
6300
6300
6300
6300
F780
F780
6000
7000
F000
F000
ENDCHAR
STARTCHAR 1E2A
ENCODING 7722
SWIDTH 687 0
DWIDTH 11 0
BBX 9 17 1 -4
BITMAP
F780
F780
6300
6300
6300
6300
7F00
7F00
6300
6300
6300
F780
F780
0000
6300
3E00
3E00
ENDCHAR
STARTCHAR 1E2B
ENCODING 7723
SWIDTH 687 0
DWIDTH 11 0
BBX 9 17 1 -4
BITMAP
E000
E000
6000
6000
6E00
7F00
6300
6300
6300
6300
6300
F780
F780
0000
6300
3E00
3E00
ENDCHAR
STARTCHAR 1E2C
ENCODING 7724
SWIDTH 687 0
DWIDTH 11 0
BBX 7 17 2 -4
BITMAP
FE
FE
30
30
30
30
30
30
30
30
30
FE
FE
00
64
F6
9C
ENDCHAR
STARTCHAR 1E2D
ENCODING 7725
SWIDTH 687 0
DWIDTH 11 0
BBX 7 17 2 -4
BITMAP
18
18
18
00
F8
F8
18
18
18
18
18
FE
FE
00
30
7E
4C
ENDCHAR
STARTCHAR 1E2E
ENCODING 7726
SWIDTH 687 0
DWIDTH 11 0
BBX 7 21 2 0
BITMAP
08
18
30
00
CC
CC
CC
00
FE
FE
30
30
30
30
30
30
30
30
30
FE
FE
ENDCHAR
STARTCHAR 1E2F
ENCODING 7727
SWIDTH 687 0
DWIDTH 11 0
BBX 7 17 2 0
BITMAP
08
1C
18
00
CC
CC
CC
00
F8
F8
18
18
18
18
18
FE
FE
ENDCHAR
STARTCHAR 1E30
ENCODING 7728
SWIDTH 687 0
DWIDTH 11 0
BBX 8 17 2 0
BITMAP
0C
18
10
00
C7
C7
CC
CC
D8
D8
F8
F8
D8
CC
CC
C6
C6
ENDCHAR
STARTCHAR 1E31
ENCODING 7729
SWIDTH 625 0
DWIDTH 10 0
BBX 9 17 1 0
BITMAP
3000
7000
4000
0000
E000
E000
6000
6000
6380
6780
6C00
7C00
7800
7C00
6600
F780
F380
ENDCHAR
STARTCHAR 1E32
ENCODING 7730
SWIDTH 687 0
DWIDTH 11 0
BBX 8 17 2 -4
BITMAP
C7
CF
CC
D8
D8
D0
F0
F0
D8
D8
CC
CE
C6
00
30
30
30
ENDCHAR
STARTCHAR 1E33
ENCODING 7731
SWIDTH 625 0
DWIDTH 10 0
BBX 9 17 1 -4
BITMAP
E000
E000
6000
6000
6780
6780
6C00
7800
7800
7C00
6400
F780
F780
0000
1800
1800
1800
ENDCHAR
STARTCHAR 1E34
ENCODING 7732
SWIDTH 687 0
DWIDTH 11 0
BBX 8 17 2 -4
BITMAP
C7
CF
CC
CC
D8
D8
F0
F0
D8
D8
CC
CE
C6
00
00
FC
FC
ENDCHAR
STARTCHAR 1E35
ENCODING 7733
SWIDTH 625 0
DWIDTH 10 0
BBX 9 17 1 -4
BITMAP
E000
E000
6000
6000
6380
6780
6C00
7C00
7800
7C00
6600
F780
F380
0000
0000
7E00
7E00
ENDCHAR
STARTCHAR 1E36
ENCODING 7734
SWIDTH 750 0
DWIDTH 12 0
BBX 8 17 2 -4
BITMAP
F0
F0
60
60
60
60
60
60
60
60
63
FF
FF
00
18
18
18
ENDCHAR
STARTCHAR 1E37
ENCODING 7735
SWIDTH 687 0
DWIDTH 11 0
BBX 7 17 2 -4
BITMAP
F8
F8
18
18
18
18
18
18
18
18
18
FE
FE
00
18
18
18
ENDCHAR
STARTCHAR 1E38
ENCODING 7736
SWIDTH 750 0
DWIDTH 12 0
BBX 8 20 2 -4
BITMAP
7E
7E
00
F0
F0
60
60
60
60
60
60
60
60
63
FF
FF
00
18
18
18
ENDCHAR
STARTCHAR 1E39
ENCODING 7737
SWIDTH 687 0
DWIDTH 11 0
BBX 7 20 2 -4
BITMAP
FC
FC
00
F8
F8
18
18
18
18
18
18
18
18
18
FE
FE
00
18
18
18
ENDCHAR
STARTCHAR 1E3A
ENCODING 7738
SWIDTH 750 0
DWIDTH 12 0
BBX 8 17 2 -4
BITMAP
F0
F0
60
60
60
60
60
60
60
60
63
FF
FF
00
00
7E
7E
ENDCHAR
STARTCHAR 1E3B
ENCODING 7739
SWIDTH 687 0
DWIDTH 11 0
BBX 7 17 2 -4
BITMAP
F8
F8
18
18
18
18
18
18
18
18
18
FE
FE
00
00
FC
FC
ENDCHAR
STARTCHAR 1E3C
ENCODING 7740
SWIDTH 750 0
DWIDTH 12 0
BBX 8 17 2 -5
BITMAP
F0
F0
60
60
60
60
60
60
60
60
63
FF
FF
00
18
3C
66
ENDCHAR
STARTCHAR 1E3D
ENCODING 7741
SWIDTH 687 0
DWIDTH 11 0
BBX 7 17 2 -5
BITMAP
F8
F8
18
18
18
18
18
18
18
18
18
FE
FE
00
18
3C
64
ENDCHAR
STARTCHAR 1E3E
ENCODING 7742
SWIDTH 750 0
DWIDTH 12 0
BBX 10 17 1 0
BITMAP
0600
0C00
0800
0000
E1C0
E1C0
E380
F380
D380
DF80
DD80
CD80
CD80
C180
C180
E1C0
E1C0
ENDCHAR
STARTCHAR 1E3F
ENCODING 7743
SWIDTH 687 0
DWIDTH 11 0
BBX 11 13 0 0
BITMAP
0700
0E00
0C00
0000
FB80
FFC0
6CC0
6CC0
6CC0
6CC0
6CC0
ECE0
ECE0
ENDCHAR
STARTCHAR 1E40
ENCODING 7744
SWIDTH 750 0
DWIDTH 12 0
BBX 10 17 1 0
BITMAP
0C00
0C00
0C00
0000
E1C0
E1C0
E380
F380
D380
DD80
DD80
CD80
CD80
C180
C180
E1C0
E1C0
ENDCHAR
STARTCHAR 1E41
ENCODING 7745
SWIDTH 687 0
DWIDTH 11 0
BBX 11 13 0 0
BITMAP
0C00
0C00
0C00
0000
FB80
FFC0
6CC0
6CC0
6CC0
6CC0
6CC0
ECE0
ECE0
ENDCHAR
STARTCHAR 1E42
ENCODING 7746
SWIDTH 750 0
DWIDTH 12 0
BBX 10 17 1 -4
BITMAP
E1C0
E1C0
E380
F380
D380
DD80
DD80
CD80
CD80
C180
C180
E1C0
E1C0
0000
0C00
0C00
0C00
ENDCHAR
STARTCHAR 1E43
ENCODING 7747
SWIDTH 687 0
DWIDTH 11 0
BBX 11 13 0 -4
BITMAP
FB80
FFC0
6CC0
6CC0
6CC0
6CC0
6CC0
ECE0
ECE0
0000
0C00
0C00
0C00
ENDCHAR
STARTCHAR 1E44
ENCODING 7748
SWIDTH 687 0
DWIDTH 11 0
BBX 9 17 1 0
BITMAP
1800
1800
1800
0000
E780
F780
7300
7300
7B00
7B00
6B00
6F00
6F00
6700
6700
F700
F300
ENDCHAR
STARTCHAR 1E45
ENCODING 7749
SWIDTH 687 0
DWIDTH 11 0
BBX 9 13 1 0
BITMAP
1800
1800
1800
0000
EE00
FF00
6300
6300
6300
6300
6300
F780
F780
ENDCHAR
STARTCHAR 1E46
ENCODING 7750
SWIDTH 687 0
DWIDTH 11 0
BBX 9 17 1 -4
BITMAP
E780
F780
7300
7300
7B00
7B00
6B00
6F00
6F00
6700
6700
F700
F300
0000
1800
1800
1800
ENDCHAR
STARTCHAR 1E47
ENCODING 7751
SWIDTH 687 0
DWIDTH 11 0
BBX 9 13 1 -4
BITMAP
EE00
FF00
6300
6300
6300
6300
6300
F780
F780
0000
1800
1800
1800
ENDCHAR
STARTCHAR 1E48
ENCODING 7752
SWIDTH 687 0
DWIDTH 11 0
BBX 9 17 1 -4
BITMAP
E780
F780
7300
7300
7B00
7B00
6B00
6F00
6F00
6700
6700
F700
F300
0000
0000
7E00
7E00
ENDCHAR
STARTCHAR 1E49
ENCODING 7753
SWIDTH 687 0
DWIDTH 11 0
BBX 9 13 1 -4
BITMAP
EE00
FF00
6300
6300
6300
6300
6300
F780
F780
0000
0000
7E00
7E00
ENDCHAR
STARTCHAR 1E4A
ENCODING 7754
SWIDTH 687 0
DWIDTH 11 0
BBX 9 17 1 -5
BITMAP
E780
F780
7300
7300
7B00
7B00
6B00
6F00
6F00
6700
6700
F700
F300
0000
0800
1C00
3600
ENDCHAR
STARTCHAR 1E4B
ENCODING 7755
SWIDTH 687 0
DWIDTH 11 0
BBX 9 13 1 -5
BITMAP
EE00
FF00
6300
6300
6300
6300
6300
F780
F780
0000
0800
1C00
3600
ENDCHAR
STARTCHAR 1E4C
ENCODING 7756
SWIDTH 625 0
DWIDTH 10 0
BBX 8 20 1 1
BITMAP
0C
18
10
72
7E
4C
00
3C
7E
C3
C3
C3
C3
C3
C3
C3
C3
C3
7E
3C
ENDCHAR
STARTCHAR 1E4D
ENCODING 7757
SWIDTH 625 0
DWIDTH 10 0
BBX 8 16 1 1
BITMAP
0C
18
10
72
7E
4C
00
3C
7E
C3
C3
C3
C3
C3
7E
3C
ENDCHAR
STARTCHAR 1E4E
ENCODING 7758
SWIDTH 625 0
DWIDTH 10 0
BBX 8 20 1 0
BITMAP
CC
CC
00
72
7E
4C
00
3C
7E
C3
C3
C3
C3
C3
C3
C3
C3
C3
7E
3C
ENDCHAR
STARTCHAR 1E4F
ENCODING 7759
SWIDTH 625 0
DWIDTH 10 0
BBX 8 16 1 0
BITMAP
CC
CC
00
72
7E
4C
00
3C
7E
C3
C3
C3
C3
C3
7E
3C
ENDCHAR
STARTCHAR 1E50
ENCODING 7760
SWIDTH 625 0
DWIDTH 10 0
BBX 8 20 1 1
BITMAP
30
18
08
00
7E
7E
00
3C
7E
C3
C3
C3
C3
C3
C3
C3
C3
C3
7E
3C
ENDCHAR
STARTCHAR 1E51
ENCODING 7761
SWIDTH 625 0
DWIDTH 10 0
BBX 8 17 1 1
BITMAP
30
18
08
00
7E
7E
00
00
3C
7E
C3
C3
C3
C3
C3
7E
3C
ENDCHAR
STARTCHAR 1E52
ENCODING 7762
SWIDTH 625 0
DWIDTH 10 0
BBX 8 20 1 1
BITMAP
0C
18
10
00
7E
7E
00
3C
7E
C3
C3
C3
C3
C3
C3
C3
C3
C3
7E
3C
ENDCHAR
STARTCHAR 1E53
ENCODING 7763
SWIDTH 625 0
DWIDTH 10 0
BBX 8 17 1 1
BITMAP
0C
18
10
00
7E
7E
00
00
3C
7E
C3
C3
C3
C3
C3
7E
3C
ENDCHAR
STARTCHAR 1E54
ENCODING 7764
SWIDTH 625 0
DWIDTH 10 0
BBX 8 17 1 0
BITMAP
0C
1C
10
00
FC
FE
63
63
63
63
7E
7C
60
60
60
F0
F0
ENDCHAR
STARTCHAR 1E55
ENCODING 7765
SWIDTH 687 0
DWIDTH 11 0
BBX 8 17 1 -4
BITMAP
04
0C
08
00
EE
FF
63
63
63
63
63
7F
6E
60
60
F0
F0
ENDCHAR
STARTCHAR 1E56
ENCODING 7766
SWIDTH 625 0
DWIDTH 10 0
BBX 8 17 1 0
BITMAP
18
18
18
00
FC
FE
63
63
63
63
7E
7C
60
60
60
F0
F0
ENDCHAR
STARTCHAR 1E57
ENCODING 7767
SWIDTH 687 0
DWIDTH 11 0
BBX 8 17 1 -4
BITMAP
18
18
18
00
EE
FF
63
63
63
63
63
7F
6E
60
60
F0
F0
ENDCHAR
STARTCHAR 1E58
ENCODING 7768
SWIDTH 687 0
DWIDTH 11 0
BBX 9 17 1 0
BITMAP
1800
1800
1800
0000
FE00
FE00
6300
6300
6300
6300
7E00
7C00
6C00
6400
6600
F780
F780
ENDCHAR
STARTCHAR 1E59
ENCODING 7769
SWIDTH 687 0
DWIDTH 11 0
BBX 7 13 2 0
BITMAP
18
18
18
00
F6
FE
36
30
30
30
30
F8
F8
ENDCHAR
STARTCHAR 1E5A
ENCODING 7770
SWIDTH 687 0
DWIDTH 11 0
BBX 9 17 1 -4
BITMAP
FE00
FE00
6300
6300
6300
6300
7E00
7C00
6C00
6400
6600
F780
F780
0000
1800
1800
1800
ENDCHAR
STARTCHAR 1E5B
ENCODING 7771
SWIDTH 687 0
DWIDTH 11 0
BBX 7 13 2 -4
BITMAP
F6
FE
36
30
30
30
30
F8
F8
00
30
30
30
ENDCHAR
STARTCHAR 1E5C
ENCODING 7772
SWIDTH 687 0
DWIDTH 11 0
BBX 9 20 1 -4
BITMAP
7E00
7E00
0000
FE00
FE00
6300
6300
6300
6300
7E00
7C00
6C00
6400
6600
F780
F780
0000
1800
1800
1800
ENDCHAR
STARTCHAR 1E5D
ENCODING 7773
SWIDTH 687 0
DWIDTH 11 0
BBX 8 17 2 -4
BITMAP
7E
7E
00
00
F6
FF
33
30
30
30
30
F8
F8
00
30
30
30
ENDCHAR
STARTCHAR 1E5E
ENCODING 7774
SWIDTH 687 0
DWIDTH 11 0
BBX 9 17 1 -4
BITMAP
FC00
FE00
6300
6300
6300
6300
6300
7E00
7C00
6400
6600
F780
F380
0000
0000
7E00
7E00
ENDCHAR
STARTCHAR 1E5F
ENCODING 7775
SWIDTH 687 0
DWIDTH 11 0
BBX 8 13 2 -4
BITMAP
F6
FF
33
30
30
30
30
F8
F8
00
00
7E
7E
ENDCHAR
STARTCHAR 1E60
ENCODING 7776
SWIDTH 687 0
DWIDTH 11 0
BBX 7 17 2 0
BITMAP
18
18
18
00
76
FE
C6
C0
C0
70
7C
1C
0E
06
C6
FE
FC
ENDCHAR
STARTCHAR 1E61
ENCODING 7777
SWIDTH 687 0
DWIDTH 11 0
BBX 7 13 2 0
BITMAP
18
18
18
00
7E
FE
C6
E0
7C
0E
C2
FE
FC
ENDCHAR
STARTCHAR 1E62
ENCODING 7778
SWIDTH 687 0
DWIDTH 11 0
BBX 7 17 2 -4
BITMAP
76
FE
C6
C0
C0
70
7C
1C
0E
06
C6
FE
FC
00
18
18
18
ENDCHAR
STARTCHAR 1E63
ENCODING 7779
SWIDTH 687 0
DWIDTH 11 0
BBX 7 13 2 -4
BITMAP
7E
FE
C6
E0
7C
0E
C2
FE
FC
00
18
18
18
ENDCHAR
STARTCHAR 1E64
ENCODING 7780
SWIDTH 687 0
DWIDTH 11 0
BBX 7 21 2 0
BITMAP
18
18
18
00
00
08
18
00
76
FE
C6
C0
C0
70
7C
1C
0E
06
C6
FE
FC
ENDCHAR
STARTCHAR 1E65
ENCODING 7781
SWIDTH 687 0
DWIDTH 11 0
BBX 7 17 2 0
BITMAP
18
18
00
00
08
18
10
00
7E
FE
C6
E0
7C
0E
C2
FE
FC
ENDCHAR
STARTCHAR 1E66
ENCODING 7782
SWIDTH 687 0
DWIDTH 11 0
BBX 7 21 2 0
BITMAP
18
18
18
00
44
3C
18
00
76
FE
C6
C0
C0
70
7C
1C
0E
06
C6
FE
FC
ENDCHAR
STARTCHAR 1E67
ENCODING 7783
SWIDTH 687 0
DWIDTH 11 0
BBX 7 17 2 1
BITMAP
18
18
00
00
6C
38
18
00
7E
FE
C6
E0
7C
0E
C2
FE
FC
ENDCHAR
STARTCHAR 1E68
ENCODING 7784
SWIDTH 687 0
DWIDTH 11 0
BBX 7 21 2 -4
BITMAP
18
18
18
00
76
FE
C6
C0
C0
70
7C
1C
0E
06
C6
FE
FC
00
18
18
18
ENDCHAR
STARTCHAR 1E69
ENCODING 7785
SWIDTH 687 0
DWIDTH 11 0
BBX 7 17 2 -4
BITMAP
18
18
18
00
7E
FE
C6
E0
7C
0E
C2
FE
FC
00
18
18
18
ENDCHAR
STARTCHAR 1E6A
ENCODING 7786
SWIDTH 750 0
DWIDTH 12 0
BBX 8 17 2 0
BITMAP
18
18
18
00
FF
FF
DB
18
18
18
18
18
18
18
18
7C
7C
ENDCHAR
STARTCHAR 1E6B
ENCODING 7787
SWIDTH 687 0
DWIDTH 11 0
BBX 8 17 2 0
BITMAP
30
30
30
00
30
30
30
30
FE
FE
30
30
30
30
33
3E
1E
ENDCHAR
STARTCHAR 1E6C
ENCODING 7788
SWIDTH 750 0
DWIDTH 12 0
BBX 8 17 2 -4
BITMAP
FF
FF
DB
18
18
18
18
18
18
18
18
7C
7C
00
18
18
18
ENDCHAR
STARTCHAR 1E6D
ENCODING 7789
SWIDTH 687 0
DWIDTH 11 0
BBX 8 17 2 -4
BITMAP
30
30
30
30
FE
FE
30
30
30
30
37
3E
1E
00
18
18
18
ENDCHAR
STARTCHAR 1E6E
ENCODING 7790
SWIDTH 750 0
DWIDTH 12 0
BBX 8 17 2 -4
BITMAP
FF
FF
DB
18
18
18
18
18
18
18
18
7C
7C
00
00
7E
7E
ENDCHAR
STARTCHAR 1E6F
ENCODING 7791
SWIDTH 687 0
DWIDTH 11 0
BBX 8 17 2 -4
BITMAP
30
30
30
30
FE
FE
30
30
30
30
33
3E
1E
00
00
7E
7E
ENDCHAR
STARTCHAR 1E70
ENCODING 7792
SWIDTH 750 0
DWIDTH 12 0
BBX 8 17 2 -5
BITMAP
FF
FF
DB
18
18
18
18
18
18
18
18
7C
7C
00
18
3C
64
ENDCHAR
STARTCHAR 1E71
ENCODING 7793
SWIDTH 687 0
DWIDTH 11 0
BBX 8 17 2 -4
BITMAP
30
30
30
30
FE
FE
30
30
30
30
33
3E
1E
00
1C
36
22
ENDCHAR
STARTCHAR 1E72
ENCODING 7794
SWIDTH 687 0
DWIDTH 11 0
BBX 9 17 1 -4
BITMAP
F780
F780
6300
6300
6300
6300
6300
6300
6300
6300
6300
3E00
1C00
0000
6600
6600
6600
ENDCHAR
STARTCHAR 1E73
ENCODING 7795
SWIDTH 687 0
DWIDTH 11 0
BBX 9 13 1 -4
BITMAP
E700
E700
6300
6300
6300
6300
6300
7F80
3B80
0000
6600
6600
6600
ENDCHAR
STARTCHAR 1E74
ENCODING 7796
SWIDTH 687 0
DWIDTH 11 0
BBX 9 17 1 -4
BITMAP
F780
F780
6300
6300
6300
6300
6300
6300
6300
6300
6300
3E00
1C00
0000
3200
7F00
6E00
ENDCHAR
STARTCHAR 1E75
ENCODING 7797
SWIDTH 687 0
DWIDTH 11 0
BBX 9 13 1 -4
BITMAP
E700
E700
6300
6300
6300
6300
6300
7F80
3B80
0000
1200
7B00
6E00
ENDCHAR
STARTCHAR 1E76
ENCODING 7798
SWIDTH 687 0
DWIDTH 11 0
BBX 9 17 1 -4
BITMAP
F780
F780
6300
6300
6300
6300
6300
6300
6300
6300
6300
3E00
1C00
0000
1C00
3600
2200
ENDCHAR
STARTCHAR 1E77
ENCODING 7799
SWIDTH 687 0
DWIDTH 11 0
BBX 9 13 1 -5
BITMAP
E700
E700
6300
6300
6300
6300
6300
7F80
3B80
0000
0800
1C00
3600
ENDCHAR
STARTCHAR 1E78
ENCODING 7800
SWIDTH 687 0
DWIDTH 11 0
BBX 9 21 1 0
BITMAP
0400
0E00
0C00
0800
3A00
7F00
2E00
0000
F780
F780
6300
6300
6300
6300
6300
6300
6300
6300
6300
3E00
1C00
ENDCHAR
STARTCHAR 1E79
ENCODING 7801
SWIDTH 687 0
DWIDTH 11 0
BBX 9 17 1 0
BITMAP
0400
0600
0C00
0800
3A00
7F00
2E00
0000
E700
E700
6300
6300
6300
6300
6300
7F80
3B80
ENDCHAR
STARTCHAR 1E7A
ENCODING 7802
SWIDTH 687 0
DWIDTH 11 0
BBX 9 20 1 0
BITMAP
6600
6600
6600
0000
7E00
7E00
0000
F780
F780
6300
6300
6300
6300
6300
6300
6300
6300
6300
3E00
1C00
ENDCHAR
STARTCHAR 1E7B
ENCODING 7803
SWIDTH 687 0
DWIDTH 11 0
BBX 9 16 1 0
BITMAP
6600
6600
6600
3F00
3F00
0000
0000
E700
E700
6300
6300
6300
6300
6300
7F80
3B80
ENDCHAR
STARTCHAR 1E7C
ENCODING 7804
SWIDTH 687 0
DWIDTH 11 0
BBX 9 17 1 0
BITMAP
1A00
3F00
2600
0000
F780
F780
6300
3600
3600
3600
3600
1400
1400
1400
1C00
0800
0800
ENDCHAR
STARTCHAR 1E7D
ENCODING 7805
SWIDTH 687 0
DWIDTH 11 0
BBX 9 13 1 0
BITMAP
1A00
3F00
2600
0000
F780
F780
3600
3600
3600
1400
1400
1C00
0800
ENDCHAR
STARTCHAR 1E7E
ENCODING 7806
SWIDTH 687 0
DWIDTH 11 0
BBX 9 17 1 -4
BITMAP
F780
F780
7300
3300
3200
3600
3600
1600
1400
1400
1C00
0C00
0800
0000
0C00
0C00
0C00
ENDCHAR
STARTCHAR 1E7F
ENCODING 7807
SWIDTH 687 0
DWIDTH 11 0
BBX 9 13 1 -4
BITMAP
F780
F780
3300
3200
3600
1600
1C00
1C00
0C00
0000
0C00
0C00
0C00
ENDCHAR
STARTCHAR 1E80
ENCODING 7808
SWIDTH 750 0
DWIDTH 12 0
BBX 10 17 1 0
BITMAP
1800
1C00
0400
0000
E1C0
E1C0
4080
4080
6D80
6D80
6D80
7F80
7F80
3300
3300
3300
3300
ENDCHAR
STARTCHAR 1E81
ENCODING 7809
SWIDTH 750 0
DWIDTH 12 0
BBX 10 13 1 0
BITMAP
1800
1C00
0400
0000
E1C0
E1C0
4D80
6D80
6D80
7F80
3300
3300
3300
ENDCHAR
STARTCHAR 1E82
ENCODING 7810
SWIDTH 750 0
DWIDTH 12 0
BBX 10 17 1 0
BITMAP
0600
0E00
0800
0000
E1C0
E1C0
4080
4080
6D80
6D80
6D80
7F80
7F80
3300
3300
3300
3300
ENDCHAR
STARTCHAR 1E83
ENCODING 7811
SWIDTH 750 0
DWIDTH 12 0
BBX 10 13 1 0
BITMAP
0600
0E00
0800
0000
E1C0
E1C0
4D80
6D80
6D80
7F80
3300
3300
3300
ENDCHAR
STARTCHAR 1E84
ENCODING 7812
SWIDTH 750 0
DWIDTH 12 0
BBX 10 17 1 0
BITMAP
3300
3300
3300
0000
E1C0
E1C0
4080
4080
6D80
6D80
6D80
7F80
7F80
3300
3300
3300
3300
ENDCHAR
STARTCHAR 1E85
ENCODING 7813
SWIDTH 750 0
DWIDTH 12 0
BBX 10 13 1 0
BITMAP
3300
3300
3300
0000
E1C0
E1C0
4D80
6D80
6D80
7F80
3300
3300
3300
ENDCHAR
STARTCHAR 1E86
ENCODING 7814
SWIDTH 750 0
DWIDTH 12 0
BBX 10 17 1 0
BITMAP
0C00
0C00
0C00
0000
E1C0
E1C0
4080
4080
6D80
6D80
6D80
6D80
7F80
3F00
3300
3300
3300
ENDCHAR
STARTCHAR 1E87
ENCODING 7815
SWIDTH 750 0
DWIDTH 12 0
BBX 10 13 1 0
BITMAP
0C00
0C00
0C00
0000
E1C0
E1C0
4D80
6D80
6D80
7F80
3F00
3300
3300
ENDCHAR
STARTCHAR 1E88
ENCODING 7816
SWIDTH 750 0
DWIDTH 12 0
BBX 10 17 1 -4
BITMAP
E1C0
E1C0
4080
4080
6D80
6D80
6D80
6D80
7F80
3F00
3300
3300
3300
0000
0C00
0C00
0C00
ENDCHAR
STARTCHAR 1E89
ENCODING 7817
SWIDTH 750 0
DWIDTH 12 0
BBX 10 13 1 -4
BITMAP
E1C0
E1C0
4D80
6D80
6D80
7F80
3F00
3300
3300
0000
0C00
0C00
0C00
ENDCHAR
STARTCHAR 1E8A
ENCODING 7818
SWIDTH 687 0
DWIDTH 11 0
BBX 9 17 1 0
BITMAP
1800
1800
1800
0000
F780
F780
3600
3400
1C00
1C00
0800
1800
1C00
3400
3600
F780
F780
ENDCHAR
STARTCHAR 1E8B
ENCODING 7819
SWIDTH 687 0
DWIDTH 11 0
BBX 9 13 1 0
BITMAP
1800
1800
1800
0000
F780
F780
3400
1C00
0800
1C00
3400
F780
F780
ENDCHAR
STARTCHAR 1E8C
ENCODING 7820
SWIDTH 687 0
DWIDTH 11 0
BBX 9 17 1 0
BITMAP
6600
6600
6600
0000
F780
F780
3600
3600
1C00
1C00
0800
1C00
1C00
3600
3600
F780
F780
ENDCHAR
STARTCHAR 1E8D
ENCODING 7821
SWIDTH 687 0
DWIDTH 11 0
BBX 9 13 1 0
BITMAP
6600
6600
6600
0000
F780
F780
3600
1C00
0800
1C00
3600
F780
F780
ENDCHAR
STARTCHAR 1E8E
ENCODING 7822
SWIDTH 687 0
DWIDTH 11 0
BBX 9 17 1 0
BITMAP
1800
1800
1800
0000
F780
F780
6600
3600
3600
3C00
1C00
1800
1800
1800
1800
3E00
3E00
ENDCHAR
STARTCHAR 1E8F
ENCODING 7823
SWIDTH 687 0
DWIDTH 11 0
BBX 9 17 1 -4
BITMAP
1800
1800
1800
0000
F780
F780
6600
3600
3600
3400
1C00
1C00
0800
1800
1800
7000
7000
ENDCHAR
STARTCHAR 1E90
ENCODING 7824
SWIDTH 687 0
DWIDTH 11 0
BBX 7 17 2 0
BITMAP
38
28
44
00
FE
FE
CE
0C
1C
18
38
30
70
60
E6
FE
FE
ENDCHAR
STARTCHAR 1E91
ENCODING 7825
SWIDTH 687 0
DWIDTH 11 0
BBX 7 13 2 0
BITMAP
38
6C
44
00
FE
FE
CC
1C
38
70
66
FE
FE
ENDCHAR
STARTCHAR 1E92
ENCODING 7826
SWIDTH 687 0
DWIDTH 11 0
BBX 7 17 2 -4
BITMAP
FE
FE
C6
0C
0C
18
38
38
70
70
E6
FE
FE
00
18
18
18
ENDCHAR
STARTCHAR 1E93
ENCODING 7827
SWIDTH 687 0
DWIDTH 11 0
BBX 7 13 2 -4
BITMAP
FE
FE
CC
1C
38
30
66
FE
FE
00
18
18
18
ENDCHAR
STARTCHAR 1E94
ENCODING 7828
SWIDTH 687 0
DWIDTH 11 0
BBX 7 17 2 -4
BITMAP
FE
FE
CE
0C
1C
18
38
30
70
60
E6
FE
FE
00
00
7E
7E
ENDCHAR
STARTCHAR 1E95
ENCODING 7829
SWIDTH 687 0
DWIDTH 11 0
BBX 7 13 2 -4
BITMAP
FE
FE
CC
1C
38
70
66
FE
FE
00
00
7E
7E
ENDCHAR
STARTCHAR 1E96
ENCODING 7830
SWIDTH 687 0
DWIDTH 11 0
BBX 9 17 1 -4
BITMAP
E000
E000
6000
6000
6E00
7F00
6300
6300
6300
6300
6300
F780
F780
0000
0000
7E00
7E00
ENDCHAR
STARTCHAR 1E97
ENCODING 7831
SWIDTH 687 0
DWIDTH 11 0
BBX 8 17 2 0
BITMAP
CC
CC
CC
00
30
30
30
30
FE
FE
30
30
30
30
33
3E
1E
ENDCHAR
STARTCHAR 1E98
ENCODING 7832
SWIDTH 750 0
DWIDTH 12 0
BBX 10 13 1 0
BITMAP
0C00
1A00
0C00
0000
E1C0
E1C0
4D80
6D80
6D80
7F80
3300
3300
3300
ENDCHAR
STARTCHAR 1E99
ENCODING 7833
SWIDTH 687 0
DWIDTH 11 0
BBX 9 18 1 -4
BITMAP
1C00
1400
1400
1C00
0000
F780
F780
3700
3600
3600
1600
1C00
1C00
0C00
1800
1800
7000
7000
ENDCHAR
STARTCHAR 1E9A
ENCODING 7834
SWIDTH 687 0
DWIDTH 11 0
BBX 9 13 1 0
BITMAP
0100
0180
0100
0000
3C00
7F00
6300
1F00
7F00
6300
E300
7F80
7B80
ENDCHAR
STARTCHAR 1E9B
ENCODING 7835
SWIDTH 687 0
DWIDTH 11 0
BBX 7 17 2 0
BITMAP
18
18
18
00
3C
3E
66
60
60
60
60
60
60
60
60
F8
F8
ENDCHAR
STARTCHAR 1E9C
ENCODING 7836
SWIDTH 687 0
DWIDTH 11 0
BBX 7 13 2 0
BITMAP
3C
3E
66
60
60
7C
F0
E0
60
60
60
F8
F8
ENDCHAR
STARTCHAR 1E9D
ENCODING 7837
SWIDTH 687 0
DWIDTH 11 0
BBX 7 13 2 0
BITMAP
3C
3E
66
60
F8
F8
60
60
60
60
60
F8
F8
ENDCHAR
STARTCHAR 1E9E
ENCODING 7838
SWIDTH 687 0
DWIDTH 11 0
BBX 9 13 1 0
BITMAP
1F80
3F80
6300
6700
6600
6600
6700
6380
6180
6180
6180
EF00
EE00
ENDCHAR
STARTCHAR 1E9F
ENCODING 7839
SWIDTH 625 0
DWIDTH 10 0
BBX 8 13 1 0
BITMAP
7C
FE
C0
C0
F0
7E
C7
C3
C3
C3
C3
7E
3C
ENDCHAR
STARTCHAR 1EA0
ENCODING 7840
SWIDTH 687 0
DWIDTH 11 0
BBX 9 17 1 -4
BITMAP
1800
1800
1C00
1400
3400
3400
3600
3E00
7E00
6700
6700
F780
F780
0000
1800
1800
1800
ENDCHAR
STARTCHAR 1EA1
ENCODING 7841
SWIDTH 687 0
DWIDTH 11 0
BBX 8 13 2 -4
BITMAP
78
FE
C6
06
7E
FE
C6
FF
F7
00
30
30
30
ENDCHAR
STARTCHAR 1EA2
ENCODING 7842
SWIDTH 687 0
DWIDTH 11 0
BBX 9 16 1 0
BITMAP
1E00
0E00
0000
0800
1C00
1C00
1400
1400
3600
3600
3E00
3E00
6300
6300
F780
F780
ENDCHAR
STARTCHAR 1EA3
ENCODING 7843
SWIDTH 687 0
DWIDTH 11 0
BBX 9 13 1 0
BITMAP
1C00
0400
0C00
0000
3C00
7F00
6300
1F00
7F00
6300
E300
7F80
7B80
ENDCHAR
STARTCHAR 1EA4
ENCODING 7844
SWIDTH 687 0
DWIDTH 11 0
BBX 9 20 1 0
BITMAP
0400
0C00
0800
0800
3600
2200
0000
0800
1C00
1C00
1400
1400
3600
3600
3E00
3E00
6300
6300
F780
F780
ENDCHAR
STARTCHAR 1EA5
ENCODING 7845
SWIDTH 687 0
DWIDTH 11 0
BBX 9 17 1 0
BITMAP
0400
0E00
1C00
0000
1C00
3600
2200
0000
3C00
7F00
6300
1F00
7F00
6300
E300
7F80
7B80
ENDCHAR
STARTCHAR 1EA6
ENCODING 7846
SWIDTH 687 0
DWIDTH 11 0
BBX 9 20 1 0
BITMAP
1000
1800
0800
0800
3600
2200
0000
0800
1C00
1C00
1400
1400
3600
3600
3E00
3E00
6300
6300
F780
F780
ENDCHAR
STARTCHAR 1EA7
ENCODING 7847
SWIDTH 687 0
DWIDTH 11 0
BBX 9 16 1 1
BITMAP
3000
1800
0800
1C00
3600
2200
0000
3C00
7F00
6300
1F00
7F00
6300
E300
7F80
7B80
ENDCHAR
STARTCHAR 1EA8
ENCODING 7848
SWIDTH 687 0
DWIDTH 11 0
BBX 9 20 1 0
BITMAP
1E00
0200
0C00
1C00
3600
2200
0000
0800
1C00
1C00
1400
1400
3600
3600
3E00
3E00
6300
6300
F780
F780
ENDCHAR
STARTCHAR 1EA9
ENCODING 7849
SWIDTH 687 0
DWIDTH 11 0
BBX 9 16 1 0
BITMAP
1C00
0400
0C00
1C00
3600
2200
0000
3C00
7F00
6300
1F00
7F00
6300
E300
7F80
7B80
ENDCHAR
STARTCHAR 1EAA
ENCODING 7850
SWIDTH 687 0
DWIDTH 11 0
BBX 9 20 1 0
BITMAP
3B00
6F00
2600
0800
3600
2200
0000
0800
1C00
1C00
1400
1400
3600
3600
3E00
3E00
6300
6300
F780
F780
ENDCHAR
STARTCHAR 1EAB
ENCODING 7851
SWIDTH 687 0
DWIDTH 11 0
BBX 9 17 1 0
BITMAP
3200
7F00
4E00
0000
1C00
3600
2200
0000
3C00
7F00
6300
1F00
7F00
6300
E300
7F80
7B80
ENDCHAR
STARTCHAR 1EAC
ENCODING 7852
SWIDTH 687 0
DWIDTH 11 0
BBX 9 21 1 -4
BITMAP
1800
3400
2400
0000
1800
1800
1C00
1400
3400
3400
3600
3E00
7E00
6700
6700
F780
F780
0000
1800
1800
1800
ENDCHAR
STARTCHAR 1EAD
ENCODING 7853
SWIDTH 687 0
DWIDTH 11 0
BBX 8 17 2 -4
BITMAP
30
78
44
00
78
FE
C6
06
7E
FE
C6
FF
F7
00
30
30
30
ENDCHAR
STARTCHAR 1EAE
ENCODING 7854
SWIDTH 687 0
DWIDTH 11 0
BBX 9 20 1 1
BITMAP
0E00
0C00
0800
6300
3E00
3E00
0000
0800
1C00
1C00
1400
1400
3600
3600
3E00
3E00
6300
6300
F780
F780
ENDCHAR
STARTCHAR 1EAF
ENCODING 7855
SWIDTH 687 0
DWIDTH 11 0
BBX 9 17 1 0
BITMAP
0400
0C00
1800
0000
6200
7E00
3C00
0000
3C00
7F00
0300
1F00
7F00
6300
E300
7F80
7B80
ENDCHAR
STARTCHAR 1EB0
ENCODING 7856
SWIDTH 687 0
DWIDTH 11 0
BBX 9 20 1 1
BITMAP
3000
1800
0800
6300
3E00
3E00
0000
0800
1C00
1C00
1400
1400
3600
3600
3E00
3E00
6300
6300
F780
F780
ENDCHAR
STARTCHAR 1EB1
ENCODING 7857
SWIDTH 687 0
DWIDTH 11 0
BBX 9 17 1 0
BITMAP
1000
3800
0800
0000
6200
7E00
3C00
0000
3C00
7F00
0300
1F00
7F00
6300
E300
7F80
7B80
ENDCHAR
STARTCHAR 1EB2
ENCODING 7858
SWIDTH 687 0
DWIDTH 11 0
BBX 9 20 1 0
BITMAP
1C00
0200
0C00
0000
3E00
3E00
0000
0800
1C00
1C00
1400
1400
3600
3600
3E00
3E00
6300
6300
F780
F780
ENDCHAR
STARTCHAR 1EB3
ENCODING 7859
SWIDTH 687 0
DWIDTH 11 0
BBX 9 16 1 0
BITMAP
1C00
0400
0C00
6200
7E00
3C00
0000
3C00
7F00
0300
1F00
7F00
6300
E300
7F80
7B80
ENDCHAR
STARTCHAR 1EB4
ENCODING 7860
SWIDTH 687 0
DWIDTH 11 0
BBX 9 20 1 0
BITMAP
3A00
7F00
2600
6300
3E00
3E00
0000
0800
1C00
1C00
1400
1400
3600
3600
3E00
3E00
6300
6300
F780
F780
ENDCHAR
STARTCHAR 1EB5
ENCODING 7861
SWIDTH 687 0
DWIDTH 11 0
BBX 9 17 1 0
BITMAP
3200
7F00
4E00
0000
6200
7E00
3C00
0000
3C00
7F00
0300
1F00
7F00
6300
E300
7F80
7B80
ENDCHAR
STARTCHAR 1EB6
ENCODING 7862
SWIDTH 687 0
DWIDTH 11 0
BBX 9 20 1 -4
BITMAP
7E00
3E00
0000
1800
1800
1C00
1400
3400
3400
3600
3E00
7E00
6700
6700
F780
F780
0000
1800
1800
1800
ENDCHAR
STARTCHAR 1EB7
ENCODING 7863
SWIDTH 687 0
DWIDTH 11 0
BBX 8 17 2 -4
BITMAP
C4
FC
78
00
78
FE
06
06
7E
FE
C6
FF
F7
00
30
30
30
ENDCHAR
STARTCHAR 1EB8
ENCODING 7864
SWIDTH 687 0
DWIDTH 11 0
BBX 8 17 1 -4
BITMAP
FF
FF
63
60
60
60
7C
7C
60
60
63
FF
FF
00
0C
0C
0C
ENDCHAR
STARTCHAR 1EB9
ENCODING 7865
SWIDTH 687 0
DWIDTH 11 0
BBX 8 13 1 -4
BITMAP
3C
7E
67
43
FF
FF
63
7F
3E
00
18
18
18
ENDCHAR
STARTCHAR 1EBA
ENCODING 7866
SWIDTH 687 0
DWIDTH 11 0
BBX 8 16 1 0
BITMAP
1C
0C
00
FF
FF
63
60
60
7C
7C
60
60
60
63
FF
FF
ENDCHAR
STARTCHAR 1EBB
ENCODING 7867
SWIDTH 625 0
DWIDTH 10 0
BBX 8 13 1 0
BITMAP
38
04
18
00
3C
7E
C6
FF
FF
C0
C6
7E
3C
ENDCHAR
STARTCHAR 1EBC
ENCODING 7868
SWIDTH 687 0
DWIDTH 11 0
BBX 8 17 1 0
BITMAP
32
7F
6E
00
FF
FF
63
60
60
7C
7C
60
60
60
63
FF
FF
ENDCHAR
STARTCHAR 1EBD
ENCODING 7869
SWIDTH 625 0
DWIDTH 10 0
BBX 8 13 1 0
BITMAP
72
7E
4C
00
3C
7E
C6
FF
FF
C0
C6
7E
3C
ENDCHAR
STARTCHAR 1EBE
ENCODING 7870
SWIDTH 687 0
DWIDTH 11 0
BBX 8 20 1 0
BITMAP
04
0C
18
18
34
22
00
FF
FF
63
60
60
7C
7C
60
60
60
63
FF
FF
ENDCHAR
STARTCHAR 1EBF
ENCODING 7871
SWIDTH 625 0
DWIDTH 10 0
BBX 8 16 1 1
BITMAP
0C
18
10
38
6C
44
00
3C
7E
C6
FF
FF
C0
C6
7E
3C
ENDCHAR
STARTCHAR 1EC0
ENCODING 7872
SWIDTH 687 0
DWIDTH 11 0
BBX 8 20 1 0
BITMAP
10
18
08
18
34
22
00
FF
FF
63
60
60
7C
7C
60
60
60
63
FF
FF
ENDCHAR
STARTCHAR 1EC1
ENCODING 7873
SWIDTH 625 0
DWIDTH 10 0
BBX 8 17 1 0
BITMAP
20
70
18
00
38
6C
44
00
3C
7E
C6
FF
FF
C0
C6
7E
3C
ENDCHAR
STARTCHAR 1EC2
ENCODING 7874
SWIDTH 687 0
DWIDTH 11 0
BBX 8 20 1 0
BITMAP
1C
04
0C
1C
34
22
00
FF
FF
63
60
60
7C
7C
60
60
60
63
FF
FF
ENDCHAR
STARTCHAR 1EC3
ENCODING 7875
SWIDTH 625 0
DWIDTH 10 0
BBX 8 16 1 0
BITMAP
3C
1C
18
3C
6C
44
00
3C
7E
C6
FF
FF
C0
C6
7E
3C
ENDCHAR
STARTCHAR 1EC4
ENCODING 7876
SWIDTH 687 0
DWIDTH 11 0
BBX 8 20 1 0
BITMAP
3B
6E
04
18
34
22
00
FF
FF
63
60
60
7C
7C
60
60
60
63
FF
FF
ENDCHAR
STARTCHAR 1EC5
ENCODING 7877
SWIDTH 625 0
DWIDTH 10 0
BBX 8 17 1 0
BITMAP
72
FE
4C
00
38
6C
44
00
3C
7E
C6
FF
FF
C0
C6
7E
3C
ENDCHAR
STARTCHAR 1EC6
ENCODING 7878
SWIDTH 687 0
DWIDTH 11 0
BBX 8 21 1 -4
BITMAP
0C
1E
22
00
FF
FF
63
60
60
60
7C
7C
60
60
63
FF
FF
00
0C
0C
0C
ENDCHAR
STARTCHAR 1EC7
ENCODING 7879
SWIDTH 687 0
DWIDTH 11 0
BBX 8 17 1 -4
BITMAP
18
3C
24
00
3C
7E
67
43
FF
FF
63
7F
3E
00
18
18
18
ENDCHAR
STARTCHAR 1EC8
ENCODING 7880
SWIDTH 687 0
DWIDTH 11 0
BBX 7 16 2 0
BITMAP
38
38
00
FE
FE
30
30
30
30
30
30
30
30
30
FE
FE
ENDCHAR
STARTCHAR 1EC9
ENCODING 7881
SWIDTH 687 0
DWIDTH 11 0
BBX 7 13 2 0
BITMAP
3C
04
1C
00
F8
F8
18
18
18
18
18
FE
FE
ENDCHAR
STARTCHAR 1ECA
ENCODING 7882
SWIDTH 687 0
DWIDTH 11 0
BBX 7 17 2 -4
BITMAP
FE
FE
30
30
30
30
30
30
30
30
30
FE
FE
00
30
30
30
ENDCHAR
STARTCHAR 1ECB
ENCODING 7883
SWIDTH 687 0
DWIDTH 11 0
BBX 7 17 2 -4
BITMAP
18
18
18
00
F8
F8
18
18
18
18
18
FE
FE
00
18
18
18
ENDCHAR
STARTCHAR 1ECC
ENCODING 7884
SWIDTH 625 0
DWIDTH 10 0
BBX 8 17 1 -4
BITMAP
3C
7E
C3
C3
C3
C3
C3
C3
C3
C3
C3
7E
3C
00
18
18
18
ENDCHAR
STARTCHAR 1ECD
ENCODING 7885
SWIDTH 625 0
DWIDTH 10 0
BBX 8 13 1 -4
BITMAP
3C
7E
C3
C3
C3
C3
C3
7E
3C
00
18
18
18
ENDCHAR
STARTCHAR 1ECE
ENCODING 7886
SWIDTH 625 0
DWIDTH 10 0
BBX 8 16 1 0
BITMAP
3C
1C
00
3C
7E
C3
C3
C3
C3
C3
C3
C3
C3
C3
7E
3C
ENDCHAR
STARTCHAR 1ECF
ENCODING 7887
SWIDTH 625 0
DWIDTH 10 0
BBX 8 13 1 0
BITMAP
3C
04
1C
00
3C
7E
C3
C3
C3
C3
C3
7E
3C
ENDCHAR
STARTCHAR 1ED0
ENCODING 7888
SWIDTH 625 0
DWIDTH 10 0
BBX 8 20 1 1
BITMAP
0E
18
10
3C
7C
42
00
3C
7E
C3
C3
C3
C3
C3
C3
C3
C3
C3
7E
3C
ENDCHAR
STARTCHAR 1ED1
ENCODING 7889
SWIDTH 625 0
DWIDTH 10 0
BBX 8 16 1 1
BITMAP
0E
18
10
3C
7C
42
00
3C
7E
C3
C3
C3
C3
C3
7E
3C
ENDCHAR
STARTCHAR 1ED2
ENCODING 7890
SWIDTH 625 0
DWIDTH 10 0
BBX 8 21 1 0
BITMAP
20
70
18
08
3C
7C
42
00
3C
7E
C3
C3
C3
C3
C3
C3
C3
C3
C3
7E
3C
ENDCHAR
STARTCHAR 1ED3
ENCODING 7891
SWIDTH 625 0
DWIDTH 10 0
BBX 8 17 1 0
BITMAP
20
70
18
08
3C
7C
42
00
3C
7E
C3
C3
C3
C3
C3
7E
3C
ENDCHAR
STARTCHAR 1ED4
ENCODING 7892
SWIDTH 625 0
DWIDTH 10 0
BBX 8 20 1 0
BITMAP
3C
04
18
3C
3C
62
00
3C
7E
C3
C3
C3
C3
C3
C3
C3
C3
C3
7E
3C
ENDCHAR
STARTCHAR 1ED5
ENCODING 7893
SWIDTH 625 0
DWIDTH 10 0
BBX 8 16 1 0
BITMAP
3C
1C
18
3C
66
02
00
3C
7E
C3
C3
C3
C3
C3
7E
3C
ENDCHAR
STARTCHAR 1ED6
ENCODING 7894
SWIDTH 625 0
DWIDTH 10 0
BBX 8 20 1 0
BITMAP
72
FE
4C
3C
7C
42
00
3C
7E
C3
C3
C3
C3
C3
C3
C3
C3
C3
7E
3C
ENDCHAR
STARTCHAR 1ED7
ENCODING 7895
SWIDTH 625 0
DWIDTH 10 0
BBX 8 17 1 0
BITMAP
72
FE
4C
00
3C
7C
42
00
3C
7E
C3
C3
C3
C3
C3
7E
3C
ENDCHAR
STARTCHAR 1ED8
ENCODING 7896
SWIDTH 625 0
DWIDTH 10 0
BBX 8 21 1 -4
BITMAP
18
3C
62
00
3C
7E
C3
C3
C3
C3
C3
C3
C3
C3
C3
7E
3C
00
18
18
18
ENDCHAR
STARTCHAR 1ED9
ENCODING 7897
SWIDTH 625 0
DWIDTH 10 0
BBX 8 17 1 -4
BITMAP
18
3C
62
00
3C
7E
C3
C3
C3
C3
C3
7E
3C
00
18
18
18
ENDCHAR
STARTCHAR 1EDA
ENCODING 7898
SWIDTH 625 0
DWIDTH 10 0
BBX 9 16 1 1
BITMAP
0E00
1880
1080
3C80
7E80
C300
C300
C300
C300
C300
C300
C300
C300
C300
7E00
3C00
ENDCHAR
STARTCHAR 1EDB
ENCODING 7899
SWIDTH 625 0
DWIDTH 10 0
BBX 9 13 1 0
BITMAP
0C00
1C80
1080
0080
3C80
7F00
C300
C300
C300
C300
C300
7E00
3C00
ENDCHAR
STARTCHAR 1EDC
ENCODING 7900
SWIDTH 625 0
DWIDTH 10 0
BBX 9 17 1 0
BITMAP
2000
7000
1880
0880
3C80
7E80
C300
C300
C300
C300
C300
C300
C300
C300
C300
7E00
3C00
ENDCHAR
STARTCHAR 1EDD
ENCODING 7901
SWIDTH 625 0
DWIDTH 10 0
BBX 9 13 1 0
BITMAP
3000
3880
0880
0080
3C80
7F00
C300
C300
C300
C300
C300
7E00
3C00
ENDCHAR
STARTCHAR 1EDE
ENCODING 7902
SWIDTH 625 0
DWIDTH 10 0
BBX 9 16 1 0
BITMAP
3C00
1C80
0080
3C80
7E80
C300
C300
C300
C300
C300
C300
C300
C300
C300
7E00
3C00
ENDCHAR
STARTCHAR 1EDF
ENCODING 7903
SWIDTH 625 0
DWIDTH 10 0
BBX 9 13 1 0
BITMAP
3C00
0480
1C80
0080
3C80
7F00
C300
C300
C300
C300
C300
7E00
3C00
ENDCHAR
STARTCHAR 1EE0
ENCODING 7904
SWIDTH 625 0
DWIDTH 10 0
BBX 9 17 1 0
BITMAP
7200
7E00
4C80
0080
3C80
7E80
C300
C300
C300
C300
C300
C300
C300
C300
C300
7E00
3C00
ENDCHAR
STARTCHAR 1EE1
ENCODING 7905
SWIDTH 625 0
DWIDTH 10 0
BBX 9 13 1 0
BITMAP
7200
7E80
4C80
0080
3C80
7F00
C300
C300
C300
C300
C300
7E00
3C00
ENDCHAR
STARTCHAR 1EE2
ENCODING 7906
SWIDTH 625 0
DWIDTH 10 0
BBX 9 19 1 -4
BITMAP
0080
0080
3C80
7E80
C300
C300
C300
C300
C300
C300
C300
C300
C300
7E00
3C00
0000
1800
1800
1800
ENDCHAR
STARTCHAR 1EE3
ENCODING 7907
SWIDTH 625 0
DWIDTH 10 0
BBX 9 15 1 -4
BITMAP
0080
0080
3C80
7E80
C300
C300
C300
C300
C300
7E00
3C00
0000
1800
1800
1800
ENDCHAR
STARTCHAR 1EE4
ENCODING 7908
SWIDTH 687 0
DWIDTH 11 0
BBX 9 17 1 -4
BITMAP
F780
F780
6300
6300
6300
6300
6300
6300
6300
6300
6300
3E00
1C00
0000
1800
1800
1800
ENDCHAR
STARTCHAR 1EE5
ENCODING 7909
SWIDTH 687 0
DWIDTH 11 0
BBX 9 13 1 -4
BITMAP
E700
E700
6300
6300
6300
6300
6300
7F80
3B80
0000
0C00
0C00
0C00
ENDCHAR
STARTCHAR 1EE6
ENCODING 7910
SWIDTH 687 0
DWIDTH 11 0
BBX 9 16 1 0
BITMAP
1E00
0E00
0000
F780
F780
6300
6300
6300
6300
6300
6300
6300
6300
6300
3E00
1C00
ENDCHAR
STARTCHAR 1EE7
ENCODING 7911
SWIDTH 687 0
DWIDTH 11 0
BBX 9 13 1 0
BITMAP
1C00
0200
0C00
0000
E700
E700
6300
6300
6300
6300
6300
7F80
3B80
ENDCHAR
STARTCHAR 1EE8
ENCODING 7912
SWIDTH 687 0
DWIDTH 11 0
BBX 10 17 1 0
BITMAP
0400
0E00
0CC0
08C0
F780
F780
6300
6300
6300
6300
6300
6300
6300
6300
6300
3E00
1C00
ENDCHAR
STARTCHAR 1EE9
ENCODING 7913
SWIDTH 687 0
DWIDTH 11 0
BBX 10 13 1 0
BITMAP
0400
0CC0
08C0
0040
E780
E700
6300
6300
6300
6300
6300
7F80
3B80
ENDCHAR
STARTCHAR 1EEA
ENCODING 7914
SWIDTH 687 0
DWIDTH 11 0
BBX 10 17 1 0
BITMAP
1000
3800
18C0
08C0
F780
F780
6300
6300
6300
6300
6300
6300
6300
6300
6300
3E00
1C00
ENDCHAR
STARTCHAR 1EEB
ENCODING 7915
SWIDTH 687 0
DWIDTH 11 0
BBX 10 13 1 0
BITMAP
1000
18C0
08C0
0040
E780
E700
6300
6300
6300
6300
6300
7F80
3B80
ENDCHAR
STARTCHAR 1EEC
ENCODING 7916
SWIDTH 687 0
DWIDTH 11 0
BBX 10 16 1 0
BITMAP
1E00
0EC0
00C0
F780
F780
6300
6300
6300
6300
6300
6300
6300
6300
6300
3E00
1C00
ENDCHAR
STARTCHAR 1EED
ENCODING 7917
SWIDTH 687 0
DWIDTH 11 0
BBX 10 13 1 0
BITMAP
1C00
02C0
0CC0
0040
E780
E700
6300
6300
6300
6300
6300
7F80
3B80
ENDCHAR
STARTCHAR 1EEE
ENCODING 7918
SWIDTH 687 0
DWIDTH 11 0
BBX 10 17 1 0
BITMAP
3A00
7F00
2EC0
00C0
F780
F780
6300
6300
6300
6300
6300
6300
6300
6300
6300
3E00
1C00
ENDCHAR
STARTCHAR 1EEF
ENCODING 7919
SWIDTH 687 0
DWIDTH 11 0
BBX 10 13 1 0
BITMAP
3A00
7FC0
2EC0
0040
E780
E700
6300
6300
6300
6300
6300
7F80
3B80
ENDCHAR
STARTCHAR 1EF0
ENCODING 7920
SWIDTH 687 0
DWIDTH 11 0
BBX 10 19 1 -4
BITMAP
00C0
00C0
F780
F780
6300
6300
6300
6300
6300
6300
6300
6300
6300
3E00
1C00
0000
1800
1800
1800
ENDCHAR
STARTCHAR 1EF1
ENCODING 7921
SWIDTH 687 0
DWIDTH 11 0
BBX 10 15 1 -4
BITMAP
00C0
00C0
E780
E700
6300
6300
6300
6300
6300
7F80
3B80
0000
0C00
0C00
0C00
ENDCHAR
STARTCHAR 1EF2
ENCODING 7922
SWIDTH 687 0
DWIDTH 11 0
BBX 9 17 1 0
BITMAP
3000
1800
0800
0000
F780
F780
6600
3600
3600
3C00
1C00
1800
1800
1800
1800
3E00
3E00
ENDCHAR
STARTCHAR 1EF3
ENCODING 7923
SWIDTH 687 0
DWIDTH 11 0
BBX 9 17 1 -4
BITMAP
1000
1800
0800
0000
F780
F780
3700
3600
3600
1600
1C00
1C00
0C00
1800
1800
7800
7000
ENDCHAR
STARTCHAR 1EF4
ENCODING 7924
SWIDTH 687 0
DWIDTH 11 0
BBX 9 17 1 -4
BITMAP
F780
F780
6600
3600
3600
3C00
1C00
1800
1800
1800
1800
3E00
3E00
0000
1800
1800
1800
ENDCHAR
STARTCHAR 1EF5
ENCODING 7925
SWIDTH 687 0
DWIDTH 11 0
BBX 9 13 1 -4
BITMAP
F780
F780
3700
3600
3600
1600
1C00
1C00
0C00
1800
1980
7B80
7380
ENDCHAR
STARTCHAR 1EF6
ENCODING 7926
SWIDTH 687 0
DWIDTH 11 0
BBX 9 16 1 0
BITMAP
1E00
0E00
0000
F780
F780
6600
3600
3600
3C00
1C00
1800
1800
1800
1800
3E00
3E00
ENDCHAR
STARTCHAR 1EF7
ENCODING 7927
SWIDTH 687 0
DWIDTH 11 0
BBX 9 17 1 -4
BITMAP
1C00
0200
0C00
0000
F780
F780
3700
3600
3600
1600
1C00
1C00
0C00
1800
1800
7800
7000
ENDCHAR
STARTCHAR 1EF8
ENCODING 7928
SWIDTH 687 0
DWIDTH 11 0
BBX 9 17 1 0
BITMAP
3300
7F00
4E00
0000
F780
F780
6600
3600
3600
3C00
1C00
1800
1800
1800
1800
3E00
3E00
ENDCHAR
STARTCHAR 1EF9
ENCODING 7929
SWIDTH 687 0
DWIDTH 11 0
BBX 9 17 1 -4
BITMAP
3A00
7F00
2600
0000
F780
F780
3700
3600
3600
1600
1C00
1C00
0C00
1800
1800
7800
7000
ENDCHAR
STARTCHAR 1EFA
ENCODING 7930
SWIDTH 750 0
DWIDTH 12 0
BBX 8 13 2 0
BITMAP
FC
FC
78
78
78
78
78
78
78
78
7B
FF
FF
ENDCHAR
STARTCHAR 1EFB
ENCODING 7931
SWIDTH 750 0
DWIDTH 12 0
BBX 10 13 1 0
BITMAP
F700
F700
3300
3300
FFC0
FFC0
3300
3300
3300
3300
3300
FF80
FF80
ENDCHAR
STARTCHAR 1EFC
ENCODING 7932
SWIDTH 625 0
DWIDTH 10 0
BBX 8 12 1 1
BITMAP
18
30
60
60
C2
C6
C3
C3
C3
E3
7E
3C
ENDCHAR
STARTCHAR 1EFD
ENCODING 7933
SWIDTH 625 0
DWIDTH 10 0
BBX 8 12 1 1
BITMAP
1C
38
30
70
62
E6
C3
C3
C3
C3
7E
3C
ENDCHAR
STARTCHAR 1EFE
ENCODING 7934
SWIDTH 687 0
DWIDTH 11 0
BBX 9 13 1 0
BITMAP
F780
F780
3700
3600
3600
1600
1C00
7C00
FC00
D800
D800
F800
7000
ENDCHAR
STARTCHAR 1EFF
ENCODING 7935
SWIDTH 687 0
DWIDTH 11 0
BBX 9 13 1 -4
BITMAP
F780
F780
3700
3600
3600
1600
1C00
7C00
FC00
D800
D800
F800
7000
ENDCHAR
STARTCHAR 1F00
ENCODING 7936
SWIDTH 625 0
DWIDTH 10 0
BBX 8 13 1 1
BITMAP
18
08
10
00
7B
7F
C6
C6
C6
C6
C6
7F
7B
ENDCHAR
STARTCHAR 1F01
ENCODING 7937
SWIDTH 625 0
DWIDTH 10 0
BBX 8 13 1 1
BITMAP
18
10
08
00
7B
7E
C6
C6
C6
C6
C6
FE
7B
ENDCHAR
STARTCHAR 1F02
ENCODING 7938
SWIDTH 625 0
DWIDTH 10 0
BBX 7 13 1 1
BITMAP
6C
2C
44
00
7A
7A
CE
C6
C6
C6
CE
FA
7A
ENDCHAR
STARTCHAR 1F03
ENCODING 7939
SWIDTH 625 0
DWIDTH 10 0
BBX 8 13 1 1
BITMAP
6C
24
24
00
7B
7E
C6
C6
C6
C6
C6
FE
7B
ENDCHAR
STARTCHAR 1F04
ENCODING 7940
SWIDTH 625 0
DWIDTH 10 0
BBX 7 14 1 0
BITMAP
04
66
2C
48
00
7A
7A
CE
C6
C6
C6
CE
FA
7A
ENDCHAR
STARTCHAR 1F05
ENCODING 7941
SWIDTH 625 0
DWIDTH 10 0
BBX 8 13 1 1
BITMAP
66
2C
2C
00
7B
7E
C6
C6
C6
C6
C6
FE
7B
ENDCHAR
STARTCHAR 1F06
ENCODING 7942
SWIDTH 625 0
DWIDTH 10 0
BBX 8 15 1 0
BITMAP
18
3C
7E
08
10
00
7B
7F
C6
C6
C6
C6
C6
7F
7B
ENDCHAR
STARTCHAR 1F07
ENCODING 7943
SWIDTH 625 0
DWIDTH 10 0
BBX 8 15 1 0
BITMAP
18
3C
7E
10
08
00
7B
7F
C6
C6
C6
C6
C6
7F
7B
ENDCHAR
STARTCHAR 1F08
ENCODING 7944
SWIDTH 687 0
DWIDTH 11 0
BBX 9 14 1 0
BITMAP
C000
C800
9C00
1C00
1400
1400
3600
3600
3E00
3E00
6300
6300
F780
F780
ENDCHAR
STARTCHAR 1F09
ENCODING 7945
SWIDTH 687 0
DWIDTH 11 0
BBX 9 14 1 0
BITMAP
C000
8800
9C00
1C00
1400
1400
3600
3600
3E00
3E00
6300
6300
F780
F780
ENDCHAR
STARTCHAR 1F0A
ENCODING 7946
SWIDTH 687 0
DWIDTH 11 0
BBX 12 14 -2 0
BITMAP
B000
9900
8B80
0380
0280
0280
06C0
06C0
07C0
07C0
0C60
0C60
1EF0
1EF0
ENDCHAR
STARTCHAR 1F0B
ENCODING 7947
SWIDTH 687 0
DWIDTH 11 0
BBX 12 14 -2 0
BITMAP
B000
9900
9B80
0380
0280
0280
06C0
06C0
07C0
07C0
0C60
0C60
1EF0
1EF0
ENDCHAR
STARTCHAR 1F0C
ENCODING 7948
SWIDTH 687 0
DWIDTH 11 0
BBX 12 14 -2 0
BITMAP
8C00
9900
9380
0380
0280
0280
06C0
06C0
07C0
07C0
0C60
0C60
1EF0
1EF0
ENDCHAR
STARTCHAR 1F0D
ENCODING 7949
SWIDTH 687 0
DWIDTH 11 0
BBX 12 14 -2 0
BITMAP
9C00
9900
9380
0380
0280
0280
06C0
06C0
07C0
07C0
0C60
0C60
1EF0
1EF0
ENDCHAR
STARTCHAR 1F0E
ENCODING 7950
SWIDTH 687 0
DWIDTH 11 0
BBX 11 16 -1 0
BITMAP
7800
E800
3000
3200
2700
0700
0500
0500
0D80
0D80
0F80
0F80
18C0
18C0
3DE0
3DE0
ENDCHAR
STARTCHAR 1F0F
ENCODING 7951
SWIDTH 687 0
DWIDTH 11 0
BBX 11 16 -1 0
BITMAP
7800
E800
3000
2200
2700
0700
0500
0500
0D80
0D80
0F80
0F80
18C0
18C0
3DE0
3DE0
ENDCHAR
STARTCHAR 1F10
ENCODING 7952
SWIDTH 625 0
DWIDTH 10 0
BBX 8 14 1 0
BITMAP
18
18
08
10
00
3C
7E
C0
78
78
C0
C3
FE
7C
ENDCHAR
STARTCHAR 1F11
ENCODING 7953
SWIDTH 625 0
DWIDTH 10 0
BBX 8 14 1 0
BITMAP
18
18
10
08
00
3C
7E
C0
78
78
C0
C3
FE
7C
ENDCHAR
STARTCHAR 1F12
ENCODING 7954
SWIDTH 625 0
DWIDTH 10 0
BBX 8 14 1 0
BITMAP
2C
6C
26
44
00
3C
7E
C0
78
78
C0
C3
FE
7C
ENDCHAR
STARTCHAR 1F13
ENCODING 7955
SWIDTH 625 0
DWIDTH 10 0
BBX 8 14 1 0
BITMAP
24
6C
26
24
00
3C
7E
C0
78
78
C0
C3
FE
7C
ENDCHAR
STARTCHAR 1F14
ENCODING 7956
SWIDTH 625 0
DWIDTH 10 0
BBX 8 14 1 0
BITMAP
26
66
2C
4C
00
3C
7E
C0
78
78
C0
C3
FE
7C
ENDCHAR
STARTCHAR 1F15
ENCODING 7957
SWIDTH 625 0
DWIDTH 10 0
BBX 8 14 1 0
BITMAP
26
66
2C
2C
00
3C
7E
C0
78
78
C0
C3
FE
7C
ENDCHAR
STARTCHAR 1F18
ENCODING 7960
SWIDTH 687 0
DWIDTH 11 0
BBX 10 14 -1 0
BITMAP
8000
BFC0
BFC0
18C0
1800
1800
1F00
1F00
1800
1800
1800
18C0
3FC0
3FC0
ENDCHAR
STARTCHAR 1F19
ENCODING 7961
SWIDTH 687 0
DWIDTH 11 0
BBX 10 14 -1 0
BITMAP
8000
BFC0
BFC0
18C0
1800
1800
1F00
1F00
1800
1800
1800
18C0
3FC0
3FC0
ENDCHAR
STARTCHAR 1F1A
ENCODING 7962
SWIDTH 687 0
DWIDTH 11 0
BBX 14 14 -5 0
BITMAP
D800
5BFC
8BFC
018C
0180
0180
01F0
01F0
0180
0180
0180
018C
03FC
03FC
ENDCHAR
STARTCHAR 1F1B
ENCODING 7963
SWIDTH 687 0
DWIDTH 11 0
BBX 13 14 -4 0
BITMAP
B000
97F8
97F8
0318
0300
0300
03E0
03E0
0300
0300
0300
0318
07F8
07F8
ENDCHAR
STARTCHAR 1F1C
ENCODING 7964
SWIDTH 687 0
DWIDTH 11 0
BBX 14 14 -5 0
BITMAP
CC00
5BFC
9BFC
018C
0180
0180
01F0
01F0
0180
0180
0180
018C
03FC
03FC
ENDCHAR
STARTCHAR 1F1D
ENCODING 7965
SWIDTH 687 0
DWIDTH 11 0
BBX 13 14 -4 0
BITMAP
9800
97F8
97F8
0318
0300
0300
03E0
03E0
0300
0300
0300
0318
07F8
07F8
ENDCHAR
STARTCHAR 1F20
ENCODING 7968
SWIDTH 687 0
DWIDTH 11 0
BBX 8 18 1 -4
BITMAP
08
08
08
08
00
EE
FF
63
63
63
63
63
63
63
03
03
03
03
ENDCHAR
STARTCHAR 1F21
ENCODING 7969
SWIDTH 687 0
DWIDTH 11 0
BBX 8 18 1 -4
BITMAP
08
08
08
08
00
EE
FF
63
63
63
63
63
63
63
03
03
03
03
ENDCHAR
STARTCHAR 1F22
ENCODING 7970
SWIDTH 687 0
DWIDTH 11 0
BBX 8 17 1 -3
BITMAP
3C
16
22
00
EE
FF
63
63
63
63
63
63
63
03
03
03
03
ENDCHAR
STARTCHAR 1F23
ENCODING 7971
SWIDTH 687 0
DWIDTH 11 0
BBX 8 17 1 -3
BITMAP
3C
26
12
00
EE
FF
63
63
63
63
63
63
63
03
03
03
03
ENDCHAR
STARTCHAR 1F24
ENCODING 7972
SWIDTH 687 0
DWIDTH 11 0
BBX 8 17 1 -3
BITMAP
33
16
24
00
EE
FF
63
63
63
63
63
63
63
03
03
03
03
ENDCHAR
STARTCHAR 1F25
ENCODING 7973
SWIDTH 687 0
DWIDTH 11 0
BBX 8 17 1 -3
BITMAP
33
26
14
00
EE
FF
63
63
63
63
63
63
63
03
03
03
03
ENDCHAR
STARTCHAR 1F26
ENCODING 7974
SWIDTH 687 0
DWIDTH 11 0
BBX 8 19 1 -4
BITMAP
08
3E
2E
08
08
00
EE
FF
63
63
63
63
63
63
63
03
03
03
03
ENDCHAR
STARTCHAR 1F27
ENCODING 7975
SWIDTH 687 0
DWIDTH 11 0
BBX 8 19 1 -4
BITMAP
08
3E
2E
08
08
00
EE
FF
63
63
63
63
63
63
63
03
03
03
03
ENDCHAR
STARTCHAR 1F28
ENCODING 7976
SWIDTH 687 0
DWIDTH 11 0
BBX 11 14 -1 0
BITMAP
8000
BDE0
BDE0
18C0
18C0
18C0
18C0
1FC0
1FC0
18C0
18C0
18C0
3DE0
3DE0
ENDCHAR
STARTCHAR 1F29
ENCODING 7977
SWIDTH 687 0
DWIDTH 11 0
BBX 11 14 -1 0
BITMAP
8000
BDE0
BDE0
18C0
18C0
18C0
18C0
1FC0
1FC0
18C0
18C0
18C0
3DE0
3DE0
ENDCHAR
STARTCHAR 1F2A
ENCODING 7978
SWIDTH 687 0
DWIDTH 11 0
BBX 15 14 -5 0
BITMAP
D800
5BDE
8BDE
018C
018C
018C
018C
01FC
01FC
018C
018C
018C
03DE
03DE
ENDCHAR
STARTCHAR 1F2B
ENCODING 7979
SWIDTH 687 0
DWIDTH 11 0
BBX 14 14 -4 0
BITMAP
B000
B7BC
97BC
0318
0318
0318
0318
03F8
03F8
0318
0318
0318
07BC
07BC
ENDCHAR
STARTCHAR 1F2C
ENCODING 7980
SWIDTH 687 0
DWIDTH 11 0
BBX 15 14 -5 0
BITMAP
CC00
5BDE
9BDE
018C
018C
018C
018C
01FC
01FC
018C
018C
018C
03DE
03DE
ENDCHAR
STARTCHAR 1F2D
ENCODING 7981
SWIDTH 687 0
DWIDTH 11 0
BBX 14 14 -4 0
BITMAP
9800
97BC
97BC
0318
0318
0318
0318
03F8
03F8
0318
0318
0318
07BC
07BC
ENDCHAR
STARTCHAR 1F2E
ENCODING 7982
SWIDTH 687 0
DWIDTH 11 0
BBX 13 16 -3 0
BITMAP
7000
F800
2000
2F78
2F78
0630
0630
0630
0630
07F0
07F0
0630
0630
0630
0F78
0F78
ENDCHAR
STARTCHAR 1F2F
ENCODING 7983
SWIDTH 687 0
DWIDTH 11 0
BBX 13 16 -3 0
BITMAP
7000
F800
2000
2F78
2F78
0630
0630
0630
0630
07F0
07F0
0630
0630
0630
0F78
0F78
ENDCHAR
STARTCHAR 1F30
ENCODING 7984
SWIDTH 625 0
DWIDTH 10 0
BBX 8 13 1 0
BITMAP
18
08
10
00
F8
F8
18
18
18
18
18
1F
0F
ENDCHAR
STARTCHAR 1F31
ENCODING 7985
SWIDTH 625 0
DWIDTH 10 0
BBX 8 13 1 0
BITMAP
18
10
08
00
F8
F8
18
18
18
18
18
1F
0F
ENDCHAR
STARTCHAR 1F32
ENCODING 7986
SWIDTH 625 0
DWIDTH 10 0
BBX 8 13 1 1
BITMAP
6C
24
24
00
F8
F8
18
18
18
18
18
1F
0F
ENDCHAR
STARTCHAR 1F33
ENCODING 7987
SWIDTH 625 0
DWIDTH 10 0
BBX 8 13 1 1
BITMAP
6C
24
24
00
F8
F8
18
18
18
18
18
1F
0F
ENDCHAR
STARTCHAR 1F34
ENCODING 7988
SWIDTH 625 0
DWIDTH 10 0
BBX 8 13 1 1
BITMAP
66
24
24
00
F8
F8
18
18
18
18
18
1F
0F
ENDCHAR
STARTCHAR 1F35
ENCODING 7989
SWIDTH 625 0
DWIDTH 10 0
BBX 8 13 1 1
BITMAP
66
24
24
00
F8
F8
18
18
18
18
18
1F
0F
ENDCHAR
STARTCHAR 1F36
ENCODING 7990
SWIDTH 625 0
DWIDTH 10 0
BBX 8 15 1 0
BITMAP
18
3C
7C
08
10
00
F8
F8
18
18
18
18
18
1F
0F
ENDCHAR
STARTCHAR 1F37
ENCODING 7991
SWIDTH 625 0
DWIDTH 10 0
BBX 8 15 1 0
BITMAP
18
3C
7C
10
08
00
F8
F8
18
18
18
18
18
1F
0F
ENDCHAR
STARTCHAR 1F38
ENCODING 7992
SWIDTH 687 0
DWIDTH 11 0
BBX 10 14 -1 0
BITMAP
C000
5FC0
9FC0
0600
0600
0600
0600
0600
0600
0600
0600
0600
1FC0
1FC0
ENDCHAR
STARTCHAR 1F39
ENCODING 7993
SWIDTH 687 0
DWIDTH 11 0
BBX 9 14 0 0
BITMAP
8000
BF80
BF80
0C00
0C00
0C00
0C00
0C00
0C00
0C00
0C00
0C00
3F80
3F80
ENDCHAR
STARTCHAR 1F3A
ENCODING 7994
SWIDTH 687 0
DWIDTH 11 0
BBX 13 14 -4 0
BITMAP
F000
5BF8
8BF8
00C0
00C0
00C0
00C0
00C0
00C0
00C0
00C0
00C0
03F8
03F8
ENDCHAR
STARTCHAR 1F3B
ENCODING 7995
SWIDTH 687 0
DWIDTH 11 0
BBX 13 14 -4 0
BITMAP
F000
9BF8
4BF8
00C0
00C0
00C0
00C0
00C0
00C0
00C0
00C0
00C0
03F8
03F8
ENDCHAR
STARTCHAR 1F3C
ENCODING 7996
SWIDTH 687 0
DWIDTH 11 0
BBX 13 14 -4 0
BITMAP
CC00
5BF8
93F8
00C0
00C0
00C0
00C0
00C0
00C0
00C0
00C0
00C0
03F8
03F8
ENDCHAR
STARTCHAR 1F3D
ENCODING 7997
SWIDTH 687 0
DWIDTH 11 0
BBX 13 14 -4 0
BITMAP
CC00
9BF8
53F8
00C0
00C0
00C0
00C0
00C0
00C0
00C0
00C0
00C0
03F8
03F8
ENDCHAR
STARTCHAR 1F3E
ENCODING 7998
SWIDTH 687 0
DWIDTH 11 0
BBX 11 16 -2 0
BITMAP
F000
F000
6000
2FE0
4FE0
0300
0300
0300
0300
0300
0300
0300
0300
0300
0FE0
0FE0
ENDCHAR
STARTCHAR 1F3F
ENCODING 7999
SWIDTH 687 0
DWIDTH 11 0
BBX 11 16 -2 0
BITMAP
F000
F000
6000
6FE0
2FE0
0300
0300
0300
0300
0300
0300
0300
0300
0300
0FE0
0FE0
ENDCHAR
STARTCHAR 1F40
ENCODING 8000
SWIDTH 625 0
DWIDTH 10 0
BBX 8 14 1 0
BITMAP
18
18
18
10
00
3C
7E
C3
C3
C3
C3
C3
7E
3C
ENDCHAR
STARTCHAR 1F41
ENCODING 8001
SWIDTH 625 0
DWIDTH 10 0
BBX 8 14 1 0
BITMAP
18
18
10
08
00
3C
7E
C3
C3
C3
C3
C3
7E
3C
ENDCHAR
STARTCHAR 1F42
ENCODING 8002
SWIDTH 625 0
DWIDTH 10 0
BBX 8 14 1 0
BITMAP
64
6C
26
26
00
3C
7E
C3
C3
C3
C3
C3
7E
3C
ENDCHAR
STARTCHAR 1F43
ENCODING 8003
SWIDTH 625 0
DWIDTH 10 0
BBX 8 14 1 0
BITMAP
64
6C
66
26
00
3C
7E
C3
C3
C3
C3
C3
7E
3C
ENDCHAR
STARTCHAR 1F44
ENCODING 8004
SWIDTH 625 0
DWIDTH 10 0
BBX 8 14 1 0
BITMAP
62
66
26
24
00
3C
7E
C3
C3
C3
C3
C3
7E
3C
ENDCHAR
STARTCHAR 1F45
ENCODING 8005
SWIDTH 625 0
DWIDTH 10 0
BBX 8 14 1 0
BITMAP
62
66
66
24
00
3C
7E
C3
C3
C3
C3
C3
7E
3C
ENDCHAR
STARTCHAR 1F48
ENCODING 8008
SWIDTH 625 0
DWIDTH 10 0
BBX 10 14 -1 1
BITMAP
8000
8F00
9F80
30C0
30C0
30C0
30C0
30C0
30C0
30C0
30C0
30C0
1F80
0F00
ENDCHAR
STARTCHAR 1F49
ENCODING 8009
SWIDTH 687 0
DWIDTH 11 0
BBX 11 14 -1 1
BITMAP
C000
4780
4FC0
1860
1860
1860
1860
1860
1860
1860
1860
1860
0FC0
0780
ENDCHAR
STARTCHAR 1F4A
ENCODING 8010
SWIDTH 625 0
DWIDTH 10 0
BBX 13 15 -4 0
BITMAP
8000
B000
91E0
9BF0
0618
0618
0618
0618
0618
0618
0618
0618
0618
03F0
01E0
ENDCHAR
STARTCHAR 1F4B
ENCODING 8011
SWIDTH 687 0
DWIDTH 11 0
BBX 14 14 -4 1
BITMAP
D800
48F0
4DF8
030C
030C
030C
030C
030C
030C
030C
030C
030C
01F8
00F0
ENDCHAR
STARTCHAR 1F4C
ENCODING 8012
SWIDTH 625 0
DWIDTH 10 0
BBX 13 15 -4 0
BITMAP
8000
9800
91E0
B3F0
0618
0618
0618
0618
0618
0618
0618
0618
0618
03F0
01E0
ENDCHAR
STARTCHAR 1F4D
ENCODING 8013
SWIDTH 687 0
DWIDTH 11 0
BBX 14 14 -4 1
BITMAP
CC00
48F0
59F8
030C
030C
030C
030C
030C
030C
030C
030C
030C
01F8
00F0
ENDCHAR
STARTCHAR 1F50
ENCODING 8016
SWIDTH 687 0
DWIDTH 11 0
BBX 8 14 1 0
BITMAP
08
08
08
00
00
E6
E3
63
63
63
63
63
3E
1C
ENDCHAR
STARTCHAR 1F51
ENCODING 8017
SWIDTH 687 0
DWIDTH 11 0
BBX 8 14 1 0
BITMAP
08
08
08
08
00
E6
E3
63
63
63
63
63
3E
1C
ENDCHAR
STARTCHAR 1F52
ENCODING 8018
SWIDTH 687 0
DWIDTH 11 0
BBX 8 14 1 0
BITMAP
34
36
36
00
00
E6
E3
63
63
63
63
63
3E
1C
ENDCHAR
STARTCHAR 1F53
ENCODING 8019
SWIDTH 687 0
DWIDTH 11 0
BBX 8 14 1 0
BITMAP
34
36
36
00
00
E6
E3
63
63
63
63
63
3E
1C
ENDCHAR
STARTCHAR 1F54
ENCODING 8020
SWIDTH 687 0
DWIDTH 11 0
BBX 8 14 1 0
BITMAP
32
36
36
00
00
E6
E3
63
63
63
63
63
3E
1C
ENDCHAR
STARTCHAR 1F55
ENCODING 8021
SWIDTH 687 0
DWIDTH 11 0
BBX 8 14 1 0
BITMAP
32
36
36
04
00
E6
E3
63
63
63
63
63
3E
1C
ENDCHAR
STARTCHAR 1F56
ENCODING 8022
SWIDTH 687 0
DWIDTH 11 0
BBX 8 15 1 0
BITMAP
1C
3E
2E
08
00
00
E6
E3
63
63
63
63
63
3E
1C
ENDCHAR
STARTCHAR 1F57
ENCODING 8023
SWIDTH 687 0
DWIDTH 11 0
BBX 8 15 1 0
BITMAP
1C
3E
2E
08
08
00
E6
E3
63
63
63
63
63
3E
1C
ENDCHAR
STARTCHAR 1F59
ENCODING 8025
SWIDTH 687 0
DWIDTH 11 0
BBX 11 14 -1 0
BITMAP
8000
BDE0
BDE0
1980
0D80
0D80
0F00
0700
0600
0600
0600
0600
0F80
0F80
ENDCHAR
STARTCHAR 1F5B
ENCODING 8027
SWIDTH 687 0
DWIDTH 11 0
BBX 15 14 -5 0
BITMAP
F000
9BDE
4BDE
0198
00D8
00D8
00F0
0070
0060
0060
0060
0060
00F8
00F8
ENDCHAR
STARTCHAR 1F5D
ENCODING 8029
SWIDTH 687 0
DWIDTH 11 0
BBX 15 14 -5 0
BITMAP
CC00
9BDE
53DE
0198
00D8
00D8
00F0
0070
0060
0060
0060
0060
00F8
00F8
ENDCHAR
STARTCHAR 1F5F
ENCODING 8031
SWIDTH 687 0
DWIDTH 11 0
BBX 13 16 -3 0
BITMAP
7000
B800
6000
2F78
2F78
0660
0360
0360
03C0
01C0
0180
0180
0180
0180
03E0
03E0
ENDCHAR
STARTCHAR 1F60
ENCODING 8032
SWIDTH 625 0
DWIDTH 10 0
BBX 8 14 1 0
BITMAP
18
18
18
00
00
42
C3
C3
DB
DB
DB
DB
FF
66
ENDCHAR
STARTCHAR 1F61
ENCODING 8033
SWIDTH 625 0
DWIDTH 10 0
BBX 8 14 1 0
BITMAP
18
18
18
00
00
42
C3
C3
DB
DB
DB
DB
FF
66
ENDCHAR
STARTCHAR 1F62
ENCODING 8034
SWIDTH 687 0
DWIDTH 11 0
BBX 9 14 1 0
BITMAP
2C00
2E00
2600
2000
0000
4300
C380
C180
D980
D980
D980
D980
FF00
6700
ENDCHAR
STARTCHAR 1F63
ENCODING 8035
SWIDTH 687 0
DWIDTH 11 0
BBX 9 14 1 0
BITMAP
2C00
2E00
2600
0000
0000
4300
C380
C180
D980
D980
D980
D980
FF00
6700
ENDCHAR
STARTCHAR 1F64
ENCODING 8036
SWIDTH 687 0
DWIDTH 11 0
BBX 9 14 1 0
BITMAP
2200
2600
2600
2400
0000
4300
C380
C180
D980
D980
D980
D980
FF00
6700
ENDCHAR
STARTCHAR 1F65
ENCODING 8037
SWIDTH 687 0
DWIDTH 11 0
BBX 9 14 1 0
BITMAP
2200
2600
2600
0400
0000
4300
C380
C180
D980
D980
D980
D980
FF00
6700
ENDCHAR
STARTCHAR 1F66
ENCODING 8038
SWIDTH 687 0
DWIDTH 11 0
BBX 9 15 1 0
BITMAP
1C00
3E00
3E00
1800
0000
0000
4300
C380
C180
D980
D980
D980
D980
FF00
6700
ENDCHAR
STARTCHAR 1F67
ENCODING 8039
SWIDTH 687 0
DWIDTH 11 0
BBX 9 15 1 0
BITMAP
1C00
3E00
3E00
1800
0000
0000
4300
C380
C180
D980
D980
D980
D980
FF00
6700
ENDCHAR
STARTCHAR 1F68
ENCODING 8040
SWIDTH 625 0
DWIDTH 10 0
BBX 9 14 -1 0
BITMAP
8000
8E00
9F00
3180
3180
3180
3180
3180
3180
3180
3180
1B00
3B80
3B80
ENDCHAR
STARTCHAR 1F69
ENCODING 8041
SWIDTH 687 0
DWIDTH 11 0
BBX 9 14 0 0
BITMAP
8000
8E00
9F00
3180
3180
3180
3180
3180
3180
3180
3180
1B00
3B80
3B80
ENDCHAR
STARTCHAR 1F6A
ENCODING 8042
SWIDTH 687 0
DWIDTH 11 0
BBX 13 14 -4 0
BITMAP
D800
58E0
8DF0
0318
0318
0318
0318
0318
0318
0318
0318
01B0
03B8
03B8
ENDCHAR
STARTCHAR 1F6B
ENCODING 8043
SWIDTH 687 0
DWIDTH 11 0
BBX 12 14 -3 0
BITMAP
B000
B1C0
9BE0
0630
0630
0630
0630
0630
0630
0630
0630
0360
0770
0770
ENDCHAR
STARTCHAR 1F6C
ENCODING 8044
SWIDTH 687 0
DWIDTH 11 0
BBX 13 14 -4 0
BITMAP
CC00
58E0
99F0
0318
0318
0318
0318
0318
0318
0318
0318
01B0
03B8
03B8
ENDCHAR
STARTCHAR 1F6D
ENCODING 8045
SWIDTH 687 0
DWIDTH 11 0
BBX 12 14 -3 0
BITMAP
9800
91C0
B3E0
0630
0630
0630
0630
0630
0630
0630
0630
0360
0770
0770
ENDCHAR
STARTCHAR 1F6E
ENCODING 8046
SWIDTH 687 0
DWIDTH 11 0
BBX 11 16 -2 0
BITMAP
7000
F800
2000
2380
27C0
0C60
0C60
0C60
0C60
0C60
0C60
0C60
0C60
06C0
0EE0
0EE0
ENDCHAR
STARTCHAR 1F6F
ENCODING 8047
SWIDTH 687 0
DWIDTH 11 0
BBX 11 16 -2 0
BITMAP
7000
F800
2000
2380
27C0
0C60
0C60
0C60
0C60
0C60
0C60
0C60
0C60
06C0
0EE0
0EE0
ENDCHAR
STARTCHAR 1F70
ENCODING 8048
SWIDTH 625 0
DWIDTH 10 0
BBX 8 13 1 0
BITMAP
30
38
08
00
7B
7E
C6
C6
C6
C6
C6
FE
7B
ENDCHAR
STARTCHAR 1F71
ENCODING 8049
SWIDTH 625 0
DWIDTH 10 0
BBX 8 13 1 0
BITMAP
0C
18
10
00
7B
7E
C6
C6
C6
C6
C6
FE
7B
ENDCHAR
STARTCHAR 1F72
ENCODING 8050
SWIDTH 625 0
DWIDTH 10 0
BBX 8 13 1 0
BITMAP
30
18
08
00
3C
7E
C0
78
78
C0
C3
FE
7C
ENDCHAR
STARTCHAR 1F73
ENCODING 8051
SWIDTH 625 0
DWIDTH 10 0
BBX 8 13 1 0
BITMAP
0C
18
10
00
3C
7E
C0
78
78
C0
C3
FE
7C
ENDCHAR
STARTCHAR 1F74
ENCODING 8052
SWIDTH 687 0
DWIDTH 11 0
BBX 8 17 1 -4
BITMAP
10
18
08
00
EE
FF
63
63
63
63
63
63
63
03
03
03
03
ENDCHAR
STARTCHAR 1F75
ENCODING 8053
SWIDTH 687 0
DWIDTH 11 0
BBX 8 17 1 -4
BITMAP
04
0C
08
00
EE
FF
63
63
63
63
63
63
63
03
03
03
03
ENDCHAR
STARTCHAR 1F76
ENCODING 8054
SWIDTH 625 0
DWIDTH 10 0
BBX 8 13 1 0
BITMAP
30
38
08
00
F8
F8
18
18
18
18
18
1F
0F
ENDCHAR
STARTCHAR 1F77
ENCODING 8055
SWIDTH 625 0
DWIDTH 10 0
BBX 8 13 1 0
BITMAP
0C
18
10
00
F8
F8
18
18
18
18
18
1F
0F
ENDCHAR
STARTCHAR 1F78
ENCODING 8056
SWIDTH 625 0
DWIDTH 10 0
BBX 8 13 1 0
BITMAP
30
38
08
00
3C
7E
C3
C3
C3
C3
C3
7E
3C
ENDCHAR
STARTCHAR 1F79
ENCODING 8057
SWIDTH 625 0
DWIDTH 10 0
BBX 8 13 1 0
BITMAP
0C
1C
10
00
3C
7E
C3
C3
C3
C3
C3
7E
3C
ENDCHAR
STARTCHAR 1F7A
ENCODING 8058
SWIDTH 687 0
DWIDTH 11 0
BBX 8 14 1 0
BITMAP
10
38
18
08
00
E6
E3
63
63
63
63
63
3E
1C
ENDCHAR
STARTCHAR 1F7B
ENCODING 8059
SWIDTH 687 0
DWIDTH 11 0
BBX 8 14 1 0
BITMAP
04
0E
18
00
00
E6
E3
63
63
63
63
63
3E
1C
ENDCHAR
STARTCHAR 1F7C
ENCODING 8060
SWIDTH 625 0
DWIDTH 10 0
BBX 8 13 1 1
BITMAP
30
18
08
00
42
C3
C3
DB
DB
DB
DB
FF
66
ENDCHAR
STARTCHAR 1F7D
ENCODING 8061
SWIDTH 625 0
DWIDTH 10 0
BBX 8 13 1 1
BITMAP
0C
18
10
00
42
C3
C3
DB
DB
DB
DB
FF
66
ENDCHAR
STARTCHAR 1F80
ENCODING 8064
SWIDTH 625 0
DWIDTH 10 0
BBX 8 17 1 -3
BITMAP
18
18
10
00
7B
7F
C6
C6
C6
C6
C6
7F
7B
00
00
18
18
ENDCHAR
STARTCHAR 1F81
ENCODING 8065
SWIDTH 625 0
DWIDTH 10 0
BBX 8 17 1 -3
BITMAP
18
10
08
00
7B
7F
C6
C6
C2
C6
C6
7F
7B
00
00
18
18
ENDCHAR
STARTCHAR 1F82
ENCODING 8066
SWIDTH 625 0
DWIDTH 10 0
BBX 8 18 1 -4
BITMAP
04
6C
26
26
00
7B
7F
C6
C6
C2
C6
C6
7F
7B
00
00
18
18
ENDCHAR
STARTCHAR 1F83
ENCODING 8067
SWIDTH 625 0
DWIDTH 10 0
BBX 8 18 1 -4
BITMAP
04
6C
26
26
00
7B
7F
C6
C6
C2
C6
C6
7F
7B
00
00
18
18
ENDCHAR
STARTCHAR 1F84
ENCODING 8068
SWIDTH 625 0
DWIDTH 10 0
BBX 8 17 1 -3
BITMAP
66
26
24
00
7B
7F
C6
C6
C2
C6
C6
7F
7B
00
00
18
18
ENDCHAR
STARTCHAR 1F85
ENCODING 8069
SWIDTH 625 0
DWIDTH 10 0
BBX 8 17 1 -3
BITMAP
66
26
24
00
7B
7F
C6
C6
C2
C6
C6
7F
7B
00
00
18
18
ENDCHAR
STARTCHAR 1F86
ENCODING 8070
SWIDTH 625 0
DWIDTH 10 0
BBX 8 19 1 -4
BITMAP
18
3C
7E
18
10
00
7B
7F
C6
C6
C6
C6
C6
7F
7B
00
00
18
18
ENDCHAR
STARTCHAR 1F87
ENCODING 8071
SWIDTH 625 0
DWIDTH 10 0
BBX 8 19 1 -4
BITMAP
18
3C
7E
10
08
00
7B
7F
C6
C6
C6
C6
C6
7F
7B
00
00
18
18
ENDCHAR
STARTCHAR 1F88
ENCODING 8072
SWIDTH 687 0
DWIDTH 11 0
BBX 9 18 1 -4
BITMAP
C000
C800
9C00
1C00
1400
1400
3600
3600
3600
3E00
7F00
6300
F780
F780
0000
0000
0800
0800
ENDCHAR
STARTCHAR 1F89
ENCODING 8073
SWIDTH 687 0
DWIDTH 11 0
BBX 9 18 1 -4
BITMAP
C000
8800
DC00
1C00
1400
1400
3600
3600
3600
3E00
7F00
6300
F780
F780
0000
0000
0800
0800
ENDCHAR
STARTCHAR 1F8A
ENCODING 8074
SWIDTH 687 0
DWIDTH 11 0
BBX 12 18 -2 -4
BITMAP
B000
9900
9B80
0380
0280
0280
06C0
06C0
06C0
07C0
0FE0
0C60
1EF0
1EF0
0000
0000
0100
0100
ENDCHAR
STARTCHAR 1F8B
ENCODING 8075
SWIDTH 687 0
DWIDTH 11 0
BBX 12 18 -2 -4
BITMAP
B000
9900
9B80
0380
0280
0280
06C0
06C0
06C0
07C0
0FE0
0C60
1EF0
1EF0
0000
0000
0100
0100
ENDCHAR
STARTCHAR 1F8C
ENCODING 8076
SWIDTH 687 0
DWIDTH 11 0
BBX 12 18 -2 -4
BITMAP
8C00
9900
B380
0380
0280
0280
06C0
06C0
06C0
07C0
0FE0
0C60
1EF0
1EF0
0000
0000
0100
0100
ENDCHAR
STARTCHAR 1F8D
ENCODING 8077
SWIDTH 687 0
DWIDTH 11 0
BBX 12 18 -2 -4
BITMAP
8C00
9900
B380
0380
0280
0280
06C0
06C0
06C0
07C0
0FE0
0C60
1EF0
1EF0
0000
0000
0100
0100
ENDCHAR
STARTCHAR 1F8E
ENCODING 8078
SWIDTH 687 0
DWIDTH 11 0
BBX 11 19 -1 -4
BITMAP
7800
B800
3200
2700
0700
0500
0500
0D80
0D80
0D80
0F80
1FC0
18C0
3DE0
3DE0
0000
0000
0200
0200
ENDCHAR
STARTCHAR 1F8F
ENCODING 8079
SWIDTH 687 0
DWIDTH 11 0
BBX 11 19 -1 -4
BITMAP
7800
B800
2200
3700
0700
0500
0500
0D80
0D80
0D80
0F80
1FC0
18C0
3DE0
3DE0
0000
0000
0200
0200
ENDCHAR
STARTCHAR 1F90
ENCODING 8080
SWIDTH 687 0
DWIDTH 11 0
BBX 8 18 1 -4
BITMAP
08
08
08
08
00
EE
FF
63
63
63
63
63
63
63
03
03
63
63
ENDCHAR
STARTCHAR 1F91
ENCODING 8081
SWIDTH 687 0
DWIDTH 11 0
BBX 8 18 1 -4
BITMAP
08
08
08
08
00
EE
FF
63
63
63
63
63
63
63
03
03
63
63
ENDCHAR
STARTCHAR 1F92
ENCODING 8082
SWIDTH 687 0
DWIDTH 11 0
BBX 8 17 1 -3
BITMAP
3C
16
22
00
EE
FF
63
63
63
63
63
63
63
03
03
63
63
ENDCHAR
STARTCHAR 1F93
ENCODING 8083
SWIDTH 687 0
DWIDTH 11 0
BBX 8 17 1 -3
BITMAP
3C
26
12
00
EE
FF
63
63
63
63
63
63
63
03
03
63
63
ENDCHAR
STARTCHAR 1F94
ENCODING 8084
SWIDTH 687 0
DWIDTH 11 0
BBX 8 17 1 -3
BITMAP
33
16
24
00
EE
FF
63
63
63
63
63
63
63
03
03
63
63
ENDCHAR
STARTCHAR 1F95
ENCODING 8085
SWIDTH 687 0
DWIDTH 11 0
BBX 8 17 1 -3
BITMAP
33
26
14
00
EE
FF
63
63
63
63
63
63
63
03
03
63
63
ENDCHAR
STARTCHAR 1F96
ENCODING 8086
SWIDTH 687 0
DWIDTH 11 0
BBX 8 19 1 -4
BITMAP
08
3E
2E
08
08
00
EE
FF
63
63
63
63
63
63
63
03
03
63
63
ENDCHAR
STARTCHAR 1F97
ENCODING 8087
SWIDTH 687 0
DWIDTH 11 0
BBX 8 19 1 -4
BITMAP
08
3E
2E
08
08
00
EE
FF
63
63
63
63
63
63
63
03
03
63
63
ENDCHAR
STARTCHAR 1F98
ENCODING 8088
SWIDTH 687 0
DWIDTH 11 0
BBX 11 18 -1 -4
BITMAP
8000
BDE0
BDE0
18C0
18C0
18C0
18C0
1FC0
1FC0
18C0
18C0
18C0
3DE0
3DE0
0000
0000
0200
0200
ENDCHAR
STARTCHAR 1F99
ENCODING 8089
SWIDTH 687 0
DWIDTH 11 0
BBX 11 18 -1 -4
BITMAP
8000
BDE0
BDE0
18C0
18C0
18C0
18C0
1FC0
1FC0
18C0
18C0
18C0
3DE0
3DE0
0000
0000
0200
0200
ENDCHAR
STARTCHAR 1F9A
ENCODING 8090
SWIDTH 687 0
DWIDTH 11 0
BBX 15 18 -5 -4
BITMAP
D800
5BDE
8BDE
018C
018C
018C
018C
01FC
01FC
018C
018C
018C
03DE
03DE
0000
0000
0020
0020
ENDCHAR
STARTCHAR 1F9B
ENCODING 8091
SWIDTH 687 0
DWIDTH 11 0
BBX 14 18 -4 -4
BITMAP
B000
B7BC
97BC
0318
0318
0318
0318
03F8
03F8
0318
0318
0318
07BC
07BC
0000
0000
0040
0040
ENDCHAR
STARTCHAR 1F9C
ENCODING 8092
SWIDTH 687 0
DWIDTH 11 0
BBX 15 18 -5 -4
BITMAP
CC00
5BDE
9BDE
018C
018C
018C
018C
01FC
01FC
018C
018C
018C
03DE
03DE
0000
0000
0020
0020
ENDCHAR
STARTCHAR 1F9D
ENCODING 8093
SWIDTH 687 0
DWIDTH 11 0
BBX 14 18 -4 -4
BITMAP
9800
97BC
97BC
0318
0318
0318
0318
03F8
03F8
0318
0318
0318
07BC
07BC
0000
0000
0040
0040
ENDCHAR
STARTCHAR 1F9E
ENCODING 8094
SWIDTH 687 0
DWIDTH 11 0
BBX 13 19 -3 -4
BITMAP
7800
B800
2F78
2F78
0630
0630
0630
0630
07F0
07F0
0630
0630
0630
0F78
0F78
0000
0000
0080
0080
ENDCHAR
STARTCHAR 1F9F
ENCODING 8095
SWIDTH 687 0
DWIDTH 11 0
BBX 13 19 -3 -4
BITMAP
7800
B800
2F78
2F78
0630
0630
0630
0630
07F0
07F0
0630
0630
0630
0F78
0F78
0000
0000
0080
0080
ENDCHAR
STARTCHAR 1FA0
ENCODING 8096
SWIDTH 625 0
DWIDTH 10 0
BBX 8 17 1 -4
BITMAP
18
08
10
00
42
42
C3
DB
DB
DB
DB
FF
66
00
00
18
18
ENDCHAR
STARTCHAR 1FA1
ENCODING 8097
SWIDTH 625 0
DWIDTH 10 0
BBX 8 17 1 -4
BITMAP
18
10
08
00
42
42
C3
DB
DB
DB
DB
FF
66
00
00
18
18
ENDCHAR
STARTCHAR 1FA2
ENCODING 8098
SWIDTH 687 0
DWIDTH 11 0
BBX 9 18 1 -4
BITMAP
0400
2C00
2600
2600
0000
4100
4300
C180
D980
D980
D980
D980
FF00
6700
0000
0000
1800
1800
ENDCHAR
STARTCHAR 1FA3
ENCODING 8099
SWIDTH 687 0
DWIDTH 11 0
BBX 9 18 1 -4
BITMAP
0400
2C00
2600
2600
0000
4100
4300
C180
D980
D980
D980
D980
FF00
6700
0000
0000
1800
1800
ENDCHAR
STARTCHAR 1FA4
ENCODING 8100
SWIDTH 687 0
DWIDTH 11 0
BBX 9 17 1 -3
BITMAP
2700
2600
2C00
0000
4100
4300
C180
D980
D980
D980
D980
FF00
6700
0000
0000
1800
1800
ENDCHAR
STARTCHAR 1FA5
ENCODING 8101
SWIDTH 687 0
DWIDTH 11 0
BBX 9 17 1 -3
BITMAP
2700
2600
2C00
0000
4100
4300
C180
D980
D980
D980
D980
FF00
6700
0000
0000
1800
1800
ENDCHAR
STARTCHAR 1FA6
ENCODING 8102
SWIDTH 687 0
DWIDTH 11 0
BBX 9 19 1 -4
BITMAP
1C00
3E00
3E00
0800
1000
0000
4100
4300
C180
D980
D980
D980
D980
FF00
6700
0000
0000
1800
1800
ENDCHAR
STARTCHAR 1FA7
ENCODING 8103
SWIDTH 687 0
DWIDTH 11 0
BBX 9 19 1 -4
BITMAP
1C00
3E00
3E00
1000
0800
0000
4100
4300
C180
D980
D980
D980
D980
FF00
6700
0000
0000
1800
1800
ENDCHAR
STARTCHAR 1FA8
ENCODING 8104
SWIDTH 625 0
DWIDTH 10 0
BBX 9 18 -1 -4
BITMAP
8000
8E00
9F00
3180
3180
3180
3180
3180
3180
3180
3180
1B00
3B80
3B80
0000
0000
0600
0600
ENDCHAR
STARTCHAR 1FA9
ENCODING 8105
SWIDTH 687 0
DWIDTH 11 0
BBX 9 18 0 -4
BITMAP
8000
8E00
9F00
3180
3180
3180
3180
3180
3180
3180
3180
1B00
3B80
3B80
0000
0000
0600
0600
ENDCHAR
STARTCHAR 1FAA
ENCODING 8106
SWIDTH 687 0
DWIDTH 11 0
BBX 13 18 -4 -4
BITMAP
D800
58E0
8DF0
0318
0318
0318
0318
0318
0318
0318
0318
01B0
03B8
03B8
0000
0000
0060
0060
ENDCHAR
STARTCHAR 1FAB
ENCODING 8107
SWIDTH 687 0
DWIDTH 11 0
BBX 12 18 -3 -4
BITMAP
B000
B1C0
9BE0
0630
0630
0630
0630
0630
0630
0630
0630
0360
0770
0770
0000
0000
00C0
00C0
ENDCHAR
STARTCHAR 1FAC
ENCODING 8108
SWIDTH 687 0
DWIDTH 11 0
BBX 13 18 -4 -4
BITMAP
CC00
58E0
99F0
0318
0318
0318
0318
0318
0318
0318
0318
01B0
03B8
03B8
0000
0000
0060
0060
ENDCHAR
STARTCHAR 1FAD
ENCODING 8109
SWIDTH 687 0
DWIDTH 11 0
BBX 12 18 -3 -4
BITMAP
9800
91C0
B3E0
0630
0630
0630
0630
0630
0630
0630
0630
0360
0770
0770
0000
0000
00C0
00C0
ENDCHAR
STARTCHAR 1FAE
ENCODING 8110
SWIDTH 687 0
DWIDTH 11 0
BBX 11 19 -2 -4
BITMAP
7000
B800
2380
27C0
0C60
0C60
0C60
0C60
0C60
0C60
0C60
0C60
06C0
0EE0
0EE0
0000
0000
0180
0180
ENDCHAR
STARTCHAR 1FAF
ENCODING 8111
SWIDTH 687 0
DWIDTH 11 0
BBX 11 19 -2 -4
BITMAP
7000
B800
2380
27C0
0C60
0C60
0C60
0C60
0C60
0C60
0C60
0C60
06C0
0EE0
0EE0
0000
0000
0180
0180
ENDCHAR
STARTCHAR 1FB0
ENCODING 8112
SWIDTH 625 0
DWIDTH 10 0
BBX 8 13 1 0
BITMAP
46
7E
3C
00
7B
7E
C6
C6
C6
C6
C6
FE
7B
ENDCHAR
STARTCHAR 1FB1
ENCODING 8113
SWIDTH 625 0
DWIDTH 10 0
BBX 8 13 1 0
BITMAP
7E
7E
00
00
7B
7F
C6
C6
C6
C6
C6
7F
7B
ENDCHAR
STARTCHAR 1FB2
ENCODING 8114
SWIDTH 625 0
DWIDTH 10 0
BBX 8 17 1 -4
BITMAP
30
38
08
00
7B
7F
C6
C6
C2
C6
C6
7F
7B
00
00
18
18
ENDCHAR
STARTCHAR 1FB3
ENCODING 8115
SWIDTH 625 0
DWIDTH 10 0
BBX 8 13 1 -4
BITMAP
7B
7F
C6
C6
C2
C6
C6
7F
7B
00
00
18
18
ENDCHAR
STARTCHAR 1FB4
ENCODING 8116
SWIDTH 625 0
DWIDTH 10 0
BBX 8 17 1 -4
BITMAP
0C
1C
10
00
7B
7F
C6
C6
C2
C6
C6
7F
7B
00
00
18
18
ENDCHAR
STARTCHAR 1FB6
ENCODING 8118
SWIDTH 625 0
DWIDTH 10 0
BBX 8 12 1 0
BITMAP
7C
66
00
7B
7E
C6
C6
C6
C6
C6
FE
7B
ENDCHAR
STARTCHAR 1FB7
ENCODING 8119
SWIDTH 625 0
DWIDTH 10 0
BBX 8 16 1 -4
BITMAP
7E
66
00
7B
7F
C6
C6
C2
C6
C6
7F
7B
00
00
18
18
ENDCHAR
STARTCHAR 1FB8
ENCODING 8120
SWIDTH 687 0
DWIDTH 11 0
BBX 9 17 1 0
BITMAP
6300
3E00
3E00
0000
0800
1C00
1C00
1400
1400
3600
3600
3E00
3E00
6300
6300
F780
F780
ENDCHAR
STARTCHAR 1FB9
ENCODING 8121
SWIDTH 687 0
DWIDTH 11 0
BBX 9 16 1 0
BITMAP
7E00
7E00
0000
1800
1C00
1C00
1400
3400
3600
3600
3E00
7E00
6700
6300
F780
F780
ENDCHAR
STARTCHAR 1FBA
ENCODING 8122
SWIDTH 687 0
DWIDTH 11 0
BBX 10 15 0 0
BITMAP
4000
C000
6400
2E00
0E00
0A00
0A00
1B00
1B00
1F00
1F00
3180
3180
7BC0
7BC0
ENDCHAR
STARTCHAR 1FBB
ENCODING 8123
SWIDTH 687 0
DWIDTH 11 0
BBX 9 15 1 0
BITMAP
4000
C000
C800
9C00
1C00
1400
1400
3600
3600
3E00
3E00
6300
6300
F780
F780
ENDCHAR
STARTCHAR 1FBC
ENCODING 8124
SWIDTH 687 0
DWIDTH 11 0
BBX 9 17 1 -4
BITMAP
0800
1C00
1C00
1400
1400
3600
3600
3600
3E00
7F00
6300
F780
F780
0000
0000
0800
0800
ENDCHAR
STARTCHAR 1FBD
ENCODING 8125
SWIDTH 687 0
DWIDTH 11 0
BBX 2 3 4 9
BITMAP
C0
C0
C0
ENDCHAR
STARTCHAR 1FBE
ENCODING 8126
SWIDTH 625 0
DWIDTH 10 0
BBX 2 2 4 -4
BITMAP
C0
C0
ENDCHAR
STARTCHAR 1FBF
ENCODING 8127
SWIDTH 687 0
DWIDTH 11 0
BBX 2 3 4 9
BITMAP
C0
C0
C0
ENDCHAR
STARTCHAR 1FC0
ENCODING 8128
SWIDTH 687 0
DWIDTH 11 0
BBX 6 3 2 10
BITMAP
38
FC
C4
ENDCHAR
STARTCHAR 1FC1
ENCODING 8129
SWIDTH 687 0
DWIDTH 11 0
BBX 6 6 2 10
BITMAP
78
FC
00
CC
CC
CC
ENDCHAR
STARTCHAR 1FC2
ENCODING 8130
SWIDTH 687 0
DWIDTH 11 0
BBX 8 17 1 -4
BITMAP
10
18
08
00
EE
FF
63
63
63
63
63
63
63
03
03
63
63
ENDCHAR
STARTCHAR 1FC3
ENCODING 8131
SWIDTH 687 0
DWIDTH 11 0
BBX 8 13 1 -4
BITMAP
EE
FF
63
63
63
63
63
63
63
03
03
63
63
ENDCHAR
STARTCHAR 1FC4
ENCODING 8132
SWIDTH 687 0
DWIDTH 11 0
BBX 8 17 1 -4
BITMAP
04
0C
08
00
EE
FF
63
63
63
63
63
63
63
03
03
63
63
ENDCHAR
STARTCHAR 1FC6
ENCODING 8134
SWIDTH 687 0
DWIDTH 11 0
BBX 8 16 1 -4
BITMAP
3E
36
00
EE
FF
63
63
63
63
63
63
63
03
03
03
03
ENDCHAR
STARTCHAR 1FC7
ENCODING 8135
SWIDTH 687 0
DWIDTH 11 0
BBX 8 16 1 -4
BITMAP
3E
36
00
EE
FF
63
63
63
63
63
63
63
03
03
63
63
ENDCHAR
STARTCHAR 1FC8
ENCODING 8136
SWIDTH 687 0
DWIDTH 11 0
BBX 11 14 -2 1
BITMAP
C000
DFE0
5FE0
0C60
0C00
0C00
0F80
0F80
0C00
0C00
0C00
0C60
1FE0
1FE0
ENDCHAR
STARTCHAR 1FC9
ENCODING 8137
SWIDTH 687 0
DWIDTH 11 0
BBX 11 15 -2 0
BITMAP
4000
6000
DFE0
9FE0
0C60
0C00
0C00
0F80
0F80
0C00
0C00
0C00
0C60
1FE0
1FE0
ENDCHAR
STARTCHAR 1FCA
ENCODING 8138
SWIDTH 687 0
DWIDTH 11 0
BBX 12 14 -2 1
BITMAP
C000
5EF0
5EF0
0C60
0C60
0C60
0C60
0FE0
0FE0
0C60
0C60
0C60
1EF0
1EF0
ENDCHAR
STARTCHAR 1FCB
ENCODING 8139
SWIDTH 687 0
DWIDTH 11 0
BBX 12 15 -2 0
BITMAP
4000
6000
DEF0
DEF0
0C60
0C60
0C60
0C60
0FE0
0FE0
0C60
0C60
0C60
1EF0
1EF0
ENDCHAR
STARTCHAR 1FCC
ENCODING 8140
SWIDTH 687 0
DWIDTH 11 0
BBX 9 17 1 -4
BITMAP
F780
F780
6300
6300
6300
6300
7F00
7F00
6300
6300
6300
F780
F780
0000
0000
0800
0800
ENDCHAR
STARTCHAR 1FCD
ENCODING 8141
SWIDTH 687 0
DWIDTH 11 0
BBX 5 4 3 9
BITMAP
D0
D8
C8
08
ENDCHAR
STARTCHAR 1FCE
ENCODING 8142
SWIDTH 687 0
DWIDTH 11 0
BBX 6 3 3 9
BITMAP
CC
CC
D8
ENDCHAR
STARTCHAR 1FCF
ENCODING 8143
SWIDTH 687 0
DWIDTH 11 0
BBX 5 5 3 9
BITMAP
70
E8
20
20
20
ENDCHAR
STARTCHAR 1FD0
ENCODING 8144
SWIDTH 625 0
DWIDTH 10 0
BBX 8 13 1 0
BITMAP
66
7E
3C
00
F8
F8
18
18
18
18
18
1F
0F
ENDCHAR
STARTCHAR 1FD1
ENCODING 8145
SWIDTH 625 0
DWIDTH 10 0
BBX 8 13 1 0
BITMAP
7E
7E
00
00
F8
F8
18
18
18
18
18
1F
0F
ENDCHAR
STARTCHAR 1FD2
ENCODING 8146
SWIDTH 625 0
DWIDTH 10 0
BBX 8 13 1 0
BITMAP
10
7B
4A
00
F8
F8
18
18
18
18
18
1F
0F
ENDCHAR
STARTCHAR 1FD3
ENCODING 8147
SWIDTH 625 0
DWIDTH 10 0
BBX 8 13 1 0
BITMAP
08
7B
52
00
F8
F8
18
18
18
18
18
1F
0F
ENDCHAR
STARTCHAR 1FD6
ENCODING 8150
SWIDTH 625 0
DWIDTH 10 0
BBX 8 12 1 0
BITMAP
7C
66
00
F8
F8
18
18
18
18
18
1F
0F
ENDCHAR
STARTCHAR 1FD7
ENCODING 8151
SWIDTH 625 0
DWIDTH 10 0
BBX 8 16 1 0
BITMAP
7C
66
00
66
66
66
00
F8
F8
18
18
18
18
18
1F
0F
ENDCHAR
STARTCHAR 1FD8
ENCODING 8152
SWIDTH 687 0
DWIDTH 11 0
BBX 7 17 2 0
BITMAP
C6
FC
7C
00
FE
FE
30
30
30
30
30
30
30
30
30
FE
FE
ENDCHAR
STARTCHAR 1FD9
ENCODING 8153
SWIDTH 687 0
DWIDTH 11 0
BBX 7 16 2 0
BITMAP
FC
FC
00
FE
FE
30
30
30
30
30
30
30
30
30
FE
FE
ENDCHAR
STARTCHAR 1FDA
ENCODING 8154
SWIDTH 687 0
DWIDTH 11 0
BBX 10 15 -1 0
BITMAP
8000
C000
DFC0
5FC0
0600
0600
0600
0600
0600
0600
0600
0600
0600
1FC0
1FC0
ENDCHAR
STARTCHAR 1FDB
ENCODING 8155
SWIDTH 687 0
DWIDTH 11 0
BBX 10 15 -1 0
BITMAP
4000
6000
DFC0
9FC0
0600
0600
0600
0600
0600
0600
0600
0600
0600
1FC0
1FC0
ENDCHAR
STARTCHAR 1FDD
ENCODING 8157
SWIDTH 687 0
DWIDTH 11 0
BBX 5 3 3 9
BITMAP
D0
D8
D8
ENDCHAR
STARTCHAR 1FDE
ENCODING 8158
SWIDTH 687 0
DWIDTH 11 0
BBX 5 3 3 9
BITMAP
C8
D8
D8
ENDCHAR
STARTCHAR 1FDF
ENCODING 8159
SWIDTH 687 0
DWIDTH 11 0
BBX 5 5 3 9
BITMAP
70
B8
20
20
20
ENDCHAR
STARTCHAR 1FE0
ENCODING 8160
SWIDTH 687 0
DWIDTH 11 0
BBX 8 13 1 0
BITMAP
62
3E
1C
00
E6
E3
63
63
63
63
63
3E
1C
ENDCHAR
STARTCHAR 1FE1
ENCODING 8161
SWIDTH 687 0
DWIDTH 11 0
BBX 8 13 1 0
BITMAP
3F
3F
00
00
E7
E3
63
63
63
63
63
3E
1C
ENDCHAR
STARTCHAR 1FE2
ENCODING 8162
SWIDTH 687 0
DWIDTH 11 0
BBX 8 13 1 0
BITMAP
18
7B
4E
00
E6
E3
63
63
63
63
63
3E
1C
ENDCHAR
STARTCHAR 1FE3
ENCODING 8163
SWIDTH 687 0
DWIDTH 11 0
BBX 8 13 1 0
BITMAP
0C
6B
5A
00
E6
E3
63
63
63
63
63
3E
1C
ENDCHAR
STARTCHAR 1FE4
ENCODING 8164
SWIDTH 687 0
DWIDTH 11 0
BBX 7 18 2 -4
BITMAP
10
10
10
10
00
38
7C
C6
C6
C6
C6
C6
FE
DC
C0
C0
C0
C0
ENDCHAR
STARTCHAR 1FE5
ENCODING 8165
SWIDTH 687 0
DWIDTH 11 0
BBX 7 18 2 -4
BITMAP
10
10
10
10
00
38
7C
C6
C6
C6
C6
C6
FE
DC
C0
C0
C0
C0
ENDCHAR
STARTCHAR 1FE6
ENCODING 8166
SWIDTH 687 0
DWIDTH 11 0
BBX 8 13 1 0
BITMAP
1C
3E
62
00
E6
E3
63
63
63
63
63
3E
1C
ENDCHAR
STARTCHAR 1FE7
ENCODING 8167
SWIDTH 687 0
DWIDTH 11 0
BBX 8 16 1 0
BITMAP
3E
22
00
66
66
22
00
E6
E3
63
63
63
63
63
3E
1C
ENDCHAR
STARTCHAR 1FE8
ENCODING 8168
SWIDTH 687 0
DWIDTH 11 0
BBX 9 17 1 0
BITMAP
6300
7F00
3E00
0000
F780
F780
6600
3600
3600
3C00
1C00
1800
1800
1800
1800
3E00
3E00
ENDCHAR
STARTCHAR 1FE9
ENCODING 8169
SWIDTH 687 0
DWIDTH 11 0
BBX 9 16 1 0
BITMAP
7E00
7E00
0000
F780
F780
6600
7600
3400
3C00
1C00
1800
1800
1800
1800
3E00
3E00
ENDCHAR
STARTCHAR 1FEA
ENCODING 8170
SWIDTH 687 0
DWIDTH 11 0
BBX 12 14 -2 1
BITMAP
C000
DEF0
5EF0
0CC0
06C0
06C0
0780
0380
0300
0300
0300
0300
07C0
07C0
ENDCHAR
STARTCHAR 1FEB
ENCODING 8171
SWIDTH 687 0
DWIDTH 11 0
BBX 12 15 -2 0
BITMAP
4000
6000
DEF0
9EF0
0CC0
06C0
06C0
0780
0380
0300
0300
0300
0300
07C0
07C0
ENDCHAR
STARTCHAR 1FEC
ENCODING 8172
SWIDTH 625 0
DWIDTH 10 0
BBX 11 14 -2 0
BITMAP
C000
9F80
5FC0
0C60
0C60
0C60
0C60
0FC0
0F80
0C00
0C00
0C00
1E00
1E00
ENDCHAR
STARTCHAR 1FED
ENCODING 8173
SWIDTH 687 0
DWIDTH 11 0
BBX 7 4 2 9
BITMAP
20
B4
DE
10
ENDCHAR
STARTCHAR 1FEE
ENCODING 8174
SWIDTH 687 0
DWIDTH 11 0
BBX 7 3 2 9
BITMAP
10
9C
F6
ENDCHAR
STARTCHAR 1FEF
ENCODING 8175
SWIDTH 687 0
DWIDTH 11 0
BBX 3 3 3 10
BITMAP
C0
E0
20
ENDCHAR
STARTCHAR 1FF2
ENCODING 8178
SWIDTH 625 0
DWIDTH 10 0
BBX 8 17 1 -4
BITMAP
30
18
08
00
42
42
C3
DB
DB
DB
DB
FF
66
00
00
18
18
ENDCHAR
STARTCHAR 1FF3
ENCODING 8179
SWIDTH 625 0
DWIDTH 10 0
BBX 8 13 1 -4
BITMAP
42
42
C3
DB
DB
DB
DB
FF
66
00
00
18
18
ENDCHAR
STARTCHAR 1FF4
ENCODING 8180
SWIDTH 625 0
DWIDTH 10 0
BBX 8 17 1 -4
BITMAP
0C
08
10
00
42
42
C3
DB
DB
DB
DB
FF
66
00
00
18
18
ENDCHAR
STARTCHAR 1FF6
ENCODING 8182
SWIDTH 625 0
DWIDTH 10 0
BBX 8 13 1 0
BITMAP
18
3C
66
00
42
C3
C3
DB
DB
DB
DB
FF
66
ENDCHAR
STARTCHAR 1FF7
ENCODING 8183
SWIDTH 625 0
DWIDTH 10 0
BBX 8 16 1 -4
BITMAP
3C
66
00
42
42
C3
DB
DB
DB
DB
FF
66
00
00
18
18
ENDCHAR
STARTCHAR 1FF8
ENCODING 8184
SWIDTH 625 0
DWIDTH 10 0
BBX 11 14 -2 1
BITMAP
C000
4780
6FC0
1860
1860
1860
1860
1860
1860
1860
1860
1860
0FC0
0780
ENDCHAR
STARTCHAR 1FF9
ENCODING 8185
SWIDTH 625 0
DWIDTH 10 0
BBX 11 14 -2 1
BITMAP
6000
4780
CFC0
1860
1860
1860
1860
1860
1860
1860
1860
1860
0FC0
0780
ENDCHAR
STARTCHAR 1FFA
ENCODING 8186
SWIDTH 687 0
DWIDTH 11 0
BBX 10 14 -1 1
BITMAP
C000
C700
6F80
18C0
18C0
18C0
18C0
18C0
18C0
18C0
18C0
0D80
1DC0
1DC0
ENDCHAR
STARTCHAR 1FFB
ENCODING 8187
SWIDTH 687 0
DWIDTH 11 0
BBX 10 14 -1 1
BITMAP
6000
C700
CF80
18C0
18C0
18C0
18C0
18C0
18C0
18C0
18C0
0D80
1DC0
1DC0
ENDCHAR
STARTCHAR 1FFC
ENCODING 8188
SWIDTH 687 0
DWIDTH 11 0
BBX 7 17 2 -4
BITMAP
38
7C
C6
C6
C6
C6
C6
C6
C6
C6
6C
EE
EE
00
00
18
18
ENDCHAR
STARTCHAR 1FFD
ENCODING 8189
SWIDTH 687 0
DWIDTH 11 0
BBX 3 3 4 10
BITMAP
20
60
C0
ENDCHAR
STARTCHAR 1FFE
ENCODING 8190
SWIDTH 687 0
DWIDTH 11 0
BBX 2 3 4 9
BITMAP
C0
C0
C0
ENDCHAR
STARTCHAR 2000
ENCODING 8192
SWIDTH 687 0
DWIDTH 11 0
BBX 0 0 0 0
BITMAP
ENDCHAR
STARTCHAR 2001
ENCODING 8193
SWIDTH 1312 0
DWIDTH 21 0
BBX 0 0 0 0
BITMAP
ENDCHAR
STARTCHAR 2002
ENCODING 8194
SWIDTH 687 0
DWIDTH 11 0
BBX 0 0 0 0
BITMAP
ENDCHAR
STARTCHAR 2003
ENCODING 8195
SWIDTH 1312 0
DWIDTH 21 0
BBX 0 0 0 0
BITMAP
ENDCHAR
STARTCHAR 2004
ENCODING 8196
SWIDTH 687 0
DWIDTH 11 0
BBX 0 0 0 0
BITMAP
ENDCHAR
STARTCHAR 2005
ENCODING 8197
SWIDTH 687 0
DWIDTH 11 0
BBX 0 0 0 0
BITMAP
ENDCHAR
STARTCHAR 2006
ENCODING 8198
SWIDTH 687 0
DWIDTH 11 0
BBX 0 0 0 0
BITMAP
ENDCHAR
STARTCHAR 2007
ENCODING 8199
SWIDTH 687 0
DWIDTH 11 0
BBX 0 0 0 0
BITMAP
ENDCHAR
STARTCHAR 2008
ENCODING 8200
SWIDTH 687 0
DWIDTH 11 0
BBX 0 0 0 0
BITMAP
ENDCHAR
STARTCHAR 2009
ENCODING 8201
SWIDTH 687 0
DWIDTH 11 0
BBX 0 0 0 0
BITMAP
ENDCHAR
STARTCHAR 200A
ENCODING 8202
SWIDTH 687 0
DWIDTH 11 0
BBX 0 0 0 0
BITMAP
ENDCHAR
STARTCHAR 200B
ENCODING 8203
SWIDTH 0 0
DWIDTH 0 0
BBX 0 0 0 0
BITMAP
ENDCHAR
STARTCHAR 200C
ENCODING 8204
SWIDTH 0 0
DWIDTH 0 0
BBX 5 22 -2 -3
BITMAP
60
D0
88
88
D0
60
20
20
20
20
20
20
20
20
20
20
20
20
20
20
20
20
ENDCHAR
STARTCHAR 200D
ENCODING 8205
SWIDTH 0 0
DWIDTH 0 0
BBX 6 23 -3 -4
BITMAP
44
6C
38
30
68
C4
10
10
10
10
10
10
10
10
10
10
10
10
10
10
10
10
10
ENDCHAR
STARTCHAR 2010
ENCODING 8208
SWIDTH 687 0
DWIDTH 11 0
BBX 7 2 2 5
BITMAP
FE
FE
ENDCHAR
STARTCHAR 2011
ENCODING 8209
SWIDTH 687 0
DWIDTH 11 0
BBX 7 2 2 5
BITMAP
FE
FE
ENDCHAR
STARTCHAR 2012
ENCODING 8210
SWIDTH 687 0
DWIDTH 11 0
BBX 7 2 2 5
BITMAP
FE
FE
ENDCHAR
STARTCHAR 2013
ENCODING 8211
SWIDTH 687 0
DWIDTH 11 0
BBX 9 2 1 5
BITMAP
FF80
FF80
ENDCHAR
STARTCHAR 2014
ENCODING 8212
SWIDTH 1312 0
DWIDTH 21 0
BBX 21 2 0 5
BITMAP
FFFFF8
FFFFF8
ENDCHAR
STARTCHAR 2015
ENCODING 8213
SWIDTH 1312 0
DWIDTH 21 0
BBX 21 2 0 5
BITMAP
FFFFF8
FFFFF8
ENDCHAR
STARTCHAR 2016
ENCODING 8214
SWIDTH 687 0
DWIDTH 11 0
BBX 5 16 3 -2
BITMAP
D8
D8
D8
D8
D8
D8
D8
D8
D8
D8
D8
D8
D8
D8
D8
D8
ENDCHAR
STARTCHAR 2017
ENCODING 8215
SWIDTH 687 0
DWIDTH 11 0
BBX 7 4 2 -4
BITMAP
FE
FE
FE
FE
ENDCHAR
STARTCHAR 2018
ENCODING 8216
SWIDTH 687 0
DWIDTH 11 0
BBX 3 6 4 7
BITMAP
20
60
C0
E0
E0
E0
ENDCHAR
STARTCHAR 2019
ENCODING 8217
SWIDTH 687 0
DWIDTH 11 0
BBX 3 6 4 7
BITMAP
E0
E0
E0
40
C0
80
ENDCHAR
STARTCHAR 201A
ENCODING 8218
SWIDTH 687 0
DWIDTH 11 0
BBX 3 6 4 -3
BITMAP
E0
E0
E0
40
C0
80
ENDCHAR
STARTCHAR 201B
ENCODING 8219
SWIDTH 687 0
DWIDTH 11 0
BBX 3 6 4 7
BITMAP
E0
E0
E0
C0
60
20
ENDCHAR
STARTCHAR 201C
ENCODING 8220
SWIDTH 687 0
DWIDTH 11 0
BBX 8 6 2 7
BITMAP
21
63
C6
E7
E7
E7
ENDCHAR
STARTCHAR 201D
ENCODING 8221
SWIDTH 687 0
DWIDTH 11 0
BBX 8 6 2 7
BITMAP
E7
E7
E7
42
C6
84
ENDCHAR
STARTCHAR 201E
ENCODING 8222
SWIDTH 687 0
DWIDTH 11 0
BBX 8 6 2 -3
BITMAP
E7
E7
E7
42
C6
84
ENDCHAR
STARTCHAR 201F
ENCODING 8223
SWIDTH 687 0
DWIDTH 11 0
BBX 8 6 2 7
BITMAP
E7
E7
E7
C6
63
21
ENDCHAR
STARTCHAR 2020
ENCODING 8224
SWIDTH 687 0
DWIDTH 11 0
BBX 7 16 2 -2
BITMAP
18
18
18
18
FE
FE
18
18
18
18
18
18
18
18
18
18
ENDCHAR
STARTCHAR 2021
ENCODING 8225
SWIDTH 687 0
DWIDTH 11 0
BBX 7 16 2 -2
BITMAP
18
18
18
18
FE
FE
18
18
18
18
FE
FE
18
18
18
18
ENDCHAR
STARTCHAR 2022
ENCODING 8226
SWIDTH 625 0
DWIDTH 10 0
BBX 6 7 2 2
BITMAP
78
FC
FC
FC
FC
FC
78
ENDCHAR
STARTCHAR 2023
ENCODING 8227
SWIDTH 687 0
DWIDTH 11 0
BBX 6 8 2 2
BITMAP
80
C0
F0
FC
FC
F8
E0
80
ENDCHAR
STARTCHAR 2024
ENCODING 8228
SWIDTH 1312 0
DWIDTH 21 0
BBX 3 3 9 0
BITMAP
E0
E0
E0
ENDCHAR
STARTCHAR 2025
ENCODING 8229
SWIDTH 1375 0
DWIDTH 22 0
BBX 14 3 4 0
BITMAP
E01C
E01C
E01C
ENDCHAR
STARTCHAR 2026
ENCODING 8230
SWIDTH 1312 0
DWIDTH 21 0
BBX 17 3 2 0
BITMAP
E1C380
E1C380
E1C380
ENDCHAR
STARTCHAR 2027
ENCODING 8231
SWIDTH 687 0
DWIDTH 11 0
BBX 3 3 4 4
BITMAP
E0
E0
E0
ENDCHAR
STARTCHAR 2028
ENCODING 8232
SWIDTH 0 0
DWIDTH 0 0
BBX 0 0 0 0
BITMAP
ENDCHAR
STARTCHAR 2029
ENCODING 8233
SWIDTH 0 0
DWIDTH 0 0
BBX 0 0 0 0
BITMAP
ENDCHAR
STARTCHAR 202F
ENCODING 8239
SWIDTH 687 0
DWIDTH 11 0
BBX 0 0 0 0
BITMAP
ENDCHAR
STARTCHAR 2030
ENCODING 8240
SWIDTH 1375 0
DWIDTH 22 0
BBX 15 13 4 0
BITMAP
6180
F300
F300
F600
F400
FC00
6800
1B1C
17BE
37B6
67B6
67B6
C31C
ENDCHAR
STARTCHAR 2031
ENCODING 8241
SWIDTH 1375 0
DWIDTH 22 0
BBX 20 13 1 0
BITMAP
618000
F30000
F30000
F60000
F40000
FC0000
680000
1B1CE0
17BFF0
37B7B0
67B7B0
67B7B0
C31CE0
ENDCHAR
STARTCHAR 2032
ENCODING 8242
SWIDTH 687 0
DWIDTH 11 0
BBX 4 6 3 8
BITMAP
30
30
70
60
60
C0
ENDCHAR
STARTCHAR 2033
ENCODING 8243
SWIDTH 687 0
DWIDTH 11 0
BBX 7 6 2 8
BITMAP
76
6E
6C
CC
CC
D8
ENDCHAR
STARTCHAR 2034
ENCODING 8244
SWIDTH 687 0
DWIDTH 11 0
BBX 10 6 0 8
BITMAP
36C0
36C0
64C0
6D80
4D80
C900
ENDCHAR
STARTCHAR 2035
ENCODING 8245
SWIDTH 687 0
DWIDTH 11 0
BBX 4 6 3 8
BITMAP
E0
60
60
70
30
30
ENDCHAR
STARTCHAR 2036
ENCODING 8246
SWIDTH 687 0
DWIDTH 11 0
BBX 8 6 1 8
BITMAP
EC
6E
66
36
33
33
ENDCHAR
STARTCHAR 2037
ENCODING 8247
SWIDTH 687 0
DWIDTH 11 0
BBX 10 6 0 8
BITMAP
D980
6D80
6D80
6480
36C0
36C0
ENDCHAR
STARTCHAR 2038
ENCODING 8248
SWIDTH 687 0
DWIDTH 11 0
BBX 8 5 1 -3
BITMAP
1C
3E
76
E3
43
ENDCHAR
STARTCHAR 2039
ENCODING 8249
SWIDTH 687 0
DWIDTH 11 0
BBX 4 9 3 1
BITMAP
10
30
60
C0
C0
60
30
30
10
ENDCHAR
STARTCHAR 203A
ENCODING 8250
SWIDTH 687 0
DWIDTH 11 0
BBX 4 8 3 1
BITMAP
C0
60
60
30
30
30
60
C0
ENDCHAR
STARTCHAR 203B
ENCODING 8251
SWIDTH 1312 0
DWIDTH 21 0
BBX 17 18 2 -3
BITMAP
408000
C1C180
608300
300600
180C00
0C1800
063000
036000
C1C180
E1C380
43E180
077000
0E3800
1C1C00
380E00
708700
E1C380
408100
ENDCHAR
STARTCHAR 203C
ENCODING 8252
SWIDTH 687 0
DWIDTH 11 0
BBX 7 13 2 0
BITMAP
C6
C6
C6
C6
C6
C6
C6
C6
00
00
C6
C6
C6
ENDCHAR
STARTCHAR 203D
ENCODING 8253
SWIDTH 687 0
DWIDTH 11 0
BBX 8 13 2 0
BITMAP
DE
FF
F3
63
63
63
6E
7C
38
00
38
38
38
ENDCHAR
STARTCHAR 203E
ENCODING 8254
SWIDTH 687 0
DWIDTH 11 0
BBX 7 2 2 11
BITMAP
FE
FE
ENDCHAR
STARTCHAR 203F
ENCODING 8255
SWIDTH 687 0
DWIDTH 11 0
BBX 7 3 2 -1
BITMAP
80
FE
7C
ENDCHAR
STARTCHAR 2040
ENCODING 8256
SWIDTH 687 0
DWIDTH 11 0
BBX 7 3 2 11
BITMAP
38
FE
84
ENDCHAR
STARTCHAR 2041
ENCODING 8257
SWIDTH 687 0
DWIDTH 11 0
BBX 8 8 1 -4
BITMAP
01
03
06
0C
1C
36
63
C1
ENDCHAR
STARTCHAR 2042
ENCODING 8258
SWIDTH 1250 0
DWIDTH 20 0
BBX 18 15 1 -2
BITMAP
00C000
00C000
02D000
03F800
01E000
03E000
1FFE00
18C600
FFFFC0
7C0F80
3C0F00
FF3FC0
DA16C0
180600
180600
ENDCHAR
STARTCHAR 2043
ENCODING 8259
SWIDTH 687 0
DWIDTH 11 0
BBX 7 2 2 5
BITMAP
FE
FE
ENDCHAR
STARTCHAR 2044
ENCODING 8260
SWIDTH 687 0
DWIDTH 11 0
BBX 7 17 2 -2
BITMAP
06
06
0C
0C
0C
18
18
18
30
30
30
60
60
60
C0
C0
C0
ENDCHAR
STARTCHAR 2045
ENCODING 8261
SWIDTH 687 0
DWIDTH 11 0
BBX 6 17 3 -2
BITMAP
FC
FC
C0
C0
C0
C0
C0
C0
FC
FC
C0
C0
C0
C0
C0
FC
FC
ENDCHAR
STARTCHAR 2046
ENCODING 8262
SWIDTH 687 0
DWIDTH 11 0
BBX 6 17 2 -2
BITMAP
FC
FC
0C
0C
0C
0C
0C
0C
FC
FC
0C
0C
0C
0C
0C
FC
FC
ENDCHAR
STARTCHAR 2047
ENCODING 8263
SWIDTH 687 0
DWIDTH 11 0
BBX 9 13 1 0
BITMAP
7700
F780
9D80
1980
1980
1980
7380
6300
6300
0000
6300
6300
6300
ENDCHAR
STARTCHAR 2048
ENCODING 8264
SWIDTH 687 0
DWIDTH 11 0
BBX 8 13 1 0
BITMAP
73
FB
9B
1B
1B
1B
73
63
60
00
63
63
63
ENDCHAR
STARTCHAR 2049
ENCODING 8265
SWIDTH 687 0
DWIDTH 11 0
BBX 8 13 2 0
BITMAP
CE
CF
DB
C3
C3
C3
C7
C6
06
00
C6
C6
C6
ENDCHAR
STARTCHAR 204A
ENCODING 8266
SWIDTH 687 0
DWIDTH 11 0
BBX 7 9 2 0
BITMAP
FE
FE
0E
0C
0C
18
18
30
10
ENDCHAR
STARTCHAR 204B
ENCODING 8267
SWIDTH 687 0
DWIDTH 11 0
BBX 7 13 2 0
BITMAP
FC
9E
9E
9E
9E
9E
9C
90
90
90
90
90
90
ENDCHAR
STARTCHAR 204C
ENCODING 8268
SWIDTH 687 0
DWIDTH 11 0
BBX 7 8 2 2
BITMAP
7E
7A
FA
FA
FA
FA
FA
7E
ENDCHAR
STARTCHAR 204D
ENCODING 8269
SWIDTH 687 0
DWIDTH 11 0
BBX 7 8 2 2
BITMAP
F8
BC
BE
BE
BE
BE
BC
FC
ENDCHAR
STARTCHAR 204E
ENCODING 8270
SWIDTH 625 0
DWIDTH 10 0
BBX 8 9 1 1
BITMAP
18
18
DB
7E
3C
7E
DB
18
18
ENDCHAR
STARTCHAR 204F
ENCODING 8271
SWIDTH 687 0
DWIDTH 11 0
BBX 3 12 4 -4
BITMAP
E0
E0
E0
00
00
00
E0
E0
E0
C0
60
60
ENDCHAR
STARTCHAR 2050
ENCODING 8272
SWIDTH 687 0
DWIDTH 11 0
BBX 7 15 2 -1
BITMAP
7C
FE
80
00
00
00
00
00
00
00
00
00
80
FE
7C
ENDCHAR
STARTCHAR 2051
ENCODING 8273
SWIDTH 625 0
DWIDTH 10 0
BBX 8 14 1 -1
BITMAP
18
18
DB
FF
3C
7E
FF
18
FF
3C
7E
FF
18
18
ENDCHAR
STARTCHAR 2052
ENCODING 8274
SWIDTH 625 0
DWIDTH 10 0
BBX 7 13 1 0
BITMAP
E6
E4
EC
0C
18
18
10
30
30
60
6E
4E
CE
ENDCHAR
STARTCHAR 2053
ENCODING 8275
SWIDTH 1312 0
DWIDTH 21 0
BBX 19 5 1 3
BITMAP
0F0000
3FC060
70E1C0
C07F80
001E00
ENDCHAR
STARTCHAR 2054
ENCODING 8276
SWIDTH 687 0
DWIDTH 11 0
BBX 7 3 2 -1
BITMAP
38
FE
84
ENDCHAR
STARTCHAR 2055
ENCODING 8277
SWIDTH 625 0
DWIDTH 10 0
BBX 8 9 1 3
BITMAP
18
5A
7E
3C
FF
FF
7E
5A
18
ENDCHAR
STARTCHAR 2056
ENCODING 8278
SWIDTH 625 0
DWIDTH 10 0
BBX 8 9 1 0
BITMAP
07
07
07
E0
E0
E0
07
07
07
ENDCHAR
STARTCHAR 2057
ENCODING 8279
SWIDTH 687 0
DWIDTH 11 0
BBX 12 6 -1 8
BITMAP
36D0
6DB0
6DB0
6920
5B60
DB60
ENDCHAR
STARTCHAR 2058
ENCODING 8280
SWIDTH 687 0
DWIDTH 11 0
BBX 9 9 1 0
BITMAP
1C00
1C00
1C00
E180
E380
E180
1C00
1C00
1C00
ENDCHAR
STARTCHAR 2059
ENCODING 8281
SWIDTH 687 0
DWIDTH 11 0
BBX 9 9 1 0
BITMAP
E180
E380
E180
1C00
1C00
1C00
E180
E380
E180
ENDCHAR
STARTCHAR 205A
ENCODING 8282
SWIDTH 687 0
DWIDTH 11 0
BBX 3 13 4 0
BITMAP
E0
E0
E0
00
00
00
00
00
00
00
E0
E0
E0
ENDCHAR
STARTCHAR 205B
ENCODING 8283
SWIDTH 687 0
DWIDTH 11 0
BBX 9 13 1 0
BITMAP
1C00
1C00
1C00
0000
0000
E180
E380
E180
0000
0000
1C00
1C00
1C00
ENDCHAR
STARTCHAR 205C
ENCODING 8284
SWIDTH 687 0
DWIDTH 11 0
BBX 9 9 1 0
BITMAP
1800
5B00
5B00
1800
FF80
FF80
5B00
5B00
1800
ENDCHAR
STARTCHAR 205D
ENCODING 8285
SWIDTH 687 0
DWIDTH 11 0
BBX 2 9 4 0
BITMAP
C0
40
00
40
C0
00
00
40
C0
ENDCHAR
STARTCHAR 205E
ENCODING 8286
SWIDTH 687 0
DWIDTH 11 0
BBX 2 12 4 -2
BITMAP
C0
40
00
40
C0
00
00
C0
40
00
40
C0
ENDCHAR
STARTCHAR 205F
ENCODING 8287
SWIDTH 687 0
DWIDTH 11 0
BBX 0 0 0 0
BITMAP
ENDCHAR
STARTCHAR 2060
ENCODING 8288
SWIDTH 0 0
DWIDTH 0 0
BBX 0 0 0 0
BITMAP
ENDCHAR
STARTCHAR 2061
ENCODING 8289
SWIDTH 0 0
DWIDTH 0 0
BBX 0 0 0 0
BITMAP
ENDCHAR
STARTCHAR 2062
ENCODING 8290
SWIDTH 0 0
DWIDTH 0 0
BBX 0 0 0 0
BITMAP
ENDCHAR
STARTCHAR 2063
ENCODING 8291
SWIDTH 0 0
DWIDTH 0 0
BBX 0 0 0 0
BITMAP
ENDCHAR
STARTCHAR 2064
ENCODING 8292
SWIDTH 0 0
DWIDTH 0 0
BBX 0 0 0 0
BITMAP
ENDCHAR
STARTCHAR 2070
ENCODING 8304
SWIDTH 625 0
DWIDTH 10 0
BBX 5 8 3 5
BITMAP
70
D8
98
B8
E8
C8
D8
70
ENDCHAR
STARTCHAR 2071
ENCODING 8305
SWIDTH 687 0
DWIDTH 11 0
BBX 5 9 3 5
BITMAP
20
60
00
E0
20
20
20
20
F8
ENDCHAR
STARTCHAR 2074
ENCODING 8308
SWIDTH 625 0
DWIDTH 10 0
BBX 6 8 2 5
BITMAP
18
38
28
68
C8
FC
08
1C
ENDCHAR
STARTCHAR 2075
ENCODING 8309
SWIDTH 687 0
DWIDTH 11 0
BBX 5 8 3 5
BITMAP
F8
98
80
F0
18
08
18
F0
ENDCHAR
STARTCHAR 2076
ENCODING 8310
SWIDTH 625 0
DWIDTH 10 0
BBX 5 8 3 5
BITMAP
70
D8
80
B0
D8
88
98
70
ENDCHAR
STARTCHAR 2077
ENCODING 8311
SWIDTH 625 0
DWIDTH 10 0
BBX 6 8 2 5
BITMAP
FC
88
18
18
10
30
20
60
ENDCHAR
STARTCHAR 2078
ENCODING 8312
SWIDTH 687 0
DWIDTH 11 0
BBX 5 8 3 5
BITMAP
F0
98
98
70
D8
88
D8
70
ENDCHAR
STARTCHAR 2079
ENCODING 8313
SWIDTH 625 0
DWIDTH 10 0
BBX 5 8 3 5
BITMAP
70
C8
88
88
F8
08
98
F0
ENDCHAR
STARTCHAR 207A
ENCODING 8314
SWIDTH 625 0
DWIDTH 10 0
BBX 6 6 2 6
BITMAP
20
20
20
FC
20
20
ENDCHAR
STARTCHAR 207B
ENCODING 8315
SWIDTH 625 0
DWIDTH 10 0
BBX 6 1 2 8
BITMAP
FC
ENDCHAR
STARTCHAR 207C
ENCODING 8316
SWIDTH 625 0
DWIDTH 10 0
BBX 6 4 2 7
BITMAP
FC
00
00
FC
ENDCHAR
STARTCHAR 207D
ENCODING 8317
SWIDTH 687 0
DWIDTH 11 0
BBX 4 11 3 4
BITMAP
30
E0
80
80
80
80
80
80
80
C0
70
ENDCHAR
STARTCHAR 207E
ENCODING 8318
SWIDTH 687 0
DWIDTH 11 0
BBX 4 11 4 4
BITMAP
C0
60
30
10
10
10
10
10
30
30
E0
ENDCHAR
STARTCHAR 207F
ENCODING 8319
SWIDTH 687 0
DWIDTH 11 0
BBX 7 6 2 5
BITMAP
D8
6C
44
44
44
EE
ENDCHAR
STARTCHAR 2080
ENCODING 8320
SWIDTH 625 0
DWIDTH 10 0
BBX 5 8 3 -2
BITMAP
70
98
98
A8
E8
C8
98
70
ENDCHAR
STARTCHAR 2081
ENCODING 8321
SWIDTH 687 0
DWIDTH 11 0
BBX 5 8 3 -2
BITMAP
60
E0
20
20
20
20
20
F8
ENDCHAR
STARTCHAR 2082
ENCODING 8322
SWIDTH 687 0
DWIDTH 11 0
BBX 5 8 3 -2
BITMAP
F0
98
08
18
70
C0
88
F8
ENDCHAR
STARTCHAR 2083
ENCODING 8323
SWIDTH 625 0
DWIDTH 10 0
BBX 6 8 2 -2
BITMAP
FC
88
30
38
0C
04
CC
78
ENDCHAR
STARTCHAR 2084
ENCODING 8324
SWIDTH 625 0
DWIDTH 10 0
BBX 6 8 2 -2
BITMAP
18
38
28
68
C8
FC
08
1C
ENDCHAR
STARTCHAR 2085
ENCODING 8325
SWIDTH 687 0
DWIDTH 11 0
BBX 5 8 3 -2
BITMAP
F8
98
80
F0
18
08
18
F0
ENDCHAR
STARTCHAR 2086
ENCODING 8326
SWIDTH 625 0
DWIDTH 10 0
BBX 5 8 3 -2
BITMAP
70
98
80
B8
D8
88
98
70
ENDCHAR
STARTCHAR 2087
ENCODING 8327
SWIDTH 625 0
DWIDTH 10 0
BBX 6 8 2 -2
BITMAP
FC
88
18
18
10
30
20
60
ENDCHAR
STARTCHAR 2088
ENCODING 8328
SWIDTH 687 0
DWIDTH 11 0
BBX 5 8 3 -2
BITMAP
F0
98
98
70
D8
88
98
70
ENDCHAR
STARTCHAR 2089
ENCODING 8329
SWIDTH 625 0
DWIDTH 10 0
BBX 5 8 3 -2
BITMAP
70
C8
88
88
F8
08
98
F0
ENDCHAR
STARTCHAR 208A
ENCODING 8330
SWIDTH 625 0
DWIDTH 10 0
BBX 6 6 2 -1
BITMAP
20
20
20
FC
20
20
ENDCHAR
STARTCHAR 208B
ENCODING 8331
SWIDTH 625 0
DWIDTH 10 0
BBX 6 1 2 2
BITMAP
FC
ENDCHAR
STARTCHAR 208C
ENCODING 8332
SWIDTH 625 0
DWIDTH 10 0
BBX 6 4 2 0
BITMAP
FC
00
00
FC
ENDCHAR
STARTCHAR 208D
ENCODING 8333
SWIDTH 687 0
DWIDTH 11 0
BBX 4 11 3 -3
BITMAP
30
E0
80
80
80
80
80
80
80
C0
70
ENDCHAR
STARTCHAR 208E
ENCODING 8334
SWIDTH 687 0
DWIDTH 11 0
BBX 4 11 4 -3
BITMAP
C0
60
30
10
10
10
10
10
30
30
C0
ENDCHAR
STARTCHAR 2090
ENCODING 8336
SWIDTH 625 0
DWIDTH 10 0
BBX 7 6 2 -2
BITMAP
78
88
7C
CC
8C
7E
ENDCHAR
STARTCHAR 2091
ENCODING 8337
SWIDTH 625 0
DWIDTH 10 0
BBX 6 6 2 -2
BITMAP
78
CC
8C
FC
CC
78
ENDCHAR
STARTCHAR 2092
ENCODING 8338
SWIDTH 625 0
DWIDTH 10 0
BBX 5 6 3 -2
BITMAP
70
98
88
88
98
70
ENDCHAR
STARTCHAR 2093
ENCODING 8339
SWIDTH 687 0
DWIDTH 11 0
BBX 7 6 2 -2
BITMAP
EE
28
30
30
28
EE
ENDCHAR
STARTCHAR 2094
ENCODING 8340
SWIDTH 625 0
DWIDTH 10 0
BBX 6 6 2 -2
BITMAP
B8
4C
0C
FC
CC
78
ENDCHAR
STARTCHAR 2095
ENCODING 8341
SWIDTH 687 0
DWIDTH 11 0
BBX 7 8 2 -2
BITMAP
C0
40
58
6C
44
44
44
EE
ENDCHAR
STARTCHAR 2096
ENCODING 8342
SWIDTH 687 0
DWIDTH 11 0
BBX 7 8 2 -2
BITMAP
C0
40
4E
58
70
78
48
E6
ENDCHAR
STARTCHAR 2097
ENCODING 8343
SWIDTH 687 0
DWIDTH 11 0
BBX 5 8 3 -2
BITMAP
E0
20
20
20
20
20
20
F8
ENDCHAR
STARTCHAR 2098
ENCODING 8344
SWIDTH 687 0
DWIDTH 11 0
BBX 8 6 2 -2
BITMAP
FE
52
52
52
52
D3
ENDCHAR
STARTCHAR 2099
ENCODING 8345
SWIDTH 687 0
DWIDTH 11 0
BBX 7 6 2 -2
BITMAP
D8
6C
44
44
44
EE
ENDCHAR
STARTCHAR 209A
ENCODING 8346
SWIDTH 625 0
DWIDTH 10 0
BBX 6 8 2 -4
BITMAP
D8
6C
44
44
6C
58
40
E0
ENDCHAR
STARTCHAR 209B
ENCODING 8347
SWIDTH 625 0
DWIDTH 10 0
BBX 6 6 2 -2
BITMAP
7C
CC
E0
38
8C
F8
ENDCHAR
STARTCHAR 209C
ENCODING 8348
SWIDTH 687 0
DWIDTH 11 0
BBX 6 8 3 -2
BITMAP
40
40
F8
40
40
40
6C
38
ENDCHAR
STARTCHAR 20A1
ENCODING 8353
SWIDTH 687 0
DWIDTH 11 0
BBX 9 15 1 -1
BITMAP
0580
7F00
7F00
CB00
DA00
D400
D400
E400
E800
E800
D000
D700
FE00
BC00
A000
ENDCHAR
STARTCHAR 20A3
ENCODING 8355
SWIDTH 687 0
DWIDTH 11 0
BBX 8 13 1 0
BITMAP
7F
7F
63
60
60
F8
F8
F8
F8
60
60
78
78
ENDCHAR
STARTCHAR 20A4
ENCODING 8356
SWIDTH 687 0
DWIDTH 11 0
BBX 7 13 2 0
BITMAP
3C
7C
66
60
60
F8
F8
F8
F8
60
66
FE
FE
ENDCHAR
STARTCHAR 20A5
ENCODING 8357
SWIDTH 687 0
DWIDTH 11 0
BBX 11 11 0 -1
BITMAP
0180
FB80
FFC0
6EC0
6EC0
6CC0
6CC0
6CC0
FCE0
FCE0
2000
ENDCHAR
STARTCHAR 20A6
ENCODING 8358
SWIDTH 687 0
DWIDTH 11 0
BBX 9 13 1 0
BITMAP
7700
7700
7300
7300
FF80
FF80
6B00
FF80
FF80
6700
6700
7700
7700
ENDCHAR
STARTCHAR 20A7
ENCODING 8359
SWIDTH 750 0
DWIDTH 12 0
BBX 10 13 1 0
BITMAP
F300
FB00
DB00
DB00
DBC0
DBC0
FB00
F300
C300
C300
C340
E3C0
E180
ENDCHAR
STARTCHAR 20A8
ENCODING 8360
SWIDTH 625 0
DWIDTH 10 0
BBX 10 13 0 0
BITMAP
F000
F000
D000
D800
CBC0
D3C0
F240
E300
F180
F0C0
D240
DBC0
DB80
ENDCHAR
STARTCHAR 20A9
ENCODING 8361
SWIDTH 750 0
DWIDTH 12 0
BBX 10 13 1 0
BITMAP
E1C0
E1C0
4080
6180
FFC0
FFC0
6D80
7F80
FFC0
3300
3300
3300
3300
ENDCHAR
STARTCHAR 20AA
ENCODING 8362
SWIDTH 687 0
DWIDTH 11 0
BBX 9 9 1 0
BITMAP
FD80
FF80
C780
F780
F780
F780
F180
F380
FF00
ENDCHAR
STARTCHAR 20AB
ENCODING 8363
SWIDTH 687 0
DWIDTH 11 0
BBX 9 17 1 -4
BITMAP
0E00
0E00
0600
0F80
7600
FE00
C600
C600
C600
C600
C600
FF00
7700
0000
0000
FE00
FE00
ENDCHAR
STARTCHAR 20AC
ENCODING 8364
SWIDTH 750 0
DWIDTH 12 0
BBX 9 13 1 0
BITMAP
3D80
3F80
6180
6000
6000
F800
6000
F800
F800
6000
6180
3F00
1E00
ENDCHAR
STARTCHAR 20AD
ENCODING 8365
SWIDTH 687 0
DWIDTH 11 0
BBX 9 13 1 0
BITMAP
6380
6380
6600
6600
6C00
6C00
FF80
FF80
6C00
6600
6600
6300
6300
ENDCHAR
STARTCHAR 20AE
ENCODING 8366
SWIDTH 750 0
DWIDTH 12 0
BBX 8 13 2 0
BITMAP
FF
FF
DB
18
1C
7C
78
1C
78
58
18
7C
7C
ENDCHAR
STARTCHAR 20AF
ENCODING 8367
SWIDTH 687 0
DWIDTH 11 0
BBX 11 17 -1 -4
BITMAP
F000
F800
6C00
6C00
6DC0
6FE0
6F60
6F60
6F60
6F60
6F60
FBE0
F3C0
0300
0300
0300
0300
ENDCHAR
STARTCHAR 20B1
ENCODING 8369
SWIDTH 625 0
DWIDTH 10 0
BBX 9 13 1 0
BITMAP
FC00
FE00
6700
FF80
6300
FF80
7F00
7E00
6000
6000
6000
F000
F000
ENDCHAR
STARTCHAR 20B2
ENCODING 8370
SWIDTH 625 0
DWIDTH 10 0
BBX 9 15 1 -1
BITMAP
1000
3C00
7E00
D600
D000
D000
D000
DF80
DF80
D600
D600
D600
FE00
7600
1000
ENDCHAR
STARTCHAR 20B3
ENCODING 8371
SWIDTH 687 0
DWIDTH 11 0
BBX 9 13 1 0
BITMAP
0800
1C00
1C00
1400
1400
FF80
3600
FF80
FF80
7700
6300
F780
F780
ENDCHAR
STARTCHAR 20B4
ENCODING 8372
SWIDTH 687 0
DWIDTH 11 0
BBX 9 13 1 0
BITMAP
7E00
7F00
6300
0300
FF80
FF80
3E00
FF80
FF80
6000
6300
7F00
3F00
ENDCHAR
STARTCHAR 20B5
ENCODING 8373
SWIDTH 687 0
DWIDTH 11 0
BBX 8 15 1 -1
BITMAP
10
7B
7F
F3
D0
D0
D0
D0
D0
D0
D0
D7
7E
3C
10
ENDCHAR
STARTCHAR 20B8
ENCODING 8376
SWIDTH 750 0
DWIDTH 12 0
BBX 8 13 2 0
BITMAP
FF
FF
00
FF
FF
DB
18
18
18
18
18
7C
7C
ENDCHAR
STARTCHAR 20B9
ENCODING 8377
SWIDTH 687 0
DWIDTH 11 0
BBX 8 12 2 0
BITMAP
FE
FE
1C
FE
FE
1C
F8
30
38
18
0F
07
ENDCHAR
STARTCHAR 20BA
ENCODING 8378
SWIDTH 687 0
DWIDTH 11 0
BBX 8 13 1 0
BITMAP
78
78
30
30
3C
78
F0
3C
F8
70
33
7F
7E
ENDCHAR
STARTCHAR 20BC
ENCODING 8380
SWIDTH 750 0
DWIDTH 12 0
BBX 10 11 1 0
BITMAP
0C00
0C00
1E00
3F00
6D80
6D80
6D80
6D80
6D80
E1C0
E1C0
ENDCHAR
STARTCHAR 20BD
ENCODING 8381
SWIDTH 625 0
DWIDTH 10 0
BBX 8 13 1 0
BITMAP
FC
FE
63
63
63
63
FE
FC
60
FE
FE
F0
F0
ENDCHAR
STARTCHAR 20BE
ENCODING 8382
SWIDTH 687 0
DWIDTH 11 0
BBX 9 14 1 0
BITMAP
3C00
3E00
7F00
FF80
FD80
FC00
FC00
C000
C000
C000
C000
6000
FF80
FF80
ENDCHAR
STARTCHAR 20BF
ENCODING 8383
SWIDTH 687 0
DWIDTH 11 0
BBX 9 16 1 -2
BITMAP
1400
FC00
FE00
6300
6300
6300
6300
7E00
7F00
6180
6180
6180
FF00
FC00
1400
1400
ENDCHAR
STARTCHAR 20C0
ENCODING 8384
SWIDTH 687 0
DWIDTH 11 0
BBX 8 13 1 -4
BITMAP
7B
7F
C3
C0
C0
C0
C7
7E
3C
00
00
FF
FF
ENDCHAR
STARTCHAR 20D0
ENCODING 8400
SWIDTH 0 0
DWIDTH 0 0
BBX 6 1 -8 11
BITMAP
FC
ENDCHAR
STARTCHAR 20D1
ENCODING 8401
SWIDTH 0 0
DWIDTH 0 0
BBX 6 2 -8 10
BITMAP
08
FC
ENDCHAR
STARTCHAR 20D2
ENCODING 8402
SWIDTH 0 0
DWIDTH 0 0
BBX 1 14 -6 -3
BITMAP
80
80
80
80
80
80
80
80
80
80
80
80
80
80
ENDCHAR
STARTCHAR 20D3
ENCODING 8403
SWIDTH 0 0
DWIDTH 0 0
BBX 1 10 -6 -1
BITMAP
80
80
80
80
80
80
80
80
80
80
ENDCHAR
STARTCHAR 20D6
ENCODING 8406
SWIDTH 0 0
DWIDTH 0 0
BBX 6 2 -8 9
BITMAP
80
FC
ENDCHAR
STARTCHAR 20D7
ENCODING 8407
SWIDTH 0 0
DWIDTH 0 0
BBX 6 3 -8 9
BITMAP
08
FC
08
ENDCHAR
STARTCHAR 20D8
ENCODING 8408
SWIDTH 0 0
DWIDTH 0 0
BBX 5 6 -3 -3
BITMAP
70
D8
88
88
D8
70
ENDCHAR
STARTCHAR 20DB
ENCODING 8411
SWIDTH 0 0
DWIDTH 0 0
BBX 10 2 -10 10
BITMAP
CCC0
CCC0
ENDCHAR
STARTCHAR 20DC
ENCODING 8412
SWIDTH 0 0
DWIDTH 0 0
BBX 14 2 -12 10
BITMAP
CCCC
CCCC
ENDCHAR
STARTCHAR 20DD
ENCODING 8413
SWIDTH 0 0
DWIDTH 0 0
BBX 19 19 -15 -5
BITMAP
03F800
0C0600
100100
200080
400040
400040
800020
800020
800020
800020
800020
800020
800020
400040
400040
200080
300180
0C0600
03F800
ENDCHAR
STARTCHAR 20E1
ENCODING 8417
SWIDTH 0 0
DWIDTH 0 0
BBX 6 3 -8 9
BITMAP
88
FC
08
ENDCHAR
STARTCHAR 20E5
ENCODING 8421
SWIDTH 0 0
DWIDTH 0 0
BBX 6 14 -8 -3
BITMAP
80
80
C0
40
40
20
20
30
10
10
08
08
0C
04
ENDCHAR
STARTCHAR 20E6
ENCODING 8422
SWIDTH 0 0
DWIDTH 0 0
BBX 3 14 -7 -3
BITMAP
A0
A0
A0
A0
A0
A0
A0
A0
A0
A0
A0
A0
A0
A0
ENDCHAR
STARTCHAR 20E8
ENCODING 8424
SWIDTH 0 0
DWIDTH 0 0
BBX 10 2 -10 -3
BITMAP
CCC0
CCC0
ENDCHAR
STARTCHAR 20E9
ENCODING 8425
SWIDTH 0 0
DWIDTH 0 0
BBX 11 2 -11 10
BITMAP
FFE0
C060
ENDCHAR
STARTCHAR 20EB
ENCODING 8427
SWIDTH 0 0
DWIDTH 0 0
BBX 9 14 -10 -3
BITMAP
0280
0500
0500
0D00
0A00
0A00
1400
1400
3400
2800
2800
5000
5000
D000
ENDCHAR
STARTCHAR 20EC
ENCODING 8428
SWIDTH 0 0
DWIDTH 0 0
BBX 6 2 -8 -4
BITMAP
FC
08
ENDCHAR
STARTCHAR 20ED
ENCODING 8429
SWIDTH 0 0
DWIDTH 0 0
BBX 6 1 -8 -4
BITMAP
FC
ENDCHAR
STARTCHAR 20EE
ENCODING 8430
SWIDTH 0 0
DWIDTH 0 0
BBX 6 2 -8 -4
BITMAP
80
FC
ENDCHAR
STARTCHAR 20EF
ENCODING 8431
SWIDTH 0 0
DWIDTH 0 0
BBX 6 3 -8 -4
BITMAP
08
FC
08
ENDCHAR
STARTCHAR 20F0
ENCODING 8432
SWIDTH 0 0
DWIDTH 0 0
BBX 3 3 -7 10
BITMAP
40
E0
E0
ENDCHAR
STARTCHAR 2100
ENCODING 8448
SWIDTH 687 0
DWIDTH 11 0
BBX 7 13 2 -1
BITMAP
78
0C
7C
4C
7C
00
FE
00
3C
6C
40
6C
38
ENDCHAR
STARTCHAR 2101
ENCODING 8449
SWIDTH 687 0
DWIDTH 11 0
BBX 7 13 2 -1
BITMAP
78
0C
7C
4C
7C
00
FE
00
34
4C
38
4C
78
ENDCHAR
STARTCHAR 2102
ENCODING 8450
SWIDTH 687 0
DWIDTH 11 0
BBX 7 12 2 0
BITMAP
7C
E6
A2
A0
A0
A0
A0
A0
A0
A2
E6
7C
ENDCHAR
STARTCHAR 2103
ENCODING 8451
SWIDTH 687 0
DWIDTH 11 0
BBX 10 12 1 0
BITMAP
E3C0
A7C0
66C0
0600
0600
0600
0600
0600
0600
06C0
07C0
0380
ENDCHAR
STARTCHAR 2105
ENCODING 8453
SWIDTH 687 0
DWIDTH 11 0
BBX 7 13 2 -1
BITMAP
3C
6C
40
6C
38
00
FE
00
38
6C
4C
6C
38
ENDCHAR
STARTCHAR 2106
ENCODING 8454
SWIDTH 687 0
DWIDTH 11 0
BBX 7 13 2 -1
BITMAP
3C
6C
40
4C
38
00
FE
00
4C
4C
4C
4C
3C
ENDCHAR
STARTCHAR 2107
ENCODING 8455
SWIDTH 687 0
DWIDTH 11 0
BBX 8 12 1 0
BITMAP
3B
7F
C3
C0
E0
78
78
C0
C0
C3
7F
3C
ENDCHAR
STARTCHAR 2108
ENCODING 8456
SWIDTH 687 0
DWIDTH 11 0
BBX 8 12 1 0
BITMAP
DC
FE
C3
03
03
1F
1F
03
03
C3
7E
3C
ENDCHAR
STARTCHAR 2109
ENCODING 8457
SWIDTH 687 0
DWIDTH 11 0
BBX 9 12 1 0
BITMAP
E000
A780
E680
0600
0600
0700
0700
0600
0600
0600
0700
0700
ENDCHAR
STARTCHAR 210C
ENCODING 8460
SWIDTH 687 0
DWIDTH 11 0
BBX 7 16 2 -4
BITMAP
3E
6E
C0
C0
CC
FE
C6
C2
C2
82
CC
F4
04
0C
06
06
ENDCHAR
STARTCHAR 210D
ENCODING 8461
SWIDTH 687 0
DWIDTH 11 0
BBX 7 12 2 0
BITMAP
EE
AA
AA
AA
AA
BA
AA
AA
AA
AA
AA
EE
ENDCHAR
STARTCHAR 210E
ENCODING 8462
SWIDTH 687 0
DWIDTH 11 0
BBX 9 12 0 0
BITMAP
3800
3000
3000
3000
3F00
3380
3180
6180
6180
6300
F780
F780
ENDCHAR
STARTCHAR 210F
ENCODING 8463
SWIDTH 687 0
DWIDTH 11 0
BBX 9 12 0 0
BITMAP
3800
3000
7C00
3000
3F00
3180
3180
6180
6180
6300
F780
F780
ENDCHAR
STARTCHAR 2111
ENCODING 8465
SWIDTH 687 0
DWIDTH 11 0
BBX 8 12 1 0
BITMAP
39
5E
8C
C7
49
48
0E
0F
43
C1
62
7C
ENDCHAR
STARTCHAR 2113
ENCODING 8467
SWIDTH 687 0
DWIDTH 11 0
BBX 7 12 2 0
BITMAP
18
34
34
34
34
3C
38
30
F0
32
3E
1C
ENDCHAR
STARTCHAR 2115
ENCODING 8469
SWIDTH 687 0
DWIDTH 11 0
BBX 7 12 2 0
BITMAP
C2
C2
A2
F2
D2
FA
AA
96
9E
8A
8E
86
ENDCHAR
STARTCHAR 2116
ENCODING 8470
SWIDTH 687 0
DWIDTH 11 0
BBX 10 12 0 0
BITMAP
B800
F800
D000
D180
D3C0
B2C0
B240
B240
B3C0
B380
D000
D3C0
ENDCHAR
STARTCHAR 2117
ENCODING 8471
SWIDTH 687 0
DWIDTH 11 0
BBX 8 14 1 -2
BITMAP
3E
43
81
BD
A5
A5
BD
A1
A1
B1
81
81
42
3C
ENDCHAR
STARTCHAR 2118
ENCODING 8472
SWIDTH 687 0
DWIDTH 11 0
BBX 7 13 2 -4
BITMAP
08
BC
A6
C6
C6
C6
D6
FE
EC
E0
E0
E0
E0
ENDCHAR
STARTCHAR 2119
ENCODING 8473
SWIDTH 687 0
DWIDTH 11 0
BBX 7 12 2 0
BITMAP
FC
AE
AA
AA
AA
AE
BC
A0
A0
A0
A0
E0
ENDCHAR
STARTCHAR 211A
ENCODING 8474
SWIDTH 687 0
DWIDTH 11 0
BBX 7 15 2 -3
BITMAP
7C
EE
AA
AA
AA
AA
AA
AA
AA
AA
EE
7C
28
38
1C
ENDCHAR
STARTCHAR 211C
ENCODING 8476
SWIDTH 687 0
DWIDTH 11 0
BBX 10 12 1 0
BITMAP
6600
FF00
B300
F100
7200
B600
3F00
2300
2100
4100
E540
7980
ENDCHAR
STARTCHAR 211D
ENCODING 8477
SWIDTH 687 0
DWIDTH 11 0
BBX 7 12 2 0
BITMAP
FC
AE
AA
AA
AA
AE
BC
B8
A8
B4
BC
EE
ENDCHAR
STARTCHAR 2120
ENCODING 8480
SWIDTH 687 0
DWIDTH 11 0
BBX 9 5 1 8
BITMAP
F580
8780
6780
1480
F480
ENDCHAR
STARTCHAR 2121
ENCODING 8481
SWIDTH 687 0
DWIDTH 11 0
BBX 10 12 0 0
BITMAP
E000
E000
E000
4000
4EC0
4EC0
4880
4C80
4C80
4A80
CEC0
CEC0
ENDCHAR
STARTCHAR 2122
ENCODING 8482
SWIDTH 687 0
DWIDTH 11 0
BBX 9 5 1 8
BITMAP
F480
4580
4780
4480
6480
ENDCHAR
STARTCHAR 2124
ENCODING 8484
SWIDTH 687 0
DWIDTH 11 0
BBX 7 12 2 0
BITMAP
FE
0A
0A
14
14
28
28
50
50
A0
A0
FE
ENDCHAR
STARTCHAR 2126
ENCODING 8486
SWIDTH 687 0
DWIDTH 11 0
BBX 7 12 2 0
BITMAP
7C
7C
C6
C6
C6
C6
C6
C6
C6
EE
EE
EE
ENDCHAR
STARTCHAR 2127
ENCODING 8487
SWIDTH 687 0
DWIDTH 11 0
BBX 7 12 2 0
BITMAP
EE
EE
6C
C6
C6
C6
C6
C6
C6
C6
7C
78
ENDCHAR
STARTCHAR 2128
ENCODING 8488
SWIDTH 687 0
DWIDTH 11 0
BBX 8 13 1 -1
BITMAP
39
7E
8C
08
10
1E
2F
03
03
43
E2
7C
10
ENDCHAR
STARTCHAR 2129
ENCODING 8489
SWIDTH 687 0
DWIDTH 11 0
BBX 7 8 1 0
BITMAP
F0
F8
18
18
18
18
1E
1E
ENDCHAR
STARTCHAR 212A
ENCODING 8490
SWIDTH 687 0
DWIDTH 11 0
BBX 8 12 2 0
BITMAP
C7
C7
CC
CC
D8
F8
F0
D8
DC
CC
CE
C6
ENDCHAR
STARTCHAR 212B
ENCODING 8491
SWIDTH 687 0
DWIDTH 11 0
BBX 9 16 1 0
BITMAP
1C00
1400
1C00
0000
1C00
1C00
1C00
1C00
3600
3600
3600
3E00
7F00
6300
F780
F780
ENDCHAR
STARTCHAR 212D
ENCODING 8493
SWIDTH 687 0
DWIDTH 11 0
BBX 7 12 2 0
BITMAP
6E
9C
A0
A0
B0
B0
98
90
90
C2
E4
7C
ENDCHAR
STARTCHAR 212E
ENCODING 8494
SWIDTH 1312 0
DWIDTH 21 0
BBX 13 12 4 0
BITMAP
0F80
3060
4010
4010
C018
FFF8
C000
C000
4000
4010
2020
1FC0
ENDCHAR
STARTCHAR 2132
ENCODING 8498
SWIDTH 687 0
DWIDTH 11 0
BBX 8 12 1 0
BITMAP
0F
0F
06
06
06
3E
3E
06
06
C6
FF
FF
ENDCHAR
STARTCHAR 2135
ENCODING 8501
SWIDTH 687 0
DWIDTH 11 0
BBX 7 12 2 0
BITMAP
C6
C6
66
66
3C
7C
7C
78
CC
CC
CE
C6
ENDCHAR
STARTCHAR 2136
ENCODING 8502
SWIDTH 687 0
DWIDTH 11 0
BBX 7 12 1 0
BITMAP
F8
FC
0C
0C
0C
0C
0C
0C
0C
0C
FE
FE
ENDCHAR
STARTCHAR 2137
ENCODING 8503
SWIDTH 687 0
DWIDTH 11 0
BBX 7 12 2 0
BITMAP
F0
F8
18
18
18
18
18
18
38
3C
EC
C6
ENDCHAR
STARTCHAR 2138
ENCODING 8504
SWIDTH 687 0
DWIDTH 11 0
BBX 7 12 2 0
BITMAP
FE
FE
18
18
18
18
18
18
18
18
18
18
ENDCHAR
STARTCHAR 2139
ENCODING 8505
SWIDTH 687 0
DWIDTH 11 0
BBX 6 12 2 0
BITMAP
30
30
30
00
F0
F0
30
30
30
30
FC
FC
ENDCHAR
STARTCHAR 213A
ENCODING 8506
SWIDTH 687 0
DWIDTH 11 0
BBX 9 8 1 1
BITMAP
0080
7F80
FF80
C780
C580
C180
FF00
7F00
ENDCHAR
STARTCHAR 213B
ENCODING 8507
SWIDTH 687 0
DWIDTH 11 0
BBX 11 12 0 0
BITMAP
E000
E000
A000
8000
8DA0
CCC0
CCC0
8C40
8C40
8EC0
DFE0
DFA0
ENDCHAR
STARTCHAR 213C
ENCODING 8508
SWIDTH 687 0
DWIDTH 11 0
BBX 8 8 1 0
BITMAP
FF
5A
5A
5A
5A
5A
5A
7E
ENDCHAR
STARTCHAR 213D
ENCODING 8509
SWIDTH 687 0
DWIDTH 11 0
BBX 8 11 1 -3
BITMAP
E1
F1
51
2B
2A
16
16
14
14
14
1C
ENDCHAR
STARTCHAR 213E
ENCODING 8510
SWIDTH 687 0
DWIDTH 11 0
BBX 6 12 3 0
BITMAP
FC
A0
A0
A0
A0
A0
A0
A0
A0
A0
A0
E0
ENDCHAR
STARTCHAR 213F
ENCODING 8511
SWIDTH 687 0
DWIDTH 11 0
BBX 7 12 2 0
BITMAP
FE
AA
AA
AA
AA
AA
AA
AA
AA
AA
AA
EE
ENDCHAR
STARTCHAR 2140
ENCODING 8512
SWIDTH 1312 0
DWIDTH 21 0
BBX 15 16 3 -3
BITMAP
FFFE
5800
2C00
1600
0B00
0580
02C0
0160
0140
02C0
0580
0B00
1600
2C00
5800
FFFE
ENDCHAR
STARTCHAR 2141
ENCODING 8513
SWIDTH 687 0
DWIDTH 11 0
BBX 9 12 0 0
BITMAP
6F00
7F80
7180
6180
6180
F980
F980
0180
0180
6180
3F00
1E00
ENDCHAR
STARTCHAR 2142
ENCODING 8514
SWIDTH 687 0
DWIDTH 11 0
BBX 7 12 1 0
BITMAP
FE
FE
06
06
06
06
06
06
06
06
06
06
ENDCHAR
STARTCHAR 2143
ENCODING 8515
SWIDTH 687 0
DWIDTH 11 0
BBX 7 12 1 0
BITMAP
06
06
06
06
06
06
06
06
06
06
FE
FE
ENDCHAR
STARTCHAR 2144
ENCODING 8516
SWIDTH 687 0
DWIDTH 11 0
BBX 8 12 1 0
BITMAP
18
18
18
18
18
18
3C
3C
3E
66
66
C3
ENDCHAR
STARTCHAR 2145
ENCODING 8517
SWIDTH 687 0
DWIDTH 11 0
BBX 9 12 0 0
BITMAP
3F00
2B80
2A80
2A80
2A80
7A80
5280
5780
5500
5500
5700
FC00
ENDCHAR
STARTCHAR 2146
ENCODING 8518
SWIDTH 687 0
DWIDTH 11 0
BBX 9 12 1 0
BITMAP
0380
0380
0700
3500
7D00
7500
E500
A700
AE00
AA00
AA00
7E00
ENDCHAR
STARTCHAR 2147
ENCODING 8519
SWIDTH 687 0
DWIDTH 11 0
BBX 8 8 1 0
BITMAP
3E
77
F5
BF
A0
A3
E2
7C
ENDCHAR
STARTCHAR 2148
ENCODING 8520
SWIDTH 687 0
DWIDTH 11 0
BBX 7 14 1 0
BITMAP
0C
12
12
0C
00
00
7C
14
3C
28
28
28
28
FC
ENDCHAR
STARTCHAR 2149
ENCODING 8521
SWIDTH 687 0
DWIDTH 11 0
BBX 10 18 -1 -4
BITMAP
0180
0240
0240
0180
0000
0000
0780
0280
0780
0580
0500
0500
0500
0500
0F00
8A00
CE00
7C00
ENDCHAR
STARTCHAR 214B
ENCODING 8523
SWIDTH 687 0
DWIDTH 11 0
BBX 8 12 1 0
BITMAP
6E
7F
63
63
63
FF
FE
63
03
03
7F
3E
ENDCHAR
STARTCHAR 214D
ENCODING 8525
SWIDTH 687 0
DWIDTH 11 0
BBX 7 17 2 -3
BITMAP
10
30
38
28
38
68
6C
00
FE
00
3C
6C
60
38
0C
6C
58
ENDCHAR
STARTCHAR 214E
ENCODING 8526
SWIDTH 687 0
DWIDTH 11 0
BBX 8 9 1 0
BITMAP
0F
0F
06
06
3E
3E
06
FF
FF
ENDCHAR
STARTCHAR 214F
ENCODING 8527
SWIDTH 1312 0
DWIDTH 21 0
BBX 18 4 1 0
BITMAP
3DEF00
252900
3DEF00
FFFFC0
ENDCHAR
STARTCHAR 2150
ENCODING 8528
SWIDTH 687 0
DWIDTH 11 0
BBX 7 17 2 -3
BITMAP
30
30
10
10
10
3C
3C
00
FE
FE
3C
3C
0C
08
18
10
10
ENDCHAR
STARTCHAR 2151
ENCODING 8529
SWIDTH 687 0
DWIDTH 11 0
BBX 7 17 2 -2
BITMAP
10
30
10
10
10
10
3C
3C
FE
FE
00
38
24
24
3C
04
3C
ENDCHAR
STARTCHAR 2152
ENCODING 8530
SWIDTH 687 0
DWIDTH 11 0
BBX 10 17 1 -3
BITMAP
1800
1800
0800
0800
0800
1E00
1E00
0000
7F00
7F00
6380
E6C0
66C0
67C0
6740
6640
F380
ENDCHAR
STARTCHAR 2153
ENCODING 8531
SWIDTH 687 0
DWIDTH 11 0
BBX 7 17 2 -3
BITMAP
30
30
10
10
10
3C
3C
00
FE
FE
7C
7C
10
3C
04
64
3C
ENDCHAR
STARTCHAR 2154
ENCODING 8532
SWIDTH 687 0
DWIDTH 11 0
BBX 7 17 2 -3
BITMAP
38
6C
0C
18
20
7C
7C
00
FE
FE
7C
7C
18
38
0C
64
38
ENDCHAR
STARTCHAR 2155
ENCODING 8533
SWIDTH 687 0
DWIDTH 11 0
BBX 7 18 2 -3
BITMAP
10
30
30
10
10
10
3C
3C
FE
FE
00
3C
3C
38
3C
04
3C
38
ENDCHAR
STARTCHAR 2156
ENCODING 8534
SWIDTH 687 0
DWIDTH 11 0
BBX 7 17 2 -3
BITMAP
38
64
04
18
20
3C
7C
FE
FE
00
3C
3C
38
3C
04
3C
38
ENDCHAR
STARTCHAR 2157
ENCODING 8535
SWIDTH 687 0
DWIDTH 11 0
BBX 7 18 2 -3
BITMAP
7C
7C
18
18
04
64
38
00
00
FE
00
3C
3C
38
38
04
3C
38
ENDCHAR
STARTCHAR 2158
ENCODING 8536
SWIDTH 687 0
DWIDTH 11 0
BBX 7 18 2 -3
BITMAP
08
18
18
28
68
7C
0C
0C
FE
FE
00
3C
3C
38
3C
04
3C
38
ENDCHAR
STARTCHAR 2159
ENCODING 8537
SWIDTH 687 0
DWIDTH 11 0
BBX 7 17 2 -3
BITMAP
10
30
10
10
10
3C
3C
00
FE
FE
38
24
20
3C
24
24
38
ENDCHAR
STARTCHAR 215A
ENCODING 8538
SWIDTH 687 0
DWIDTH 11 0
BBX 7 17 2 -3
BITMAP
3C
24
38
3C
04
3C
38
00
FE
FE
38
24
20
3C
24
24
38
ENDCHAR
STARTCHAR 215B
ENCODING 8539
SWIDTH 687 0
DWIDTH 11 0
BBX 7 18 2 -3
BITMAP
10
30
30
10
10
10
3C
3C
FE
FE
00
3C
4C
2C
38
4C
4C
38
ENDCHAR
STARTCHAR 215C
ENCODING 8540
SWIDTH 687 0
DWIDTH 11 0
BBX 7 18 2 -3
BITMAP
7C
7C
18
38
0C
64
38
00
00
FE
00
38
4C
6C
38
4C
4C
38
ENDCHAR
STARTCHAR 215D
ENCODING 8541
SWIDTH 687 0
DWIDTH 11 0
BBX 7 18 2 -3
BITMAP
3C
3C
20
38
3C
04
3C
38
FE
FE
00
38
4C
6C
38
4C
4C
38
ENDCHAR
STARTCHAR 215E
ENCODING 8542
SWIDTH 687 0
DWIDTH 11 0
BBX 7 18 2 -3
BITMAP
7C
7C
0C
08
18
10
30
00
FE
FE
00
38
4C
6C
38
4C
4C
38
ENDCHAR
STARTCHAR 215F
ENCODING 8543
SWIDTH 687 0
DWIDTH 11 0
BBX 7 10 2 4
BITMAP
30
30
10
10
10
3C
3C
00
FE
FE
ENDCHAR
STARTCHAR 2160
ENCODING 8544
SWIDTH 687 0
DWIDTH 11 0
BBX 7 13 2 0
BITMAP
FE
FE
30
30
30
30
30
30
30
30
30
FE
FE
ENDCHAR
STARTCHAR 2161
ENCODING 8545
SWIDTH 750 0
DWIDTH 12 0
BBX 10 13 1 0
BITMAP
F3C0
F3C0
6180
6180
6180
6180
6180
6180
6180
6180
6180
F3C0
F3C0
ENDCHAR
STARTCHAR 2162
ENCODING 8546
SWIDTH 687 0
DWIDTH 11 0
BBX 11 13 0 0
BITMAP
EEE0
EEE0
4440
4440
4440
4440
4440
4440
4440
4440
4440
EEE0
EEE0
ENDCHAR
STARTCHAR 2163
ENCODING 8547
SWIDTH 687 0
DWIDTH 11 0
BBX 10 13 1 0
BITMAP
F6C0
F6C0
6280
6280
6280
6280
6280
6280
6280
6280
6380
F180
F100
ENDCHAR
STARTCHAR 2164
ENCODING 8548
SWIDTH 687 0
DWIDTH 11 0
BBX 9 13 1 0
BITMAP
F780
F780
6300
3600
3600
3600
3600
1400
1400
1400
1C00
0800
0800
ENDCHAR
STARTCHAR 2165
ENCODING 8549
SWIDTH 687 0
DWIDTH 11 0
BBX 10 13 0 0
BITMAP
DBC0
DBC0
5980
5180
5180
5180
5180
5180
5180
5180
7180
73C0
23C0
ENDCHAR
STARTCHAR 2166
ENCODING 8550
SWIDTH 687 0
DWIDTH 11 0
BBX 11 13 0 0
BITMAP
FEE0
FEE0
F440
6440
6440
6440
6440
6440
6440
6440
6440
6EE0
4EE0
ENDCHAR
STARTCHAR 2167
ENCODING 8551
SWIDTH 687 0
DWIDTH 11 0
BBX 11 13 0 0
BITMAP
BB60
BB60
C940
C940
C940
C940
C940
C940
C940
C940
C940
DB60
DB60
ENDCHAR
STARTCHAR 2168
ENCODING 8552
SWIDTH 687 0
DWIDTH 11 0
BBX 10 13 1 0
BITMAP
F6C0
F6C0
6280
6280
6380
6100
6100
6100
6380
6280
6280
F6C0
F6C0
ENDCHAR
STARTCHAR 2169
ENCODING 8553
SWIDTH 687 0
DWIDTH 11 0
BBX 9 13 1 0
BITMAP
F780
F780
3600
3600
1C00
1C00
0800
1C00
1C00
3600
3600
F780
F780
ENDCHAR
STARTCHAR 216A
ENCODING 8554
SWIDTH 687 0
DWIDTH 11 0
BBX 10 13 0 0
BITMAP
DBC0
DBC0
5180
5180
7180
2180
2180
2180
7180
5180
5180
DBC0
DBC0
ENDCHAR
STARTCHAR 216B
ENCODING 8555
SWIDTH 687 0
DWIDTH 11 0
BBX 11 13 0 0
BITMAP
FEE0
FEE0
6440
6440
6440
4440
4440
4440
6440
6440
6440
FEE0
FEE0
ENDCHAR
STARTCHAR 216C
ENCODING 8556
SWIDTH 750 0
DWIDTH 12 0
BBX 8 13 2 0
BITMAP
F0
F0
60
60
60
60
60
60
60
60
63
FF
FF
ENDCHAR
STARTCHAR 216D
ENCODING 8557
SWIDTH 687 0
DWIDTH 11 0
BBX 8 13 1 0
BITMAP
7B
7F
C3
C0
C0
C0
C0
C0
C0
C0
C7
7E
3C
ENDCHAR
STARTCHAR 216E
ENCODING 8558
SWIDTH 687 0
DWIDTH 11 0
BBX 8 13 1 0
BITMAP
FC
FE
63
63
63
63
63
63
63
63
63
FE
FC
ENDCHAR
STARTCHAR 216F
ENCODING 8559
SWIDTH 750 0
DWIDTH 12 0
BBX 10 13 1 0
BITMAP
E1C0
E1C0
E380
F380
D380
DF80
DD80
CD80
CD80
C180
C180
E1C0
E1C0
ENDCHAR
STARTCHAR 2170
ENCODING 8560
SWIDTH 687 0
DWIDTH 11 0
BBX 7 13 2 0
BITMAP
18
18
18
00
F8
F8
18
18
18
18
18
FE
FE
ENDCHAR
STARTCHAR 2171
ENCODING 8561
SWIDTH 750 0
DWIDTH 12 0
BBX 10 13 1 0
BITMAP
2180
2180
2080
0000
E380
E380
6180
6180
6180
6180
6180
F3C0
F3C0
ENDCHAR
STARTCHAR 2172
ENCODING 8562
SWIDTH 687 0
DWIDTH 11 0
BBX 11 13 0 0
BITMAP
4440
4440
4440
0000
CCC0
CCC0
4440
4440
4440
4440
4440
EEE0
EEE0
ENDCHAR
STARTCHAR 2173
ENCODING 8563
SWIDTH 687 0
DWIDTH 11 0
BBX 10 13 1 0
BITMAP
2000
2000
2000
0000
E6C0
E6C0
6280
6280
6280
6280
6280
F380
F100
ENDCHAR
STARTCHAR 2174
ENCODING 8564
SWIDTH 687 0
DWIDTH 11 0
BBX 9 9 1 0
BITMAP
F780
F780
3600
3600
3600
1400
1400
1C00
0800
ENDCHAR
STARTCHAR 2175
ENCODING 8565
SWIDTH 687 0
DWIDTH 11 0
BBX 10 13 0 0
BITMAP
0180
0180
0080
0000
DB80
DB80
5180
5180
5180
5180
5180
73C0
23C0
ENDCHAR
STARTCHAR 2176
ENCODING 8566
SWIDTH 687 0
DWIDTH 11 0
BBX 11 13 0 0
BITMAP
0440
0440
0440
0000
FCC0
FCC0
6440
6440
6440
6440
6440
6EE0
6EE0
ENDCHAR
STARTCHAR 2177
ENCODING 8567
SWIDTH 687 0
DWIDTH 11 0
BBX 11 13 0 0
BITMAP
1240
1240
1240
0000
BB60
BB60
A920
A920
A920
C920
C920
5B60
5B60
ENDCHAR
STARTCHAR 2178
ENCODING 8568
SWIDTH 687 0
DWIDTH 11 0
BBX 10 13 1 0
BITMAP
2000
2000
2000
0000
E6C0
E6C0
6380
6380
6100
6380
6380
F6C0
F6C0
ENDCHAR
STARTCHAR 2179
ENCODING 8569
SWIDTH 687 0
DWIDTH 11 0
BBX 9 9 1 0
BITMAP
F780
F780
3600
1C00
0800
1C00
3600
F780
F780
ENDCHAR
STARTCHAR 217A
ENCODING 8570
SWIDTH 687 0
DWIDTH 11 0
BBX 10 13 0 0
BITMAP
0180
0180
0080
0000
DB80
DB80
7180
7180
2180
7180
7180
DBC0
DBC0
ENDCHAR
STARTCHAR 217B
ENCODING 8571
SWIDTH 687 0
DWIDTH 11 0
BBX 11 13 0 0
BITMAP
0440
0440
0440
0000
FCC0
FCC0
6440
6440
4440
6440
6440
FEE0
FEE0
ENDCHAR
STARTCHAR 217C
ENCODING 8572
SWIDTH 687 0
DWIDTH 11 0
BBX 7 13 2 0
BITMAP
F8
F8
18
18
18
18
18
18
18
18
18
FE
FE
ENDCHAR
STARTCHAR 217D
ENCODING 8573
SWIDTH 687 0
DWIDTH 11 0
BBX 8 9 1 0
BITMAP
7B
7F
C3
C0
C0
C0
C7
7E
3C
ENDCHAR
STARTCHAR 217E
ENCODING 8574
SWIDTH 625 0
DWIDTH 10 0
BBX 8 13 1 0
BITMAP
0E
0E
06
06
76
FE
C6
C6
C6
C6
C6
FF
77
ENDCHAR
STARTCHAR 217F
ENCODING 8575
SWIDTH 687 0
DWIDTH 11 0
BBX 11 9 0 0
BITMAP
FB80
FFC0
6CC0
6CC0
6CC0
6CC0
6CC0
ECE0
ECE0
ENDCHAR
STARTCHAR 2180
ENCODING 8576
SWIDTH 625 0
DWIDTH 10 0
BBX 8 13 1 0
BITMAP
7E
FF
DB
DB
DB
DB
DB
DB
DB
DB
DB
FF
7E
ENDCHAR
STARTCHAR 2181
ENCODING 8577
SWIDTH 687 0
DWIDTH 11 0
BBX 10 13 0 0
BITMAP
FF00
FF80
61C0
78C0
7CC0
6CC0
6CC0
6CC0
6CC0
7CC0
79C0
FF80
FF00
ENDCHAR
STARTCHAR 2182
ENCODING 8578
SWIDTH 687 0
DWIDTH 11 0
BBX 10 13 1 0
BITMAP
7F00
FF80
C8C0
BC40
AA40
AA40
AA40
AA40
AA40
AA40
BCC0
FF80
7F00
ENDCHAR
STARTCHAR 2183
ENCODING 8579
SWIDTH 687 0
DWIDTH 11 0
BBX 7 13 2 0
BITMAP
FC
FE
C6
06
06
06
06
06
06
06
C6
FC
78
ENDCHAR
STARTCHAR 2184
ENCODING 8580
SWIDTH 687 0
DWIDTH 11 0
BBX 7 9 2 0
BITMAP
FC
FE
C6
06
06
06
C6
FC
78
ENDCHAR
STARTCHAR 2185
ENCODING 8581
SWIDTH 625 0
DWIDTH 10 0
BBX 8 17 1 -4
BITMAP
7B
7F
C3
C0
C0
C0
C0
C0
C0
C3
C3
7F
7B
03
03
0F
0F
ENDCHAR
STARTCHAR 2186
ENCODING 8582
SWIDTH 687 0
DWIDTH 11 0
BBX 7 13 2 0
BITMAP
7C
7C
30
30
30
30
30
30
F6
FC
7C
78
30
ENDCHAR
STARTCHAR 2187
ENCODING 8583
SWIDTH 750 0
DWIDTH 12 0
BBX 11 13 0 0
BITMAP
FF80
FFC0
7CE0
7F60
7360
7B60
6B60
7B60
7B60
7F60
7E60
E1C0
FF80
ENDCHAR
STARTCHAR 2188
ENCODING 8584
SWIDTH 750 0
DWIDTH 12 0
BBX 10 13 1 0
BITMAP
3F00
4480
BF40
EFC0
D6C0
D6C0
D6C0
D6C0
D6C0
CEC0
E5C0
7F80
3F00
ENDCHAR
STARTCHAR 2189
ENCODING 8585
SWIDTH 687 0
DWIDTH 11 0
BBX 7 17 2 -3
BITMAP
38
24
2C
34
24
38
00
00
FE
FE
3C
3C
18
1C
04
24
38
ENDCHAR
STARTCHAR 218A
ENCODING 8586
SWIDTH 687 0
DWIDTH 11 0
BBX 8 13 2 0
BITMAP
FF
FE
C6
06
0C
3C
70
E0
C0
C0
C6
7E
3C
ENDCHAR
STARTCHAR 218B
ENCODING 8587
SWIDTH 687 0
DWIDTH 11 0
BBX 8 13 1 0
BITMAP
3C
7E
C3
C0
C0
C0
7C
7C
1C
30
63
FF
FF
ENDCHAR
STARTCHAR 2190
ENCODING 8592
SWIDTH 1312 0
DWIDTH 21 0
BBX 19 9 1 0
BITMAP
0C0000
180000
300000
600000
FFFFE0
7FFFE0
300000
180000
0C0000
ENDCHAR
STARTCHAR 2191
ENCODING 8593
SWIDTH 1312 0
DWIDTH 21 0
BBX 9 19 6 -4
BITMAP
0800
1C00
3E00
6F00
CD80
8C80
0C00
0C00
0C00
0C00
0C00
0C00
0C00
0C00
0C00
0C00
0C00
0C00
0C00
ENDCHAR
STARTCHAR 2192
ENCODING 8594
SWIDTH 1312 0
DWIDTH 21 0
BBX 19 9 1 0
BITMAP
000600
000300
000180
0000C0
FFFFE0
FFFFC0
000080
000300
000600
ENDCHAR
STARTCHAR 2193
ENCODING 8595
SWIDTH 1312 0
DWIDTH 21 0
BBX 9 19 6 -4
BITMAP
0C00
0C00
0C00
0C00
0C00
0C00
0C00
0C00
0C00
0C00
0C00
0C00
0C00
8C00
CC80
6D00
3E00
1C00
0800
ENDCHAR
STARTCHAR 2194
ENCODING 8596
SWIDTH 1312 0
DWIDTH 21 0
BBX 19 9 1 0
BITMAP
0C0600
180300
300180
6000C0
FFFFE0
7FFFC0
300080
180300
0C0600
ENDCHAR
STARTCHAR 2195
ENCODING 8597
SWIDTH 1312 0
DWIDTH 21 0
BBX 9 19 6 -4
BITMAP
0800
1C00
3E00
6F00
CD80
8C80
0C00
0C00
0C00
0C00
0C00
0C00
0C00
8C00
CC80
6D00
3E00
1C00
0800
ENDCHAR
STARTCHAR 2196
ENCODING 8598
SWIDTH 1312 0
DWIDTH 21 0
BBX 16 16 3 -2
BITMAP
FE00
E000
F000
B800
9C00
8E00
8700
0380
01C0
00E0
0070
0038
001C
000E
0007
0002
ENDCHAR
STARTCHAR 2197
ENCODING 8599
SWIDTH 1312 0
DWIDTH 21 0
BBX 16 16 2 -2
BITMAP
007F
0007
000F
001D
0039
0071
00E1
01C0
0380
0700
0E00
1C00
3800
7000
E000
4000
ENDCHAR
STARTCHAR 2198
ENCODING 8600
SWIDTH 1312 0
DWIDTH 21 0
BBX 16 16 2 -2
BITMAP
C000
6000
3000
1800
0C00
0600
0300
0180
00C0
0061
0031
0019
000D
0007
0003
007F
ENDCHAR
STARTCHAR 2199
ENCODING 8601
SWIDTH 1312 0
DWIDTH 21 0
BBX 16 16 3 -2
BITMAP
0003
0006
000C
0018
0030
0060
00C0
0180
0300
8600
8C00
9800
B000
E000
C000
FE00
ENDCHAR
STARTCHAR 219A
ENCODING 8602
SWIDTH 1312 0
DWIDTH 21 0
BBX 19 11 1 0
BITMAP
000400
0C0C00
180800
300800
601000
FFFFE0
7FFFE0
302000
182000
0C6000
004000
ENDCHAR
STARTCHAR 219B
ENCODING 8603
SWIDTH 1312 0
DWIDTH 21 0
BBX 19 11 1 0
BITMAP
004000
004600
008300
008180
0080C0
FFFFE0
FFFFC0
030080
020300
020600
060000
ENDCHAR
STARTCHAR 219C
ENCODING 8604
SWIDTH 1312 0
DWIDTH 21 0
BBX 19 9 1 0
BITMAP
0C0000
180000
300000
603E00
F06700
7CC3A0
2781E0
100000
0C0000
ENDCHAR
STARTCHAR 219D
ENCODING 8605
SWIDTH 1312 0
DWIDTH 21 0
BBX 20 9 0 0
BITMAP
000300
000180
0000C0
F81F60
0C31F0
066020
03C040
000080
000100
ENDCHAR
STARTCHAR 219E
ENCODING 8606
SWIDTH 1312 0
DWIDTH 21 0
BBX 19 10 1 0
BITMAP
0D8000
1B0000
360000
6C0000
FFFFE0
7FFFE0
360000
1B0000
0D8000
008000
ENDCHAR
STARTCHAR 219F
ENCODING 8607
SWIDTH 1312 0
DWIDTH 21 0
BBX 10 19 6 -4
BITMAP
0800
1C00
3E00
6F00
CD80
9E80
2F00
4D80
8CC0
0C00
0C00
0C00
0C00
0C00
0C00
0C00
0C00
0C00
0C00
ENDCHAR
STARTCHAR 21A0
ENCODING 8608
SWIDTH 1312 0
DWIDTH 21 0
BBX 19 10 1 0
BITMAP
003600
001B00
000D80
0006C0
FFFFE0
FFFFC0
000C80
001B00
003600
002000
ENDCHAR
STARTCHAR 21A1
ENCODING 8609
SWIDTH 1312 0
DWIDTH 21 0
BBX 9 19 6 -4
BITMAP
0C00
0C00
0C00
0C00
0C00
0C00
0C00
0C00
0C00
0C00
8C80
CD80
6F00
BE00
DC80
6D00
3E00
1C00
0800
ENDCHAR
STARTCHAR 21A2
ENCODING 8610
SWIDTH 1312 0
DWIDTH 21 0
BBX 19 10 1 0
BITMAP
0C0020
180040
300080
600100
FFFE00
7FFF00
300180
1800C0
0C0060
000020
ENDCHAR
STARTCHAR 21A3
ENCODING 8611
SWIDTH 1312 0
DWIDTH 21 0
BBX 19 10 1 0
BITMAP
800600
400300
200180
1000C0
0FFFE0
1FFFC0
300080
600300
C00600
800000
ENDCHAR
STARTCHAR 21A4
ENCODING 8612
SWIDTH 1312 0
DWIDTH 21 0
BBX 18 10 2 0
BITMAP
0800C0
1000C0
2000C0
4000C0
FFFFC0
FFFFC0
4000C0
2000C0
1000C0
0800C0
ENDCHAR
STARTCHAR 21A5
ENCODING 8613
SWIDTH 1312 0
DWIDTH 21 0
BBX 10 18 6 -3
BITMAP
0C00
1E00
2D00
4C80
8C40
0C00
0C00
0C00
0C00
0C00
0C00
0C00
0C00
0C00
0C00
0C00
FFC0
FFC0
ENDCHAR
STARTCHAR 21A6
ENCODING 8614
SWIDTH 1312 0
DWIDTH 21 0
BBX 19 10 1 0
BITMAP
C00400
C00200
C00180
C000C0
FFFFE0
FFFFC0
C00080
C00100
C00200
C00400
ENDCHAR
STARTCHAR 21A7
ENCODING 8615
SWIDTH 1312 0
DWIDTH 21 0
BBX 10 18 6 -4
BITMAP
FFC0
FFC0
0C00
0C00
0C00
0C00
0C00
0C00
0C00
0C00
0C00
0C00
0C00
8C40
4C80
2D00
1E00
0C00
ENDCHAR
STARTCHAR 21A8
ENCODING 8616
SWIDTH 1312 0
DWIDTH 21 0
BBX 10 19 6 -4
BITMAP
0C00
1E00
3F00
6D80
CCC0
0C00
0C00
0C00
0C00
0C00
0C00
8C40
4C80
2D00
1E00
0C00
0000
FFC0
FFC0
ENDCHAR
STARTCHAR 21A9
ENCODING 8617
SWIDTH 1312 0
DWIDTH 21 0
BBX 20 11 1 0
BITMAP
0000C0
0C00E0
180030
300030
600030
FFFFE0
7FFF80
300000
180000
0C0000
040000
ENDCHAR
STARTCHAR 21AA
ENCODING 8618
SWIDTH 1312 0
DWIDTH 21 0
BBX 20 11 0 0
BITMAP
300000
700300
C00180
C000C0
C00060
7FFFF0
0FFFE0
0000C0
000180
000300
000200
ENDCHAR
STARTCHAR 21AB
ENCODING 8619
SWIDTH 1312 0
DWIDTH 21 0
BBX 19 11 2 0
BITMAP
0007C0
080FE0
100C60
200C60
400C60
FFFFC0
FFFF00
600C00
300C00
180C00
080C00
ENDCHAR
STARTCHAR 21AC
ENCODING 8620
SWIDTH 1312 0
DWIDTH 21 0
BBX 19 11 0 0
BITMAP
3C0000
7E0200
C60100
C60080
C60040
7FFFE0
0FFFE0
0600C0
060180
060300
060200
ENDCHAR
STARTCHAR 21AD
ENCODING 8621
SWIDTH 1312 0
DWIDTH 21 0
BBX 19 9 1 0
BITMAP
0C0600
180300
300180
603EC0
F063E0
7CC040
278080
100100
0C0200
ENDCHAR
STARTCHAR 21AE
ENCODING 8622
SWIDTH 1312 0
DWIDTH 21 0
BBX 19 11 1 0
BITMAP
001000
0C3600
182300
302180
6060C0
FFFFE0
7FFFC0
30C080
188300
0C8600
010000
ENDCHAR
STARTCHAR 21AF
ENCODING 8623
SWIDTH 1312 0
DWIDTH 21 0
BBX 14 19 5 -4
BITMAP
1000
3000
3000
3000
3000
6000
6000
6020
61E0
DFE0
F840
80C0
08C0
0CC0
0480
079C
03F0
01C0
0100
ENDCHAR
STARTCHAR 21B0
ENCODING 8624
SWIDTH 1312 0
DWIDTH 21 0
BBX 12 18 5 -4
BITMAP
1800
3000
6000
FFF0
7FF0
2030
1030
0830
0030
0030
0030
0030
0030
0030
0030
0030
0030
0030
ENDCHAR
STARTCHAR 21B1
ENCODING 8625
SWIDTH 1312 0
DWIDTH 21 0
BBX 12 18 4 -4
BITMAP
0080
0040
0020
FFF0
FFF0
C060
C0C0
C080
C000
C000
C000
C000
C000
C000
C000
C000
C000
C000
ENDCHAR
STARTCHAR 21B2
ENCODING 8626
SWIDTH 1312 0
DWIDTH 21 0
BBX 12 18 5 -4
BITMAP
0030
0030
0030
0030
0030
0030
0030
0030
0030
0030
1830
3030
6030
FFF0
7FF0
2000
1000
0800
ENDCHAR
STARTCHAR 21B3
ENCODING 8627
SWIDTH 1312 0
DWIDTH 21 0
BBX 12 18 4 -4
BITMAP
C000
C000
C000
C000
C000
C000
C000
C000
C000
C000
C080
C040
C020
FFF0
FFF0
0060
00C0
0080
ENDCHAR
STARTCHAR 21B4
ENCODING 8628
SWIDTH 1312 0
DWIDTH 21 0
BBX 19 20 1 -4
BITMAP
FFFE00
FFFE00
000600
000600
000600
000600
000600
000600
000600
000600
000600
000600
000600
000600
004660
0066C0
003780
001F00
000E00
000400
ENDCHAR
STARTCHAR 21B5
ENCODING 8629
SWIDTH 1312 0
DWIDTH 21 0
BBX 20 19 1 -4
BITMAP
000030
000030
000030
000030
000030
000030
000030
000030
000030
0C0030
180030
300030
600030
FFFFF0
7FFFF0
300000
180000
0C0000
040000
ENDCHAR
STARTCHAR 21B6
ENCODING 8630
SWIDTH 1312 0
DWIDTH 21 0
BBX 17 9 1 4
BITMAP
03F800
0FFE00
1C0700
180300
300180
B40180
FC0180
780180
300000
ENDCHAR
STARTCHAR 21B7
ENCODING 8631
SWIDTH 1312 0
DWIDTH 21 0
BBX 17 9 3 4
BITMAP
0FE000
3FF800
701C00
600C00
C00600
C01680
C01F80
C00F00
000600
ENDCHAR
STARTCHAR 21B8
ENCODING 8632
SWIDTH 1312 0
DWIDTH 21 0
BBX 12 16 5 -3
BITMAP
FFE0
FFE0
0000
0000
FE00
E000
F000
B800
9C00
8E00
8700
0380
01C0
00E0
0070
0020
ENDCHAR
STARTCHAR 21B9
ENCODING 8633
SWIDTH 1312 0
DWIDTH 21 0
BBX 20 19 0 -4
BITMAP
C00000
C30000
C60000
CC0000
DFFFE0
FFFFE0
D80000
CC0000
C60000
C30430
000630
000330
0001B0
7FFFF0
7FFFF0
0001B0
000330
000630
000430
ENDCHAR
STARTCHAR 21BA
ENCODING 8634
SWIDTH 1312 0
DWIDTH 21 0
BBX 15 17 3 -1
BITMAP
00C0
0180
03E0
03F8
019C
008C
0006
0006
0006
C006
C006
C006
C006
600C
701C
3FF8
0FE0
ENDCHAR
STARTCHAR 21BB
ENCODING 8635
SWIDTH 1312 0
DWIDTH 21 0
BBX 15 17 3 -1
BITMAP
0600
0300
0F80
3F80
7300
6200
C000
C000
C000
C006
C006
C006
C006
600C
701C
3FF8
0FE0
ENDCHAR
STARTCHAR 21BC
ENCODING 8636
SWIDTH 1312 0
DWIDTH 21 0
BBX 19 6 1 4
BITMAP
0C0000
080000
100000
200000
7FFFE0
FFFFE0
ENDCHAR
STARTCHAR 21BD
ENCODING 8637
SWIDTH 1312 0
DWIDTH 21 0
BBX 18 5 2 0
BITMAP
FFFFC0
FFFFC0
600000
300000
180000
ENDCHAR
STARTCHAR 21BE
ENCODING 8638
SWIDTH 1312 0
DWIDTH 21 0
BBX 6 18 10 -3
BITMAP
C0
E0
F0
D8
CC
C0
C0
C0
C0
C0
C0
C0
C0
C0
C0
C0
C0
C0
ENDCHAR
STARTCHAR 21BF
ENCODING 8639
SWIDTH 1312 0
DWIDTH 21 0
BBX 6 19 6 -4
BITMAP
04
0C
1C
3C
CC
8C
0C
0C
0C
0C
0C
0C
0C
0C
0C
0C
0C
0C
0C
ENDCHAR
STARTCHAR 21C0
ENCODING 8640
SWIDTH 1312 0
DWIDTH 21 0
BBX 19 6 1 4
BITMAP
000600
000200
000100
000080
FFFFC0
FFFFE0
ENDCHAR
STARTCHAR 21C1
ENCODING 8641
SWIDTH 1312 0
DWIDTH 21 0
BBX 19 5 1 0
BITMAP
FFFFE0
FFFFC0
000180
000300
000600
ENDCHAR
STARTCHAR 21C2
ENCODING 8642
SWIDTH 1312 0
DWIDTH 21 0
BBX 5 19 10 -4
BITMAP
C0
C0
C0
C0
C0
C0
C0
C0
C0
C0
C0
C0
C0
C8
D8
F0
E0
C0
80
ENDCHAR
STARTCHAR 21C3
ENCODING 8643
SWIDTH 1312 0
DWIDTH 21 0
BBX 6 19 6 -4
BITMAP
0C
0C
0C
0C
0C
0C
0C
0C
0C
0C
0C
0C
0C
8C
CC
6C
1C
0C
04
ENDCHAR
STARTCHAR 21C4
ENCODING 8644
SWIDTH 1312 0
DWIDTH 21 0
BBX 19 17 1 -3
BITMAP
000600
000100
000080
FFFFC0
FFFFE0
0000C0
000180
000300
0C0600
180000
300000
600000
FFFFE0
7FFFE0
300000
180000
0C0000
ENDCHAR
STARTCHAR 21C5
ENCODING 8645
SWIDTH 1312 0
DWIDTH 21 0
BBX 18 19 1 -4
BITMAP
080600
1C0600
3E0600
6F0600
CD8600
8C8600
0C0600
0C0600
0C0600
0C0600
0C0600
0C0600
0C0600
0C4600
0C6640
0C3680
0C1F00
0C0E00
0C0400
ENDCHAR
STARTCHAR 21C6
ENCODING 8646
SWIDTH 1312 0
DWIDTH 21 0
BBX 19 17 1 -3
BITMAP
0C0000
180000
300000
7FFFE0
FFFFE0
600000
300000
180000
0C0600
000300
000180
0000C0
FFFFE0
FFFFC0
000080
000100
000600
ENDCHAR
STARTCHAR 21C7
ENCODING 8647
SWIDTH 1312 0
DWIDTH 21 0
BBX 19 17 1 -3
BITMAP
0C0000
180000
300000
7FFFE0
FFFFE0
600000
300000
180000
0C0000
180000
300000
600000
FFFFE0
7FFFE0
300000
180000
0C0000
ENDCHAR
STARTCHAR 21C8
ENCODING 8648
SWIDTH 1312 0
DWIDTH 21 0
BBX 18 19 1 -4
BITMAP
080400
1C0E00
3E1F00
6F3780
CDE6C0
8CC640
0C0600
0C0600
0C0600
0C0600
0C0600
0C0600
0C0600
0C0600
0C0600
0C0600
0C0600
0C0600
0C0600
ENDCHAR
STARTCHAR 21C9
ENCODING 8649
SWIDTH 1312 0
DWIDTH 21 0
BBX 19 17 1 -3
BITMAP
000600
000300
000080
FFFFC0
FFFFE0
0000C0
000180
000300
000600
000300
000180
0000C0
FFFFE0
FFFFC0
000080
000100
000600
ENDCHAR
STARTCHAR 21CA
ENCODING 8650
SWIDTH 1312 0
DWIDTH 21 0
BBX 18 19 1 -4
BITMAP
0C0600
0C0600
0C0600
0C0600
0C0600
0C0600
0C0600
0C0600
0C0600
0C0600
0C0600
0C0600
0C0600
8CC600
CDE640
6D3680
3E1F00
1C0E00
080400
ENDCHAR
STARTCHAR 21CB
ENCODING 8651
SWIDTH 1312 0
DWIDTH 21 0
BBX 19 14 1 -1
BITMAP
0C0000
180000
300000
7FFFE0
7FFFE0
000000
000000
000000
FFFFE0
FFFFC0
000080
000100
000200
000600
ENDCHAR
STARTCHAR 21CC
ENCODING 8652
SWIDTH 1312 0
DWIDTH 21 0
BBX 19 14 1 -1
BITMAP
000600
000300
000180
FFFFC0
FFFFE0
000000
000000
000000
FFFFE0
7FFFE0
200000
100000
080000
0C0000
ENDCHAR
STARTCHAR 21CD
ENCODING 8653
SWIDTH 1312 0
DWIDTH 21 0
BBX 19 11 1 0
BITMAP
000400
0C0C00
180800
3FFFE0
7FFFE0
C01000
603000
3FFFE0
1FFFE0
0C6000
004000
ENDCHAR
STARTCHAR 21CE
ENCODING 8654
SWIDTH 1312 0
DWIDTH 21 0
BBX 19 11 1 0
BITMAP
001000
0C3600
182300
3FFF80
7FFFC0
C04060
604040
3FFF80
1FFF00
0C8600
010000
ENDCHAR
STARTCHAR 21CF
ENCODING 8655
SWIDTH 1312 0
DWIDTH 21 0
BBX 19 11 1 0
BITMAP
004000
004600
008300
FFFF80
FFFFC0
010060
010040
FFFF80
FFFF00
020600
060000
ENDCHAR
STARTCHAR 21D0
ENCODING 8656
SWIDTH 1312 0
DWIDTH 21 0
BBX 19 9 1 0
BITMAP
0C0000
180000
3FFFE0
7FFFE0
C00000
600000
3FFFE0
1FFFE0
0C0000
ENDCHAR
STARTCHAR 21D1
ENCODING 8657
SWIDTH 1312 0
DWIDTH 21 0
BBX 9 19 6 -4
BITMAP
0800
1C00
3600
7300
F380
B380
3300
3300
3300
3300
3300
3300
3300
3300
3300
3300
3300
3300
3300
ENDCHAR
STARTCHAR 21D2
ENCODING 8658
SWIDTH 1312 0
DWIDTH 21 0
BBX 19 9 1 0
BITMAP
000600
000300
FFFF80
FFFFC0
000060
000040
FFFF80
FFFF00
000600
ENDCHAR
STARTCHAR 21D3
ENCODING 8659
SWIDTH 1312 0
DWIDTH 21 0
BBX 9 19 6 -4
BITMAP
3300
3300
3300
3300
3300
3300
3300
3300
3300
3300
3300
3300
3300
B300
F380
7300
3200
1C00
0800
ENDCHAR
STARTCHAR 21D4
ENCODING 8660
SWIDTH 1312 0
DWIDTH 21 0
BBX 19 9 1 0
BITMAP
0C0600
180300
3FFF80
7FFFC0
C00060
600040
3FFF80
1FFF00
0C0600
ENDCHAR
STARTCHAR 21D5
ENCODING 8661
SWIDTH 1312 0
DWIDTH 21 0
BBX 9 19 6 -4
BITMAP
0800
1C00
3600
7300
F380
B380
3300
3300
3300
3300
3300
3300
3300
B300
F380
7300
3200
1C00
0800
ENDCHAR
STARTCHAR 21D6
ENCODING 8662
SWIDTH 1312 0
DWIDTH 21 0
BBX 17 17 3 -3
BITMAP
FE0000
980000
8C0000
C60000
E30000
B18000
98C000
0C6000
063000
031800
018C00
00C600
006300
003180
001800
000C00
000400
ENDCHAR
STARTCHAR 21D7
ENCODING 8663
SWIDTH 1312 0
DWIDTH 21 0
BBX 17 17 1 -3
BITMAP
003F80
000C80
001880
003180
006380
00C680
018C80
031800
063000
0C6000
18C000
318000
630000
C60000
0C0000
180000
100000
ENDCHAR
STARTCHAR 21D8
ENCODING 8664
SWIDTH 1312 0
DWIDTH 21 0
BBX 17 18 1 -2
BITMAP
100000
380000
1C0000
8E0000
C70000
638000
31C000
18E000
0C7000
063800
031C00
018E80
00C780
006380
003180
001880
000C80
003F80
ENDCHAR
STARTCHAR 21D9
ENCODING 8665
SWIDTH 1312 0
DWIDTH 21 0
BBX 17 18 3 -2
BITMAP
000400
000E00
001C00
003880
007180
00E300
01C600
038C00
071800
0E3000
1C6000
B8C000
F18000
E30000
C60000
8C0000
980000
FE0000
ENDCHAR
STARTCHAR 21DA
ENCODING 8666
SWIDTH 1312 0
DWIDTH 21 0
BBX 19 9 1 0
BITMAP
0C0000
180000
3FFFE0
600000
FFFFE0
600000
3FFFE0
180000
0C0000
ENDCHAR
STARTCHAR 21DB
ENCODING 8667
SWIDTH 1312 0
DWIDTH 21 0
BBX 19 9 1 0
BITMAP
000600
000300
FFFF80
0000C0
FFFFE0
0000C0
FFFF80
000300
000600
ENDCHAR
STARTCHAR 21DC
ENCODING 8668
SWIDTH 1312 0
DWIDTH 21 0
BBX 19 9 1 0
BITMAP
0C0000
180000
301100
619100
FBAAE0
7E6EE0
344400
180000
0C0000
ENDCHAR
STARTCHAR 21DD
ENCODING 8669
SWIDTH 1312 0
DWIDTH 21 0
BBX 19 9 1 0
BITMAP
000600
000300
044180
044CC0
EAAFE0
FB33C0
111080
000300
000600
ENDCHAR
STARTCHAR 21DE
ENCODING 8670
SWIDTH 1312 0
DWIDTH 21 0
BBX 9 19 6 -4
BITMAP
0800
1C00
3E00
6F00
CD80
8C80
0C00
0C00
0C00
FF80
0C00
0C00
0C00
FF80
0C00
0C00
0C00
0C00
0C00
ENDCHAR
STARTCHAR 21DF
ENCODING 8671
SWIDTH 1312 0
DWIDTH 21 0
BBX 9 19 6 -4
BITMAP
0C00
0C00
0C00
0C00
0C00
FF80
0C00
0C00
0C00
FF80
0C00
0C00
0C00
8C80
CD80
6F00
3E00
1C00
0800
ENDCHAR
STARTCHAR 21E0
ENCODING 8672
SWIDTH 1312 0
DWIDTH 21 0
BBX 18 10 2 0
BITMAP
080000
100000
200000
400000
EEEEC0
EEEEC0
600000
300000
180000
080000
ENDCHAR
STARTCHAR 21E1
ENCODING 8673
SWIDTH 1312 0
DWIDTH 21 0
BBX 10 18 6 -3
BITMAP
0C00
1E00
2F00
4180
8CC0
0C00
0C00
0000
0C00
0C00
0000
0C00
0C00
0C00
0000
0000
0C00
0C00
ENDCHAR
STARTCHAR 21E2
ENCODING 8674
SWIDTH 1312 0
DWIDTH 21 0
BBX 18 10 2 0
BITMAP
000C00
000600
000300
000180
DDDDC0
DDDDC0
000180
000300
000600
000400
ENDCHAR
STARTCHAR 21E3
ENCODING 8675
SWIDTH 1312 0
DWIDTH 21 0
BBX 10 17 6 -4
BITMAP
0C00
0C00
0000
0C00
0C00
0C00
0000
0C00
0C00
0000
0C00
0C00
8CC0
4180
2F00
1E00
0C00
ENDCHAR
STARTCHAR 21E4
ENCODING 8676
SWIDTH 1312 0
DWIDTH 21 0
BBX 19 10 0 0
BITMAP
C10000
C20000
C40000
C80000
DFFFE0
DFFFE0
C80000
C40000
C20000
C10000
ENDCHAR
STARTCHAR 21E5
ENCODING 8677
SWIDTH 1312 0
DWIDTH 21 0
BBX 19 10 2 0
BITMAP
001060
000860
000460
000260
FFFF60
FFFF60
000260
000460
000860
001060
ENDCHAR
STARTCHAR 21E6
ENCODING 8678
SWIDTH 1312 0
DWIDTH 21 0
BBX 19 9 1 1
BITMAP
020000
060000
1FFFE0
300020
C00020
300020
1FFFE0
060000
020000
ENDCHAR
STARTCHAR 21E7
ENCODING 8679
SWIDTH 1312 0
DWIDTH 21 0
BBX 9 19 6 -4
BITMAP
0800
0800
1400
3600
2200
6300
E380
2200
2200
2200
2200
2200
2200
2200
2200
2200
2200
2200
3E00
ENDCHAR
STARTCHAR 21E8
ENCODING 8680
SWIDTH 1312 0
DWIDTH 21 0
BBX 19 9 1 1
BITMAP
000800
000C00
FFFF00
800180
800060
800180
FFFF00
000C00
000800
ENDCHAR
STARTCHAR 21E9
ENCODING 8681
SWIDTH 1312 0
DWIDTH 21 0
BBX 9 19 6 -4
BITMAP
3E00
2200
2200
2200
2200
2200
2200
2200
2200
2200
2200
2200
E380
6300
2200
3600
1400
0800
0800
ENDCHAR
STARTCHAR 21EA
ENCODING 8682
SWIDTH 1312 0
DWIDTH 21 0
BBX 7 19 7 -4
BITMAP
10
10
28
6C
46
C6
44
44
44
44
44
44
44
7C
00
7C
44
44
7C
ENDCHAR
STARTCHAR 21EB
ENCODING 8683
SWIDTH 1312 0
DWIDTH 21 0
BBX 8 19 7 -4
BITMAP
10
18
28
64
46
C6
44
44
44
44
44
44
44
44
44
C7
83
83
FF
ENDCHAR
STARTCHAR 21EC
ENCODING 8684
SWIDTH 1312 0
DWIDTH 21 0
BBX 8 19 7 -4
BITMAP
10
18
28
7C
46
C6
44
44
44
44
44
44
44
44
44
C7
83
83
FF
ENDCHAR
STARTCHAR 21ED
ENCODING 8685
SWIDTH 1312 0
DWIDTH 21 0
BBX 8 19 7 -4
BITMAP
10
38
3C
54
52
D7
56
56
56
56
56
56
56
56
56
D7
91
91
FF
ENDCHAR
STARTCHAR 21EE
ENCODING 8686
SWIDTH 1312 0
DWIDTH 21 0
BBX 9 19 6 -4
BITMAP
0800
1C00
1400
2A00
6B00
7F00
3600
2200
6100
E380
2200
2200
2200
2200
2200
2200
2200
2200
3E00
ENDCHAR
STARTCHAR 21EF
ENCODING 8687
SWIDTH 1312 0
DWIDTH 21 0
BBX 8 19 7 -4
BITMAP
10
18
28
74
5E
EE
64
46
C6
44
44
44
44
44
44
C7
83
83
FF
ENDCHAR
STARTCHAR 21F0
ENCODING 8688
SWIDTH 1312 0
DWIDTH 21 0
BBX 18 7 1 3
BITMAP
E00C00
BFFE00
800180
8000C0
800180
BFFE00
E00800
ENDCHAR
STARTCHAR 21F1
ENCODING 8689
SWIDTH 1312 0
DWIDTH 21 0
BBX 16 16 3 -3
BITMAP
FFFE
FFFE
C000
C000
CFE0
CE00
CF00
CB80
C9C0
C8E0
C870
C038
C01C
C00E
C007
0002
ENDCHAR
STARTCHAR 21F2
ENCODING 8690
SWIDTH 1312 0
DWIDTH 21 0
BBX 15 15 3 -2
BITMAP
8006
C006
6006
3006
1826
0C26
0726
03A6
01E6
00E6
0FE6
0006
0006
FFFE
FFFE
ENDCHAR
STARTCHAR 21F3
ENCODING 8691
SWIDTH 1312 0
DWIDTH 21 0
BBX 7 19 7 -4
BITMAP
10
10
28
6C
44
C6
44
44
44
44
44
44
44
C6
C6
44
28
38
10
ENDCHAR
STARTCHAR 21F4
ENCODING 8692
SWIDTH 1312 0
DWIDTH 21 0
BBX 19 9 1 1
BITMAP
000600
03C300
066180
0C20C0
FFFFE0
FC3FC0
046180
07C300
000600
ENDCHAR
STARTCHAR 21F5
ENCODING 8693
SWIDTH 1312 0
DWIDTH 21 0
BBX 18 19 1 -4
BITMAP
0C0400
0C0E00
0C1F00
0C3780
0C66C0
0C4640
0C0600
0C0600
0C0600
0C0600
0C0600
0C0600
0C0600
8C8600
CD8600
6D0600
3E0600
1C0600
080600
ENDCHAR
STARTCHAR 21F6
ENCODING 8694
SWIDTH 1312 0
DWIDTH 21 0
BBX 19 21 1 -5
BITMAP
000300
000180
0000C0
FFFFE0
FFFFC0
000080
000100
000300
000180
0000C0
FFFFE0
FFFFC0
000180
000300
000300
000180
FFFFC0
FFFFE0
0000C0
000180
000300
ENDCHAR
STARTCHAR 21F7
ENCODING 8695
SWIDTH 1312 0
DWIDTH 21 0
BBX 19 10 1 0
BITMAP
0C1000
181000
301000
601000
FFFFE0
7FFFE0
301000
181000
0C1000
040000
ENDCHAR
STARTCHAR 21F8
ENCODING 8696
SWIDTH 1312 0
DWIDTH 21 0
BBX 19 10 1 0
BITMAP
010600
010300
010180
0100C0
FFFFE0
FFFFC0
010180
010300
010600
000400
ENDCHAR
STARTCHAR 21F9
ENCODING 8697
SWIDTH 1312 0
DWIDTH 21 0
BBX 19 9 1 0
BITMAP
0C4600
184300
304180
6040C0
FFFFE0
7FFFC0
304080
184100
0C4600
ENDCHAR
STARTCHAR 21FA
ENCODING 8698
SWIDTH 1312 0
DWIDTH 21 0
BBX 19 9 1 0
BITMAP
0C4400
184400
304400
604400
FFFFE0
7FFFE0
304400
184400
0C4400
ENDCHAR
STARTCHAR 21FB
ENCODING 8699
SWIDTH 1312 0
DWIDTH 21 0
BBX 19 9 1 0
BITMAP
044600
044300
044180
0440C0
FFFFE0
FFFFC0
044180
044300
044600
ENDCHAR
STARTCHAR 21FC
ENCODING 8700
SWIDTH 1312 0
DWIDTH 21 0
BBX 19 9 1 0
BITMAP
0D1600
191300
311180
6110C0
FFFFE0
7FFFC0
211080
111100
091200
ENDCHAR
STARTCHAR 21FD
ENCODING 8701
SWIDTH 1312 0
DWIDTH 21 0
BBX 19 7 1 1
BITMAP
100000
300000
700000
DFFFE0
5FFFE0
300000
100000
ENDCHAR
STARTCHAR 21FE
ENCODING 8702
SWIDTH 1312 0
DWIDTH 21 0
BBX 19 7 1 1
BITMAP
000100
000180
0001C0
FFFF60
FFFF40
000180
000100
ENDCHAR
STARTCHAR 21FF
ENCODING 8703
SWIDTH 1312 0
DWIDTH 21 0
BBX 19 7 1 1
BITMAP
100100
300180
7001C0
DFFF60
5FFF40
300180
100100
ENDCHAR
STARTCHAR 2200
ENCODING 8704
SWIDTH 687 0
DWIDTH 11 0
BBX 8 12 1 0
BITMAP
C3
C3
63
7F
7E
66
36
36
34
3C
1C
1C
ENDCHAR
STARTCHAR 2201
ENCODING 8705
SWIDTH 687 0
DWIDTH 11 0
BBX 8 13 1 -1
BITMAP
3C
7E
C3
C0
C0
C0
C0
C0
C0
C0
C3
7E
3C
ENDCHAR
STARTCHAR 2202
ENCODING 8706
SWIDTH 687 0
DWIDTH 11 0
BBX 8 12 1 0
BITMAP
20
38
1C
06
06
7B
E7
C3
C3
C3
7E
3C
ENDCHAR
STARTCHAR 2203
ENCODING 8707
SWIDTH 687 0
DWIDTH 11 0
BBX 7 12 2 0
BITMAP
FE
FE
06
06
06
7E
7E
06
06
06
FE
FE
ENDCHAR
STARTCHAR 2204
ENCODING 8708
SWIDTH 687 0
DWIDTH 11 0
BBX 7 14 2 -1
BITMAP
06
FE
FE
0E
0E
1E
7E
7E
36
26
26
FE
FE
C0
ENDCHAR
STARTCHAR 2205
ENCODING 8709
SWIDTH 687 0
DWIDTH 11 0
BBX 8 14 1 -1
BITMAP
02
3F
7E
66
CF
CF
DB
DB
F3
F3
66
7E
FC
40
ENDCHAR
STARTCHAR 2206
ENCODING 8710
SWIDTH 687 0
DWIDTH 11 0
BBX 8 12 1 0
BITMAP
18
1C
1C
3C
34
36
26
66
62
63
7F
FF
ENDCHAR
STARTCHAR 2207
ENCODING 8711
SWIDTH 687 0
DWIDTH 11 0
BBX 8 12 1 0
BITMAP
FF
FF
63
63
66
66
26
36
34
1C
1C
1C
ENDCHAR
STARTCHAR 2208
ENCODING 8712
SWIDTH 687 0
DWIDTH 11 0
BBX 7 11 2 0
BITMAP
0E
7E
E0
C0
C0
FE
FE
C0
C0
7E
3E
ENDCHAR
STARTCHAR 2209
ENCODING 8713
SWIDTH 687 0
DWIDTH 11 0
BBX 7 16 2 -3
BITMAP
04
04
0E
7E
E8
C8
C8
FE
FE
D0
D0
7E
3E
20
20
60
ENDCHAR
STARTCHAR 220A
ENCODING 8714
SWIDTH 687 0
DWIDTH 11 0
BBX 7 7 2 2
BITMAP
7E
E0
C0
FE
C0
E0
7E
ENDCHAR
STARTCHAR 220B
ENCODING 8715
SWIDTH 687 0
DWIDTH 11 0
BBX 7 11 2 0
BITMAP
C0
F8
0C
06
06
FE
FE
06
0C
FC
F0
ENDCHAR
STARTCHAR 220C
ENCODING 8716
SWIDTH 687 0
DWIDTH 11 0
BBX 7 16 2 -3
BITMAP
08
18
D8
F8
1C
36
36
FE
FE
26
6C
FC
F0
40
C0
C0
ENDCHAR
STARTCHAR 220D
ENCODING 8717
SWIDTH 687 0
DWIDTH 11 0
BBX 7 7 2 2
BITMAP
FC
0E
06
FE
06
0E
FC
ENDCHAR
STARTCHAR 220E
ENCODING 8718
SWIDTH 687 0
DWIDTH 11 0
BBX 7 12 2 -1
BITMAP
FE
FE
FE
FE
FE
FE
FE
FE
FE
FE
FE
FE
ENDCHAR
STARTCHAR 220F
ENCODING 8719
SWIDTH 1312 0
DWIDTH 21 0
BBX 16 17 3 -3
BITMAP
FFFF
FFFF
4006
4006
4006
4006
4006
4006
4006
4006
4006
4006
4006
4006
4006
E00F
E00F
ENDCHAR
STARTCHAR 2210
ENCODING 8720
SWIDTH 1312 0
DWIDTH 21 0
BBX 16 17 3 -3
BITMAP
E00F
E00F
4006
4006
4006
4006
4006
4006
4006
4006
4006
4006
4006
4006
4006
FFFF
FFFF
ENDCHAR
STARTCHAR 2211
ENCODING 8721
SWIDTH 1312 0
DWIDTH 21 0
BBX 15 17 3 -3
BITMAP
FFFE
FFFE
6006
3000
1800
0C00
0600
0300
0180
0300
0600
0C00
1800
3000
6006
FFFE
FFFE
ENDCHAR
STARTCHAR 2212
ENCODING 8722
SWIDTH 687 0
DWIDTH 11 0
BBX 7 2 2 4
BITMAP
FE
FE
ENDCHAR
STARTCHAR 2213
ENCODING 8723
SWIDTH 687 0
DWIDTH 11 0
BBX 7 10 2 1
BITMAP
FE
FE
30
30
30
FE
FE
30
30
30
ENDCHAR
STARTCHAR 2214
ENCODING 8724
SWIDTH 687 0
DWIDTH 11 0
BBX 7 10 2 1
BITMAP
30
38
00
30
30
FE
FE
30
30
30
ENDCHAR
STARTCHAR 2215
ENCODING 8725
SWIDTH 687 0
DWIDTH 11 0
BBX 7 15 2 -2
BITMAP
06
0E
0C
0C
18
18
18
30
30
30
60
60
C0
C0
C0
ENDCHAR
STARTCHAR 2216
ENCODING 8726
SWIDTH 687 0
DWIDTH 11 0
BBX 7 15 2 -2
BITMAP
C0
C0
C0
60
60
70
30
30
18
18
18
0C
0C
0C
06
ENDCHAR
STARTCHAR 2217
ENCODING 8727
SWIDTH 687 0
DWIDTH 11 0
BBX 8 8 1 1
BITMAP
08
49
6F
3C
3E
EB
08
08
ENDCHAR
STARTCHAR 2218
ENCODING 8728
SWIDTH 687 0
DWIDTH 11 0
BBX 4 4 3 3
BITMAP
F0
90
D0
70
ENDCHAR
STARTCHAR 2219
ENCODING 8729
SWIDTH 687 0
DWIDTH 11 0
BBX 6 6 2 2
BITMAP
78
FC
FC
FC
FC
78
ENDCHAR
STARTCHAR 221A
ENCODING 8730
SWIDTH 687 0
DWIDTH 11 0
BBX 10 15 1 -2
BITMAP
00C0
00C0
00C0
0180
0180
0180
0300
0300
C300
C600
6600
6400
3C00
3C00
1800
ENDCHAR
STARTCHAR 221B
ENCODING 8731
SWIDTH 687 0
DWIDTH 11 0
BBX 10 16 0 -2
BITMAP
0040
F0C0
20C0
60C0
1180
9180
F180
0300
0300
C300
6600
6600
3600
1C00
1C00
0C00
ENDCHAR
STARTCHAR 221C
ENCODING 8732
SWIDTH 687 0
DWIDTH 11 0
BBX 11 15 1 -2
BITMAP
0060
60C0
60C0
A080
F180
3180
0100
0300
C300
6200
6600
3600
3400
1C00
1C00
ENDCHAR
STARTCHAR 221D
ENCODING 8733
SWIDTH 1312 0
DWIDTH 21 0
BBX 15 9 3 1
BITMAP
380E
7E3E
C770
C3C0
C180
C1C0
C760
7E3E
381E
ENDCHAR
STARTCHAR 221E
ENCODING 8734
SWIDTH 1312 0
DWIDTH 21 0
BBX 15 9 3 1
BITMAP
3838
7EFC
C6C6
C386
C106
C386
C6C6
7EFC
3838
ENDCHAR
STARTCHAR 221F
ENCODING 8735
SWIDTH 687 0
DWIDTH 11 0
BBX 8 8 1 1
BITMAP
C0
C0
C0
C0
C0
C0
C0
FF
ENDCHAR
STARTCHAR 2220
ENCODING 8736
SWIDTH 687 0
DWIDTH 11 0
BBX 7 8 2 1
BITMAP
02
02
06
0C
18
30
60
FE
ENDCHAR
STARTCHAR 2221
ENCODING 8737
SWIDTH 687 0
DWIDTH 11 0
BBX 8 9 2 0
BITMAP
01
03
06
3C
18
38
68
FF
0C
ENDCHAR
STARTCHAR 2222
ENCODING 8738
SWIDTH 687 0
DWIDTH 11 0
BBX 9 9 1 1
BITMAP
0880
0F80
0E00
3C00
E600
3C00
0E00
0F80
0880
ENDCHAR
STARTCHAR 2223
ENCODING 8739
SWIDTH 687 0
DWIDTH 11 0
BBX 2 12 4 -1
BITMAP
C0
C0
C0
C0
C0
C0
C0
C0
C0
C0
C0
C0
ENDCHAR
STARTCHAR 2224
ENCODING 8740
SWIDTH 687 0
DWIDTH 11 0
BBX 6 12 2 -1
BITMAP
30
30
34
3C
38
30
70
F0
B0
30
30
30
ENDCHAR
STARTCHAR 2225
ENCODING 8741
SWIDTH 687 0
DWIDTH 11 0
BBX 5 12 3 -1
BITMAP
98
98
98
98
98
98
98
98
98
98
98
98
ENDCHAR
STARTCHAR 2226
ENCODING 8742
SWIDTH 687 0
DWIDTH 11 0
BBX 8 12 1 -1
BITMAP
26
26
26
27
26
2E
3E
66
E6
26
26
26
ENDCHAR
STARTCHAR 2227
ENCODING 8743
SWIDTH 687 0
DWIDTH 11 0
BBX 7 11 2 0
BITMAP
30
38
38
78
68
6C
6C
CC
CC
C4
C6
ENDCHAR
STARTCHAR 2228
ENCODING 8744
SWIDTH 687 0
DWIDTH 11 0
BBX 7 11 2 0
BITMAP
C6
C6
CC
CC
6C
6C
68
78
38
38
30
ENDCHAR
STARTCHAR 2229
ENCODING 8745
SWIDTH 687 0
DWIDTH 11 0
BBX 7 12 2 0
BITMAP
10
7C
C6
C6
C6
C6
C6
C6
C6
C6
C6
C6
ENDCHAR
STARTCHAR 222A
ENCODING 8746
SWIDTH 687 0
DWIDTH 11 0
BBX 7 12 2 -1
BITMAP
C6
C6
C6
C6
C6
C6
C6
C6
C6
C6
7C
10
ENDCHAR
STARTCHAR 222B
ENCODING 8747
SWIDTH 687 0
DWIDTH 11 0
BBX 6 17 2 -3
BITMAP
04
1C
30
30
30
30
30
30
30
30
30
30
30
30
30
E0
80
ENDCHAR
STARTCHAR 222C
ENCODING 8748
SWIDTH 687 0
DWIDTH 11 0
BBX 10 17 0 -3
BITMAP
0440
1DC0
3300
3300
3300
3300
3300
3300
3300
3300
3300
3300
3300
3300
3300
EE00
8800
ENDCHAR
STARTCHAR 222D
ENCODING 8749
SWIDTH 687 0
DWIDTH 11 0
BBX 11 15 0 -2
BITMAP
3FE0
2480
6D80
6D80
6D80
6D80
6D80
6D80
6D80
6D80
6D80
6D80
6D80
6D80
DB00
ENDCHAR
STARTCHAR 222E
ENCODING 8750
SWIDTH 687 0
DWIDTH 11 0
BBX 8 17 1 -3
BITMAP
02
0E
18
18
18
3E
7B
5B
DB
5B
7B
3E
18
18
18
70
40
ENDCHAR
STARTCHAR 222F
ENCODING 8751
SWIDTH 687 0
DWIDTH 11 0
BBX 9 15 1 -2
BITMAP
1B00
3600
3600
3600
7E00
E700
A580
A480
A580
E700
7E00
3600
3600
2400
7C00
ENDCHAR
STARTCHAR 2230
ENCODING 8752
SWIDTH 687 0
DWIDTH 11 0
BBX 10 15 0 -2
BITMAP
1780
2900
2900
2900
3F00
6980
A940
A940
A940
6980
3F00
2900
2900
2900
7E00
ENDCHAR
STARTCHAR 2231
ENCODING 8753
SWIDTH 687 0
DWIDTH 11 0
BBX 8 17 1 -3
BITMAP
02
0E
18
18
18
3E
7A
5B
DB
18
18
18
18
18
18
70
40
ENDCHAR
STARTCHAR 2232
ENCODING 8754
SWIDTH 687 0
DWIDTH 11 0
BBX 8 17 1 -3
BITMAP
02
0E
18
18
18
3E
7B
5B
DB
58
7B
3E
18
18
18
70
40
ENDCHAR
STARTCHAR 2233
ENCODING 8755
SWIDTH 687 0
DWIDTH 11 0
BBX 8 17 1 -3
BITMAP
02
0E
18
18
18
3E
7B
58
DB
5B
7B
3E
18
18
18
70
40
ENDCHAR
STARTCHAR 2234
ENCODING 8756
SWIDTH 687 0
DWIDTH 11 0
BBX 8 9 1 1
BITMAP
18
18
18
00
00
00
E7
E7
63
ENDCHAR
STARTCHAR 2235
ENCODING 8757
SWIDTH 687 0
DWIDTH 11 0
BBX 8 9 1 1
BITMAP
63
E7
E7
00
00
00
18
18
18
ENDCHAR
STARTCHAR 2236
ENCODING 8758
SWIDTH 687 0
DWIDTH 11 0
BBX 3 9 4 1
BITMAP
C0
E0
E0
00
00
00
E0
E0
C0
ENDCHAR
STARTCHAR 2237
ENCODING 8759
SWIDTH 687 0
DWIDTH 11 0
BBX 8 9 1 1
BITMAP
63
E7
E7
00
00
00
E7
E7
63
ENDCHAR
STARTCHAR 2238
ENCODING 8760
SWIDTH 687 0
DWIDTH 11 0
BBX 7 7 2 4
BITMAP
10
38
30
00
00
FE
FE
ENDCHAR
STARTCHAR 2239
ENCODING 8761
SWIDTH 687 0
DWIDTH 11 0
BBX 9 9 1 1
BITMAP
0100
0380
0180
0000
FC00
FC00
0100
0380
0180
ENDCHAR
STARTCHAR 223A
ENCODING 8762
SWIDTH 687 0
DWIDTH 11 0
BBX 8 11 1 0
BITMAP
42
E7
63
00
00
7F
7F
00
63
E7
42
ENDCHAR
STARTCHAR 223B
ENCODING 8763
SWIDTH 687 0
DWIDTH 11 0
BBX 8 11 1 0
BITMAP
08
1C
18
00
31
FF
4E
00
18
1C
08
ENDCHAR
STARTCHAR 223C
ENCODING 8764
SWIDTH 687 0
DWIDTH 11 0
BBX 8 3 1 4
BITMAP
31
FF
4E
ENDCHAR
STARTCHAR 223D
ENCODING 8765
SWIDTH 687 0
DWIDTH 11 0
BBX 8 3 1 4
BITMAP
4E
FF
71
ENDCHAR
STARTCHAR 223E
ENCODING 8766
SWIDTH 1312 0
DWIDTH 21 0
BBX 15 9 3 1
BITMAP
3818
7E1C
C606
C306
C106
C186
C0C6
70FC
3078
ENDCHAR
STARTCHAR 223F
ENCODING 8767
SWIDTH 687 0
DWIDTH 11 0
BBX 9 9 1 1
BITMAP
6000
F000
9000
9800
9800
0980
0D80
0D00
0700
ENDCHAR
STARTCHAR 2240
ENCODING 8768
SWIDTH 687 0
DWIDTH 11 0
BBX 4 9 3 1
BITMAP
20
30
30
30
60
C0
C0
E0
40
ENDCHAR
STARTCHAR 2241
ENCODING 8769
SWIDTH 687 0
DWIDTH 11 0
BBX 8 13 1 -1
BITMAP
04
06
04
0C
0C
39
FF
5E
10
10
30
30
20
ENDCHAR
STARTCHAR 2242
ENCODING 8770
SWIDTH 687 0
DWIDTH 11 0
BBX 9 5 1 2
BITMAP
7F00
7F00
0000
7980
CF00
ENDCHAR
STARTCHAR 2243
ENCODING 8771
SWIDTH 687 0
DWIDTH 11 0
BBX 9 5 1 3
BITMAP
7980
CF00
0400
7F00
7F00
ENDCHAR
STARTCHAR 2244
ENCODING 8772
SWIDTH 687 0
DWIDTH 11 0
BBX 9 13 1 -1
BITMAP
0400
0600
0400
0400
7D80
CF00
0C00
7F00
7F00
1000
3000
3000
2000
ENDCHAR
STARTCHAR 2245
ENCODING 8773
SWIDTH 687 0
DWIDTH 11 0
BBX 8 8 1 2
BITMAP
31
FF
4E
00
7F
00
7F
7F
ENDCHAR
STARTCHAR 2246
ENCODING 8774
SWIDTH 687 0
DWIDTH 11 0
BBX 8 9 1 1
BITMAP
31
FF
4E
06
7F
0C
7F
7F
30
ENDCHAR
STARTCHAR 2247
ENCODING 8775
SWIDTH 687 0
DWIDTH 11 0
BBX 8 16 1 -3
BITMAP
06
06
04
04
35
FF
4E
08
7F
18
7F
7F
10
30
30
30
ENDCHAR
STARTCHAR 2248
ENCODING 8776
SWIDTH 687 0
DWIDTH 11 0
BBX 9 6 1 2
BITMAP
7B80
CF00
0400
7B80
DF00
0400
ENDCHAR
STARTCHAR 2249
ENCODING 8777
SWIDTH 687 0
DWIDTH 11 0
BBX 9 13 1 -1
BITMAP
0400
0600
0400
0C00
7F80
CF00
0C00
7B80
DF00
1400
3000
3000
2000
ENDCHAR
STARTCHAR 224A
ENCODING 8778
SWIDTH 687 0
DWIDTH 11 0
BBX 8 9 1 1
BITMAP
31
FF
4E
31
7F
4E
00
7F
7F
ENDCHAR
STARTCHAR 224B
ENCODING 8779
SWIDTH 687 0
DWIDTH 11 0
BBX 8 9 1 1
BITMAP
31
FF
4E
31
FF
4E
31
FF
4E
ENDCHAR
STARTCHAR 224C
ENCODING 8780
SWIDTH 687 0
DWIDTH 11 0
BBX 8 8 1 2
BITMAP
4E
FF
79
00
7F
00
7F
7F
ENDCHAR
STARTCHAR 224D
ENCODING 8781
SWIDTH 687 0
DWIDTH 11 0
BBX 7 7 2 2
BITMAP
82
FE
10
00
10
FE
82
ENDCHAR
STARTCHAR 224E
ENCODING 8782
SWIDTH 687 0
DWIDTH 11 0
BBX 8 9 1 1
BITMAP
18
3C
E7
E7
00
00
E7
24
3C
ENDCHAR
STARTCHAR 224F
ENCODING 8783
SWIDTH 687 0
DWIDTH 11 0
BBX 7 7 2 3
BITMAP
38
7C
CE
CE
00
FE
FE
ENDCHAR
STARTCHAR 2250
ENCODING 8784
SWIDTH 687 0
DWIDTH 11 0
BBX 7 8 2 3
BITMAP
38
38
00
FE
FE
00
FE
FE
ENDCHAR
STARTCHAR 2251
ENCODING 8785
SWIDTH 687 0
DWIDTH 11 0
BBX 7 12 2 -1
BITMAP
38
38
00
FE
FE
00
00
FE
00
30
38
10
ENDCHAR
STARTCHAR 2252
ENCODING 8786
SWIDTH 687 0
DWIDTH 11 0
BBX 8 12 1 -1
BITMAP
E0
60
00
FF
FF
00
00
FF
00
03
07
02
ENDCHAR
STARTCHAR 2253
ENCODING 8787
SWIDTH 687 0
DWIDTH 11 0
BBX 8 12 1 -1
BITMAP
07
03
00
FF
FF
00
00
FF
00
60
E0
40
ENDCHAR
STARTCHAR 2254
ENCODING 8788
SWIDTH 687 0
DWIDTH 11 0
BBX 10 9 0 1
BITMAP
6000
E000
6FC0
0FC0
0000
0000
4FC0
E000
6000
ENDCHAR
STARTCHAR 2255
ENCODING 8789
SWIDTH 687 0
DWIDTH 11 0
BBX 9 9 1 1
BITMAP
0180
0380
FD80
FC00
0000
0000
FD00
0380
0180
ENDCHAR
STARTCHAR 2256
ENCODING 8790
SWIDTH 687 0
DWIDTH 11 0
BBX 7 5 2 3
BITMAP
FE
EE
6C
EE
FE
ENDCHAR
STARTCHAR 2257
ENCODING 8791
SWIDTH 687 0
DWIDTH 11 0
BBX 7 10 2 3
BITMAP
38
28
38
00
00
FE
FE
00
FE
FE
ENDCHAR
STARTCHAR 2258
ENCODING 8792
SWIDTH 687 0
DWIDTH 11 0
BBX 7 9 2 3
BITMAP
38
C6
00
00
FE
FE
00
FE
FE
ENDCHAR
STARTCHAR 2259
ENCODING 8793
SWIDTH 687 0
DWIDTH 11 0
BBX 7 10 2 3
BITMAP
10
28
48
44
00
FE
FE
00
FE
FE
ENDCHAR
STARTCHAR 225A
ENCODING 8794
SWIDTH 687 0
DWIDTH 11 0
BBX 7 10 2 3
BITMAP
44
28
30
10
00
FE
FE
00
FE
FE
ENDCHAR
STARTCHAR 225B
ENCODING 8795
SWIDTH 687 0
DWIDTH 11 0
BBX 7 10 2 4
BITMAP
10
78
30
28
00
FE
FE
00
FE
FE
ENDCHAR
STARTCHAR 225C
ENCODING 8796
SWIDTH 687 0
DWIDTH 11 0
BBX 7 10 2 3
BITMAP
10
28
48
44
38
FE
FE
00
FE
FE
ENDCHAR
STARTCHAR 225D
ENCODING 8797
SWIDTH 687 0
DWIDTH 11 0
BBX 9 10 1 3
BITMAP
2180
FD80
B100
ED80
0000
7F00
7F00
0000
7F00
7F00
ENDCHAR
STARTCHAR 225E
ENCODING 8798
SWIDTH 687 0
DWIDTH 11 0
BBX 7 10 2 3
BITMAP
78
58
58
58
00
FE
FE
00
FE
FE
ENDCHAR
STARTCHAR 225F
ENCODING 8799
SWIDTH 687 0
DWIDTH 11 0
BBX 7 12 2 3
BITMAP
30
28
18
00
10
00
00
FE
FE
00
FE
FE
ENDCHAR
STARTCHAR 2260
ENCODING 8800
SWIDTH 687 0
DWIDTH 11 0
BBX 7 16 2 -3
BITMAP
08
0C
08
08
08
18
FE
FE
10
FE
FE
20
20
60
60
60
ENDCHAR
STARTCHAR 2261
ENCODING 8801
SWIDTH 687 0
DWIDTH 11 0
BBX 7 7 2 2
BITMAP
FE
FE
00
FE
FE
FE
FE
ENDCHAR
STARTCHAR 2262
ENCODING 8802
SWIDTH 687 0
DWIDTH 11 0
BBX 7 17 2 -3
BITMAP
0C
0C
08
08
08
FE
FE
10
FE
FE
FE
FE
20
20
60
60
40
ENDCHAR
STARTCHAR 2263
ENCODING 8803
SWIDTH 687 0
DWIDTH 11 0
BBX 7 9 2 1
BITMAP
FE
FE
FE
FE
00
FE
00
FE
FE
ENDCHAR
STARTCHAR 2264
ENCODING 8804
SWIDTH 687 0
DWIDTH 11 0
BBX 7 12 2 -1
BITMAP
06
1E
78
E0
C0
70
3C
0E
02
00
FE
FE
ENDCHAR
STARTCHAR 2265
ENCODING 8805
SWIDTH 687 0
DWIDTH 11 0
BBX 8 12 1 -1
BITMAP
60
78
1C
07
03
0E
38
F0
40
00
7F
7F
ENDCHAR
STARTCHAR 2266
ENCODING 8806
SWIDTH 687 0
DWIDTH 11 0
BBX 7 11 2 0
BITMAP
06
1C
70
C0
E0
38
0E
02
FE
00
FE
ENDCHAR
STARTCHAR 2267
ENCODING 8807
SWIDTH 687 0
DWIDTH 11 0
BBX 8 11 1 0
BITMAP
60
38
0E
03
07
3C
F0
00
7F
00
7F
ENDCHAR
STARTCHAR 2268
ENCODING 8808
SWIDTH 687 0
DWIDTH 11 0
BBX 7 12 2 -1
BITMAP
06
1C
70
C0
E0
38
0E
0A
FE
10
FE
20
ENDCHAR
STARTCHAR 2269
ENCODING 8809
SWIDTH 687 0
DWIDTH 11 0
BBX 8 12 1 -1
BITMAP
60
78
0E
03
07
1C
F0
44
7F
08
7F
10
ENDCHAR
STARTCHAR 226A
ENCODING 8810
SWIDTH 687 0
DWIDTH 11 0
BBX 9 9 1 0
BITMAP
0D80
3B00
7600
DC00
9000
DC00
6E00
3B00
1D80
ENDCHAR
STARTCHAR 226B
ENCODING 8811
SWIDTH 687 0
DWIDTH 11 0
BBX 10 10 0 0
BITMAP
6C00
7600
1B00
0D80
04C0
0DC0
1B00
3600
EC00
4000
ENDCHAR
STARTCHAR 226C
ENCODING 8812
SWIDTH 687 0
DWIDTH 11 0
BBX 6 9 2 1
BITMAP
48
7C
78
CC
CC
CC
78
78
48
ENDCHAR
STARTCHAR 226D
ENCODING 8813
SWIDTH 687 0
DWIDTH 11 0
BBX 7 16 2 -3
BITMAP
08
0C
08
08
08
9A
FE
10
10
30
FE
A2
20
60
60
60
ENDCHAR
STARTCHAR 226E
ENCODING 8814
SWIDTH 687 0
DWIDTH 11 0
BBX 7 16 2 -2
BITMAP
04
0C
0C
0E
1C
78
F8
98
F0
70
3C
3E
22
20
20
20
ENDCHAR
STARTCHAR 226F
ENCODING 8815
SWIDTH 687 0
DWIDTH 11 0
BBX 8 16 1 -2
BITMAP
04
0C
0C
E8
78
1C
1F
13
17
3C
38
F0
20
20
60
60
ENDCHAR
STARTCHAR 2270
ENCODING 8816
SWIDTH 687 0
DWIDTH 11 0
BBX 7 17 2 -3
BITMAP
04
04
04
0E
1E
78
E8
D8
78
3C
1E
12
30
FE
FE
20
20
ENDCHAR
STARTCHAR 2271
ENCODING 8817
SWIDTH 687 0
DWIDTH 11 0
BBX 8 16 1 -2
BITMAP
04
0C
6C
78
1C
1F
1B
1E
38
F0
70
30
7F
7F
60
20
ENDCHAR
STARTCHAR 2272
ENCODING 8818
SWIDTH 687 0
DWIDTH 11 0
BBX 8 12 1 0
BITMAP
03
0E
38
60
60
38
0E
07
01
31
FF
4E
ENDCHAR
STARTCHAR 2273
ENCODING 8819
SWIDTH 687 0
DWIDTH 11 0
BBX 8 12 1 0
BITMAP
E0
78
1E
07
07
1E
38
E0
00
31
FF
4E
ENDCHAR
STARTCHAR 2274
ENCODING 8820
SWIDTH 687 0
DWIDTH 11 0
BBX 8 16 1 -2
BITMAP
02
02
06
07
0E
3C
64
6C
3C
0E
0F
19
39
FF
5E
30
ENDCHAR
STARTCHAR 2275
ENCODING 8821
SWIDTH 687 0
DWIDTH 11 0
BBX 8 16 1 -2
BITMAP
04
0C
0C
EC
78
1E
1F
1F
1E
38
F0
30
31
FF
6E
60
ENDCHAR
STARTCHAR 2276
ENCODING 8822
SWIDTH 687 0
DWIDTH 11 0
BBX 8 13 1 -1
BITMAP
01
0F
3C
60
70
3C
F7
3D
07
07
1E
70
40
ENDCHAR
STARTCHAR 2277
ENCODING 8823
SWIDTH 687 0
DWIDTH 11 0
BBX 8 13 1 -1
BITMAP
40
70
1C
07
07
1D
F7
5C
70
60
38
0F
03
ENDCHAR
STARTCHAR 2278
ENCODING 8824
SWIDTH 687 0
DWIDTH 11 0
BBX 8 17 1 -3
BITMAP
04
06
05
0F
3C
6C
78
3C
FF
3D
1F
17
1E
70
70
20
20
ENDCHAR
STARTCHAR 2279
ENCODING 8825
SWIDTH 687 0
DWIDTH 11 0
BBX 8 17 1 -3
BITMAP
04
06
44
74
1C
0F
0F
1D
FF
5C
78
70
38
3F
33
20
20
ENDCHAR
STARTCHAR 227A
ENCODING 8826
SWIDTH 687 0
DWIDTH 11 0
BBX 8 9 2 1
BITMAP
03
06
06
1C
F0
F8
0C
06
03
ENDCHAR
STARTCHAR 227B
ENCODING 8827
SWIDTH 687 0
DWIDTH 11 0
BBX 8 9 1 1
BITMAP
C0
C0
60
30
1F
3F
60
C0
C0
ENDCHAR
STARTCHAR 227C
ENCODING 8828
SWIDTH 687 0
DWIDTH 11 0
BBX 8 11 2 0
BITMAP
03
06
0C
F8
F8
0C
F6
7F
0E
06
03
ENDCHAR
STARTCHAR 227D
ENCODING 8829
SWIDTH 687 0
DWIDTH 11 0
BBX 8 11 1 0
BITMAP
C0
C0
70
1F
1F
70
EF
FE
60
C0
C0
ENDCHAR
STARTCHAR 227E
ENCODING 8830
SWIDTH 687 0
DWIDTH 11 0
BBX 9 12 1 -1
BITMAP
0100
0300
0600
7C00
7800
0E00
0300
0180
0000
3100
FF00
4E00
ENDCHAR
STARTCHAR 227F
ENCODING 8831
SWIDTH 687 0
DWIDTH 11 0
BBX 8 12 1 -1
BITMAP
C0
C0
60
3F
1F
30
60
C0
00
31
FF
4E
ENDCHAR
STARTCHAR 2280
ENCODING 8832
SWIDTH 687 0
DWIDTH 11 0
BBX 8 16 2 -3
BITMAP
04
04
0C
0F
0E
0E
1C
F8
F8
1C
36
33
30
20
20
60
ENDCHAR
STARTCHAR 2281
ENCODING 8833
SWIDTH 687 0
DWIDTH 11 0
BBX 8 16 1 -3
BITMAP
04
0C
0C
C8
C8
78
38
1F
3F
70
F0
F0
20
20
60
60
ENDCHAR
STARTCHAR 2282
ENCODING 8834
SWIDTH 687 0
DWIDTH 11 0
BBX 8 9 1 1
BITMAP
3F
7F
E0
C0
C0
C0
E0
7F
3F
ENDCHAR
STARTCHAR 2283
ENCODING 8835
SWIDTH 687 0
DWIDTH 11 0
BBX 7 9 2 1
BITMAP
F8
FC
06
06
06
06
06
FC
F8
ENDCHAR
STARTCHAR 2284
ENCODING 8836
SWIDTH 687 0
DWIDTH 11 0
BBX 8 16 1 -3
BITMAP
02
06
06
04
3F
7F
EC
CC
C8
C8
F8
7F
3F
10
30
30
ENDCHAR
STARTCHAR 2285
ENCODING 8837
SWIDTH 687 0
DWIDTH 11 0
BBX 7 17 2 -3
BITMAP
08
18
18
10
F8
FC
36
36
26
26
66
FC
F8
40
40
C0
40
ENDCHAR
STARTCHAR 2286
ENCODING 8838
SWIDTH 687 0
DWIDTH 11 0
BBX 8 12 1 -1
BITMAP
0F
7F
E0
C0
C0
C0
7F
3F
00
00
FF
FF
ENDCHAR
STARTCHAR 2287
ENCODING 8839
SWIDTH 687 0
DWIDTH 11 0
BBX 7 12 2 -1
BITMAP
F0
FC
06
06
06
06
FE
F8
00
00
FE
FE
ENDCHAR
STARTCHAR 2288
ENCODING 8840
SWIDTH 687 0
DWIDTH 11 0
BBX 8 16 1 -3
BITMAP
06
06
0F
7F
E4
CC
CC
C8
7F
3F
18
10
FF
FF
30
20
ENDCHAR
STARTCHAR 2289
ENCODING 8841
SWIDTH 687 0
DWIDTH 11 0
BBX 7 16 2 -3
BITMAP
08
18
F8
FC
16
16
36
36
FE
F8
60
60
FE
FE
C0
40
ENDCHAR
STARTCHAR 228A
ENCODING 8842
SWIDTH 687 0
DWIDTH 11 0
BBX 8 13 1 -2
BITMAP
0F
7F
E0
C0
C0
C0
7F
3F
0C
0C
FF
FF
30
ENDCHAR
STARTCHAR 228B
ENCODING 8843
SWIDTH 687 0
DWIDTH 11 0
BBX 7 13 2 -2
BITMAP
F0
FC
06
06
06
06
FE
F8
0C
18
FE
FE
60
ENDCHAR
STARTCHAR 228C
ENCODING 8844
SWIDTH 687 0
DWIDTH 11 0
BBX 8 12 1 0
BITMAP
C3
C3
C3
C3
C3
C3
C3
D3
FF
52
66
3C
ENDCHAR
STARTCHAR 228D
ENCODING 8845
SWIDTH 687 0
DWIDTH 11 0
BBX 8 11 1 0
BITMAP
C3
C3
C3
C3
C3
C3
DB
DB
5A
66
3C
ENDCHAR
STARTCHAR 228E
ENCODING 8846
SWIDTH 687 0
DWIDTH 11 0
BBX 8 11 1 0
BITMAP
C3
C3
C3
C3
C3
C3
DB
FF
5A
66
3C
ENDCHAR
STARTCHAR 228F
ENCODING 8847
SWIDTH 687 0
DWIDTH 11 0
BBX 7 9 2 1
BITMAP
FE
FE
C0
C0
C0
C0
C0
FE
FE
ENDCHAR
STARTCHAR 2290
ENCODING 8848
SWIDTH 687 0
DWIDTH 11 0
BBX 7 9 2 1
BITMAP
FE
FE
06
06
06
06
06
FE
FE
ENDCHAR
STARTCHAR 2291
ENCODING 8849
SWIDTH 687 0
DWIDTH 11 0
BBX 7 12 2 -1
BITMAP
FE
FE
C0
C0
C0
C0
FE
FE
00
00
FE
FE
ENDCHAR
STARTCHAR 2292
ENCODING 8850
SWIDTH 687 0
DWIDTH 11 0
BBX 7 12 2 -1
BITMAP
FE
FE
06
06
06
06
FE
FE
00
00
FE
FE
ENDCHAR
STARTCHAR 2293
ENCODING 8851
SWIDTH 687 0
DWIDTH 11 0
BBX 7 12 2 0
BITMAP
FE
FE
C6
C6
C6
C6
C6
C6
C6
C6
C6
C6
ENDCHAR
STARTCHAR 2294
ENCODING 8852
SWIDTH 687 0
DWIDTH 11 0
BBX 7 12 2 -1
BITMAP
C6
C6
C6
C6
C6
C6
C6
C6
C6
C6
FE
FE
ENDCHAR
STARTCHAR 2295
ENCODING 8853
SWIDTH 687 0
DWIDTH 11 0
BBX 9 9 1 1
BITMAP
1800
7E00
4B00
C900
FF80
C980
C900
6F00
3C00
ENDCHAR
STARTCHAR 2296
ENCODING 8854
SWIDTH 687 0
DWIDTH 11 0
BBX 9 9 1 1
BITMAP
3C00
6600
C300
C180
FF80
C100
C100
6600
3C00
ENDCHAR
STARTCHAR 2297
ENCODING 8855
SWIDTH 687 0
DWIDTH 11 0
BBX 9 9 1 1
BITMAP
3C00
6600
F700
FD00
D980
FD00
E700
6600
3C00
ENDCHAR
STARTCHAR 2298
ENCODING 8856
SWIDTH 687 0
DWIDTH 11 0
BBX 9 9 1 1
BITMAP
3C00
6200
C700
CD00
D980
F100
E300
6600
3C00
ENDCHAR
STARTCHAR 2299
ENCODING 8857
SWIDTH 687 0
DWIDTH 11 0
BBX 9 9 1 1
BITMAP
3C00
6600
C300
D900
DD80
DD00
C300
6600
3C00
ENDCHAR
STARTCHAR 229A
ENCODING 8858
SWIDTH 687 0
DWIDTH 11 0
BBX 9 9 1 1
BITMAP
1C00
7700
5D00
E380
E380
E380
DD00
6300
3C00
ENDCHAR
STARTCHAR 229B
ENCODING 8859
SWIDTH 687 0
DWIDTH 11 0
BBX 9 9 1 1
BITMAP
1800
7E00
4B00
EF00
DD80
FF00
CB00
6F00
3C00
ENDCHAR
STARTCHAR 229C
ENCODING 8860
SWIDTH 687 0
DWIDTH 11 0
BBX 9 9 1 1
BITMAP
3C00
6600
C300
FF00
C180
FF00
C300
6600
3C00
ENDCHAR
STARTCHAR 229D
ENCODING 8861
SWIDTH 687 0
DWIDTH 11 0
BBX 9 9 1 1
BITMAP
3C00
6600
C300
C100
FF80
C100
C300
6600
3C00
ENDCHAR
STARTCHAR 229E
ENCODING 8862
SWIDTH 687 0
DWIDTH 11 0
BBX 8 8 1 1
BITMAP
FF
D9
D9
FF
D9
D9
D9
FF
ENDCHAR
STARTCHAR 229F
ENCODING 8863
SWIDTH 687 0
DWIDTH 11 0
BBX 9 8 1 1
BITMAP
FF80
C180
C180
FF80
C180
C180
C180
FF80
ENDCHAR
STARTCHAR 22A0
ENCODING 8864
SWIDTH 687 0
DWIDTH 11 0
BBX 9 8 1 1
BITMAP
FF80
E380
F780
DD80
DD80
F780
E380
FF80
ENDCHAR
STARTCHAR 22A1
ENCODING 8865
SWIDTH 687 0
DWIDTH 11 0
BBX 9 8 1 1
BITMAP
FF80
C180
D980
DD80
DD80
C180
C180
FF80
ENDCHAR
STARTCHAR 22A2
ENCODING 8866
SWIDTH 687 0
DWIDTH 11 0
BBX 7 12 2 -1
BITMAP
C0
C0
C0
C0
C0
FE
FE
C0
C0
C0
C0
C0
ENDCHAR
STARTCHAR 22A3
ENCODING 8867
SWIDTH 687 0
DWIDTH 11 0
BBX 7 12 2 -1
BITMAP
06
06
06
06
06
FE
FE
06
06
06
06
06
ENDCHAR
STARTCHAR 22A4
ENCODING 8868
SWIDTH 687 0
DWIDTH 11 0
BBX 8 12 1 0
BITMAP
FF
FF
18
18
18
18
18
18
18
18
18
18
ENDCHAR
STARTCHAR 22A5
ENCODING 8869
SWIDTH 687 0
DWIDTH 11 0
BBX 8 12 1 -1
BITMAP
18
18
18
18
18
18
18
18
18
18
FF
FF
ENDCHAR
STARTCHAR 22A6
ENCODING 8870
SWIDTH 687 0
DWIDTH 11 0
BBX 6 12 2 -1
BITMAP
C0
C0
C0
C0
C0
FC
FC
C0
C0
C0
C0
C0
ENDCHAR
STARTCHAR 22A7
ENCODING 8871
SWIDTH 687 0
DWIDTH 11 0
BBX 6 12 2 -1
BITMAP
C0
C0
C0
FC
FC
C0
C0
FC
FC
C0
C0
C0
ENDCHAR
STARTCHAR 22A8
ENCODING 8872
SWIDTH 687 0
DWIDTH 11 0
BBX 7 12 2 -1
BITMAP
C0
C0
C0
FE
FE
C0
C0
FE
FE
C0
C0
C0
ENDCHAR
STARTCHAR 22A9
ENCODING 8873
SWIDTH 687 0
DWIDTH 11 0
BBX 8 12 1 -1
BITMAP
D8
D8
D8
D8
D8
DF
DF
D8
D8
D8
D8
D8
ENDCHAR
STARTCHAR 22AA
ENCODING 8874
SWIDTH 687 0
DWIDTH 11 0
BBX 7 12 2 -1
BITMAP
A8
A8
A8
A8
A8
AE
AE
A8
A8
A8
A8
A8
ENDCHAR
STARTCHAR 22AB
ENCODING 8875
SWIDTH 687 0
DWIDTH 11 0
BBX 8 12 1 -1
BITMAP
D8
D8
D8
DF
DF
D8
D8
DF
DF
D8
D8
D8
ENDCHAR
STARTCHAR 22AC
ENCODING 8876
SWIDTH 687 0
DWIDTH 11 0
BBX 7 16 2 -3
BITMAP
04
0C
CC
C8
C8
D8
D8
FE
FE
D0
F0
F0
E0
E0
60
60
ENDCHAR
STARTCHAR 22AD
ENCODING 8877
SWIDTH 687 0
DWIDTH 11 0
BBX 7 16 2 -3
BITMAP
04
0C
CC
C8
C8
FE
FE
D0
D0
FE
FE
F0
E0
E0
60
60
ENDCHAR
STARTCHAR 22AE
ENCODING 8878
SWIDTH 687 0
DWIDTH 11 0
BBX 8 16 1 -3
BITMAP
06
04
DC
DC
DC
D8
D8
DF
DF
D8
D8
D8
F8
F8
20
20
ENDCHAR
STARTCHAR 22AF
ENCODING 8879
SWIDTH 687 0
DWIDTH 11 0
BBX 8 16 1 -3
BITMAP
06
04
DC
DC
DC
DF
DF
D8
D8
DF
DF
D8
F8
F8
20
20
ENDCHAR
STARTCHAR 22B0
ENCODING 8880
SWIDTH 687 0
DWIDTH 11 0
BBX 7 10 2 1
BITMAP
0E
06
06
1C
F0
F8
0E
06
0E
08
ENDCHAR
STARTCHAR 22B1
ENCODING 8881
SWIDTH 687 0
DWIDTH 11 0
BBX 7 11 2 0
BITMAP
20
E0
C0
C0
70
1E
7E
C0
C0
E0
20
ENDCHAR
STARTCHAR 22B2
ENCODING 8882
SWIDTH 687 0
DWIDTH 11 0
BBX 7 11 2 0
BITMAP
02
06
1E
76
E6
86
E6
76
1E
0E
02
ENDCHAR
STARTCHAR 22B3
ENCODING 8883
SWIDTH 687 0
DWIDTH 11 0
BBX 7 11 2 0
BITMAP
80
C0
F0
F8
CE
C2
CE
DC
F0
C0
80
ENDCHAR
STARTCHAR 22B4
ENCODING 8884
SWIDTH 687 0
DWIDTH 11 0
BBX 7 12 2 0
BITMAP
06
1E
7E
E6
C6
76
3E
0E
02
00
FE
FE
ENDCHAR
STARTCHAR 22B5
ENCODING 8885
SWIDTH 687 0
DWIDTH 11 0
BBX 7 12 2 0
BITMAP
C0
F0
FC
CE
C6
DC
F8
E0
80
00
FE
FE
ENDCHAR
STARTCHAR 22B6
ENCODING 8886
SWIDTH 687 0
DWIDTH 11 0
BBX 7 3 2 4
BITMAP
EE
BE
EE
ENDCHAR
STARTCHAR 22B7
ENCODING 8887
SWIDTH 687 0
DWIDTH 11 0
BBX 7 3 2 4
BITMAP
EE
FA
EE
ENDCHAR
STARTCHAR 22B8
ENCODING 8888
SWIDTH 687 0
DWIDTH 11 0
BBX 8 4 1 3
BITMAP
0F
FB
FB
0E
ENDCHAR
STARTCHAR 22B9
ENCODING 8889
SWIDTH 687 0
DWIDTH 11 0
BBX 7 8 2 1
BITMAP
30
30
30
C6
00
30
30
30
ENDCHAR
STARTCHAR 22BA
ENCODING 8890
SWIDTH 687 0
DWIDTH 11 0
BBX 6 12 2 0
BITMAP
FC
FC
30
30
30
30
30
30
30
30
30
30
ENDCHAR
STARTCHAR 22BB
ENCODING 8891
SWIDTH 687 0
DWIDTH 11 0
BBX 7 12 2 -1
BITMAP
C6
C6
4C
6C
6C
78
38
38
30
00
FE
FE
ENDCHAR
STARTCHAR 22BC
ENCODING 8892
SWIDTH 687 0
DWIDTH 11 0
BBX 7 12 2 0
BITMAP
FE
FE
00
30
38
38
78
6C
6C
4C
C6
C6
ENDCHAR
STARTCHAR 22BD
ENCODING 8893
SWIDTH 687 0
DWIDTH 11 0
BBX 7 12 2 0
BITMAP
FE
FE
00
C6
C6
C4
4C
6C
68
38
38
38
ENDCHAR
STARTCHAR 22BE
ENCODING 8894
SWIDTH 687 0
DWIDTH 11 0
BBX 8 8 1 1
BITMAP
C0
C0
E0
F8
C8
CC
C4
FF
ENDCHAR
STARTCHAR 22BF
ENCODING 8895
SWIDTH 687 0
DWIDTH 11 0
BBX 8 8 2 1
BITMAP
01
03
07
0F
1B
33
63
FF
ENDCHAR
STARTCHAR 22C0
ENCODING 8896
SWIDTH 1312 0
DWIDTH 21 0
BBX 15 16 3 -3
BITMAP
0380
0380
06C0
06C0
0C60
0C60
1830
1830
1018
3018
3008
600C
600C
C006
C006
8002
ENDCHAR
STARTCHAR 22C1
ENCODING 8897
SWIDTH 1312 0
DWIDTH 21 0
BBX 15 17 3 -3
BITMAP
8002
C006
C006
600C
600C
200C
3018
3018
1830
1830
0C60
0C60
06C0
06C0
0380
0380
0100
ENDCHAR
STARTCHAR 22C2
ENCODING 8898
SWIDTH 1312 0
DWIDTH 21 0
BBX 15 17 3 -3
BITMAP
0300
1FF0
701C
600C
C006
C006
C006
C006
C006
C006
C006
C006
C006
C006
C006
C006
C006
ENDCHAR
STARTCHAR 22C3
ENCODING 8899
SWIDTH 1312 0
DWIDTH 21 0
BBX 15 17 3 -3
BITMAP
C006
C006
C006
C006
C006
C006
C006
C006
C006
C006
C006
C006
C006
600C
701C
1FF0
0380
ENDCHAR
STARTCHAR 22C4
ENCODING 8900
SWIDTH 687 0
DWIDTH 11 0
BBX 8 8 1 2
BITMAP
18
34
62
C1
63
36
1C
08
ENDCHAR
STARTCHAR 22C5
ENCODING 8901
SWIDTH 687 0
DWIDTH 11 0
BBX 3 3 4 4
BITMAP
C0
E0
E0
ENDCHAR
STARTCHAR 22C6
ENCODING 8902
SWIDTH 687 0
DWIDTH 11 0
BBX 8 7 1 3
BITMAP
08
18
FF
3E
3C
3C
22
ENDCHAR
STARTCHAR 22C7
ENCODING 8903
SWIDTH 687 0
DWIDTH 11 0
BBX 8 9 1 1
BITMAP
99
DB
66
3C
7F
3C
66
DB
99
ENDCHAR
STARTCHAR 22C8
ENCODING 8904
SWIDTH 687 0
DWIDTH 11 0
BBX 8 9 1 1
BITMAP
81
C3
E7
BD
99
BD
E7
C3
81
ENDCHAR
STARTCHAR 22C9
ENCODING 8905
SWIDTH 687 0
DWIDTH 11 0
BBX 8 9 1 1
BITMAP
81
C3
E6
BC
98
BC
E6
C3
81
ENDCHAR
STARTCHAR 22CA
ENCODING 8906
SWIDTH 687 0
DWIDTH 11 0
BBX 8 9 1 1
BITMAP
81
C3
67
3D
19
3D
67
C3
81
ENDCHAR
STARTCHAR 22CB
ENCODING 8907
SWIDTH 687 0
DWIDTH 11 0
BBX 8 9 1 1
BITMAP
80
C0
60
30
18
3C
76
E3
C1
ENDCHAR
STARTCHAR 22CC
ENCODING 8908
SWIDTH 687 0
DWIDTH 11 0
BBX 9 9 1 1
BITMAP
0100
0380
0700
0E00
1C00
3C00
7600
E300
C100
ENDCHAR
STARTCHAR 22CD
ENCODING 8909
SWIDTH 687 0
DWIDTH 11 0
BBX 9 5 1 3
BITMAP
CF00
7B80
0000
7F00
7F00
ENDCHAR
STARTCHAR 22CE
ENCODING 8910
SWIDTH 687 0
DWIDTH 11 0
BBX 8 11 1 1
BITMAP
C3
62
66
34
3C
1C
18
18
18
18
18
ENDCHAR
STARTCHAR 22CF
ENCODING 8911
SWIDTH 687 0
DWIDTH 11 0
BBX 8 12 1 -1
BITMAP
18
18
18
18
18
1C
3C
34
66
66
C3
01
ENDCHAR
STARTCHAR 22D0
ENCODING 8912
SWIDTH 687 0
DWIDTH 11 0
BBX 7 9 2 1
BITMAP
3E
40
9E
B0
A0
B0
DE
40
3E
ENDCHAR
STARTCHAR 22D1
ENCODING 8913
SWIDTH 687 0
DWIDTH 11 0
BBX 7 9 2 1
BITMAP
FC
06
F2
0A
0A
0A
F2
04
F8
ENDCHAR
STARTCHAR 22D2
ENCODING 8914
SWIDTH 687 0
DWIDTH 11 0
BBX 7 12 2 0
BITMAP
38
C4
BA
AA
AA
AA
AA
AA
AA
AA
AA
AA
ENDCHAR
STARTCHAR 22D3
ENCODING 8915
SWIDTH 687 0
DWIDTH 11 0
BBX 7 12 2 -1
BITMAP
AA
AA
AA
AA
AA
AA
AA
AA
AA
BA
C4
78
ENDCHAR
STARTCHAR 22D4
ENCODING 8916
SWIDTH 687 0
DWIDTH 11 0
BBX 8 14 1 0
BITMAP
18
18
18
7E
FE
DB
DB
DB
DB
DB
DB
DB
DB
DB
ENDCHAR
STARTCHAR 22D5
ENCODING 8917
SWIDTH 687 0
DWIDTH 11 0
BBX 7 11 2 0
BITMAP
4C
4C
4C
FE
FE
4C
FE
FE
4C
4C
4C
ENDCHAR
STARTCHAR 22D6
ENCODING 8918
SWIDTH 687 0
DWIDTH 11 0
BBX 7 10 2 0
BITMAP
02
0E
18
70
C6
C6
70
18
06
02
ENDCHAR
STARTCHAR 22D7
ENCODING 8919
SWIDTH 687 0
DWIDTH 11 0
BBX 7 10 2 0
BITMAP
80
E0
30
1C
C6
C6
18
70
C0
80
ENDCHAR
STARTCHAR 22D8
ENCODING 8920
SWIDTH 687 0
DWIDTH 11 0
BBX 9 9 1 1
BITMAP
2580
6900
5B00
9200
A400
9600
DA00
6900
2580
ENDCHAR
STARTCHAR 22D9
ENCODING 8921
SWIDTH 687 0
DWIDTH 11 0
BBX 10 9 0 1
BITMAP
DB00
6D00
2480
12C0
1240
12C0
2480
6D00
5B00
ENDCHAR
STARTCHAR 22DA
ENCODING 8922
SWIDTH 687 0
DWIDTH 11 0
BBX 7 15 2 -2
BITMAP
06
1C
70
C0
F0
3C
06
FE
C0
70
1C
06
1C
70
C0
ENDCHAR
STARTCHAR 22DB
ENCODING 8923
SWIDTH 687 0
DWIDTH 11 0
BBX 7 15 2 -2
BITMAP
C0
F0
1C
06
1E
70
C0
FE
06
1C
F0
80
F0
1C
06
ENDCHAR
STARTCHAR 22DC
ENCODING 8924
SWIDTH 687 0
DWIDTH 11 0
BBX 7 12 2 0
BITMAP
FE
FE
00
02
0E
3C
70
C0
E0
78
1E
06
ENDCHAR
STARTCHAR 22DD
ENCODING 8925
SWIDTH 687 0
DWIDTH 11 0
BBX 8 12 1 0
BITMAP
7F
7F
00
40
F0
38
0E
03
07
1C
78
60
ENDCHAR
STARTCHAR 22DE
ENCODING 8926
SWIDTH 687 0
DWIDTH 11 0
BBX 8 11 2 0
BITMAP
03
06
0E
7F
F6
1C
F0
F8
0C
06
02
ENDCHAR
STARTCHAR 22DF
ENCODING 8927
SWIDTH 687 0
DWIDTH 11 0
BBX 8 11 1 0
BITMAP
C0
C0
60
FE
6F
70
1F
3F
60
C0
C0
ENDCHAR
STARTCHAR 22E0
ENCODING 8928
SWIDTH 687 0
DWIDTH 11 0
BBX 8 16 2 -3
BITMAP
04
04
0C
0F
0E
0C
F8
F8
1C
F6
7F
3E
36
23
20
60
ENDCHAR
STARTCHAR 22E1
ENCODING 8929
SWIDTH 687 0
DWIDTH 11 0
BBX 8 17 1 -3
BITMAP
04
04
0C
CC
C8
78
1F
1F
70
FF
FE
70
E0
E0
20
60
20
ENDCHAR
STARTCHAR 22E2
ENCODING 8930
SWIDTH 687 0
DWIDTH 11 0
BBX 7 16 2 -3
BITMAP
06
04
FE
FE
CC
C8
C8
C8
FE
FE
10
10
FE
FE
20
20
ENDCHAR
STARTCHAR 22E3
ENCODING 8931
SWIDTH 687 0
DWIDTH 11 0
BBX 7 16 2 -3
BITMAP
08
18
FE
FE
16
16
36
36
FE
FE
60
60
FE
FE
C0
40
ENDCHAR
STARTCHAR 22E4
ENCODING 8932
SWIDTH 687 0
DWIDTH 11 0
BBX 7 13 2 -2
BITMAP
FE
FE
C0
C0
C0
C0
FE
FE
0C
18
FE
FE
30
ENDCHAR
STARTCHAR 22E5
ENCODING 8933
SWIDTH 687 0
DWIDTH 11 0
BBX 7 13 2 -2
BITMAP
FE
FE
06
06
06
06
FE
FE
0C
18
FE
FE
60
ENDCHAR
STARTCHAR 22E6
ENCODING 8934
SWIDTH 687 0
DWIDTH 11 0
BBX 8 13 1 -1
BITMAP
03
0E
38
60
60
38
0E
07
05
3D
FF
5E
30
ENDCHAR
STARTCHAR 22E7
ENCODING 8935
SWIDTH 687 0
DWIDTH 11 0
BBX 8 13 1 -1
BITMAP
E0
78
1E
07
07
1E
38
E0
04
3D
FF
5E
30
ENDCHAR
STARTCHAR 22E8
ENCODING 8936
SWIDTH 687 0
DWIDTH 11 0
BBX 9 13 1 -2
BITMAP
0100
0300
0600
7C00
7800
0E00
0300
0180
0400
3D00
FF00
5E00
3000
ENDCHAR
STARTCHAR 22E9
ENCODING 8937
SWIDTH 687 0
DWIDTH 11 0
BBX 8 13 1 -2
BITMAP
C0
C0
60
3F
1F
30
60
C0
04
3D
FF
5E
30
ENDCHAR
STARTCHAR 22EA
ENCODING 8938
SWIDTH 687 0
DWIDTH 11 0
BBX 7 16 2 -2
BITMAP
04
0C
0E
0E
1E
7E
FE
9E
F6
76
3E
3E
22
20
60
20
ENDCHAR
STARTCHAR 22EB
ENCODING 8939
SWIDTH 687 0
DWIDTH 11 0
BBX 7 17 2 -3
BITMAP
08
08
08
98
D8
F0
F8
DE
F2
FE
FC
F0
E0
E0
40
40
40
ENDCHAR
STARTCHAR 22EC
ENCODING 8940
SWIDTH 687 0
DWIDTH 11 0
BBX 7 17 2 -3
BITMAP
04
04
04
0E
1E
7E
EE
DE
7E
3E
1E
12
30
FE
FE
20
20
ENDCHAR
STARTCHAR 22ED
ENCODING 8941
SWIDTH 687 0
DWIDTH 11 0
BBX 7 17 2 -3
BITMAP
08
08
08
D8
F8
FC
DE
D6
FC
F8
E0
A0
60
FE
FE
40
40
ENDCHAR
STARTCHAR 22EE
ENCODING 8942
SWIDTH 1312 0
DWIDTH 21 0
BBX 3 17 9 -3
BITMAP
60
E0
E0
00
00
00
00
60
E0
E0
00
00
00
00
60
E0
E0
ENDCHAR
STARTCHAR 22EF
ENCODING 8943
SWIDTH 1312 0
DWIDTH 21 0
BBX 17 3 2 4
BITMAP
E1C380
E1C380
E1C380
ENDCHAR
STARTCHAR 22F0
ENCODING 8944
SWIDTH 1312 0
DWIDTH 21 0
BBX 17 17 2 -3
BITMAP
000300
000380
000380
000000
000000
000000
000000
018000
01C000
01C000
000000
000000
000000
000000
C00000
E00000
E00000
ENDCHAR
STARTCHAR 22F1
ENCODING 8945
SWIDTH 1312 0
DWIDTH 21 0
BBX 17 17 2 -3
BITMAP
C00000
E00000
E00000
000000
000000
000000
000000
018000
01C000
01C000
000000
000000
000000
000000
000300
000380
000380
ENDCHAR
STARTCHAR 22F2
ENCODING 8946
SWIDTH 687 0
DWIDTH 11 0
BBX 6 11 3 0
BITMAP
0C
3C
60
60
40
FC
FC
60
60
3C
1C
ENDCHAR
STARTCHAR 22F3
ENCODING 8947
SWIDTH 687 0
DWIDTH 11 0
BBX 8 11 1 0
BITMAP
07
3F
70
60
43
FF
FF
63
60
3F
1F
ENDCHAR
STARTCHAR 22F4
ENCODING 8948
SWIDTH 687 0
DWIDTH 11 0
BBX 8 7 1 2
BITMAP
3F
70
43
FF
43
70
3F
ENDCHAR
STARTCHAR 22F5
ENCODING 8949
SWIDTH 687 0
DWIDTH 11 0
BBX 7 14 2 -1
BITMAP
30
38
38
00
0E
7E
C0
C0
FE
FE
C0
E0
7E
0E
ENDCHAR
STARTCHAR 22F6
ENCODING 8950
SWIDTH 687 0
DWIDTH 11 0
BBX 7 13 2 -1
BITMAP
FE
FE
00
0E
7E
C0
C0
FE
FE
C0
E0
7E
0E
ENDCHAR
STARTCHAR 22F7
ENCODING 8951
SWIDTH 687 0
DWIDTH 11 0
BBX 7 9 2 1
BITMAP
FE
00
7E
E0
C0
FE
C0
E0
7E
ENDCHAR
STARTCHAR 22F8
ENCODING 8952
SWIDTH 687 0
DWIDTH 11 0
BBX 7 13 2 -1
BITMAP
0E
7E
E0
C0
FE
FE
C0
C0
7E
1E
00
FE
FE
ENDCHAR
STARTCHAR 22F9
ENCODING 8953
SWIDTH 687 0
DWIDTH 11 0
BBX 8 11 1 0
BITMAP
07
3F
70
7F
FF
C0
FF
FF
60
7F
1F
ENDCHAR
STARTCHAR 22FA
ENCODING 8954
SWIDTH 687 0
DWIDTH 11 0
BBX 6 11 2 0
BITMAP
80
F0
30
18
18
FC
FC
18
18
F0
E0
ENDCHAR
STARTCHAR 22FB
ENCODING 8955
SWIDTH 687 0
DWIDTH 11 0
BBX 7 11 2 0
BITMAP
E0
FC
0E
06
C6
FE
FE
C6
06
FC
F8
ENDCHAR
STARTCHAR 22FC
ENCODING 8956
SWIDTH 687 0
DWIDTH 11 0
BBX 8 7 2 2
BITMAP
FC
0E
C2
FF
C2
0E
FC
ENDCHAR
STARTCHAR 22FD
ENCODING 8957
SWIDTH 687 0
DWIDTH 11 0
BBX 7 13 2 -1
BITMAP
FE
FE
00
E0
FC
0E
06
FE
FE
06
0E
FC
E0
ENDCHAR
STARTCHAR 22FE
ENCODING 8958
SWIDTH 687 0
DWIDTH 11 0
BBX 7 9 2 1
BITMAP
FE
00
FC
0E
06
FE
06
0E
FC
ENDCHAR
STARTCHAR 22FF
ENCODING 8959
SWIDTH 687 0
DWIDTH 11 0
BBX 7 11 2 0
BITMAP
FE
FE
C0
C0
C0
FE
FE
C0
C0
FE
FE
ENDCHAR
STARTCHAR 2300
ENCODING 8960
SWIDTH 687 0
DWIDTH 11 0
BBX 9 9 1 1
BITMAP
3D80
6700
C700
CD00
D980
F100
E300
6600
FC00
ENDCHAR
STARTCHAR 2301
ENCODING 8961
SWIDTH 1312 0
DWIDTH 21 0
BBX 12 9 5 1
BITMAP
0400
0600
0700
87C0
E660
3630
1E10
0E00
0200
ENDCHAR
STARTCHAR 2302
ENCODING 8962
SWIDTH 687 0
DWIDTH 11 0
BBX 8 9 1 1
BITMAP
18
7E
C3
C3
C3
C3
C3
C3
FF
ENDCHAR
STARTCHAR 2303
ENCODING 8963
SWIDTH 1312 0
DWIDTH 21 0
BBX 9 6 6 9
BITMAP
0800
1C00
3600
6300
C180
8080
ENDCHAR
STARTCHAR 2304
ENCODING 8964
SWIDTH 1312 0
DWIDTH 21 0
BBX 9 6 6 -4
BITMAP
8080
C180
6300
3600
1C00
0800
ENDCHAR
STARTCHAR 2305
ENCODING 8965
SWIDTH 687 0
DWIDTH 11 0
BBX 7 12 2 0
BITMAP
FE
FE
30
38
38
78
6C
6C
6C
C4
C6
C6
ENDCHAR
STARTCHAR 2306
ENCODING 8966
SWIDTH 687 0
DWIDTH 11 0
BBX 7 12 2 0
BITMAP
FE
FE
00
FE
FE
38
38
78
6C
6C
C4
C6
ENDCHAR
STARTCHAR 2307
ENCODING 8967
SWIDTH 687 0
DWIDTH 11 0
BBX 4 13 3 -1
BITMAP
40
40
C0
60
20
30
60
40
40
60
30
20
20
ENDCHAR
STARTCHAR 2308
ENCODING 8968
SWIDTH 687 0
DWIDTH 11 0
BBX 5 16 3 -3
BITMAP
F8
F8
C0
C0
C0
C0
C0
C0
C0
C0
C0
C0
C0
C0
C0
C0
ENDCHAR
STARTCHAR 2309
ENCODING 8969
SWIDTH 687 0
DWIDTH 11 0
BBX 5 16 2 -3
BITMAP
F8
F8
18
18
18
18
18
18
18
18
18
18
18
18
18
18
ENDCHAR
STARTCHAR 230A
ENCODING 8970
SWIDTH 687 0
DWIDTH 11 0
BBX 5 15 3 -2
BITMAP
C0
C0
C0
C0
C0
C0
C0
C0
C0
C0
C0
C0
C0
F8
F8
ENDCHAR
STARTCHAR 230B
ENCODING 8971
SWIDTH 687 0
DWIDTH 11 0
BBX 5 15 2 -2
BITMAP
18
18
18
18
18
18
18
18
18
18
18
18
18
F8
F8
ENDCHAR
STARTCHAR 230C
ENCODING 8972
SWIDTH 1312 0
DWIDTH 21 0
BBX 6 6 15 -7
BITMAP
3C
3C
C0
C0
C0
C0
ENDCHAR
STARTCHAR 230D
ENCODING 8973
SWIDTH 1312 0
DWIDTH 21 0
BBX 6 6 0 -7
BITMAP
F0
F0
0C
0C
0C
0C
ENDCHAR
STARTCHAR 230E
ENCODING 8974
SWIDTH 1312 0
DWIDTH 21 0
BBX 6 6 15 12
BITMAP
C0
C0
C0
C0
C0
3C
ENDCHAR
STARTCHAR 230F
ENCODING 8975
SWIDTH 1312 0
DWIDTH 21 0
BBX 6 6 0 12
BITMAP
0C
0C
0C
0C
0C
F0
ENDCHAR
STARTCHAR 2310
ENCODING 8976
SWIDTH 687 0
DWIDTH 11 0
BBX 7 5 2 1
BITMAP
FE
FE
C0
C0
C0
ENDCHAR
STARTCHAR 2311
ENCODING 8977
SWIDTH 1312 0
DWIDTH 21 0
BBX 7 7 7 2
BITMAP
82
FC
44
44
44
BC
C2
ENDCHAR
STARTCHAR 2312
ENCODING 8978
SWIDTH 1312 0
DWIDTH 21 0
BBX 12 6 5 2
BITMAP
1F80
30C0
4060
C030
8010
8010
ENDCHAR
STARTCHAR 2313
ENCODING 8979
SWIDTH 1312 0
DWIDTH 21 0
BBX 12 5 5 3
BITMAP
1F80
70C0
4020
8030
FFF0
ENDCHAR
STARTCHAR 2314
ENCODING 8980
SWIDTH 1312 0
DWIDTH 21 0
BBX 9 6 6 2
BITMAP
3E00
C180
6300
3600
1C00
0800
ENDCHAR
STARTCHAR 2315
ENCODING 8981
SWIDTH 1312 0
DWIDTH 21 0
BBX 11 12 4 -1
BITMAP
0600
1F80
30C0
6060
6060
6060
6060
6060
30C0
7F80
C200
8000
ENDCHAR
STARTCHAR 2316
ENCODING 8982
SWIDTH 1312 0
DWIDTH 21 0
BBX 12 12 5 -1
BITMAP
0600
0F00
1F80
26C0
6640
FFF0
FFF0
6640
36C0
1F80
0600
0600
ENDCHAR
STARTCHAR 2317
ENCODING 8983
SWIDTH 1312 0
DWIDTH 21 0
BBX 12 12 5 -1
BITMAP
6040
FFF0
FFF0
6040
6040
6040
6040
6040
6040
FFF0
6040
6040
ENDCHAR
STARTCHAR 2318
ENCODING 8984
SWIDTH 1312 0
DWIDTH 21 0
BBX 13 11 4 0
BITMAP
78F0
CD98
CD98
7FF0
0D80
0D80
0D80
7FF0
CD98
CD98
78F0
ENDCHAR
STARTCHAR 2319
ENCODING 8985
SWIDTH 687 0
DWIDTH 11 0
BBX 7 5 2 4
BITMAP
C0
C0
C0
FE
FE
ENDCHAR
STARTCHAR 231A
ENCODING 8986
SWIDTH 1312 0
DWIDTH 21 0
BBX 12 15 4 -2
BITMAP
1F80
1F80
3FC0
70E0
6060
C830
DDB0
C630
C030
C030
6060
70E0
3FC0
1F80
1F80
ENDCHAR
STARTCHAR 231B
ENCODING 8987
SWIDTH 1312 0
DWIDTH 21 0
BBX 13 15 4 -2
BITMAP
FFF0
C018
C018
4010
6030
3060
1DC0
0700
0F80
38E0
6730
4FB0
DFD8
DFD8
FFF0
ENDCHAR
STARTCHAR 231C
ENCODING 8988
SWIDTH 1312 0
DWIDTH 21 0
BBX 7 6 4 5
BITMAP
FE
C0
C0
C0
C0
C0
ENDCHAR
STARTCHAR 231D
ENCODING 8989
SWIDTH 1312 0
DWIDTH 21 0
BBX 7 6 10 5
BITMAP
FE
06
06
06
06
06
ENDCHAR
STARTCHAR 231E
ENCODING 8990
SWIDTH 1312 0
DWIDTH 21 0
BBX 7 6 4 -1
BITMAP
C0
C0
C0
C0
C0
FE
ENDCHAR
STARTCHAR 231F
ENCODING 8991
SWIDTH 1312 0
DWIDTH 21 0
BBX 7 6 10 -1
BITMAP
06
06
06
06
06
FE
ENDCHAR
STARTCHAR 2320
ENCODING 8992
SWIDTH 687 0
DWIDTH 11 0
BBX 4 18 4 -4
BITMAP
10
70
C0
C0
C0
C0
C0
C0
C0
C0
C0
C0
C0
C0
C0
C0
C0
C0
ENDCHAR
STARTCHAR 2321
ENCODING 8993
SWIDTH 687 0
DWIDTH 11 0
BBX 4 18 2 -3
BITMAP
30
30
30
30
30
30
30
30
30
30
30
30
30
30
30
30
E0
80
ENDCHAR
STARTCHAR 2322
ENCODING 8994
SWIDTH 687 0
DWIDTH 11 0
BBX 7 3 2 4
BITMAP
78
FC
86
ENDCHAR
STARTCHAR 2323
ENCODING 8995
SWIDTH 687 0
DWIDTH 11 0
BBX 7 3 2 4
BITMAP
86
FC
78
ENDCHAR
STARTCHAR 2324
ENCODING 8996
SWIDTH 1312 0
DWIDTH 21 0
BBX 12 4 4 5
BITMAP
F6F0
0F00
1980
1080
ENDCHAR
STARTCHAR 2325
ENCODING 8997
SWIDTH 1312 0
DWIDTH 21 0
BBX 12 7 5 2
BITMAP
F8F0
0800
0C00
0600
0200
0300
01F0
ENDCHAR
STARTCHAR 2326
ENCODING 8998
SWIDTH 1312 0
DWIDTH 21 0
BBX 13 7 5 2
BITMAP
FFE0
8930
8F18
8608
8F18
8930
FFE0
ENDCHAR
STARTCHAR 2327
ENCODING 8999
SWIDTH 1312 0
DWIDTH 21 0
BBX 12 7 5 2
BITMAP
FFF0
8910
8F10
8610
8F10
8910
FFF0
ENDCHAR
STARTCHAR 2328
ENCODING 9000
SWIDTH 1312 0
DWIDTH 21 0
BBX 12 8 5 1
BITMAP
FFF0
8010
8010
DFD0
F7D0
BF90
8010
FFF0
ENDCHAR
STARTCHAR 2329
ENCODING 9001
SWIDTH 687 0
DWIDTH 11 0
BBX 7 15 2 -2
BITMAP
06
0C
0C
18
38
30
60
E0
60
30
30
18
0C
0C
06
ENDCHAR
STARTCHAR 232A
ENCODING 9002
SWIDTH 687 0
DWIDTH 11 0
BBX 6 15 2 -2
BITMAP
C0
C0
60
60
30
18
18
0C
18
18
30
70
60
C0
C0
ENDCHAR
STARTCHAR 232B
ENCODING 9003
SWIDTH 1312 0
DWIDTH 21 0
BBX 13 7 3 2
BITMAP
3FF8
6488
C788
8308
C788
6488
3FF8
ENDCHAR
STARTCHAR 232D
ENCODING 9005
SWIDTH 1312 0
DWIDTH 21 0
BBX 11 11 5 0
BITMAP
2020
7F20
71E0
60E0
4060
4040
C040
E0C0
F1C0
9FC0
8080
ENDCHAR
STARTCHAR 232E
ENCODING 9006
SWIDTH 1312 0
DWIDTH 21 0
BBX 13 11 4 -1
BITMAP
0F80
18C0
3060
2020
23F8
2420
3860
98C0
EF80
E000
F000
ENDCHAR
STARTCHAR 232F
ENCODING 9007
SWIDTH 1312 0
DWIDTH 21 0
BBX 12 7 5 2
BITMAP
7FC0
0000
0000
FFF0
0000
0000
7FC0
ENDCHAR
STARTCHAR 2330
ENCODING 9008
SWIDTH 1312 0
DWIDTH 21 0
BBX 12 12 5 -1
BITMAP
6040
F1E0
7870
60C0
4080
4080
4080
C080
C180
8100
8100
FF00
ENDCHAR
STARTCHAR 2331
ENCODING 9009
SWIDTH 1312 0
DWIDTH 21 0
BBX 12 12 5 -1
BITMAP
0C00
1E00
7F00
4D80
8CA0
8FF0
8FF0
8CA0
4D80
3F00
1C00
0C00
ENDCHAR
STARTCHAR 2332
ENCODING 9010
SWIDTH 1312 0
DWIDTH 21 0
BBX 17 9 2 1
BITMAP
180000
1E0000
13C000
10F000
FFFF80
107000
13C000
1E0000
180000
ENDCHAR
STARTCHAR 2333
ENCODING 9011
SWIDTH 1312 0
DWIDTH 21 0
BBX 12 6 4 -1
BITMAP
8000
E000
FC00
CF00
C3C0
FFF0
ENDCHAR
STARTCHAR 2334
ENCODING 9012
SWIDTH 1312 0
DWIDTH 21 0
BBX 12 6 5 -1
BITMAP
8010
8010
8010
8010
8010
FFF0
ENDCHAR
STARTCHAR 2335
ENCODING 9013
SWIDTH 1312 0
DWIDTH 21 0
BBX 13 8 4 -1
BITMAP
4010
E038
7070
38E0
1DC0
0F80
0700
0200
ENDCHAR
STARTCHAR 2336
ENCODING 9014
SWIDTH 687 0
DWIDTH 11 0
BBX 9 13 1 -1
BITMAP
FF80
FF80
1800
1800
1800
1800
1800
1800
1800
1800
1800
FF80
FF80
ENDCHAR
STARTCHAR 2337
ENCODING 9015
SWIDTH 687 0
DWIDTH 11 0
BBX 5 17 3 -3
BITMAP
F8
88
88
88
88
88
88
88
88
88
88
88
88
88
88
88
F8
ENDCHAR
STARTCHAR 2338
ENCODING 9016
SWIDTH 687 0
DWIDTH 11 0
BBX 9 17 1 -3
BITMAP
FF80
8080
8080
8080
8080
8080
8080
FE80
8080
FE80
8080
8080
8080
8080
8080
8080
FF80
ENDCHAR
STARTCHAR 2339
ENCODING 9017
SWIDTH 687 0
DWIDTH 11 0
BBX 9 17 1 -3
BITMAP
FF80
8080
8080
8080
8080
9880
9880
8080
FE80
8080
9880
9880
8080
8080
8080
8080
FF80
ENDCHAR
STARTCHAR 233A
ENCODING 9018
SWIDTH 687 0
DWIDTH 11 0
BBX 9 17 1 -3
BITMAP
FF80
8080
8080
8080
8080
8880
9C80
A680
C280
A680
9C80
8880
8080
8080
8080
8080
FF80
ENDCHAR
STARTCHAR 233B
ENCODING 9019
SWIDTH 687 0
DWIDTH 11 0
BBX 9 17 1 -3
BITMAP
FF80
8080
8080
8080
8080
8080
8080
9C80
9480
9C80
8080
8080
8080
8080
8080
8080
FF80
ENDCHAR
STARTCHAR 233C
ENCODING 9020
SWIDTH 687 0
DWIDTH 11 0
BBX 9 17 1 -3
BITMAP
FF80
8180
8180
8180
8180
BD80
E780
C380
C380
C380
E780
BD80
8180
8180
8180
8180
FF80
ENDCHAR
STARTCHAR 233D
ENCODING 9021
SWIDTH 687 0
DWIDTH 11 0
BBX 8 19 1 -4
BITMAP
08
08
08
08
08
3C
6E
CB
89
89
89
CB
6E
3C
08
08
08
08
08
ENDCHAR
STARTCHAR 233E
ENCODING 9022
SWIDTH 687 0
DWIDTH 11 0
BBX 9 9 1 1
BITMAP
1C00
7700
5D00
A380
A380
A380
DD00
6300
3C00
ENDCHAR
STARTCHAR 233F
ENCODING 9023
SWIDTH 687 0
DWIDTH 11 0
BBX 7 15 2 -2
BITMAP
06
06
0C
0C
1C
18
18
FE
30
30
60
60
60
C0
C0
ENDCHAR
STARTCHAR 2340
ENCODING 9024
SWIDTH 687 0
DWIDTH 11 0
BBX 7 15 2 -2
BITMAP
C0
C0
60
60
60
30
30
FE
18
18
18
0C
0C
06
06
ENDCHAR
STARTCHAR 2341
ENCODING 9025
SWIDTH 687 0
DWIDTH 11 0
BBX 9 17 1 -3
BITMAP
FF80
8080
8280
8680
8680
8480
8C80
8880
9880
9880
9080
B080
B080
A080
E080
8080
FF80
ENDCHAR
STARTCHAR 2342
ENCODING 9026
SWIDTH 687 0
DWIDTH 11 0
BBX 9 17 1 -3
BITMAP
FF80
8080
E080
A080
B080
B080
9080
9880
9880
8880
8C80
8480
8680
8680
8280
8080
FF80
ENDCHAR
STARTCHAR 2343
ENCODING 9027
SWIDTH 687 0
DWIDTH 11 0
BBX 9 17 1 -3
BITMAP
FF80
8080
8080
8080
8080
8680
9C80
B080
E080
B080
9C80
8680
8080
8080
8080
8080
FF80
ENDCHAR
STARTCHAR 2344
ENCODING 9028
SWIDTH 687 0
DWIDTH 11 0
BBX 9 17 1 -3
BITMAP
FF80
8080
8080
8080
8080
E080
9880
8E80
8280
8E80
9880
F080
8080
8080
8080
8080
FF80
ENDCHAR
STARTCHAR 2345
ENCODING 9029
SWIDTH 687 0
DWIDTH 11 0
BBX 10 18 0 -4
BITMAP
0400
0400
0400
0400
0400
1400
3400
6400
FFC0
7FC0
3400
1C00
0400
0400
0400
0400
0400
0400
ENDCHAR
STARTCHAR 2346
ENCODING 9030
SWIDTH 687 0
DWIDTH 11 0
BBX 10 18 0 -4
BITMAP
0C00
0C00
0C00
0C00
0C00
0A00
0B00
0D80
FFC0
FF80
0D00
0A00
0C00
0C00
0C00
0C00
0C00
0C00
ENDCHAR
STARTCHAR 2347
ENCODING 9031
SWIDTH 687 0
DWIDTH 11 0
BBX 9 17 1 -3
BITMAP
FF80
8080
8080
8080
8080
8080
B080
E080
FE80
E080
B080
8080
8080
8080
8080
8080
FF80
ENDCHAR
STARTCHAR 2348
ENCODING 9032
SWIDTH 687 0
DWIDTH 11 0
BBX 9 17 1 -3
BITMAP
FF80
8080
8080
8080
8080
8080
8480
8280
FE80
8280
8480
8080
8080
8080
8080
8080
FF80
ENDCHAR
STARTCHAR 2349
ENCODING 9033
SWIDTH 687 0
DWIDTH 11 0
BBX 8 13 1 -1
BITMAP
80
C0
7C
66
F3
91
99
89
CF
66
3E
03
01
ENDCHAR
STARTCHAR 234A
ENCODING 9034
SWIDTH 687 0
DWIDTH 11 0
BBX 8 12 1 -1
BITMAP
18
18
18
18
18
18
18
FF
FF
00
FF
FF
ENDCHAR
STARTCHAR 234B
ENCODING 9035
SWIDTH 687 0
DWIDTH 11 0
BBX 8 18 1 -4
BITMAP
08
08
08
18
1C
1C
3C
3C
2E
2E
6A
6B
4B
FF
FF
08
08
08
ENDCHAR
STARTCHAR 234C
ENCODING 9036
SWIDTH 687 0
DWIDTH 11 0
BBX 9 17 1 -3
BITMAP
FF80
8080
8080
8080
A280
A680
A680
B480
B480
9C80
9C80
9C80
9880
8080
8080
8080
FF80
ENDCHAR
STARTCHAR 234D
ENCODING 9037
SWIDTH 687 0
DWIDTH 11 0
BBX 9 17 1 -3
BITMAP
FF80
8080
8080
8080
9880
9C80
9C80
9480
B480
A680
A680
E280
FE80
8080
8080
8080
FF80
ENDCHAR
STARTCHAR 234E
ENCODING 9038
SWIDTH 687 0
DWIDTH 11 0
BBX 7 12 2 -1
BITMAP
30
30
38
7C
D4
D4
D4
7C
30
30
FE
FE
ENDCHAR
STARTCHAR 234F
ENCODING 9039
SWIDTH 687 0
DWIDTH 11 0
BBX 7 15 2 -2
BITMAP
10
38
7C
F6
B0
30
30
FE
FE
30
30
30
30
30
30
ENDCHAR
STARTCHAR 2350
ENCODING 9040
SWIDTH 687 0
DWIDTH 11 0
BBX 9 17 1 -3
BITMAP
FF80
8080
8080
9880
BC80
AA80
8880
8880
8880
8880
8880
8880
8880
8880
8080
8080
FF80
ENDCHAR
STARTCHAR 2351
ENCODING 9041
SWIDTH 687 0
DWIDTH 11 0
BBX 8 12 1 0
BITMAP
FF
FF
00
FF
FF
18
18
18
18
18
18
18
ENDCHAR
STARTCHAR 2352
ENCODING 9042
SWIDTH 687 0
DWIDTH 11 0
BBX 8 18 1 -4
BITMAP
08
08
08
FF
4B
6B
6A
6A
2E
3E
3C
1C
1C
18
08
08
08
08
ENDCHAR
STARTCHAR 2353
ENCODING 9043
SWIDTH 687 0
DWIDTH 11 0
BBX 9 17 1 -3
BITMAP
FF80
8080
8080
8080
9880
9880
9C80
9C80
B480
B480
A680
A680
A280
8080
8080
8080
FF80
ENDCHAR
STARTCHAR 2354
ENCODING 9044
SWIDTH 687 0
DWIDTH 11 0
BBX 9 17 1 -3
BITMAP
FF80
8080
8080
8080
FE80
E280
A680
A680
B480
B480
9C80
9C80
9880
8080
8080
8080
FF80
ENDCHAR
STARTCHAR 2355
ENCODING 9045
SWIDTH 687 0
DWIDTH 11 0
BBX 7 12 2 0
BITMAP
FE
FE
30
30
7C
54
D4
D4
7C
38
30
30
ENDCHAR
STARTCHAR 2356
ENCODING 9046
SWIDTH 687 0
DWIDTH 11 0
BBX 7 15 2 -2
BITMAP
30
30
30
30
30
30
30
FE
FE
30
30
B6
FC
78
30
ENDCHAR
STARTCHAR 2357
ENCODING 9047
SWIDTH 687 0
DWIDTH 11 0
BBX 9 17 1 -3
BITMAP
FF80
8080
8080
8880
8880
8880
8880
8880
8880
8880
8880
AA80
BC80
9880
8080
8080
FF80
ENDCHAR
STARTCHAR 2358
ENCODING 9048
SWIDTH 687 0
DWIDTH 11 0
BBX 8 13 1 -1
BITMAP
18
18
18
18
18
00
00
00
00
00
00
00
FF
ENDCHAR
STARTCHAR 2359
ENCODING 9049
SWIDTH 687 0
DWIDTH 11 0
BBX 8 14 1 -3
BITMAP
1C
1C
1C
34
36
36
26
62
63
63
7F
FF
00
7F
ENDCHAR
STARTCHAR 235A
ENCODING 9050
SWIDTH 687 0
DWIDTH 11 0
BBX 9 11 1 -1
BITMAP
0800
1C00
3600
6300
C180
6300
3600
1C00
0800
0000
7F00
ENDCHAR
STARTCHAR 235B
ENCODING 9051
SWIDTH 687 0
DWIDTH 11 0
BBX 7 8 2 -1
BITMAP
38
68
68
38
00
00
00
FE
ENDCHAR
STARTCHAR 235C
ENCODING 9052
SWIDTH 687 0
DWIDTH 11 0
BBX 8 11 1 -1
BITMAP
3C
66
C3
81
81
81
C3
66
3C
00
7F
ENDCHAR
STARTCHAR 235D
ENCODING 9053
SWIDTH 687 0
DWIDTH 11 0
BBX 7 12 2 0
BITMAP
10
7C
C6
C6
C6
C6
FE
FE
C6
C6
C6
C6
ENDCHAR
STARTCHAR 235E
ENCODING 9054
SWIDTH 687 0
DWIDTH 11 0
BBX 9 17 1 -3
BITMAP
FF80
8080
8080
9880
9880
9880
9880
8080
8080
8080
8080
8080
8080
8080
8080
8080
FF80
ENDCHAR
STARTCHAR 235F
ENCODING 9055
SWIDTH 687 0
DWIDTH 11 0
BBX 9 8 1 1
BITMAP
3E00
6B00
CB00
FF80
DD00
F500
6700
3C00
ENDCHAR
STARTCHAR 2360
ENCODING 9056
SWIDTH 687 0
DWIDTH 11 0
BBX 9 17 1 -3
BITMAP
FF80
8080
8080
8080
8080
9880
9880
8080
8080
8080
9880
9880
8080
8080
8080
8080
FF80
ENDCHAR
STARTCHAR 2361
ENCODING 9057
SWIDTH 687 0
DWIDTH 11 0
BBX 7 15 2 0
BITMAP
CC
CC
00
FE
FE
30
30
30
30
30
30
30
30
30
30
ENDCHAR
STARTCHAR 2362
ENCODING 9058
SWIDTH 687 0
DWIDTH 11 0
BBX 8 15 1 0
BITMAP
66
66
00
FF
FF
43
62
66
66
26
34
3C
3C
1C
18
ENDCHAR
STARTCHAR 2363
ENCODING 9059
SWIDTH 687 0
DWIDTH 11 0
BBX 8 11 1 2
BITMAP
66
66
00
18
18
99
FF
3C
3C
76
66
ENDCHAR
STARTCHAR 2364
ENCODING 9060
SWIDTH 687 0
DWIDTH 11 0
BBX 6 10 2 3
BITMAP
CC
CC
00
00
00
00
38
68
68
38
ENDCHAR
STARTCHAR 2365
ENCODING 9061
SWIDTH 687 0
DWIDTH 11 0
BBX 8 12 1 1
BITMAP
66
66
00
3C
66
C1
81
81
81
C1
66
3C
ENDCHAR
STARTCHAR 2366
ENCODING 9062
SWIDTH 687 0
DWIDTH 11 0
BBX 7 17 2 -3
BITMAP
10
10
10
D6
D6
D6
D6
D6
D6
D6
D6
D6
D6
7C
10
10
10
ENDCHAR
STARTCHAR 2367
ENCODING 9063
SWIDTH 687 0
DWIDTH 11 0
BBX 8 18 1 -4
BITMAP
08
08
08
08
1F
3F
68
C8
C8
C8
48
78
3F
08
08
08
08
08
ENDCHAR
STARTCHAR 2368
ENCODING 9064
SWIDTH 687 0
DWIDTH 11 0
BBX 8 10 1 3
BITMAP
66
66
00
00
00
00
31
7B
DF
46
ENDCHAR
STARTCHAR 2369
ENCODING 9065
SWIDTH 687 0
DWIDTH 11 0
BBX 8 12 1 1
BITMAP
66
66
00
40
70
1C
07
03
0E
38
F0
40
ENDCHAR
STARTCHAR 236A
ENCODING 9066
SWIDTH 687 0
DWIDTH 11 0
BBX 7 9 2 -3
BITMAP
FE
FE
00
38
38
38
18
30
20
ENDCHAR
STARTCHAR 236B
ENCODING 9067
SWIDTH 687 0
DWIDTH 11 0
BBX 10 12 0 0
BITMAP
7F80
7F80
3180
3180
3300
7B40
5FC0
DF80
1A00
0E00
0E00
0C00
ENDCHAR
STARTCHAR 236C
ENCODING 9068
SWIDTH 687 0
DWIDTH 11 0
BBX 12 12 -1 0
BITMAP
0F00
1F80
30C0
30C0
30C0
3CF0
76E0
F3C0
30C0
30C0
1F80
0F00
ENDCHAR
STARTCHAR 236D
ENCODING 9069
SWIDTH 687 0
DWIDTH 11 0
BBX 10 15 0 -2
BITMAP
0C00
0C00
0C00
0C00
0C00
0C00
7C40
CCC0
CF80
0C00
0C00
0C00
0C00
0C00
0C00
ENDCHAR
STARTCHAR 236E
ENCODING 9070
SWIDTH 687 0
DWIDTH 11 0
BBX 7 11 2 -3
BITMAP
38
38
38
00
00
30
38
38
DE
B6
60
ENDCHAR
STARTCHAR 236F
ENCODING 9071
SWIDTH 687 0
DWIDTH 11 0
BBX 9 17 1 -3
BITMAP
FF80
8080
8480
8480
8480
8C80
8880
FE80
8880
FE80
9080
9080
9080
9080
A080
8080
FF80
ENDCHAR
STARTCHAR 2370
ENCODING 9072
SWIDTH 687 0
DWIDTH 11 0
BBX 9 17 1 -3
BITMAP
FF80
8080
8080
8080
BC80
E680
8680
8680
9C80
9880
8080
9880
9880
8080
8080
8080
FF80
ENDCHAR
STARTCHAR 2371
ENCODING 9073
SWIDTH 687 0
DWIDTH 11 0
BBX 10 12 0 -1
BITMAP
3180
3180
3100
3300
3B40
7FC0
DF80
1B00
0E00
0E00
0E00
0C00
ENDCHAR
STARTCHAR 2372
ENCODING 9074
SWIDTH 687 0
DWIDTH 11 0
BBX 10 12 0 -1
BITMAP
0C00
0E00
0E00
1E00
3E40
7EC0
D780
1300
3100
3100
2180
2180
ENDCHAR
STARTCHAR 2373
ENCODING 9075
SWIDTH 687 0
DWIDTH 11 0
BBX 7 8 2 0
BITMAP
F0
F0
30
30
30
30
3E
1E
ENDCHAR
STARTCHAR 2374
ENCODING 9076
SWIDTH 687 0
DWIDTH 11 0
BBX 7 12 2 -3
BITMAP
38
7C
C6
C6
C6
C6
C6
FE
DC
C0
C0
C0
ENDCHAR
STARTCHAR 2375
ENCODING 9077
SWIDTH 687 0
DWIDTH 11 0
BBX 8 8 1 0
BITMAP
43
C3
C3
DB
DB
DB
DB
76
ENDCHAR
STARTCHAR 2376
ENCODING 9078
SWIDTH 687 0
DWIDTH 11 0
BBX 8 12 1 -3
BITMAP
3B
7A
CE
C6
C6
C6
C6
7E
7B
00
00
FF
ENDCHAR
STARTCHAR 2377
ENCODING 9079
SWIDTH 687 0
DWIDTH 11 0
BBX 7 11 2 -3
BITMAP
7E
E0
C0
FE
80
C0
E0
3E
00
00
FE
ENDCHAR
STARTCHAR 2378
ENCODING 9080
SWIDTH 687 0
DWIDTH 11 0
BBX 7 11 2 -3
BITMAP
F0
F0
30
30
30
30
1E
1E
00
00
FE
ENDCHAR
STARTCHAR 2379
ENCODING 9081
SWIDTH 687 0
DWIDTH 11 0
BBX 9 11 1 -3
BITMAP
4300
C180
C180
D980
D980
D980
DF00
7700
0000
0000
7F00
ENDCHAR
STARTCHAR 237A
ENCODING 9082
SWIDTH 687 0
DWIDTH 11 0
BBX 8 9 1 0
BITMAP
3B
7E
CE
C6
C6
C6
C6
7E
7B
ENDCHAR
STARTCHAR 237B
ENCODING 9083
SWIDTH 1312 0
DWIDTH 21 0
BBX 13 10 4 1
BITMAP
0018
0130
00E0
0060
80B0
4108
2100
1200
0E00
0C00
ENDCHAR
STARTCHAR 237D
ENCODING 9085
SWIDTH 687 0
DWIDTH 11 0
BBX 10 3 0 -2
BITMAP
E1C0
7F80
7F80
ENDCHAR
STARTCHAR 237E
ENCODING 9086
SWIDTH 687 0
DWIDTH 11 0
BBX 8 9 1 1
BITMAP
3C
62
C1
FF
62
62
62
62
E3
ENDCHAR
STARTCHAR 237F
ENCODING 9087
SWIDTH 687 0
DWIDTH 11 0
BBX 3 12 4 -1
BITMAP
C0
C0
C0
C0
C0
E0
E0
C0
C0
C0
C0
C0
ENDCHAR
STARTCHAR 2380
ENCODING 9088
SWIDTH 687 0
DWIDTH 11 0
BBX 7 10 2 0
BITMAP
10
68
3C
44
7C
86
C6
6C
38
10
ENDCHAR
STARTCHAR 2381
ENCODING 9089
SWIDTH 687 0
DWIDTH 11 0
BBX 10 7 0 1
BITMAP
7000
8800
7800
8800
FD40
0000
FF80
ENDCHAR
STARTCHAR 2382
ENCODING 9090
SWIDTH 687 0
DWIDTH 11 0
BBX 10 7 0 1
BITMAP
6100
92C0
7BC0
8C40
7BC0
0000
F380
ENDCHAR
STARTCHAR 2383
ENCODING 9091
SWIDTH 687 0
DWIDTH 11 0
BBX 9 5 1 3
BITMAP
DD80
2200
DF80
2200
DF80
ENDCHAR
STARTCHAR 2384
ENCODING 9092
SWIDTH 1312 0
DWIDTH 21 0
BBX 13 9 4 1
BITMAP
FFE0
86B0
8C98
8888
8888
8888
8C98
86B0
FFE0
ENDCHAR
STARTCHAR 2385
ENCODING 9093
SWIDTH 1312 0
DWIDTH 21 0
BBX 12 15 5 -2
BITMAP
0600
FFF0
FFF0
8610
8610
8610
8610
8610
8610
8610
8610
8610
FFF0
FFF0
0600
ENDCHAR
STARTCHAR 2386
ENCODING 9094
SWIDTH 1312 0
DWIDTH 21 0
BBX 13 12 4 -1
BITMAP
0300
0580
08C0
1160
01B0
FFD8
01B0
0160
18C0
0D80
0700
0200
ENDCHAR
STARTCHAR 2387
ENCODING 9095
SWIDTH 1312 0
DWIDTH 21 0
BBX 13 9 5 2
BITMAP
0060
0030
01F8
0330
0220
0600
0C00
0800
F8F0
ENDCHAR
STARTCHAR 2388
ENCODING 9096
SWIDTH 1312 0
DWIDTH 21 0
BBX 12 12 5 -1
BITMAP
0600
0640
3FC0
37C0
2F40
FFF0
6E40
3F40
36C0
7FC0
0600
0600
ENDCHAR
STARTCHAR 2389
ENCODING 9097
SWIDTH 1312 0
DWIDTH 21 0
BBX 12 12 5 -1
BITMAP
1F80
30C0
4060
C020
8010
E0F0
9190
8B30
CE20
6460
30C0
1F00
ENDCHAR
STARTCHAR 238A
ENCODING 9098
SWIDTH 1312 0
DWIDTH 21 0
BBX 12 12 5 -1
BITMAP
1F80
30C0
4060
FFF0
A050
B0D0
9090
9990
CB20
6660
3FC0
0F00
ENDCHAR
STARTCHAR 238B
ENCODING 9099
SWIDTH 1312 0
DWIDTH 21 0
BBX 12 12 5 -1
BITMAP
E380
E0C0
F060
3820
1C10
0C10
8010
8010
C020
6060
30C0
1F00
ENDCHAR
STARTCHAR 238D
ENCODING 9101
SWIDTH 687 0
DWIDTH 11 0
BBX 8 8 1 1
BITMAP
7E
66
66
66
66
66
66
E7
ENDCHAR
STARTCHAR 2394
ENCODING 9108
SWIDTH 1312 0
DWIDTH 21 0
BBX 13 11 4 0
BITMAP
1FC0
3060
2020
6030
4010
C018
4010
6030
2020
3060
1FC0
ENDCHAR
STARTCHAR 2395
ENCODING 9109
SWIDTH 687 0
DWIDTH 11 0
BBX 9 17 1 -3
BITMAP
FF80
8080
8080
8080
8080
8080
8080
8080
8080
8080
8080
8080
8080
8080
8080
8080
FF80
ENDCHAR
STARTCHAR 239B
ENCODING 9115
SWIDTH 687 0
DWIDTH 11 0
BBX 6 18 3 -5
BITMAP
0C
1C
18
30
30
30
60
60
60
60
C0
C0
C0
C0
C0
C0
C0
C0
ENDCHAR
STARTCHAR 239C
ENCODING 9116
SWIDTH 687 0
DWIDTH 11 0
BBX 2 20 3 -5
BITMAP
C0
C0
C0
C0
C0
C0
C0
C0
C0
C0
C0
C0
C0
C0
C0
C0
C0
C0
C0
C0
ENDCHAR
STARTCHAR 239D
ENCODING 9117
SWIDTH 687 0
DWIDTH 11 0
BBX 6 17 3 -3
BITMAP
C0
C0
C0
C0
C0
C0
C0
60
60
60
60
70
30
30
18
1C
0C
ENDCHAR
STARTCHAR 239E
ENCODING 9118
SWIDTH 687 0
DWIDTH 11 0
BBX 6 18 2 -5
BITMAP
C0
E0
60
70
30
30
18
18
18
18
0C
0C
0C
0C
0C
0C
0C
0C
ENDCHAR
STARTCHAR 239F
ENCODING 9119
SWIDTH 687 0
DWIDTH 11 0
BBX 2 20 6 -5
BITMAP
C0
C0
C0
C0
C0
C0
C0
C0
C0
C0
C0
C0
C0
C0
C0
C0
C0
C0
C0
C0
ENDCHAR
STARTCHAR 23A0
ENCODING 9120
SWIDTH 687 0
DWIDTH 11 0
BBX 6 17 2 -3
BITMAP
0C
0C
0C
0C
0C
0C
0C
18
18
18
18
30
30
30
60
E0
C0
ENDCHAR
STARTCHAR 23A1
ENCODING 9121
SWIDTH 687 0
DWIDTH 11 0
BBX 5 18 3 -5
BITMAP
F8
F8
C0
C0
C0
C0
C0
C0
C0
C0
C0
C0
C0
C0
C0
C0
C0
C0
ENDCHAR
STARTCHAR 23A2
ENCODING 9122
SWIDTH 687 0
DWIDTH 11 0
BBX 2 20 3 -5
BITMAP
C0
C0
C0
C0
C0
C0
C0
C0
C0
C0
C0
C0
C0
C0
C0
C0
C0
C0
C0
C0
ENDCHAR
STARTCHAR 23A3
ENCODING 9123
SWIDTH 687 0
DWIDTH 11 0
BBX 5 18 3 -2
BITMAP
C0
C0
C0
C0
C0
C0
C0
C0
C0
C0
C0
C0
C0
C0
C0
C0
F8
F8
ENDCHAR
STARTCHAR 23A4
ENCODING 9124
SWIDTH 687 0
DWIDTH 11 0
BBX 6 18 2 -5
BITMAP
FC
FC
0C
0C
0C
0C
0C
0C
0C
0C
0C
0C
0C
0C
0C
0C
0C
0C
ENDCHAR
STARTCHAR 23A5
ENCODING 9125
SWIDTH 687 0
DWIDTH 11 0
BBX 2 20 6 -5
BITMAP
C0
C0
C0
C0
C0
C0
C0
C0
C0
C0
C0
C0
C0
C0
C0
C0
C0
C0
C0
C0
ENDCHAR
STARTCHAR 23A6
ENCODING 9126
SWIDTH 687 0
DWIDTH 11 0
BBX 6 18 2 -2
BITMAP
0C
0C
0C
0C
0C
0C
0C
0C
0C
0C
0C
0C
0C
0C
0C
0C
FC
FC
ENDCHAR
STARTCHAR 23A7
ENCODING 9127
SWIDTH 687 0
DWIDTH 11 0
BBX 4 18 4 -5
BITMAP
30
70
C0
C0
C0
C0
C0
C0
C0
C0
C0
C0
C0
C0
C0
C0
C0
C0
ENDCHAR
STARTCHAR 23A8
ENCODING 9128
SWIDTH 687 0
DWIDTH 11 0
BBX 4 20 2 -5
BITMAP
30
30
30
30
30
30
30
30
30
E0
E0
30
30
30
30
30
30
30
30
30
ENDCHAR
STARTCHAR 23A9
ENCODING 9129
SWIDTH 687 0
DWIDTH 11 0
BBX 4 18 4 -3
BITMAP
C0
C0
C0
C0
C0
C0
C0
C0
C0
C0
C0
C0
C0
C0
C0
E0
70
30
ENDCHAR
STARTCHAR 23AA
ENCODING 9130
SWIDTH 687 0
DWIDTH 11 0
BBX 2 20 4 -5
BITMAP
C0
C0
C0
C0
C0
C0
C0
C0
C0
C0
C0
C0
C0
C0
C0
C0
C0
C0
C0
C0
ENDCHAR
STARTCHAR 23AB
ENCODING 9131
SWIDTH 687 0
DWIDTH 11 0
BBX 4 18 2 -5
BITMAP
C0
E0
30
30
30
30
30
30
30
30
30
30
30
30
30
30
30
30
ENDCHAR
STARTCHAR 23AC
ENCODING 9132
SWIDTH 687 0
DWIDTH 11 0
BBX 4 20 4 -5
BITMAP
C0
C0
C0
C0
C0
C0
C0
C0
C0
70
70
C0
C0
C0
C0
C0
C0
C0
C0
C0
ENDCHAR
STARTCHAR 23AD
ENCODING 9133
SWIDTH 687 0
DWIDTH 11 0
BBX 4 18 2 -3
BITMAP
30
30
30
30
30
30
30
30
30
30
30
30
30
30
30
70
E0
C0
ENDCHAR
STARTCHAR 23AE
ENCODING 9134
SWIDTH 687 0
DWIDTH 11 0
BBX 2 20 4 -5
BITMAP
C0
C0
C0
C0
C0
C0
C0
C0
C0
C0
C0
C0
C0
C0
C0
C0
C0
C0
C0
C0
ENDCHAR
STARTCHAR 23B0
ENCODING 9136
SWIDTH 687 0
DWIDTH 11 0
BBX 6 16 2 -3
BITMAP
0C
1C
30
30
30
30
30
30
30
30
30
30
30
70
E0
C0
ENDCHAR
STARTCHAR 23B1
ENCODING 9137
SWIDTH 687 0
DWIDTH 11 0
BBX 6 16 2 -3
BITMAP
C0
E0
30
30
30
30
30
30
30
30
30
30
30
38
1C
0C
ENDCHAR
STARTCHAR 23B2
ENCODING 9138
SWIDTH 1312 0
DWIDTH 21 0
BBX 15 18 3 -4
BITMAP
FFFE
FFFE
C006
4000
6000
6000
2000
3000
1000
1800
1800
0800
0C00
0C00
0400
0600
0200
0300
ENDCHAR
STARTCHAR 23B3
ENCODING 9139
SWIDTH 1312 0
DWIDTH 21 0
BBX 15 18 3 -3
BITMAP
0300
0200
0600
0400
0C00
0C00
0800
1800
1800
1000
3000
2000
6000
6000
4000
C006
FFFE
FFFE
ENDCHAR
STARTCHAR 23B8
ENCODING 9144
SWIDTH 687 0
DWIDTH 11 0
BBX 2 20 0 -5
BITMAP
C0
C0
C0
C0
C0
C0
C0
C0
C0
C0
C0
C0
C0
C0
C0
C0
C0
C0
C0
C0
ENDCHAR
STARTCHAR 23B9
ENCODING 9145
SWIDTH 687 0
DWIDTH 11 0
BBX 2 20 9 -5
BITMAP
C0
C0
C0
C0
C0
C0
C0
C0
C0
C0
C0
C0
C0
C0
C0
C0
C0
C0
C0
C0
ENDCHAR
STARTCHAR 23BA
ENCODING 9146
SWIDTH 687 0
DWIDTH 11 0
BBX 11 1 0 14
BITMAP
FFE0
ENDCHAR
STARTCHAR 23BB
ENCODING 9147
SWIDTH 687 0
DWIDTH 11 0
BBX 11 1 0 10
BITMAP
FFE0
ENDCHAR
STARTCHAR 23BC
ENCODING 9148
SWIDTH 687 0
DWIDTH 11 0
BBX 11 1 0 0
BITMAP
FFE0
ENDCHAR
STARTCHAR 23BD
ENCODING 9149
SWIDTH 687 0
DWIDTH 11 0
BBX 11 1 0 -4
BITMAP
FFE0
ENDCHAR
STARTCHAR 23BE
ENCODING 9150
SWIDTH 687 0
DWIDTH 11 0
BBX 11 20 0 -5
BITMAP
FFE0
C000
C000
C000
C000
C000
C000
C000
C000
C000
C000
C000
C000
C000
C000
C000
C000
C000
C000
C000
ENDCHAR
STARTCHAR 23BF
ENCODING 9151
SWIDTH 687 0
DWIDTH 11 0
BBX 11 20 0 -4
BITMAP
C000
C000
C000
C000
C000
C000
C000
C000
C000
C000
C000
C000
C000
C000
C000
C000
C000
C000
C000
FFE0
ENDCHAR
STARTCHAR 23C0
ENCODING 9152
SWIDTH 1312 0
DWIDTH 21 0
BBX 12 20 5 -5
BITMAP
0600
0600
0600
0600
1F80
36C0
4660
C620
8610
8610
8610
8610
C620
6660
36C0
1F00
0600
0600
0600
0600
ENDCHAR
STARTCHAR 23C1
ENCODING 9153
SWIDTH 1312 0
DWIDTH 21 0
BBX 21 20 0 -5
BITMAP
FFFFF8
003000
003000
003000
00FC00
01B600
023300
063100
043080
043080
043080
043080
063100
033300
01B600
00F800
003000
003000
003000
003000
ENDCHAR
STARTCHAR 23C2
ENCODING 9154
SWIDTH 1312 0
DWIDTH 21 0
BBX 21 19 0 -4
BITMAP
003000
003000
003000
003000
00FC00
01B600
023300
063100
043080
043080
043080
043080
063100
033300
01B600
00F800
003000
003000
FFFFF8
ENDCHAR
STARTCHAR 23C3
ENCODING 9155
SWIDTH 1312 0
DWIDTH 21 0
BBX 14 20 4 -5
BITMAP
0300
0300
0300
0300
0300
0300
0700
0780
0FC0
1B40
1360
3320
2330
6318
C308
FFFC
0300
0300
0300
0300
ENDCHAR
STARTCHAR 23C4
ENCODING 9156
SWIDTH 1312 0
DWIDTH 21 0
BBX 21 20 0 -5
BITMAP
FFFFF8
003000
003000
003000
003000
003000
007800
00F800
00BC00
01B400
013600
033300
063100
043180
0C3080
0FFFC0
003000
003000
003000
003000
ENDCHAR
STARTCHAR 23C5
ENCODING 9157
SWIDTH 1312 0
DWIDTH 21 0
BBX 21 19 0 -4
BITMAP
003000
003000
003000
003000
003000
003000
007000
007800
00FC00
01B400
013600
033200
023100
063180
0C3080
0FFFC0
003000
003000
FFFFF8
ENDCHAR
STARTCHAR 23C6
ENCODING 9158
SWIDTH 1312 0
DWIDTH 21 0
BBX 14 20 4 -5
BITMAP
0300
0300
0300
0300
0300
0300
0300
1F0C
3718
6318
6330
C3F0
C3E0
0300
0300
0300
0300
0300
0300
0300
ENDCHAR
STARTCHAR 23C7
ENCODING 9159
SWIDTH 1312 0
DWIDTH 21 0
BBX 21 20 0 -5
BITMAP
FFFFF8
002000
002000
002000
002000
002000
002000
03E180
036180
062300
0C3300
0C3E00
002000
002000
002000
002000
002000
002000
002000
002000
ENDCHAR
STARTCHAR 23C8
ENCODING 9160
SWIDTH 1312 0
DWIDTH 21 0
BBX 21 20 0 -4
BITMAP
002000
002000
002000
002000
002000
002000
002000
002000
03E180
036180
062300
0C3300
0C3E00
002000
002000
002000
002000
002000
002000
FFFFF8
ENDCHAR
STARTCHAR 23C9
ENCODING 9161
SWIDTH 1312 0
DWIDTH 21 0
BBX 21 20 0 -5
BITMAP
FFFFF8
003000
003000
003000
003000
003000
003000
003000
003000
003000
003000
003000
003000
003000
003000
003000
003000
003000
003000
003000
ENDCHAR
STARTCHAR 23CA
ENCODING 9162
SWIDTH 1312 0
DWIDTH 21 0
BBX 21 20 0 -4
BITMAP
003000
003000
003000
003000
003000
003000
003000
003000
003000
003000
003000
003000
003000
003000
003000
003000
003000
003000
003000
FFFFF8
ENDCHAR
STARTCHAR 23CB
ENCODING 9163
SWIDTH 687 0
DWIDTH 11 0
BBX 11 20 0 -5
BITMAP
FFE0
0060
0060
0060
0060
0060
0060
0060
0060
0060
0060
0060
0060
0060
0060
0060
0060
0060
0060
0060
ENDCHAR
STARTCHAR 23CC
ENCODING 9164
SWIDTH 687 0
DWIDTH 11 0
BBX 11 20 0 -4
BITMAP
0060
0060
0060
0060
0060
0060
0060
0060
0060
0060
0060
0060
0060
0060
0060
0060
0060
0060
0060
FFE0
ENDCHAR
STARTCHAR 23CE
ENCODING 9166
SWIDTH 1312 0
DWIDTH 21 0
BBX 19 9 1 1
BITMAP
0007E0
000420
040420
1FFC20
300020
C00020
600020
1FFFE0
0C0000
ENDCHAR
STARTCHAR 23CF
ENCODING 9167
SWIDTH 1312 0
DWIDTH 21 0
BBX 12 12 5 -1
BITMAP
0600
0F00
1F80
3FC0
7FE0
FFF0
0000
0000
FFF0
FFF0
FFF0
FFF0
ENDCHAR
STARTCHAR 23DA
ENCODING 9178
SWIDTH 687 0
DWIDTH 11 0
BBX 8 14 1 1
BITMAP
18
18
18
18
18
18
18
18
18
FF
00
3E
00
1C
ENDCHAR
STARTCHAR 23DB
ENCODING 9179
SWIDTH 687 0
DWIDTH 11 0
BBX 10 5 0 3
BITMAP
7F80
4080
FFC0
4080
7F80
ENDCHAR
STARTCHAR 23E2
ENCODING 9186
SWIDTH 1312 0
DWIDTH 21 0
BBX 12 7 5 2
BITMAP
FFE0
8060
8020
8020
8020
8030
FFF0
ENDCHAR
STARTCHAR 23E4
ENCODING 9188
SWIDTH 1312 0
DWIDTH 21 0
BBX 12 1 5 5
BITMAP
FFF0
ENDCHAR
STARTCHAR 23E5
ENCODING 9189
SWIDTH 1312 0
DWIDTH 21 0
BBX 15 7 3 2
BITMAP
1FFE
3004
2004
600C
4008
4018
FFF0
ENDCHAR
STARTCHAR 23E8
ENCODING 9192
SWIDTH 687 0
DWIDTH 11 0
BBX 9 9 1 -2
BITMAP
2000
6780
E480
2580
2580
2680
2480
2780
F300
ENDCHAR
STARTCHAR 23E9
ENCODING 9193
SWIDTH 1312 0
DWIDTH 21 0
BBX 13 12 4 0
BITMAP
8100
C180
E1C0
F1E0
F9F0
FDF8
FDF0
F9E0
F1C0
E180
C100
8000
ENDCHAR
STARTCHAR 23EA
ENCODING 9194
SWIDTH 1312 0
DWIDTH 21 0
BBX 13 13 4 -1
BITMAP
0200
0608
0E18
1E38
3E78
7EF8
FFF8
7FF8
3EF8
1E78
0E38
0618
0208
ENDCHAR
STARTCHAR 23EB
ENCODING 9195
SWIDTH 1312 0
DWIDTH 21 0
BBX 13 13 4 -1
BITMAP
0200
0700
0F80
1FC0
3FE0
7FF0
FFF8
0200
0700
0F80
1FC0
3FE0
7FF0
ENDCHAR
STARTCHAR 23EC
ENCODING 9196
SWIDTH 1312 0
DWIDTH 21 0
BBX 13 13 4 -1
BITMAP
FFF8
7FF0
3FE0
1FC0
0F80
0700
0200
7FF0
3FE0
1FC0
0F80
0700
0200
ENDCHAR
STARTCHAR 23ED
ENCODING 9197
SWIDTH 1312 0
DWIDTH 21 0
BBX 13 12 4 -1
BITMAP
8418
C218
E318
F398
FBD8
FBF8
FBD8
F3D8
E398
C318
C218
8018
ENDCHAR
STARTCHAR 23EE
ENCODING 9198
SWIDTH 1312 0
DWIDTH 21 0
BBX 13 12 4 -1
BITMAP
C208
C218
C638
CE78
DEF8
FEF8
DEF8
DE78
CE38
C618
C218
C008
ENDCHAR
STARTCHAR 23EF
ENCODING 9199
SWIDTH 1312 0
DWIDTH 21 0
BBX 11 12 5 -1
BITMAP
8360
C360
E360
F360
FB60
FF60
FF60
FB60
F360
E360
C360
8360
ENDCHAR
STARTCHAR 23F0
ENCODING 9200
SWIDTH 1312 0
DWIDTH 21 0
BBX 12 13 4 -1
BITMAP
2760
3FC0
70E0
6270
C230
C230
C630
C630
CC30
6060
70E0
3FC0
2640
ENDCHAR
STARTCHAR 23F1
ENCODING 9201
SWIDTH 1312 0
DWIDTH 21 0
BBX 12 14 4 -1
BITMAP
0600
0000
3FD0
6260
6260
C230
C630
C630
C030
C030
6060
70E0
3FC0
0600
ENDCHAR
STARTCHAR 23F2
ENCODING 9202
SWIDTH 1312 0
DWIDTH 21 0
BBX 12 13 4 -1
BITMAP
0600
3FC0
70E0
6060
D030
DC30
C630
C030
C030
6060
70E0
3FC0
0600
ENDCHAR
STARTCHAR 23F3
ENCODING 9203
SWIDTH 1312 0
DWIDTH 21 0
BBX 13 15 4 -2
BITMAP
FFF0
C018
C010
5FD0
6FB0
3AE0
0D80
0700
0D80
3AE0
6230
4210
C718
D8D8
FFF0
ENDCHAR
STARTCHAR 23F4
ENCODING 9204
SWIDTH 1312 0
DWIDTH 21 0
BBX 7 13 7 -1
BITMAP
02
06
0E
1E
3E
7E
FE
7E
3E
1E
0E
06
02
ENDCHAR
STARTCHAR 23F5
ENCODING 9205
SWIDTH 1312 0
DWIDTH 21 0
BBX 7 13 7 -1
BITMAP
80
C0
E0
F0
F8
FC
FE
FC
F8
F0
E0
C0
80
ENDCHAR
STARTCHAR 23F6
ENCODING 9206
SWIDTH 1312 0
DWIDTH 21 0
BBX 13 7 4 2
BITMAP
0200
0700
0F80
1FC0
3FE0
7FF0
FFF8
ENDCHAR
STARTCHAR 23F7
ENCODING 9207
SWIDTH 1312 0
DWIDTH 21 0
BBX 13 7 4 2
BITMAP
FFF8
7FF0
3FE0
1FC0
0F80
0700
0200
ENDCHAR
STARTCHAR 23F8
ENCODING 9208
SWIDTH 1312 0
DWIDTH 21 0
BBX 12 12 4 -1
BITMAP
F0F0
F0F0
F0F0
F0F0
F0F0
F0F0
F0F0
F0F0
F0F0
F0F0
F0F0
F0F0
ENDCHAR
STARTCHAR 23F9
ENCODING 9209
SWIDTH 1312 0
DWIDTH 21 0
BBX 12 12 5 -1
BITMAP
FFF0
FFF0
FFF0
FFF0
FFF0
FFF0
FFF0
FFF0
FFF0
FFF0
FFF0
FFF0
ENDCHAR
STARTCHAR 23FA
ENCODING 9210
SWIDTH 1312 0
DWIDTH 21 0
BBX 12 12 5 -1
BITMAP
1F80
7FC0
7FE0
FFF0
FFF0
FFF0
FFF0
FFF0
FFF0
7FE0
3FC0
1F80
ENDCHAR
STARTCHAR 23FB
ENCODING 9211
SWIDTH 1312 0
DWIDTH 21 0
BBX 13 13 4 -1
BITMAP
0300
0300
3330
6330
4318
4318
C318
C018
4018
6018
6030
3860
0FC0
ENDCHAR
STARTCHAR 23FC
ENCODING 9212
SWIDTH 1312 0
DWIDTH 21 0
BBX 13 12 4 -1
BITMAP
1FC0
3060
6330
4318
4318
C318
C318
4318
6318
6030
3860
0FC0
ENDCHAR
STARTCHAR 23FD
ENCODING 9213
SWIDTH 1312 0
DWIDTH 21 0
BBX 2 12 10 -1
BITMAP
C0
C0
C0
C0
C0
C0
C0
C0
C0
C0
C0
C0
ENDCHAR
STARTCHAR 23FE
ENCODING 9214
SWIDTH 1312 0
DWIDTH 21 0
BBX 10 11 5 0
BITMAP
2000
6000
6000
E000
E000
F000
7000
7800
3E00
1FC0
0700
ENDCHAR
STARTCHAR 23FF
ENCODING 9215
SWIDTH 687 0
DWIDTH 11 0
BBX 8 9 1 1
BITMAP
07
0E
3F
6F
CF
EF
3F
0E
07
ENDCHAR
STARTCHAR 2400
ENCODING 9216
SWIDTH 687 0
DWIDTH 11 0
BBX 7 15 2 -2
BITMAP
B0
F0
F0
B0
00
28
28
28
28
38
00
08
08
08
0E
ENDCHAR
STARTCHAR 2401
ENCODING 9217
SWIDTH 687 0
DWIDTH 11 0
BBX 6 15 2 -2
BITMAP
E0
80
60
A0
40
30
48
48
48
30
00
14
14
1C
14
ENDCHAR
STARTCHAR 2402
ENCODING 9218
SWIDTH 687 0
DWIDTH 11 0
BBX 7 15 2 -2
BITMAP
E0
80
60
A0
40
38
10
10
10
30
00
1E
0C
0C
1E
ENDCHAR
STARTCHAR 2403
ENCODING 9219
SWIDTH 687 0
DWIDTH 11 0
BBX 6 15 2 -2
BITMAP
E0
80
C0
A0
40
38
10
10
10
10
00
1C
08
08
1C
ENDCHAR
STARTCHAR 2404
ENCODING 9220
SWIDTH 687 0
DWIDTH 11 0
BBX 6 15 2 -2
BITMAP
E0
80
C0
A0
40
30
30
30
30
30
00
1C
08
08
08
ENDCHAR
STARTCHAR 2405
ENCODING 9221
SWIDTH 687 0
DWIDTH 11 0
BBX 6 15 2 -2
BITMAP
E0
80
C0
A0
40
78
30
30
30
00
0C
14
14
1C
1C
ENDCHAR
STARTCHAR 2406
ENCODING 9222
SWIDTH 687 0
DWIDTH 11 0
BBX 6 15 2 -2
BITMAP
60
60
E0
B0
00
38
20
20
28
10
00
0C
0C
0C
0C
ENDCHAR
STARTCHAR 2407
ENCODING 9223
SWIDTH 687 0
DWIDTH 11 0
BBX 7 15 2 -2
BITMAP
E0
A0
E0
A0
E0
00
30
30
20
38
00
18
08
08
1E
ENDCHAR
STARTCHAR 2408
ENCODING 9224
SWIDTH 687 0
DWIDTH 11 0
BBX 6 15 2 -2
BITMAP
F0
90
90
F0
90
90
F0
00
34
6C
60
38
0C
6C
58
ENDCHAR
STARTCHAR 2409
ENCODING 9225
SWIDTH 687 0
DWIDTH 11 0
BBX 7 15 2 -2
BITMAP
CC
C8
C8
F8
C8
C8
CC
00
3E
2A
08
08
08
08
1C
ENDCHAR
STARTCHAR 240A
ENCODING 9226
SWIDTH 687 0
DWIDTH 11 0
BBX 6 15 2 -2
BITMAP
E0
40
40
40
40
48
F8
00
3C
24
20
3C
20
20
30
ENDCHAR
STARTCHAR 240B
ENCODING 9227
SWIDTH 687 0
DWIDTH 11 0
BBX 7 15 2 -2
BITMAP
CC
48
48
70
70
30
00
00
3E
2A
08
08
08
08
1C
ENDCHAR
STARTCHAR 240C
ENCODING 9228
SWIDTH 687 0
DWIDTH 11 0
BBX 6 15 2 -2
BITMAP
F8
C8
C0
F0
C0
C0
C0
00
7C
24
20
3C
20
20
70
ENDCHAR
STARTCHAR 240D
ENCODING 9229
SWIDTH 687 0
DWIDTH 11 0
BBX 7 15 2 -2
BITMAP
68
D8
80
80
80
98
70
00
7C
64
64
7C
68
64
66
ENDCHAR
STARTCHAR 240E
ENCODING 9230
SWIDTH 687 0
DWIDTH 11 0
BBX 6 15 2 -2
BITMAP
70
90
80
60
10
90
F0
00
38
6C
4C
4C
4C
6C
38
ENDCHAR
STARTCHAR 240F
ENCODING 9231
SWIDTH 687 0
DWIDTH 11 0
BBX 5 15 2 -2
BITMAP
F0
90
80
60
10
F0
F0
00
38
10
10
10
10
10
38
ENDCHAR
STARTCHAR 2410
ENCODING 9232
SWIDTH 687 0
DWIDTH 11 0
BBX 7 15 2 -2
BITMAP
E0
A0
A0
A0
40
20
20
20
20
38
00
1E
18
10
1E
ENDCHAR
STARTCHAR 2411
ENCODING 9233
SWIDTH 687 0
DWIDTH 11 0
BBX 6 15 2 -2
BITMAP
E0
A0
A0
E0
00
38
40
40
40
30
00
18
08
08
1C
ENDCHAR
STARTCHAR 2412
ENCODING 9234
SWIDTH 687 0
DWIDTH 11 0
BBX 6 15 2 -2
BITMAP
E0
A0
A0
E0
00
30
40
40
30
00
1C
04
0C
18
1C
ENDCHAR
STARTCHAR 2413
ENCODING 9235
SWIDTH 687 0
DWIDTH 11 0
BBX 7 15 2 -2
BITMAP
E0
A0
A0
E0
00
38
40
40
40
38
00
1C
0C
02
1E
ENDCHAR
STARTCHAR 2414
ENCODING 9236
SWIDTH 687 0
DWIDTH 11 0
BBX 7 15 2 -2
BITMAP
E0
A0
A0
E0
00
38
40
40
40
30
00
0C
1C
1E
04
ENDCHAR
STARTCHAR 2415
ENCODING 9237
SWIDTH 687 0
DWIDTH 11 0
BBX 6 15 2 -2
BITMAP
A0
A0
E0
A0
A0
00
30
30
30
38
00
14
18
18
14
ENDCHAR
STARTCHAR 2416
ENCODING 9238
SWIDTH 687 0
DWIDTH 11 0
BBX 6 15 2 -2
BITMAP
E0
80
60
A0
40
78
30
30
10
30
00
14
1C
1C
14
ENDCHAR
STARTCHAR 2417
ENCODING 9239
SWIDTH 687 0
DWIDTH 11 0
BBX 6 15 2 -2
BITMAP
E0
80
C0
A0
40
38
10
10
10
10
00
0C
0C
0C
1C
ENDCHAR
STARTCHAR 2418
ENCODING 9240
SWIDTH 687 0
DWIDTH 11 0
BBX 7 15 2 -2
BITMAP
E0
80
80
80
E0
30
30
30
38
28
00
1A
1A
16
1A
ENDCHAR
STARTCHAR 2419
ENCODING 9241
SWIDTH 687 0
DWIDTH 11 0
BBX 7 15 1 -2
BITMAP
F8
48
40
70
40
48
F8
00
36
36
36
3A
3A
32
36
ENDCHAR
STARTCHAR 241A
ENCODING 9242
SWIDTH 687 0
DWIDTH 11 0
BBX 6 15 2 -2
BITMAP
E0
80
60
A0
40
78
28
28
30
30
00
1C
1C
14
1C
ENDCHAR
STARTCHAR 241B
ENCODING 9243
SWIDTH 687 0
DWIDTH 11 0
BBX 6 15 2 -2
BITMAP
E0
80
C0
A0
40
30
20
30
10
30
00
1C
10
10
1C
ENDCHAR
STARTCHAR 241C
ENCODING 9244
SWIDTH 687 0
DWIDTH 11 0
BBX 6 15 2 -2
BITMAP
F8
C8
C0
F0
C0
C0
C0
00
3C
64
20
3C
04
64
78
ENDCHAR
STARTCHAR 241D
ENCODING 9245
SWIDTH 687 0
DWIDTH 11 0
BBX 6 15 2 -2
BITMAP
78
98
80
B8
98
D8
78
00
3C
64
60
38
0C
64
58
ENDCHAR
STARTCHAR 241E
ENCODING 9246
SWIDTH 687 0
DWIDTH 11 0
BBX 6 15 2 -2
BITMAP
F0
C8
C8
F8
D0
D0
C8
00
3C
24
20
18
04
24
3C
ENDCHAR
STARTCHAR 241F
ENCODING 9247
SWIDTH 687 0
DWIDTH 11 0
BBX 6 15 2 -2
BITMAP
D8
90
90
90
90
90
70
00
34
6C
60
38
0C
4C
78
ENDCHAR
STARTCHAR 2420
ENCODING 9248
SWIDTH 687 0
DWIDTH 11 0
BBX 6 15 2 -2
BITMAP
F0
90
80
60
10
90
F0
00
7C
64
64
7C
60
60
60
ENDCHAR
STARTCHAR 2421
ENCODING 9249
SWIDTH 687 0
DWIDTH 11 0
BBX 7 15 2 -2
BITMAP
E0
A0
A0
A0
E0
00
30
30
20
78
00
18
08
08
1E
ENDCHAR
STARTCHAR 2422
ENCODING 9250
SWIDTH 687 0
DWIDTH 11 0
BBX 8 12 1 0
BITMAP
E0
E0
78
E4
7E
63
63
63
63
63
FF
EE
ENDCHAR
STARTCHAR 2423
ENCODING 9251
SWIDTH 687 0
DWIDTH 11 0
BBX 7 3 2 -2
BITMAP
C6
FE
FE
ENDCHAR
STARTCHAR 2424
ENCODING 9252
SWIDTH 687 0
DWIDTH 11 0
BBX 6 15 2 -2
BITMAP
D8
D8
B8
B8
E8
D8
D8
00
30
20
20
20
20
24
3C
ENDCHAR
STARTCHAR 2425
ENCODING 9253
SWIDTH 687 0
DWIDTH 11 0
BBX 9 9 1 1
BITMAP
0280
0500
0A80
1500
2A00
5400
A800
5000
A000
ENDCHAR
STARTCHAR 2426
ENCODING 9254
SWIDTH 687 0
DWIDTH 11 0
BBX 7 12 1 0
BITMAP
7C
7E
C6
C0
C0
70
30
10
00
10
38
18
ENDCHAR
STARTCHAR 2427
ENCODING 9255
SWIDTH 687 0
DWIDTH 11 0
BBX 9 9 1 1
BITMAP
D980
D980
2600
2600
D980
D980
2600
D980
D980
ENDCHAR
STARTCHAR 2428
ENCODING 9256
SWIDTH 687 0
DWIDTH 11 0
BBX 9 13 1 -1
BITMAP
2600
2600
D980
D980
2600
2600
D980
2600
2600
D980
D980
2600
2600
ENDCHAR
STARTCHAR 2429
ENCODING 9257
SWIDTH 687 0
DWIDTH 11 0
BBX 11 21 0 -5
BITMAP
E700
E700
E700
18E0
18E0
E700
E700
E700
18E0
18E0
FFE0
E700
E700
18E0
18E0
E700
E700
E700
18E0
18E0
18E0
ENDCHAR
STARTCHAR 2440
ENCODING 9280
SWIDTH 687 0
DWIDTH 11 0
BBX 7 11 2 0
BITMAP
1E
16
16
16
16
16
D0
D0
D0
D0
F0
ENDCHAR
STARTCHAR 2441
ENCODING 9281
SWIDTH 687 0
DWIDTH 11 0
BBX 7 12 2 -1
BITMAP
06
06
06
06
06
FE
FE
C6
C6
C6
C6
C6
ENDCHAR
STARTCHAR 2442
ENCODING 9282
SWIDTH 687 0
DWIDTH 11 0
BBX 7 11 2 0
BITMAP
C6
C6
C6
C6
C6
FE
10
10
10
10
10
ENDCHAR
STARTCHAR 2443
ENCODING 9283
SWIDTH 687 0
DWIDTH 11 0
BBX 7 11 2 0
BITMAP
10
10
10
10
10
FE
C6
C6
C6
C6
C6
ENDCHAR
STARTCHAR 2444
ENCODING 9284
SWIDTH 687 0
DWIDTH 11 0
BBX 7 11 2 0
BITMAP
FE
D6
D6
D6
D6
10
10
D6
D6
D6
FE
ENDCHAR
STARTCHAR 2445
ENCODING 9285
SWIDTH 687 0
DWIDTH 11 0
BBX 8 5 1 3
BITMAP
42
FF
DB
FF
66
ENDCHAR
STARTCHAR 2460
ENCODING 9312
SWIDTH 1312 0
DWIDTH 21 0
BBX 17 17 2 -3
BITMAP
07F000
1C1C00
300600
600300
400100
C18180
C08180
808180
808180
C08180
C08180
C3E180
400100
600300
300600
1C1C00
07F000
ENDCHAR
STARTCHAR 2461
ENCODING 9313
SWIDTH 1312 0
DWIDTH 21 0
BBX 17 17 2 -3
BITMAP
07F000
1C1C00
300600
600300
400100
C1C180
C22180
802180
80C180
C18180
C32180
C3E180
400100
600300
300600
1C1C00
07F000
ENDCHAR
STARTCHAR 2462
ENCODING 9314
SWIDTH 1312 0
DWIDTH 21 0
BBX 17 17 2 -3
BITMAP
07F000
1C1C00
300600
600300
400100
C3E180
C24180
808180
81E180
C02180
C22180
C1C180
400100
600300
300600
1C1C00
07F000
ENDCHAR
STARTCHAR 2463
ENCODING 9315
SWIDTH 1312 0
DWIDTH 21 0
BBX 17 17 2 -3
BITMAP
07F000
1C1C00
300600
600300
400100
C0C180
C0C180
814180
814180
C3E180
C04180
C0E180
400100
600300
300600
1C1C00
07F000
ENDCHAR
STARTCHAR 2464
ENCODING 9316
SWIDTH 1312 0
DWIDTH 21 0
BBX 17 17 2 -3
BITMAP
07F000
1C1C00
300600
600300
400100
C1E180
C12180
810180
81E180
C02180
C02180
C1E180
400100
600300
300600
1C1C00
07F000
ENDCHAR
STARTCHAR 2465
ENCODING 9317
SWIDTH 1312 0
DWIDTH 21 0
BBX 17 17 2 -3
BITMAP
07F000
1C1C00
300600
600300
400100
C1C180
C22180
820180
83E180
C22180
C22180
C1C180
400100
600300
300600
1C1C00
07F000
ENDCHAR
STARTCHAR 2466
ENCODING 9318
SWIDTH 1312 0
DWIDTH 21 0
BBX 17 17 2 -3
BITMAP
07F000
1C1C00
300600
600300
400100
C3E180
C24180
804180
80C180
C08180
C08180
C18180
400100
600300
300600
1C1C00
07F000
ENDCHAR
STARTCHAR 2467
ENCODING 9319
SWIDTH 1312 0
DWIDTH 21 0
BBX 17 17 2 -3
BITMAP
07F000
1C1C00
300600
600300
400100
C1C180
C32180
832180
81C180
C22180
C22180
C1E180
400100
600300
300600
1C1C00
07F000
ENDCHAR
STARTCHAR 2468
ENCODING 9320
SWIDTH 1312 0
DWIDTH 21 0
BBX 17 17 2 -3
BITMAP
07F000
1C1C00
300600
600300
400100
C1C180
C22180
822180
83E180
C02180
C22180
C1C180
400100
600300
300600
1C1C00
07F000
ENDCHAR
STARTCHAR 2469
ENCODING 9321
SWIDTH 1312 0
DWIDTH 21 0
BBX 17 17 2 -3
BITMAP
07F000
1C1C00
300600
600300
400100
CC3D80
DC2580
842D80
843D80
C43580
C42580
DE3D80
400100
600300
300600
1C1C00
07F000
ENDCHAR
STARTCHAR 246A
ENCODING 9322
SWIDTH 1312 0
DWIDTH 21 0
BBX 17 17 2 -3
BITMAP
07F000
1C1C00
300600
600300
400100
CC3180
D41180
841180
841180
C41180
C41180
DE7D80
400100
600300
300600
1C1C00
07F000
ENDCHAR
STARTCHAR 246B
ENCODING 9323
SWIDTH 1312 0
DWIDTH 21 0
BBX 17 17 2 -3
BITMAP
07F000
1C1C00
300600
600300
400100
CC3D80
DC2580
840580
840980
C41180
C42580
DE3D80
400100
600300
300600
1C1C00
07F000
ENDCHAR
STARTCHAR 246C
ENCODING 9324
SWIDTH 1312 0
DWIDTH 21 0
BBX 17 17 2 -3
BITMAP
07F000
1C1C00
300600
600300
400100
CC3D80
DC2D80
841980
841D80
C40580
C42580
DE3D80
400100
600300
300600
1C1C00
07F000
ENDCHAR
STARTCHAR 246D
ENCODING 9325
SWIDTH 1312 0
DWIDTH 21 0
BBX 17 17 2 -3
BITMAP
07F000
1C1C00
300600
600300
400100
CC0980
D41980
843980
842980
C47D80
C40980
DE1D80
400100
600300
300600
1C1C00
07F000
ENDCHAR
STARTCHAR 246E
ENCODING 9326
SWIDTH 1312 0
DWIDTH 21 0
BBX 17 17 2 -3
BITMAP
07F000
1C1C00
300600
600300
400100
CC3D80
DC2580
842180
843D80
C40580
C40580
DE3D80
400100
600300
300600
1C1C00
07F000
ENDCHAR
STARTCHAR 246F
ENCODING 9327
SWIDTH 1312 0
DWIDTH 21 0
BBX 17 17 2 -3
BITMAP
07F000
1C1C00
300600
600300
400100
CC3D80
DC2580
842180
843D80
C42580
C42580
DE3D80
400100
600300
300600
1C1C00
07F000
ENDCHAR
STARTCHAR 2470
ENCODING 9328
SWIDTH 1312 0
DWIDTH 21 0
BBX 17 17 2 -3
BITMAP
07F000
1C1C00
300600
600300
400100
CC3F80
DC2580
840580
840D80
C40980
C41980
DE1180
400100
600300
300600
1C1C00
07F000
ENDCHAR
STARTCHAR 2471
ENCODING 9329
SWIDTH 1312 0
DWIDTH 21 0
BBX 17 17 2 -3
BITMAP
07F000
1C1C00
300600
600300
400100
CC3D80
DC2580
842580
841980
C42580
C42580
DE3D80
400100
600300
300600
1C1C00
07F000
ENDCHAR
STARTCHAR 2472
ENCODING 9330
SWIDTH 1312 0
DWIDTH 21 0
BBX 17 17 2 -3
BITMAP
07F000
1C1C00
300600
600300
400100
CC3D80
DC2580
842580
843D80
C40580
C42580
DE3D80
400100
600300
300600
1C1C00
07F000
ENDCHAR
STARTCHAR 2473
ENCODING 9331
SWIDTH 1312 0
DWIDTH 21 0
BBX 17 17 2 -3
BITMAP
07F000
1C1C00
300600
600300
400100
DE3D80
D22580
822D80
863D80
C83580
D02580
DE3D80
400100
600300
300600
1C1C00
07F000
ENDCHAR
STARTCHAR 2474
ENCODING 9332
SWIDTH 1312 0
DWIDTH 21 0
BBX 12 13 4 -2
BITMAP
6060
6060
4630
CE30
CE30
C630
C630
C630
C630
C630
4FB0
6060
6060
ENDCHAR
STARTCHAR 2475
ENCODING 9333
SWIDTH 1312 0
DWIDTH 21 0
BBX 12 13 4 -2
BITMAP
6060
6020
4F30
CDB0
C1B0
C1B0
C330
CE30
CC30
C8B0
5FB0
6060
6060
ENDCHAR
STARTCHAR 2476
ENCODING 9334
SWIDTH 1312 0
DWIDTH 21 0
BBX 12 13 4 -1
BITMAP
6060
6020
6FB0
C9B0
C330
C730
C7B0
C1B0
C1B0
CDB0
6730
6060
6060
ENDCHAR
STARTCHAR 2477
ENCODING 9335
SWIDTH 1312 0
DWIDTH 21 0
BBX 12 13 4 -2
BITMAP
6060
6020
6330
C330
C730
C530
CD30
C930
CFB0
C130
43B0
6060
6060
ENDCHAR
STARTCHAR 2478
ENCODING 9336
SWIDTH 1312 0
DWIDTH 21 0
BBX 12 13 4 -2
BITMAP
6060
6060
6F30
CD30
CC30
CC30
CF30
C130
C1B0
C330
6F30
6060
6060
ENDCHAR
STARTCHAR 2479
ENCODING 9337
SWIDTH 1312 0
DWIDTH 21 0
BBX 12 13 4 -1
BITMAP
6060
6020
4F30
CDB0
D830
DB30
DFB0
D9B0
D9B0
CDB0
4F30
6060
6060
ENDCHAR
STARTCHAR 247A
ENCODING 9338
SWIDTH 1312 0
DWIDTH 21 0
BBX 12 13 4 -1
BITMAP
6060
6020
6FB0
C9B0
C1B0
C130
C330
C330
C230
C630
6630
6060
6060
ENDCHAR
STARTCHAR 247B
ENCODING 9339
SWIDTH 1312 0
DWIDTH 21 0
BBX 12 13 4 -1
BITMAP
6060
6060
4F30
CD30
C9B0
CD30
C730
C9B0
D9B0
CDB0
4F30
6060
6060
ENDCHAR
STARTCHAR 247C
ENCODING 9340
SWIDTH 1312 0
DWIDTH 21 0
BBX 12 13 4 -1
BITMAP
6060
6020
6F30
CDB0
D9B0
D9B0
CFB0
CFB0
C1B0
C9B0
4F30
6060
6060
ENDCHAR
STARTCHAR 247D
ENCODING 9341
SWIDTH 1312 0
DWIDTH 21 0
BBX 19 13 1 -1
BITMAP
300180
6000C0
660EC0
4E1B60
C61B60
C61B60
C61F60
C61B60
C61B60
C61B60
7F0EC0
6000C0
300180
ENDCHAR
STARTCHAR 247E
ENCODING 9342
SWIDTH 1312 0
DWIDTH 21 0
BBX 19 13 1 -2
BITMAP
300080
6000C0
6606C0
4E0E60
D61660
C60660
C60660
C60660
C60660
C60660
7F1F40
6000C0
3000C0
ENDCHAR
STARTCHAR 247F
ENCODING 9343
SWIDTH 1312 0
DWIDTH 21 0
BBX 19 13 1 -2
BITMAP
300180
6000C0
660EC0
4E1B60
C60360
C60360
C60660
C60C60
C61860
C61960
7F1FC0
6000C0
3000C0
ENDCHAR
STARTCHAR 2480
ENCODING 9344
SWIDTH 1312 0
DWIDTH 21 0
BBX 19 13 1 -1
BITMAP
3000C0
6000C0
6E1F60
DE1360
C60660
C60E60
C60F60
C601E0
C601E0
C61B60
7F0F60
6000C0
3000C0
ENDCHAR
STARTCHAR 2481
ENCODING 9345
SWIDTH 1312 0
DWIDTH 21 0
BBX 19 13 1 -2
BITMAP
300180
6000C0
6606C0
4E0660
C60E60
C60A60
C61A60
C61260
C63F60
C60260
7F07C0
6000C0
3000C0
ENDCHAR
STARTCHAR 2482
ENCODING 9346
SWIDTH 1312 0
DWIDTH 21 0
BBX 19 13 1 -2
BITMAP
3000C0
6000C0
6E1FC0
DE1960
C61860
C61860
C61F60
C60160
C60160
C60360
7F1EC0
6000C0
3000C0
ENDCHAR
STARTCHAR 2483
ENCODING 9347
SWIDTH 1312 0
DWIDTH 21 0
BBX 19 13 1 -1
BITMAP
3000C0
6000C0
660F60
4E1B60
C61860
C61E60
C61F60
C619E0
C619E0
C61B60
7F0F60
6000C0
3000C0
ENDCHAR
STARTCHAR 2484
ENCODING 9348
SWIDTH 1312 0
DWIDTH 21 0
BBX 19 13 1 -2
BITMAP
3000C0
6000C0
6E1FC0
DE1360
C60360
C60260
C60660
C60660
C60460
C60C60
7F0CC0
6000C0
3000C0
ENDCHAR
STARTCHAR 2485
ENCODING 9349
SWIDTH 1312 0
DWIDTH 21 0
BBX 19 13 1 -1
BITMAP
3001C0
6000C0
660EC0
4E1B60
C61B60
C61B60
C60E60
C61B60
C61960
C61B60
7F0EC0
6000C0
3001C0
ENDCHAR
STARTCHAR 2486
ENCODING 9350
SWIDTH 1312 0
DWIDTH 21 0
BBX 19 13 1 -1
BITMAP
300180
6000C0
661EC0
4E1B60
C63360
C63360
C61F60
C61F60
C60360
C61360
7F1EC0
6000C0
300180
ENDCHAR
STARTCHAR 2487
ENCODING 9351
SWIDTH 1312 0
DWIDTH 21 0
BBX 19 13 1 -1
BITMAP
300180
6000C0
6F0EC0
5B1B60
C19B60
C11B60
C71F60
CE1B60
D81B60
D99B60
7F8EC0
6000C0
300180
ENDCHAR
STARTCHAR 2488
ENCODING 9352
SWIDTH 1312 0
DWIDTH 21 0
BBX 13 12 3 0
BITMAP
1000
3000
D000
1000
1000
1000
1000
1000
1000
1000
1018
FE18
ENDCHAR
STARTCHAR 2489
ENCODING 9353
SWIDTH 1312 0
DWIDTH 21 0
BBX 14 12 3 0
BITMAP
3C00
6600
C300
0300
0200
0600
1C00
3000
6000
4300
C30C
FF0C
ENDCHAR
STARTCHAR 248A
ENCODING 9354
SWIDTH 1312 0
DWIDTH 21 0
BBX 14 12 3 0
BITMAP
FE00
8600
8C00
1800
3000
3C00
0600
0300
0300
C208
E61C
7C0C
ENDCHAR
STARTCHAR 248B
ENCODING 9355
SWIDTH 1312 0
DWIDTH 21 0
BBX 14 12 3 0
BITMAP
0C00
0C00
1C00
1400
3400
6400
6400
C400
FE00
0408
041C
0E0C
ENDCHAR
STARTCHAR 248C
ENCODING 9356
SWIDTH 1312 0
DWIDTH 21 0
BBX 14 12 3 0
BITMAP
FE00
C200
C200
C000
C000
FC00
0600
0200
0300
0200
060C
FC0C
ENDCHAR
STARTCHAR 248D
ENCODING 9357
SWIDTH 1312 0
DWIDTH 21 0
BBX 14 12 3 0
BITMAP
3C00
6600
C300
C000
C000
FC00
C600
C300
C300
C208
661C
3C0C
ENDCHAR
STARTCHAR 248E
ENCODING 9358
SWIDTH 1312 0
DWIDTH 21 0
BBX 14 12 3 0
BITMAP
FE00
8600
8600
0400
0C00
0C00
1800
1800
1000
3008
301C
200C
ENDCHAR
STARTCHAR 248F
ENCODING 9359
SWIDTH 1312 0
DWIDTH 21 0
BBX 14 12 3 0
BITMAP
3C00
6600
C600
C600
4600
3800
4600
C600
C200
C208
E61C
3C0C
ENDCHAR
STARTCHAR 2490
ENCODING 9360
SWIDTH 1312 0
DWIDTH 21 0
BBX 14 12 3 0
BITMAP
3C00
6600
C200
C300
C300
C700
7B00
0300
0300
C208
E61C
3C0C
ENDCHAR
STARTCHAR 2491
ENCODING 9361
SWIDTH 1312 0
DWIDTH 21 0
BBX 17 12 2 0
BITMAP
21E000
633000
A21000
223000
223000
225000
22D000
239000
231000
221000
233180
F9E180
ENDCHAR
STARTCHAR 2492
ENCODING 9362
SWIDTH 1312 0
DWIDTH 21 0
BBX 17 12 2 0
BITMAP
204000
60C000
A14000
214000
204000
204000
204000
204000
204000
204000
204180
F9F180
ENDCHAR
STARTCHAR 2493
ENCODING 9363
SWIDTH 1312 0
DWIDTH 21 0
BBX 17 12 2 0
BITMAP
20E000
61B000
A11000
201000
201000
203000
206000
20C000
218000
211000
211180
F9F180
ENDCHAR
STARTCHAR 2494
ENCODING 9364
SWIDTH 1312 0
DWIDTH 21 0
BBX 17 12 2 0
BITMAP
63F000
E22000
A26000
204000
208000
20E000
203000
201000
201000
221000
233180
F9E180
ENDCHAR
STARTCHAR 2495
ENCODING 9365
SWIDTH 1312 0
DWIDTH 21 0
BBX 17 12 2 0
BITMAP
606000
E06000
A06000
20A000
20A000
21A000
212000
232000
23F000
202000
202180
F87180
ENDCHAR
STARTCHAR 2496
ENCODING 9366
SWIDTH 1312 0
DWIDTH 21 0
BBX 17 12 2 0
BITMAP
61F000
E11000
A11000
210000
210000
21E000
203000
201000
201000
201000
203180
F9E180
ENDCHAR
STARTCHAR 2497
ENCODING 9367
SWIDTH 1312 0
DWIDTH 21 0
BBX 17 12 2 0
BITMAP
21E000
633000
A21000
220000
220000
22E000
233000
221000
221000
221000
233180
F9E180
ENDCHAR
STARTCHAR 2498
ENCODING 9368
SWIDTH 1312 0
DWIDTH 21 0
BBX 17 12 2 0
BITMAP
63F000
E23000
A22000
202000
206000
204000
204000
204000
20C000
208000
208180
F98180
ENDCHAR
STARTCHAR 2499
ENCODING 9369
SWIDTH 1312 0
DWIDTH 21 0
BBX 17 12 2 0
BITMAP
21E000
633000
A21000
231000
213000
21E000
213000
221000
221000
221000
233180
F9E180
ENDCHAR
STARTCHAR 249A
ENCODING 9370
SWIDTH 1312 0
DWIDTH 21 0
BBX 17 12 2 0
BITMAP
21E000
633000
A21000
221000
221000
233000
21D000
201000
201000
221000
233180
F9E180
ENDCHAR
STARTCHAR 249B
ENCODING 9371
SWIDTH 1312 0
DWIDTH 21 0
BBX 18 12 1 0
BITMAP
78F000
CD9800
851800
051800
053800
096800
314800
61C800
418800
C58800
8598C0
FCF0C0
ENDCHAR
STARTCHAR 249C
ENCODING 9372
SWIDTH 1312 0
DWIDTH 21 0
BBX 12 13 4 -1
BITMAP
6020
6060
6020
C030
CF30
C9B0
CFB0
D9B0
CFB0
C030
6020
6060
6060
ENDCHAR
STARTCHAR 249D
ENCODING 9373
SWIDTH 1312 0
DWIDTH 21 0
BBX 12 13 4 -1
BITMAP
6060
6060
5830
D830
DB30
DDB0
D9B0
D9B0
D9B0
DFB0
4030
6060
6060
ENDCHAR
STARTCHAR 249E
ENCODING 9374
SWIDTH 1312 0
DWIDTH 21 0
BBX 12 14 4 -2
BITMAP
6020
6060
6020
C030
CFB0
C9B0
D830
D830
C9B0
CF30
4030
6020
6060
4020
ENDCHAR
STARTCHAR 249F
ENCODING 9375
SWIDTH 1312 0
DWIDTH 21 0
BBX 12 13 4 -1
BITMAP
6060
6060
41B0
C1B0
CFB0
CFB0
D9B0
D9B0
D9B0
CFB0
4030
6060
6060
ENDCHAR
STARTCHAR 24A0
ENCODING 9376
SWIDTH 1312 0
DWIDTH 21 0
BBX 12 14 4 -2
BITMAP
6020
6060
6020
C030
CF30
C9B0
DFB0
D830
CDB0
CF30
4030
6020
6060
4020
ENDCHAR
STARTCHAR 24A1
ENCODING 9377
SWIDTH 1312 0
DWIDTH 21 0
BBX 12 13 4 -1
BITMAP
6060
6020
63A0
C630
C630
CFB0
C630
C630
C630
CFB0
6030
6060
6060
ENDCHAR
STARTCHAR 24A2
ENCODING 9378
SWIDTH 1312 0
DWIDTH 21 0
BBX 12 13 4 -1
BITMAP
6060
6060
4030
CFB0
D9B0
D9B0
D9B0
CFB0
CDB0
C1B0
6F20
6060
6060
ENDCHAR
STARTCHAR 24A3
ENCODING 9379
SWIDTH 1312 0
DWIDTH 21 0
BBX 13 13 4 -1
BITMAP
6030
6030
7830
C830
CB10
CD98
C898
C898
C890
DDD0
4030
6030
6030
ENDCHAR
STARTCHAR 24A4
ENCODING 9380
SWIDTH 1312 0
DWIDTH 21 0
BBX 12 13 4 -1
BITMAP
6060
6220
6330
C030
CE30
C230
C230
C230
C230
CFB0
6030
6060
6060
ENDCHAR
STARTCHAR 24A5
ENCODING 9381
SWIDTH 1312 0
DWIDTH 21 0
BBX 12 13 4 -1
BITMAP
6060
6360
4320
C030
CF30
C330
C330
C330
C330
C330
7230
7E60
6060
ENDCHAR
STARTCHAR 24A6
ENCODING 9382
SWIDTH 1312 0
DWIDTH 21 0
BBX 12 13 4 -1
BITMAP
6060
6020
5830
C830
C9F0
CB30
CE30
CF30
CF30
DDF0
4030
6060
6060
ENDCHAR
STARTCHAR 24A7
ENCODING 9383
SWIDTH 1312 0
DWIDTH 21 0
BBX 12 13 4 -1
BITMAP
6060
6060
4E30
C630
C630
C630
C630
C630
C630
CFB0
4030
6060
6060
ENDCHAR
STARTCHAR 24A8
ENCODING 9384
SWIDTH 1312 0
DWIDTH 21 0
BBX 12 14 4 -2
BITMAP
6020
6060
6020
C030
DFB0
D2B0
D2B0
D2B0
D2B0
D2F0
C030
6020
6060
4020
ENDCHAR
STARTCHAR 24A9
ENCODING 9385
SWIDTH 1312 0
DWIDTH 21 0
BBX 13 14 4 -1
BITMAP
4000
6030
6030
4030
C310
DF98
C998
C898
C898
DDD0
C030
6030
6030
6020
ENDCHAR
STARTCHAR 24AA
ENCODING 9386
SWIDTH 1312 0
DWIDTH 21 0
BBX 12 14 4 -2
BITMAP
6020
6060
6020
C030
CF30
C9B0
D9B0
D9B0
C9B0
CF30
4030
6020
6060
4020
ENDCHAR
STARTCHAR 24AB
ENCODING 9387
SWIDTH 1312 0
DWIDTH 21 0
BBX 12 13 4 -1
BITMAP
6060
6020
4030
DFB0
C9B0
C9B0
C9B0
CDB0
CB30
C830
7C30
6060
6060
ENDCHAR
STARTCHAR 24AC
ENCODING 9388
SWIDTH 1312 0
DWIDTH 21 0
BBX 12 13 4 -1
BITMAP
6060
6060
4030
CFB0
D930
D930
D930
CF30
CD30
C130
63B0
6060
6060
ENDCHAR
STARTCHAR 24AD
ENCODING 9389
SWIDTH 1312 0
DWIDTH 21 0
BBX 12 14 4 -1
BITMAP
4020
6060
6020
4030
CFB0
C6B0
C630
C630
C630
CF30
C030
6020
6060
6060
ENDCHAR
STARTCHAR 24AE
ENCODING 9390
SWIDTH 1312 0
DWIDTH 21 0
BBX 12 14 4 -2
BITMAP
6020
6060
6020
C030
CFB0
C8B0
CE30
C3B0
C9B0
CF30
C030
6020
6060
4020
ENDCHAR
STARTCHAR 24AF
ENCODING 9391
SWIDTH 1312 0
DWIDTH 21 0
BBX 12 13 4 -1
BITMAP
6060
6620
6630
C630
CFB0
C630
C630
C630
C6B0
C3B0
6030
6060
6060
ENDCHAR
STARTCHAR 24B0
ENCODING 9392
SWIDTH 1312 0
DWIDTH 21 0
BBX 12 13 4 -1
BITMAP
6060
6060
4020
C030
DBB0
D9B0
D9B0
D9B0
CFB0
C030
4020
6060
6060
ENDCHAR
STARTCHAR 24B1
ENCODING 9393
SWIDTH 1312 0
DWIDTH 21 0
BBX 12 14 4 -2
BITMAP
6020
6030
6030
C030
DDF0
CD90
CD10
C510
C710
C230
4030
6030
6030
4000
ENDCHAR
STARTCHAR 24B2
ENCODING 9394
SWIDTH 1312 0
DWIDTH 21 0
BBX 12 14 4 -2
BITMAP
6020
6030
6030
C030
D8F0
DA90
CE90
CD90
CD90
CDB0
4030
6030
6030
4000
ENDCHAR
STARTCHAR 24B3
ENCODING 9395
SWIDTH 1312 0
DWIDTH 21 0
BBX 13 13 4 -1
BITMAP
6020
6030
6030
C030
DDD0
C718
C218
C718
DDD0
C010
6030
6030
6020
ENDCHAR
STARTCHAR 24B4
ENCODING 9396
SWIDTH 1312 0
DWIDTH 21 0
BBX 13 13 4 -1
BITMAP
6030
6030
4030
DDD0
CD90
CD98
C518
C718
C210
C610
6C30
6030
6030
ENDCHAR
STARTCHAR 24B5
ENCODING 9397
SWIDTH 1312 0
DWIDTH 21 0
BBX 12 13 4 -1
BITMAP
6020
6060
6020
C030
CFB0
C930
C230
CCB0
CFB0
C030
6020
6060
6060
ENDCHAR
STARTCHAR 24B6
ENCODING 9398
SWIDTH 1312 0
DWIDTH 21 0
BBX 17 17 2 -3
BITMAP
07F000
1C1C00
300600
600300
400100
C08180
C1C180
814180
814180
C1C180
C36180
C36180
400100
600300
300600
1C1C00
07F000
ENDCHAR
STARTCHAR 24B7
ENCODING 9399
SWIDTH 1312 0
DWIDTH 21 0
BBX 17 17 2 -3
BITMAP
07F000
1C1C00
300600
600300
400100
C3C180
C24180
824180
83C180
C24180
C24180
C3C180
400100
600300
300600
1C1C00
07F000
ENDCHAR
STARTCHAR 24B8
ENCODING 9400
SWIDTH 1312 0
DWIDTH 21 0
BBX 17 17 2 -3
BITMAP
07F000
1C1C00
300600
600300
400100
C3E180
C22180
820180
820180
C20180
C22180
C1C180
400100
600300
300600
1C1C00
07F000
ENDCHAR
STARTCHAR 24B9
ENCODING 9401
SWIDTH 1312 0
DWIDTH 21 0
BBX 17 17 2 -3
BITMAP
07F000
1C1C00
300600
600300
400100
C3C180
C22180
822180
822180
C22180
C22180
C3C180
400100
600300
300600
1C1C00
07F000
ENDCHAR
STARTCHAR 24BA
ENCODING 9402
SWIDTH 1312 0
DWIDTH 21 0
BBX 17 17 2 -3
BITMAP
07F000
1C1C00
300600
600300
400100
C3E180
C22180
820180
838180
C20180
C22180
C3E180
400100
600300
300600
1C1C00
07F000
ENDCHAR
STARTCHAR 24BB
ENCODING 9403
SWIDTH 1312 0
DWIDTH 21 0
BBX 17 17 2 -3
BITMAP
07F000
1C1C00
300600
600300
400100
C3E180
C12180
810180
81C180
C10180
C10180
C38180
400100
600300
300600
1C1C00
07F000
ENDCHAR
STARTCHAR 24BC
ENCODING 9404
SWIDTH 1312 0
DWIDTH 21 0
BBX 17 17 2 -3
BITMAP
07F000
1C1C00
300600
600300
400100
C1C180
C24180
820180
82E180
C24180
C24180
C3C180
400100
600300
300600
1C1C00
07F000
ENDCHAR
STARTCHAR 24BD
ENCODING 9405
SWIDTH 1312 0
DWIDTH 21 0
BBX 17 17 2 -3
BITMAP
07F000
1C1C00
300600
600300
400100
C36180
C36180
836180
83E180
C36180
C36180
C36180
400100
600300
300600
1C1C00
07F000
ENDCHAR
STARTCHAR 24BE
ENCODING 9406
SWIDTH 1312 0
DWIDTH 21 0
BBX 17 17 2 -3
BITMAP
07F000
1C1C00
300600
600300
400100
C3E180
C08180
808180
808180
C08180
C08180
C3E180
400100
600300
300600
1C1C00
07F000
ENDCHAR
STARTCHAR 24BF
ENCODING 9407
SWIDTH 1312 0
DWIDTH 21 0
BBX 17 17 2 -3
BITMAP
07F000
1C1C00
300600
600300
400100
C1C180
C04180
804180
804180
C04180
C24180
C3C180
400100
600300
300600
1C1C00
07F000
ENDCHAR
STARTCHAR 24C0
ENCODING 9408
SWIDTH 1312 0
DWIDTH 21 0
BBX 17 17 2 -3
BITMAP
07F000
1C1C00
300600
600300
400100
C13180
C16180
814180
818180
C14180
C14180
C12180
400100
600300
300600
1C1C00
07F000
ENDCHAR
STARTCHAR 24C1
ENCODING 9409
SWIDTH 1312 0
DWIDTH 21 0
BBX 17 17 2 -3
BITMAP
07F000
1C1C00
300600
600300
400100
C38180
C10180
810180
810180
C10180
C12180
C3E180
400100
600300
300600
1C1C00
07F000
ENDCHAR
STARTCHAR 24C2
ENCODING 9410
SWIDTH 1312 0
DWIDTH 21 0
BBX 17 17 2 -3
BITMAP
07F000
1C1C00
300600
600300
400100
C23180
C36180
836180
836180
C2A180
C22180
C23180
400100
600300
300600
1C1C00
07F000
ENDCHAR
STARTCHAR 24C3
ENCODING 9411
SWIDTH 1312 0
DWIDTH 21 0
BBX 17 17 2 -3
BITMAP
07F000
1C1C00
300600
600300
400100
C36180
C36180
82E180
83E180
C3A180
C36180
C36180
400100
600300
300600
1C1C00
07F000
ENDCHAR
STARTCHAR 24C4
ENCODING 9412
SWIDTH 1312 0
DWIDTH 21 0
BBX 17 17 2 -3
BITMAP
07F000
1C1C00
300600
600300
400100
C1C180
C22180
822180
822180
C22180
C22180
C1C180
400100
600300
300600
1C1C00
07F000
ENDCHAR
STARTCHAR 24C5
ENCODING 9413
SWIDTH 1312 0
DWIDTH 21 0
BBX 17 17 2 -3
BITMAP
07F000
1C1C00
300600
600300
400100
C3C180
C32180
832180
83C180
C30180
C30180
C38180
400100
600300
300600
1C1C00
07F000
ENDCHAR
STARTCHAR 24C6
ENCODING 9414
SWIDTH 1312 0
DWIDTH 21 0
BBX 17 17 2 -3
BITMAP
07F000
1C1C00
300600
600300
400100
C1C180
C22180
822180
822180
C2E180
C26180
C1E180
400100
600300
300600
1C1C00
07F000
ENDCHAR
STARTCHAR 24C7
ENCODING 9415
SWIDTH 1312 0
DWIDTH 21 0
BBX 17 17 2 -3
BITMAP
07F000
1C1C00
300600
600300
400100
C3C180
C32180
832180
83C180
C3C180
C34180
C32180
400100
600300
300600
1C1C00
07F000
ENDCHAR
STARTCHAR 24C8
ENCODING 9416
SWIDTH 1312 0
DWIDTH 21 0
BBX 17 17 2 -3
BITMAP
07F000
1C1C00
300600
600300
400100
C3E180
C22180
830180
81C180
C06180
C22180
C3E180
400100
600300
300600
1C1C00
07F000
ENDCHAR
STARTCHAR 24C9
ENCODING 9417
SWIDTH 1312 0
DWIDTH 21 0
BBX 17 17 2 -3
BITMAP
07F000
1C1C00
300600
600300
400100
C3E180
C2A180
808180
808180
C08180
C08180
C1C180
400100
600300
300600
1C1C00
07F000
ENDCHAR
STARTCHAR 24CA
ENCODING 9418
SWIDTH 1312 0
DWIDTH 21 0
BBX 17 17 2 -3
BITMAP
07F000
1C1C00
300600
600300
400100
C37180
C22180
822180
822180
C22180
C22180
C1C180
400100
600300
300600
1C1C00
07F000
ENDCHAR
STARTCHAR 24CB
ENCODING 9419
SWIDTH 1312 0
DWIDTH 21 0
BBX 17 17 2 -3
BITMAP
07F000
1C1C00
300600
600300
400100
C36180
C14180
814180
814180
C14180
C14180
C08180
400100
600300
300600
1C1C00
07F000
ENDCHAR
STARTCHAR 24CC
ENCODING 9420
SWIDTH 1312 0
DWIDTH 21 0
BBX 17 17 2 -3
BITMAP
07F000
1C1C00
300600
600300
400100
C63180
C23180
82A180
83E180
C36180
C36180
C36180
400100
600300
300600
1C1C00
07F000
ENDCHAR
STARTCHAR 24CD
ENCODING 9421
SWIDTH 1312 0
DWIDTH 21 0
BBX 17 17 2 -3
BITMAP
07F000
1C1C00
300600
600300
400100
C36180
C14180
81C180
808180
C1C180
C14180
C36180
400100
600300
300600
1C1C00
07F000
ENDCHAR
STARTCHAR 24CE
ENCODING 9422
SWIDTH 1312 0
DWIDTH 21 0
BBX 17 17 2 -3
BITMAP
07F000
1C1C00
300600
600300
400100
C36180
C14180
814180
808180
C08180
C08180
C1C180
400100
600300
300600
1C1C00
07F000
ENDCHAR
STARTCHAR 24CF
ENCODING 9423
SWIDTH 1312 0
DWIDTH 21 0
BBX 17 17 2 -3
BITMAP
07F000
1C1C00
300600
600300
400100
C3E180
C26180
80C180
808180
C18180
C32180
C3E180
400100
600300
300600
1C1C00
07F000
ENDCHAR
STARTCHAR 24D0
ENCODING 9424
SWIDTH 1312 0
DWIDTH 21 0
BBX 17 17 2 -3
BITMAP
07F000
1C1C00
300600
600300
400100
C00180
C1C180
824180
81C180
C24180
C3E180
C00180
400100
600300
300600
1C1C00
07F000
ENDCHAR
STARTCHAR 24D1
ENCODING 9425
SWIDTH 1312 0
DWIDTH 21 0
BBX 17 17 2 -3
BITMAP
07F000
1C1C00
300600
600300
430100
C10180
C10180
81E180
812180
C12180
C16180
C3C180
400100
600300
300600
1C1C00
07F000
ENDCHAR
STARTCHAR 24D2
ENCODING 9426
SWIDTH 1312 0
DWIDTH 21 0
BBX 17 17 2 -3
BITMAP
07F000
1C1C00
300600
600300
400100
C00180
C3E180
822180
820180
C22180
C1C180
C00180
400100
600300
300600
1C1C00
07F000
ENDCHAR
STARTCHAR 24D3
ENCODING 9427
SWIDTH 1312 0
DWIDTH 21 0
BBX 17 17 2 -3
BITMAP
07F000
1C1C00
300600
600300
404100
C04180
C04180
83C180
824180
C24180
C34180
C1E180
400100
600300
300600
1C1C00
07F000
ENDCHAR
STARTCHAR 24D4
ENCODING 9428
SWIDTH 1312 0
DWIDTH 21 0
BBX 17 17 2 -3
BITMAP
07F000
1C1C00
300600
600300
400100
C00180
C1C180
822180
83E180
C22180
C1C180
C00180
400100
600300
300600
1C1C00
07F000
ENDCHAR
STARTCHAR 24D5
ENCODING 9429
SWIDTH 1312 0
DWIDTH 21 0
BBX 17 17 2 -3
BITMAP
07F000
1C1C00
300600
600300
40C100
C1E180
C18180
83C180
818180
C18180
C18180
C3C180
400100
600300
300600
1C1C00
07F000
ENDCHAR
STARTCHAR 24D6
ENCODING 9430
SWIDTH 1312 0
DWIDTH 21 0
BBX 17 17 2 -3
BITMAP
07F000
1C1C00
300600
600300
400100
C00180
C3E180
824180
824180
C34180
C1C180
C04180
43C100
600300
300600
1C1C00
07F000
ENDCHAR
STARTCHAR 24D7
ENCODING 9431
SWIDTH 1312 0
DWIDTH 21 0
BBX 17 17 2 -3
BITMAP
07F000
1C1C00
300600
600300
430100
C30180
C30180
83C180
836180
C36180
C36180
C36180
400100
600300
300600
1C1C00
07F000
ENDCHAR
STARTCHAR 24D8
ENCODING 9432
SWIDTH 1312 0
DWIDTH 21 0
BBX 17 17 2 -3
BITMAP
07F000
1C1C00
300600
600300
40C100
C00180
C1C180
80C180
80C180
C0C180
C0C180
C1E180
400100
600300
300600
1C1C00
07F000
ENDCHAR
STARTCHAR 24D9
ENCODING 9433
SWIDTH 1312 0
DWIDTH 21 0
BBX 17 17 2 -3
BITMAP
07F000
1C1C00
300600
600300
404100
C00180
C1C180
804180
804180
C04180
C04180
C44180
478100
600300
300600
1C1C00
07F000
ENDCHAR
STARTCHAR 24DA
ENCODING 9434
SWIDTH 1312 0
DWIDTH 21 0
BBX 17 17 2 -3
BITMAP
07F000
1C1C00
300600
600300
430100
C10180
C10180
817180
814180
C1C180
C14180
C33180
400100
600300
300600
1C1C00
07F000
ENDCHAR
STARTCHAR 24DB
ENCODING 9435
SWIDTH 1312 0
DWIDTH 21 0
BBX 17 17 2 -3
BITMAP
07F000
1C1C00
300600
600300
418100
C08180
C08180
808180
808180
C08180
C08180
C3E180
400100
600300
300600
1C1C00
07F000
ENDCHAR
STARTCHAR 24DC
ENCODING 9436
SWIDTH 1312 0
DWIDTH 21 0
BBX 17 17 2 -3
BITMAP
07F000
1C1C00
300600
600300
400100
C00180
C7E180
82A180
82A180
C2A180
C6B180
C00180
400100
600300
300600
1C1C00
07F000
ENDCHAR
STARTCHAR 24DD
ENCODING 9437
SWIDTH 1312 0
DWIDTH 21 0
BBX 17 17 2 -3
BITMAP
07F000
1C1C00
300600
600300
400100
C00180
C3C180
836180
836180
C36180
C36180
C00180
400100
600300
300600
1C1C00
07F000
ENDCHAR
STARTCHAR 24DE
ENCODING 9438
SWIDTH 1312 0
DWIDTH 21 0
BBX 17 17 2 -3
BITMAP
07F000
1C1C00
300600
600300
400100
C00180
C1C180
822180
822180
C22180
C1C180
C00180
400100
600300
300600
1C1C00
07F000
ENDCHAR
STARTCHAR 24DF
ENCODING 9439
SWIDTH 1312 0
DWIDTH 21 0
BBX 17 17 2 -3
BITMAP
07F000
1C1C00
300600
600300
400100
C00180
C3E180
832180
832180
C36180
C3C180
C30180
438100
600300
300600
1C1C00
07F000
ENDCHAR
STARTCHAR 24E0
ENCODING 9440
SWIDTH 1312 0
DWIDTH 21 0
BBX 17 17 2 -3
BITMAP
07F000
1C1C00
300600
600300
400100
C00180
C3E180
822180
822180
C36180
C1A180
C02180
407100
600300
300600
1C1C00
07F000
ENDCHAR
STARTCHAR 24E1
ENCODING 9441
SWIDTH 1312 0
DWIDTH 21 0
BBX 17 17 2 -3
BITMAP
07F000
1C1C00
300600
600300
400100
C00180
C3E180
812180
810180
C10180
C38180
C00180
400100
600300
300600
1C1C00
07F000
ENDCHAR
STARTCHAR 24E2
ENCODING 9442
SWIDTH 1312 0
DWIDTH 21 0
BBX 17 17 2 -3
BITMAP
07F000
1C1C00
300600
600300
400100
C00180
C3E180
832180
81C180
C22180
C3E180
C00180
400100
600300
300600
1C1C00
07F000
ENDCHAR
STARTCHAR 24E3
ENCODING 9443
SWIDTH 1312 0
DWIDTH 21 0
BBX 17 17 2 -3
BITMAP
07F000
1C1C00
300600
600300
410100
C10180
C10180
83C180
810180
C10180
C16180
C0C180
400100
600300
300600
1C1C00
07F000
ENDCHAR
STARTCHAR 24E4
ENCODING 9444
SWIDTH 1312 0
DWIDTH 21 0
BBX 17 17 2 -3
BITMAP
07F000
1C1C00
300600
600300
400100
C00180
C24180
824180
824180
C24180
C3E180
C00180
400100
600300
300600
1C1C00
07F000
ENDCHAR
STARTCHAR 24E5
ENCODING 9445
SWIDTH 1312 0
DWIDTH 21 0
BBX 17 17 2 -3
BITMAP
07F000
1C1C00
300600
600300
400100
C00180
C36180
814180
814180
C14180
C08180
C00180
400100
600300
300600
1C1C00
07F000
ENDCHAR
STARTCHAR 24E6
ENCODING 9446
SWIDTH 1312 0
DWIDTH 21 0
BBX 17 17 2 -3
BITMAP
07F000
1C1C00
300600
600300
400100
C00180
C63180
82A180
83E180
C36180
C36180
C00180
400100
600300
300600
1C1C00
07F000
ENDCHAR
STARTCHAR 24E7
ENCODING 9447
SWIDTH 1312 0
DWIDTH 21 0
BBX 17 17 2 -3
BITMAP
07F000
1C1C00
300600
600300
400100
C00180
C36180
81C180
808180
C1C180
C36180
C00180
400100
600300
300600
1C1C00
07F000
ENDCHAR
STARTCHAR 24E8
ENCODING 9448
SWIDTH 1312 0
DWIDTH 21 0
BBX 17 17 2 -3
BITMAP
07F000
1C1C00
300600
600300
400100
C36180
C14180
814180
814180
C08180
C08180
C18180
430100
600300
300600
1C1C00
07F000
ENDCHAR
STARTCHAR 24E9
ENCODING 9449
SWIDTH 1312 0
DWIDTH 21 0
BBX 17 17 2 -3
BITMAP
07F000
1C1C00
300600
600300
400100
C00180
C3E180
824180
808180
C12180
C3E180
C00180
400100
600300
300600
1C1C00
07F000
ENDCHAR
STARTCHAR 24EA
ENCODING 9450
SWIDTH 1312 0
DWIDTH 21 0
BBX 17 17 2 -3
BITMAP
07F000
1C1C00
300600
600300
400100
C1C180
C22180
826180
82A180
C32180
C22180
C1C180
400100
600300
300600
1C1C00
07F000
ENDCHAR
STARTCHAR 24EB
ENCODING 9451
SWIDTH 1312 0
DWIDTH 21 0
BBX 17 17 2 -3
BITMAP
07F000
1FFC00
3FFE00
7FFF00
7FFF00
F3E780
EBC780
FBE780
FBE780
FBE780
FBE780
E1C380
7FFF00
7FFF00
3FFE00
1FFC00
07F000
ENDCHAR
STARTCHAR 24EC
ENCODING 9452
SWIDTH 1312 0
DWIDTH 21 0
BBX 17 17 2 -3
BITMAP
07F000
1FFC00
3FFE00
7FFF00
7FFF00
F3C380
EBDB80
FBFB80
FBF380
FBCF80
FBDB80
E1C380
7FFF00
7FFF00
3FFE00
1FFC00
07F000
ENDCHAR
STARTCHAR 24ED
ENCODING 9453
SWIDTH 1312 0
DWIDTH 21 0
BBX 17 17 2 -3
BITMAP
07F000
1FFC00
3FFE00
7FFF00
7FFF00
F3C380
EBD780
FBEF80
FBE380
FBFB80
FBDB80
E1C380
7FFF00
7FFF00
3FFE00
1FFC00
07F000
ENDCHAR
STARTCHAR 24EE
ENCODING 9454
SWIDTH 1312 0
DWIDTH 21 0
BBX 17 17 2 -3
BITMAP
07F000
1FFC00
3FFE00
7FFF00
7FFF00
F3F380
EBE380
FBF380
FBD380
FBD380
FBC380
E1F380
7FFF00
7FFF00
3FFE00
1FFC00
07F000
ENDCHAR
STARTCHAR 24EF
ENCODING 9455
SWIDTH 1312 0
DWIDTH 21 0
BBX 17 17 2 -3
BITMAP
07F000
1FFC00
3FFE00
7FFF00
7FFF00
F3C380
EBDB80
FBDF80
FBC380
FBFB80
FBFB80
E1C380
7FFF00
7FFF00
3FFE00
1FFC00
07F000
ENDCHAR
STARTCHAR 24F0
ENCODING 9456
SWIDTH 1312 0
DWIDTH 21 0
BBX 17 17 2 -3
BITMAP
07F000
1FFC00
3FFE00
7FFF00
7FFF00
F3C380
EBDB80
FBDF80
FBC380
FBDB80
FBDB80
E1C380
7FFF00
7FFF00
3FFE00
1FFC00
07F000
ENDCHAR
STARTCHAR 24F1
ENCODING 9457
SWIDTH 1312 0
DWIDTH 21 0
BBX 17 17 2 -3
BITMAP
07F000
1FFC00
3FFE00
7FFF00
7FFF00
F3C380
EBDB80
FBF380
FBF780
FBF780
FBE780
E1EF80
7FFF00
7FFF00
3FFE00
1FFC00
07F000
ENDCHAR
STARTCHAR 24F2
ENCODING 9458
SWIDTH 1312 0
DWIDTH 21 0
BBX 17 17 2 -3
BITMAP
07F000
1FFC00
3FFE00
7FFF00
7FFF00
F3C380
EBDB80
FBDB80
FBE780
FBDB80
FBDB80
E1C380
7FFF00
7FFF00
3FFE00
1FFC00
07F000
ENDCHAR
STARTCHAR 24F3
ENCODING 9459
SWIDTH 1312 0
DWIDTH 21 0
BBX 17 17 2 -3
BITMAP
07F000
1FFC00
3FFE00
7FFF00
7FFF00
F3C380
EBDB80
FBDB80
FBC380
FBEB80
FBDB80
E1C380
7FFF00
7FFF00
3FFE00
1FFC00
07F000
ENDCHAR
STARTCHAR 24F4
ENCODING 9460
SWIDTH 1312 0
DWIDTH 21 0
BBX 17 17 2 -3
BITMAP
07F000
1FFC00
7FFE00
7FFF00
FFFF00
E1C780
ED9B80
FD9380
FB8380
E78B80
ED9B80
E1C380
FFFF00
7FFF00
7FFE00
1FFC00
07F000
ENDCHAR
STARTCHAR 24F5
ENCODING 9461
SWIDTH 1312 0
DWIDTH 21 0
BBX 17 17 2 -3
BITMAP
07F000
1BEC00
2C1A00
500500
A00280
C18280
C08180
C08180
C08180
C08180
C08180
C3E280
A00300
500500
280A00
1FF400
07F800
ENDCHAR
STARTCHAR 24F6
ENCODING 9462
SWIDTH 1312 0
DWIDTH 21 0
BBX 17 17 2 -3
BITMAP
07F000
1BEC00
2C1A00
500500
A00280
C1C280
C22180
C02180
C0C180
C18180
C32180
C3E280
A00300
500500
280A00
1FF400
07F800
ENDCHAR
STARTCHAR 24F7
ENCODING 9463
SWIDTH 1312 0
DWIDTH 21 0
BBX 17 17 2 -3
BITMAP
07F000
1BEC00
2C1A00
500500
A00280
C3E280
C24180
C08180
C1E180
C02180
C22180
C1C280
A00300
500500
280A00
1FF400
07F800
ENDCHAR
STARTCHAR 24F8
ENCODING 9464
SWIDTH 1312 0
DWIDTH 21 0
BBX 17 17 2 -3
BITMAP
07F000
1BEC00
2C1A00
500500
A00280
A04280
C0C180
C1C180
C14180
C3E180
C04180
A0E280
A00300
500500
280A00
1FF400
07F800
ENDCHAR
STARTCHAR 24F9
ENCODING 9465
SWIDTH 1312 0
DWIDTH 21 0
BBX 17 17 2 -3
BITMAP
07F000
1BEC00
2C1A00
500500
A00280
A1E280
C12180
C10180
C1E180
C02180
C02180
A1E280
A00300
500500
280A00
1FF400
07F800
ENDCHAR
STARTCHAR 24FA
ENCODING 9466
SWIDTH 1312 0
DWIDTH 21 0
BBX 17 17 2 -3
BITMAP
07F000
1BEC00
2C1A00
500500
A00280
C1C280
C22180
C20180
C3E180
C22180
C22180
C1C280
A00300
500500
280A00
1FF400
07F800
ENDCHAR
STARTCHAR 24FB
ENCODING 9467
SWIDTH 1312 0
DWIDTH 21 0
BBX 17 17 2 -3
BITMAP
07F000
1BEC00
2C1A00
500500
A00280
C3E280
C24180
C04180
C0C180
C08180
C08180
C18280
A00300
500500
280A00
1FF400
07F800
ENDCHAR
STARTCHAR 24FC
ENCODING 9468
SWIDTH 1312 0
DWIDTH 21 0
BBX 17 17 2 -3
BITMAP
07F000
1BEC00
2C1A00
500500
A00280
C1C280
C32180
C32180
C1C180
C22180
C22180
C1E280
A00300
500500
280A00
1FF400
07F800
ENDCHAR
STARTCHAR 24FD
ENCODING 9469
SWIDTH 1312 0
DWIDTH 21 0
BBX 17 17 2 -3
BITMAP
07F000
1BEC00
2C1A00
500500
A00280
C1C280
C22180
C22180
C3E180
C1A180
C22180
C1C280
A00300
500500
280A00
1FF400
07F800
ENDCHAR
STARTCHAR 24FE
ENCODING 9470
SWIDTH 1312 0
DWIDTH 21 0
BBX 17 17 2 -3
BITMAP
07F000
1BEC00
2C1A00
500500
A00300
AC3E80
DC2580
C42D80
C43D80
C43580
C42680
BE3E80
A00300
500500
280A00
17FC00
0FF000
ENDCHAR
STARTCHAR 24FF
ENCODING 9471
SWIDTH 1312 0
DWIDTH 21 0
BBX 17 17 2 -3
BITMAP
07F000
1FFC00
3FFF00
7FFF00
7FFF80
FE1F80
FCDF80
FC9F80
FD1F80
FC5F80
FCDF80
FE1F80
7FFF80
7FFF00
3FFF00
1FFC00
07F000
ENDCHAR
STARTCHAR 2500
ENCODING 9472
SWIDTH 687 0
DWIDTH 11 0
BBX 11 1 0 5
BITMAP
FFE0
ENDCHAR
STARTCHAR 2501
ENCODING 9473
SWIDTH 687 0
DWIDTH 11 0
BBX 11 3 0 4
BITMAP
FFE0
FFE0
FFE0
ENDCHAR
STARTCHAR 2502
ENCODING 9474
SWIDTH 687 0
DWIDTH 11 0
BBX 2 20 4 -5
BITMAP
C0
C0
C0
C0
C0
C0
C0
C0
C0
C0
C0
C0
C0
C0
C0
C0
C0
C0
C0
C0
ENDCHAR
STARTCHAR 2503
ENCODING 9475
SWIDTH 687 0
DWIDTH 11 0
BBX 3 20 4 -5
BITMAP
E0
E0
E0
E0
E0
E0
E0
E0
E0
E0
E0
E0
E0
E0
E0
E0
E0
E0
E0
E0
ENDCHAR
STARTCHAR 2504
ENCODING 9476
SWIDTH 687 0
DWIDTH 11 0
BBX 8 1 1 5
BITMAP
DB
ENDCHAR
STARTCHAR 2505
ENCODING 9477
SWIDTH 687 0
DWIDTH 11 0
BBX 8 3 1 4
BITMAP
DB
DB
DB
ENDCHAR
STARTCHAR 2506
ENCODING 9478
SWIDTH 687 0
DWIDTH 11 0
BBX 2 17 4 -3
BITMAP
C0
C0
C0
C0
00
00
00
C0
C0
C0
C0
00
00
C0
C0
C0
C0
ENDCHAR
STARTCHAR 2507
ENCODING 9479
SWIDTH 687 0
DWIDTH 11 0
BBX 3 17 4 -3
BITMAP
E0
E0
E0
E0
00
00
00
E0
E0
E0
E0
00
00
E0
E0
E0
E0
ENDCHAR
STARTCHAR 2508
ENCODING 9480
SWIDTH 687 0
DWIDTH 11 0
BBX 10 1 0 5
BITMAP
DEC0
ENDCHAR
STARTCHAR 2509
ENCODING 9481
SWIDTH 687 0
DWIDTH 11 0
BBX 10 3 0 4
BITMAP
DEC0
DEC0
DEC0
ENDCHAR
STARTCHAR 250A
ENCODING 9482
SWIDTH 687 0
DWIDTH 11 0
BBX 2 18 4 -4
BITMAP
C0
C0
C0
00
00
C0
C0
C0
00
00
C0
C0
C0
00
00
C0
C0
C0
ENDCHAR
STARTCHAR 250B
ENCODING 9483
SWIDTH 687 0
DWIDTH 11 0
BBX 3 18 4 -4
BITMAP
E0
E0
E0
00
00
E0
E0
E0
00
00
E0
E0
E0
00
00
E0
E0
E0
ENDCHAR
STARTCHAR 250C
ENCODING 9484
SWIDTH 687 0
DWIDTH 11 0
BBX 6 11 4 -5
BITMAP
FC
C0
C0
C0
C0
C0
C0
C0
C0
C0
C0
ENDCHAR
STARTCHAR 250D
ENCODING 9485
SWIDTH 687 0
DWIDTH 11 0
BBX 6 12 4 -5
BITMAP
FC
FC
FC
C0
C0
C0
C0
C0
C0
C0
C0
C0
ENDCHAR
STARTCHAR 250E
ENCODING 9486
SWIDTH 687 0
DWIDTH 11 0
BBX 7 11 4 -5
BITMAP
FE
E0
E0
E0
E0
E0
E0
E0
E0
E0
E0
ENDCHAR
STARTCHAR 250F
ENCODING 9487
SWIDTH 687 0
DWIDTH 11 0
BBX 7 12 4 -5
BITMAP
FE
FE
FE
E0
E0
E0
E0
E0
E0
E0
E0
E0
ENDCHAR
STARTCHAR 2510
ENCODING 9488
SWIDTH 687 0
DWIDTH 11 0
BBX 6 11 0 -5
BITMAP
FC
0C
0C
0C
0C
0C
0C
0C
0C
0C
0C
ENDCHAR
STARTCHAR 2511
ENCODING 9489
SWIDTH 687 0
DWIDTH 11 0
BBX 6 12 0 -5
BITMAP
FC
FC
FC
0C
0C
0C
0C
0C
0C
0C
0C
0C
ENDCHAR
STARTCHAR 2512
ENCODING 9490
SWIDTH 687 0
DWIDTH 11 0
BBX 7 11 0 -5
BITMAP
FE
0E
0E
0E
0E
0E
0E
0E
0E
0E
0E
ENDCHAR
STARTCHAR 2513
ENCODING 9491
SWIDTH 687 0
DWIDTH 11 0
BBX 7 12 0 -5
BITMAP
FE
FE
FE
0E
0E
0E
0E
0E
0E
0E
0E
0E
ENDCHAR
STARTCHAR 2514
ENCODING 9492
SWIDTH 687 0
DWIDTH 11 0
BBX 6 10 4 5
BITMAP
C0
C0
C0
C0
C0
C0
C0
C0
C0
FC
ENDCHAR
STARTCHAR 2515
ENCODING 9493
SWIDTH 687 0
DWIDTH 11 0
BBX 6 11 4 4
BITMAP
C0
C0
C0
C0
C0
C0
C0
C0
FC
FC
FC
ENDCHAR
STARTCHAR 2516
ENCODING 9494
SWIDTH 687 0
DWIDTH 11 0
BBX 7 10 4 5
BITMAP
E0
E0
E0
E0
E0
E0
E0
E0
E0
FE
ENDCHAR
STARTCHAR 2517
ENCODING 9495
SWIDTH 687 0
DWIDTH 11 0
BBX 7 11 4 4
BITMAP
E0
E0
E0
E0
E0
E0
E0
E0
FE
FE
FE
ENDCHAR
STARTCHAR 2518
ENCODING 9496
SWIDTH 687 0
DWIDTH 11 0
BBX 6 10 0 5
BITMAP
0C
0C
0C
0C
0C
0C
0C
0C
0C
FC
ENDCHAR
STARTCHAR 2519
ENCODING 9497
SWIDTH 687 0
DWIDTH 11 0
BBX 6 11 0 4
BITMAP
0C
0C
0C
0C
0C
0C
0C
0C
FC
FC
FC
ENDCHAR
STARTCHAR 251A
ENCODING 9498
SWIDTH 687 0
DWIDTH 11 0
BBX 7 10 0 5
BITMAP
0E
0E
0E
0E
0E
0E
0E
0E
0E
FE
ENDCHAR
STARTCHAR 251B
ENCODING 9499
SWIDTH 687 0
DWIDTH 11 0
BBX 7 11 0 4
BITMAP
0E
0E
0E
0E
0E
0E
0E
0E
FE
FE
FE
ENDCHAR
STARTCHAR 251C
ENCODING 9500
SWIDTH 687 0
DWIDTH 11 0
BBX 6 20 4 -5
BITMAP
C0
C0
C0
C0
C0
C0
C0
C0
C0
FC
FC
C0
C0
C0
C0
C0
C0
C0
C0
C0
ENDCHAR
STARTCHAR 251D
ENCODING 9501
SWIDTH 687 0
DWIDTH 11 0
BBX 6 20 4 -5
BITMAP
C0
C0
C0
C0
C0
C0
C0
C0
C0
FC
FC
C0
C0
C0
C0
C0
C0
C0
C0
C0
ENDCHAR
STARTCHAR 251E
ENCODING 9502
SWIDTH 687 0
DWIDTH 11 0
BBX 7 20 4 -4
BITMAP
E0
E0
E0
E0
E0
E0
E0
E0
E0
E0
FE
40
40
40
40
40
40
40
40
40
ENDCHAR
STARTCHAR 251F
ENCODING 9503
SWIDTH 687 0
DWIDTH 11 0
BBX 7 20 4 -5
BITMAP
40
40
40
40
40
40
40
40
40
FE
E0
E0
E0
E0
E0
E0
E0
E0
E0
E0
ENDCHAR
STARTCHAR 2520
ENCODING 9504
SWIDTH 687 0
DWIDTH 11 0
BBX 7 20 4 -5
BITMAP
E0
E0
E0
E0
E0
E0
E0
E0
E0
FE
FE
E0
E0
E0
E0
E0
E0
E0
E0
E0
ENDCHAR
STARTCHAR 2521
ENCODING 9505
SWIDTH 687 0
DWIDTH 11 0
BBX 7 20 4 -5
BITMAP
E0
E0
E0
E0
E0
E0
E0
E0
FE
FE
FE
40
40
40
40
40
40
40
40
40
ENDCHAR
STARTCHAR 2522
ENCODING 9506
SWIDTH 687 0
DWIDTH 11 0
BBX 7 20 4 -4
BITMAP
40
40
40
40
40
40
40
40
40
FE
FE
FE
E0
E0
E0
E0
E0
E0
E0
E0
ENDCHAR
STARTCHAR 2523
ENCODING 9507
SWIDTH 687 0
DWIDTH 11 0
BBX 7 20 4 -5
BITMAP
E0
E0
E0
E0
E0
E0
E0
E0
E0
FE
FE
E0
E0
E0
E0
E0
E0
E0
E0
E0
ENDCHAR
STARTCHAR 2524
ENCODING 9508
SWIDTH 687 0
DWIDTH 11 0
BBX 6 20 0 -5
BITMAP
0C
0C
0C
0C
0C
0C
0C
0C
0C
FC
FC
0C
0C
0C
0C
0C
0C
0C
0C
0C
ENDCHAR
STARTCHAR 2525
ENCODING 9509
SWIDTH 687 0
DWIDTH 11 0
BBX 6 20 0 -5
BITMAP
0C
0C
0C
0C
0C
0C
0C
0C
0C
FC
FC
0C
0C
0C
0C
0C
0C
0C
0C
0C
ENDCHAR
STARTCHAR 2526
ENCODING 9510
SWIDTH 687 0
DWIDTH 11 0
BBX 7 20 0 -4
BITMAP
0E
0E
0E
0E
0E
0E
0E
0E
0E
0E
FE
04
04
04
04
04
04
04
04
04
ENDCHAR
STARTCHAR 2527
ENCODING 9511
SWIDTH 687 0
DWIDTH 11 0
BBX 7 20 0 -5
BITMAP
04
04
04
04
04
04
04
04
04
FE
0E
0E
0E
0E
0E
0E
0E
0E
0E
0E
ENDCHAR
STARTCHAR 2528
ENCODING 9512
SWIDTH 687 0
DWIDTH 11 0
BBX 7 20 0 -5
BITMAP
0E
0E
0E
0E
0E
0E
0E
0E
0E
FE
FE
0E
0E
0E
0E
0E
0E
0E
0E
0E
ENDCHAR
STARTCHAR 2529
ENCODING 9513
SWIDTH 687 0
DWIDTH 11 0
BBX 7 20 0 -5
BITMAP
0E
0E
0E
0E
0E
0E
0E
0E
FE
FE
FE
04
04
04
04
04
04
04
04
04
ENDCHAR
STARTCHAR 252A
ENCODING 9514
SWIDTH 687 0
DWIDTH 11 0
BBX 7 20 0 -5
BITMAP
04
04
04
04
04
04
04
04
FE
FE
FE
0E
0E
0E
0E
0E
0E
0E
0E
0E
ENDCHAR
STARTCHAR 252B
ENCODING 9515
SWIDTH 687 0
DWIDTH 11 0
BBX 7 20 0 -5
BITMAP
0E
0E
0E
0E
0E
0E
0E
0E
0E
FE
FE
0E
0E
0E
0E
0E
0E
0E
0E
0E
ENDCHAR
STARTCHAR 252C
ENCODING 9516
SWIDTH 687 0
DWIDTH 11 0
BBX 11 11 0 -5
BITMAP
FFE0
0C00
0C00
0C00
0C00
0C00
0C00
0C00
0C00
0C00
0C00
ENDCHAR
STARTCHAR 252D
ENCODING 9517
SWIDTH 687 0
DWIDTH 11 0
BBX 10 12 0 -5
BITMAP
FC00
FFC0
FC00
0C00
0C00
0C00
0C00
0C00
0C00
0C00
0C00
0C00
ENDCHAR
STARTCHAR 252E
ENCODING 9518
SWIDTH 687 0
DWIDTH 11 0
BBX 10 12 0 -5
BITMAP
0FC0
FFC0
0FC0
0C00
0C00
0C00
0C00
0C00
0C00
0C00
0C00
0C00
ENDCHAR
STARTCHAR 252F
ENCODING 9519
SWIDTH 687 0
DWIDTH 11 0
BBX 11 12 0 -5
BITMAP
FFE0
FFE0
FFE0
0C00
0C00
0C00
0C00
0C00
0C00
0C00
0C00
0C00
ENDCHAR
STARTCHAR 2530
ENCODING 9520
SWIDTH 687 0
DWIDTH 11 0
BBX 11 11 0 -5
BITMAP
FFE0
0E00
0E00
0E00
0E00
0E00
0E00
0E00
0E00
0E00
0E00
ENDCHAR
STARTCHAR 2531
ENCODING 9521
SWIDTH 687 0
DWIDTH 11 0
BBX 11 12 0 -5
BITMAP
FE00
FFE0
FE00
0E00
0E00
0E00
0E00
0E00
0E00
0E00
0E00
0E00
ENDCHAR
STARTCHAR 2532
ENCODING 9522
SWIDTH 687 0
DWIDTH 11 0
BBX 11 12 0 -5
BITMAP
0FE0
FFE0
0FE0
0E00
0E00
0E00
0E00
0E00
0E00
0E00
0E00
0E00
ENDCHAR
STARTCHAR 2533
ENCODING 9523
SWIDTH 687 0
DWIDTH 11 0
BBX 11 12 0 -5
BITMAP
FFE0
FFE0
FFE0
0E00
0E00
0E00
0E00
0E00
0E00
0E00
0E00
0E00
ENDCHAR
STARTCHAR 2534
ENCODING 9524
SWIDTH 687 0
DWIDTH 11 0
BBX 11 10 0 5
BITMAP
0C00
0C00
0C00
0C00
0C00
0C00
0C00
0C00
0C00
FFE0
ENDCHAR
STARTCHAR 2535
ENCODING 9525
SWIDTH 687 0
DWIDTH 11 0
BBX 10 11 0 4
BITMAP
0C00
0C00
0C00
0C00
0C00
0C00
0C00
0C00
FC00
FFC0
FC00
ENDCHAR
STARTCHAR 2536
ENCODING 9526
SWIDTH 687 0
DWIDTH 11 0
BBX 10 11 0 4
BITMAP
0C00
0C00
0C00
0C00
0C00
0C00
0C00
0C00
0FC0
FFC0
0FC0
ENDCHAR
STARTCHAR 2537
ENCODING 9527
SWIDTH 687 0
DWIDTH 11 0
BBX 11 11 0 4
BITMAP
0C00
0C00
0C00
0C00
0C00
0C00
0C00
0C00
FFE0
FFE0
FFE0
ENDCHAR
STARTCHAR 2538
ENCODING 9528
SWIDTH 687 0
DWIDTH 11 0
BBX 11 10 0 5
BITMAP
0E00
0E00
0E00
0E00
0E00
0E00
0E00
0E00
0E00
FFE0
ENDCHAR
STARTCHAR 2539
ENCODING 9529
SWIDTH 687 0
DWIDTH 11 0
BBX 11 11 0 4
BITMAP
0E00
0E00
0E00
0E00
0E00
0E00
0E00
0E00
FE00
FFE0
FE00
ENDCHAR
STARTCHAR 253A
ENCODING 9530
SWIDTH 687 0
DWIDTH 11 0
BBX 11 11 0 4
BITMAP
0E00
0E00
0E00
0E00
0E00
0E00
0E00
0E00
0FE0
FFE0
0FE0
ENDCHAR
STARTCHAR 253B
ENCODING 9531
SWIDTH 687 0
DWIDTH 11 0
BBX 11 11 0 4
BITMAP
0E00
0E00
0E00
0E00
0E00
0E00
0E00
0E00
FFE0
FFE0
FFE0
ENDCHAR
STARTCHAR 253C
ENCODING 9532
SWIDTH 687 0
DWIDTH 11 0
BBX 11 20 0 -5
BITMAP
0C00
0C00
0C00
0C00
0C00
0C00
0C00
0C00
0C00
FFE0
FFE0
0C00
0C00
0C00
0C00
0C00
0C00
0C00
0C00
0C00
ENDCHAR
STARTCHAR 253D
ENCODING 9533
SWIDTH 687 0
DWIDTH 11 0
BBX 10 20 0 -5
BITMAP
0C00
0C00
0C00
0C00
0C00
0C00
0C00
0C00
0C00
FFC0
FFC0
0C00
0C00
0C00
0C00
0C00
0C00
0C00
0C00
0C00
ENDCHAR
STARTCHAR 253E
ENCODING 9534
SWIDTH 687 0
DWIDTH 11 0
BBX 10 20 0 -5
BITMAP
0C00
0C00
0C00
0C00
0C00
0C00
0C00
0C00
0C00
FFC0
FFC0
0C00
0C00
0C00
0C00
0C00
0C00
0C00
0C00
0C00
ENDCHAR
STARTCHAR 253F
ENCODING 9535
SWIDTH 687 0
DWIDTH 11 0
BBX 11 20 0 -5
BITMAP
0C00
0C00
0C00
0C00
0C00
0C00
0C00
0C00
0C00
FFE0
FFE0
0C00
0C00
0C00
0C00
0C00
0C00
0C00
0C00
0C00
ENDCHAR
STARTCHAR 2540
ENCODING 9536
SWIDTH 687 0
DWIDTH 11 0
BBX 11 20 0 -5
BITMAP
0E00
0E00
0E00
0E00
0E00
0E00
0E00
0E00
0E00
FFE0
0C00
0C00
0C00
0C00
0C00
0C00
0C00
0C00
0C00
0C00
ENDCHAR
STARTCHAR 2541
ENCODING 9537
SWIDTH 687 0
DWIDTH 11 0
BBX 11 20 0 -5
BITMAP
0C00
0C00
0C00
0C00
0C00
0C00
0C00
0C00
0C00
FFE0
0E00
0E00
0E00
0E00
0E00
0E00
0E00
0E00
0E00
0E00
ENDCHAR
STARTCHAR 2542
ENCODING 9538
SWIDTH 687 0
DWIDTH 11 0
BBX 11 20 0 -5
BITMAP
0E00
0E00
0E00
0E00
0E00
0E00
0E00
0E00
0E00
FFE0
FFE0
0E00
0E00
0E00
0E00
0E00
0E00
0E00
0E00
0E00
ENDCHAR
STARTCHAR 2543
ENCODING 9539
SWIDTH 687 0
DWIDTH 11 0
BBX 11 20 0 -5
BITMAP
0E00
0E00
0E00
0E00
0E00
0E00
0E00
0E00
FE00
FFE0
FE00
0400
0400
0400
0400
0400
0400
0400
0400
0400
ENDCHAR
STARTCHAR 2544
ENCODING 9540
SWIDTH 687 0
DWIDTH 11 0
BBX 11 20 0 -5
BITMAP
0E00
0E00
0E00
0E00
0E00
0E00
0E00
0E00
0FE0
FFE0
0FE0
0400
0400
0400
0400
0400
0400
0400
0400
0400
ENDCHAR
STARTCHAR 2545
ENCODING 9541
SWIDTH 687 0
DWIDTH 11 0
BBX 11 20 0 -5
BITMAP
0C00
0C00
0C00
0C00
0C00
0C00
0C00
0C00
FE00
FFE0
FE00
0E00
0E00
0E00
0E00
0E00
0E00
0E00
0E00
0E00
ENDCHAR
STARTCHAR 2546
ENCODING 9542
SWIDTH 687 0
DWIDTH 11 0
BBX 11 20 0 -4
BITMAP
0400
0400
0400
0400
0400
0400
0400
0400
0400
0FE0
FFE0
0FE0
0E00
0E00
0E00
0E00
0E00
0E00
0E00
0E00
ENDCHAR
STARTCHAR 2547
ENCODING 9543
SWIDTH 687 0
DWIDTH 11 0
BBX 11 20 0 -5
BITMAP
0E00
0E00
0E00
0E00
0E00
0E00
0E00
0E00
FFE0
FFE0
FFE0
0C00
0C00
0C00
0C00
0C00
0C00
0C00
0C00
0C00
ENDCHAR
STARTCHAR 2548
ENCODING 9544
SWIDTH 687 0
DWIDTH 11 0
BBX 11 20 0 -5
BITMAP
0C00
0C00
0C00
0C00
0C00
0C00
0C00
0C00
FFE0
FFE0
FFE0
0E00
0E00
0E00
0E00
0E00
0E00
0E00
0E00
0E00
ENDCHAR
STARTCHAR 2549
ENCODING 9545
SWIDTH 687 0
DWIDTH 11 0
BBX 11 20 0 -5
BITMAP
0E00
0E00
0E00
0E00
0E00
0E00
0E00
0E00
0E00
FFE0
FFE0
0E00
0E00
0E00
0E00
0E00
0E00
0E00
0E00
0E00
ENDCHAR
STARTCHAR 254A
ENCODING 9546
SWIDTH 687 0
DWIDTH 11 0
BBX 11 20 0 -5
BITMAP
0E00
0E00
0E00
0E00
0E00
0E00
0E00
0E00
0E00
FFE0
FFE0
0E00
0E00
0E00
0E00
0E00
0E00
0E00
0E00
0E00
ENDCHAR
STARTCHAR 254B
ENCODING 9547
SWIDTH 687 0
DWIDTH 11 0
BBX 11 20 0 -5
BITMAP
0E00
0E00
0E00
0E00
0E00
0E00
0E00
0E00
0E00
FFE0
FFE0
0E00
0E00
0E00
0E00
0E00
0E00
0E00
0E00
0E00
ENDCHAR
STARTCHAR 254C
ENCODING 9548
SWIDTH 687 0
DWIDTH 11 0
BBX 8 1 1 5
BITMAP
E7
ENDCHAR
STARTCHAR 254D
ENCODING 9549
SWIDTH 687 0
DWIDTH 11 0
BBX 8 3 1 4
BITMAP
E7
E7
E7
ENDCHAR
STARTCHAR 254E
ENCODING 9550
SWIDTH 687 0
DWIDTH 11 0
BBX 2 16 4 -3
BITMAP
C0
C0
C0
C0
C0
C0
00
00
00
00
C0
C0
C0
C0
C0
C0
ENDCHAR
STARTCHAR 254F
ENCODING 9551
SWIDTH 687 0
DWIDTH 11 0
BBX 3 16 4 -3
BITMAP
E0
E0
E0
E0
E0
E0
00
00
00
00
E0
E0
E0
E0
E0
E0
ENDCHAR
STARTCHAR 2550
ENCODING 9552
SWIDTH 687 0
DWIDTH 11 0
BBX 11 3 0 4
BITMAP
FFE0
0000
FFE0
ENDCHAR
STARTCHAR 2551
ENCODING 9553
SWIDTH 687 0
DWIDTH 11 0
BBX 5 20 3 -5
BITMAP
D8
D8
D8
D8
D8
D8
D8
D8
D8
D8
D8
D8
D8
D8
D8
D8
D8
D8
D8
D8
ENDCHAR
STARTCHAR 2552
ENCODING 9554
SWIDTH 687 0
DWIDTH 11 0
BBX 6 12 4 -5
BITMAP
FC
C0
FC
C0
C0
C0
C0
C0
C0
C0
C0
C0
ENDCHAR
STARTCHAR 2553
ENCODING 9555
SWIDTH 687 0
DWIDTH 11 0
BBX 7 11 3 -5
BITMAP
FE
D8
D8
D8
D8
D8
D8
D8
D8
D8
D8
ENDCHAR
STARTCHAR 2554
ENCODING 9556
SWIDTH 687 0
DWIDTH 11 0
BBX 8 11 3 -4
BITMAP
FF
C0
DF
D8
D8
D8
D8
D8
D8
D8
D8
ENDCHAR
STARTCHAR 2555
ENCODING 9557
SWIDTH 687 0
DWIDTH 11 0
BBX 6 12 0 -5
BITMAP
FC
0C
FC
0C
0C
0C
0C
0C
0C
0C
0C
0C
ENDCHAR
STARTCHAR 2556
ENCODING 9558
SWIDTH 687 0
DWIDTH 11 0
BBX 8 11 0 -5
BITMAP
FF
1B
1B
1B
1B
1B
1B
1B
1B
1B
1B
ENDCHAR
STARTCHAR 2557
ENCODING 9559
SWIDTH 687 0
DWIDTH 11 0
BBX 8 11 0 -4
BITMAP
FF
03
FB
1B
1B
1B
1B
1B
1B
1B
1B
ENDCHAR
STARTCHAR 2558
ENCODING 9560
SWIDTH 687 0
DWIDTH 11 0
BBX 6 12 4 4
BITMAP
C0
C0
C0
C0
C0
C0
C0
C0
C0
FC
C0
FC
ENDCHAR
STARTCHAR 2559
ENCODING 9561
SWIDTH 687 0
DWIDTH 11 0
BBX 7 10 3 5
BITMAP
D8
D8
D8
D8
D8
D8
D8
D8
D8
FE
ENDCHAR
STARTCHAR 255A
ENCODING 9562
SWIDTH 687 0
DWIDTH 11 0
BBX 8 11 3 4
BITMAP
D8
D8
D8
D8
D8
D8
D8
D8
DF
C0
FF
ENDCHAR
STARTCHAR 255B
ENCODING 9563
SWIDTH 687 0
DWIDTH 11 0
BBX 6 12 0 4
BITMAP
0C
0C
0C
0C
0C
0C
0C
0C
0C
FC
0C
FC
ENDCHAR
STARTCHAR 255C
ENCODING 9564
SWIDTH 687 0
DWIDTH 11 0
BBX 8 10 0 5
BITMAP
1B
1B
1B
1B
1B
1B
1B
1B
1B
FF
ENDCHAR
STARTCHAR 255D
ENCODING 9565
SWIDTH 687 0
DWIDTH 11 0
BBX 8 11 0 4
BITMAP
1B
1B
1B
1B
1B
1B
1B
1B
FB
03
FF
ENDCHAR
STARTCHAR 255E
ENCODING 9566
SWIDTH 687 0
DWIDTH 11 0
BBX 6 20 4 -5
BITMAP
C0
C0
C0
C0
C0
C0
C0
C0
FC
C0
C0
FC
C0
C0
C0
C0
C0
C0
C0
C0
ENDCHAR
STARTCHAR 255F
ENCODING 9567
SWIDTH 687 0
DWIDTH 11 0
BBX 8 20 3 -5
BITMAP
D8
D8
D8
D8
D8
D8
D8
D8
D8
DF
DF
D8
D8
D8
D8
D8
D8
D8
D8
D8
ENDCHAR
STARTCHAR 2560
ENCODING 9568
SWIDTH 687 0
DWIDTH 11 0
BBX 8 20 3 -5
BITMAP
D8
D8
D8
D8
D8
D8
D8
D8
DF
C0
C0
DF
D8
D8
D8
D8
D8
D8
D8
D8
ENDCHAR
STARTCHAR 2561
ENCODING 9569
SWIDTH 687 0
DWIDTH 11 0
BBX 6 20 0 -5
BITMAP
0C
0C
0C
0C
0C
0C
0C
0C
FC
0C
0C
FC
0C
0C
0C
0C
0C
0C
0C
0C
ENDCHAR
STARTCHAR 2562
ENCODING 9570
SWIDTH 687 0
DWIDTH 11 0
BBX 8 20 0 -5
BITMAP
1B
1B
1B
1B
1B
1B
1B
1B
1B
FB
FB
1B
1B
1B
1B
1B
1B
1B
1B
1B
ENDCHAR
STARTCHAR 2563
ENCODING 9571
SWIDTH 687 0
DWIDTH 11 0
BBX 8 20 0 -5
BITMAP
1B
1B
1B
1B
1B
1B
1B
1B
FB
03
03
FB
1B
1B
1B
1B
1B
1B
1B
1B
ENDCHAR
STARTCHAR 2564
ENCODING 9572
SWIDTH 687 0
DWIDTH 11 0
BBX 11 11 0 -4
BITMAP
FFE0
0000
FFE0
0C00
0C00
0C00
0C00
0C00
0C00
0C00
0C00
ENDCHAR
STARTCHAR 2565
ENCODING 9573
SWIDTH 687 0
DWIDTH 11 0
BBX 11 11 0 -5
BITMAP
FFE0
1A00
1A00
1A00
1A00
1A00
1A00
1A00
1A00
1A00
1A00
ENDCHAR
STARTCHAR 2566
ENCODING 9574
SWIDTH 687 0
DWIDTH 11 0
BBX 11 11 0 -4
BITMAP
FFE0
0000
FBE0
1A00
1A00
1A00
1A00
1A00
1A00
1A00
1A00
ENDCHAR
STARTCHAR 2567
ENCODING 9575
SWIDTH 687 0
DWIDTH 11 0
BBX 11 11 0 4
BITMAP
0C00
0C00
0C00
0C00
0C00
0C00
0C00
0C00
FFE0
0000
FFE0
ENDCHAR
STARTCHAR 2568
ENCODING 9576
SWIDTH 687 0
DWIDTH 11 0
BBX 11 10 0 5
BITMAP
1A00
1A00
1A00
1A00
1A00
1A00
1A00
1A00
1A00
FFE0
ENDCHAR
STARTCHAR 2569
ENCODING 9577
SWIDTH 687 0
DWIDTH 11 0
BBX 11 11 0 4
BITMAP
1A00
1A00
1A00
1A00
1A00
1A00
1A00
1A00
FBE0
0000
FFE0
ENDCHAR
STARTCHAR 256A
ENCODING 9578
SWIDTH 687 0
DWIDTH 11 0
BBX 11 19 0 -4
BITMAP
0C00
0C00
0C00
0C00
0C00
0C00
0C00
0C00
FFE0
0000
FFE0
0C00
0C00
0C00
0C00
0C00
0C00
0C00
0C00
ENDCHAR
STARTCHAR 256B
ENCODING 9579
SWIDTH 687 0
DWIDTH 11 0
BBX 11 20 0 -5
BITMAP
1B00
1B00
1B00
1B00
1B00
1B00
1B00
1B00
1B00
FBE0
FBE0
1B00
1B00
1B00
1B00
1B00
1B00
1B00
1B00
1B00
ENDCHAR
STARTCHAR 256C
ENCODING 9580
SWIDTH 687 0
DWIDTH 11 0
BBX 11 19 0 -4
BITMAP
1B00
1B00
1B00
1B00
1B00
1B00
1B00
1B00
FBE0
0000
FBE0
1B00
1B00
1B00
1B00
1B00
1B00
1B00
1B00
ENDCHAR
STARTCHAR 256D
ENCODING 9581
SWIDTH 687 0
DWIDTH 11 0
BBX 6 11 4 -5
BITMAP
1C
38
60
40
C0
C0
C0
C0
C0
C0
C0
ENDCHAR
STARTCHAR 256E
ENCODING 9582
SWIDTH 687 0
DWIDTH 11 0
BBX 6 11 0 -5
BITMAP
E0
38
18
0C
0C
0C
0C
0C
0C
0C
0C
ENDCHAR
STARTCHAR 256F
ENCODING 9583
SWIDTH 687 0
DWIDTH 11 0
BBX 6 10 0 5
BITMAP
0C
0C
0C
0C
0C
0C
0C
18
38
F0
ENDCHAR
STARTCHAR 2570
ENCODING 9584
SWIDTH 687 0
DWIDTH 11 0
BBX 6 10 4 5
BITMAP
C0
C0
C0
C0
C0
C0
40
60
30
1C
ENDCHAR
STARTCHAR 2571
ENCODING 9585
SWIDTH 687 0
DWIDTH 11 0
BBX 11 20 0 -4
BITMAP
0060
0040
00C0
0080
0180
0300
0300
0600
0600
0C00
0C00
1800
1800
3000
3000
6000
6000
C000
8000
8000
ENDCHAR
STARTCHAR 2572
ENCODING 9586
SWIDTH 687 0
DWIDTH 11 0
BBX 11 21 0 -5
BITMAP
8000
8000
C000
4000
6000
2000
3000
1800
1800
0C00
0C00
0600
0600
0300
0300
0180
0080
00C0
0040
0060
0020
ENDCHAR
STARTCHAR 2573
ENCODING 9587
SWIDTH 687 0
DWIDTH 11 0
BBX 11 21 0 -5
BITMAP
8000
8060
C040
40C0
6080
2180
3300
1B00
1E00
0E00
0C00
0E00
1E00
1B00
3300
3180
6080
60C0
C040
8060
8020
ENDCHAR
STARTCHAR 2574
ENCODING 9588
SWIDTH 687 0
DWIDTH 11 0
BBX 5 1 0 5
BITMAP
F8
ENDCHAR
STARTCHAR 2575
ENCODING 9589
SWIDTH 687 0
DWIDTH 11 0
BBX 2 10 4 5
BITMAP
C0
C0
C0
C0
C0
C0
C0
C0
C0
C0
ENDCHAR
STARTCHAR 2576
ENCODING 9590
SWIDTH 687 0
DWIDTH 11 0
BBX 5 1 5 5
BITMAP
F8
ENDCHAR
STARTCHAR 2577
ENCODING 9591
SWIDTH 687 0
DWIDTH 11 0
BBX 2 10 4 -5
BITMAP
C0
C0
C0
C0
C0
C0
C0
C0
C0
C0
ENDCHAR
STARTCHAR 2578
ENCODING 9592
SWIDTH 687 0
DWIDTH 11 0
BBX 5 3 0 4
BITMAP
F8
F8
F8
ENDCHAR
STARTCHAR 2579
ENCODING 9593
SWIDTH 687 0
DWIDTH 11 0
BBX 3 10 4 5
BITMAP
E0
E0
E0
E0
E0
E0
E0
E0
E0
E0
ENDCHAR
STARTCHAR 257A
ENCODING 9594
SWIDTH 687 0
DWIDTH 11 0
BBX 5 3 5 4
BITMAP
F8
F8
F8
ENDCHAR
STARTCHAR 257B
ENCODING 9595
SWIDTH 687 0
DWIDTH 11 0
BBX 3 10 4 -5
BITMAP
E0
E0
E0
E0
E0
E0
E0
E0
E0
E0
ENDCHAR
STARTCHAR 257C
ENCODING 9596
SWIDTH 687 0
DWIDTH 11 0
BBX 10 3 0 4
BITMAP
07C0
FFC0
07C0
ENDCHAR
STARTCHAR 257D
ENCODING 9597
SWIDTH 687 0
DWIDTH 11 0
BBX 3 20 4 -5
BITMAP
40
40
40
40
40
40
40
40
40
40
E0
E0
E0
E0
E0
E0
E0
E0
E0
E0
ENDCHAR
STARTCHAR 257E
ENCODING 9598
SWIDTH 687 0
DWIDTH 11 0
BBX 11 3 0 4
BITMAP
F800
FFE0
F800
ENDCHAR
STARTCHAR 257F
ENCODING 9599
SWIDTH 687 0
DWIDTH 11 0
BBX 3 20 4 -5
BITMAP
E0
E0
E0
E0
E0
E0
E0
E0
E0
E0
40
40
40
40
40
40
40
40
40
40
ENDCHAR
STARTCHAR 2580
ENCODING 9600
SWIDTH 687 0
DWIDTH 11 0
BBX 11 10 0 5
BITMAP
FFE0
FFE0
FFE0
FFE0
FFE0
FFE0
FFE0
FFE0
FFE0
FFE0
ENDCHAR
STARTCHAR 2581
ENCODING 9601
SWIDTH 687 0
DWIDTH 11 0
BBX 11 3 0 -5
BITMAP
FFE0
FFE0
FFE0
ENDCHAR
STARTCHAR 2582
ENCODING 9602
SWIDTH 687 0
DWIDTH 11 0
BBX 11 5 0 -5
BITMAP
FFE0
FFE0
FFE0
FFE0
FFE0
ENDCHAR
STARTCHAR 2583
ENCODING 9603
SWIDTH 687 0
DWIDTH 11 0
BBX 11 8 0 -5
BITMAP
FFE0
FFE0
FFE0
FFE0
FFE0
FFE0
FFE0
FFE0
ENDCHAR
STARTCHAR 2584
ENCODING 9604
SWIDTH 687 0
DWIDTH 11 0
BBX 11 10 0 -5
BITMAP
FFE0
FFE0
FFE0
FFE0
FFE0
FFE0
FFE0
FFE0
FFE0
FFE0
ENDCHAR
STARTCHAR 2585
ENCODING 9605
SWIDTH 687 0
DWIDTH 11 0
BBX 11 13 0 -5
BITMAP
FFE0
FFE0
FFE0
FFE0
FFE0
FFE0
FFE0
FFE0
FFE0
FFE0
FFE0
FFE0
FFE0
ENDCHAR
STARTCHAR 2586
ENCODING 9606
SWIDTH 687 0
DWIDTH 11 0
BBX 11 15 0 -5
BITMAP
FFE0
FFE0
FFE0
FFE0
FFE0
FFE0
FFE0
FFE0
FFE0
FFE0
FFE0
FFE0
FFE0
FFE0
FFE0
ENDCHAR
STARTCHAR 2587
ENCODING 9607
SWIDTH 687 0
DWIDTH 11 0
BBX 11 18 0 -5
BITMAP
FFE0
FFE0
FFE0
FFE0
FFE0
FFE0
FFE0
FFE0
FFE0
FFE0
FFE0
FFE0
FFE0
FFE0
FFE0
FFE0
FFE0
FFE0
ENDCHAR
STARTCHAR 2588
ENCODING 9608
SWIDTH 687 0
DWIDTH 11 0
BBX 11 20 0 -5
BITMAP
FFE0
FFE0
FFE0
FFE0
FFE0
FFE0
FFE0
FFE0
FFE0
FFE0
FFE0
FFE0
FFE0
FFE0
FFE0
FFE0
FFE0
FFE0
FFE0
FFE0
ENDCHAR
STARTCHAR 2589
ENCODING 9609
SWIDTH 687 0
DWIDTH 11 0
BBX 9 20 0 -5
BITMAP
FF80
FF80
FF80
FF80
FF80
FF80
FF80
FF80
FF80
FF80
FF80
FF80
FF80
FF80
FF80
FF80
FF80
FF80
FF80
FF80
ENDCHAR
STARTCHAR 258A
ENCODING 9610
SWIDTH 687 0
DWIDTH 11 0
BBX 8 20 0 -5
BITMAP
FF
FF
FF
FF
FF
FF
FF
FF
FF
FF
FF
FF
FF
FF
FF
FF
FF
FF
FF
FF
ENDCHAR
STARTCHAR 258B
ENCODING 9611
SWIDTH 687 0
DWIDTH 11 0
BBX 7 20 0 -5
BITMAP
FE
FE
FE
FE
FE
FE
FE
FE
FE
FE
FE
FE
FE
FE
FE
FE
FE
FE
FE
FE
ENDCHAR
STARTCHAR 258C
ENCODING 9612
SWIDTH 687 0
DWIDTH 11 0
BBX 5 20 0 -5
BITMAP
F8
F8
F8
F8
F8
F8
F8
F8
F8
F8
F8
F8
F8
F8
F8
F8
F8
F8
F8
F8
ENDCHAR
STARTCHAR 258D
ENCODING 9613
SWIDTH 687 0
DWIDTH 11 0
BBX 4 20 0 -5
BITMAP
F0
F0
F0
F0
F0
F0
F0
F0
F0
F0
F0
F0
F0
F0
F0
F0
F0
F0
F0
F0
ENDCHAR
STARTCHAR 258E
ENCODING 9614
SWIDTH 687 0
DWIDTH 11 0
BBX 3 20 0 -5
BITMAP
E0
E0
E0
E0
E0
E0
E0
E0
E0
E0
E0
E0
E0
E0
E0
E0
E0
E0
E0
E0
ENDCHAR
STARTCHAR 258F
ENCODING 9615
SWIDTH 687 0
DWIDTH 11 0
BBX 1 20 0 -5
BITMAP
80
80
80
80
80
80
80
80
80
80
80
80
80
80
80
80
80
80
80
80
ENDCHAR
STARTCHAR 2590
ENCODING 9616
SWIDTH 687 0
DWIDTH 11 0
BBX 5 20 5 -5
BITMAP
F8
F8
F8
F8
F8
F8
F8
F8
F8
F8
F8
F8
F8
F8
F8
F8
F8
F8
F8
F8
ENDCHAR
STARTCHAR 2591
ENCODING 9617
SWIDTH 687 0
DWIDTH 11 0
BBX 10 20 0 -5
BITMAP
0840
1080
2100
4200
8400
0840
1080
2100
4200
8400
0840
1080
2100
4200
8400
0840
1080
2100
4200
8400
ENDCHAR
STARTCHAR 2592
ENCODING 9618
SWIDTH 687 0
DWIDTH 11 0
BBX 11 20 0 -5
BITMAP
4940
9280
2520
4A40
9480
6940
9280
2520
4A40
9480
6940
9280
2520
4A40
9480
6940
9280
2520
4A40
B480
ENDCHAR
STARTCHAR 2593
ENCODING 9619
SWIDTH 687 0
DWIDTH 11 0
BBX 11 20 0 -5
BITMAP
6960
D2C0
A5A0
4B40
B4A0
6960
D2C0
A5A0
4B40
B4A0
6960
D2C0
A5A0
4B40
B4A0
6960
D2C0
A5A0
4B40
B4A0
ENDCHAR
STARTCHAR 2594
ENCODING 9620
SWIDTH 687 0
DWIDTH 11 0
BBX 11 3 0 13
BITMAP
FFE0
FFE0
FFE0
ENDCHAR
STARTCHAR 2595
ENCODING 9621
SWIDTH 687 0
DWIDTH 11 0
BBX 1 20 9 -5
BITMAP
80
80
80
80
80
80
80
80
80
80
80
80
80
80
80
80
80
80
80
80
ENDCHAR
STARTCHAR 2596
ENCODING 9622
SWIDTH 687 0
DWIDTH 11 0
BBX 5 10 0 -5
BITMAP
F8
F8
F8
F8
F8
F8
F8
F8
F8
F8
ENDCHAR
STARTCHAR 2597
ENCODING 9623
SWIDTH 687 0
DWIDTH 11 0
BBX 5 10 5 -5
BITMAP
F8
F8
F8
F8
F8
F8
F8
F8
F8
F8
ENDCHAR
STARTCHAR 2598
ENCODING 9624
SWIDTH 687 0
DWIDTH 11 0
BBX 5 10 0 5
BITMAP
F8
F8
F8
F8
F8
F8
F8
F8
F8
F8
ENDCHAR
STARTCHAR 2599
ENCODING 9625
SWIDTH 687 0
DWIDTH 11 0
BBX 11 20 0 -5
BITMAP
F800
F800
F800
F800
F800
F800
F800
F800
F800
F800
FFE0
FFE0
FFE0
FFE0
FFE0
FFE0
FFE0
FFE0
FFE0
FFE0
ENDCHAR
STARTCHAR 259A
ENCODING 9626
SWIDTH 687 0
DWIDTH 11 0
BBX 11 20 0 -5
BITMAP
F800
F800
F800
F800
F800
F800
F800
F800
F800
F800
07E0
07E0
07E0
07E0
07E0
07E0
07E0
07E0
07E0
07E0
ENDCHAR
STARTCHAR 259B
ENCODING 9627
SWIDTH 687 0
DWIDTH 11 0
BBX 11 20 0 -5
BITMAP
FFE0
FFE0
FFE0
FFE0
FFE0
FFE0
FFE0
FFE0
FFE0
FFE0
F800
F800
F800
F800
F800
F800
F800
F800
F800
F800
ENDCHAR
STARTCHAR 259C
ENCODING 9628
SWIDTH 687 0
DWIDTH 11 0
BBX 10 20 0 -5
BITMAP
FFC0
FFC0
FFC0
FFC0
FFC0
FFC0
FFC0
FFC0
FFC0
FFC0
07C0
07C0
07C0
07C0
07C0
07C0
07C0
07C0
07C0
07C0
ENDCHAR
STARTCHAR 259D
ENCODING 9629
SWIDTH 687 0
DWIDTH 11 0
BBX 5 10 5 5
BITMAP
F8
F8
F8
F8
F8
F8
F8
F8
F8
F8
ENDCHAR
STARTCHAR 259E
ENCODING 9630
SWIDTH 687 0
DWIDTH 11 0
BBX 11 20 0 -5
BITMAP
07E0
07E0
07E0
07E0
07E0
07E0
07E0
07E0
07E0
07E0
F800
F800
F800
F800
F800
F800
F800
F800
F800
F800
ENDCHAR
STARTCHAR 259F
ENCODING 9631
SWIDTH 687 0
DWIDTH 11 0
BBX 10 20 0 -5
BITMAP
07C0
07C0
07C0
07C0
07C0
07C0
07C0
07C0
07C0
07C0
FFC0
FFC0
FFC0
FFC0
FFC0
FFC0
FFC0
FFC0
FFC0
FFC0
ENDCHAR
STARTCHAR 25A0
ENCODING 9632
SWIDTH 1312 0
DWIDTH 21 0
BBX 12 12 5 -1
BITMAP
FFF0
FFF0
FFF0
FFF0
FFF0
FFF0
FFF0
FFF0
FFF0
FFF0
FFF0
FFF0
ENDCHAR
STARTCHAR 25A1
ENCODING 9633
SWIDTH 1312 0
DWIDTH 21 0
BBX 12 12 5 -1
BITMAP
FFF0
8010
8010
8010
8010
8010
8010
8010
8010
8010
8010
FFF0
ENDCHAR
STARTCHAR 25A2
ENCODING 9634
SWIDTH 1312 0
DWIDTH 21 0
BBX 13 12 4 -1
BITMAP
7FF0
4010
C018
C018
C018
C018
C018
C018
C018
C018
4010
7FF0
ENDCHAR
STARTCHAR 25A3
ENCODING 9635
SWIDTH 1312 0
DWIDTH 21 0
BBX 12 12 5 -1
BITMAP
FFF0
8010
8010
9F10
9F10
9F10
9F10
9F10
8010
8010
8010
FFF0
ENDCHAR
STARTCHAR 25A4
ENCODING 9636
SWIDTH 1312 0
DWIDTH 21 0
BBX 12 12 5 -1
BITMAP
FFF0
8010
FFF0
8010
8010
FFF0
8010
8010
FFF0
8010
8010
FFF0
ENDCHAR
STARTCHAR 25A5
ENCODING 9637
SWIDTH 1312 0
DWIDTH 21 0
BBX 12 12 5 -1
BITMAP
FFF0
9490
9490
9490
9490
9490
9490
9490
9490
9490
9490
FFF0
ENDCHAR
STARTCHAR 25A6
ENCODING 9638
SWIDTH 1312 0
DWIDTH 21 0
BBX 12 12 5 -1
BITMAP
FFF0
9490
FFF0
9490
9490
FFF0
9490
9490
FFF0
9490
9490
FFF0
ENDCHAR
STARTCHAR 25A7
ENCODING 9639
SWIDTH 1312 0
DWIDTH 21 0
BBX 12 12 5 -1
BITMAP
FFF0
C930
A490
9250
C930
A490
9250
C930
A490
9250
C930
FFF0
ENDCHAR
STARTCHAR 25A8
ENCODING 9640
SWIDTH 1312 0
DWIDTH 21 0
BBX 12 12 5 -1
BITMAP
FFF0
8930
9250
A490
C930
9250
A490
C930
9250
A490
C930
FFF0
ENDCHAR
STARTCHAR 25A9
ENCODING 9641
SWIDTH 1312 0
DWIDTH 21 0
BBX 12 12 5 -1
BITMAP
FFF0
C930
B6D0
B6D0
C930
B6D0
B6D0
C930
B6D0
B6D0
C930
FFF0
ENDCHAR
STARTCHAR 25AA
ENCODING 9642
SWIDTH 1312 0
DWIDTH 21 0
BBX 7 7 7 2
BITMAP
FE
FE
FE
FE
FE
FE
FE
ENDCHAR
STARTCHAR 25AB
ENCODING 9643
SWIDTH 1312 0
DWIDTH 21 0
BBX 7 7 7 2
BITMAP
FE
82
82
82
82
82
FE
ENDCHAR
STARTCHAR 25AC
ENCODING 9644
SWIDTH 1312 0
DWIDTH 21 0
BBX 12 8 5 1
BITMAP
FFF0
FFF0
FFF0
FFF0
FFF0
FFF0
FFF0
FFF0
ENDCHAR
STARTCHAR 25AD
ENCODING 9645
SWIDTH 1312 0
DWIDTH 21 0
BBX 12 7 5 2
BITMAP
FFF0
8010
8010
8010
8010
8010
FFF0
ENDCHAR
STARTCHAR 25AE
ENCODING 9646
SWIDTH 1312 0
DWIDTH 21 0
BBX 8 12 7 -1
BITMAP
FF
FF
FF
FF
FF
FF
FF
FF
FF
FF
FF
FF
ENDCHAR
STARTCHAR 25AF
ENCODING 9647
SWIDTH 1312 0
DWIDTH 21 0
BBX 8 12 7 -1
BITMAP
FF
81
81
81
81
81
81
81
81
81
81
FF
ENDCHAR
STARTCHAR 25B0
ENCODING 9648
SWIDTH 1312 0
DWIDTH 21 0
BBX 15 8 3 1
BITMAP
1FFE
3FFE
3FFC
3FFC
7FF8
7FF8
FFF8
FFF0
ENDCHAR
STARTCHAR 25B1
ENCODING 9649
SWIDTH 1312 0
DWIDTH 21 0
BBX 15 7 3 2
BITMAP
1FFE
3004
2004
600C
4008
4018
FFF0
ENDCHAR
STARTCHAR 25B2
ENCODING 9650
SWIDTH 1312 0
DWIDTH 21 0
BBX 15 13 3 -1
BITMAP
0100
0100
0380
0380
07C0
0FE0
0FE0
1FF0
1FF0
3FF8
7FFC
7FFC
FFFE
ENDCHAR
STARTCHAR 25B3
ENCODING 9651
SWIDTH 1312 0
DWIDTH 21 0
BBX 15 12 3 -1
BITMAP
0100
0100
0280
06C0
0440
0C60
1830
1010
3018
2008
600C
FFFE
ENDCHAR
STARTCHAR 25B4
ENCODING 9652
SWIDTH 1312 0
DWIDTH 21 0
BBX 7 7 7 2
BITMAP
10
10
38
7C
7C
FE
FE
ENDCHAR
STARTCHAR 25B5
ENCODING 9653
SWIDTH 1312 0
DWIDTH 21 0
BBX 7 7 7 2
BITMAP
10
10
38
6C
44
C6
FE
ENDCHAR
STARTCHAR 25B6
ENCODING 9654
SWIDTH 1312 0
DWIDTH 21 0
BBX 13 15 4 -2
BITMAP
8000
E000
F000
FC00
FF00
FF80
FFE0
FFF8
FFE0
FF80
FF00
FC00
F000
E000
8000
ENDCHAR
STARTCHAR 25B7
ENCODING 9655
SWIDTH 1312 0
DWIDTH 21 0
BBX 12 14 5 -1
BITMAP
C000
F000
9800
8E00
8380
80C0
8070
80C0
8380
8600
9800
F000
C000
8000
ENDCHAR
STARTCHAR 25B8
ENCODING 9656
SWIDTH 1312 0
DWIDTH 21 0
BBX 7 8 7 2
BITMAP
C0
F0
F8
FE
F8
F0
C0
80
ENDCHAR
STARTCHAR 25B9
ENCODING 9657
SWIDTH 1312 0
DWIDTH 21 0
BBX 7 7 7 2
BITMAP
C0
F0
98
8E
98
F0
C0
ENDCHAR
STARTCHAR 25BA
ENCODING 9658
SWIDTH 1312 0
DWIDTH 21 0
BBX 13 9 4 1
BITMAP
E000
F800
FF00
FFC0
FFF8
FFC0
FF00
F800
E000
ENDCHAR
STARTCHAR 25BB
ENCODING 9659
SWIDTH 1312 0
DWIDTH 21 0
BBX 12 9 5 1
BITMAP
C000
F000
9E00
8380
80F0
83C0
8E00
F800
C000
ENDCHAR
STARTCHAR 25BC
ENCODING 9660
SWIDTH 1312 0
DWIDTH 21 0
BBX 15 13 3 -1
BITMAP
FFFE
7FFC
7FFC
3FF8
1FF0
1FF0
0FE0
0FE0
07C0
0380
0380
0100
0100
ENDCHAR
STARTCHAR 25BD
ENCODING 9661
SWIDTH 1312 0
DWIDTH 21 0
BBX 14 12 4 -1
BITMAP
FFFC
C018
4010
6030
3020
1060
18C0
0880
0D80
0700
0200
0200
ENDCHAR
STARTCHAR 25BE
ENCODING 9662
SWIDTH 1312 0
DWIDTH 21 0
BBX 8 7 7 2
BITMAP
FF
FE
7C
7C
38
10
10
ENDCHAR
STARTCHAR 25BF
ENCODING 9663
SWIDTH 1312 0
DWIDTH 21 0
BBX 7 7 7 2
BITMAP
FE
C6
44
6C
38
10
10
ENDCHAR
STARTCHAR 25C0
ENCODING 9664
SWIDTH 1312 0
DWIDTH 21 0
BBX 12 15 5 -2
BITMAP
0010
0070
00F0
03F0
0FF0
1FF0
7FF0
FFF0
7FF0
1FF0
0FF0
03F0
00F0
0070
0010
ENDCHAR
STARTCHAR 25C1
ENCODING 9665
SWIDTH 1312 0
DWIDTH 21 0
BBX 12 14 4 -1
BITMAP
0030
00F0
0190
0710
1C10
3010
E010
3010
1C10
0610
0390
00F0
0030
0010
ENDCHAR
STARTCHAR 25C2
ENCODING 9666
SWIDTH 1312 0
DWIDTH 21 0
BBX 7 7 7 2
BITMAP
06
1E
3E
FE
3E
1E
06
ENDCHAR
STARTCHAR 25C3
ENCODING 9667
SWIDTH 1312 0
DWIDTH 21 0
BBX 7 7 7 2
BITMAP
06
1E
32
E2
32
1E
06
ENDCHAR
STARTCHAR 25C4
ENCODING 9668
SWIDTH 1312 0
DWIDTH 21 0
BBX 12 9 5 1
BITMAP
0070
01F0
07F0
3FF0
FFF0
3FF0
0FF0
01F0
0070
ENDCHAR
STARTCHAR 25C5
ENCODING 9669
SWIDTH 1312 0
DWIDTH 21 0
BBX 12 9 4 1
BITMAP
0030
00F0
0790
1C10
F010
3C10
0710
01F0
0030
ENDCHAR
STARTCHAR 25C6
ENCODING 9670
SWIDTH 1312 0
DWIDTH 21 0
BBX 13 13 4 -1
BITMAP
0200
0700
0F80
1FC0
3FE0
7FF0
FFF8
7FF0
3FE0
1FC0
0F80
0700
0200
ENDCHAR
STARTCHAR 25C7
ENCODING 9671
SWIDTH 1312 0
DWIDTH 21 0
BBX 13 13 4 -1
BITMAP
0200
0700
0D80
18C0
3060
6030
C018
6030
3060
18C0
0D80
0700
0200
ENDCHAR
STARTCHAR 25C8
ENCODING 9672
SWIDTH 1312 0
DWIDTH 21 0
BBX 13 13 4 -1
BITMAP
0200
0700
0D80
18C0
3260
6730
CF98
6730
3260
18C0
0D80
0700
0200
ENDCHAR
STARTCHAR 25C9
ENCODING 9673
SWIDTH 1312 0
DWIDTH 21 0
BBX 12 12 5 -1
BITMAP
1F80
30C0
4060
CE20
9F10
9F10
9F10
8E10
C020
6060
30C0
1F00
ENDCHAR
STARTCHAR 25CA
ENCODING 9674
SWIDTH 1312 0
DWIDTH 21 0
BBX 9 13 6 -1
BITMAP
0800
0800
1C00
3600
2200
6300
C180
6300
2200
3600
1C00
0800
0800
ENDCHAR
STARTCHAR 25CB
ENCODING 9675
SWIDTH 1312 0
DWIDTH 21 0
BBX 12 12 5 -1
BITMAP
1F80
30C0
4060
C020
8010
8010
8010
8010
C020
6060
30C0
1F00
ENDCHAR
STARTCHAR 25CC
ENCODING 9676
SWIDTH 687 0
DWIDTH 11 0
BBX 10 10 1 1
BITMAP
0800
2A00
0000
C080
0000
80C0
0000
C080
2000
2A00
ENDCHAR
STARTCHAR 25CD
ENCODING 9677
SWIDTH 1312 0
DWIDTH 21 0
BBX 12 12 5 -1
BITMAP
1F80
34C0
74E0
D4B0
9490
9490
9490
9490
D4A0
74E0
35C0
1F00
ENDCHAR
STARTCHAR 25CE
ENCODING 9678
SWIDTH 1312 0
DWIDTH 21 0
BBX 12 12 5 -1
BITMAP
1F80
30C0
4060
C620
8910
8910
8910
8610
C020
6060
30C0
1F00
ENDCHAR
STARTCHAR 25CF
ENCODING 9679
SWIDTH 1312 0
DWIDTH 21 0
BBX 12 12 5 -1
BITMAP
1F80
3FC0
7FE0
FFF0
FFF0
FFF0
FFF0
FFF0
FFE0
7FE0
3FC0
1F00
ENDCHAR
STARTCHAR 25D0
ENCODING 9680
SWIDTH 1312 0
DWIDTH 21 0
BBX 12 12 4 -1
BITMAP
1F80
3CC0
7C20
FC30
FC10
FC10
FC10
FC10
7C30
7C60
3CC0
0F00
ENDCHAR
STARTCHAR 25D1
ENCODING 9681
SWIDTH 1312 0
DWIDTH 21 0
BBX 12 12 5 -1
BITMAP
1F80
33C0
43E0
C3E0
83F0
83F0
83F0
83F0
C3E0
63E0
33C0
1F00
ENDCHAR
STARTCHAR 25D2
ENCODING 9682
SWIDTH 1312 0
DWIDTH 21 0
BBX 12 12 5 -1
BITMAP
1F80
30C0
4060
C020
8010
8010
FFF0
FFF0
FFE0
7FE0
3FC0
1F00
ENDCHAR
STARTCHAR 25D3
ENCODING 9683
SWIDTH 1312 0
DWIDTH 21 0
BBX 12 12 5 -1
BITMAP
1F80
3FC0
7FE0
FFE0
FFF0
FFF0
8010
8010
C020
6060
30C0
1F00
ENDCHAR
STARTCHAR 25D4
ENCODING 9684
SWIDTH 1312 0
DWIDTH 21 0
BBX 12 12 5 -1
BITMAP
1F80
33C0
43E0
C3E0
83F0
83F0
8010
8010
C020
6060
30C0
1F00
ENDCHAR
STARTCHAR 25D5
ENCODING 9685
SWIDTH 1312 0
DWIDTH 21 0
BBX 12 12 5 -1
BITMAP
1F80
33C0
43E0
C3E0
83F0
83F0
FFF0
FFF0
FFE0
7FE0
3FC0
1F00
ENDCHAR
STARTCHAR 25D6
ENCODING 9686
SWIDTH 1312 0
DWIDTH 21 0
BBX 6 12 4 -1
BITMAP
1C
3C
7C
FC
FC
FC
FC
FC
7C
7C
3C
0C
ENDCHAR
STARTCHAR 25D7
ENCODING 9687
SWIDTH 1312 0
DWIDTH 21 0
BBX 6 12 11 -1
BITMAP
E0
F0
F8
F8
FC
FC
FC
FC
F8
F8
F0
C0
ENDCHAR
STARTCHAR 25D8
ENCODING 9688
SWIDTH 1312 0
DWIDTH 21 0
BBX 21 20 0 -5
BITMAP
FFFFF8
FFFFF8
FFFFF8
FFFFF8
FF07F8
FC01F8
F800F8
F800F8
F800F8
F00078
F00078
F800F8
F800F8
FC01F8
FC01F8
FF07F8
FFFFF8
FFFFF8
FFFFF8
FFFFF8
ENDCHAR
STARTCHAR 25D9
ENCODING 9689
SWIDTH 1312 0
DWIDTH 21 0
BBX 21 20 0 -5
BITMAP
FFFFF8
FFFFF8
FFFFF8
FFFFF8
FF07F8
FC79F8
F9FCF8
F9FEF8
FBFEF8
F3FF78
F3FF78
FBFEF8
F9FEF8
FCFDF8
FC31F8
FF07F8
FFFFF8
FFFFF8
FFFFF8
FFFFF8
ENDCHAR
STARTCHAR 25DA
ENCODING 9690
SWIDTH 1312 0
DWIDTH 21 0
BBX 21 10 0 5
BITMAP
FFFFF8
FFFFF8
FFFFF8
FFFFF8
FF07F8
FC79F8
F9FCF8
F9FEF8
FBFEF8
F3FF78
ENDCHAR
STARTCHAR 25DB
ENCODING 9691
SWIDTH 1312 0
DWIDTH 21 0
BBX 21 11 0 -5
BITMAP
F3FF78
FBFE78
F9FEF8
F9FCF8
FC79F8
FE03F8
FF07F8
FFFFF8
FFFFF8
FFFFF8
FFFFF8
ENDCHAR
STARTCHAR 25DC
ENCODING 9692
SWIDTH 1312 0
DWIDTH 21 0
BBX 6 6 5 5
BITMAP
1C
30
40
C0
80
80
ENDCHAR
STARTCHAR 25DD
ENCODING 9693
SWIDTH 1312 0
DWIDTH 21 0
BBX 6 6 10 5
BITMAP
E0
30
08
0C
04
04
ENDCHAR
STARTCHAR 25DE
ENCODING 9694
SWIDTH 1312 0
DWIDTH 21 0
BBX 6 6 10 -1
BITMAP
04
04
0C
08
30
E0
ENDCHAR
STARTCHAR 25DF
ENCODING 9695
SWIDTH 1312 0
DWIDTH 21 0
BBX 6 6 5 -1
BITMAP
80
80
C0
40
30
1C
ENDCHAR
STARTCHAR 25E0
ENCODING 9696
SWIDTH 1312 0
DWIDTH 21 0
BBX 12 6 5 5
BITMAP
1F80
30C0
4060
C030
8010
8010
ENDCHAR
STARTCHAR 25E1
ENCODING 9697
SWIDTH 1312 0
DWIDTH 21 0
BBX 12 6 5 -1
BITMAP
8010
8010
C020
6060
30C0
1F00
ENDCHAR
STARTCHAR 25E2
ENCODING 9698
SWIDTH 1312 0
DWIDTH 21 0
BBX 12 12 5 0
BITMAP
0010
0030
0070
00F0
01F0
03F0
07F0
0FF0
1FF0
3FF0
7FF0
FFF0
ENDCHAR
STARTCHAR 25E3
ENCODING 9699
SWIDTH 1312 0
DWIDTH 21 0
BBX 12 12 4 0
BITMAP
8000
C000
E000
F000
F800
FC00
FE00
FF00
FF80
FFC0
FFE0
FFF0
ENDCHAR
STARTCHAR 25E4
ENCODING 9700
SWIDTH 1312 0
DWIDTH 21 0
BBX 13 13 4 -1
BITMAP
FFF8
FFF0
FFE0
FFC0
FF80
FF00
FE00
FC00
F800
F000
E000
C000
8000
ENDCHAR
STARTCHAR 25E5
ENCODING 9701
SWIDTH 1312 0
DWIDTH 21 0
BBX 13 13 4 -1
BITMAP
FFF8
7FF8
3FF8
1FF8
0FF8
07F8
03F8
01F8
00F8
0078
0038
0018
0008
ENDCHAR
STARTCHAR 25E6
ENCODING 9702
SWIDTH 687 0
DWIDTH 11 0
BBX 6 7 2 2
BITMAP
78
CC
84
84
84
CC
78
ENDCHAR
STARTCHAR 25E7
ENCODING 9703
SWIDTH 1312 0
DWIDTH 21 0
BBX 12 12 4 -1
BITMAP
FFF0
FC10
FC10
FC10
FC10
FC10
FC10
FC10
FC10
FC10
FC10
FFF0
ENDCHAR
STARTCHAR 25E8
ENCODING 9704
SWIDTH 1312 0
DWIDTH 21 0
BBX 12 12 5 -1
BITMAP
FFF0
83F0
83F0
83F0
83F0
83F0
83F0
83F0
83F0
83F0
83F0
FFF0
ENDCHAR
STARTCHAR 25E9
ENCODING 9705
SWIDTH 1312 0
DWIDTH 21 0
BBX 12 12 4 -1
BITMAP
FFF0
FFF0
FFD0
FF90
FF10
FE10
FC10
F810
F010
E010
C010
FFF0
ENDCHAR
STARTCHAR 25EA
ENCODING 9706
SWIDTH 1312 0
DWIDTH 21 0
BBX 12 12 5 -1
BITMAP
FFF0
8030
8070
80F0
81F0
83F0
87F0
8FF0
9FF0
BFF0
FFF0
FFF0
ENDCHAR
STARTCHAR 25EB
ENCODING 9707
SWIDTH 1312 0
DWIDTH 21 0
BBX 12 12 5 -1
BITMAP
FFF0
8610
8610
8610
8610
8610
8610
8610
8610
8610
8610
FFF0
ENDCHAR
STARTCHAR 25EC
ENCODING 9708
SWIDTH 1312 0
DWIDTH 21 0
BBX 15 12 3 0
BITMAP
0100
0380
0280
06C0
0460
0C20
19B0
1390
3398
200C
600C
FFFE
ENDCHAR
STARTCHAR 25ED
ENCODING 9709
SWIDTH 1312 0
DWIDTH 21 0
BBX 15 12 3 -1
BITMAP
0100
0100
0380
07C0
0740
0F60
1F30
1F10
3F18
3F08
7F0C
FFFE
ENDCHAR
STARTCHAR 25EE
ENCODING 9710
SWIDTH 1312 0
DWIDTH 21 0
BBX 15 12 3 -1
BITMAP
0100
0100
0280
06C0
04C0
0CE0
18F0
10F0
30F8
20F8
60FC
FFFE
ENDCHAR
STARTCHAR 25EF
ENCODING 9711
SWIDTH 1312 0
DWIDTH 21 0
BBX 15 15 3 -2
BITMAP
07C0
1C30
3018
600C
4004
8002
8002
8002
8002
8002
4004
4004
2008
1830
07E0
ENDCHAR
STARTCHAR 25F0
ENCODING 9712
SWIDTH 1312 0
DWIDTH 21 0
BBX 12 12 5 -1
BITMAP
FFF0
8610
8610
8610
8610
FE10
8010
8010
8010
8010
8010
FFF0
ENDCHAR
STARTCHAR 25F1
ENCODING 9713
SWIDTH 1312 0
DWIDTH 21 0
BBX 12 12 5 -1
BITMAP
FFF0
8010
8010
8010
8010
FE10
8610
8610
8610
8610
8610
FFF0
ENDCHAR
STARTCHAR 25F2
ENCODING 9714
SWIDTH 1312 0
DWIDTH 21 0
BBX 12 12 5 -1
BITMAP
FFF0
8010
8010
8010
8010
87F0
8610
8610
8610
8610
8610
FFF0
ENDCHAR
STARTCHAR 25F3
ENCODING 9715
SWIDTH 1312 0
DWIDTH 21 0
BBX 12 12 5 -1
BITMAP
FFF0
8610
8610
8610
8610
87F0
8010
8010
8010
8010
8010
FFF0
ENDCHAR
STARTCHAR 25F4
ENCODING 9716
SWIDTH 1312 0
DWIDTH 21 0
BBX 12 12 5 -1
BITMAP
1F80
66C0
4620
8630
8610
FE10
8010
8010
C020
6060
30C0
1F00
ENDCHAR
STARTCHAR 25F5
ENCODING 9717
SWIDTH 1312 0
DWIDTH 21 0
BBX 12 12 5 -1
BITMAP
1F80
30C0
4020
8030
8010
FE10
8610
8630
C620
6660
3F80
0600
ENDCHAR
STARTCHAR 25F6
ENCODING 9718
SWIDTH 1312 0
DWIDTH 21 0
BBX 12 12 5 -1
BITMAP
1F80
30C0
4060
C020
8030
87F0
8630
8630
4620
66C0
3F80
0600
ENDCHAR
STARTCHAR 25F7
ENCODING 9719
SWIDTH 1312 0
DWIDTH 21 0
BBX 12 12 5 -1
BITMAP
1F80
66C0
4660
C620
8630
87F0
8030
8030
C020
6060
31C0
1F00
ENDCHAR
STARTCHAR 25F8
ENCODING 9720
SWIDTH 1312 0
DWIDTH 21 0
BBX 11 11 5 -1
BITMAP
FFE0
80C0
8180
8300
8600
8C00
9800
B000
E000
C000
8000
ENDCHAR
STARTCHAR 25F9
ENCODING 9721
SWIDTH 1312 0
DWIDTH 21 0
BBX 11 11 5 -1
BITMAP
FFE0
6020
3020
1820
0C20
0620
0320
01A0
00E0
0060
0020
ENDCHAR
STARTCHAR 25FA
ENCODING 9722
SWIDTH 1312 0
DWIDTH 21 0
BBX 11 12 5 -1
BITMAP
8000
8000
C000
E000
B000
9800
8C00
8600
8300
8180
80C0
FFE0
ENDCHAR
STARTCHAR 25FB
ENCODING 9723
SWIDTH 1312 0
DWIDTH 21 0
BBX 9 9 6 1
BITMAP
FF80
8080
8080
8080
8080
8080
8080
8080
FF80
ENDCHAR
STARTCHAR 25FC
ENCODING 9724
SWIDTH 1312 0
DWIDTH 21 0
BBX 10 10 6 0
BITMAP
FFC0
FFC0
FFC0
FFC0
FFC0
FFC0
FFC0
FFC0
FFC0
FFC0
ENDCHAR
STARTCHAR 25FD
ENCODING 9725
SWIDTH 1312 0
DWIDTH 21 0
BBX 8 8 7 1
BITMAP
FF
81
81
81
81
81
81
FF
ENDCHAR
STARTCHAR 25FE
ENCODING 9726
SWIDTH 1312 0
DWIDTH 21 0
BBX 8 8 7 1
BITMAP
FF
FF
FF
FF
FF
FF
FF
FF
ENDCHAR
STARTCHAR 25FF
ENCODING 9727
SWIDTH 1312 0
DWIDTH 21 0
BBX 11 12 5 -1
BITMAP
0020
0020
0060
00E0
01A0
0320
0620
0C20
1820
3020
6020
FFE0
ENDCHAR
STARTCHAR 2600
ENCODING 9728
SWIDTH 1312 0
DWIDTH 21 0
BBX 13 13 4 -1
BITMAP
0200
0200
2220
1040
0F80
0F80
EFB8
0F80
0F80
1040
2220
0200
0200
ENDCHAR
STARTCHAR 2605
ENCODING 9733
SWIDTH 1312 0
DWIDTH 21 0
BBX 13 11 4 0
BITMAP
0200
0200
0200
0700
FFF8
3FF0
1FC0
0F80
0F80
1DC0
18C0
ENDCHAR
STARTCHAR 2606
ENCODING 9734
SWIDTH 1312 0
DWIDTH 21 0
BBX 11 12 5 0
BITMAP
0400
0400
0400
0E00
0A00
FBE0
60C0
1100
1500
1F80
3180
2080
ENDCHAR
STARTCHAR 2607
ENCODING 9735
SWIDTH 1312 0
DWIDTH 21 0
BBX 11 20 5 -5
BITMAP
0020
00E0
01C0
0380
0600
0C00
3800
7000
C000
C000
C000
7000
3860
1C20
0620
0320
01E0
00E0
0FE0
0C00
ENDCHAR
STARTCHAR 2609
ENCODING 9737
SWIDTH 1312 0
DWIDTH 21 0
BBX 12 12 5 -1
BITMAP
1F80
30C0
4060
C020
8010
8610
8610
8010
C020
6060
30C0
1F00
ENDCHAR
STARTCHAR 2610
ENCODING 9744
SWIDTH 1312 0
DWIDTH 21 0
BBX 12 12 5 -1
BITMAP
FFF0
8010
8010
8010
8010
8010
8010
8010
8010
8010
8010
FFF0
ENDCHAR
STARTCHAR 2611
ENCODING 9745
SWIDTH 1312 0
DWIDTH 21 0
BBX 12 12 5 -1
BITMAP
FFF0
8010
8010
8190
8110
8310
9610
9E10
8C10
8010
8010
FFF0
ENDCHAR
STARTCHAR 2612
ENCODING 9746
SWIDTH 1312 0
DWIDTH 21 0
BBX 12 12 5 -1
BITMAP
FFF0
8010
B0D0
B990
9F10
8E10
8F10
9B90
B1D0
A090
8010
FFF0
ENDCHAR
STARTCHAR 2613
ENCODING 9747
SWIDTH 1312 0
DWIDTH 21 0
BBX 9 9 6 1
BITMAP
8080
C180
6300
3600
1C00
1C00
3600
6300
C180
ENDCHAR
STARTCHAR 261C
ENCODING 9756
SWIDTH 1312 0
DWIDTH 21 0
BBX 19 9 1 1
BITMAP
FFFF60
8180E0
FF00A0
05F0A0
07F0A0
020CA0
03FFA0
0300E0
01FF60
ENDCHAR
STARTCHAR 261D
ENCODING 9757
SWIDTH 1312 0
DWIDTH 21 0
BBX 9 19 6 -4
BITMAP
0380
0280
0280
0280
0280
0680
1E80
EA80
AF80
AC80
AC80
AC80
B880
B080
A080
A080
7F00
C180
FF80
ENDCHAR
STARTCHAR 261E
ENCODING 9758
SWIDTH 1312 0
DWIDTH 21 0
BBX 19 9 1 1
BITMAP
9FFFC0
F06060
A03FE0
A1EC00
A1F800
A60800
BFF800
E01000
DFF000
ENDCHAR
STARTCHAR 261F
ENCODING 9759
SWIDTH 1312 0
DWIDTH 21 0
BBX 9 19 6 -4
BITMAP
FF80
C180
7F00
A080
A080
B080
B080
AC80
AC80
AC80
AD80
EF80
7A80
0E80
0280
0280
0280
0280
0380
ENDCHAR
STARTCHAR 2621
ENCODING 9761
SWIDTH 687 0
DWIDTH 11 0
BBX 7 12 2 0
BITMAP
F8
FE
06
0E
0C
18
30
70
60
C0
FE
7E
ENDCHAR
STARTCHAR 2626
ENCODING 9766
SWIDTH 1312 0
DWIDTH 21 0
BBX 10 15 6 -2
BITMAP
0C00
0C00
3F00
0C00
FFC0
FFC0
0C00
0C00
0C00
0C00
3C00
3F00
0F00
0C00
0C00
ENDCHAR
STARTCHAR 2628
ENCODING 9768
SWIDTH 1312 0
DWIDTH 21 0
BBX 10 15 6 -2
BITMAP
0800
0800
7F00
0800
FFC0
FFC0
0800
0800
0800
0800
0800
0800
0800
0800
0800
ENDCHAR
STARTCHAR 2630
ENCODING 9776
SWIDTH 687 0
DWIDTH 11 0
BBX 7 7 2 2
BITMAP
FE
00
00
FE
00
00
FE
ENDCHAR
STARTCHAR 2631
ENCODING 9777
SWIDTH 687 0
DWIDTH 11 0
BBX 7 7 2 2
BITMAP
EE
00
00
FE
00
00
FE
ENDCHAR
STARTCHAR 2632
ENCODING 9778
SWIDTH 687 0
DWIDTH 11 0
BBX 7 7 2 2
BITMAP
FE
00
00
EE
00
00
FE
ENDCHAR
STARTCHAR 2633
ENCODING 9779
SWIDTH 687 0
DWIDTH 11 0
BBX 7 7 2 2
BITMAP
EE
00
00
EE
00
00
FE
ENDCHAR
STARTCHAR 2634
ENCODING 9780
SWIDTH 687 0
DWIDTH 11 0
BBX 7 7 2 2
BITMAP
FE
00
00
FE
00
00
EE
ENDCHAR
STARTCHAR 2635
ENCODING 9781
SWIDTH 687 0
DWIDTH 11 0
BBX 7 7 2 2
BITMAP
EE
00
00
FE
00
00
EE
ENDCHAR
STARTCHAR 2636
ENCODING 9782
SWIDTH 687 0
DWIDTH 11 0
BBX 7 7 2 2
BITMAP
FE
00
00
EE
00
00
EE
ENDCHAR
STARTCHAR 2637
ENCODING 9783
SWIDTH 687 0
DWIDTH 11 0
BBX 7 7 2 2
BITMAP
EE
00
00
EE
00
00
EE
ENDCHAR
STARTCHAR 2639
ENCODING 9785
SWIDTH 1312 0
DWIDTH 21 0
BBX 13 11 4 0
BITMAP
1FC0
7070
6030
D8D8
D8D8
C018
CF98
C898
6030
7070
1FC0
ENDCHAR
STARTCHAR 263A
ENCODING 9786
SWIDTH 1312 0
DWIDTH 21 0
BBX 13 11 4 0
BITMAP
1FC0
7070
6030
D8D8
D8D8
C018
C898
CF98
6030
7070
1FC0
ENDCHAR
STARTCHAR 263B
ENCODING 9787
SWIDTH 1312 0
DWIDTH 21 0
BBX 12 13 5 -1
BITMAP
0400
3FC0
7FE0
FFE0
EF70
EE70
FFF0
EFF0
E0F0
FFE0
7FE0
3FC0
0F00
ENDCHAR
STARTCHAR 263C
ENCODING 9788
SWIDTH 1312 0
DWIDTH 21 0
BBX 13 13 4 -1
BITMAP
0200
0200
2220
3060
1740
0980
E8B8
0880
0F80
1040
2220
0200
0200
ENDCHAR
STARTCHAR 263F
ENCODING 9791
SWIDTH 687 0
DWIDTH 11 0
BBX 8 19 1 -4
BITMAP
C3
C3
7E
7E
E7
C3
C3
C3
66
7E
18
18
18
FF
FF
18
18
18
18
ENDCHAR
STARTCHAR 2640
ENCODING 9792
SWIDTH 687 0
DWIDTH 11 0
BBX 8 16 1 -2
BITMAP
7E
E7
C3
C3
C3
E6
7E
18
18
18
FF
FF
18
18
18
18
ENDCHAR
STARTCHAR 2641
ENCODING 9793
SWIDTH 687 0
DWIDTH 11 0
BBX 8 16 1 -3
BITMAP
18
18
18
18
FF
FF
18
18
18
7E
E7
C3
C3
C7
7E
08
ENDCHAR
STARTCHAR 2642
ENCODING 9794
SWIDTH 687 0
DWIDTH 11 0
BBX 10 16 1 -3
BITMAP
0100
0780
0F80
03C0
0200
0600
0600
0400
0C00
3C00
7E00
C300
C300
C300
C700
7E00
ENDCHAR
STARTCHAR 2660
ENCODING 9824
SWIDTH 687 0
DWIDTH 11 0
BBX 9 12 1 0
BITMAP
0800
1C00
3E00
7E00
7F00
FF80
FF80
FF80
FF00
0800
0800
1C00
ENDCHAR
STARTCHAR 2661
ENCODING 9825
SWIDTH 687 0
DWIDTH 11 0
BBX 9 12 1 -1
BITMAP
7700
9580
8880
8880
8180
C100
4300
2200
3600
1C00
0800
0800
ENDCHAR
STARTCHAR 2662
ENCODING 9826
SWIDTH 687 0
DWIDTH 11 0
BBX 9 11 1 -1
BITMAP
0800
1C00
3600
6200
C300
C180
C300
6200
3600
1C00
1800
ENDCHAR
STARTCHAR 2663
ENCODING 9827
SWIDTH 687 0
DWIDTH 11 0
BBX 8 11 1 0
BITMAP
1C
3C
3C
3C
FF
FF
FF
7F
18
18
3C
ENDCHAR
STARTCHAR 2664
ENCODING 9828
SWIDTH 687 0
DWIDTH 11 0
BBX 9 11 1 0
BITMAP
0800
1C00
3600
6200
4100
8180
8080
9880
FF00
1800
3C00
ENDCHAR
STARTCHAR 2665
ENCODING 9829
SWIDTH 687 0
DWIDTH 11 0
BBX 9 11 1 -1
BITMAP
7700
F780
FF80
FF80
FF80
7F00
7F00
3E00
3E00
1C00
0800
ENDCHAR
STARTCHAR 2666
ENCODING 9830
SWIDTH 687 0
DWIDTH 11 0
BBX 9 11 1 -1
BITMAP
0800
1C00
3E00
7E00
FF00
FF80
FF00
7E00
3E00
1C00
1800
ENDCHAR
STARTCHAR 2667
ENCODING 9831
SWIDTH 687 0
DWIDTH 11 0
BBX 9 11 1 0
BITMAP
1E00
3200
2200
7300
8080
8880
8C80
7F80
0C00
0C00
1E00
ENDCHAR
STARTCHAR 2669
ENCODING 9833
SWIDTH 687 0
DWIDTH 11 0
BBX 5 16 2 -3
BITMAP
08
08
08
08
08
08
08
08
08
08
08
08
78
F8
F8
70
ENDCHAR
STARTCHAR 266A
ENCODING 9834
SWIDTH 687 0
DWIDTH 11 0
BBX 9 16 0 -3
BITMAP
0800
0800
0C00
0E00
0A00
0B00
0900
0880
0880
0880
0900
0800
3800
7800
F800
7000
ENDCHAR
STARTCHAR 266B
ENCODING 9835
SWIDTH 687 0
DWIDTH 11 0
BBX 11 16 -1 -3
BITMAP
00E0
07E0
0FE0
0F20
0820
0820
0820
0820
0820
0820
08E0
0BE0
3BE0
7BC0
F800
7000
ENDCHAR
STARTCHAR 266C
ENCODING 9836
SWIDTH 687 0
DWIDTH 11 0
BBX 11 16 -1 -3
BITMAP
00E0
07E0
0FE0
0F20
0860
0BE0
0FE0
0F20
0820
0820
08E0
0BE0
3BE0
7BC0
F800
7000
ENDCHAR
STARTCHAR 266D
ENCODING 9837
SWIDTH 687 0
DWIDTH 11 0
BBX 7 16 2 -2
BITMAP
C0
C0
C0
C0
C0
C0
F8
EC
C6
C6
C6
CC
D8
F0
E0
C0
ENDCHAR
STARTCHAR 266E
ENCODING 9838
SWIDTH 687 0
DWIDTH 11 0
BBX 7 16 2 -3
BITMAP
C0
C0
C0
C6
FE
C6
C6
C6
C6
C6
FE
E6
06
06
06
06
ENDCHAR
STARTCHAR 266F
ENCODING 9839
SWIDTH 687 0
DWIDTH 11 0
BBX 7 17 2 -3
BITMAP
06
C6
C6
C6
DE
FE
C6
C6
C6
C6
C6
FE
E6
C6
C6
C6
C0
ENDCHAR
STARTCHAR 267E
ENCODING 9854
SWIDTH 1312 0
DWIDTH 21 0
BBX 17 17 2 -3
BITMAP
07F000
1C1C00
300600
600300
400100
C00180
C77180
895980
888980
C88980
C95980
C77180
400100
600300
300600
1C1C00
07F000
ENDCHAR
STARTCHAR 2680
ENCODING 9856
SWIDTH 1312 0
DWIDTH 21 0
BBX 12 12 5 -1
BITMAP
FFF0
8010
8010
8010
8010
8610
8610
8010
8010
8010
8010
FFF0
ENDCHAR
STARTCHAR 2681
ENCODING 9857
SWIDTH 1312 0
DWIDTH 21 0
BBX 12 12 5 -1
BITMAP
FFF0
8010
B010
B010
8010
8010
8010
80D0
80D0
8010
8010
FFF0
ENDCHAR
STARTCHAR 2682
ENCODING 9858
SWIDTH 1312 0
DWIDTH 21 0
BBX 12 12 5 -1
BITMAP
FFF0
8010
B010
B010
8010
8610
8010
80D0
80D0
8010
8010
FFF0
ENDCHAR
STARTCHAR 2683
ENCODING 9859
SWIDTH 1312 0
DWIDTH 21 0
BBX 12 12 5 -1
BITMAP
FFF0
8010
B0D0
B0D0
8010
8010
8010
B0D0
B0D0
8010
8010
FFF0
ENDCHAR
STARTCHAR 2684
ENCODING 9860
SWIDTH 1312 0
DWIDTH 21 0
BBX 12 12 5 -1
BITMAP
FFF0
8010
B0D0
B0D0
8010
8610
8010
B0D0
B0D0
8010
8010
FFF0
ENDCHAR
STARTCHAR 2685
ENCODING 9861
SWIDTH 1312 0
DWIDTH 21 0
BBX 12 12 5 -1
BITMAP
FFF0
8010
B0D0
B0D0
8010
B0D0
8010
B0D0
B0D0
8010
8010
FFF0
ENDCHAR
STARTCHAR 2686
ENCODING 9862
SWIDTH 1312 0
DWIDTH 21 0
BBX 12 12 5 -1
BITMAP
1F80
30C0
4060
C020
8010
8190
8190
8010
C020
6060
30C0
1F00
ENDCHAR
STARTCHAR 2687
ENCODING 9863
SWIDTH 1312 0
DWIDTH 21 0
BBX 12 12 5 -1
BITMAP
1F80
30C0
4060
C020
8010
9990
9990
8010
C020
6060
30C0
1F00
ENDCHAR
STARTCHAR 2688
ENCODING 9864
SWIDTH 1312 0
DWIDTH 21 0
BBX 12 12 4 -1
BITMAP
1F80
3FC0
7FE0
7FF0
FFF0
FE70
FE70
FFF0
7FE0
7FE0
3FC0
0F00
ENDCHAR
STARTCHAR 2689
ENCODING 9865
SWIDTH 1312 0
DWIDTH 21 0
BBX 12 12 4 -1
BITMAP
1F80
3FC0
7FE0
FFF0
FFF0
E670
E670
FFF0
7FE0
7FE0
3FC0
0F00
ENDCHAR
STARTCHAR 268A
ENCODING 9866
SWIDTH 687 0
DWIDTH 11 0
BBX 7 1 2 5
BITMAP
FE
ENDCHAR
STARTCHAR 268B
ENCODING 9867
SWIDTH 687 0
DWIDTH 11 0
BBX 7 1 2 5
BITMAP
EE
ENDCHAR
STARTCHAR 268C
ENCODING 9868
SWIDTH 687 0
DWIDTH 11 0
BBX 7 5 2 3
BITMAP
FE
00
00
00
FE
ENDCHAR
STARTCHAR 268D
ENCODING 9869
SWIDTH 687 0
DWIDTH 11 0
BBX 7 5 2 3
BITMAP
EE
00
00
00
FE
ENDCHAR
STARTCHAR 268E
ENCODING 9870
SWIDTH 687 0
DWIDTH 11 0
BBX 7 5 2 3
BITMAP
FE
00
00
00
EE
ENDCHAR
STARTCHAR 268F
ENCODING 9871
SWIDTH 687 0
DWIDTH 11 0
BBX 7 5 2 3
BITMAP
EE
00
00
00
EE
ENDCHAR
STARTCHAR 2690
ENCODING 9872
SWIDTH 687 0
DWIDTH 11 0
BBX 8 16 1 -3
BITMAP
F8
87
81
81
81
81
81
F9
8F
80
80
80
80
80
80
80
ENDCHAR
STARTCHAR 2691
ENCODING 9873
SWIDTH 687 0
DWIDTH 11 0
BBX 9 16 1 -3
BITMAP
F800
FF80
FF80
FF80
FF80
FF80
FF80
FF80
8780
8000
8000
8000
8000
8000
8000
8000
ENDCHAR
STARTCHAR 2699
ENCODING 9881
SWIDTH 1312 0
DWIDTH 21 0
BBX 12 13 5 -1
BITMAP
0400
0400
7F40
3080
20C0
2440
EE70
2440
20C0
3080
7F40
0400
0400
ENDCHAR
STARTCHAR 269B
ENCODING 9883
SWIDTH 1312 0
DWIDTH 21 0
BBX 13 14 4 -2
BITMAP
0700
0880
7DF0
9748
98C8
B068
7670
7670
98C8
9748
7DF0
0880
0980
0700
ENDCHAR
STARTCHAR 26A0
ENCODING 9888
SWIDTH 687 0
DWIDTH 11 0
BBX 8 14 1 -1
BITMAP
08
08
18
18
1C
14
34
36
36
7E
76
77
7F
FF
ENDCHAR
STARTCHAR 26A1
ENCODING 9889
SWIDTH 687 0
DWIDTH 11 0
BBX 6 15 2 -3
BITMAP
10
20
20
20
20
60
40
FC
0C
08
08
10
10
10
20
ENDCHAR
STARTCHAR 26AA
ENCODING 9898
SWIDTH 1312 0
DWIDTH 21 0
BBX 9 9 6 1
BITMAP
3E00
6300
C180
8080
8080
8080
C180
6300
3E00
ENDCHAR
STARTCHAR 26AB
ENCODING 9899
SWIDTH 1312 0
DWIDTH 21 0
BBX 10 10 6 0
BITMAP
1E00
7F00
7F80
FF80
FFC0
FF80
FF80
7F80
3F00
0800
ENDCHAR
STARTCHAR 26AC
ENCODING 9900
SWIDTH 1312 0
DWIDTH 21 0
BBX 8 8 7 1
BITMAP
3C
42
83
81
81
83
66
3C
ENDCHAR
STARTCHAR 26AD
ENCODING 9901
SWIDTH 1312 0
DWIDTH 21 0
BBX 7 6 7 2
BITMAP
7C
FE
AA
AA
FE
28
ENDCHAR
STARTCHAR 26AE
ENCODING 9902
SWIDTH 1312 0
DWIDTH 21 0
BBX 13 8 4 1
BITMAP
0600
76F0
DF98
8F08
8F08
FEF0
3660
0600
ENDCHAR
STARTCHAR 26AF
ENCODING 9903
SWIDTH 1312 0
DWIDTH 21 0
BBX 16 5 3 3
BITMAP
701E
8833
8FE1
8833
701E
ENDCHAR
STARTCHAR 26B2
ENCODING 9906
SWIDTH 687 0
DWIDTH 11 0
BBX 8 16 1 -2
BITMAP
7E
E6
C3
C3
C3
E6
7E
18
18
18
18
18
18
18
18
18
ENDCHAR
STARTCHAR 26CB
ENCODING 9931
SWIDTH 1312 0
DWIDTH 21 0
BBX 12 12 5 -1
BITMAP
FFF0
8F10
9990
A0D0
C070
8030
C030
E070
B0D0
9990
8F10
FFF0
ENDCHAR
STARTCHAR 26DA
ENCODING 9946
SWIDTH 1312 0
DWIDTH 21 0
BBX 12 13 4 -1
BITMAP
E070
E070
C030
0000
0000
0000
0000
0000
0000
0000
C030
E070
E070
ENDCHAR
STARTCHAR 26DD
ENCODING 9949
SWIDTH 1312 0
DWIDTH 21 0
BBX 12 12 5 -1
BITMAP
FFF0
E070
F0D0
B990
9F10
8E10
8F10
9B90
B1D0
E0F0
C070
FFF0
ENDCHAR
STARTCHAR 26DE
ENCODING 9950
SWIDTH 1312 0
DWIDTH 21 0
BBX 13 13 4 -1
BITMAP
F8F8
E038
F018
B808
9C08
8E00
8700
8380
81C8
C0E8
C078
E038
FFF8
ENDCHAR
STARTCHAR 26ED
ENCODING 9965
SWIDTH 1312 0
DWIDTH 21 0
BBX 12 13 5 -1
BITMAP
0400
0400
7F40
3080
20C0
2040
E070
2040
20C0
3080
7F40
0400
0400
ENDCHAR
STARTCHAR 26EE
ENCODING 9966
SWIDTH 1312 0
DWIDTH 21 0
BBX 12 13 5 -1
BITMAP
0400
0400
7F60
30C0
2050
2050
E070
A040
A040
B0C0
7FE0
0400
0400
ENDCHAR
STARTCHAR 26EF
ENCODING 9967
SWIDTH 1312 0
DWIDTH 21 0
BBX 12 13 5 -1
BITMAP
0400
0400
7F40
3080
20C0
2440
EE70
2440
20C0
3080
7F40
0400
0400
ENDCHAR
STARTCHAR 26F6
ENCODING 9974
SWIDTH 1312 0
DWIDTH 21 0
BBX 12 12 5 -1
BITMAP
F0F0
8010
8010
8010
0000
0000
0000
0000
8010
8010
8010
F0F0
ENDCHAR
STARTCHAR 2705
ENCODING 9989
SWIDTH 1312 0
DWIDTH 21 0
BBX 12 12 5 -1
BITMAP
FFF0
FFB0
FF10
FF10
FE30
9C70
88F0
C0F0
E1F0
E3F0
FFF0
FFF0
ENDCHAR
STARTCHAR 2713
ENCODING 10003
SWIDTH 1312 0
DWIDTH 21 0
BBX 13 10 4 1
BITMAP
0018
0030
0060
0040
8080
4100
2100
1200
0E00
0C00
ENDCHAR
STARTCHAR 2714
ENCODING 10004
SWIDTH 1312 0
DWIDTH 21 0
BBX 15 11 3 0
BITMAP
0008
001E
003C
0078
70F0
F8E0
79E0
3FC0
1F80
0F80
0F00
ENDCHAR
STARTCHAR 2715
ENCODING 10005
SWIDTH 1312 0
DWIDTH 21 0
BBX 13 13 4 -1
BITMAP
8008
4010
2020
1040
0880
0500
0200
0500
0880
1040
2020
4010
8008
ENDCHAR
STARTCHAR 2716
ENCODING 10006
SWIDTH 1312 0
DWIDTH 21 0
BBX 15 15 3 -2
BITMAP
2008
701C
F83E
7C7C
3EF8
1FF0
0FE0
07C0
0FE0
1FF0
3EF8
7C7C
F83E
701C
2008
ENDCHAR
STARTCHAR 2717
ENCODING 10007
SWIDTH 1312 0
DWIDTH 21 0
BBX 14 13 3 -1
BITMAP
0004
6008
3030
1860
0CC0
0700
0300
0580
0840
1820
3018
600C
C000
ENDCHAR
STARTCHAR 2718
ENCODING 10008
SWIDTH 1312 0
DWIDTH 21 0
BBX 15 14 3 -2
BITMAP
0004
201C
703E
787C
3CF8
1FE0
0FC0
0FC0
1FE0
3FF0
3CF8
787C
F03C
E008
ENDCHAR
STARTCHAR 271A
ENCODING 10010
SWIDTH 1312 0
DWIDTH 21 0
BBX 12 12 5 -1
BITMAP
0F00
0F00
0F00
0F00
FFF0
FFF0
FFF0
0F00
0F00
0F00
0F00
0F00
ENDCHAR
STARTCHAR 271B
ENCODING 10011
SWIDTH 1312 0
DWIDTH 21 0
BBX 12 11 5 0
BITMAP
0600
0600
0600
0600
0600
F9F0
0600
0600
0600
0600
0600
ENDCHAR
STARTCHAR 271C
ENCODING 10012
SWIDTH 1312 0
DWIDTH 21 0
BBX 13 13 4 -1
BITMAP
0700
0700
0700
0700
0700
F8F8
F8F8
F8F8
0700
0700
0700
0700
0700
ENDCHAR
STARTCHAR 271D
ENCODING 10013
SWIDTH 1312 0
DWIDTH 21 0
BBX 10 15 6 -2
BITMAP
0C00
0C00
0C00
0C00
FFC0
FFC0
0C00
0C00
0C00
0C00
0C00
0C00
0C00
0C00
0C00
ENDCHAR
STARTCHAR 2720
ENCODING 10016
SWIDTH 1312 0
DWIDTH 21 0
BBX 13 13 4 -1
BITMAP
3FE0
0F80
8708
8608
C618
E638
FFF8
E638
C618
8608
8708
0F80
3FE0
ENDCHAR
STARTCHAR 2721
ENCODING 10017
SWIDTH 1312 0
DWIDTH 21 0
BBX 13 15 4 -2
BITMAP
0200
0700
0500
0D80
FFF8
D058
7070
2020
7070
D058
FFF8
0D80
0500
0700
0200
ENDCHAR
STARTCHAR 2722
ENCODING 10018
SWIDTH 1312 0
DWIDTH 21 0
BBX 12 12 5 -1
BITMAP
0600
0600
0600
0600
0600
FFF0
FFF0
0600
0600
0600
0600
0600
ENDCHAR
STARTCHAR 2723
ENCODING 10019
SWIDTH 1312 0
DWIDTH 21 0
BBX 12 12 5 -1
BITMAP
0E00
0E00
0400
0400
C470
FFF0
C470
0400
0400
0E00
0E00
0E00
ENDCHAR
STARTCHAR 2724
ENCODING 10020
SWIDTH 1312 0
DWIDTH 21 0
BBX 12 12 5 -1
BITMAP
0F00
0F00
0F00
0E00
FFF0
FFF0
FFF0
EE60
0E00
0F00
0F00
0E00
ENDCHAR
STARTCHAR 2725
ENCODING 10021
SWIDTH 1312 0
DWIDTH 21 0
BBX 12 12 5 -1
BITMAP
0400
0E00
0E00
0400
64C0
FFF0
64C0
0400
0E00
0E00
0400
0400
ENDCHAR
STARTCHAR 2726
ENCODING 10022
SWIDTH 1312 0
DWIDTH 21 0
BBX 13 13 4 -1
BITMAP
0200
0200
0700
0F80
1FC0
3FE0
FFF8
3FE0
1FC0
0F80
0700
0200
0200
ENDCHAR
STARTCHAR 2727
ENCODING 10023
SWIDTH 1312 0
DWIDTH 21 0
BBX 13 13 4 -1
BITMAP
0200
0200
0700
0F80
1DC0
38E0
F078
38E0
1DC0
0D80
0700
0200
0200
ENDCHAR
STARTCHAR 2731
ENCODING 10033
SWIDTH 1312 0
DWIDTH 21 0
BBX 11 12 5 -1
BITMAP
0E00
0E00
EEE0
FFE0
FFE0
3F80
3FC0
FFE0
FFE0
4E40
0E00
0E00
ENDCHAR
STARTCHAR 2732
ENCODING 10034
SWIDTH 1312 0
DWIDTH 21 0
BBX 11 13 5 -1
BITMAP
0400
0400
0400
C460
75C0
1B00
0000
1B00
75C0
C460
0400
0400
0400
ENDCHAR
STARTCHAR 2733
ENCODING 10035
SWIDTH 1312 0
DWIDTH 21 0
BBX 12 12 5 -1
BITMAP
0600
0640
26C0
1780
0F00
FFF0
CE30
1F00
3680
6640
0600
0600
ENDCHAR
STARTCHAR 2734
ENCODING 10036
SWIDTH 1312 0
DWIDTH 21 0
BBX 13 13 4 -2
BITMAP
0200
0200
2220
1240
0A80
0700
FFF8
0700
0A80
1240
2220
0200
0200
ENDCHAR
STARTCHAR 2736
ENCODING 10038
SWIDTH 1312 0
DWIDTH 21 0
BBX 11 13 5 -1
BITMAP
0400
0400
0400
8E20
7FC0
3F80
1F00
3F80
7FC0
8E20
0400
0400
0400
ENDCHAR
STARTCHAR 2737
ENCODING 10039
SWIDTH 1312 0
DWIDTH 21 0
BBX 11 11 5 0
BITMAP
1100
1100
0B00
CE60
7FC0
1F00
3F80
EEE0
0B00
1900
1100
ENDCHAR
STARTCHAR 2738
ENCODING 10040
SWIDTH 1312 0
DWIDTH 21 0
BBX 11 11 5 -1
BITMAP
1100
1B00
1F00
FFE0
7FC0
3F80
3FC0
FFE0
1F00
1B00
1100
ENDCHAR
STARTCHAR 2739
ENCODING 10041
SWIDTH 1312 0
DWIDTH 21 0
BBX 13 13 4 -1
BITMAP
0200
1240
0A80
4F80
3FE0
1FC0
FFF8
1FC0
3FE0
4F90
0A80
1240
0200
ENDCHAR
STARTCHAR 273A
ENCODING 10042
SWIDTH 1312 0
DWIDTH 21 0
BBX 12 12 5 -1
BITMAP
1780
1F40
2FC0
DFB0
7FE0
FFF0
1F80
6FE0
BF80
6F40
1F80
1600
ENDCHAR
STARTCHAR 273B
ENCODING 10043
SWIDTH 1312 0
DWIDTH 21 0
BBX 11 12 5 -1
BITMAP
0600
0600
4660
E4E0
7FE0
0F00
1F00
77E0
E4E0
4600
0600
0600
ENDCHAR
STARTCHAR 273C
ENCODING 10044
SWIDTH 1312 0
DWIDTH 21 0
BBX 11 12 5 -1
BITMAP
0400
0400
4440
E4E0
7FC0
0A00
1B00
75C0
E4E0
4440
0400
0400
ENDCHAR
STARTCHAR 273D
ENCODING 10045
SWIDTH 1312 0
DWIDTH 21 0
BBX 11 12 5 -1
BITMAP
0E00
0E00
4E60
E4E0
FFE0
0F00
1F00
F7E0
E4E0
4E40
0E00
0E00
ENDCHAR
STARTCHAR 273E
ENCODING 10046
SWIDTH 1312 0
DWIDTH 21 0
BBX 11 13 5 -1
BITMAP
0600
0900
0940
F9E0
F9E0
FFE0
7FC0
4F60
8E20
9F20
6FC0
0F00
0600
ENDCHAR
STARTCHAR 273F
ENCODING 10047
SWIDTH 1312 0
DWIDTH 21 0
BBX 12 12 5 0
BITMAP
0600
0F00
0F00
7FE0
F0F0
E070
E070
0000
30C0
7FE0
3FC0
1980
ENDCHAR
STARTCHAR 2740
ENCODING 10048
SWIDTH 1312 0
DWIDTH 21 0
BBX 12 12 4 0
BITMAP
0600
0900
0900
7960
8F90
8F90
9F90
7FE0
2F40
4620
2620
19C0
ENDCHAR
STARTCHAR 2741
ENCODING 10049
SWIDTH 1312 0
DWIDTH 21 0
BBX 12 12 4 -1
BITMAP
0700
3BE0
5B60
2FA0
79F0
B0F0
79F0
2FA0
5B60
2BA0
1900
0600
ENDCHAR
STARTCHAR 2742
ENCODING 10050
SWIDTH 1312 0
DWIDTH 21 0
BBX 11 11 5 0
BITMAP
3B80
3B80
DB60
EEE0
F1E0
1100
F1E0
EEE0
DB60
3B80
3B80
ENDCHAR
STARTCHAR 2743
ENCODING 10051
SWIDTH 1312 0
DWIDTH 21 0
BBX 11 13 5 -1
BITMAP
0600
0A00
0A00
E660
E5A0
DFE0
2F00
1F00
F7E0
A6E0
4640
0E00
0600
ENDCHAR
STARTCHAR 2744
ENCODING 10052
SWIDTH 1312 0
DWIDTH 21 0
BBX 11 12 5 -1
BITMAP
0400
1F00
A4A0
E4E0
75C0
8E20
DF60
75C0
E4E0
2E80
1500
0400
ENDCHAR
STARTCHAR 2745
ENCODING 10053
SWIDTH 1312 0
DWIDTH 21 0
BBX 11 12 5 -1
BITMAP
0400
0400
1F00
F5E0
3580
6EC0
6EC0
3580
DF60
1F00
0400
0400
ENDCHAR
STARTCHAR 2746
ENCODING 10054
SWIDTH 1312 0
DWIDTH 21 0
BBX 11 12 5 -1
BITMAP
0400
0F00
3FC0
74E0
75E0
4F60
6F60
74E0
F4E0
3FC0
0F00
0400
ENDCHAR
STARTCHAR 2747
ENCODING 10055
SWIDTH 1312 0
DWIDTH 21 0
BBX 13 13 4 -1
BITMAP
0200
0700
2260
12C0
0000
6730
F778
6730
0000
12C0
2260
0700
0200
ENDCHAR
STARTCHAR 2748
ENCODING 10056
SWIDTH 1312 0
DWIDTH 21 0
BBX 13 13 4 -1
BITMAP
0200
0700
3760
3AE0
1040
6730
F778
6730
1040
3AE0
3760
0700
0200
ENDCHAR
STARTCHAR 2749
ENCODING 10057
SWIDTH 1312 0
DWIDTH 21 0
BBX 11 12 5 -1
BITMAP
0E00
0E00
66E0
E4E0
F5E0
0E00
1F00
F5E0
E4E0
4E40
0E00
0E00
ENDCHAR
STARTCHAR 274A
ENCODING 10058
SWIDTH 1312 0
DWIDTH 21 0
BBX 12 12 5 -1
BITMAP
0600
2640
76E0
37C0
0F00
FFF0
FFF0
1F80
37C0
76E0
2640
0600
ENDCHAR
STARTCHAR 274B
ENCODING 10059
SWIDTH 1312 0
DWIDTH 21 0
BBX 12 12 5 -1
BITMAP
0600
2EC0
76E0
7FC0
1F20
FFF0
FFF0
1F80
77C0
76E0
2E40
0600
ENDCHAR
STARTCHAR 274C
ENCODING 10060
SWIDTH 1312 0
DWIDTH 21 0
BBX 13 13 4 -1
BITMAP
2020
7070
F8F8
7DF0
3FE0
1FC0
0F80
1FC0
3FE0
7DF0
F8F8
7070
2020
ENDCHAR
STARTCHAR 274E
ENCODING 10062
SWIDTH 1312 0
DWIDTH 21 0
BBX 12 12 5 -1
BITMAP
FFF0
9F90
8F10
C630
E070
F0F0
F0F0
E070
C630
8F10
9F90
FFF0
ENDCHAR
STARTCHAR 2756
ENCODING 10070
SWIDTH 1312 0
DWIDTH 21 0
BBX 13 13 4 -1
BITMAP
0200
0700
0F80
0F80
2720
7270
F8F8
78F0
3260
0700
0F80
0700
0200
ENDCHAR
STARTCHAR 2758
ENCODING 10072
SWIDTH 1312 0
DWIDTH 21 0
BBX 1 12 10 -1
BITMAP
80
80
80
80
80
80
80
80
80
80
80
80
ENDCHAR
STARTCHAR 2759
ENCODING 10073
SWIDTH 1312 0
DWIDTH 21 0
BBX 2 12 10 -1
BITMAP
C0
C0
C0
C0
C0
C0
C0
C0
C0
C0
C0
C0
ENDCHAR
STARTCHAR 275A
ENCODING 10074
SWIDTH 1312 0
DWIDTH 21 0
BBX 4 12 9 -1
BITMAP
F0
F0
F0
F0
F0
F0
F0
F0
F0
F0
F0
F0
ENDCHAR
STARTCHAR 2761
ENCODING 10081
SWIDTH 687 0
DWIDTH 11 0
BBX 8 12 2 0
BITMAP
7F
F2
F2
F2
F2
F2
7E
02
02
02
86
7C
ENDCHAR
STARTCHAR 2764
ENCODING 10084
SWIDTH 1312 0
DWIDTH 21 0
BBX 12 11 5 -1
BITMAP
F9E0
FFF0
FFF0
FFF0
FFF0
FFE0
7FC0
3FC0
1F80
0F00
0600
ENDCHAR
STARTCHAR 276C
ENCODING 10092
SWIDTH 687 0
DWIDTH 11 0
BBX 6 12 2 -1
BITMAP
0C
18
18
30
60
C0
40
60
30
18
0C
04
ENDCHAR
STARTCHAR 276D
ENCODING 10093
SWIDTH 687 0
DWIDTH 11 0
BBX 6 12 2 -1
BITMAP
C0
60
30
18
08
0C
0C
18
30
30
60
C0
ENDCHAR
STARTCHAR 276E
ENCODING 10094
SWIDTH 687 0
DWIDTH 11 0
BBX 7 12 2 -1
BITMAP
1C
1C
38
70
70
E0
F0
70
38
38
1C
1E
ENDCHAR
STARTCHAR 276F
ENCODING 10095
SWIDTH 687 0
DWIDTH 11 0
BBX 6 12 2 -1
BITMAP
E0
70
78
38
1C
1C
1C
3C
38
70
70
E0
ENDCHAR
STARTCHAR 2770
ENCODING 10096
SWIDTH 687 0
DWIDTH 11 0
BBX 7 12 2 -1
BITMAP
3C
3C
78
78
70
F0
F0
78
78
3C
3C
1E
ENDCHAR
STARTCHAR 2771
ENCODING 10097
SWIDTH 687 0
DWIDTH 11 0
BBX 6 12 2 -1
BITMAP
F0
78
78
3C
3C
1C
3C
3C
78
78
F0
F0
ENDCHAR
STARTCHAR 2776
ENCODING 10102
SWIDTH 1312 0
DWIDTH 21 0
BBX 17 17 2 -3
BITMAP
07F000
1FFC00
3FFE00
7FFF00
7FFF00
FE7F80
FC7F80
FF7F80
FF7F80
FF7F80
FF7F80
FC1F80
7FFF00
7FFF00
3FFE00
1FFC00
07F000
ENDCHAR
STARTCHAR 2777
ENCODING 10103
SWIDTH 1312 0
DWIDTH 21 0
BBX 17 17 2 -3
BITMAP
07F000
1FFC00
3FFE00
7FFF00
7FFF00
FE3F80
FCDF80
FF9F80
FF3F80
FE7F80
FCFF80
FC1F80
7FFF00
7FFF00
3FFE00
1FFC00
07F000
ENDCHAR
STARTCHAR 2778
ENCODING 10104
SWIDTH 1312 0
DWIDTH 21 0
BBX 17 17 2 -3
BITMAP
07F000
1FFC00
3FFE00
7FFF00
7FFF00
FC1F80
FDBF80
FF7F80
FE3F80
FF9F80
FFDF80
FCBF80
7FFF00
7FFF00
3FFE00
1FFC00
07F000
ENDCHAR
STARTCHAR 2779
ENCODING 10105
SWIDTH 1312 0
DWIDTH 21 0
BBX 17 17 2 -3
BITMAP
07F000
1FFC00
3FFE00
7FFF00
7FFF00
FF3F80
FF3F80
FEBF80
FEBF80
FDBF80
FFBF80
FF1F80
7FFF00
7FFF00
3FFE00
1FFC00
07F000
ENDCHAR
STARTCHAR 277A
ENCODING 10106
SWIDTH 1312 0
DWIDTH 21 0
BBX 17 17 2 -3
BITMAP
07F000
1FFC00
3FFE00
7FFF00
7FFF80
FC1F80
FCDF80
FCFF80
FC1F80
FFDF80
FFDF80
FE1F80
7FFF80
7FFF00
3FFE00
1FFC00
07F000
ENDCHAR
STARTCHAR 277B
ENCODING 10107
SWIDTH 1312 0
DWIDTH 21 0
BBX 17 17 2 -3
BITMAP
07F000
1FFC00
3FFF00
7FFF00
7FFF80
FE1F80
FCDF80
FCFF80
FC9F80
FCDF80
FCDF80
FE1F80
7FFF80
7FFF00
3FFF00
1FFC00
07F000
ENDCHAR
STARTCHAR 277C
ENCODING 10108
SWIDTH 1312 0
DWIDTH 21 0
BBX 17 17 2 -3
BITMAP
07F000
1FFC00
3FFE00
7FFF00
7FFF00
FC1F80
FD9F80
FFBF80
FF3F80
FF7F80
FF7F80
FE7F80
7FFF00
7FFF00
3FFE00
1FFC00
07F000
ENDCHAR
STARTCHAR 277D
ENCODING 10109
SWIDTH 1312 0
DWIDTH 21 0
BBX 17 17 2 -3
BITMAP
07F000
1FFC00
3FFE00
7FFF00
7FFF00
FE3F80
FC9F80
FC9F80
FE3F80
FC9F80
FDDF80
FE3F80
7FFF00
7FFF00
3FFE00
1FFC00
07F000
ENDCHAR
STARTCHAR 277E
ENCODING 10110
SWIDTH 1312 0
DWIDTH 21 0
BBX 17 17 2 -3
BITMAP
07F000
1FFC00
3FFE00
7FFF00
7FFF00
FE3F80
FD9F80
FD9F80
FC9F80
FF9F80
FD9F80
FE3F80
7FFF00
7FFF00
3FFE00
1FFC00
07F000
ENDCHAR
STARTCHAR 277F
ENCODING 10111
SWIDTH 1312 0
DWIDTH 21 0
BBX 17 17 2 -3
BITMAP
07F000
1FFC00
3FFE00
7FFF00
7FFF00
F3C380
EBDB80
FBD380
FBC380
FBCB80
FBDB80
E1C380
7FFF00
7FFF00
3FFE00
1FFC00
07F000
ENDCHAR
STARTCHAR 2780
ENCODING 10112
SWIDTH 1312 0
DWIDTH 21 0
BBX 17 17 2 -3
BITMAP
07F000
1C1C00
300600
600300
400100
C18180
C38180
808180
808180
C08180
C08180
C08180
400100
600300
300600
1C1C00
07F000
ENDCHAR
STARTCHAR 2781
ENCODING 10113
SWIDTH 1312 0
DWIDTH 21 0
BBX 17 17 2 -3
BITMAP
07F000
1C1C00
300600
600300
400100
C1C180
C22180
802180
80C180
C18180
C30180
C3E180
400100
600300
300600
1C1C00
07F000
ENDCHAR
STARTCHAR 2782
ENCODING 10114
SWIDTH 1312 0
DWIDTH 21 0
BBX 17 17 2 -3
BITMAP
07F000
1C1C00
300600
600300
400100
C3E180
C04180
808180
81E180
C02180
C22180
C1C180
400100
600300
300600
1C1C00
07F000
ENDCHAR
STARTCHAR 2783
ENCODING 10115
SWIDTH 1312 0
DWIDTH 21 0
BBX 17 17 2 -3
BITMAP
07F000
1C1C00
300600
600300
400100
C0C180
C0C180
81C180
814180
C24180
C3E180
C04180
400100
600300
300600
1C1C00
07F000
ENDCHAR
STARTCHAR 2784
ENCODING 10116
SWIDTH 1312 0
DWIDTH 21 0
BBX 17 17 2 -3
BITMAP
07F000
1C1C00
300600
600300
400100
C1E180
C10180
810180
81C180
C02180
C02180
C1C180
400100
600300
300600
1C1C00
07F000
ENDCHAR
STARTCHAR 2785
ENCODING 10117
SWIDTH 1312 0
DWIDTH 21 0
BBX 17 17 2 -3
BITMAP
07F000
1C1C00
300600
600300
400100
C1C180
C22180
820180
83E180
C22180
C22180
C1C180
400100
600300
300600
1C1C00
07F000
ENDCHAR
STARTCHAR 2786
ENCODING 10118
SWIDTH 1312 0
DWIDTH 21 0
BBX 17 17 2 -3
BITMAP
07F000
1C1C00
300600
600300
400100
C3E180
C06180
804180
804180
C0C180
C08180
C08180
400100
600300
300600
1C1C00
07F000
ENDCHAR
STARTCHAR 2787
ENCODING 10119
SWIDTH 1312 0
DWIDTH 21 0
BBX 17 17 2 -3
BITMAP
07F000
1C1C00
300600
600300
400100
C1C180
C32180
832180
81C180
C22180
C22180
C1E180
400100
600300
300600
1C1C00
07F000
ENDCHAR
STARTCHAR 2788
ENCODING 10120
SWIDTH 1312 0
DWIDTH 21 0
BBX 17 17 2 -3
BITMAP
07F000
1C1C00
300600
600300
400100
C1C180
C22180
822180
83E180
C02180
C22180
C1C180
400100
600300
300600
1C1C00
07F000
ENDCHAR
STARTCHAR 2789
ENCODING 10121
SWIDTH 1312 0
DWIDTH 21 0
BBX 17 17 2 -3
BITMAP
07F000
1C1C00
300600
600300
400100
CC3D80
DC2580
842D80
843D80
C43580
C42580
C43D80
400100
600300
300600
1C1C00
07F000
ENDCHAR
STARTCHAR 278A
ENCODING 10122
SWIDTH 1312 0
DWIDTH 21 0
BBX 17 17 2 -3
BITMAP
07F000
1FFC00
3FFE00
7FFF00
7FFF00
FE7F80
FE7F80
FF7F80
FF7F80
FF7F80
FF7F80
FF7F80
7FFF00
7FFF00
3FFE00
1FFC00
07F000
ENDCHAR
STARTCHAR 278B
ENCODING 10123
SWIDTH 1312 0
DWIDTH 21 0
BBX 17 17 2 -3
BITMAP
07F000
1FFC00
3FFE00
7FFF00
7FFF00
FE3F80
FCDF80
FF9F80
FF3F80
FE7F80
FCFF80
FC1F80
7FFF00
7FFF00
3FFE00
1FFC00
07F000
ENDCHAR
STARTCHAR 278C
ENCODING 10124
SWIDTH 1312 0
DWIDTH 21 0
BBX 17 17 2 -3
BITMAP
07F000
1FFC00
3FFE00
7FFF00
7FFF00
FC1F80
FFBF80
FF7F80
FE3F80
FF9F80
FFDF80
FCBF80
7FFF00
7FFF00
3FFE00
1FFC00
07F000
ENDCHAR
STARTCHAR 278D
ENCODING 10125
SWIDTH 1312 0
DWIDTH 21 0
BBX 17 17 2 -3
BITMAP
07F000
1FFC00
3FFE00
7FFF00
7FFF00
FF3F80
FF3F80
FE3F80
FEBF80
FDBF80
FC1F80
FFBF80
7FFF00
7FFF00
3FFE00
1FFC00
07F000
ENDCHAR
STARTCHAR 278E
ENCODING 10126
SWIDTH 1312 0
DWIDTH 21 0
BBX 17 17 2 -3
BITMAP
07F000
1FFC00
3FFE00
7FFF00
7FFF00
FC1F80
FCFF80
FCFF80
FC3F80
FFDF80
FFDF80
FE3F80
7FFF00
7FFF00
3FFE00
1FFC00
07F000
ENDCHAR
STARTCHAR 278F
ENCODING 10127
SWIDTH 1312 0
DWIDTH 21 0
BBX 17 17 2 -3
BITMAP
07F000
1FFC00
3FFF00
7FFF00
7FFF80
FE1F80
FCDF80
FCFF80
FC9F80
FCDF80
FCDF80
FE1F80
7FFF80
7FFF00
3FFF00
1FFC00
07F000
ENDCHAR
STARTCHAR 2790
ENCODING 10128
SWIDTH 1312 0
DWIDTH 21 0
BBX 17 17 2 -3
BITMAP
07F000
1FFC00
3FFE00
7FFF00
7FFF00
FC1F80
FF9F80
FFBF80
FF3F80
FF7F80
FF7F80
FE7F80
7FFF00
7FFF00
3FFE00
1FFC00
07F000
ENDCHAR
STARTCHAR 2791
ENCODING 10129
SWIDTH 1312 0
DWIDTH 21 0
BBX 17 17 2 -3
BITMAP
07F000
1FFC00
3FFE00
7FFF00
7FFF00
FE3F80
FC9F80
FC9F80
FE3F80
FC9F80
FDDF80
FE3F80
7FFF00
7FFF00
3FFE00
1FFC00
07F000
ENDCHAR
STARTCHAR 2792
ENCODING 10130
SWIDTH 1312 0
DWIDTH 21 0
BBX 17 17 2 -3
BITMAP
07F000
1FFC00
3FFE00
7FFF00
7FFF00
FE3F80
FD9F80
FD9F80
FC9F80
FF9F80
FD9F80
FE3F80
7FFF00
7FFF00
3FFE00
1FFC00
07F000
ENDCHAR
STARTCHAR 2793
ENCODING 10131
SWIDTH 1312 0
DWIDTH 21 0
BBX 17 17 2 -3
BITMAP
07F000
1FFC00
3FFE00
7FFF00
7FFF00
F3C380
EB9B80
FB9380
FB8380
FB8B80
FB9B80
FBC380
7FFF00
7FFF00
3FFE00
1FFC00
07F000
ENDCHAR
STARTCHAR 2794
ENCODING 10132
SWIDTH 1312 0
DWIDTH 21 0
BBX 19 8 1 1
BITMAP
000F00
000380
FFFFC0
FFFFE0
FFFFC0
000380
000700
000E00
ENDCHAR
STARTCHAR 279C
ENCODING 10140
SWIDTH 1312 0
DWIDTH 21 0
BBX 19 17 1 -3
BITMAP
006000
007800
007C00
003E00
001F00
000F80
0007C0
7FFFE0
FFFFE0
7FFFE0
0007C0
000F80
001F00
003E00
007C00
007800
007000
ENDCHAR
STARTCHAR 279D
ENCODING 10141
SWIDTH 1312 0
DWIDTH 21 0
BBX 19 7 1 1
BITMAP
000100
000180
0001C0
FFFFE0
0001C0
000180
000100
ENDCHAR
STARTCHAR 279E
ENCODING 10142
SWIDTH 1312 0
DWIDTH 21 0
BBX 19 7 1 1
BITMAP
000100
000180
FFFFC0
FFFFE0
FFFFC0
000180
000100
ENDCHAR
STARTCHAR 27A1
ENCODING 10145
SWIDTH 1312 0
DWIDTH 21 0
BBX 18 8 1 1
BITMAP
000400
000600
FFFF80
FFFFC0
FFFFC0
FFFF80
000600
000400
ENDCHAR
STARTCHAR 27A2
ENCODING 10146
SWIDTH 1312 0
DWIDTH 21 0
BBX 13 12 4 -1
BITMAP
8000
6000
7800
2E00
3380
10E0
1838
1FE0
1F80
3E00
3800
6000
ENDCHAR
STARTCHAR 27A3
ENCODING 10147
SWIDTH 1312 0
DWIDTH 21 0
BBX 13 12 4 -1
BITMAP
8000
6000
7800
3E00
3F80
1FE0
1FF8
10E0
1380
2E00
3800
6000
ENDCHAR
STARTCHAR 27A4
ENCODING 10148
SWIDTH 1312 0
DWIDTH 21 0
BBX 13 12 4 -1
BITMAP
8000
6000
7800
3E00
3F80
1FE0
1FF8
1FE0
1F80
3E00
3800
6000
ENDCHAR
STARTCHAR 27A5
ENCODING 10149
SWIDTH 1312 0
DWIDTH 21 0
BBX 19 8 1 1
BITMAP
800400
800600
FFFF80
FFFFC0
7FFFE0
7FFF80
000600
000400
ENDCHAR
STARTCHAR 27A6
ENCODING 10150
SWIDTH 1312 0
DWIDTH 21 0
BBX 19 8 1 1
BITMAP
000400
000600
7FFF80
7FFFC0
FFFFE0
FFFF80
800600
800400
ENDCHAR
STARTCHAR 27A7
ENCODING 10151
SWIDTH 1312 0
DWIDTH 21 0
BBX 7 14 7 -2
BITMAP
20
30
F0
F8
FC
FC
FE
FE
FC
F8
F8
F0
20
20
ENDCHAR
STARTCHAR 27B0
ENCODING 10160
SWIDTH 1312 0
DWIDTH 21 0
BBX 13 12 4 -1
BITMAP
FDF8
0700
0700
0D80
0880
0880
18C0
18C0
0880
0880
0D80
0700
ENDCHAR
STARTCHAR 27BF
ENCODING 10175
SWIDTH 1312 0
DWIDTH 21 0
BBX 11 12 5 -1
BITMAP
EEE0
3980
3180
3980
7BC0
6AC0
6EC0
6EC0
6AC0
6AC0
7BC0
3180
ENDCHAR
STARTCHAR 27C2
ENCODING 10178
SWIDTH 687 0
DWIDTH 11 0
BBX 8 11 1 0
BITMAP
18
18
18
18
18
18
18
18
18
FF
FF
ENDCHAR
STARTCHAR 27CA
ENCODING 10186
SWIDTH 687 0
DWIDTH 11 0
BBX 6 12 2 -1
BITMAP
30
30
30
30
30
FC
30
30
30
30
30
30
ENDCHAR
STARTCHAR 27CB
ENCODING 10187
SWIDTH 1312 0
DWIDTH 21 0
BBX 19 15 1 -2
BITMAP
000060
0001C0
000380
000700
000C00
001800
007000
00E000
01C000
038000
060000
0C0000
380000
700000
E00000
ENDCHAR
STARTCHAR 27CD
ENCODING 10189
SWIDTH 1312 0
DWIDTH 21 0
BBX 19 15 1 -2
BITMAP
C00000
700000
380000
1C0000
060000
030000
01C000
00E000
007000
001800
000C00
000600
000380
0001C0
0000E0
ENDCHAR
STARTCHAR 27D2
ENCODING 10194
SWIDTH 687 0
DWIDTH 11 0
BBX 8 12 1 -1
BITMAP
DB
DB
DB
DB
DB
DB
DB
DB
DB
5B
7E
1C
ENDCHAR
STARTCHAR 27D3
ENCODING 10195
SWIDTH 687 0
DWIDTH 11 0
BBX 9 8 1 1
BITMAP
0180
0180
1980
1980
0180
0180
0180
FF80
ENDCHAR
STARTCHAR 27D4
ENCODING 10196
SWIDTH 687 0
DWIDTH 11 0
BBX 8 8 1 1
BITMAP
FF
C0
C0
CC
CC
C0
C0
C0
ENDCHAR
STARTCHAR 27D5
ENCODING 10197
SWIDTH 687 0
DWIDTH 11 0
BBX 9 9 0 1
BITMAP
0080
E180
7380
5E80
4C80
5E80
7380
E180
0080
ENDCHAR
STARTCHAR 27D6
ENCODING 10198
SWIDTH 687 0
DWIDTH 11 0
BBX 9 9 1 1
BITMAP
8000
C380
E700
BD00
9900
BD00
E700
C380
8000
ENDCHAR
STARTCHAR 27D7
ENCODING 10199
SWIDTH 687 0
DWIDTH 11 0
BBX 10 8 0 1
BITMAP
E0C0
7180
7B80
6E80
6E80
7B80
7180
E0C0
ENDCHAR
STARTCHAR 27D8
ENCODING 10200
SWIDTH 1312 0
DWIDTH 21 0
BBX 15 16 3 -3
BITMAP
0180
0180
0180
0180
0180
0180
0180
0180
0180
0180
0180
0180
0180
0180
FFFE
FFFE
ENDCHAR
STARTCHAR 27D9
ENCODING 10201
SWIDTH 1312 0
DWIDTH 21 0
BBX 15 16 3 -2
BITMAP
FFFE
FFFE
0180
0180
0180
0180
0180
0180
0180
0180
0180
0180
0180
0180
0180
0180
ENDCHAR
STARTCHAR 27DA
ENCODING 10202
SWIDTH 687 0
DWIDTH 11 0
BBX 9 12 1 -1
BITMAP
1400
1400
1400
F780
F780
1400
1400
F780
F780
1400
1400
1400
ENDCHAR
STARTCHAR 27DB
ENCODING 10203
SWIDTH 687 0
DWIDTH 11 0
BBX 9 12 1 -1
BITMAP
1400
1400
1400
1400
1400
F780
F780
1400
1400
1400
1400
1400
ENDCHAR
STARTCHAR 27DC
ENCODING 10204
SWIDTH 687 0
DWIDTH 11 0
BBX 7 4 2 3
BITMAP
E0
BE
BE
E0
ENDCHAR
STARTCHAR 27DD
ENCODING 10205
SWIDTH 1312 0
DWIDTH 21 0
BBX 18 12 2 -1
BITMAP
C00000
C00000
C00000
C00000
C00000
FFFFC0
FFFFC0
C00000
C00000
C00000
C00000
C00000
ENDCHAR
STARTCHAR 27DE
ENCODING 10206
SWIDTH 1312 0
DWIDTH 21 0
BBX 18 12 2 -1
BITMAP
0000C0
0000C0
0000C0
0000C0
0000C0
FFFFC0
FFFFC0
0000C0
0000C0
0000C0
0000C0
0000C0
ENDCHAR
STARTCHAR 27DF
ENCODING 10207
SWIDTH 687 0
DWIDTH 11 0
BBX 7 15 2 -1
BITMAP
38
4C
44
44
7C
30
30
30
30
30
30
30
30
FE
FE
ENDCHAR
STARTCHAR 27E0
ENCODING 10208
SWIDTH 1312 0
DWIDTH 21 0
BBX 9 12 6 -1
BITMAP
0800
1C00
1600
2200
6300
FF80
6300
2200
3600
1C00
0800
0800
ENDCHAR
STARTCHAR 27E1
ENCODING 10209
SWIDTH 1312 0
DWIDTH 21 0
BBX 11 12 5 0
BITMAP
0400
0400
0A00
1B00
3180
C060
3180
1B00
0A00
0400
0400
0400
ENDCHAR
STARTCHAR 27E6
ENCODING 10214
SWIDTH 687 0
DWIDTH 11 0
BBX 5 15 3 -2
BITMAP
F8
F8
A0
A0
A0
A0
A0
A0
A0
A0
A0
A0
A0
F8
F8
ENDCHAR
STARTCHAR 27E7
ENCODING 10215
SWIDTH 687 0
DWIDTH 11 0
BBX 6 15 2 -2
BITMAP
FC
FC
14
14
14
14
14
14
14
14
14
14
14
FC
FC
ENDCHAR
STARTCHAR 27E8
ENCODING 10216
SWIDTH 687 0
DWIDTH 11 0
BBX 7 15 2 -2
BITMAP
06
0C
0C
18
38
30
60
E0
60
30
30
18
0C
0C
06
ENDCHAR
STARTCHAR 27E9
ENCODING 10217
SWIDTH 687 0
DWIDTH 11 0
BBX 6 15 2 -2
BITMAP
C0
C0
60
60
30
18
18
0C
18
18
30
70
60
C0
C0
ENDCHAR
STARTCHAR 27EA
ENCODING 10218
SWIDTH 687 0
DWIDTH 11 0
BBX 8 15 1 -2
BITMAP
1B
13
36
36
64
6C
4C
D8
48
6C
64
36
36
13
1B
ENDCHAR
STARTCHAR 27EB
ENCODING 10219
SWIDTH 687 0
DWIDTH 11 0
BBX 7 15 2 -2
BITMAP
90
D8
D8
6C
6C
24
36
32
36
26
6C
6C
C8
D8
90
ENDCHAR
STARTCHAR 27EE
ENCODING 10222
SWIDTH 687 0
DWIDTH 11 0
BBX 6 17 2 -3
BITMAP
0C
3C
70
E0
C0
C0
C0
C0
C0
C0
C0
C0
C0
E0
70
3C
1C
ENDCHAR
STARTCHAR 27EF
ENCODING 10223
SWIDTH 687 0
DWIDTH 11 0
BBX 6 17 3 -3
BITMAP
C0
F0
38
1C
0C
0C
0C
0C
0C
0C
0C
0C
0C
1C
38
F0
E0
ENDCHAR
STARTCHAR 27F0
ENCODING 10224
SWIDTH 1312 0
DWIDTH 21 0
BBX 9 19 6 -4
BITMAP
0800
1C00
3600
7700
F580
B580
3500
3500
3500
3500
3500
3500
3500
3500
3500
3500
3500
3500
2500
ENDCHAR
STARTCHAR 27F1
ENCODING 10225
SWIDTH 1312 0
DWIDTH 21 0
BBX 9 19 6 -4
BITMAP
2500
3500
3500
3500
3500
3500
3500
3500
3500
3500
3500
3500
3500
B500
F580
7500
3600
1C00
0800
ENDCHAR
STARTCHAR 27F2
ENCODING 10226
SWIDTH 1312 0
DWIDTH 21 0
BBX 17 15 1 -2
BITMAP
03F800
0FFE00
1C0700
180300
300180
B40180
FC0180
780180
300180
000180
300180
180300
1C0700
0FFE00
03F800
ENDCHAR
STARTCHAR 27F3
ENCODING 10227
SWIDTH 1312 0
DWIDTH 21 0
BBX 17 15 3 -2
BITMAP
0FE000
3FF800
701C00
600C00
C00600
C01680
C01F80
C00F00
C00600
C00000
C00600
600C00
701C00
3FF800
0FE000
ENDCHAR
STARTCHAR 27F4
ENCODING 10228
SWIDTH 1312 0
DWIDTH 21 0
BBX 19 9 1 1
BITMAP
000600
03C300
076180
0D20C0
FFFFE0
0D20C0
056180
03C300
000600
ENDCHAR
STARTCHAR 27F5
ENCODING 10229
SWIDTH 1312 0
DWIDTH 21 0
BBX 19 9 1 0
BITMAP
0C0000
180000
300000
600000
FFFFE0
7FFFE0
300000
180000
0C0000
ENDCHAR
STARTCHAR 27F6
ENCODING 10230
SWIDTH 1312 0
DWIDTH 21 0
BBX 19 9 1 0
BITMAP
000600
000300
000180
0000C0
FFFFE0
FFFFC0
000080
000300
000600
ENDCHAR
STARTCHAR 27F7
ENCODING 10231
SWIDTH 1312 0
DWIDTH 21 0
BBX 19 9 1 0
BITMAP
0C0600
180300
300180
6000C0
FFFFE0
7FFFC0
300080
180300
0C0600
ENDCHAR
STARTCHAR 27F8
ENCODING 10232
SWIDTH 1312 0
DWIDTH 21 0
BBX 19 9 1 0
BITMAP
0C0000
180000
3FFFE0
7FFFE0
C00000
600000
3FFFE0
1FFFE0
0C0000
ENDCHAR
STARTCHAR 27F9
ENCODING 10233
SWIDTH 1312 0
DWIDTH 21 0
BBX 19 9 1 0
BITMAP
000600
000300
FFFF80
FFFFC0
000060
000040
FFFF80
FFFF00
000600
ENDCHAR
STARTCHAR 27FA
ENCODING 10234
SWIDTH 1312 0
DWIDTH 21 0
BBX 19 9 1 0
BITMAP
0C0600
180300
3FFF80
7FFFC0
C00060
600040
3FFF80
1FFF00
0C0600
ENDCHAR
STARTCHAR 27FB
ENCODING 10235
SWIDTH 1312 0
DWIDTH 21 0
BBX 18 10 2 0
BITMAP
0800C0
1000C0
2000C0
4000C0
FFFFC0
FFFFC0
4000C0
2000C0
1000C0
0800C0
ENDCHAR
STARTCHAR 27FC
ENCODING 10236
SWIDTH 1312 0
DWIDTH 21 0
BBX 19 10 1 0
BITMAP
C00400
C00200
C00180
C000C0
FFFFE0
FFFFC0
C00080
C00100
C00200
C00400
ENDCHAR
STARTCHAR 27FD
ENCODING 10237
SWIDTH 1312 0
DWIDTH 21 0
BBX 18 10 2 0
BITMAP
0800C0
1000C0
3FFFC0
7FFFC0
8000C0
8000C0
7FFFC0
3FFFC0
1000C0
0800C0
ENDCHAR
STARTCHAR 27FE
ENCODING 10238
SWIDTH 1312 0
DWIDTH 21 0
BBX 18 10 1 0
BITMAP
C00400
C00200
FFFF00
FFFF80
C00040
C00040
FFFF80
FFFF00
C00200
C00400
ENDCHAR
STARTCHAR 27FF
ENCODING 10239
SWIDTH 1312 0
DWIDTH 21 0
BBX 19 9 1 0
BITMAP
000600
000300
044180
044CC0
EAAFE0
FB33C0
111080
000300
000600
ENDCHAR
STARTCHAR 2800
ENCODING 10240
SWIDTH 687 0
DWIDTH 11 0
BBX 0 0 0 0
BITMAP
ENDCHAR
STARTCHAR 2801
ENCODING 10241
SWIDTH 687 0
DWIDTH 11 0
BBX 3 3 1 11
BITMAP
E0
E0
60
ENDCHAR
STARTCHAR 2802
ENCODING 10242
SWIDTH 687 0
DWIDTH 11 0
BBX 3 3 1 6
BITMAP
E0
E0
60
ENDCHAR
STARTCHAR 2803
ENCODING 10243
SWIDTH 687 0
DWIDTH 11 0
BBX 3 8 1 6
BITMAP
E0
E0
60
00
00
E0
E0
60
ENDCHAR
STARTCHAR 2804
ENCODING 10244
SWIDTH 687 0
DWIDTH 11 0
BBX 3 3 1 2
BITMAP
60
E0
E0
ENDCHAR
STARTCHAR 2805
ENCODING 10245
SWIDTH 687 0
DWIDTH 11 0
BBX 3 12 1 2
BITMAP
E0
E0
60
00
00
00
00
00
00
60
E0
E0
ENDCHAR
STARTCHAR 2806
ENCODING 10246
SWIDTH 687 0
DWIDTH 11 0
BBX 3 7 1 2
BITMAP
E0
E0
60
00
60
E0
E0
ENDCHAR
STARTCHAR 2807
ENCODING 10247
SWIDTH 687 0
DWIDTH 11 0
BBX 3 12 1 2
BITMAP
E0
E0
60
00
00
E0
E0
60
00
60
E0
E0
ENDCHAR
STARTCHAR 2808
ENCODING 10248
SWIDTH 687 0
DWIDTH 11 0
BBX 3 3 6 11
BITMAP
E0
E0
60
ENDCHAR
STARTCHAR 2809
ENCODING 10249
SWIDTH 687 0
DWIDTH 11 0
BBX 8 3 1 11
BITMAP
E7
E7
63
ENDCHAR
STARTCHAR 280A
ENCODING 10250
SWIDTH 687 0
DWIDTH 11 0
BBX 8 8 1 6
BITMAP
07
07
03
00
00
E0
E0
60
ENDCHAR
STARTCHAR 280B
ENCODING 10251
SWIDTH 687 0
DWIDTH 11 0
BBX 8 8 1 6
BITMAP
E7
E7
63
00
00
E0
E0
60
ENDCHAR
STARTCHAR 280C
ENCODING 10252
SWIDTH 687 0
DWIDTH 11 0
BBX 8 12 1 2
BITMAP
07
07
03
00
00
00
00
00
00
60
E0
E0
ENDCHAR
STARTCHAR 280D
ENCODING 10253
SWIDTH 687 0
DWIDTH 11 0
BBX 8 12 1 2
BITMAP
E7
E7
63
00
00
00
00
00
00
60
E0
E0
ENDCHAR
STARTCHAR 280E
ENCODING 10254
SWIDTH 687 0
DWIDTH 11 0
BBX 8 12 1 2
BITMAP
07
07
03
00
00
E0
E0
60
00
60
E0
E0
ENDCHAR
STARTCHAR 280F
ENCODING 10255
SWIDTH 687 0
DWIDTH 11 0
BBX 8 12 1 2
BITMAP
E7
E7
63
00
00
E0
E0
60
00
60
E0
E0
ENDCHAR
STARTCHAR 2810
ENCODING 10256
SWIDTH 687 0
DWIDTH 11 0
BBX 3 3 6 6
BITMAP
E0
E0
60
ENDCHAR
STARTCHAR 2811
ENCODING 10257
SWIDTH 687 0
DWIDTH 11 0
BBX 8 8 1 6
BITMAP
E0
E0
60
00
00
07
07
03
ENDCHAR
STARTCHAR 2812
ENCODING 10258
SWIDTH 687 0
DWIDTH 11 0
BBX 8 3 1 6
BITMAP
E7
E7
63
ENDCHAR
STARTCHAR 2813
ENCODING 10259
SWIDTH 687 0
DWIDTH 11 0
BBX 8 8 1 6
BITMAP
E0
E0
60
00
00
E7
E7
63
ENDCHAR
STARTCHAR 2814
ENCODING 10260
SWIDTH 687 0
DWIDTH 11 0
BBX 8 7 1 2
BITMAP
07
07
03
00
60
E0
E0
ENDCHAR
STARTCHAR 2815
ENCODING 10261
SWIDTH 687 0
DWIDTH 11 0
BBX 8 12 1 2
BITMAP
E0
E0
60
00
00
07
07
03
00
60
E0
E0
ENDCHAR
STARTCHAR 2816
ENCODING 10262
SWIDTH 687 0
DWIDTH 11 0
BBX 8 7 1 2
BITMAP
E7
E7
63
00
60
E0
E0
ENDCHAR
STARTCHAR 2817
ENCODING 10263
SWIDTH 687 0
DWIDTH 11 0
BBX 8 12 1 2
BITMAP
E0
E0
60
00
00
E7
E7
63
00
60
E0
E0
ENDCHAR
STARTCHAR 2818
ENCODING 10264
SWIDTH 687 0
DWIDTH 11 0
BBX 3 8 6 6
BITMAP
E0
E0
60
00
00
E0
E0
60
ENDCHAR
STARTCHAR 2819
ENCODING 10265
SWIDTH 687 0
DWIDTH 11 0
BBX 8 8 1 6
BITMAP
E7
E7
63
00
00
07
07
03
ENDCHAR
STARTCHAR 281A
ENCODING 10266
SWIDTH 687 0
DWIDTH 11 0
BBX 8 8 1 6
BITMAP
07
07
03
00
00
E7
E7
63
ENDCHAR
STARTCHAR 281B
ENCODING 10267
SWIDTH 687 0
DWIDTH 11 0
BBX 8 8 1 6
BITMAP
E7
E7
63
00
00
E7
E7
63
ENDCHAR
STARTCHAR 281C
ENCODING 10268
SWIDTH 687 0
DWIDTH 11 0
BBX 8 12 1 2
BITMAP
07
07
03
00
00
07
07
03
00
60
E0
E0
ENDCHAR
STARTCHAR 281D
ENCODING 10269
SWIDTH 687 0
DWIDTH 11 0
BBX 8 12 1 2
BITMAP
E7
E7
63
00
00
07
07
03
00
60
E0
E0
ENDCHAR
STARTCHAR 281E
ENCODING 10270
SWIDTH 687 0
DWIDTH 11 0
BBX 8 12 1 2
BITMAP
07
07
03
00
00
E7
E7
63
00
60
E0
E0
ENDCHAR
STARTCHAR 281F
ENCODING 10271
SWIDTH 687 0
DWIDTH 11 0
BBX 8 12 1 2
BITMAP
E7
E7
63
00
00
E7
E7
63
00
60
E0
E0
ENDCHAR
STARTCHAR 2820
ENCODING 10272
SWIDTH 687 0
DWIDTH 11 0
BBX 3 3 6 2
BITMAP
60
E0
E0
ENDCHAR
STARTCHAR 2821
ENCODING 10273
SWIDTH 687 0
DWIDTH 11 0
BBX 8 12 1 2
BITMAP
E0
E0
60
00
00
00
00
00
00
03
07
07
ENDCHAR
STARTCHAR 2822
ENCODING 10274
SWIDTH 687 0
DWIDTH 11 0
BBX 8 7 1 2
BITMAP
E0
E0
60
00
03
07
07
ENDCHAR
STARTCHAR 2823
ENCODING 10275
SWIDTH 687 0
DWIDTH 11 0
BBX 8 12 1 2
BITMAP
E0
E0
60
00
00
E0
E0
60
00
03
07
07
ENDCHAR
STARTCHAR 2824
ENCODING 10276
SWIDTH 687 0
DWIDTH 11 0
BBX 8 3 1 2
BITMAP
63
E7
E7
ENDCHAR
STARTCHAR 2825
ENCODING 10277
SWIDTH 687 0
DWIDTH 11 0
BBX 8 12 1 2
BITMAP
E0
E0
60
00
00
00
00
00
00
63
E7
E7
ENDCHAR
STARTCHAR 2826
ENCODING 10278
SWIDTH 687 0
DWIDTH 11 0
BBX 8 7 1 2
BITMAP
E0
E0
60
00
63
E7
E7
ENDCHAR
STARTCHAR 2827
ENCODING 10279
SWIDTH 687 0
DWIDTH 11 0
BBX 8 12 1 2
BITMAP
E0
E0
60
00
00
E0
E0
60
00
63
E7
E7
ENDCHAR
STARTCHAR 2828
ENCODING 10280
SWIDTH 687 0
DWIDTH 11 0
BBX 3 12 6 2
BITMAP
E0
E0
60
00
00
00
00
00
00
60
E0
E0
ENDCHAR
STARTCHAR 2829
ENCODING 10281
SWIDTH 687 0
DWIDTH 11 0
BBX 8 12 1 2
BITMAP
E7
E7
63
00
00
00
00
00
00
03
07
07
ENDCHAR
STARTCHAR 282A
ENCODING 10282
SWIDTH 687 0
DWIDTH 11 0
BBX 8 12 1 2
BITMAP
07
07
03
00
00
E0
E0
60
00
03
07
07
ENDCHAR
STARTCHAR 282B
ENCODING 10283
SWIDTH 687 0
DWIDTH 11 0
BBX 8 12 1 2
BITMAP
E7
E7
63
00
00
E0
E0
60
00
03
07
07
ENDCHAR
STARTCHAR 282C
ENCODING 10284
SWIDTH 687 0
DWIDTH 11 0
BBX 8 12 1 2
BITMAP
07
07
03
00
00
00
00
00
00
63
E7
E7
ENDCHAR
STARTCHAR 282D
ENCODING 10285
SWIDTH 687 0
DWIDTH 11 0
BBX 8 12 1 2
BITMAP
E7
E7
63
00
00
00
00
00
00
63
E7
E7
ENDCHAR
STARTCHAR 282E
ENCODING 10286
SWIDTH 687 0
DWIDTH 11 0
BBX 8 12 1 2
BITMAP
07
07
03
00
00
E0
E0
60
00
63
E7
E7
ENDCHAR
STARTCHAR 282F
ENCODING 10287
SWIDTH 687 0
DWIDTH 11 0
BBX 8 12 1 2
BITMAP
E7
E7
63
00
00
E0
E0
60
00
63
E7
E7
ENDCHAR
STARTCHAR 2830
ENCODING 10288
SWIDTH 687 0
DWIDTH 11 0
BBX 3 7 6 2
BITMAP
E0
E0
60
00
60
E0
E0
ENDCHAR
STARTCHAR 2831
ENCODING 10289
SWIDTH 687 0
DWIDTH 11 0
BBX 8 12 1 2
BITMAP
E0
E0
60
00
00
07
07
03
00
03
07
07
ENDCHAR
STARTCHAR 2832
ENCODING 10290
SWIDTH 687 0
DWIDTH 11 0
BBX 8 7 1 2
BITMAP
E7
E7
63
00
03
07
07
ENDCHAR
STARTCHAR 2833
ENCODING 10291
SWIDTH 687 0
DWIDTH 11 0
BBX 8 12 1 2
BITMAP
E0
E0
60
00
00
E7
E7
63
00
03
07
07
ENDCHAR
STARTCHAR 2834
ENCODING 10292
SWIDTH 687 0
DWIDTH 11 0
BBX 8 7 1 2
BITMAP
07
07
03
00
63
E7
E7
ENDCHAR
STARTCHAR 2835
ENCODING 10293
SWIDTH 687 0
DWIDTH 11 0
BBX 8 12 1 2
BITMAP
E0
E0
60
00
00
07
07
03
00
63
E7
E7
ENDCHAR
STARTCHAR 2836
ENCODING 10294
SWIDTH 687 0
DWIDTH 11 0
BBX 8 7 1 2
BITMAP
E7
E7
63
00
63
E7
E7
ENDCHAR
STARTCHAR 2837
ENCODING 10295
SWIDTH 687 0
DWIDTH 11 0
BBX 8 12 1 2
BITMAP
E0
E0
60
00
00
E7
E7
63
00
63
E7
E7
ENDCHAR
STARTCHAR 2838
ENCODING 10296
SWIDTH 687 0
DWIDTH 11 0
BBX 3 12 6 2
BITMAP
E0
E0
60
00
00
E0
E0
60
00
60
E0
E0
ENDCHAR
STARTCHAR 2839
ENCODING 10297
SWIDTH 687 0
DWIDTH 11 0
BBX 8 12 1 2
BITMAP
E7
E7
63
00
00
07
07
03
00
03
07
07
ENDCHAR
STARTCHAR 283A
ENCODING 10298
SWIDTH 687 0
DWIDTH 11 0
BBX 8 12 1 2
BITMAP
07
07
03
00
00
E7
E7
63
00
03
07
07
ENDCHAR
STARTCHAR 283B
ENCODING 10299
SWIDTH 687 0
DWIDTH 11 0
BBX 8 12 1 2
BITMAP
E7
E7
63
00
00
E7
E7
63
00
03
07
07
ENDCHAR
STARTCHAR 283C
ENCODING 10300
SWIDTH 687 0
DWIDTH 11 0
BBX 8 12 1 2
BITMAP
07
07
03
00
00
07
07
03
00
63
E7
E7
ENDCHAR
STARTCHAR 283D
ENCODING 10301
SWIDTH 687 0
DWIDTH 11 0
BBX 8 12 1 2
BITMAP
E7
E7
63
00
00
07
07
03
00
63
E7
E7
ENDCHAR
STARTCHAR 283E
ENCODING 10302
SWIDTH 687 0
DWIDTH 11 0
BBX 8 12 1 2
BITMAP
07
07
03
00
00
E7
E7
63
00
63
E7
E7
ENDCHAR
STARTCHAR 283F
ENCODING 10303
SWIDTH 687 0
DWIDTH 11 0
BBX 8 12 1 2
BITMAP
E7
E7
63
00
00
E7
E7
63
00
63
E7
E7
ENDCHAR
STARTCHAR 2840
ENCODING 10304
SWIDTH 687 0
DWIDTH 11 0
BBX 3 3 1 -3
BITMAP
60
E0
E0
ENDCHAR
STARTCHAR 2841
ENCODING 10305
SWIDTH 687 0
DWIDTH 11 0
BBX 3 17 1 -3
BITMAP
E0
E0
60
00
00
00
00
00
00
00
00
00
00
00
60
E0
E0
ENDCHAR
STARTCHAR 2842
ENCODING 10306
SWIDTH 687 0
DWIDTH 11 0
BBX 3 12 1 -3
BITMAP
E0
E0
60
00
00
00
00
00
00
60
E0
E0
ENDCHAR
STARTCHAR 2843
ENCODING 10307
SWIDTH 687 0
DWIDTH 11 0
BBX 3 17 1 -3
BITMAP
E0
E0
60
00
00
E0
E0
60
00
00
00
00
00
00
60
E0
E0
ENDCHAR
STARTCHAR 2844
ENCODING 10308
SWIDTH 687 0
DWIDTH 11 0
BBX 3 8 1 -3
BITMAP
60
E0
E0
00
00
60
E0
E0
ENDCHAR
STARTCHAR 2845
ENCODING 10309
SWIDTH 687 0
DWIDTH 11 0
BBX 3 17 1 -3
BITMAP
E0
E0
60
00
00
00
00
00
00
60
E0
E0
00
00
60
E0
E0
ENDCHAR
STARTCHAR 2846
ENCODING 10310
SWIDTH 687 0
DWIDTH 11 0
BBX 3 12 1 -3
BITMAP
E0
E0
60
00
60
E0
E0
00
00
60
E0
E0
ENDCHAR
STARTCHAR 2847
ENCODING 10311
SWIDTH 687 0
DWIDTH 11 0
BBX 3 17 1 -3
BITMAP
E0
E0
60
00
00
E0
E0
60
00
60
E0
E0
00
00
60
E0
E0
ENDCHAR
STARTCHAR 2848
ENCODING 10312
SWIDTH 687 0
DWIDTH 11 0
BBX 8 17 1 -3
BITMAP
07
07
03
00
00
00
00
00
00
00
00
00
00
00
60
E0
E0
ENDCHAR
STARTCHAR 2849
ENCODING 10313
SWIDTH 687 0
DWIDTH 11 0
BBX 8 17 1 -3
BITMAP
E7
E7
63
00
00
00
00
00
00
00
00
00
00
00
60
E0
E0
ENDCHAR
STARTCHAR 284A
ENCODING 10314
SWIDTH 687 0
DWIDTH 11 0
BBX 8 17 1 -3
BITMAP
07
07
03
00
00
E0
E0
60
00
00
00
00
00
00
60
E0
E0
ENDCHAR
STARTCHAR 284B
ENCODING 10315
SWIDTH 687 0
DWIDTH 11 0
BBX 8 17 1 -3
BITMAP
E7
E7
63
00
00
E0
E0
60
00
00
00
00
00
00
60
E0
E0
ENDCHAR
STARTCHAR 284C
ENCODING 10316
SWIDTH 687 0
DWIDTH 11 0
BBX 8 17 1 -3
BITMAP
07
07
03
00
00
00
00
00
00
60
E0
E0
00
00
60
E0
E0
ENDCHAR
STARTCHAR 284D
ENCODING 10317
SWIDTH 687 0
DWIDTH 11 0
BBX 8 17 1 -3
BITMAP
E7
E7
63
00
00
00
00
00
00
60
E0
E0
00
00
60
E0
E0
ENDCHAR
STARTCHAR 284E
ENCODING 10318
SWIDTH 687 0
DWIDTH 11 0
BBX 8 17 1 -3
BITMAP
07
07
03
00
00
E0
E0
60
00
60
E0
E0
00
00
60
E0
E0
ENDCHAR
STARTCHAR 284F
ENCODING 10319
SWIDTH 687 0
DWIDTH 11 0
BBX 8 17 1 -3
BITMAP
E7
E7
63
00
00
E0
E0
60
00
60
E0
E0
00
00
60
E0
E0
ENDCHAR
STARTCHAR 2850
ENCODING 10320
SWIDTH 687 0
DWIDTH 11 0
BBX 8 12 1 -3
BITMAP
07
07
03
00
00
00
00
00
00
60
E0
E0
ENDCHAR
STARTCHAR 2851
ENCODING 10321
SWIDTH 687 0
DWIDTH 11 0
BBX 8 17 1 -3
BITMAP
E0
E0
60
00
00
07
07
03
00
00
00
00
00
00
60
E0
E0
ENDCHAR
STARTCHAR 2852
ENCODING 10322
SWIDTH 687 0
DWIDTH 11 0
BBX 8 12 1 -3
BITMAP
E7
E7
63
00
00
00
00
00
00
60
E0
E0
ENDCHAR
STARTCHAR 2853
ENCODING 10323
SWIDTH 687 0
DWIDTH 11 0
BBX 8 17 1 -3
BITMAP
E0
E0
60
00
00
E7
E7
63
00
00
00
00
00
00
60
E0
E0
ENDCHAR
STARTCHAR 2854
ENCODING 10324
SWIDTH 687 0
DWIDTH 11 0
BBX 8 12 1 -3
BITMAP
07
07
03
00
60
E0
E0
00
00
60
E0
E0
ENDCHAR
STARTCHAR 2855
ENCODING 10325
SWIDTH 687 0
DWIDTH 11 0
BBX 8 17 1 -3
BITMAP
E0
E0
60
00
00
07
07
03
00
60
E0
E0
00
00
60
E0
E0
ENDCHAR
STARTCHAR 2856
ENCODING 10326
SWIDTH 687 0
DWIDTH 11 0
BBX 8 12 1 -3
BITMAP
E7
E7
63
00
60
E0
E0
00
00
60
E0
E0
ENDCHAR
STARTCHAR 2857
ENCODING 10327
SWIDTH 687 0
DWIDTH 11 0
BBX 8 17 1 -3
BITMAP
E0
E0
60
00
00
E7
E7
63
00
60
E0
E0
00
00
60
E0
E0
ENDCHAR
STARTCHAR 2858
ENCODING 10328
SWIDTH 687 0
DWIDTH 11 0
BBX 8 17 1 -3
BITMAP
07
07
03
00
00
07
07
03
00
00
00
00
00
00
60
E0
E0
ENDCHAR
STARTCHAR 2859
ENCODING 10329
SWIDTH 687 0
DWIDTH 11 0
BBX 8 17 1 -3
BITMAP
E7
E7
63
00
00
07
07
03
00
00
00
00
00
00
60
E0
E0
ENDCHAR
STARTCHAR 285A
ENCODING 10330
SWIDTH 687 0
DWIDTH 11 0
BBX 8 17 1 -3
BITMAP
07
07
03
00
00
E7
E7
63
00
00
00
00
00
00
60
E0
E0
ENDCHAR
STARTCHAR 285B
ENCODING 10331
SWIDTH 687 0
DWIDTH 11 0
BBX 8 17 1 -3
BITMAP
E7
E7
63
00
00
E7
E7
63
00
00
00
00
00
00
60
E0
E0
ENDCHAR
STARTCHAR 285C
ENCODING 10332
SWIDTH 687 0
DWIDTH 11 0
BBX 8 17 1 -3
BITMAP
07
07
03
00
00
07
07
03
00
60
E0
E0
00
00
60
E0
E0
ENDCHAR
STARTCHAR 285D
ENCODING 10333
SWIDTH 687 0
DWIDTH 11 0
BBX 8 17 1 -3
BITMAP
E7
E7
63
00
00
07
07
03
00
60
E0
E0
00
00
60
E0
E0
ENDCHAR
STARTCHAR 285E
ENCODING 10334
SWIDTH 687 0
DWIDTH 11 0
BBX 8 17 1 -3
BITMAP
07
07
03
00
00
E7
E7
63
00
60
E0
E0
00
00
60
E0
E0
ENDCHAR
STARTCHAR 285F
ENCODING 10335
SWIDTH 687 0
DWIDTH 11 0
BBX 8 17 1 -3
BITMAP
E7
E7
63
00
00
E7
E7
63
00
60
E0
E0
00
00
60
E0
E0
ENDCHAR
STARTCHAR 2860
ENCODING 10336
SWIDTH 687 0
DWIDTH 11 0
BBX 8 8 1 -3
BITMAP
03
07
07
00
00
60
E0
E0
ENDCHAR
STARTCHAR 2861
ENCODING 10337
SWIDTH 687 0
DWIDTH 11 0
BBX 8 17 1 -3
BITMAP
E0
E0
60
00
00
00
00
00
00
03
07
07
00
00
60
E0
E0
ENDCHAR
STARTCHAR 2862
ENCODING 10338
SWIDTH 687 0
DWIDTH 11 0
BBX 8 12 1 -3
BITMAP
E0
E0
60
00
03
07
07
00
00
60
E0
E0
ENDCHAR
STARTCHAR 2863
ENCODING 10339
SWIDTH 687 0
DWIDTH 11 0
BBX 8 17 1 -3
BITMAP
E0
E0
60
00
00
E0
E0
60
00
03
07
07
00
00
60
E0
E0
ENDCHAR
STARTCHAR 2864
ENCODING 10340
SWIDTH 687 0
DWIDTH 11 0
BBX 8 8 1 -3
BITMAP
63
E7
E7
00
00
60
E0
E0
ENDCHAR
STARTCHAR 2865
ENCODING 10341
SWIDTH 687 0
DWIDTH 11 0
BBX 8 17 1 -3
BITMAP
E0
E0
60
00
00
00
00
00
00
63
E7
E7
00
00
60
E0
E0
ENDCHAR
STARTCHAR 2866
ENCODING 10342
SWIDTH 687 0
DWIDTH 11 0
BBX 8 12 1 -3
BITMAP
E0
E0
60
00
63
E7
E7
00
00
60
E0
E0
ENDCHAR
STARTCHAR 2867
ENCODING 10343
SWIDTH 687 0
DWIDTH 11 0
BBX 8 17 1 -3
BITMAP
E0
E0
60
00
00
E0
E0
60
00
63
E7
E7
00
00
60
E0
E0
ENDCHAR
STARTCHAR 2868
ENCODING 10344
SWIDTH 687 0
DWIDTH 11 0
BBX 8 17 1 -3
BITMAP
07
07
03
00
00
00
00
00
00
03
07
07
00
00
60
E0
E0
ENDCHAR
STARTCHAR 2869
ENCODING 10345
SWIDTH 687 0
DWIDTH 11 0
BBX 8 17 1 -3
BITMAP
E7
E7
63
00
00
00
00
00
00
03
07
07
00
00
60
E0
E0
ENDCHAR
STARTCHAR 286A
ENCODING 10346
SWIDTH 687 0
DWIDTH 11 0
BBX 8 17 1 -3
BITMAP
07
07
03
00
00
E0
E0
60
00
03
07
07
00
00
60
E0
E0
ENDCHAR
STARTCHAR 286B
ENCODING 10347
SWIDTH 687 0
DWIDTH 11 0
BBX 8 17 1 -3
BITMAP
E7
E7
63
00
00
E0
E0
60
00
03
07
07
00
00
60
E0
E0
ENDCHAR
STARTCHAR 286C
ENCODING 10348
SWIDTH 687 0
DWIDTH 11 0
BBX 8 17 1 -3
BITMAP
07
07
03
00
00
00
00
00
00
63
E7
E7
00
00
60
E0
E0
ENDCHAR
STARTCHAR 286D
ENCODING 10349
SWIDTH 687 0
DWIDTH 11 0
BBX 8 17 1 -3
BITMAP
E7
E7
63
00
00
00
00
00
00
63
E7
E7
00
00
60
E0
E0
ENDCHAR
STARTCHAR 286E
ENCODING 10350
SWIDTH 687 0
DWIDTH 11 0
BBX 8 17 1 -3
BITMAP
07
07
03
00
00
E0
E0
60
00
63
E7
E7
00
00
60
E0
E0
ENDCHAR
STARTCHAR 286F
ENCODING 10351
SWIDTH 687 0
DWIDTH 11 0
BBX 8 17 1 -3
BITMAP
E7
E7
63
00
00
E0
E0
60
00
63
E7
E7
00
00
60
E0
E0
ENDCHAR
STARTCHAR 2870
ENCODING 10352
SWIDTH 687 0
DWIDTH 11 0
BBX 8 12 1 -3
BITMAP
07
07
03
00
03
07
07
00
00
60
E0
E0
ENDCHAR
STARTCHAR 2871
ENCODING 10353
SWIDTH 687 0
DWIDTH 11 0
BBX 8 17 1 -3
BITMAP
E0
E0
60
00
00
07
07
03
00
03
07
07
00
00
60
E0
E0
ENDCHAR
STARTCHAR 2872
ENCODING 10354
SWIDTH 687 0
DWIDTH 11 0
BBX 8 12 1 -3
BITMAP
E7
E7
63
00
03
07
07
00
00
60
E0
E0
ENDCHAR
STARTCHAR 2873
ENCODING 10355
SWIDTH 687 0
DWIDTH 11 0
BBX 8 17 1 -3
BITMAP
E0
E0
60
00
00
E7
E7
63
00
03
07
07
00
00
60
E0
E0
ENDCHAR
STARTCHAR 2874
ENCODING 10356
SWIDTH 687 0
DWIDTH 11 0
BBX 8 12 1 -3
BITMAP
07
07
03
00
63
E7
E7
00
00
60
E0
E0
ENDCHAR
STARTCHAR 2875
ENCODING 10357
SWIDTH 687 0
DWIDTH 11 0
BBX 8 17 1 -3
BITMAP
E0
E0
60
00
00
07
07
03
00
63
E7
E7
00
00
60
E0
E0
ENDCHAR
STARTCHAR 2876
ENCODING 10358
SWIDTH 687 0
DWIDTH 11 0
BBX 8 12 1 -3
BITMAP
E7
E7
63
00
63
E7
E7
00
00
60
E0
E0
ENDCHAR
STARTCHAR 2877
ENCODING 10359
SWIDTH 687 0
DWIDTH 11 0
BBX 8 17 1 -3
BITMAP
E0
E0
60
00
00
E7
E7
63
00
63
E7
E7
00
00
60
E0
E0
ENDCHAR
STARTCHAR 2878
ENCODING 10360
SWIDTH 687 0
DWIDTH 11 0
BBX 8 17 1 -3
BITMAP
07
07
03
00
00
07
07
03
00
03
07
07
00
00
60
E0
E0
ENDCHAR
STARTCHAR 2879
ENCODING 10361
SWIDTH 687 0
DWIDTH 11 0
BBX 8 17 1 -3
BITMAP
E7
E7
63
00
00
07
07
03
00
03
07
07
00
00
60
E0
E0
ENDCHAR
STARTCHAR 287A
ENCODING 10362
SWIDTH 687 0
DWIDTH 11 0
BBX 8 17 1 -3
BITMAP
07
07
03
00
00
E7
E7
63
00
03
07
07
00
00
60
E0
E0
ENDCHAR
STARTCHAR 287B
ENCODING 10363
SWIDTH 687 0
DWIDTH 11 0
BBX 8 17 1 -3
BITMAP
E7
E7
63
00
00
E7
E7
63
00
03
07
07
00
00
60
E0
E0
ENDCHAR
STARTCHAR 287C
ENCODING 10364
SWIDTH 687 0
DWIDTH 11 0
BBX 8 17 1 -3
BITMAP
07
07
03
00
00
07
07
03
00
63
E7
E7
00
00
60
E0
E0
ENDCHAR
STARTCHAR 287D
ENCODING 10365
SWIDTH 687 0
DWIDTH 11 0
BBX 8 17 1 -3
BITMAP
E7
E7
63
00
00
07
07
03
00
63
E7
E7
00
00
60
E0
E0
ENDCHAR
STARTCHAR 287E
ENCODING 10366
SWIDTH 687 0
DWIDTH 11 0
BBX 8 17 1 -3
BITMAP
07
07
03
00
00
E7
E7
63
00
63
E7
E7
00
00
60
E0
E0
ENDCHAR
STARTCHAR 287F
ENCODING 10367
SWIDTH 687 0
DWIDTH 11 0
BBX 8 17 1 -3
BITMAP
E7
E7
63
00
00
E7
E7
63
00
63
E7
E7
00
00
60
E0
E0
ENDCHAR
STARTCHAR 2880
ENCODING 10368
SWIDTH 687 0
DWIDTH 11 0
BBX 3 3 6 -3
BITMAP
60
E0
E0
ENDCHAR
STARTCHAR 2881
ENCODING 10369
SWIDTH 687 0
DWIDTH 11 0
BBX 8 17 1 -3
BITMAP
E0
E0
60
00
00
00
00
00
00
00
00
00
00
00
03
07
07
ENDCHAR
STARTCHAR 2882
ENCODING 10370
SWIDTH 687 0
DWIDTH 11 0
BBX 8 12 1 -3
BITMAP
E0
E0
60
00
00
00
00
00
00
03
07
07
ENDCHAR
STARTCHAR 2883
ENCODING 10371
SWIDTH 687 0
DWIDTH 11 0
BBX 8 17 1 -3
BITMAP
E0
E0
60
00
00
E0
E0
60
00
00
00
00
00
00
03
07
07
ENDCHAR
STARTCHAR 2884
ENCODING 10372
SWIDTH 687 0
DWIDTH 11 0
BBX 8 8 1 -3
BITMAP
60
E0
E0
00
00
03
07
07
ENDCHAR
STARTCHAR 2885
ENCODING 10373
SWIDTH 687 0
DWIDTH 11 0
BBX 8 17 1 -3
BITMAP
E0
E0
60
00
00
00
00
00
00
60
E0
E0
00
00
03
07
07
ENDCHAR
STARTCHAR 2886
ENCODING 10374
SWIDTH 687 0
DWIDTH 11 0
BBX 8 12 1 -3
BITMAP
E0
E0
60
00
60
E0
E0
00
00
03
07
07
ENDCHAR
STARTCHAR 2887
ENCODING 10375
SWIDTH 687 0
DWIDTH 11 0
BBX 8 17 1 -3
BITMAP
E0
E0
60
00
00
E0
E0
60
00
60
E0
E0
00
00
03
07
07
ENDCHAR
STARTCHAR 2888
ENCODING 10376
SWIDTH 687 0
DWIDTH 11 0
BBX 3 17 6 -3
BITMAP
E0
E0
60
00
00
00
00
00
00
00
00
00
00
00
60
E0
E0
ENDCHAR
STARTCHAR 2889
ENCODING 10377
SWIDTH 687 0
DWIDTH 11 0
BBX 8 17 1 -3
BITMAP
E7
E7
63
00
00
00
00
00
00
00
00
00
00
00
03
07
07
ENDCHAR
STARTCHAR 288A
ENCODING 10378
SWIDTH 687 0
DWIDTH 11 0
BBX 8 17 1 -3
BITMAP
07
07
03
00
00
E0
E0
60
00
00
00
00
00
00
03
07
07
ENDCHAR
STARTCHAR 288B
ENCODING 10379
SWIDTH 687 0
DWIDTH 11 0
BBX 8 17 1 -3
BITMAP
E7
E7
63
00
00
E0
E0
60
00
00
00
00
00
00
03
07
07
ENDCHAR
STARTCHAR 288C
ENCODING 10380
SWIDTH 687 0
DWIDTH 11 0
BBX 8 17 1 -3
BITMAP
07
07
03
00
00
00
00
00
00
60
E0
E0
00
00
03
07
07
ENDCHAR
STARTCHAR 288D
ENCODING 10381
SWIDTH 687 0
DWIDTH 11 0
BBX 8 17 1 -3
BITMAP
E7
E7
63
00
00
00
00
00
00
60
E0
E0
00
00
03
07
07
ENDCHAR
STARTCHAR 288E
ENCODING 10382
SWIDTH 687 0
DWIDTH 11 0
BBX 8 17 1 -3
BITMAP
07
07
03
00
00
E0
E0
60
00
60
E0
E0
00
00
03
07
07
ENDCHAR
STARTCHAR 288F
ENCODING 10383
SWIDTH 687 0
DWIDTH 11 0
BBX 8 17 1 -3
BITMAP
E7
E7
63
00
00
E0
E0
60
00
60
E0
E0
00
00
03
07
07
ENDCHAR
STARTCHAR 2890
ENCODING 10384
SWIDTH 687 0
DWIDTH 11 0
BBX 3 12 6 -3
BITMAP
E0
E0
60
00
00
00
00
00
00
60
E0
E0
ENDCHAR
STARTCHAR 2891
ENCODING 10385
SWIDTH 687 0
DWIDTH 11 0
BBX 8 17 1 -3
BITMAP
E0
E0
60
00
00
07
07
03
00
00
00
00
00
00
03
07
07
ENDCHAR
STARTCHAR 2892
ENCODING 10386
SWIDTH 687 0
DWIDTH 11 0
BBX 8 12 1 -3
BITMAP
E7
E7
63
00
00
00
00
00
00
03
07
07
ENDCHAR
STARTCHAR 2893
ENCODING 10387
SWIDTH 687 0
DWIDTH 11 0
BBX 8 17 1 -3
BITMAP
E0
E0
60
00
00
E7
E7
63
00
00
00
00
00
00
03
07
07
ENDCHAR
STARTCHAR 2894
ENCODING 10388
SWIDTH 687 0
DWIDTH 11 0
BBX 8 12 1 -3
BITMAP
07
07
03
00
60
E0
E0
00
00
03
07
07
ENDCHAR
STARTCHAR 2895
ENCODING 10389
SWIDTH 687 0
DWIDTH 11 0
BBX 8 17 1 -3
BITMAP
E0
E0
60
00
00
07
07
03
00
60
E0
E0
00
00
03
07
07
ENDCHAR
STARTCHAR 2896
ENCODING 10390
SWIDTH 687 0
DWIDTH 11 0
BBX 8 12 1 -3
BITMAP
E7
E7
63
00
60
E0
E0
00
00
03
07
07
ENDCHAR
STARTCHAR 2897
ENCODING 10391
SWIDTH 687 0
DWIDTH 11 0
BBX 8 17 1 -3
BITMAP
E0
E0
60
00
00
E7
E7
63
00
60
E0
E0
00
00
03
07
07
ENDCHAR
STARTCHAR 2898
ENCODING 10392
SWIDTH 687 0
DWIDTH 11 0
BBX 3 17 6 -3
BITMAP
E0
E0
60
00
00
E0
E0
60
00
00
00
00
00
00
60
E0
E0
ENDCHAR
STARTCHAR 2899
ENCODING 10393
SWIDTH 687 0
DWIDTH 11 0
BBX 8 17 1 -3
BITMAP
E7
E7
63
00
00
07
07
03
00
00
00
00
00
00
03
07
07
ENDCHAR
STARTCHAR 289A
ENCODING 10394
SWIDTH 687 0
DWIDTH 11 0
BBX 8 17 1 -3
BITMAP
07
07
03
00
00
E7
E7
63
00
00
00
00
00
00
03
07
07
ENDCHAR
STARTCHAR 289B
ENCODING 10395
SWIDTH 687 0
DWIDTH 11 0
BBX 8 17 1 -3
BITMAP
E7
E7
63
00
00
E7
E7
63
00
00
00
00
00
00
03
07
07
ENDCHAR
STARTCHAR 289C
ENCODING 10396
SWIDTH 687 0
DWIDTH 11 0
BBX 8 17 1 -3
BITMAP
07
07
03
00
00
07
07
03
00
60
E0
E0
00
00
03
07
07
ENDCHAR
STARTCHAR 289D
ENCODING 10397
SWIDTH 687 0
DWIDTH 11 0
BBX 8 17 1 -3
BITMAP
E7
E7
63
00
00
07
07
03
00
60
E0
E0
00
00
03
07
07
ENDCHAR
STARTCHAR 289E
ENCODING 10398
SWIDTH 687 0
DWIDTH 11 0
BBX 8 17 1 -3
BITMAP
07
07
03
00
00
E7
E7
63
00
60
E0
E0
00
00
03
07
07
ENDCHAR
STARTCHAR 289F
ENCODING 10399
SWIDTH 687 0
DWIDTH 11 0
BBX 8 17 1 -3
BITMAP
E7
E7
63
00
00
E7
E7
63
00
60
E0
E0
00
00
03
07
07
ENDCHAR
STARTCHAR 28A0
ENCODING 10400
SWIDTH 687 0
DWIDTH 11 0
BBX 3 8 6 -3
BITMAP
60
E0
E0
00
00
60
E0
E0
ENDCHAR
STARTCHAR 28A1
ENCODING 10401
SWIDTH 687 0
DWIDTH 11 0
BBX 8 17 1 -3
BITMAP
E0
E0
60
00
00
00
00
00
00
03
07
07
00
00
03
07
07
ENDCHAR
STARTCHAR 28A2
ENCODING 10402
SWIDTH 687 0
DWIDTH 11 0
BBX 8 12 1 -3
BITMAP
E0
E0
60
00
03
07
07
00
00
03
07
07
ENDCHAR
STARTCHAR 28A3
ENCODING 10403
SWIDTH 687 0
DWIDTH 11 0
BBX 8 17 1 -3
BITMAP
E0
E0
60
00
00
E0
E0
60
00
03
07
07
00
00
03
07
07
ENDCHAR
STARTCHAR 28A4
ENCODING 10404
SWIDTH 687 0
DWIDTH 11 0
BBX 8 8 1 -3
BITMAP
63
E7
E7
00
00
03
07
07
ENDCHAR
STARTCHAR 28A5
ENCODING 10405
SWIDTH 687 0
DWIDTH 11 0
BBX 8 17 1 -3
BITMAP
E0
E0
60
00
00
00
00
00
00
63
E7
E7
00
00
03
07
07
ENDCHAR
STARTCHAR 28A6
ENCODING 10406
SWIDTH 687 0
DWIDTH 11 0
BBX 8 12 1 -3
BITMAP
E0
E0
60
00
63
E7
E7
00
00
03
07
07
ENDCHAR
STARTCHAR 28A7
ENCODING 10407
SWIDTH 687 0
DWIDTH 11 0
BBX 8 17 1 -3
BITMAP
E0
E0
60
00
00
E0
E0
60
00
63
E7
E7
00
00
03
07
07
ENDCHAR
STARTCHAR 28A8
ENCODING 10408
SWIDTH 687 0
DWIDTH 11 0
BBX 3 17 6 -3
BITMAP
E0
E0
60
00
00
00
00
00
00
60
E0
E0
00
00
60
E0
E0
ENDCHAR
STARTCHAR 28A9
ENCODING 10409
SWIDTH 687 0
DWIDTH 11 0
BBX 8 17 1 -3
BITMAP
E7
E7
63
00
00
00
00
00
00
03
07
07
00
00
03
07
07
ENDCHAR
STARTCHAR 28AA
ENCODING 10410
SWIDTH 687 0
DWIDTH 11 0
BBX 8 17 1 -3
BITMAP
07
07
03
00
00
E0
E0
60
00
03
07
07
00
00
03
07
07
ENDCHAR
STARTCHAR 28AB
ENCODING 10411
SWIDTH 687 0
DWIDTH 11 0
BBX 8 17 1 -3
BITMAP
E7
E7
63
00
00
E0
E0
60
00
03
07
07
00
00
03
07
07
ENDCHAR
STARTCHAR 28AC
ENCODING 10412
SWIDTH 687 0
DWIDTH 11 0
BBX 8 17 1 -3
BITMAP
07
07
03
00
00
00
00
00
00
63
E7
E7
00
00
03
07
07
ENDCHAR
STARTCHAR 28AD
ENCODING 10413
SWIDTH 687 0
DWIDTH 11 0
BBX 8 17 1 -3
BITMAP
E7
E7
63
00
00
00
00
00
00
63
E7
E7
00
00
03
07
07
ENDCHAR
STARTCHAR 28AE
ENCODING 10414
SWIDTH 687 0
DWIDTH 11 0
BBX 8 17 1 -3
BITMAP
07
07
03
00
00
E0
E0
60
00
63
E7
E7
00
00
03
07
07
ENDCHAR
STARTCHAR 28AF
ENCODING 10415
SWIDTH 687 0
DWIDTH 11 0
BBX 8 17 1 -3
BITMAP
E7
E7
63
00
00
E0
E0
60
00
63
E7
E7
00
00
03
07
07
ENDCHAR
STARTCHAR 28B0
ENCODING 10416
SWIDTH 687 0
DWIDTH 11 0
BBX 3 12 6 -3
BITMAP
E0
E0
60
00
60
E0
E0
00
00
60
E0
E0
ENDCHAR
STARTCHAR 28B1
ENCODING 10417
SWIDTH 687 0
DWIDTH 11 0
BBX 8 17 1 -3
BITMAP
E0
E0
60
00
00
07
07
03
00
03
07
07
00
00
03
07
07
ENDCHAR
STARTCHAR 28B2
ENCODING 10418
SWIDTH 687 0
DWIDTH 11 0
BBX 8 12 1 -3
BITMAP
E7
E7
63
00
03
07
07
00
00
03
07
07
ENDCHAR
STARTCHAR 28B3
ENCODING 10419
SWIDTH 687 0
DWIDTH 11 0
BBX 8 17 1 -3
BITMAP
E0
E0
60
00
00
E7
E7
63
00
03
07
07
00
00
03
07
07
ENDCHAR
STARTCHAR 28B4
ENCODING 10420
SWIDTH 687 0
DWIDTH 11 0
BBX 8 12 1 -3
BITMAP
07
07
03
00
63
E7
E7
00
00
03
07
07
ENDCHAR
STARTCHAR 28B5
ENCODING 10421
SWIDTH 687 0
DWIDTH 11 0
BBX 8 17 1 -3
BITMAP
E0
E0
60
00
00
07
07
03
00
63
E7
E7
00
00
03
07
07
ENDCHAR
STARTCHAR 28B6
ENCODING 10422
SWIDTH 687 0
DWIDTH 11 0
BBX 8 12 1 -3
BITMAP
E7
E7
63
00
63
E7
E7
00
00
03
07
07
ENDCHAR
STARTCHAR 28B7
ENCODING 10423
SWIDTH 687 0
DWIDTH 11 0
BBX 8 17 1 -3
BITMAP
E0
E0
60
00
00
E7
E7
63
00
63
E7
E7
00
00
03
07
07
ENDCHAR
STARTCHAR 28B8
ENCODING 10424
SWIDTH 687 0
DWIDTH 11 0
BBX 3 17 6 -3
BITMAP
E0
E0
60
00
00
E0
E0
60
00
60
E0
E0
00
00
60
E0
E0
ENDCHAR
STARTCHAR 28B9
ENCODING 10425
SWIDTH 687 0
DWIDTH 11 0
BBX 8 17 1 -3
BITMAP
E7
E7
63
00
00
07
07
03
00
03
07
07
00
00
03
07
07
ENDCHAR
STARTCHAR 28BA
ENCODING 10426
SWIDTH 687 0
DWIDTH 11 0
BBX 8 17 1 -3
BITMAP
07
07
03
00
00
E7
E7
63
00
03
07
07
00
00
03
07
07
ENDCHAR
STARTCHAR 28BB
ENCODING 10427
SWIDTH 687 0
DWIDTH 11 0
BBX 8 17 1 -3
BITMAP
E7
E7
63
00
00
E7
E7
63
00
03
07
07
00
00
03
07
07
ENDCHAR
STARTCHAR 28BC
ENCODING 10428
SWIDTH 687 0
DWIDTH 11 0
BBX 8 17 1 -3
BITMAP
07
07
03
00
00
07
07
03
00
63
E7
E7
00
00
03
07
07
ENDCHAR
STARTCHAR 28BD
ENCODING 10429
SWIDTH 687 0
DWIDTH 11 0
BBX 8 17 1 -3
BITMAP
E7
E7
63
00
00
07
07
03
00
63
E7
E7
00
00
03
07
07
ENDCHAR
STARTCHAR 28BE
ENCODING 10430
SWIDTH 687 0
DWIDTH 11 0
BBX 8 17 1 -3
BITMAP
07
07
03
00
00
E7
E7
63
00
63
E7
E7
00
00
03
07
07
ENDCHAR
STARTCHAR 28BF
ENCODING 10431
SWIDTH 687 0
DWIDTH 11 0
BBX 8 17 1 -3
BITMAP
E7
E7
63
00
00
E7
E7
63
00
63
E7
E7
00
00
03
07
07
ENDCHAR
STARTCHAR 28C0
ENCODING 10432
SWIDTH 687 0
DWIDTH 11 0
BBX 8 3 1 -3
BITMAP
63
E7
E7
ENDCHAR
STARTCHAR 28C1
ENCODING 10433
SWIDTH 687 0
DWIDTH 11 0
BBX 8 17 1 -3
BITMAP
E0
E0
60
00
00
00
00
00
00
00
00
00
00
00
63
E7
E7
ENDCHAR
STARTCHAR 28C2
ENCODING 10434
SWIDTH 687 0
DWIDTH 11 0
BBX 8 12 1 -3
BITMAP
E0
E0
60
00
00
00
00
00
00
63
E7
E7
ENDCHAR
STARTCHAR 28C3
ENCODING 10435
SWIDTH 687 0
DWIDTH 11 0
BBX 8 17 1 -3
BITMAP
E0
E0
60
00
00
E0
E0
60
00
00
00
00
00
00
63
E7
E7
ENDCHAR
STARTCHAR 28C4
ENCODING 10436
SWIDTH 687 0
DWIDTH 11 0
BBX 8 8 1 -3
BITMAP
60
E0
E0
00
00
63
E7
E7
ENDCHAR
STARTCHAR 28C5
ENCODING 10437
SWIDTH 687 0
DWIDTH 11 0
BBX 8 17 1 -3
BITMAP
E0
E0
60
00
00
00
00
00
00
60
E0
E0
00
00
63
E7
E7
ENDCHAR
STARTCHAR 28C6
ENCODING 10438
SWIDTH 687 0
DWIDTH 11 0
BBX 8 12 1 -3
BITMAP
E0
E0
60
00
60
E0
E0
00
00
63
E7
E7
ENDCHAR
STARTCHAR 28C7
ENCODING 10439
SWIDTH 687 0
DWIDTH 11 0
BBX 8 17 1 -3
BITMAP
E0
E0
60
00
00
E0
E0
60
00
60
E0
E0
00
00
63
E7
E7
ENDCHAR
STARTCHAR 28C8
ENCODING 10440
SWIDTH 687 0
DWIDTH 11 0
BBX 8 17 1 -3
BITMAP
07
07
03
00
00
00
00
00
00
00
00
00
00
00
63
E7
E7
ENDCHAR
STARTCHAR 28C9
ENCODING 10441
SWIDTH 687 0
DWIDTH 11 0
BBX 8 17 1 -3
BITMAP
E7
E7
63
00
00
00
00
00
00
00
00
00
00
00
63
E7
E7
ENDCHAR
STARTCHAR 28CA
ENCODING 10442
SWIDTH 687 0
DWIDTH 11 0
BBX 8 17 1 -3
BITMAP
07
07
03
00
00
E0
E0
60
00
00
00
00
00
00
63
E7
E7
ENDCHAR
STARTCHAR 28CB
ENCODING 10443
SWIDTH 687 0
DWIDTH 11 0
BBX 8 17 1 -3
BITMAP
E7
E7
63
00
00
E0
E0
60
00
00
00
00
00
00
63
E7
E7
ENDCHAR
STARTCHAR 28CC
ENCODING 10444
SWIDTH 687 0
DWIDTH 11 0
BBX 8 17 1 -3
BITMAP
07
07
03
00
00
00
00
00
00
60
E0
E0
00
00
63
E7
E7
ENDCHAR
STARTCHAR 28CD
ENCODING 10445
SWIDTH 687 0
DWIDTH 11 0
BBX 8 17 1 -3
BITMAP
E7
E7
63
00
00
00
00
00
00
60
E0
E0
00
00
63
E7
E7
ENDCHAR
STARTCHAR 28CE
ENCODING 10446
SWIDTH 687 0
DWIDTH 11 0
BBX 8 17 1 -3
BITMAP
07
07
03
00
00
E0
E0
60
00
60
E0
E0
00
00
63
E7
E7
ENDCHAR
STARTCHAR 28CF
ENCODING 10447
SWIDTH 687 0
DWIDTH 11 0
BBX 8 17 1 -3
BITMAP
E7
E7
63
00
00
E0
E0
60
00
60
E0
E0
00
00
63
E7
E7
ENDCHAR
STARTCHAR 28D0
ENCODING 10448
SWIDTH 687 0
DWIDTH 11 0
BBX 8 12 1 -3
BITMAP
07
07
03
00
00
00
00
00
00
63
E7
E7
ENDCHAR
STARTCHAR 28D1
ENCODING 10449
SWIDTH 687 0
DWIDTH 11 0
BBX 8 17 1 -3
BITMAP
E0
E0
60
00
00
07
07
03
00
00
00
00
00
00
63
E7
E7
ENDCHAR
STARTCHAR 28D2
ENCODING 10450
SWIDTH 687 0
DWIDTH 11 0
BBX 8 12 1 -3
BITMAP
E7
E7
63
00
00
00
00
00
00
63
E7
E7
ENDCHAR
STARTCHAR 28D3
ENCODING 10451
SWIDTH 687 0
DWIDTH 11 0
BBX 8 17 1 -3
BITMAP
E0
E0
60
00
00
E7
E7
63
00
00
00
00
00
00
63
E7
E7
ENDCHAR
STARTCHAR 28D4
ENCODING 10452
SWIDTH 687 0
DWIDTH 11 0
BBX 8 12 1 -3
BITMAP
07
07
03
00
60
E0
E0
00
00
63
E7
E7
ENDCHAR
STARTCHAR 28D5
ENCODING 10453
SWIDTH 687 0
DWIDTH 11 0
BBX 8 17 1 -3
BITMAP
E0
E0
60
00
00
07
07
03
00
60
E0
E0
00
00
63
E7
E7
ENDCHAR
STARTCHAR 28D6
ENCODING 10454
SWIDTH 687 0
DWIDTH 11 0
BBX 8 12 1 -3
BITMAP
E7
E7
63
00
60
E0
E0
00
00
63
E7
E7
ENDCHAR
STARTCHAR 28D7
ENCODING 10455
SWIDTH 687 0
DWIDTH 11 0
BBX 8 17 1 -3
BITMAP
E0
E0
60
00
00
E7
E7
63
00
60
E0
E0
00
00
63
E7
E7
ENDCHAR
STARTCHAR 28D8
ENCODING 10456
SWIDTH 687 0
DWIDTH 11 0
BBX 8 17 1 -3
BITMAP
07
07
03
00
00
07
07
03
00
00
00
00
00
00
63
E7
E7
ENDCHAR
STARTCHAR 28D9
ENCODING 10457
SWIDTH 687 0
DWIDTH 11 0
BBX 8 17 1 -3
BITMAP
E7
E7
63
00
00
07
07
03
00
00
00
00
00
00
63
E7
E7
ENDCHAR
STARTCHAR 28DA
ENCODING 10458
SWIDTH 687 0
DWIDTH 11 0
BBX 8 17 1 -3
BITMAP
07
07
03
00
00
E7
E7
63
00
00
00
00
00
00
63
E7
E7
ENDCHAR
STARTCHAR 28DB
ENCODING 10459
SWIDTH 687 0
DWIDTH 11 0
BBX 8 17 1 -3
BITMAP
E7
E7
63
00
00
E7
E7
63
00
00
00
00
00
00
63
E7
E7
ENDCHAR
STARTCHAR 28DC
ENCODING 10460
SWIDTH 687 0
DWIDTH 11 0
BBX 8 17 1 -3
BITMAP
07
07
03
00
00
07
07
03
00
60
E0
E0
00
00
63
E7
E7
ENDCHAR
STARTCHAR 28DD
ENCODING 10461
SWIDTH 687 0
DWIDTH 11 0
BBX 8 17 1 -3
BITMAP
E7
E7
63
00
00
07
07
03
00
60
E0
E0
00
00
63
E7
E7
ENDCHAR
STARTCHAR 28DE
ENCODING 10462
SWIDTH 687 0
DWIDTH 11 0
BBX 8 17 1 -3
BITMAP
07
07
03
00
00
E7
E7
63
00
60
E0
E0
00
00
63
E7
E7
ENDCHAR
STARTCHAR 28DF
ENCODING 10463
SWIDTH 687 0
DWIDTH 11 0
BBX 8 17 1 -3
BITMAP
E7
E7
63
00
00
E7
E7
63
00
60
E0
E0
00
00
63
E7
E7
ENDCHAR
STARTCHAR 28E0
ENCODING 10464
SWIDTH 687 0
DWIDTH 11 0
BBX 8 8 1 -3
BITMAP
03
07
07
00
00
63
E7
E7
ENDCHAR
STARTCHAR 28E1
ENCODING 10465
SWIDTH 687 0
DWIDTH 11 0
BBX 8 17 1 -3
BITMAP
E0
E0
60
00
00
00
00
00
00
03
07
07
00
00
63
E7
E7
ENDCHAR
STARTCHAR 28E2
ENCODING 10466
SWIDTH 687 0
DWIDTH 11 0
BBX 8 12 1 -3
BITMAP
E0
E0
60
00
03
07
07
00
00
63
E7
E7
ENDCHAR
STARTCHAR 28E3
ENCODING 10467
SWIDTH 687 0
DWIDTH 11 0
BBX 8 17 1 -3
BITMAP
E0
E0
60
00
00
E0
E0
60
00
03
07
07
00
00
63
E7
E7
ENDCHAR
STARTCHAR 28E4
ENCODING 10468
SWIDTH 687 0
DWIDTH 11 0
BBX 8 8 1 -3
BITMAP
63
E7
E7
00
00
63
E7
E7
ENDCHAR
STARTCHAR 28E5
ENCODING 10469
SWIDTH 687 0
DWIDTH 11 0
BBX 8 17 1 -3
BITMAP
E0
E0
60
00
00
00
00
00
00
63
E7
E7
00
00
63
E7
E7
ENDCHAR
STARTCHAR 28E6
ENCODING 10470
SWIDTH 687 0
DWIDTH 11 0
BBX 8 12 1 -3
BITMAP
E0
E0
60
00
63
E7
E7
00
00
63
E7
E7
ENDCHAR
STARTCHAR 28E7
ENCODING 10471
SWIDTH 687 0
DWIDTH 11 0
BBX 8 17 1 -3
BITMAP
E0
E0
60
00
00
E0
E0
60
00
63
E7
E7
00
00
63
E7
E7
ENDCHAR
STARTCHAR 28E8
ENCODING 10472
SWIDTH 687 0
DWIDTH 11 0
BBX 8 17 1 -3
BITMAP
07
07
03
00
00
00
00
00
00
03
07
07
00
00
63
E7
E7
ENDCHAR
STARTCHAR 28E9
ENCODING 10473
SWIDTH 687 0
DWIDTH 11 0
BBX 8 17 1 -3
BITMAP
E7
E7
63
00
00
00
00
00
00
03
07
07
00
00
63
E7
E7
ENDCHAR
STARTCHAR 28EA
ENCODING 10474
SWIDTH 687 0
DWIDTH 11 0
BBX 8 17 1 -3
BITMAP
07
07
03
00
00
E0
E0
60
00
03
07
07
00
00
63
E7
E7
ENDCHAR
STARTCHAR 28EB
ENCODING 10475
SWIDTH 687 0
DWIDTH 11 0
BBX 8 17 1 -3
BITMAP
E7
E7
63
00
00
E0
E0
60
00
03
07
07
00
00
63
E7
E7
ENDCHAR
STARTCHAR 28EC
ENCODING 10476
SWIDTH 687 0
DWIDTH 11 0
BBX 8 17 1 -3
BITMAP
07
07
03
00
00
00
00
00
00
63
E7
E7
00
00
63
E7
E7
ENDCHAR
STARTCHAR 28ED
ENCODING 10477
SWIDTH 687 0
DWIDTH 11 0
BBX 8 17 1 -3
BITMAP
E7
E7
63
00
00
00
00
00
00
63
E7
E7
00
00
63
E7
E7
ENDCHAR
STARTCHAR 28EE
ENCODING 10478
SWIDTH 687 0
DWIDTH 11 0
BBX 8 17 1 -3
BITMAP
07
07
03
00
00
E0
E0
60
00
63
E7
E7
00
00
63
E7
E7
ENDCHAR
STARTCHAR 28EF
ENCODING 10479
SWIDTH 687 0
DWIDTH 11 0
BBX 8 17 1 -3
BITMAP
E7
E7
63
00
00
E0
E0
60
00
63
E7
E7
00
00
63
E7
E7
ENDCHAR
STARTCHAR 28F0
ENCODING 10480
SWIDTH 687 0
DWIDTH 11 0
BBX 8 12 1 -3
BITMAP
07
07
03
00
03
07
07
00
00
63
E7
E7
ENDCHAR
STARTCHAR 28F1
ENCODING 10481
SWIDTH 687 0
DWIDTH 11 0
BBX 8 17 1 -3
BITMAP
E0
E0
60
00
00
07
07
03
00
03
07
07
00
00
63
E7
E7
ENDCHAR
STARTCHAR 28F2
ENCODING 10482
SWIDTH 687 0
DWIDTH 11 0
BBX 8 12 1 -3
BITMAP
E7
E7
63
00
03
07
07
00
00
63
E7
E7
ENDCHAR
STARTCHAR 28F3
ENCODING 10483
SWIDTH 687 0
DWIDTH 11 0
BBX 8 17 1 -3
BITMAP
E0
E0
60
00
00
E7
E7
63
00
03
07
07
00
00
63
E7
E7
ENDCHAR
STARTCHAR 28F4
ENCODING 10484
SWIDTH 687 0
DWIDTH 11 0
BBX 8 12 1 -3
BITMAP
07
07
03
00
63
E7
E7
00
00
63
E7
E7
ENDCHAR
STARTCHAR 28F5
ENCODING 10485
SWIDTH 687 0
DWIDTH 11 0
BBX 8 17 1 -3
BITMAP
E0
E0
60
00
00
07
07
03
00
63
E7
E7
00
00
63
E7
E7
ENDCHAR
STARTCHAR 28F6
ENCODING 10486
SWIDTH 687 0
DWIDTH 11 0
BBX 8 12 1 -3
BITMAP
E7
E7
63
00
63
E7
E7
00
00
63
E7
E7
ENDCHAR
STARTCHAR 28F7
ENCODING 10487
SWIDTH 687 0
DWIDTH 11 0
BBX 8 17 1 -3
BITMAP
E0
E0
60
00
00
E7
E7
63
00
63
E7
E7
00
00
63
E7
E7
ENDCHAR
STARTCHAR 28F8
ENCODING 10488
SWIDTH 687 0
DWIDTH 11 0
BBX 8 17 1 -3
BITMAP
07
07
03
00
00
07
07
03
00
03
07
07
00
00
63
E7
E7
ENDCHAR
STARTCHAR 28F9
ENCODING 10489
SWIDTH 687 0
DWIDTH 11 0
BBX 8 17 1 -3
BITMAP
E7
E7
63
00
00
07
07
03
00
03
07
07
00
00
63
E7
E7
ENDCHAR
STARTCHAR 28FA
ENCODING 10490
SWIDTH 687 0
DWIDTH 11 0
BBX 8 17 1 -3
BITMAP
07
07
03
00
00
E7
E7
63
00
03
07
07
00
00
63
E7
E7
ENDCHAR
STARTCHAR 28FB
ENCODING 10491
SWIDTH 687 0
DWIDTH 11 0
BBX 8 17 1 -3
BITMAP
E7
E7
63
00
00
E7
E7
63
00
03
07
07
00
00
63
E7
E7
ENDCHAR
STARTCHAR 28FC
ENCODING 10492
SWIDTH 687 0
DWIDTH 11 0
BBX 8 17 1 -3
BITMAP
07
07
03
00
00
07
07
03
00
63
E7
E7
00
00
63
E7
E7
ENDCHAR
STARTCHAR 28FD
ENCODING 10493
SWIDTH 687 0
DWIDTH 11 0
BBX 8 17 1 -3
BITMAP
E7
E7
63
00
00
07
07
03
00
63
E7
E7
00
00
63
E7
E7
ENDCHAR
STARTCHAR 28FE
ENCODING 10494
SWIDTH 687 0
DWIDTH 11 0
BBX 8 17 1 -3
BITMAP
07
07
03
00
00
E7
E7
63
00
63
E7
E7
00
00
63
E7
E7
ENDCHAR
STARTCHAR 28FF
ENCODING 10495
SWIDTH 687 0
DWIDTH 11 0
BBX 8 17 1 -3
BITMAP
E7
E7
63
00
00
E7
E7
63
00
63
E7
E7
00
00
63
E7
E7
ENDCHAR
STARTCHAR 2900
ENCODING 10496
SWIDTH 1312 0
DWIDTH 21 0
BBX 18 10 1 0
BITMAP
046400
043200
041900
040C80
FFFFC0
FFFFC0
040D80
041B00
043600
002400
ENDCHAR
STARTCHAR 2901
ENCODING 10497
SWIDTH 1312 0
DWIDTH 21 0
BBX 18 10 2 0
BITMAP
112400
113200
110900
110480
FFFFC0
FFFFC0
110D80
111B00
113600
002400
ENDCHAR
STARTCHAR 2902
ENCODING 10498
SWIDTH 1312 0
DWIDTH 21 0
BBX 19 10 1 0
BITMAP
0C1000
181000
3FFFE0
7FFFE0
C01000
601000
3FFFE0
1FFFE0
0C1000
040000
ENDCHAR
STARTCHAR 2903
ENCODING 10499
SWIDTH 1312 0
DWIDTH 21 0
BBX 19 10 1 0
BITMAP
010600
010300
FFFF80
FFFFC0
010060
0100C0
FFFF80
FFFF00
010600
000400
ENDCHAR
STARTCHAR 2904
ENCODING 10500
SWIDTH 1312 0
DWIDTH 21 0
BBX 19 9 1 0
BITMAP
0C4600
184300
3FFF80
7FFFC0
C04060
604040
3FFF80
1FFF00
0C4600
ENDCHAR
STARTCHAR 2905
ENCODING 10501
SWIDTH 1312 0
DWIDTH 21 0
BBX 19 10 1 0
BITMAP
C02400
C01200
C00980
C004C0
FFFFE0
FFFFC0
C00480
C00900
C01200
C02400
ENDCHAR
STARTCHAR 2906
ENCODING 10502
SWIDTH 1312 0
DWIDTH 21 0
BBX 18 10 2 0
BITMAP
0800C0
1000C0
3FFFC0
7FFFC0
8000C0
8000C0
7FFFC0
3FFFC0
1000C0
0800C0
ENDCHAR
STARTCHAR 2907
ENCODING 10503
SWIDTH 1312 0
DWIDTH 21 0
BBX 18 10 1 0
BITMAP
C00400
C00200
FFFF00
FFFF80
C00040
C00040
FFFF80
FFFF00
C00200
C00400
ENDCHAR
STARTCHAR 2908
ENCODING 10504
SWIDTH 1312 0
DWIDTH 21 0
BBX 10 19 6 -4
BITMAP
0C00
0C00
0C00
0C00
0C00
0C00
0C00
FF80
0C00
0C00
0C00
0C00
0C00
8CC0
CD80
6F00
3E00
1C00
0800
ENDCHAR
STARTCHAR 2909
ENCODING 10505
SWIDTH 1312 0
DWIDTH 21 0
BBX 10 19 6 -4
BITMAP
0800
1C00
3E00
6F00
CD80
8CC0
0C00
0C00
0C00
0C00
0C00
FF80
0C00
0C00
0C00
0C00
0C00
0C00
0C00
ENDCHAR
STARTCHAR 290A
ENCODING 10506
SWIDTH 1312 0
DWIDTH 21 0
BBX 9 19 6 -4
BITMAP
0800
1C00
3E00
6B00
EB80
AA80
2A00
2A00
2A00
2A00
2A00
2A00
2A00
2A00
2A00
2A00
2A00
2A00
2A00
ENDCHAR
STARTCHAR 290B
ENCODING 10507
SWIDTH 1312 0
DWIDTH 21 0
BBX 9 19 6 -4
BITMAP
2A00
2A00
2A00
2A00
2A00
2A00
2A00
2A00
2A00
2A00
2A00
2A00
2A00
AA80
EB80
6B00
3E00
1C00
0800
ENDCHAR
STARTCHAR 290C
ENCODING 10508
SWIDTH 1312 0
DWIDTH 21 0
BBX 18 10 2 0
BITMAP
080000
100000
200000
400000
FFBFC0
FFBFC0
600000
300000
180000
080000
ENDCHAR
STARTCHAR 290D
ENCODING 10509
SWIDTH 1312 0
DWIDTH 21 0
BBX 18 9 2 0
BITMAP
000C00
000600
000300
000180
FF7FC0
FF7F80
000100
000200
000400
ENDCHAR
STARTCHAR 290E
ENCODING 10510
SWIDTH 1312 0
DWIDTH 21 0
BBX 18 9 1 0
BITMAP
0C0000
180000
300000
600000
FDF7C0
7DF7C0
200000
100000
080000
ENDCHAR
STARTCHAR 290F
ENCODING 10511
SWIDTH 1312 0
DWIDTH 21 0
BBX 18 10 1 0
BITMAP
000C00
000600
000300
000180
FBEFC0
FBEFC0
000180
000300
000600
000400
ENDCHAR
STARTCHAR 2910
ENCODING 10512
SWIDTH 1312 0
DWIDTH 21 0
BBX 19 10 0 0
BITMAP
C01200
600900
300480
180240
0F67E0
0F67E0
1806C0
300D80
601B00
401200
ENDCHAR
STARTCHAR 2911
ENCODING 10513
SWIDTH 1312 0
DWIDTH 21 0
BBX 18 9 2 0
BITMAP
000C00
000600
000300
000180
A529C0
0000C0
000100
000200
000400
ENDCHAR
STARTCHAR 2912
ENCODING 10514
SWIDTH 1312 0
DWIDTH 21 0
BBX 10 19 6 -4
BITMAP
FFC0
FFC0
0C00
1E00
3F00
6D80
CCC0
0C00
0C00
0C00
0C00
0C00
0C00
0C00
0C00
0C00
0C00
0C00
0C00
ENDCHAR
STARTCHAR 2913
ENCODING 10515
SWIDTH 1312 0
DWIDTH 21 0
BBX 10 19 6 -5
BITMAP
0C00
0C00
0C00
0C00
0C00
0C00
0C00
0C00
0C00
0C00
0C00
8C40
4C80
2D00
1E00
0C00
0000
FFC0
FFC0
ENDCHAR
STARTCHAR 2914
ENCODING 10516
SWIDTH 1312 0
DWIDTH 21 0
BBX 19 10 1 0
BITMAP
804600
404300
204180
1040C0
0FFFE0
1FFFC0
304180
604300
C04600
800000
ENDCHAR
STARTCHAR 2915
ENCODING 10517
SWIDTH 1312 0
DWIDTH 21 0
BBX 20 10 0 0
BITMAP
C08B00
608980
3088C0
188860
0FFFF0
0FFFE0
188840
308880
608900
400000
ENDCHAR
STARTCHAR 2916
ENCODING 10518
SWIDTH 1312 0
DWIDTH 21 0
BBX 19 10 1 0
BITMAP
803600
401B00
200D80
1006C0
0FFFE0
1FFFC0
300C80
601B00
C03600
802000
ENDCHAR
STARTCHAR 2917
ENCODING 10519
SWIDTH 1312 0
DWIDTH 21 0
BBX 19 10 1 0
BITMAP
812600
411300
210980
1104C0
0FFFE0
1FFFC0
310D80
611B00
C13600
802400
ENDCHAR
STARTCHAR 2918
ENCODING 10520
SWIDTH 1312 0
DWIDTH 21 0
BBX 18 10 1 0
BITMAP
82E400
42B200
229900
128C80
0FFFC0
1FFFC0
328D80
629B00
C2B600
802400
ENDCHAR
STARTCHAR 2919
ENCODING 10521
SWIDTH 1312 0
DWIDTH 21 0
BBX 19 10 1 0
BITMAP
000020
000040
000080
000100
FFFE00
FFFF00
000180
0000C0
000060
000020
ENDCHAR
STARTCHAR 291A
ENCODING 10522
SWIDTH 1312 0
DWIDTH 21 0
BBX 19 10 1 0
BITMAP
800000
400000
200000
100000
0FFFE0
1FFFE0
300000
600000
C00000
800000
ENDCHAR
STARTCHAR 291B
ENCODING 10523
SWIDTH 1312 0
DWIDTH 21 0
BBX 19 10 1 0
BITMAP
000120
000240
000480
000900
FFFE00
FFFF00
000D80
0006C0
000360
000120
ENDCHAR
STARTCHAR 291C
ENCODING 10524
SWIDTH 1312 0
DWIDTH 21 0
BBX 19 10 1 0
BITMAP
980000
4C0000
260000
130000
0FFFE0
1FFFE0
360000
6C0000
D80000
900000
ENDCHAR
STARTCHAR 291D
ENCODING 10525
SWIDTH 1312 0
DWIDTH 21 0
BBX 19 10 1 0
BITMAP
003000
006000
30C000
798000
FFFFE0
7DFFE0
38C000
106000
003000
001000
ENDCHAR
STARTCHAR 291E
ENCODING 10526
SWIDTH 1312 0
DWIDTH 21 0
BBX 19 10 1 0
BITMAP
018000
00C000
006180
0033C0
FFFFE0
FFF3C0
006180
00C000
018000
010000
ENDCHAR
STARTCHAR 291F
ENCODING 10527
SWIDTH 1312 0
DWIDTH 21 0
BBX 18 10 2 0
BITMAP
0020C0
0040C0
2080C0
7100C0
FBFFC0
FBFFC0
7100C0
2080C0
0040C0
0020C0
ENDCHAR
STARTCHAR 2920
ENCODING 10528
SWIDTH 1312 0
DWIDTH 21 0
BBX 19 10 1 0
BITMAP
C10000
C08000
C04100
C023C0
FFF7E0
FFF7C0
C02380
C04100
C08000
C10000
ENDCHAR
STARTCHAR 2921
ENCODING 10529
SWIDTH 1312 0
DWIDTH 21 0
BBX 16 16 3 -2
BITMAP
FE00
E000
F000
B800
9C00
8E00
8700
0380
01C0
00E1
0071
0039
001D
000F
0007
007F
ENDCHAR
STARTCHAR 2922
ENCODING 10530
SWIDTH 1312 0
DWIDTH 21 0
BBX 16 16 3 -2
BITMAP
007F
0007
000F
001D
0039
0071
00E1
01C0
0300
8600
8C00
9800
B000
E000
C000
FE00
ENDCHAR
STARTCHAR 2923
ENCODING 10531
SWIDTH 1312 0
DWIDTH 21 0
BBX 16 19 3 -5
BITMAP
FE00
E000
F000
B800
9C00
8600
8300
0180
00C0
0060
0030
0018
000C
0006
0003
0003
0007
003E
001C
ENDCHAR
STARTCHAR 2924
ENCODING 10532
SWIDTH 1312 0
DWIDTH 21 0
BBX 16 19 3 -5
BITMAP
007F
0007
000D
0019
0031
0061
00C1
0180
0300
0600
0C00
1800
3000
6000
C000
C000
C000
7C00
3800
ENDCHAR
STARTCHAR 2925
ENCODING 10533
SWIDTH 1312 0
DWIDTH 21 0
BBX 16 20 3 -2
BITMAP
3800
7C00
E000
C000
C000
6000
3000
1800
1C00
0E00
0700
0380
01C0
00E1
0071
0039
001D
000F
0007
007F
ENDCHAR
STARTCHAR 2926
ENCODING 10534
SWIDTH 1312 0
DWIDTH 21 0
BBX 16 20 3 -2
BITMAP
001C
003E
0007
0003
0003
0006
000C
0018
0030
0060
00C0
0180
0300
8600
8C00
9800
B000
E000
C000
FE00
ENDCHAR
STARTCHAR 2933
ENCODING 10547
SWIDTH 1312 0
DWIDTH 21 0
BBX 19 9 1 0
BITMAP
000600
0F8300
18C180
3860C0
F07FE0
0000C0
000180
000300
000600
ENDCHAR
STARTCHAR 2940
ENCODING 10560
SWIDTH 1312 0
DWIDTH 21 0
BBX 15 17 3 -1
BITMAP
00C0
0180
0FE0
3FF8
719C
608C
C006
C006
C006
C006
C006
C006
C006
600C
701C
3FF8
0FE0
ENDCHAR
STARTCHAR 2941
ENCODING 10561
SWIDTH 1312 0
DWIDTH 21 0
BBX 15 17 3 -1
BITMAP
0600
0300
0FE0
3FF8
731C
620C
C006
C006
C006
C006
C006
C006
C006
600C
701C
3FF8
0FE0
ENDCHAR
STARTCHAR 2947
ENCODING 10567
SWIDTH 1312 0
DWIDTH 21 0
BBX 19 9 1 0
BITMAP
000600
000300
046180
02C0C0
FFFFE0
FFFFC0
064080
042300
000600
ENDCHAR
STARTCHAR 2948
ENCODING 10568
SWIDTH 1312 0
DWIDTH 21 0
BBX 19 9 1 1
BITMAP
0C0600
18F300
311180
6318C0
FFFFE0
7F0FC0
331980
19F300
0C0600
ENDCHAR
STARTCHAR 294A
ENCODING 10570
SWIDTH 1312 0
DWIDTH 21 0
BBX 19 9 1 0
BITMAP
0C0000
080000
100000
200000
7FFFE0
FFFFC0
000180
000300
000600
ENDCHAR
STARTCHAR 294B
ENCODING 10571
SWIDTH 1312 0
DWIDTH 21 0
BBX 18 9 2 0
BITMAP
000C00
000400
000200
000100
FFFF80
FFFFC0
600000
300000
180000
ENDCHAR
STARTCHAR 294C
ENCODING 10572
SWIDTH 1312 0
DWIDTH 21 0
BBX 10 18 6 -3
BITMAP
0C00
0E00
0F00
0D80
0CC0
0C00
0C00
0C00
0C00
0C00
0C00
0C00
8C00
CC00
6C00
1C00
0C00
0400
ENDCHAR
STARTCHAR 294D
ENCODING 10573
SWIDTH 1312 0
DWIDTH 21 0
BBX 9 19 6 -4
BITMAP
0400
0C00
1C00
3C00
CC00
8C00
0C00
0C00
0C00
0C00
0C00
0C00
0C00
0C80
0D80
0F00
0E00
0C00
0800
ENDCHAR
STARTCHAR 294E
ENCODING 10574
SWIDTH 1312 0
DWIDTH 21 0
BBX 19 6 1 4
BITMAP
0C0600
080200
100100
200080
7FFFC0
FFFFE0
ENDCHAR
STARTCHAR 294F
ENCODING 10575
SWIDTH 1312 0
DWIDTH 21 0
BBX 6 18 10 -3
BITMAP
C0
E0
F0
D8
CC
C0
C0
C0
C0
C0
C0
C0
C8
D8
F0
E0
C0
80
ENDCHAR
STARTCHAR 2950
ENCODING 10576
SWIDTH 1312 0
DWIDTH 21 0
BBX 18 5 2 0
BITMAP
FFFFC0
FFFF80
600300
300600
180C00
ENDCHAR
STARTCHAR 2951
ENCODING 10577
SWIDTH 1312 0
DWIDTH 21 0
BBX 6 19 6 -4
BITMAP
04
0C
1C
3C
CC
8C
0C
0C
0C
0C
0C
0C
0C
8C
CC
6C
1C
0C
04
ENDCHAR
STARTCHAR 2952
ENCODING 10578
SWIDTH 1312 0
DWIDTH 21 0
BBX 19 10 0 0
BITMAP
C10000
C20000
C60000
CC0000
DFFFE0
FFFFE0
C00000
C00000
C00000
C00000
ENDCHAR
STARTCHAR 2953
ENCODING 10579
SWIDTH 1312 0
DWIDTH 21 0
BBX 19 10 2 0
BITMAP
001060
000860
000C60
000660
FFFF60
FFFFE0
000060
000060
000060
000060
ENDCHAR
STARTCHAR 2954
ENCODING 10580
SWIDTH 1312 0
DWIDTH 21 0
BBX 10 19 6 -4
BITMAP
FFC0
FFC0
0800
0C00
0E00
0D80
0CC0
0C40
0C00
0C00
0C00
0C00
0C00
0C00
0C00
0C00
0C00
0C00
0C00
ENDCHAR
STARTCHAR 2955
ENCODING 10581
SWIDTH 1312 0
DWIDTH 21 0
BBX 10 19 6 -5
BITMAP
0C00
0C00
0C00
0C00
0C00
0C00
0C00
0C00
0C00
0C00
0C00
0C40
0D80
0F00
0E00
0C00
0800
FFC0
FFC0
ENDCHAR
STARTCHAR 2956
ENCODING 10582
SWIDTH 1312 0
DWIDTH 21 0
BBX 19 10 0 0
BITMAP
C00000
C00000
C00000
C00000
FFFFE0
DFFFE0
CC0000
C60000
C30000
C10000
ENDCHAR
STARTCHAR 2957
ENCODING 10583
SWIDTH 1312 0
DWIDTH 21 0
BBX 19 10 2 0
BITMAP
000060
000060
000060
000060
FFFFE0
FFFF60
000660
000C60
000860
001060
ENDCHAR
STARTCHAR 2958
ENCODING 10584
SWIDTH 1312 0
DWIDTH 21 0
BBX 10 19 6 -4
BITMAP
FFC0
FFC0
0400
0C00
1C00
6C00
CC00
8C00
0C00
0C00
0C00
0C00
0C00
0C00
0C00
0C00
0C00
0C00
0C00
ENDCHAR
STARTCHAR 2959
ENCODING 10585
SWIDTH 1312 0
DWIDTH 21 0
BBX 10 19 6 -5
BITMAP
0C00
0C00
0C00
0C00
0C00
0C00
0C00
0C00
0C00
0C00
0C00
8C00
6C00
3C00
1C00
0C00
0400
FFC0
FFC0
ENDCHAR
STARTCHAR 295A
ENCODING 10586
SWIDTH 1312 0
DWIDTH 21 0
BBX 19 10 1 0
BITMAP
040060
080060
180060
300060
7FFFE0
FFFFE0
000060
000060
000060
000060
ENDCHAR
STARTCHAR 295B
ENCODING 10587
SWIDTH 1312 0
DWIDTH 21 0
BBX 19 10 1 0
BITMAP
C00400
C00200
C00100
C00180
FFFFC0
FFFFE0
C00000
C00000
C00000
C00000
ENDCHAR
STARTCHAR 295C
ENCODING 10588
SWIDTH 1312 0
DWIDTH 21 0
BBX 10 19 6 -4
BITMAP
0800
0C00
0E00
0F00
0D80
0C40
0C00
0C00
0C00
0C00
0C00
0C00
0C00
0C00
0C00
0C00
0C00
FFC0
FFC0
ENDCHAR
STARTCHAR 295D
ENCODING 10589
SWIDTH 1312 0
DWIDTH 21 0
BBX 10 19 6 -4
BITMAP
FFC0
FFC0
0C00
0C00
0C00
0C00
0C00
0C00
0C00
0C00
0C00
0C00
0C00
0C40
0D80
0F00
0E00
0C00
0800
ENDCHAR
STARTCHAR 295E
ENCODING 10590
SWIDTH 1312 0
DWIDTH 21 0
BBX 19 10 1 0
BITMAP
000060
000060
000060
000060
FFFFE0
7FFFE0
300060
180060
080060
040060
ENDCHAR
STARTCHAR 295F
ENCODING 10591
SWIDTH 1312 0
DWIDTH 21 0
BBX 19 10 1 0
BITMAP
C00000
C00000
C00000
C00000
FFFFE0
FFFFC0
C00180
C00300
C00200
C00400
ENDCHAR
STARTCHAR 2960
ENCODING 10592
SWIDTH 1312 0
DWIDTH 21 0
BBX 10 19 6 -4
BITMAP
0400
0C00
1C00
3C00
6C00
8C00
0C00
0C00
0C00
0C00
0C00
0C00
0C00
0C00
0C00
0C00
0C00
FFC0
FFC0
ENDCHAR
STARTCHAR 2961
ENCODING 10593
SWIDTH 1312 0
DWIDTH 21 0
BBX 10 19 6 -4
BITMAP
FFC0
FFC0
0C00
0C00
0C00
0C00
0C00
0C00
0C00
0C00
0C00
0C00
0C00
8C00
6C00
3C00
1C00
0C00
0400
ENDCHAR
STARTCHAR 2962
ENCODING 10594
SWIDTH 1312 0
DWIDTH 21 0
BBX 19 14 1 -1
BITMAP
0C0000
180000
300000
7FFFE0
7FFFE0
000000
000000
000000
FFFFE0
7FFFE0
200000
100000
080000
0C0000
ENDCHAR
STARTCHAR 2963
ENCODING 10595
SWIDTH 1312 0
DWIDTH 21 0
BBX 15 19 3 -4
BITMAP
0040
0C60
1C70
3C78
6C66
CC62
0C60
0C60
0C60
0C60
0C60
0C60
0C60
0C60
0C60
0C60
0C60
0C60
0C60
ENDCHAR
STARTCHAR 2964
ENCODING 10596
SWIDTH 1312 0
DWIDTH 21 0
BBX 19 14 1 -1
BITMAP
000600
000300
000180
FFFFC0
FFFFE0
000000
000000
000000
FFFFE0
FFFFC0
000080
000100
000200
000600
ENDCHAR
STARTCHAR 2965
ENCODING 10597
SWIDTH 1312 0
DWIDTH 21 0
BBX 14 19 4 -4
BITMAP
18C0
18C0
18C0
18C0
18C0
18C0
18C0
18C0
18C0
18C0
18C0
18C0
18C0
98C4
D8CC
78D8
38E0
18C0
0880
ENDCHAR
STARTCHAR 296E
ENCODING 10606
SWIDTH 1312 0
DWIDTH 21 0
BBX 15 19 3 -4
BITMAP
0060
0C60
1C60
3C60
6C60
CC60
0C60
0C60
0C60
0C60
0C60
0C60
0C60
0C62
0C66
0C6C
0C70
0C60
0C40
ENDCHAR
STARTCHAR 296F
ENCODING 10607
SWIDTH 1312 0
DWIDTH 21 0
BBX 14 19 4 -4
BITMAP
1880
18C0
18E0
18F0
18CC
18C4
18C0
18C0
18C0
18C0
18C0
18C0
18C0
98C0
D8C0
78C0
38C0
18C0
08C0
ENDCHAR
STARTCHAR 2980
ENCODING 10624
SWIDTH 687 0
DWIDTH 11 0
BBX 7 15 2 -2
BITMAP
92
92
92
92
92
92
92
92
92
92
92
92
92
92
92
ENDCHAR
STARTCHAR 2981
ENCODING 10625
SWIDTH 1312 0
DWIDTH 21 0
BBX 8 8 7 1
BITMAP
7C
FE
FF
FF
FF
FF
7E
3C
ENDCHAR
STARTCHAR 2982
ENCODING 10626
SWIDTH 687 0
DWIDTH 11 0
BBX 4 10 3 -1
BITMAP
60
90
90
F0
00
00
F0
90
90
60
ENDCHAR
STARTCHAR 2983
ENCODING 10627
SWIDTH 687 0
DWIDTH 11 0
BBX 6 15 2 -2
BITMAP
0C
1C
14
34
34
34
34
E4
74
34
34
34
34
1C
0C
ENDCHAR
STARTCHAR 2984
ENCODING 10628
SWIDTH 687 0
DWIDTH 11 0
BBX 7 15 2 -2
BITMAP
E0
F0
D0
D0
D0
D0
D8
CE
D8
D0
D0
D0
D0
F0
E0
ENDCHAR
STARTCHAR 2987
ENCODING 10631
SWIDTH 687 0
DWIDTH 11 0
BBX 6 16 2 -3
BITMAP
0C
1C
3C
6C
6C
4C
4C
CC
CC
4C
4C
6C
3C
1C
0C
04
ENDCHAR
STARTCHAR 2988
ENCODING 10632
SWIDTH 687 0
DWIDTH 11 0
BBX 5 15 3 -3
BITMAP
C0
E0
F0
F0
D8
D8
D8
D8
D8
D8
D8
D0
F0
E0
C0
ENDCHAR
STARTCHAR 2989
ENCODING 10633
SWIDTH 687 0
DWIDTH 11 0
BBX 6 15 2 -2
BITMAP
04
0C
0C
1C
3C
3C
6C
CC
6C
3C
3C
1C
0C
0C
04
ENDCHAR
STARTCHAR 298A
ENCODING 10634
SWIDTH 687 0
DWIDTH 11 0
BBX 5 14 3 -1
BITMAP
80
C0
C0
E0
F0
D0
D8
D8
F0
E0
E0
C0
80
80
ENDCHAR
STARTCHAR 2999
ENCODING 10649
SWIDTH 687 0
DWIDTH 11 0
BBX 2 11 4 0
BITMAP
C0
C0
00
C0
C0
00
C0
C0
00
C0
C0
ENDCHAR
STARTCHAR 299A
ENCODING 10650
SWIDTH 687 0
DWIDTH 11 0
BBX 4 15 3 -2
BITMAP
60
30
60
E0
30
30
E0
60
30
60
60
30
70
C0
70
ENDCHAR
STARTCHAR 29A2
ENCODING 10658
SWIDTH 687 0
DWIDTH 11 0
BBX 8 8 1 1
BITMAP
FF
06
0C
18
30
60
C0
80
ENDCHAR
STARTCHAR 29A3
ENCODING 10659
SWIDTH 687 0
DWIDTH 11 0
BBX 8 8 1 1
BITMAP
80
C0
60
30
18
0C
06
FF
ENDCHAR
STARTCHAR 29B0
ENCODING 10672
SWIDTH 687 0
DWIDTH 11 0
BBX 8 14 1 -1
BITMAP
40
FC
7E
66
F3
F3
DB
DB
CF
CF
66
7E
3F
02
ENDCHAR
STARTCHAR 29B1
ENCODING 10673
SWIDTH 687 0
DWIDTH 11 0
BBX 8 16 1 -1
BITMAP
FF
00
02
3F
7E
66
CF
CF
DB
DB
F3
F3
66
7E
FC
40
ENDCHAR
STARTCHAR 29B2
ENCODING 10674
SWIDTH 687 0
DWIDTH 11 0
BBX 8 17 1 -1
BITMAP
1C
34
3C
00
3F
7E
67
C7
CF
CB
DB
F3
F3
63
7E
FC
40
ENDCHAR
STARTCHAR 29B3
ENCODING 10675
SWIDTH 687 0
DWIDTH 11 0
BBX 8 16 1 0
BITMAP
7E
04
02
3F
7E
66
CF
CF
DB
DB
F3
F3
66
7E
FC
40
ENDCHAR
STARTCHAR 29B4
ENCODING 10676
SWIDTH 687 0
DWIDTH 11 0
BBX 8 16 1 0
BITMAP
7E
20
02
3F
7E
66
CF
CF
DB
DB
F3
F3
66
7E
FC
40
ENDCHAR
STARTCHAR 29B5
ENCODING 10677
SWIDTH 687 0
DWIDTH 11 0
BBX 10 9 0 1
BITMAP
1E00
3300
6180
6080
FFC0
6080
6180
3300
1E00
ENDCHAR
STARTCHAR 29B6
ENCODING 10678
SWIDTH 687 0
DWIDTH 11 0
BBX 8 9 1 1
BITMAP
18
7E
5B
D9
D9
D9
DB
7E
3C
ENDCHAR
STARTCHAR 29B7
ENCODING 10679
SWIDTH 687 0
DWIDTH 11 0
BBX 9 9 1 1
BITMAP
3C00
7600
D500
D580
D580
D500
D500
7600
3C00
ENDCHAR
STARTCHAR 29B8
ENCODING 10680
SWIDTH 687 0
DWIDTH 11 0
BBX 9 9 1 1
BITMAP
3C00
6600
F300
F900
DD80
CF00
C700
6600
3C00
ENDCHAR
STARTCHAR 29B9
ENCODING 10681
SWIDTH 687 0
DWIDTH 11 0
BBX 9 9 1 1
BITMAP
3C00
7E00
CB00
C900
C980
FF00
C300
6600
3C00
ENDCHAR
STARTCHAR 29BA
ENCODING 10682
SWIDTH 687 0
DWIDTH 11 0
BBX 9 9 1 1
BITMAP
1C00
7E00
4B00
C900
FF80
C180
C100
6700
3C00
ENDCHAR
STARTCHAR 29BB
ENCODING 10683
SWIDTH 687 0
DWIDTH 11 0
BBX 9 9 1 1
BITMAP
FD80
6700
E700
FD00
D980
FD00
E700
6700
FD80
ENDCHAR
STARTCHAR 29BC
ENCODING 10684
SWIDTH 687 0
DWIDTH 11 0
BBX 9 9 1 1
BITMAP
3C00
6300
F700
FD80
D980
F780
F500
6300
3C00
ENDCHAR
STARTCHAR 29BD
ENCODING 10685
SWIDTH 687 0
DWIDTH 11 0
BBX 9 17 1 -3
BITMAP
1800
3C00
6A00
4900
1C00
7E00
4B00
C900
C980
C900
CB00
7E00
1C00
0800
0800
0800
0800
ENDCHAR
STARTCHAR 29BE
ENCODING 10686
SWIDTH 687 0
DWIDTH 11 0
BBX 9 9 1 1
BITMAP
3C00
6600
C300
D900
D580
D900
C300
6600
3C00
ENDCHAR
STARTCHAR 29BF
ENCODING 10687
SWIDTH 687 0
DWIDTH 11 0
BBX 9 9 1 1
BITMAP
3C00
6600
C300
DD00
DD80
DD00
C300
6600
3C00
ENDCHAR
STARTCHAR 29C4
ENCODING 10692
SWIDTH 687 0
DWIDTH 11 0
BBX 9 8 1 1
BITMAP
FF80
C380
C780
CD80
D980
F180
E180
FF80
ENDCHAR
STARTCHAR 29C5
ENCODING 10693
SWIDTH 687 0
DWIDTH 11 0
BBX 9 8 1 1
BITMAP
FF80
E180
F180
D980
CD80
C780
C380
FF80
ENDCHAR
STARTCHAR 29C6
ENCODING 10694
SWIDTH 687 0
DWIDTH 11 0
BBX 9 8 1 1
BITMAP
FF80
C980
EB80
FD80
FF80
EB80
C980
FF80
ENDCHAR
STARTCHAR 29C7
ENCODING 10695
SWIDTH 687 0
DWIDTH 11 0
BBX 9 8 1 1
BITMAP
FF80
C180
D980
D580
D980
C180
C180
FF80
ENDCHAR
STARTCHAR 29C8
ENCODING 10696
SWIDTH 687 0
DWIDTH 11 0
BBX 9 8 1 1
BITMAP
FF80
C180
DD80
D580
DD80
C180
C180
FF80
ENDCHAR
STARTCHAR 29C9
ENCODING 10697
SWIDTH 1312 0
DWIDTH 21 0
BBX 13 13 4 -1
BITMAP
FF80
8080
8080
8080
8FF8
8888
8888
8888
FF88
0808
0808
0808
0FF8
ENDCHAR
STARTCHAR 29CA
ENCODING 10698
SWIDTH 1312 0
DWIDTH 21 0
BBX 14 16 4 -1
BITMAP
0300
0700
0200
0000
0200
0300
0700
0D80
08C0
1840
1060
3020
6030
4018
C008
FFFC
ENDCHAR
STARTCHAR 29CB
ENCODING 10699
SWIDTH 1312 0
DWIDTH 21 0
BBX 15 14 3 -3
BITMAP
0100
0180
0380
06C0
0440
0C60
0830
1810
3018
2008
6004
7FFE
0000
FFFE
ENDCHAR
STARTCHAR 29CD
ENCODING 10701
SWIDTH 1312 0
DWIDTH 21 0
BBX 18 12 2 -1
BITMAP
008000
00C000
01E000
012000
033000
021000
061800
0C0C00
080400
180600
100200
FFFFC0
ENDCHAR
STARTCHAR 29CE
ENCODING 10702
SWIDTH 687 0
DWIDTH 11 0
BBX 8 13 1 -1
BITMAP
C0
F0
DC
C7
C7
FD
F7
BF
F3
E3
3B
0F
03
ENDCHAR
STARTCHAR 29D1
ENCODING 10705
SWIDTH 687 0
DWIDTH 11 0
BBX 8 9 1 1
BITMAP
81
C3
E7
FD
F9
FD
E7
C3
81
ENDCHAR
STARTCHAR 29D2
ENCODING 10706
SWIDTH 687 0
DWIDTH 11 0
BBX 8 9 1 1
BITMAP
81
C3
E7
BF
9F
BF
E7
C3
81
ENDCHAR
STARTCHAR 29D3
ENCODING 10707
SWIDTH 687 0
DWIDTH 11 0
BBX 8 9 1 1
BITMAP
81
C3
E7
FF
FF
FF
E7
C3
81
ENDCHAR
STARTCHAR 29D4
ENCODING 10708
SWIDTH 687 0
DWIDTH 11 0
BBX 8 9 1 1
BITMAP
81
C3
E6
FC
F8
FC
E6
C3
81
ENDCHAR
STARTCHAR 29D5
ENCODING 10709
SWIDTH 687 0
DWIDTH 11 0
BBX 8 9 1 1
BITMAP
81
C3
67
3F
1F
3F
67
C3
81
ENDCHAR
STARTCHAR 29D6
ENCODING 10710
SWIDTH 687 0
DWIDTH 11 0
BBX 9 13 1 -1
BITMAP
FF80
C100
6300
2600
3400
1C00
1800
1C00
3400
2600
6300
C100
FF80
ENDCHAR
STARTCHAR 29D7
ENCODING 10711
SWIDTH 687 0
DWIDTH 11 0
BBX 9 13 1 -1
BITMAP
FF80
FF00
7F00
3E00
3C00
1C00
1800
1C00
3C00
3E00
7F00
FF00
FF80
ENDCHAR
STARTCHAR 29D8
ENCODING 10712
SWIDTH 687 0
DWIDTH 11 0
BBX 4 15 3 -2
BITMAP
60
30
60
60
30
60
60
30
60
60
30
60
E0
30
60
ENDCHAR
STARTCHAR 29D9
ENCODING 10713
SWIDTH 687 0
DWIDTH 11 0
BBX 4 15 3 -2
BITMAP
70
E0
30
70
C0
70
70
C0
70
30
E0
70
30
E0
70
ENDCHAR
STARTCHAR 29DA
ENCODING 10714
SWIDTH 687 0
DWIDTH 11 0
BBX 7 15 2 -2
BITMAP
FC
76
DC
CC
76
CC
DC
76
CC
DC
76
EC
DC
66
EC
ENDCHAR
STARTCHAR 29DB
ENCODING 10715
SWIDTH 687 0
DWIDTH 11 0
BBX 8 15 1 -2
BITMAP
77
EC
37
36
EC
37
37
EC
36
37
EC
76
37
6C
77
ENDCHAR
STARTCHAR 29DF
ENCODING 10719
SWIDTH 687 0
DWIDTH 11 0
BBX 7 3 2 4
BITMAP
EE
BA
EE
ENDCHAR
STARTCHAR 29E2
ENCODING 10722
SWIDTH 687 0
DWIDTH 11 0
BBX 8 12 1 -1
BITMAP
D9
D9
D9
D9
D9
D9
D9
D9
D9
D9
FF
FF
ENDCHAR
STARTCHAR 29E3
ENCODING 10723
SWIDTH 687 0
DWIDTH 11 0
BBX 9 11 1 0
BITMAP
0D80
0D80
1900
FF80
FF80
3600
FF80
FF80
CC00
D800
9800
ENDCHAR
STARTCHAR 29E4
ENCODING 10724
SWIDTH 687 0
DWIDTH 11 0
BBX 9 15 1 0
BITMAP
3B00
6E00
0000
0000
0D80
0D80
1900
FF80
FF80
3600
FF80
FF80
CC00
D800
9800
ENDCHAR
STARTCHAR 29E5
ENCODING 10725
SWIDTH 687 0
DWIDTH 11 0
BBX 9 11 1 0
BITMAP
0D80
0D80
FF80
FF80
3300
FF80
FF80
FF80
FF80
D800
9800
ENDCHAR
STARTCHAR 29E6
ENCODING 10726
SWIDTH 687 0
DWIDTH 11 0
BBX 7 12 2 -1
BITMAP
C6
C6
C6
FE
FE
C6
C6
FE
FE
C6
C6
C6
ENDCHAR
STARTCHAR 29E7
ENCODING 10727
SWIDTH 687 0
DWIDTH 11 0
BBX 8 11 1 0
BITMAP
18
18
18
FF
FF
18
FF
FF
18
18
18
ENDCHAR
STARTCHAR 29E8
ENCODING 10728
SWIDTH 1312 0
DWIDTH 21 0
BBX 14 12 4 -1
BITMAP
FFFC
FE18
7E10
7E30
3E20
1E60
1EC0
0E80
0F80
0700
0200
0200
ENDCHAR
STARTCHAR 29E9
ENCODING 10729
SWIDTH 1312 0
DWIDTH 21 0
BBX 14 12 4 -1
BITMAP
FFFC
C1F8
41F0
61F0
31E0
11E0
19C0
0980
0D80
0700
0200
0200
ENDCHAR
STARTCHAR 29EB
ENCODING 10731
SWIDTH 1312 0
DWIDTH 21 0
BBX 9 13 6 -1
BITMAP
0800
0800
1C00
3E00
3E00
7F00
FF80
7F00
3E00
3E00
1C00
0800
0800
ENDCHAR
STARTCHAR 29F4
ENCODING 10740
SWIDTH 687 0
DWIDTH 11 0
BBX 9 9 0 1
BITMAP
4000
E400
6200
0100
1F80
1F80
4300
E600
6000
ENDCHAR
STARTCHAR 29F5
ENCODING 10741
SWIDTH 687 0
DWIDTH 11 0
BBX 7 15 2 -2
BITMAP
C0
C0
C0
60
60
70
30
30
18
18
18
0C
0C
0C
06
ENDCHAR
STARTCHAR 29F6
ENCODING 10742
SWIDTH 687 0
DWIDTH 11 0
BBX 8 17 1 -2
BITMAP
3C
00
03
06
06
0E
0C
0C
18
18
18
30
30
30
60
60
E0
ENDCHAR
STARTCHAR 29F7
ENCODING 10743
SWIDTH 687 0
DWIDTH 11 0
BBX 7 15 2 -2
BITMAP
C0
C0
E0
60
60
30
30
FE
18
18
18
0C
0C
06
06
ENDCHAR
STARTCHAR 29F8
ENCODING 10744
SWIDTH 687 0
DWIDTH 11 0
BBX 8 20 1 -5
BITMAP
03
03
06
06
06
0C
0C
0C
0C
18
18
18
30
30
30
30
60
60
60
E0
ENDCHAR
STARTCHAR 29F9
ENCODING 10745
SWIDTH 687 0
DWIDTH 11 0
BBX 7 20 2 -5
BITMAP
C0
C0
C0
60
60
60
60
30
30
30
18
18
18
18
0C
0C
0C
0E
06
06
ENDCHAR
STARTCHAR 29FA
ENCODING 10746
SWIDTH 687 0
DWIDTH 11 0
BBX 7 8 2 1
BITMAP
6C
6C
6C
FE
FE
6C
6C
6C
ENDCHAR
STARTCHAR 29FB
ENCODING 10747
SWIDTH 687 0
DWIDTH 11 0
BBX 7 8 2 1
BITMAP
54
54
54
FE
FE
54
54
54
ENDCHAR
STARTCHAR 2A00
ENCODING 10752
SWIDTH 1312 0
DWIDTH 21 0
BBX 17 17 2 -3
BITMAP
07E000
0C3800
300C00
200600
600300
400300
C00100
C18100
C1C180
C1C100
C00100
400300
600300
200600
300C00
0C3800
07E000
ENDCHAR
STARTCHAR 2A01
ENCODING 10753
SWIDTH 1312 0
DWIDTH 21 0
BBX 17 17 2 -3
BITMAP
01E000
0FF800
18CC00
30C600
60C300
60C180
40C180
C0C180
FFFF80
C0C080
40C180
60C180
60C300
30C200
18CE00
0FF800
03E000
ENDCHAR
STARTCHAR 2A02
ENCODING 10754
SWIDTH 1312 0
DWIDTH 21 0
BBX 17 17 2 -3
BITMAP
07E000
0C3800
300C00
380E00
7C1B00
4E3300
C76100
C3C100
C18180
C3C100
C66100
4C3300
781B00
380E00
300C00
0C3800
07E000
ENDCHAR
STARTCHAR 2A05
ENCODING 10757
SWIDTH 1312 0
DWIDTH 21 0
BBX 15 16 3 -2
BITMAP
FFFE
FFFE
C006
C006
C006
C006
C006
C006
C006
C006
C006
C006
C006
C006
C006
C006
ENDCHAR
STARTCHAR 2A06
ENCODING 10758
SWIDTH 1312 0
DWIDTH 21 0
BBX 15 16 3 -3
BITMAP
C006
C006
C006
C006
C006
C006
C006
C006
C006
C006
C006
C006
C006
C006
FFFE
FFFE
ENDCHAR
STARTCHAR 2A09
ENCODING 10761
SWIDTH 1312 0
DWIDTH 21 0
BBX 15 17 3 -3
BITMAP
8002
C006
600C
3018
1830
0C60
06E0
07C0
0380
03C0
06C0
0C60
1830
3018
600C
C006
8002
ENDCHAR
STARTCHAR 2A11
ENCODING 10769
SWIDTH 687 0
DWIDTH 11 0
BBX 7 17 2 -3
BITMAP
04
1C
30
30
30
30
30
30
36
B6
F4
7C
30
30
30
E0
80
ENDCHAR
STARTCHAR 2A12
ENCODING 10770
SWIDTH 687 0
DWIDTH 11 0
BBX 7 17 2 -3
BITMAP
04
1C
30
30
30
3E
06
16
36
36
06
3E
30
30
30
E0
80
ENDCHAR
STARTCHAR 2A13
ENCODING 10771
SWIDTH 687 0
DWIDTH 11 0
BBX 7 17 2 -3
BITMAP
04
1C
30
30
30
3C
0E
16
36
36
06
3C
30
30
30
E0
80
ENDCHAR
STARTCHAR 2A14
ENCODING 10772
SWIDTH 687 0
DWIDTH 11 0
BBX 8 17 2 -3
BITMAP
04
1C
30
30
30
3C
26
12
1B
1A
06
3C
30
30
30
E0
80
ENDCHAR
STARTCHAR 2A15
ENCODING 10773
SWIDTH 687 0
DWIDTH 11 0
BBX 8 17 1 -3
BITMAP
02
0E
18
18
18
3E
67
4B
DB
DB
63
7E
18
18
18
70
40
ENDCHAR
STARTCHAR 2A16
ENCODING 10774
SWIDTH 687 0
DWIDTH 11 0
BBX 8 17 1 -3
BITMAP
02
0E
18
18
18
FF
DB
DB
DB
DB
DB
FF
18
18
18
70
40
ENDCHAR
STARTCHAR 2A1D
ENCODING 10781
SWIDTH 1312 0
DWIDTH 21 0
BBX 15 17 3 -3
BITMAP
8002
C006
E00E
F01E
D836
CC66
CEE6
C7C6
C386
C7C6
C6C6
CC66
D836
F01E
E00E
C006
8002
ENDCHAR
STARTCHAR 2A1E
ENCODING 10782
SWIDTH 1312 0
DWIDTH 21 0
BBX 15 15 3 -3
BITMAP
0006
001E
007E
00E6
0386
0E06
3C06
F006
3806
0E06
0386
01E6
007E
001E
0006
ENDCHAR
STARTCHAR 2A1F
ENCODING 10783
SWIDTH 687 0
DWIDTH 11 0
BBX 4 13 3 -4
BITMAP
60
90
90
F0
00
00
F0
90
90
70
20
60
40
ENDCHAR
STARTCHAR 2A20
ENCODING 10784
SWIDTH 687 0
DWIDTH 11 0
BBX 10 10 0 0
BITMAP
6C00
7600
1B00
0D80
04C0
0DC0
1B00
3600
EC00
4000
ENDCHAR
STARTCHAR 2A21
ENCODING 10785
SWIDTH 687 0
DWIDTH 11 0
BBX 4 17 4 -3
BITMAP
80
C0
E0
F0
C0
C0
C0
C0
C0
C0
C0
C0
C0
C0
C0
C0
C0
ENDCHAR
STARTCHAR 2A22
ENCODING 10786
SWIDTH 687 0
DWIDTH 11 0
BBX 7 12 2 1
BITMAP
38
28
38
00
30
30
30
FE
FE
30
30
30
ENDCHAR
STARTCHAR 2A23
ENCODING 10787
SWIDTH 687 0
DWIDTH 11 0
BBX 7 12 2 1
BITMAP
38
6C
44
00
30
30
30
FE
FE
30
30
30
ENDCHAR
STARTCHAR 2A24
ENCODING 10788
SWIDTH 687 0
DWIDTH 11 0
BBX 9 11 1 1
BITMAP
7980
DF00
4600
1800
1800
1800
7F00
7F00
1800
1800
1800
ENDCHAR
STARTCHAR 2A25
ENCODING 10789
SWIDTH 687 0
DWIDTH 11 0
BBX 7 10 2 -1
BITMAP
30
30
30
FE
FE
30
30
30
38
10
ENDCHAR
STARTCHAR 2A26
ENCODING 10790
SWIDTH 687 0
DWIDTH 11 0
BBX 9 10 1 -2
BITMAP
1800
1800
1800
7F00
7F00
1800
1800
1800
7980
CF00
ENDCHAR
STARTCHAR 2A2A
ENCODING 10794
SWIDTH 687 0
DWIDTH 11 0
BBX 7 6 2 0
BITMAP
FE
FE
00
30
38
10
ENDCHAR
STARTCHAR 2A2B
ENCODING 10795
SWIDTH 687 0
DWIDTH 11 0
BBX 8 11 1 0
BITMAP
40
E0
60
00
00
FF
FF
00
03
07
02
ENDCHAR
STARTCHAR 2A2C
ENCODING 10796
SWIDTH 687 0
DWIDTH 11 0
BBX 8 11 1 0
BITMAP
02
07
03
00
00
FF
FF
00
60
E0
40
ENDCHAR
STARTCHAR 2A2D
ENCODING 10797
SWIDTH 687 0
DWIDTH 11 0
BBX 8 9 1 1
BITMAP
10
78
C8
C8
FF
C8
C8
68
30
ENDCHAR
STARTCHAR 2A2E
ENCODING 10798
SWIDTH 687 0
DWIDTH 11 0
BBX 8 9 2 1
BITMAP
08
1E
13
13
FF
13
13
16
0C
ENDCHAR
STARTCHAR 2A2F
ENCODING 10799
SWIDTH 687 0
DWIDTH 11 0
BBX 9 9 1 1
BITMAP
8100
C380
6700
3E00
1C00
3C00
7600
E300
C100
ENDCHAR
STARTCHAR 2A30
ENCODING 10800
SWIDTH 687 0
DWIDTH 11 0
BBX 8 9 1 1
BITMAP
99
DB
66
3C
18
3C
66
C3
81
ENDCHAR
STARTCHAR 2A31
ENCODING 10801
SWIDTH 687 0
DWIDTH 11 0
BBX 8 10 1 0
BITMAP
81
C3
66
3C
18
3C
66
C3
FF
FF
ENDCHAR
STARTCHAR 2A32
ENCODING 10802
SWIDTH 687 0
DWIDTH 11 0
BBX 9 8 1 2
BITMAP
C180
6300
3600
1C00
1C00
3600
6300
FF80
ENDCHAR
STARTCHAR 2A34
ENCODING 10804
SWIDTH 687 0
DWIDTH 11 0
BBX 8 9 1 1
BITMAP
30
62
F6
FC
D8
FC
F6
63
30
ENDCHAR
STARTCHAR 2A35
ENCODING 10805
SWIDTH 687 0
DWIDTH 11 0
BBX 8 9 2 1
BITMAP
18
86
CE
7A
33
7A
CE
86
1C
ENDCHAR
STARTCHAR 2A36
ENCODING 10806
SWIDTH 687 0
DWIDTH 11 0
BBX 9 12 1 1
BITMAP
3C00
2600
0000
3C00
6600
F700
FD00
D980
FD00
E700
6600
3C00
ENDCHAR
STARTCHAR 2A38
ENCODING 10808
SWIDTH 687 0
DWIDTH 11 0
BBX 9 9 1 1
BITMAP
3C00
6600
CB00
C180
FF80
C100
C900
6600
3C00
ENDCHAR
STARTCHAR 2A3C
ENCODING 10812
SWIDTH 687 0
DWIDTH 11 0
BBX 7 4 2 3
BITMAP
06
06
FE
FE
ENDCHAR
STARTCHAR 2A3D
ENCODING 10813
SWIDTH 687 0
DWIDTH 11 0
BBX 7 4 2 3
BITMAP
C0
C0
FE
FE
ENDCHAR
STARTCHAR 2A3E
ENCODING 10814
SWIDTH 687 0
DWIDTH 11 0
BBX 3 9 4 -3
BITMAP
E0
A0
E0
00
E0
A0
E0
40
40
ENDCHAR
STARTCHAR 2A3F
ENCODING 10815
SWIDTH 687 0
DWIDTH 11 0
BBX 9 12 1 0
BITMAP
E780
E780
6300
6300
6300
6300
6300
6300
6300
6300
FF80
FF80
ENDCHAR
STARTCHAR 2A40
ENCODING 10816
SWIDTH 687 0
DWIDTH 11 0
BBX 8 12 1 -1
BITMAP
3C
66
5A
DB
DB
C3
C3
C3
C3
C3
C3
C3
ENDCHAR
STARTCHAR 2A41
ENCODING 10817
SWIDTH 687 0
DWIDTH 11 0
BBX 8 12 1 0
BITMAP
C3
C3
C3
C3
C3
C3
C3
C3
FF
42
66
3C
ENDCHAR
STARTCHAR 2A42
ENCODING 10818
SWIDTH 687 0
DWIDTH 11 0
BBX 7 13 2 -1
BITMAP
FE
FE
00
C6
C6
C6
C6
C6
C6
C6
C6
7C
10
ENDCHAR
STARTCHAR 2A43
ENCODING 10819
SWIDTH 687 0
DWIDTH 11 0
BBX 7 12 2 0
BITMAP
FE
FE
00
10
7C
C6
C6
C6
C6
C6
C6
C6
ENDCHAR
STARTCHAR 2A4C
ENCODING 10828
SWIDTH 687 0
DWIDTH 11 0
BBX 9 13 1 -1
BITMAP
FF80
FF80
6300
6300
6300
6300
6300
6300
6300
6300
6300
3E00
0800
ENDCHAR
STARTCHAR 2A4D
ENCODING 10829
SWIDTH 687 0
DWIDTH 11 0
BBX 9 12 1 0
BITMAP
3E00
6300
6300
6300
6300
6300
6300
6300
6300
6300
FF80
FF80
ENDCHAR
STARTCHAR 2A4E
ENCODING 10830
SWIDTH 687 0
DWIDTH 11 0
BBX 7 12 2 -1
BITMAP
FE
82
BA
AA
AA
AA
AA
AA
AA
AA
AA
AA
ENDCHAR
STARTCHAR 2A4F
ENCODING 10831
SWIDTH 687 0
DWIDTH 11 0
BBX 7 11 2 0
BITMAP
AA
AA
AA
AA
AA
AA
AA
AA
BA
82
FE
ENDCHAR
STARTCHAR 2A53
ENCODING 10835
SWIDTH 687 0
DWIDTH 11 0
BBX 8 11 1 0
BITMAP
18
18
14
14
2C
2E
3A
5A
57
75
A5
ENDCHAR
STARTCHAR 2A54
ENCODING 10836
SWIDTH 687 0
DWIDTH 11 0
BBX 8 11 1 0
BITMAP
A5
75
57
5A
3A
2A
2C
34
14
18
18
ENDCHAR
STARTCHAR 2A57
ENCODING 10839
SWIDTH 687 0
DWIDTH 11 0
BBX 7 12 2 -1
BITMAP
C6
C6
CC
CC
D8
D8
D0
F0
E0
E0
E0
C0
ENDCHAR
STARTCHAR 2A58
ENCODING 10840
SWIDTH 687 0
DWIDTH 11 0
BBX 7 12 2 -1
BITMAP
06
0E
0E
1E
1E
36
36
66
66
C6
C6
86
ENDCHAR
STARTCHAR 2A5A
ENCODING 10842
SWIDTH 687 0
DWIDTH 11 0
BBX 7 12 2 -1
BITMAP
30
38
38
78
78
78
7C
7C
F4
F4
B6
B6
ENDCHAR
STARTCHAR 2A5B
ENCODING 10843
SWIDTH 687 0
DWIDTH 11 0
BBX 7 12 2 -1
BITMAP
B6
B6
F4
F4
7C
7C
78
78
38
38
30
30
ENDCHAR
STARTCHAR 2A5C
ENCODING 10844
SWIDTH 687 0
DWIDTH 11 0
BBX 7 12 2 -1
BITMAP
30
38
38
38
68
FE
FE
4C
CC
C6
C6
C6
ENDCHAR
STARTCHAR 2A5D
ENCODING 10845
SWIDTH 687 0
DWIDTH 11 0
BBX 7 12 2 -1
BITMAP
C6
C6
C4
4C
6C
FE
FE
78
38
38
38
30
ENDCHAR
STARTCHAR 2A5E
ENCODING 10846
SWIDTH 687 0
DWIDTH 11 0
BBX 7 13 2 0
BITMAP
FE
FE
00
FE
FE
00
38
38
78
6C
6C
C4
C6
ENDCHAR
STARTCHAR 2A5F
ENCODING 10847
SWIDTH 687 0
DWIDTH 11 0
BBX 7 12 2 -1
BITMAP
38
38
38
68
6C
4C
C4
C6
C6
00
FE
FE
ENDCHAR
STARTCHAR 2A60
ENCODING 10848
SWIDTH 687 0
DWIDTH 11 0
BBX 7 13 2 -2
BITMAP
38
38
68
6C
4C
C4
C6
00
FE
FE
00
FE
FE
ENDCHAR
STARTCHAR 2A61
ENCODING 10849
SWIDTH 687 0
DWIDTH 11 0
BBX 7 9 2 0
BITMAP
C6
C4
6C
6C
38
38
30
FE
FE
ENDCHAR
STARTCHAR 2A62
ENCODING 10850
SWIDTH 687 0
DWIDTH 11 0
BBX 7 13 2 0
BITMAP
FE
FE
00
FE
FE
00
C6
C4
4C
6C
68
38
38
ENDCHAR
STARTCHAR 2A63
ENCODING 10851
SWIDTH 687 0
DWIDTH 11 0
BBX 7 13 2 -2
BITMAP
C6
C4
6C
6C
78
38
38
00
FE
FE
00
FE
FE
ENDCHAR
STARTCHAR 2A64
ENCODING 10852
SWIDTH 687 0
DWIDTH 11 0
BBX 7 11 2 0
BITMAP
02
06
1E
76
E6
FE
E6
76
1E
0E
02
ENDCHAR
STARTCHAR 2A65
ENCODING 10853
SWIDTH 687 0
DWIDTH 11 0
BBX 7 11 2 0
BITMAP
80
C0
F0
F8
CE
FE
CE
DC
F0
C0
80
ENDCHAR
STARTCHAR 2A66
ENCODING 10854
SWIDTH 687 0
DWIDTH 11 0
BBX 7 9 2 -1
BITMAP
FE
FE
00
00
FE
00
30
38
10
ENDCHAR
STARTCHAR 2A67
ENCODING 10855
SWIDTH 687 0
DWIDTH 11 0
BBX 7 10 2 2
BITMAP
38
38
00
FE
FE
00
FE
FE
FE
FE
ENDCHAR
STARTCHAR 2A68
ENCODING 10856
SWIDTH 687 0
DWIDTH 11 0
BBX 7 11 2 0
BITMAP
4C
4C
FE
FE
4C
FE
FE
FE
FE
4C
4C
ENDCHAR
STARTCHAR 2A69
ENCODING 10857
SWIDTH 687 0
DWIDTH 11 0
BBX 9 12 1 -1
BITMAP
4B00
4B00
FF80
FF80
4B00
FF80
FF80
4B00
FF80
4B00
4B00
4B00
ENDCHAR
STARTCHAR 2A6A
ENCODING 10858
SWIDTH 687 0
DWIDTH 11 0
BBX 8 7 1 4
BITMAP
08
1C
18
00
31
FF
4E
ENDCHAR
STARTCHAR 2A6B
ENCODING 10859
SWIDTH 687 0
DWIDTH 11 0
BBX 8 11 1 0
BITMAP
02
07
03
00
71
FF
CE
00
60
E0
40
ENDCHAR
STARTCHAR 2A6C
ENCODING 10860
SWIDTH 687 0
DWIDTH 11 0
BBX 8 9 1 1
BITMAP
31
FF
4E
00
7F
7F
31
7F
4E
ENDCHAR
STARTCHAR 2A6D
ENCODING 10861
SWIDTH 687 0
DWIDTH 11 0
BBX 7 11 2 2
BITMAP
30
38
10
62
FE
9C
00
FE
00
FE
FE
ENDCHAR
STARTCHAR 2A6E
ENCODING 10862
SWIDTH 687 0
DWIDTH 11 0
BBX 7 10 2 3
BITMAP
10
38
38
10
00
FE
FE
00
FE
FE
ENDCHAR
STARTCHAR 2A6F
ENCODING 10863
SWIDTH 687 0
DWIDTH 11 0
BBX 9 11 1 2
BITMAP
1C00
3600
2000
0000
0000
7B80
CF00
0400
7B80
DF00
0400
ENDCHAR
STARTCHAR 2A70
ENCODING 10864
SWIDTH 687 0
DWIDTH 11 0
BBX 8 11 1 0
BITMAP
31
FF
4E
31
7F
4E
00
7F
7F
7F
7F
ENDCHAR
STARTCHAR 2A71
ENCODING 10865
SWIDTH 687 0
DWIDTH 11 0
BBX 7 12 2 -1
BITMAP
FE
FE
00
FE
30
30
30
FE
FE
30
30
30
ENDCHAR
STARTCHAR 2A72
ENCODING 10866
SWIDTH 687 0
DWIDTH 11 0
BBX 7 12 2 0
BITMAP
30
30
30
FE
FE
30
30
30
FE
FE
FE
FE
ENDCHAR
STARTCHAR 2A73
ENCODING 10867
SWIDTH 687 0
DWIDTH 11 0
BBX 8 8 1 1
BITMAP
7F
00
7F
7F
00
71
FF
4E
ENDCHAR
STARTCHAR 2A7D
ENCODING 10877
SWIDTH 687 0
DWIDTH 11 0
BBX 7 12 2 -1
BITMAP
06
1C
78
E0
C0
F0
3C
CE
72
38
0E
02
ENDCHAR
STARTCHAR 2A7E
ENCODING 10878
SWIDTH 687 0
DWIDTH 11 0
BBX 8 12 1 -1
BITMAP
60
70
1C
07
03
0E
39
E7
4E
38
70
40
ENDCHAR
STARTCHAR 2A7F
ENCODING 10879
SWIDTH 687 0
DWIDTH 11 0
BBX 7 12 2 -1
BITMAP
06
1C
30
C6
C6
70
9C
E6
30
1C
06
02
ENDCHAR
STARTCHAR 2A80
ENCODING 10880
SWIDTH 687 0
DWIDTH 11 0
BBX 8 11 1 -1
BITMAP
60
30
1C
67
63
0E
39
E7
0C
38
E0
ENDCHAR
STARTCHAR 2A85
ENCODING 10885
SWIDTH 687 0
DWIDTH 11 0
BBX 8 12 1 -1
BITMAP
03
1E
78
60
70
1C
07
71
FF
7F
7B
CE
ENDCHAR
STARTCHAR 2A86
ENCODING 10886
SWIDTH 687 0
DWIDTH 11 0
BBX 8 12 1 -1
BITMAP
E0
38
0E
03
0F
38
E0
71
FF
7F
7B
CE
ENDCHAR
STARTCHAR 2A87
ENCODING 10887
SWIDTH 687 0
DWIDTH 11 0
BBX 7 13 2 -2
BITMAP
06
1E
78
E0
C0
70
3C
0E
0E
18
FE
FE
60
ENDCHAR
STARTCHAR 2A88
ENCODING 10888
SWIDTH 687 0
DWIDTH 11 0
BBX 8 13 1 -2
BITMAP
60
78
1C
07
03
0E
38
F0
46
0C
7F
7F
30
ENDCHAR
STARTCHAR 2A89
ENCODING 10889
SWIDTH 687 0
DWIDTH 11 0
BBX 8 12 1 -1
BITMAP
07
1E
78
40
70
1E
07
7D
DF
3F
FB
FE
ENDCHAR
STARTCHAR 2A8A
ENCODING 10890
SWIDTH 687 0
DWIDTH 11 0
BBX 8 12 1 -1
BITMAP
E0
38
0E
03
0E
38
E0
7D
DF
3F
FB
FE
ENDCHAR
STARTCHAR 2A8D
ENCODING 10893
SWIDTH 687 0
DWIDTH 11 0
BBX 8 11 1 0
BITMAP
03
0E
78
60
70
1E
07
71
FF
46
7F
ENDCHAR
STARTCHAR 2A8E
ENCODING 10894
SWIDTH 687 0
DWIDTH 11 0
BBX 8 11 1 0
BITMAP
60
38
0E
03
0F
3C
E0
31
FF
46
7F
ENDCHAR
STARTCHAR 2A95
ENCODING 10901
SWIDTH 687 0
DWIDTH 11 0
BBX 7 12 2 0
BITMAP
02
0E
1C
72
CE
BC
70
C0
C0
70
1C
06
ENDCHAR
STARTCHAR 2A96
ENCODING 10902
SWIDTH 687 0
DWIDTH 11 0
BBX 8 12 1 0
BITMAP
40
E0
38
0E
E7
39
0E
07
07
1E
78
E0
ENDCHAR
STARTCHAR 2A97
ENCODING 10903
SWIDTH 687 0
DWIDTH 11 0
BBX 7 12 2 0
BITMAP
02
06
1C
30
E6
9C
70
C6
C6
30
1C
06
ENDCHAR
STARTCHAR 2A98
ENCODING 10904
SWIDTH 687 0
DWIDTH 11 0
BBX 8 11 1 1
BITMAP
E0
38
0C
E7
39
0E
63
67
0C
30
60
ENDCHAR
STARTCHAR 2A99
ENCODING 10905
SWIDTH 687 0
DWIDTH 11 0
BBX 7 11 2 0
BITMAP
FE
00
FE
02
0E
38
E0
C0
F0
1C
06
ENDCHAR
STARTCHAR 2A9A
ENCODING 10906
SWIDTH 687 0
DWIDTH 11 0
BBX 8 11 1 0
BITMAP
7F
00
7F
00
E0
3C
0F
03
0E
38
60
ENDCHAR
STARTCHAR 2A9D
ENCODING 10909
SWIDTH 687 0
DWIDTH 11 0
BBX 8 13 1 -1
BITMAP
31
FF
4E
00
03
0E
38
60
60
38
1E
07
01
ENDCHAR
STARTCHAR 2A9E
ENCODING 10910
SWIDTH 687 0
DWIDTH 11 0
BBX 8 12 1 -1
BITMAP
31
FF
4E
00
E0
78
1E
07
07
0E
38
E0
ENDCHAR
STARTCHAR 2AAA
ENCODING 10922
SWIDTH 687 0
DWIDTH 11 0
BBX 7 10 2 0
BITMAP
06
1E
38
E0
FE
FE
70
1C
0E
02
ENDCHAR
STARTCHAR 2AAB
ENCODING 10923
SWIDTH 687 0
DWIDTH 11 0
BBX 8 10 1 0
BITMAP
60
70
1C
0E
7F
7F
0E
38
E0
40
ENDCHAR
STARTCHAR 2AAC
ENCODING 10924
SWIDTH 687 0
DWIDTH 11 0
BBX 7 12 2 -1
BITMAP
06
1E
78
FE
FE
F0
3C
0E
02
00
FE
FE
ENDCHAR
STARTCHAR 2AAD
ENCODING 10925
SWIDTH 687 0
DWIDTH 11 0
BBX 8 12 1 -1
BITMAP
60
78
1C
7F
7F
0E
38
F0
40
00
7F
7F
ENDCHAR
STARTCHAR 2AAE
ENCODING 10926
SWIDTH 687 0
DWIDTH 11 0
BBX 7 9 2 2
BITMAP
38
7C
CE
CE
00
FE
FE
FE
FE
ENDCHAR
STARTCHAR 2AAF
ENCODING 10927
SWIDTH 687 0
DWIDTH 11 0
BBX 8 12 2 -1
BITMAP
03
06
0E
F8
F0
1C
06
03
00
00
FE
FE
ENDCHAR
STARTCHAR 2AB0
ENCODING 10928
SWIDTH 687 0
DWIDTH 11 0
BBX 8 12 1 -1
BITMAP
C0
C0
70
3F
1F
30
60
C0
00
00
7F
7F
ENDCHAR
STARTCHAR 2AB1
ENCODING 10929
SWIDTH 687 0
DWIDTH 11 0
BBX 8 13 2 -2
BITMAP
03
06
0E
F8
F0
1C
06
03
0C
18
FE
FE
60
ENDCHAR
STARTCHAR 2AB2
ENCODING 10930
SWIDTH 687 0
DWIDTH 11 0
BBX 8 13 1 -2
BITMAP
C0
C0
70
3F
1F
30
60
C0
06
0C
7F
7F
30
ENDCHAR
STARTCHAR 2AB3
ENCODING 10931
SWIDTH 687 0
DWIDTH 11 0
BBX 8 11 2 0
BITMAP
02
06
1C
F0
38
06
03
00
FE
00
FE
ENDCHAR
STARTCHAR 2AB4
ENCODING 10932
SWIDTH 687 0
DWIDTH 11 0
BBX 8 11 1 0
BITMAP
C0
60
30
0F
3C
60
C0
00
7F
00
7F
ENDCHAR
STARTCHAR 2AB5
ENCODING 10933
SWIDTH 687 0
DWIDTH 11 0
BBX 8 12 2 -1
BITMAP
02
06
1C
F0
38
06
03
08
FE
10
FE
20
ENDCHAR
STARTCHAR 2AB6
ENCODING 10934
SWIDTH 687 0
DWIDTH 11 0
BBX 8 12 1 -1
BITMAP
C0
60
30
0F
3C
60
C0
04
7F
08
7F
10
ENDCHAR
STARTCHAR 2AB7
ENCODING 10935
SWIDTH 687 0
DWIDTH 11 0
BBX 9 12 1 -1
BITMAP
0100
0300
0E00
7800
1C00
0700
0180
7100
FF00
7F00
7B00
CE00
ENDCHAR
STARTCHAR 2AB8
ENCODING 10936
SWIDTH 687 0
DWIDTH 11 0
BBX 8 12 1 -1
BITMAP
C0
60
30
1F
3C
60
C0
71
FF
7F
7B
CE
ENDCHAR
STARTCHAR 2AB9
ENCODING 10937
SWIDTH 687 0
DWIDTH 11 0
BBX 9 12 1 -1
BITMAP
0100
0300
0E00
7800
1C00
0300
0180
7500
DF00
3F00
FB00
FE00
ENDCHAR
STARTCHAR 2ABA
ENCODING 10938
SWIDTH 687 0
DWIDTH 11 0
BBX 8 12 1 -1
BITMAP
C0
60
30
1F
3C
60
C0
75
DF
3F
FB
FE
ENDCHAR
STARTCHAR 2ABD
ENCODING 10941
SWIDTH 687 0
DWIDTH 11 0
BBX 7 9 1 1
BITMAP
3E
7E
E0
CC
DC
DC
E0
7E
3E
ENDCHAR
STARTCHAR 2ABE
ENCODING 10942
SWIDTH 687 0
DWIDTH 11 0
BBX 7 9 2 1
BITMAP
F8
FC
06
66
76
76
06
FC
F8
ENDCHAR
STARTCHAR 2ACF
ENCODING 10959
SWIDTH 687 0
DWIDTH 11 0
BBX 8 9 1 1
BITMAP
3F
7F
63
C3
C3
C3
E3
7F
3F
ENDCHAR
STARTCHAR 2AD0
ENCODING 10960
SWIDTH 687 0
DWIDTH 11 0
BBX 8 9 2 1
BITMAP
FC
FE
C6
C3
C3
C3
C7
FE
FC
ENDCHAR
STARTCHAR 2AD1
ENCODING 10961
SWIDTH 687 0
DWIDTH 11 0
BBX 8 12 1 -1
BITMAP
0F
7F
63
C3
C3
C3
7F
3F
00
00
FF
FF
ENDCHAR
STARTCHAR 2AD2
ENCODING 10962
SWIDTH 687 0
DWIDTH 11 0
BBX 8 12 2 -1
BITMAP
F0
FE
C6
C3
C3
C3
FE
FC
00
00
FF
FF
ENDCHAR
STARTCHAR 2AD9
ENCODING 10969
SWIDTH 687 0
DWIDTH 11 0
BBX 8 12 1 0
BITMAP
1C
7E
5B
DB
DB
DB
DB
DB
DB
DB
DB
DB
ENDCHAR
STARTCHAR 2ADA
ENCODING 10970
SWIDTH 687 0
DWIDTH 11 0
BBX 8 14 1 0
BITMAP
FF
18
18
7E
FF
DB
DB
DB
DB
DB
DB
DB
DB
DB
ENDCHAR
STARTCHAR 2ADB
ENCODING 10971
SWIDTH 687 0
DWIDTH 11 0
BBX 8 17 1 -3
BITMAP
18
18
18
7E
FE
DB
DB
DB
DB
DB
DB
DB
DB
DB
18
18
18
ENDCHAR
STARTCHAR 2ADC
ENCODING 10972
SWIDTH 687 0
DWIDTH 11 0
BBX 8 12 1 -1
BITMAP
19
1B
1E
1C
1C
18
DB
FB
FB
DA
FE
BC
ENDCHAR
STARTCHAR 2ADD
ENCODING 10973
SWIDTH 687 0
DWIDTH 11 0
BBX 8 12 1 -1
BITMAP
18
18
18
18
18
18
DB
DB
DB
DA
7E
3C
ENDCHAR
STARTCHAR 2ADE
ENCODING 10974
SWIDTH 687 0
DWIDTH 11 0
BBX 5 12 3 -1
BITMAP
18
18
18
18
18
F8
F8
18
18
18
18
18
ENDCHAR
STARTCHAR 2ADF
ENCODING 10975
SWIDTH 687 0
DWIDTH 11 0
BBX 7 5 2 3
BITMAP
FE
FE
30
30
30
ENDCHAR
STARTCHAR 2AE0
ENCODING 10976
SWIDTH 687 0
DWIDTH 11 0
BBX 7 5 2 3
BITMAP
30
30
30
FE
FE
ENDCHAR
STARTCHAR 2AE2
ENCODING 10978
SWIDTH 687 0
DWIDTH 11 0
BBX 7 12 2 -1
BITMAP
C0
C0
FE
FE
C0
FE
FE
C0
FE
C0
C0
C0
ENDCHAR
STARTCHAR 2AE3
ENCODING 10979
SWIDTH 687 0
DWIDTH 11 0
BBX 7 12 2 -1
BITMAP
36
36
36
36
36
F6
F6
36
36
36
36
36
ENDCHAR
STARTCHAR 2AE4
ENCODING 10980
SWIDTH 687 0
DWIDTH 11 0
BBX 7 12 2 -1
BITMAP
06
06
06
FE
FE
06
06
FE
FE
06
06
06
ENDCHAR
STARTCHAR 2AE5
ENCODING 10981
SWIDTH 687 0
DWIDTH 11 0
BBX 7 12 2 -1
BITMAP
36
36
36
F6
F6
36
36
F6
F6
36
36
36
ENDCHAR
STARTCHAR 2AE6
ENCODING 10982
SWIDTH 687 0
DWIDTH 11 0
BBX 8 12 1 -1
BITMAP
D8
D8
D8
D8
D8
FF
FF
D8
D8
D8
D8
D8
ENDCHAR
STARTCHAR 2AE7
ENCODING 10983
SWIDTH 687 0
DWIDTH 11 0
BBX 7 8 2 2
BITMAP
FE
00
00
FE
FE
30
30
30
ENDCHAR
STARTCHAR 2AE8
ENCODING 10984
SWIDTH 687 0
DWIDTH 11 0
BBX 7 8 2 1
BITMAP
30
30
30
FE
FE
00
00
FE
ENDCHAR
STARTCHAR 2AE9
ENCODING 10985
SWIDTH 687 0
DWIDTH 11 0
BBX 7 11 2 0
BITMAP
30
30
30
FE
FE
00
FE
FE
30
30
30
ENDCHAR
STARTCHAR 2AEA
ENCODING 10986
SWIDTH 687 0
DWIDTH 11 0
BBX 7 12 2 0
BITMAP
FE
FE
6C
6C
6C
6C
6C
6C
6C
6C
6C
6C
ENDCHAR
STARTCHAR 2AEB
ENCODING 10987
SWIDTH 687 0
DWIDTH 11 0
BBX 7 12 2 -1
BITMAP
6C
6C
6C
6C
6C
6C
6C
6C
6C
6C
FE
FE
ENDCHAR
STARTCHAR 2AEC
ENCODING 10988
SWIDTH 687 0
DWIDTH 11 0
BBX 7 7 2 1
BITMAP
FE
FE
06
FE
FE
06
06
ENDCHAR
STARTCHAR 2AED
ENCODING 10989
SWIDTH 687 0
DWIDTH 11 0
BBX 7 7 2 1
BITMAP
FE
FE
C0
FE
FE
C0
C0
ENDCHAR
STARTCHAR 2AEE
ENCODING 10990
SWIDTH 687 0
DWIDTH 11 0
BBX 6 12 2 -1
BITMAP
30
30
30
F0
70
30
38
3C
34
30
30
30
ENDCHAR
STARTCHAR 2AEF
ENCODING 10991
SWIDTH 687 0
DWIDTH 11 0
BBX 5 14 3 0
BITMAP
70
98
88
88
F0
60
60
60
60
60
60
60
60
60
ENDCHAR
STARTCHAR 2AF0
ENCODING 10992
SWIDTH 687 0
DWIDTH 11 0
BBX 5 14 3 -3
BITMAP
60
60
60
60
60
60
60
60
60
70
98
88
98
70
ENDCHAR
STARTCHAR 2AF1
ENCODING 10993
SWIDTH 687 0
DWIDTH 11 0
BBX 7 15 2 -3
BITMAP
FE
FE
30
30
30
30
30
30
30
30
78
44
44
4C
38
ENDCHAR
STARTCHAR 2AF2
ENCODING 10994
SWIDTH 687 0
DWIDTH 11 0
BBX 7 12 2 -1
BITMAP
4C
4C
4C
4C
4C
FE
4C
4C
4C
4C
4C
4C
ENDCHAR
STARTCHAR 2AF3
ENCODING 10995
SWIDTH 687 0
DWIDTH 11 0
BBX 7 11 2 0
BITMAP
4C
4C
4C
4C
6E
FE
DC
4C
4C
4C
4C
ENDCHAR
STARTCHAR 2AF4
ENCODING 10996
SWIDTH 687 0
DWIDTH 11 0
BBX 7 12 2 -1
BITMAP
92
92
92
92
92
92
92
92
92
92
92
92
ENDCHAR
STARTCHAR 2AF5
ENCODING 10997
SWIDTH 687 0
DWIDTH 11 0
BBX 9 12 1 -1
BITMAP
4B00
4B00
4B00
4B00
4B00
FF80
4B00
4B00
4B00
4B00
4B00
4B00
ENDCHAR
STARTCHAR 2AF6
ENCODING 10998
SWIDTH 687 0
DWIDTH 11 0
BBX 2 9 4 1
BITMAP
C0
C0
00
00
C0
C0
00
C0
C0
ENDCHAR
STARTCHAR 2AFC
ENCODING 11004
SWIDTH 687 0
DWIDTH 11 0
BBX 7 16 2 -3
BITMAP
92
92
92
92
92
92
92
92
92
92
92
92
92
92
92
92
ENDCHAR
STARTCHAR 2AFD
ENCODING 11005
SWIDTH 687 0
DWIDTH 11 0
BBX 10 15 0 -2
BITMAP
06C0
06C0
04C0
0D80
0D80
0980
1B00
1B00
3200
3600
3600
6C00
6C00
4C00
D800
ENDCHAR
STARTCHAR 2B00
ENCODING 11008
SWIDTH 1312 0
DWIDTH 21 0
BBX 17 17 1 -3
BITMAP
000380
003E80
001880
003080
006180
00C300
018500
030800
061000
0C2000
184000
308000
610000
C20000
440000
280000
100000
ENDCHAR
STARTCHAR 2B01
ENCODING 11009
SWIDTH 1312 0
DWIDTH 21 0
BBX 17 17 3 -3
BITMAP
E00000
BE0000
8C0000
860000
430000
618000
50C000
086000
043000
021800
010C00
008600
004300
002180
001100
000A00
000400
ENDCHAR
STARTCHAR 2B02
ENCODING 11010
SWIDTH 1312 0
DWIDTH 21 0
BBX 17 17 1 -2
BITMAP
100000
380000
6C0000
C60000
430000
218000
10C000
086000
043000
021800
010C00
008700
004300
002080
001080
001080
001F80
ENDCHAR
STARTCHAR 2B03
ENCODING 11011
SWIDTH 1312 0
DWIDTH 21 0
BBX 17 17 3 -2
BITMAP
000400
000E00
001B00
003180
006100
00C200
018400
030800
061000
0C2000
184000
708000
610000
C20000
840000
840000
FE0000
ENDCHAR
STARTCHAR 2B04
ENCODING 11012
SWIDTH 1312 0
DWIDTH 21 0
BBX 19 7 1 2
BITMAP
040600
1FFF00
3000C0
C00060
3000C0
1FFF00
040600
ENDCHAR
STARTCHAR 2B05
ENCODING 11013
SWIDTH 1312 0
DWIDTH 21 0
BBX 18 8 2 1
BITMAP
080000
180000
7FFFC0
FFFFC0
FFFFC0
7FFFC0
180000
080000
ENDCHAR
STARTCHAR 2B06
ENCODING 11014
SWIDTH 1312 0
DWIDTH 21 0
BBX 8 18 7 -3
BITMAP
18
3C
3C
7E
FF
3C
3C
3C
3C
3C
3C
3C
3C
3C
3C
3C
3C
3C
ENDCHAR
STARTCHAR 2B07
ENCODING 11015
SWIDTH 1312 0
DWIDTH 21 0
BBX 8 19 7 -4
BITMAP
3C
3C
3C
3C
3C
3C
3C
3C
3C
3C
3C
3C
3C
FF
7E
3C
3C
18
10
ENDCHAR
STARTCHAR 2B08
ENCODING 11016
SWIDTH 1312 0
DWIDTH 21 0
BBX 16 17 2 -3
BITMAP
0007
007F
003F
003F
007F
00FE
01FA
03F0
07E0
0FC0
1F80
3F00
7E00
FC00
F800
7000
2000
ENDCHAR
STARTCHAR 2B09
ENCODING 11017
SWIDTH 1312 0
DWIDTH 21 0
BBX 16 17 3 -3
BITMAP
E000
FE00
FC00
FC00
7E00
7F00
5F80
0FC0
07E0
03F0
01F8
00FC
007E
003F
001F
000E
0004
ENDCHAR
STARTCHAR 2B0A
ENCODING 11018
SWIDTH 1312 0
DWIDTH 21 0
BBX 17 16 1 -2
BITMAP
300000
780000
FC0000
7E0000
3F0000
1F8000
0FC000
07E000
03F000
01F800
00FD00
007F00
003F80
001F80
001F80
001F80
ENDCHAR
STARTCHAR 2B0B
ENCODING 11019
SWIDTH 1312 0
DWIDTH 21 0
BBX 17 16 3 -2
BITMAP
000600
000F00
001F80
003F00
007E00
00FC00
01F800
03F000
07E000
0FC000
5F8000
7F0000
FE0000
FC0000
FC0000
FE0000
ENDCHAR
STARTCHAR 2B0C
ENCODING 11020
SWIDTH 1312 0
DWIDTH 21 0
BBX 17 8 2 1
BITMAP
080800
180C00
7FFF00
FFFF80
FFFF80
7FFF00
180C00
080800
ENDCHAR
STARTCHAR 2B0D
ENCODING 11021
SWIDTH 1312 0
DWIDTH 21 0
BBX 8 18 7 -3
BITMAP
18
3C
3C
7E
FF
3C
3C
3C
3C
3C
3C
3C
FF
7E
3C
3C
18
10
ENDCHAR
STARTCHAR 2B0E
ENCODING 11022
SWIDTH 1312 0
DWIDTH 21 0
BBX 18 9 2 -3
BITMAP
FFFE00
FFFE00
000600
000600
002600
0036C0
001F80
000F00
000600
ENDCHAR
STARTCHAR 2B0F
ENCODING 11023
SWIDTH 1312 0
DWIDTH 21 0
BBX 18 10 2 4
BITMAP
000400
000E00
001F00
003780
0026C0
000600
000600
000600
FFFE00
FFFE00
ENDCHAR
STARTCHAR 2B10
ENCODING 11024
SWIDTH 1312 0
DWIDTH 21 0
BBX 18 9 1 -3
BITMAP
1FFFC0
1FFFC0
180000
180000
190000
DB0000
7E0000
3C0000
180000
ENDCHAR
STARTCHAR 2B11
ENCODING 11025
SWIDTH 1312 0
DWIDTH 21 0
BBX 18 10 1 4
BITMAP
080000
1C0000
3E0000
7B0000
D90000
180000
180000
180000
1FFFC0
1FFFC0
ENDCHAR
STARTCHAR 2B12
ENCODING 11026
SWIDTH 1312 0
DWIDTH 21 0
BBX 12 12 5 -1
BITMAP
FFF0
FFF0
FFF0
FFF0
FFF0
FFF0
8010
8010
8010
8010
8010
FFF0
ENDCHAR
STARTCHAR 2B13
ENCODING 11027
SWIDTH 1312 0
DWIDTH 21 0
BBX 12 12 5 -1
BITMAP
FFF0
8010
8010
8010
8010
8010
FFF0
FFF0
FFF0
FFF0
FFF0
FFF0
ENDCHAR
STARTCHAR 2B14
ENCODING 11028
SWIDTH 1312 0
DWIDTH 21 0
BBX 12 12 5 -1
BITMAP
FFF0
FFF0
BFF0
9FF0
8FF0
87F0
83F0
81F0
80F0
8070
8030
FFF0
ENDCHAR
STARTCHAR 2B15
ENCODING 11029
SWIDTH 1312 0
DWIDTH 21 0
BBX 12 12 4 -1
BITMAP
FFF0
C010
E010
F010
F810
FC10
FE10
FF10
FF90
FFD0
FFF0
FFF0
ENDCHAR
STARTCHAR 2B16
ENCODING 11030
SWIDTH 1312 0
DWIDTH 21 0
BBX 13 13 4 -1
BITMAP
0200
0700
0F80
1EC0
3E60
7E30
FE18
7E30
3E60
1EC0
0F80
0700
0200
ENDCHAR
STARTCHAR 2B17
ENCODING 11031
SWIDTH 1312 0
DWIDTH 21 0
BBX 13 13 4 -1
BITMAP
0200
0700
0D80
19C0
31E0
61F0
C1F8
61F0
31E0
19C0
0D80
0700
0200
ENDCHAR
STARTCHAR 2B18
ENCODING 11032
SWIDTH 1312 0
DWIDTH 21 0
BBX 13 13 4 -1
BITMAP
0200
0700
0F80
1FC0
3FE0
7FF0
FFF8
6030
3060
18C0
0D80
0700
0200
ENDCHAR
STARTCHAR 2B19
ENCODING 11033
SWIDTH 1312 0
DWIDTH 21 0
BBX 13 13 4 -1
BITMAP
0200
0700
0D80
18C0
3060
6030
C018
7FF0
3FE0
1FC0
0F80
0700
0200
ENDCHAR
STARTCHAR 2B1A
ENCODING 11034
SWIDTH 687 0
DWIDTH 11 0
BBX 8 9 1 1
BITMAP
AD
00
81
00
81
00
81
00
AD
ENDCHAR
STARTCHAR 2B1B
ENCODING 11035
SWIDTH 1312 0
DWIDTH 21 0
BBX 15 15 3 -2
BITMAP
FFFE
FFFE
FFFE
FFFE
FFFE
FFFE
FFFE
FFFE
FFFE
FFFE
FFFE
FFFE
FFFE
FFFE
FFFE
ENDCHAR
STARTCHAR 2B1C
ENCODING 11036
SWIDTH 1312 0
DWIDTH 21 0
BBX 15 15 3 -2
BITMAP
FFFE
8002
8002
8002
8002
8002
8002
8002
8002
8002
8002
8002
8002
8002
FFFE
ENDCHAR
STARTCHAR 2B1D
ENCODING 11037
SWIDTH 1312 0
DWIDTH 21 0
BBX 4 4 9 3
BITMAP
F0
F0
F0
F0
ENDCHAR
STARTCHAR 2B1E
ENCODING 11038
SWIDTH 1312 0
DWIDTH 21 0
BBX 4 4 8 3
BITMAP
F0
90
90
F0
ENDCHAR
STARTCHAR 2B1F
ENCODING 11039
SWIDTH 1312 0
DWIDTH 21 0
BBX 12 12 5 0
BITMAP
0400
0E00
3F80
7FC0
FFF0
FFE0
FFE0
FFE0
7FC0
7FC0
7FC0
3F80
ENDCHAR
STARTCHAR 2B20
ENCODING 11040
SWIDTH 1312 0
DWIDTH 21 0
BBX 11 11 5 0
BITMAP
0E00
1B00
71C0
C060
8020
8020
C060
4040
4040
60C0
3F80
ENDCHAR
STARTCHAR 2B21
ENCODING 11041
SWIDTH 1312 0
DWIDTH 21 0
BBX 11 13 5 -1
BITMAP
0400
1F00
71C0
C060
8020
8020
8020
8020
8020
C060
71C0
1F00
0400
ENDCHAR
STARTCHAR 2B22
ENCODING 11042
SWIDTH 1312 0
DWIDTH 21 0
BBX 11 13 5 -1
BITMAP
0400
1F00
7FC0
FFE0
FFE0
FFE0
FFE0
FFE0
FFE0
FFE0
7FC0
1F00
0400
ENDCHAR
STARTCHAR 2B23
ENCODING 11043
SWIDTH 1312 0
DWIDTH 21 0
BBX 13 11 4 0
BITMAP
1FC0
3FE0
3FE0
7FF0
7FF0
FFF8
7FF0
7FF0
3FE0
3FE0
1FC0
ENDCHAR
STARTCHAR 2B24
ENCODING 11044
SWIDTH 1312 0
DWIDTH 21 0
BBX 15 15 3 -2
BITMAP
07C0
1FF0
3FF8
7FFC
7FFE
FFFE
FFFE
FFFE
FFFE
FFFE
FFFE
7FFC
3FF8
1FF0
0FE0
ENDCHAR
STARTCHAR 2B25
ENCODING 11045
SWIDTH 1312 0
DWIDTH 21 0
BBX 9 9 6 1
BITMAP
0800
1C00
3E00
7F00
FF80
7F00
3E00
1C00
0800
ENDCHAR
STARTCHAR 2B26
ENCODING 11046
SWIDTH 1312 0
DWIDTH 21 0
BBX 9 9 6 1
BITMAP
0800
1400
2200
4100
8080
4100
2200
1400
0800
ENDCHAR
STARTCHAR 2B27
ENCODING 11047
SWIDTH 1312 0
DWIDTH 21 0
BBX 7 9 7 1
BITMAP
10
38
38
7C
FE
7C
38
38
10
ENDCHAR
STARTCHAR 2B28
ENCODING 11048
SWIDTH 1312 0
DWIDTH 21 0
BBX 7 9 7 1
BITMAP
10
38
28
6C
C6
44
28
38
10
ENDCHAR
STARTCHAR 2B29
ENCODING 11049
SWIDTH 1312 0
DWIDTH 21 0
BBX 7 7 7 2
BITMAP
10
38
7C
FE
7C
38
10
ENDCHAR
STARTCHAR 2B2A
ENCODING 11050
SWIDTH 1312 0
DWIDTH 21 0
BBX 5 7 8 2
BITMAP
20
20
70
F8
70
70
20
ENDCHAR
STARTCHAR 2B2B
ENCODING 11051
SWIDTH 1312 0
DWIDTH 21 0
BBX 5 7 8 2
BITMAP
20
20
50
D8
50
70
20
ENDCHAR
STARTCHAR 2B2C
ENCODING 11052
SWIDTH 1312 0
DWIDTH 21 0
BBX 12 8 5 1
BITMAP
1F80
7FE0
FFF0
FFF0
FFF0
FFF0
7FE0
1F80
ENDCHAR
STARTCHAR 2B2D
ENCODING 11053
SWIDTH 1312 0
DWIDTH 21 0
BBX 12 7 5 2
BITMAP
3F80
6060
8030
8010
8030
6060
3F80
ENDCHAR
STARTCHAR 2B2E
ENCODING 11054
SWIDTH 1312 0
DWIDTH 21 0
BBX 8 12 7 -1
BITMAP
3C
7E
7E
FF
FF
FF
FF
FF
FF
7E
7E
3C
ENDCHAR
STARTCHAR 2B2F
ENCODING 11055
SWIDTH 1312 0
DWIDTH 21 0
BBX 8 12 7 -1
BITMAP
3C
66
42
83
81
81
81
81
83
42
66
3C
ENDCHAR
STARTCHAR 2B30
ENCODING 11056
SWIDTH 1312 0
DWIDTH 21 0
BBX 19 9 1 1
BITMAP
0C0000
187800
30CC00
608600
FFFFE0
7F87E0
30C400
187C00
0C0000
ENDCHAR
STARTCHAR 2B31
ENCODING 11057
SWIDTH 1312 0
DWIDTH 21 0
BBX 19 21 1 -5
BITMAP
180000
300000
600000
FFFFE0
7FFFE0
200000
100000
180000
300000
600000
FFFFE0
7FFFE0
300000
180000
180000
300000
7FFFE0
FFFFE0
600000
300000
180000
ENDCHAR
STARTCHAR 2B32
ENCODING 11058
SWIDTH 1312 0
DWIDTH 21 0
BBX 19 9 1 1
BITMAP
0C0000
187800
30D400
609600
FFFFE0
609600
30D400
187800
0C0000
ENDCHAR
STARTCHAR 2B33
ENCODING 11059
SWIDTH 1312 0
DWIDTH 21 0
BBX 19 9 1 0
BITMAP
0C0000
180000
301100
619100
FBAAE0
7E6EE0
344400
180000
0C0000
ENDCHAR
STARTCHAR 2B34
ENCODING 11060
SWIDTH 1312 0
DWIDTH 21 0
BBX 18 10 2 0
BITMAP
098800
130800
260800
4C0800
FFFFC0
FFFFC0
6C0800
360800
1B0800
090000
ENDCHAR
STARTCHAR 2B35
ENCODING 11061
SWIDTH 1312 0
DWIDTH 21 0
BBX 19 10 1 0
BITMAP
0C9100
191100
321100
641100
FFFFE0
7FFFE0
361100
1B1100
0D9100
048000
ENDCHAR
STARTCHAR 2B36
ENCODING 11062
SWIDTH 1312 0
DWIDTH 21 0
BBX 18 10 2 0
BITMAP
0900C0
1200C0
2400C0
4800C0
FFFFC0
FFFFC0
4800C0
2400C0
1200C0
0900C0
ENDCHAR
STARTCHAR 2B37
ENCODING 11063
SWIDTH 1312 0
DWIDTH 21 0
BBX 19 10 2 0
BITMAP
090060
1200C0
240180
480300
FCDE00
FCDE00
6C0300
360180
1B00C0
090040
ENDCHAR
STARTCHAR 2B38
ENCODING 11064
SWIDTH 1312 0
DWIDTH 21 0
BBX 19 10 1 0
BITMAP
0C0000
180000
300000
600000
D4A520
600000
300000
180000
0C0000
040000
ENDCHAR
STARTCHAR 2B39
ENCODING 11065
SWIDTH 1312 0
DWIDTH 21 0
BBX 19 10 1 0
BITMAP
0C4020
184040
304080
604100
FFFE00
7FFF00
304180
1840C0
0C4060
000020
ENDCHAR
STARTCHAR 2B3A
ENCODING 11066
SWIDTH 1312 0
DWIDTH 21 0
BBX 20 10 1 0
BITMAP
0D1030
191060
3110C0
611180
FFFF00
7FFF00
211180
1110C0
0D1060
000020
ENDCHAR
STARTCHAR 2B3B
ENCODING 11067
SWIDTH 1312 0
DWIDTH 21 0
BBX 19 10 1 0
BITMAP
0D8020
1B0040
360080
6C0100
FFFE00
7FFF00
360180
1B00C0
0D8060
008020
ENDCHAR
STARTCHAR 2B3C
ENCODING 11068
SWIDTH 1312 0
DWIDTH 21 0
BBX 19 10 1 0
BITMAP
0C9020
191040
321080
641100
FFFE00
7FFF00
361180
1B10C0
0D9060
048020
ENDCHAR
STARTCHAR 2B3D
ENCODING 11069
SWIDTH 1312 0
DWIDTH 21 0
BBX 18 10 2 0
BITMAP
09D040
135080
265100
4C5200
FFFC00
FFFE00
6C5300
365180
1B50C0
090040
ENDCHAR
STARTCHAR 2B3E
ENCODING 11070
SWIDTH 1312 0
DWIDTH 21 0
BBX 19 9 1 0
BITMAP
0C0000
180000
30C400
606800
FFFFE0
7FFFE0
304C00
188600
0C0000
ENDCHAR
STARTCHAR 2B3F
ENCODING 11071
SWIDTH 1312 0
DWIDTH 21 0
BBX 19 9 1 0
BITMAP
0C0000
183E00
306300
60E180
FFC1E0
600000
300000
180000
0C0000
ENDCHAR
STARTCHAR 2B45
ENCODING 11077
SWIDTH 1312 0
DWIDTH 21 0
BBX 19 9 1 2
BITMAP
0C0000
180000
37FFC0
7FFFE0
C00000
7FFFC0
3FFFE0
180000
0C0000
ENDCHAR
STARTCHAR 2B46
ENCODING 11078
SWIDTH 1312 0
DWIDTH 21 0
BBX 19 9 1 2
BITMAP
000600
000300
7FFD80
FFFFC0
000060
7FFFC0
FFFF80
000300
000600
ENDCHAR
STARTCHAR 2B4D
ENCODING 11085
SWIDTH 1312 0
DWIDTH 21 0
BBX 12 19 5 -4
BITMAP
1000
3000
3000
3000
3000
6000
6000
6020
61E0
DFE0
F840
80C0
00C0
00C0
0480
07C0
03F0
01C0
0100
ENDCHAR
STARTCHAR 2B50
ENCODING 11088
SWIDTH 1312 0
DWIDTH 21 0
BBX 9 9 6 1
BITMAP
0800
0800
0800
1400
F780
2300
1200
3E00
2200
ENDCHAR
STARTCHAR 2B51
ENCODING 11089
SWIDTH 1312 0
DWIDTH 21 0
BBX 7 6 7 2
BITMAP
10
10
FE
7C
38
28
ENDCHAR
STARTCHAR 2B52
ENCODING 11090
SWIDTH 1312 0
DWIDTH 21 0
BBX 7 7 7 2
BITMAP
10
30
EE
44
48
38
44
ENDCHAR
STARTCHAR 2B53
ENCODING 11091
SWIDTH 1312 0
DWIDTH 21 0
BBX 12 13 5 -1
BITMAP
0100
0F00
7F80
FFC0
FFC0
FFE0
FFF0
FFE0
FFE0
FFC0
7F80
0F00
0100
ENDCHAR
STARTCHAR 2B54
ENCODING 11092
SWIDTH 1312 0
DWIDTH 21 0
BBX 11 11 5 0
BITMAP
0F00
7980
C080
80C0
8060
8020
8060
80C0
C080
7980
0F00
ENDCHAR
STARTCHAR 2B55
ENCODING 11093
SWIDTH 1312 0
DWIDTH 21 0
BBX 15 15 3 -2
BITMAP
07C0
1FF0
3FF8
783C
701C
E00E
E00E
E00E
E00E
E00E
701C
783C
3FF8
1FF0
07C0
ENDCHAR
STARTCHAR 2B58
ENCODING 11096
SWIDTH 1312 0
DWIDTH 21 0
BBX 13 12 4 -1
BITMAP
1FC0
3060
6030
4010
4010
C018
C010
4010
4030
6030
38E0
0F80
ENDCHAR
STARTCHAR 2B59
ENCODING 11097
SWIDTH 1312 0
DWIDTH 21 0
BBX 13 12 4 -1
BITMAP
1FC0
3060
7070
58D0
4D90
C718
C710
4D90
78F0
7070
38E0
0F80
ENDCHAR
STARTCHAR 2B60
ENCODING 11104
SWIDTH 1312 0
DWIDTH 21 0
BBX 19 7 1 1
BITMAP
100000
300000
700000
FFFFE0
7FFFE0
300000
100000
ENDCHAR
STARTCHAR 2B61
ENCODING 11105
SWIDTH 1312 0
DWIDTH 21 0
BBX 7 19 7 -4
BITMAP
10
38
7C
FE
18
18
18
18
18
18
18
18
18
18
18
18
18
18
18
ENDCHAR
STARTCHAR 2B62
ENCODING 11106
SWIDTH 1312 0
DWIDTH 21 0
BBX 19 7 1 1
BITMAP
000100
000180
0001C0
FFFFE0
FFFFC0
000180
000100
ENDCHAR
STARTCHAR 2B63
ENCODING 11107
SWIDTH 1312 0
DWIDTH 21 0
BBX 7 19 7 -4
BITMAP
18
18
18
18
18
18
18
18
18
18
18
18
18
18
18
FE
7C
38
10
ENDCHAR
STARTCHAR 2B64
ENCODING 11108
SWIDTH 1312 0
DWIDTH 21 0
BBX 19 7 1 1
BITMAP
100100
300180
7001C0
FFFFE0
7FFFC0
300180
100100
ENDCHAR
STARTCHAR 2B65
ENCODING 11109
SWIDTH 1312 0
DWIDTH 21 0
BBX 7 19 7 -4
BITMAP
10
38
7C
FE
18
18
18
18
18
18
18
18
18
18
18
FE
7C
38
10
ENDCHAR
STARTCHAR 2B66
ENCODING 11110
SWIDTH 1312 0
DWIDTH 21 0
BBX 15 16 3 -2
BITMAP
F800
F000
E000
F000
9800
0C00
0600
0300
0180
00C0
0060
0030
0018
000C
0006
0002
ENDCHAR
STARTCHAR 2B67
ENCODING 11111
SWIDTH 1312 0
DWIDTH 21 0
BBX 15 16 3 -2
BITMAP
003E
001E
000E
001E
0032
0060
00C0
0180
0300
0600
0C00
1800
3000
6000
C000
8000
ENDCHAR
STARTCHAR 2B68
ENCODING 11112
SWIDTH 1312 0
DWIDTH 21 0
BBX 16 16 2 -1
BITMAP
C000
6000
3000
1800
0C00
0600
0300
0180
00C0
0060
0031
0019
000F
0007
000F
001F
ENDCHAR
STARTCHAR 2B69
ENCODING 11113
SWIDTH 1312 0
DWIDTH 21 0
BBX 16 16 3 -1
BITMAP
0003
0006
000C
0018
0030
0060
00C0
0180
0300
0600
8C00
9800
F000
E000
F000
F800
ENDCHAR
STARTCHAR 2B6A
ENCODING 11114
SWIDTH 1312 0
DWIDTH 21 0
BBX 18 7 2 1
BITMAP
200000
200000
600000
EEEEC0
EEEEC0
600000
200000
ENDCHAR
STARTCHAR 2B6B
ENCODING 11115
SWIDTH 1312 0
DWIDTH 21 0
BBX 7 18 7 -3
BITMAP
18
3C
7E
80
18
18
18
00
18
18
00
18
18
18
00
00
18
18
ENDCHAR
STARTCHAR 2B6C
ENCODING 11116
SWIDTH 1312 0
DWIDTH 21 0
BBX 18 8 2 1
BITMAP
000200
000300
000380
DDDFC0
DDDFC0
000380
000300
000200
ENDCHAR
STARTCHAR 2B6D
ENCODING 11117
SWIDTH 1312 0
DWIDTH 21 0
BBX 7 17 7 -4
BITMAP
18
18
00
18
18
18
00
18
18
00
18
18
18
00
FE
3C
18
ENDCHAR
STARTCHAR 2B6E
ENCODING 11118
SWIDTH 1312 0
DWIDTH 21 0
BBX 15 17 3 -1
BITMAP
0200
0300
0F80
3F80
7300
6200
C000
C000
C000
C006
C006
C006
C006
600C
701C
3FF8
0FE0
ENDCHAR
STARTCHAR 2B6F
ENCODING 11119
SWIDTH 1312 0
DWIDTH 21 0
BBX 15 17 3 -1
BITMAP
0080
0180
03E0
03F8
019C
008C
0006
0006
0006
C006
C006
C006
C006
600C
701C
3FF8
0FE0
ENDCHAR
STARTCHAR 2B70
ENCODING 11120
SWIDTH 1312 0
DWIDTH 21 0
BBX 19 10 0 0
BITMAP
C00000
C40000
C40000
CC0000
DFFFE0
DFFFE0
CC0000
C40000
C40000
C00000
ENDCHAR
STARTCHAR 2B71
ENCODING 11121
SWIDTH 1312 0
DWIDTH 21 0
BBX 10 19 6 -4
BITMAP
FFC0
FFC0
0C00
1E00
3F00
7F80
0C00
0C00
0C00
0C00
0C00
0C00
0C00
0C00
0C00
0C00
0C00
0C00
0C00
ENDCHAR
STARTCHAR 2B72
ENCODING 11122
SWIDTH 1312 0
DWIDTH 21 0
BBX 19 10 2 0
BITMAP
000060
000860
000460
000660
FFFF60
FFFF60
000660
000460
000860
000060
ENDCHAR
STARTCHAR 2B73
ENCODING 11123
SWIDTH 1312 0
DWIDTH 21 0
BBX 10 19 6 -5
BITMAP
0C00
0C00
0C00
0C00
0C00
0C00
0C00
0C00
0C00
0C00
0C00
0C00
0C00
7F80
1E00
0C00
0000
FFC0
FFC0
ENDCHAR
STARTCHAR 2B7A
ENCODING 11130
SWIDTH 1312 0
DWIDTH 21 0
BBX 19 9 1 1
BITMAP
004400
104400
304400
704400
FFFFE0
7FFFE0
304400
104400
004400
ENDCHAR
STARTCHAR 2B7B
ENCODING 11131
SWIDTH 1312 0
DWIDTH 21 0
BBX 9 19 6 -4
BITMAP
0800
1C00
3E00
7F00
0C00
0C00
0C00
0C00
0C00
FF80
0C00
0C00
0C00
FF80
0C00
0C00
0C00
0C00
0C00
ENDCHAR
STARTCHAR 2B7C
ENCODING 11132
SWIDTH 1312 0
DWIDTH 21 0
BBX 19 9 1 1
BITMAP
044000
044100
044180
0441C0
FFFFE0
FFFFC0
044180
044100
044000
ENDCHAR
STARTCHAR 2B7D
ENCODING 11133
SWIDTH 1312 0
DWIDTH 21 0
BBX 9 19 6 -4
BITMAP
0C00
0C00
0C00
0C00
0C00
FF80
0C00
0C00
0C00
FF80
0C00
0C00
0C00
0C00
0C00
7F00
3E00
1C00
0800
ENDCHAR
STARTCHAR 2B7E
ENCODING 11134
SWIDTH 1312 0
DWIDTH 21 0
BBX 20 19 0 -4
BITMAP
C00000
C00000
C40000
CC0000
DFFFE0
FFFFE0
DC0000
CC0000
C40000
C00030
000230
000330
0003B0
7FFFF0
7FFFF0
0003B0
000330
000230
000030
ENDCHAR
STARTCHAR 2B7F
ENCODING 11135
SWIDTH 1312 0
DWIDTH 21 0
BBX 19 20 1 -5
BITMAP
007FE0
0C7FE0
0C0600
0C0F00
0C1F80
0C3FC0
0C0600
0C0600
0C0600
0C0600
0C0600
0C0600
0C0600
0C0600
7F8600
1E0600
0C0600
000600
FFC600
FFC000
ENDCHAR
STARTCHAR 2B80
ENCODING 11136
SWIDTH 1312 0
DWIDTH 21 0
BBX 19 15 1 -2
BITMAP
100000
300000
7FFFE0
FFFFE0
700000
300000
100000
000000
000100
000180
0001C0
FFFFE0
FFFFC0
000180
000100
ENDCHAR
STARTCHAR 2B81
ENCODING 11137
SWIDTH 1312 0
DWIDTH 21 0
BBX 16 19 2 -4
BITMAP
100C
380C
7C0C
FE0C
180C
180C
180C
180C
180C
180C
180C
180C
180C
180C
180C
187F
183E
181C
1808
ENDCHAR
STARTCHAR 2B82
ENCODING 11138
SWIDTH 1312 0
DWIDTH 21 0
BBX 19 15 1 -2
BITMAP
000100
000180
FFFFC0
FFFFE0
0001C0
000180
000100
000000
100000
300000
700000
FFFFE0
7FFFE0
300000
100000
ENDCHAR
STARTCHAR 2B83
ENCODING 11139
SWIDTH 1312 0
DWIDTH 21 0
BBX 16 19 2 -4
BITMAP
1808
181C
183E
187F
180C
180C
180C
180C
180C
180C
180C
180C
180C
180C
180C
FE0C
7C0C
380C
100C
ENDCHAR
STARTCHAR 2B84
ENCODING 11140
SWIDTH 1312 0
DWIDTH 21 0
BBX 19 15 1 -2
BITMAP
100000
300000
7FFFE0
FFFFE0
700000
300000
100000
000000
100000
300000
700000
FFFFE0
7FFFE0
300000
100000
ENDCHAR
STARTCHAR 2B85
ENCODING 11141
SWIDTH 1312 0
DWIDTH 21 0
BBX 16 19 2 -4
BITMAP
1008
381C
7C3E
FE7F
180C
180C
180C
180C
180C
180C
180C
180C
180C
180C
180C
180C
180C
180C
180C
ENDCHAR
STARTCHAR 2B86
ENCODING 11142
SWIDTH 1312 0
DWIDTH 21 0
BBX 19 15 1 -2
BITMAP
000100
000180
FFFFC0
FFFFE0
0001C0
000180
000100
000000
000100
000180
0001C0
FFFFE0
FFFFC0
000180
000100
ENDCHAR
STARTCHAR 2B87
ENCODING 11143
SWIDTH 1312 0
DWIDTH 21 0
BBX 16 19 2 -4
BITMAP
180C
180C
180C
180C
180C
180C
180C
180C
180C
180C
180C
180C
180C
180C
180C
FE7F
7C3E
381C
1008
ENDCHAR
STARTCHAR 2B8C
ENCODING 11148
SWIDTH 1312 0
DWIDTH 21 0
BBX 19 13 1 1
BITMAP
100000
300000
7FF800
FFFF80
7001C0
3000C0
100040
000060
000040
0000C0
0001C0
FFFF80
FFFC00
ENDCHAR
STARTCHAR 2B8D
ENCODING 11149
SWIDTH 1312 0
DWIDTH 21 0
BBX 13 20 5 -5
BITMAP
C040
C0E0
C1F0
C3F8
C060
C060
C060
C060
C060
C060
C060
C060
C060
C060
C040
C040
C0C0
61C0
3F80
0C00
ENDCHAR
STARTCHAR 2B8E
ENCODING 11150
SWIDTH 1312 0
DWIDTH 21 0
BBX 19 13 1 -3
BITMAP
07FFE0
3FFFE0
700000
600000
400000
C00000
400100
600180
7001C0
3FFFE0
07FFC0
000180
000100
ENDCHAR
STARTCHAR 2B8F
ENCODING 11151
SWIDTH 1312 0
DWIDTH 21 0
BBX 14 20 2 -4
BITMAP
0080
07F0
0C38
1818
1808
1808
180C
180C
180C
180C
180C
180C
180C
180C
180C
180C
FE0C
7C0C
380C
100C
ENDCHAR
STARTCHAR 2B90
ENCODING 11152
SWIDTH 1312 0
DWIDTH 21 0
BBX 19 13 1 -3
BITMAP
003FE0
003FC0
0000C0
0000C0
000080
000180
100180
300100
700300
FFFE00
7FFE00
300000
100000
ENDCHAR
STARTCHAR 2B91
ENCODING 11153
SWIDTH 1312 0
DWIDTH 21 0
BBX 19 13 1 -3
BITMAP
FFC000
7FC000
600000
600000
200000
300000
100100
180180
1801C0
0FFFE0
0FFFC0
000180
000100
ENDCHAR
STARTCHAR 2B92
ENCODING 11154
SWIDTH 1312 0
DWIDTH 21 0
BBX 19 13 1 -3
BITMAP
FFCFE0
FFCFE0
000060
000060
000060
000060
004060
00C060
01C060
FBFFE0
F9FFE0
00C000
004000
ENDCHAR
STARTCHAR 2B93
ENCODING 11155
SWIDTH 1312 0
DWIDTH 21 0
BBX 19 13 1 -3
BITMAP
FE7FE0
FE7FE0
C00000
C00000
C00000
C00000
C08000
C06000
C07000
FFFBE0
FFF3E0
006000
004000
ENDCHAR
STARTCHAR 2B94
ENCODING 11156
SWIDTH 1312 0
DWIDTH 21 0
BBX 13 12 4 0
BITMAP
73F0
77F0
6230
6030
F020
6030
4078
6030
6430
7EF0
7EF0
0400
ENDCHAR
STARTCHAR 2B95
ENCODING 11157
SWIDTH 1312 0
DWIDTH 21 0
BBX 18 8 1 1
BITMAP
000400
000600
FFFF80
FFFFC0
FFFFC0
FFFF80
000600
000400
ENDCHAR
STARTCHAR 2BA0
ENCODING 11168
SWIDTH 1312 0
DWIDTH 21 0
BBX 19 12 1 -3
BITMAP
000060
000060
000060
000060
000060
100060
300060
700060
FFFFE0
7FFFE0
300000
100000
ENDCHAR
STARTCHAR 2BA1
ENCODING 11169
SWIDTH 1312 0
DWIDTH 21 0
BBX 19 12 1 -3
BITMAP
C00000
C00000
C00000
C00000
C00000
C00100
C00180
C001C0
FFFFE0
FFFFC0
000180
000100
ENDCHAR
STARTCHAR 2BA2
ENCODING 11170
SWIDTH 1312 0
DWIDTH 21 0
BBX 19 12 1 2
BITMAP
100000
300000
7FFFE0
FFFFE0
700060
300060
100060
000060
000060
000060
000060
000060
ENDCHAR
STARTCHAR 2BA3
ENCODING 11171
SWIDTH 1312 0
DWIDTH 21 0
BBX 19 12 1 2
BITMAP
000100
000180
FFFFC0
FFFFE0
C001C0
C00180
C00100
C00000
C00000
C00000
C00000
C00000
ENDCHAR
STARTCHAR 2BA4
ENCODING 11172
SWIDTH 1312 0
DWIDTH 21 0
BBX 13 20 2 -5
BITMAP
1000
3800
7C00
FE00
1800
1800
1800
1800
1800
1800
1800
1800
1800
1800
1800
1800
1800
1800
1FF8
1FF8
ENDCHAR
STARTCHAR 2BA5
ENCODING 11173
SWIDTH 1312 0
DWIDTH 21 0
BBX 13 20 6 -5
BITMAP
0040
00E0
01F0
03F8
00C0
00C0
00C0
00C0
00C0
00C0
00C0
00C0
00C0
00C0
00C0
00C0
00C0
00C0
FFC0
FFC0
ENDCHAR
STARTCHAR 2BA6
ENCODING 11174
SWIDTH 1312 0
DWIDTH 21 0
BBX 13 20 2 -4
BITMAP
1FF8
1FF8
1800
1800
1800
1800
1800
1800
1800
1800
1800
1800
1800
1800
1800
1800
FE00
7C00
3800
1000
ENDCHAR
STARTCHAR 2BA7
ENCODING 11175
SWIDTH 1312 0
DWIDTH 21 0
BBX 13 20 6 -4
BITMAP
FFC0
FFC0
00C0
00C0
00C0
00C0
00C0
00C0
00C0
00C0
00C0
00C0
00C0
00C0
00C0
00C0
03F8
01F0
00E0
0040
ENDCHAR
STARTCHAR 2BB8
ENCODING 11192
SWIDTH 1312 0
DWIDTH 21 0
BBX 7 19 7 -4
BITMAP
10
38
28
7C
C6
C6
44
44
44
44
44
44
44
7C
00
7C
44
44
7C
ENDCHAR
STARTCHAR 2BB9
ENCODING 11193
SWIDTH 1312 0
DWIDTH 21 0
BBX 12 7 5 2
BITMAP
FFF0
8010
8610
8F10
9190
8010
FFF0
ENDCHAR
STARTCHAR 2BBA
ENCODING 11194
SWIDTH 1312 0
DWIDTH 21 0
BBX 13 13 4 -1
BITMAP
0FF8
0808
0808
0808
FF88
8888
8888
8888
8FF8
8080
8080
8080
FF80
ENDCHAR
STARTCHAR 2BBB
ENCODING 11195
SWIDTH 1312 0
DWIDTH 21 0
BBX 14 13 4 -1
BITMAP
0FFC
0FFC
0FFC
0FFC
FFFC
8FFC
8FFC
8FFC
8FFC
8FFC
80C0
80C0
FFC0
ENDCHAR
STARTCHAR 2BBC
ENCODING 11196
SWIDTH 1312 0
DWIDTH 21 0
BBX 14 14 4 -2
BITMAP
0FFC
0FFC
0FFC
0FFC
FFFC
FFFC
FFFC
FFFC
FFFC
FFFC
FFC0
FFC0
FFC0
FFC0
ENDCHAR
STARTCHAR 2BBD
ENCODING 11197
SWIDTH 1312 0
DWIDTH 21 0
BBX 12 12 5 -1
BITMAP
FFF0
8010
A050
9090
8910
8610
8610
8910
9090
A010
8010
FFF0
ENDCHAR
STARTCHAR 2BBE
ENCODING 11198
SWIDTH 1312 0
DWIDTH 21 0
BBX 12 12 5 -1
BITMAP
1F80
30C0
4060
C920
9F10
8E10
8F10
9B90
C120
6060
30C0
1F00
ENDCHAR
STARTCHAR 2BBF
ENCODING 11199
SWIDTH 1312 0
DWIDTH 21 0
BBX 12 12 5 -1
BITMAP
1F80
30C0
4060
C920
9F90
8F10
8F10
9F90
C920
6060
30C0
1F00
ENDCHAR
STARTCHAR 2BC0
ENCODING 11200
SWIDTH 1312 0
DWIDTH 21 0
BBX 12 12 5 -1
BITMAP
FFF0
FFF0
FFF0
FFF0
FFF0
FFF0
FFF0
FFF0
FFF0
FFF0
FFF0
FFF0
ENDCHAR
STARTCHAR 2BC1
ENCODING 11201
SWIDTH 1312 0
DWIDTH 21 0
BBX 13 13 4 -1
BITMAP
0200
0700
0F80
1FC0
3FE0
7FF0
FFF8
7FF0
3FE0
1FC0
0F80
0700
0200
ENDCHAR
STARTCHAR 2BC2
ENCODING 11202
SWIDTH 1312 0
DWIDTH 21 0
BBX 13 12 4 -1
BITMAP
1FC0
3FE0
3FE0
3FE0
7FF0
7FF0
7FF0
FFF8
3FE0
1FC0
0780
0200
ENDCHAR
STARTCHAR 2BC3
ENCODING 11203
SWIDTH 1312 0
DWIDTH 21 0
BBX 13 13 4 -1
BITMAP
0200
1FC0
3FE0
7FF0
7FF0
7FF0
FFF8
7FF8
7FF0
7FF0
3FE0
1FC0
0700
ENDCHAR
STARTCHAR 2BC4
ENCODING 11204
SWIDTH 1312 0
DWIDTH 21 0
BBX 12 12 5 -1
BITMAP
1F80
3FC0
7FE0
FFF0
FFF0
FFF0
FFF0
FFF0
FFF0
7FE0
3FC0
1F80
ENDCHAR
STARTCHAR 2BC5
ENCODING 11205
SWIDTH 1312 0
DWIDTH 21 0
BBX 11 9 5 1
BITMAP
0400
0E00
0E00
1F00
1F00
3F80
7FC0
7FC0
FFE0
ENDCHAR
STARTCHAR 2BC6
ENCODING 11206
SWIDTH 1312 0
DWIDTH 21 0
BBX 11 9 5 1
BITMAP
FFE0
7FC0
7FC0
3F80
1F00
1F00
0E00
0E00
0400
ENDCHAR
STARTCHAR 2BC7
ENCODING 11207
SWIDTH 1312 0
DWIDTH 21 0
BBX 9 11 6 0
BITMAP
0080
0380
0780
1F80
7F80
FF80
7F80
1F80
0780
0380
0080
ENDCHAR
STARTCHAR 2BC8
ENCODING 11208
SWIDTH 1312 0
DWIDTH 21 0
BBX 9 11 6 0
BITMAP
8000
E000
F000
FC00
FF00
FF80
FF00
FC00
F000
E000
8000
ENDCHAR
STARTCHAR 2BCA
ENCODING 11210
SWIDTH 1312 0
DWIDTH 21 0
BBX 12 6 5 5
BITMAP
1F80
3FC0
7FE0
FFE0
FFF0
FFF0
ENDCHAR
STARTCHAR 2BCB
ENCODING 11211
SWIDTH 1312 0
DWIDTH 21 0
BBX 12 6 5 -1
BITMAP
FFF0
FFF0
FFE0
7FE0
3FC0
0F00
ENDCHAR
STARTCHAR 2BCC
ENCODING 11212
SWIDTH 1312 0
DWIDTH 21 0
BBX 11 12 5 0
BITMAP
0400
0400
0E00
1F00
3F80
FFE0
3F80
1F00
0E00
0400
0400
0400
ENDCHAR
STARTCHAR 2BCD
ENCODING 11213
SWIDTH 1312 0
DWIDTH 21 0
BBX 9 9 6 1
BITMAP
8080
7F80
7F00
7F00
7F00
7F00
7F00
7F80
C180
ENDCHAR
STARTCHAR 2BCE
ENCODING 11214
SWIDTH 1312 0
DWIDTH 21 0
BBX 11 12 5 0
BITMAP
0400
0C00
0A00
1B00
3180
8060
6080
1100
0A00
0C00
0400
0400
ENDCHAR
STARTCHAR 2BCF
ENCODING 11215
SWIDTH 1312 0
DWIDTH 21 0
BBX 9 9 6 1
BITMAP
8080
FF00
4100
4100
4100
4100
4100
BF00
C080
ENDCHAR
STARTCHAR 2BD0
ENCODING 11216
SWIDTH 1312 0
DWIDTH 21 0
BBX 12 12 5 -1
BITMAP
0600
7FE0
4660
4660
4660
FFF0
FFF0
4660
4660
7FE0
7FE0
0600
ENDCHAR
STARTCHAR 2BD1
ENCODING 11217
SWIDTH 687 0
DWIDTH 11 0
BBX 8 15 1 -2
BITMAP
08
08
1C
14
22
3E
45
CD
41
6A
22
14
1C
08
08
ENDCHAR
STARTCHAR 2BD2
ENCODING 11218
SWIDTH 687 0
DWIDTH 11 0
BBX 8 11 1 0
BITMAP
18
18
FF
FF
18
FF
FF
FF
FF
18
18
ENDCHAR
STARTCHAR 2BE8
ENCODING 11240
SWIDTH 1312 0
DWIDTH 21 0
BBX 7 11 4 0
BITMAP
02
02
02
06
FE
3E
1E
0E
0E
1C
18
ENDCHAR
STARTCHAR 2BE9
ENCODING 11241
SWIDTH 1312 0
DWIDTH 21 0
BBX 6 10 11 1
BITMAP
80
80
80
FC
F8
E0
C0
C0
E0
60
ENDCHAR
STARTCHAR 2BEA
ENCODING 11242
SWIDTH 1312 0
DWIDTH 21 0
BBX 11 12 5 0
BITMAP
0400
0400
0400
0E00
0E00
FFE0
7CC0
1D00
1D00
1F80
3180
2080
ENDCHAR
STARTCHAR 2BEB
ENCODING 11243
SWIDTH 1312 0
DWIDTH 21 0
BBX 11 12 5 0
BITMAP
0400
0400
0400
0E00
0A00
FBE0
63C0
1300
1700
1F80
3180
2080
ENDCHAR
STARTCHAR 2BEC
ENCODING 11244
SWIDTH 1312 0
DWIDTH 21 0
BBX 19 7 1 1
BITMAP
110000
330000
770000
FFFFE0
77FFE0
330000
110000
ENDCHAR
STARTCHAR 2BED
ENCODING 11245
SWIDTH 1312 0
DWIDTH 21 0
BBX 7 19 7 -4
BITMAP
10
38
7C
FE
10
38
7C
FE
18
18
18
18
18
18
18
18
18
18
18
ENDCHAR
STARTCHAR 2BEE
ENCODING 11246
SWIDTH 1312 0
DWIDTH 21 0
BBX 19 7 1 1
BITMAP
001100
001980
001DC0
FFFFE0
FFFDC0
001980
001100
ENDCHAR
STARTCHAR 2BEF
ENCODING 11247
SWIDTH 1312 0
DWIDTH 21 0
BBX 7 19 7 -4
BITMAP
18
18
18
18
18
18
18
18
18
18
18
FE
7C
38
10
FE
7C
38
10
ENDCHAR
STARTCHAR 2BFA
ENCODING 11258
SWIDTH 687 0
DWIDTH 11 0
BBX 7 3 2 4
BITMAP
EE
BA
EE
ENDCHAR
STARTCHAR 2BFB
ENCODING 11259
SWIDTH 687 0
DWIDTH 11 0
BBX 10 3 0 4
BITMAP
E0C0
AB40
E0C0
ENDCHAR
STARTCHAR 2BFC
ENCODING 11260
SWIDTH 687 0
DWIDTH 11 0
BBX 3 7 4 2
BITMAP
E0
A0
A0
60
E0
A0
E0
ENDCHAR
STARTCHAR 2BFD
ENCODING 11261
SWIDTH 687 0
DWIDTH 11 0
BBX 3 7 4 2
BITMAP
40
40
40
40
E0
A0
E0
ENDCHAR
STARTCHAR 2BFE
ENCODING 11262
SWIDTH 687 0
DWIDTH 11 0
BBX 9 8 1 1
BITMAP
0180
0180
0180
0180
0180
0180
0180
FF80
ENDCHAR
STARTCHAR 2BFF
ENCODING 11263
SWIDTH 687 0
DWIDTH 11 0
BBX 8 17 1 -3
BITMAP
FF
FF
FF
18
18
18
18
1F
1F
1F
18
18
18
18
FF
FF
FF
ENDCHAR
STARTCHAR 2C60
ENCODING 11360
SWIDTH 750 0
DWIDTH 12 0
BBX 9 13 1 0
BITMAP
7800
7800
3000
3000
FC00
FC00
3000
FC00
FC00
3000
3180
7F80
7F80
ENDCHAR
STARTCHAR 2C61
ENCODING 11361
SWIDTH 687 0
DWIDTH 11 0
BBX 7 13 2 0
BITMAP
F8
F8
18
18
7C
7C
18
7C
7C
18
18
FE
FE
ENDCHAR
STARTCHAR 2C62
ENCODING 11362
SWIDTH 750 0
DWIDTH 12 0
BBX 9 13 1 0
BITMAP
7800
7800
3000
3000
3000
7400
FC00
B800
3000
3000
3180
7F80
7F80
ENDCHAR
STARTCHAR 2C63
ENCODING 11363
SWIDTH 625 0
DWIDTH 10 0
BBX 9 13 0 0
BITMAP
7E00
7F00
3180
F980
F980
3180
3F00
3E00
3000
3000
3000
7800
7800
ENDCHAR
STARTCHAR 2C64
ENCODING 11364
SWIDTH 687 0
DWIDTH 11 0
BBX 9 17 1 -4
BITMAP
FE00
FF00
6300
6300
6300
6300
7F00
7E00
6600
6600
6600
6380
6380
6000
6000
3800
1800
ENDCHAR
STARTCHAR 2C65
ENCODING 11365
SWIDTH 687 0
DWIDTH 11 0
BBX 9 11 1 -1
BITMAP
0300
3E00
7F00
6700
1F00
7F00
7300
F300
7F80
7B80
4000
ENDCHAR
STARTCHAR 2C66
ENCODING 11366
SWIDTH 687 0
DWIDTH 11 0
BBX 8 15 2 -1
BITMAP
02
34
34
3C
38
FE
FE
30
30
30
30
33
7E
5E
C0
ENDCHAR
STARTCHAR 2C67
ENCODING 11367
SWIDTH 687 0
DWIDTH 11 0
BBX 9 15 1 -2
BITMAP
F780
F780
6300
6300
6300
6300
7F00
7F00
6300
6300
6300
F780
F780
0180
0180
ENDCHAR
STARTCHAR 2C68
ENCODING 11368
SWIDTH 687 0
DWIDTH 11 0
BBX 9 15 1 -2
BITMAP
E000
E000
6000
6000
6E00
7F00
6300
6300
6300
6300
6300
F780
F780
0180
0180
ENDCHAR
STARTCHAR 2C69
ENCODING 11369
SWIDTH 687 0
DWIDTH 11 0
BBX 8 15 2 -2
BITMAP
C7
C7
CC
CC
D8
D8
F0
F8
D8
DC
CC
CF
C7
03
03
ENDCHAR
STARTCHAR 2C6A
ENCODING 11370
SWIDTH 687 0
DWIDTH 11 0
BBX 9 15 1 -2
BITMAP
E000
E000
6000
6000
6380
6780
6C00
7C00
7800
7C00
6600
F780
F380
0180
0180
ENDCHAR
STARTCHAR 2C6B
ENCODING 11371
SWIDTH 687 0
DWIDTH 11 0
BBX 7 16 2 -3
BITMAP
FE
FE
CE
0C
1C
18
38
30
70
60
E6
FE
FE
06
06
06
ENDCHAR
STARTCHAR 2C6C
ENCODING 11372
SWIDTH 687 0
DWIDTH 11 0
BBX 7 12 2 -3
BITMAP
FE
FE
CC
1C
38
70
66
FE
FE
06
06
06
ENDCHAR
STARTCHAR 2C6D
ENCODING 11373
SWIDTH 625 0
DWIDTH 10 0
BBX 8 13 1 0
BITMAP
77
FF
C6
C6
C6
C6
C6
C6
C6
C6
C6
FF
77
ENDCHAR
STARTCHAR 2C6E
ENCODING 11374
SWIDTH 750 0
DWIDTH 12 0
BBX 10 17 1 -4
BITMAP
E3C0
E3C0
E380
F380
D780
D580
DD80
DD80
C980
C180
C180
E180
E180
0180
0180
0700
0600
ENDCHAR
STARTCHAR 2C6F
ENCODING 11375
SWIDTH 687 0
DWIDTH 11 0
BBX 9 13 1 0
BITMAP
F780
F780
6300
6300
3E00
3E00
3600
3600
1400
1400
1C00
1C00
0800
ENDCHAR
STARTCHAR 2C70
ENCODING 11376
SWIDTH 687 0
DWIDTH 11 0
BBX 8 13 1 0
BITMAP
EE
FF
63
63
63
63
63
63
63
63
63
FF
EE
ENDCHAR
STARTCHAR 2C71
ENCODING 11377
SWIDTH 687 0
DWIDTH 11 0
BBX 9 9 1 0
BITMAP
F180
F380
3300
3300
3200
1E00
1E00
1E00
0C00
ENDCHAR
STARTCHAR 2C72
ENCODING 11378
SWIDTH 687 0
DWIDTH 11 0
BBX 11 13 1 0
BITMAP
E0E0
E1E0
4180
4180
6D80
6D80
6D80
7D80
7500
3500
3700
3300
3300
ENDCHAR
STARTCHAR 2C73
ENCODING 11379
SWIDTH 687 0
DWIDTH 11 0
BBX 11 9 1 0
BITMAP
E0E0
E1E0
4D80
6D80
7D80
7580
3500
3700
3300
ENDCHAR
STARTCHAR 2C74
ENCODING 11380
SWIDTH 687 0
DWIDTH 11 0
BBX 10 9 0 0
BITMAP
3BC0
3FC0
2F00
FF00
FB00
1E00
1E00
1E00
0C00
ENDCHAR
STARTCHAR 2C75
ENCODING 11381
SWIDTH 625 0
DWIDTH 10 0
BBX 6 13 2 0
BITMAP
F0
F0
60
60
60
6C
7C
7C
60
60
60
F0
F0
ENDCHAR
STARTCHAR 2C76
ENCODING 11382
SWIDTH 625 0
DWIDTH 10 0
BBX 6 9 2 0
BITMAP
F0
F0
60
7C
7C
6C
60
F0
F0
ENDCHAR
STARTCHAR 2C77
ENCODING 11383
SWIDTH 625 0
DWIDTH 10 0
BBX 8 9 1 0
BITMAP
4E
DF
DB
DB
DB
DB
DB
7E
3C
ENDCHAR
STARTCHAR 2C78
ENCODING 11384
SWIDTH 625 0
DWIDTH 10 0
BBX 10 9 1 0
BITMAP
3C00
7E00
C600
FF00
FF00
C000
C740
7FC0
3C00
ENDCHAR
STARTCHAR 2C79
ENCODING 11385
SWIDTH 750 0
DWIDTH 12 0
BBX 8 13 2 0
BITMAP
38
3C
0C
0C
0C
0C
0C
0C
0C
0C
CC
FF
EF
ENDCHAR
STARTCHAR 2C7A
ENCODING 11386
SWIDTH 625 0
DWIDTH 10 0
BBX 8 9 1 0
BITMAP
3C
7E
C3
C3
C3
DB
EF
7E
3C
ENDCHAR
STARTCHAR 2C7B
ENCODING 11387
SWIDTH 687 0
DWIDTH 11 0
BBX 8 9 2 0
BITMAP
FF
FF
C6
06
3E
3E
C6
FF
FF
ENDCHAR
STARTCHAR 2C7C
ENCODING 11388
SWIDTH 687 0
DWIDTH 11 0
BBX 5 11 2 -4
BITMAP
18
18
00
38
08
08
08
08
08
D8
70
ENDCHAR
STARTCHAR 2C7D
ENCODING 11389
SWIDTH 687 0
DWIDTH 11 0
BBX 7 8 2 5
BITMAP
EE
6C
6C
6C
28
28
38
10
ENDCHAR
STARTCHAR 2C7E
ENCODING 11390
SWIDTH 687 0
DWIDTH 11 0
BBX 8 17 1 -4
BITMAP
7B
FF
C3
C0
E0
70
3C
0E
03
03
C3
FE
FC
60
30
1F
07
ENDCHAR
STARTCHAR 2C7F
ENCODING 11391
SWIDTH 687 0
DWIDTH 11 0
BBX 8 16 2 -3
BITMAP
FF
FF
C6
0E
0C
1C
18
18
30
30
60
60
E0
78
1F
0F
ENDCHAR
STARTCHAR 2DE0
ENCODING 11744
SWIDTH 0 0
DWIDTH 0 0
BBX 3 5 -7 10
BITMAP
60
80
E0
A0
E0
ENDCHAR
STARTCHAR 2DE1
ENCODING 11745
SWIDTH 0 0
DWIDTH 0 0
BBX 3 4 -7 10
BITMAP
E0
A0
E0
E0
ENDCHAR
STARTCHAR 2DE2
ENCODING 11746
SWIDTH 0 0
DWIDTH 0 0
BBX 3 4 -6 10
BITMAP
E0
80
80
80
ENDCHAR
STARTCHAR 2DE3
ENCODING 11747
SWIDTH 0 0
DWIDTH 0 0
BBX 4 5 -7 10
BITMAP
70
60
60
F0
90
ENDCHAR
STARTCHAR 2DE4
ENCODING 11748
SWIDTH 0 0
DWIDTH 0 0
BBX 5 4 -8 10
BITMAP
B8
70
70
F8
ENDCHAR
STARTCHAR 2DE5
ENCODING 11749
SWIDTH 0 0
DWIDTH 0 0
BBX 3 3 -7 11
BITMAP
E0
60
E0
ENDCHAR
STARTCHAR 2DE6
ENCODING 11750
SWIDTH 0 0
DWIDTH 0 0
BBX 3 4 -7 10
BITMAP
A0
C0
C0
A0
ENDCHAR
STARTCHAR 2DE7
ENCODING 11751
SWIDTH 0 0
DWIDTH 0 0
BBX 4 4 -7 10
BITMAP
70
50
50
D0
ENDCHAR
STARTCHAR 2DE8
ENCODING 11752
SWIDTH 0 0
DWIDTH 0 0
BBX 4 4 -7 10
BITMAP
90
F0
F0
90
ENDCHAR
STARTCHAR 2DE9
ENCODING 11753
SWIDTH 0 0
DWIDTH 0 0
BBX 3 4 -7 10
BITMAP
A0
A0
E0
A0
ENDCHAR
STARTCHAR 2DEA
ENCODING 11754
SWIDTH 0 0
DWIDTH 0 0
BBX 3 4 -7 10
BITMAP
E0
A0
A0
E0
ENDCHAR
STARTCHAR 2DEB
ENCODING 11755
SWIDTH 0 0
DWIDTH 0 0
BBX 3 4 -7 10
BITMAP
E0
A0
A0
A0
ENDCHAR
STARTCHAR 2DEC
ENCODING 11756
SWIDTH 0 0
DWIDTH 0 0
BBX 3 5 -7 10
BITMAP
E0
A0
A0
E0
80
ENDCHAR
STARTCHAR 2DED
ENCODING 11757
SWIDTH 0 0
DWIDTH 0 0
BBX 3 4 -7 10
BITMAP
60
A0
80
E0
ENDCHAR
STARTCHAR 2DEE
ENCODING 11758
SWIDTH 0 0
DWIDTH 0 0
BBX 3 4 -7 10
BITMAP
E0
E0
40
60
ENDCHAR
STARTCHAR 2DEF
ENCODING 11759
SWIDTH 0 0
DWIDTH 0 0
BBX 4 4 -7 10
BITMAP
B0
40
40
B0
ENDCHAR
STARTCHAR 2DF0
ENCODING 11760
SWIDTH 0 0
DWIDTH 0 0
BBX 3 5 -7 10
BITMAP
A0
A0
A0
E0
20
ENDCHAR
STARTCHAR 2DF1
ENCODING 11761
SWIDTH 0 0
DWIDTH 0 0
BBX 3 4 -7 10
BITMAP
A0
A0
E0
20
ENDCHAR
STARTCHAR 2DF2
ENCODING 11762
SWIDTH 0 0
DWIDTH 0 0
BBX 3 4 -7 10
BITMAP
E0
E0
E0
E0
ENDCHAR
STARTCHAR 2DF3
ENCODING 11763
SWIDTH 0 0
DWIDTH 0 0
BBX 4 5 -7 10
BITMAP
D0
D0
D0
F0
10
ENDCHAR
STARTCHAR 2DF4
ENCODING 11764
SWIDTH 0 0
DWIDTH 0 0
BBX 3 4 -7 10
BITMAP
E0
E0
E0
E0
ENDCHAR
STARTCHAR 2DF5
ENCODING 11765
SWIDTH 0 0
DWIDTH 0 0
BBX 4 4 -7 10
BITMAP
F0
B0
E0
E0
ENDCHAR
STARTCHAR 2DF6
ENCODING 11766
SWIDTH 0 0
DWIDTH 0 0
BBX 3 4 -7 10
BITMAP
E0
A0
E0
E0
ENDCHAR
STARTCHAR 2DF7
ENCODING 11767
SWIDTH 0 0
DWIDTH 0 0
BBX 3 4 -7 10
BITMAP
C0
A0
E0
E0
ENDCHAR
STARTCHAR 2DF8
ENCODING 11768
SWIDTH 0 0
DWIDTH 0 0
BBX 4 4 -7 10
BITMAP
60
40
A0
B0
ENDCHAR
STARTCHAR 2DF9
ENCODING 11769
SWIDTH 0 0
DWIDTH 0 0
BBX 3 5 -6 10
BITMAP
A0
A0
40
C0
C0
ENDCHAR
STARTCHAR 2DFA
ENCODING 11770
SWIDTH 0 0
DWIDTH 0 0
BBX 4 5 -7 10
BITMAP
40
E0
60
50
60
ENDCHAR
STARTCHAR 2DFB
ENCODING 11771
SWIDTH 0 0
DWIDTH 0 0
BBX 4 4 -7 10
BITMAP
B0
D0
D0
F0
ENDCHAR
STARTCHAR 2DFC
ENCODING 11772
SWIDTH 0 0
DWIDTH 0 0
BBX 4 4 -7 10
BITMAP
A0
D0
F0
F0
ENDCHAR
STARTCHAR 2DFD
ENCODING 11773
SWIDTH 0 0
DWIDTH 0 0
BBX 5 4 -8 10
BITMAP
20
60
70
F8
ENDCHAR
STARTCHAR 2DFE
ENCODING 11774
SWIDTH 0 0
DWIDTH 0 0
BBX 5 4 -8 10
BITMAP
70
50
70
A8
ENDCHAR
STARTCHAR 2DFF
ENCODING 11775
SWIDTH 0 0
DWIDTH 0 0
BBX 4 4 -7 10
BITMAP
F0
E0
F0
F0
ENDCHAR
STARTCHAR 2E0B
ENCODING 11787
SWIDTH 625 0
DWIDTH 10 0
BBX 6 6 2 7
BITMAP
FC
84
84
84
84
FC
ENDCHAR
STARTCHAR 2E0C
ENCODING 11788
SWIDTH 687 0
DWIDTH 11 0
BBX 7 7 2 6
BITMAP
80
40
60
30
18
0C
06
ENDCHAR
STARTCHAR 2E0D
ENCODING 11789
SWIDTH 687 0
DWIDTH 11 0
BBX 7 7 2 6
BITMAP
06
0C
18
30
60
C0
80
ENDCHAR
STARTCHAR 2E12
ENCODING 11794
SWIDTH 687 0
DWIDTH 11 0
BBX 3 6 4 -3
BITMAP
C0
E0
60
60
E0
C0
ENDCHAR
STARTCHAR 2E13
ENCODING 11795
SWIDTH 625 0
DWIDTH 10 0
BBX 10 10 0 1
BITMAP
0080
71C0
7380
6700
0E00
1C00
3B00
7380
E380
4000
ENDCHAR
STARTCHAR 2E18
ENCODING 11800
SWIDTH 687 0
DWIDTH 11 0
BBX 8 13 1 -4
BITMAP
1C
1C
1C
00
1C
3E
76
C6
C6
C6
CF
FF
7B
ENDCHAR
STARTCHAR 2E1A
ENCODING 11802
SWIDTH 687 0
DWIDTH 11 0
BBX 7 9 2 5
BITMAP
CC
CC
CC
00
00
00
00
FE
FE
ENDCHAR
STARTCHAR 2E1B
ENCODING 11803
SWIDTH 687 0
DWIDTH 11 0
BBX 8 9 2 4
BITMAP
38
2C
38
00
00
73
FB
DE
8C
ENDCHAR
STARTCHAR 2E1C
ENCODING 11804
SWIDTH 687 0
DWIDTH 11 0
BBX 7 7 2 -1
BITMAP
80
C0
60
30
18
0C
06
ENDCHAR
STARTCHAR 2E1D
ENCODING 11805
SWIDTH 687 0
DWIDTH 11 0
BBX 6 7 2 -1
BITMAP
04
04
08
10
20
60
C0
ENDCHAR
STARTCHAR 2E1E
ENCODING 11806
SWIDTH 687 0
DWIDTH 11 0
BBX 9 9 1 4
BITMAP
1C00
1C00
1800
0000
0000
3180
7980
CF00
4600
ENDCHAR
STARTCHAR 2E1F
ENCODING 11807
SWIDTH 687 0
DWIDTH 11 0
BBX 9 9 1 -1
BITMAP
0100
7980
CF00
C600
0000
0000
1800
1C00
1C00
ENDCHAR
STARTCHAR 2E20
ENCODING 11808
SWIDTH 687 0
DWIDTH 11 0
BBX 6 16 3 -2
BITMAP
C0
C0
C0
C0
C0
C0
C0
FC
FC
C0
C0
C0
C0
C0
C0
C0
ENDCHAR
STARTCHAR 2E21
ENCODING 11809
SWIDTH 687 0
DWIDTH 11 0
BBX 6 16 2 -2
BITMAP
0C
0C
0C
0C
0C
0C
0C
FC
FC
0C
0C
0C
0C
0C
0C
0C
ENDCHAR
STARTCHAR 2E22
ENCODING 11810
SWIDTH 687 0
DWIDTH 11 0
BBX 6 9 3 5
BITMAP
FC
FC
C0
C0
C0
C0
C0
C0
C0
ENDCHAR
STARTCHAR 2E23
ENCODING 11811
SWIDTH 687 0
DWIDTH 11 0
BBX 6 9 2 5
BITMAP
FC
FC
0C
0C
0C
0C
0C
0C
0C
ENDCHAR
STARTCHAR 2E24
ENCODING 11812
SWIDTH 687 0
DWIDTH 11 0
BBX 6 8 3 -2
BITMAP
C0
C0
C0
C0
C0
C0
FC
FC
ENDCHAR
STARTCHAR 2E25
ENCODING 11813
SWIDTH 687 0
DWIDTH 11 0
BBX 6 8 2 -2
BITMAP
0C
0C
0C
0C
0C
0C
FC
FC
ENDCHAR
STARTCHAR 2E26
ENCODING 11814
SWIDTH 687 0
DWIDTH 11 0
BBX 9 7 1 2
BITMAP
3F80
FF80
C000
C000
C000
FF80
3F80
ENDCHAR
STARTCHAR 2E27
ENCODING 11815
SWIDTH 687 0
DWIDTH 11 0
BBX 10 7 0 2
BITMAP
FF00
FF80
00C0
00C0
00C0
FF80
FF00
ENDCHAR
STARTCHAR 2E28
ENCODING 11816
SWIDTH 687 0
DWIDTH 11 0
BBX 8 17 1 -3
BITMAP
37
7F
6C
D8
D8
D8
D8
D8
D8
D8
D8
D8
D8
D8
EC
7F
37
ENDCHAR
STARTCHAR 2E29
ENCODING 11817
SWIDTH 625 0
DWIDTH 10 0
BBX 7 17 2 -3
BITMAP
D8
FC
6C
36
36
36
36
36
36
36
36
36
36
36
6E
FC
D8
ENDCHAR
STARTCHAR 2E2A
ENCODING 11818
SWIDTH 687 0
DWIDTH 11 0
BBX 9 9 1 0
BITMAP
E180
E380
E180
0000
0000
0000
1C00
1C00
1C00
ENDCHAR
STARTCHAR 2E2B
ENCODING 11819
SWIDTH 687 0
DWIDTH 11 0
BBX 9 9 1 0
BITMAP
1C00
1C00
1C00
0000
0000
0000
E180
E380
E180
ENDCHAR
STARTCHAR 2E2C
ENCODING 11820
SWIDTH 687 0
DWIDTH 11 0
BBX 9 9 1 0
BITMAP
E380
E380
E380
0000
0000
0000
E380
E380
E380
ENDCHAR
STARTCHAR 2E2D
ENCODING 11821
SWIDTH 687 0
DWIDTH 11 0
BBX 9 9 1 0
BITMAP
1800
0800
0000
8980
9980
0000
0000
0800
1800
ENDCHAR
STARTCHAR 2E2E
ENCODING 11822
SWIDTH 625 0
DWIDTH 10 0
BBX 7 13 1 0
BITMAP
3C
7E
C6
C0
C0
C0
70
30
30
00
38
38
38
ENDCHAR
STARTCHAR 2E2F
ENCODING 11823
SWIDTH 687 0
DWIDTH 11 0
BBX 2 2 4 11
BITMAP
C0
40
ENDCHAR
STARTCHAR 2E30
ENCODING 11824
SWIDTH 625 0
DWIDTH 10 0
BBX 4 5 3 4
BITMAP
60
F0
D0
F0
60
ENDCHAR
STARTCHAR 2E31
ENCODING 11825
SWIDTH 687 0
DWIDTH 11 0
BBX 3 3 4 4
BITMAP
E0
E0
E0
ENDCHAR
STARTCHAR 2E32
ENCODING 11826
SWIDTH 687 0
DWIDTH 11 0
BBX 3 6 4 1
BITMAP
60
60
C0
E0
E0
E0
ENDCHAR
STARTCHAR 2E33
ENCODING 11827
SWIDTH 687 0
DWIDTH 11 0
BBX 3 3 4 3
BITMAP
E0
E0
E0
ENDCHAR
STARTCHAR 2E34
ENCODING 11828
SWIDTH 687 0
DWIDTH 11 0
BBX 3 6 4 -1
BITMAP
E0
E0
E0
60
C0
C0
ENDCHAR
STARTCHAR 2E35
ENCODING 11829
SWIDTH 687 0
DWIDTH 11 0
BBX 3 12 4 1
BITMAP
60
60
C0
E0
E0
E0
00
00
00
E0
E0
E0
ENDCHAR
STARTCHAR 2E36
ENCODING 11830
SWIDTH 625 0
DWIDTH 10 0
BBX 5 16 1 -2
BITMAP
18
18
18
18
F8
F8
18
18
18
18
18
18
18
18
18
18
ENDCHAR
STARTCHAR 2E37
ENCODING 11831
SWIDTH 625 0
DWIDTH 10 0
BBX 5 16 4 -2
BITMAP
C0
C0
C0
C0
F8
F8
C0
C0
C0
C0
C0
C0
C0
C0
C0
C0
ENDCHAR
STARTCHAR 2E38
ENCODING 11832
SWIDTH 687 0
DWIDTH 11 0
BBX 7 16 2 -2
BITMAP
18
18
18
18
18
18
18
18
18
18
FE
FE
18
18
18
18
ENDCHAR
STARTCHAR 2E3D
ENCODING 11837
SWIDTH 687 0
DWIDTH 11 0
BBX 2 17 4 -3
BITMAP
C0
C0
00
C0
C0
00
C0
C0
00
C0
C0
00
C0
C0
00
C0
C0
ENDCHAR
STARTCHAR 2E3E
ENCODING 11838
SWIDTH 687 0
DWIDTH 11 0
BBX 4 17 4 -2
BITMAP
70
F0
E0
30
E0
80
E0
30
E0
80
E0
30
E0
80
E0
E0
E0
ENDCHAR
STARTCHAR 2E40
ENCODING 11840
SWIDTH 687 0
DWIDTH 11 0
BBX 7 6 2 3
BITMAP
FE
FE
00
00
FE
FE
ENDCHAR
STARTCHAR 2E41
ENCODING 11841
SWIDTH 687 0
DWIDTH 11 0
BBX 3 6 4 -4
BITMAP
E0
E0
E0
C0
60
60
ENDCHAR
STARTCHAR 2E42
ENCODING 11842
SWIDTH 687 0
DWIDTH 11 0
BBX 8 6 2 -3
BITMAP
E7
E7
E7
C6
63
21
ENDCHAR
STARTCHAR 2E43
ENCODING 11843
SWIDTH 1312 0
DWIDTH 21 0
BBX 18 5 1 5
BITMAP
C00000
C00000
C00000
7FFFC0
3FFFC0
ENDCHAR
STARTCHAR 2E44
ENCODING 11844
SWIDTH 687 0
DWIDTH 11 0
BBX 4 16 3 -3
BITMAP
30
30
70
60
60
C0
00
00
00
00
30
30
70
60
60
C0
ENDCHAR
STARTCHAR 2E45
ENCODING 11845
SWIDTH 687 0
DWIDTH 11 0
BBX 7 3 2 3
BITMAP
78
FE
86
ENDCHAR
STARTCHAR 2E46
ENCODING 11846
SWIDTH 687 0
DWIDTH 11 0
BBX 8 9 1 0
BITMAP
C3
7F
3C
00
00
00
3C
7F
43
ENDCHAR
STARTCHAR 2E47
ENCODING 11847
SWIDTH 687 0
DWIDTH 11 0
BBX 8 3 1 3
BITMAP
C3
7F
3E
ENDCHAR
STARTCHAR 2E48
ENCODING 11848
SWIDTH 687 0
DWIDTH 11 0
BBX 8 6 1 3
BITMAP
18
18
18
C3
7F
3C
ENDCHAR
STARTCHAR 2E49
ENCODING 11849
SWIDTH 687 0
DWIDTH 11 0
BBX 3 12 4 -4
BITMAP
E0
E0
E0
60
40
C0
E0
E0
E0
60
C0
C0
ENDCHAR
STARTCHAR 2E4A
ENCODING 11850
SWIDTH 687 0
DWIDTH 11 0
BBX 7 17 2 -2
BITMAP
06
06
06
0C
0C
0C
18
38
38
38
30
30
60
60
60
C0
C0
ENDCHAR
STARTCHAR 2E4B
ENCODING 11851
SWIDTH 687 0
DWIDTH 11 0
BBX 7 16 2 -2
BITMAP
18
18
18
FE
FE
18
18
FE
FE
18
18
FE
FE
18
18
18
ENDCHAR
STARTCHAR 2E52
ENCODING 11858
SWIDTH 687 0
DWIDTH 11 0
BBX 8 13 1 0
BITMAP
FF
FF
03
03
03
03
03
03
03
03
63
7E
3C
ENDCHAR
STARTCHAR 2E59
ENCODING 11865
SWIDTH 687 0
DWIDTH 11 0
BBX 6 9 2 6
BITMAP
0C
3C
70
E0
C0
C0
C0
C0
C0
ENDCHAR
STARTCHAR 2E5A
ENCODING 11866
SWIDTH 687 0
DWIDTH 11 0
BBX 6 9 3 6
BITMAP
C0
F0
38
1C
0C
0C
0C
0C
0C
ENDCHAR
STARTCHAR 2E5B
ENCODING 11867
SWIDTH 687 0
DWIDTH 11 0
BBX 6 9 2 -3
BITMAP
C0
C0
C0
C0
C0
C0
60
7C
1C
ENDCHAR
STARTCHAR 2E5C
ENCODING 11868
SWIDTH 687 0
DWIDTH 11 0
BBX 6 9 3 -3
BITMAP
0C
0C
0C
0C
0C
1C
18
F0
E0
ENDCHAR
STARTCHAR 3248
ENCODING 12872
SWIDTH 1312 0
DWIDTH 21 0
BBX 17 17 2 -3
BITMAP
FFFF80
F80F80
E00380
C00180
C00180
8C3C80
9C2480
842C80
843C80
843480
842480
9E3C80
C00180
C00180
E00380
F80F80
FFFF80
ENDCHAR
STARTCHAR 3249
ENCODING 12873
SWIDTH 1312 0
DWIDTH 21 0
BBX 17 17 2 -3
BITMAP
FFFF80
F80F80
E00380
C00180
C00180
9E3C80
922480
822C80
863C80
883480
902480
9E3C80
C00180
C00180
E00380
F80F80
FFFF80
ENDCHAR
STARTCHAR 324A
ENCODING 12874
SWIDTH 1312 0
DWIDTH 21 0
BBX 17 17 2 -3
BITMAP
FFFF80
F80F80
E00380
C00180
C00180
9E3C80
962480
842C80
8E3C80
823480
922480
9E3C80
C00180
C00180
E00380
F80F80
FFFF80
ENDCHAR
STARTCHAR 324B
ENCODING 12875
SWIDTH 1312 0
DWIDTH 21 0
BBX 17 17 2 -3
BITMAP
FFFF80
F80F80
E00380
C00180
C00180
863C80
862480
8A2C80
8A3C80
9F3480
822480
873C80
C00180
C00180
E00380
F80F80
FFFF80
ENDCHAR
STARTCHAR 324C
ENCODING 12876
SWIDTH 1312 0
DWIDTH 21 0
BBX 17 17 2 -3
BITMAP
FFFF80
F80F80
E00380
C00180
C00180
9E3C80
922480
902C80
9E2C80
823480
822480
9E3C80
C00180
C00180
E00380
F80F80
FFFF80
ENDCHAR
STARTCHAR 324D
ENCODING 12877
SWIDTH 1312 0
DWIDTH 21 0
BBX 17 17 2 -3
BITMAP
FFFF80
F80F80
E00380
C00180
C00180
9E3C80
922480
902C80
9E3C80
923480
922480
9E3C80
C00180
C00180
E00380
F80F80
FFFF80
ENDCHAR
STARTCHAR 324E
ENCODING 12878
SWIDTH 1312 0
DWIDTH 21 0
BBX 17 17 2 -3
BITMAP
FFFF80
F80F80
E00380
C00180
C00180
9F3C80
922480
822C80
863C80
843480
842480
8C3C80
C00180
C00180
E00380
F80F80
FFFF80
ENDCHAR
STARTCHAR 324F
ENCODING 12879
SWIDTH 1312 0
DWIDTH 21 0
BBX 17 17 2 -3
BITMAP
FFFF80
F80F80
E00380
C00180
C00180
8E3C80
922480
922C80
8C3C80
923480
922480
9E3C80
C00180
C00180
E00380
F80F80
FFFF80
ENDCHAR
STARTCHAR 3251
ENCODING 12881
SWIDTH 1312 0
DWIDTH 21 0
BBX 17 17 2 -3
BITMAP
07F000
1C1C00
300600
600300
400100
DE3180
D27180
821180
861180
C81180
D21180
DE7D80
400100
600300
300600
1C1C00
07F000
ENDCHAR
STARTCHAR 3252
ENCODING 12882
SWIDTH 1312 0
DWIDTH 21 0
BBX 17 17 2 -3
BITMAP
07F000
1C1C00
300600
600300
400100
DE3D80
D22580
820580
860980
C81180
D22580
DE3D80
400100
600300
300600
1C1C00
07F000
ENDCHAR
STARTCHAR 3253
ENCODING 12883
SWIDTH 1312 0
DWIDTH 21 0
BBX 17 17 2 -3
BITMAP
07F000
1C1C00
300600
600300
400100
DE3D80
D22D80
821980
841D80
C80580
D02580
DE3D80
400100
600300
300600
1C1C00
07F000
ENDCHAR
STARTCHAR 3254
ENCODING 12884
SWIDTH 1312 0
DWIDTH 21 0
BBX 17 17 2 -3
BITMAP
07F000
1C1C00
300600
600300
400100
DE0980
D21980
823980
862980
C87D80
D20980
DE1D80
400100
600300
300600
1C1C00
07F000
ENDCHAR
STARTCHAR 3255
ENCODING 12885
SWIDTH 1312 0
DWIDTH 21 0
BBX 17 17 2 -3
BITMAP
07F000
1C1C00
300600
600300
400100
DE3D80
D22580
822180
863D80
C80580
D20580
DE3D80
400100
600300
300600
1C1C00
07F000
ENDCHAR
STARTCHAR 3256
ENCODING 12886
SWIDTH 1312 0
DWIDTH 21 0
BBX 17 17 2 -3
BITMAP
07F000
1C1C00
300600
600300
400100
DE3D80
D22580
822180
863D80
C82580
D02580
DE3D80
400100
600300
300600
1C1C00
07F000
ENDCHAR
STARTCHAR 3257
ENCODING 12887
SWIDTH 1312 0
DWIDTH 21 0
BBX 17 17 2 -3
BITMAP
07F000
1C1C00
300600
600300
400100
DE3F80
D22580
820580
860D80
C80980
D21980
DE1180
400100
600300
300600
1C1C00
07F000
ENDCHAR
STARTCHAR 3258
ENCODING 12888
SWIDTH 1312 0
DWIDTH 21 0
BBX 17 17 2 -3
BITMAP
07F000
1C1C00
300600
600300
400100
DE3D80
D22580
822580
861980
C82580
D02580
DE3D80
400100
600300
300600
1C1C00
07F000
ENDCHAR
STARTCHAR 3259
ENCODING 12889
SWIDTH 1312 0
DWIDTH 21 0
BBX 17 17 2 -3
BITMAP
07F000
1C1C00
300600
600300
400100
DE3D80
D22580
822580
863D80
C80580
D02580
DE3D80
400100
600300
300600
1C1C00
07F000
ENDCHAR
STARTCHAR 325A
ENCODING 12890
SWIDTH 1312 0
DWIDTH 21 0
BBX 17 17 2 -3
BITMAP
07F000
1C1C00
300600
600300
400100
DE3D80
D62580
842D80
8E3D80
C23580
D22580
DE3D80
400100
600300
300600
1C1C00
07F000
ENDCHAR
STARTCHAR 325B
ENCODING 12891
SWIDTH 1312 0
DWIDTH 21 0
BBX 17 17 2 -3
BITMAP
07F000
1C1C00
300600
600300
400100
DE3180
D67180
8C1180
8E1180
C21180
D21180
DE7D80
400100
600300
300600
1C1C00
07F000
ENDCHAR
STARTCHAR 325C
ENCODING 12892
SWIDTH 1312 0
DWIDTH 21 0
BBX 17 17 2 -3
BITMAP
07F000
1C1C00
300600
600300
400100
DE3D80
D62580
8C0580
8E0980
C21180
D22180
DE3D80
400100
600300
300600
1C1C00
07F000
ENDCHAR
STARTCHAR 325D
ENCODING 12893
SWIDTH 1312 0
DWIDTH 21 0
BBX 17 17 2 -3
BITMAP
07F000
1C1C00
300600
600300
400100
DE3D80
D62D80
8C1980
8E1D80
C20580
D22580
DE3D80
400100
600300
300600
1C1C00
07F000
ENDCHAR
STARTCHAR 325E
ENCODING 12894
SWIDTH 1312 0
DWIDTH 21 0
BBX 17 17 2 -3
BITMAP
07F000
1C1C00
300600
600300
400100
DE0980
D61980
8C3980
8E2980
C26980
D21D80
DE1D80
400100
600300
300600
1C1C00
07F000
ENDCHAR
STARTCHAR 325F
ENCODING 12895
SWIDTH 1312 0
DWIDTH 21 0
BBX 17 17 2 -3
BITMAP
07F000
1C1C00
300600
600300
400100
DE3D80
D62580
8C2180
8E3D80
C20580
D20580
DE3D80
400100
600300
300600
1C1C00
07F000
ENDCHAR
STARTCHAR 32B1
ENCODING 12977
SWIDTH 1312 0
DWIDTH 21 0
BBX 17 17 2 -3
BITMAP
07F000
1C1C00
300600
600300
400100
DE3D80
D62580
842180
8E3D80
C22580
D22580
DE3D80
400100
600300
300600
1C1C00
07F000
ENDCHAR
STARTCHAR 32B2
ENCODING 12978
SWIDTH 1312 0
DWIDTH 21 0
BBX 17 17 2 -3
BITMAP
07F000
1C1C00
300600
600300
400100
DE3F80
D62580
8C0580
8E0D80
C20980
D21980
DE1980
400100
600300
300600
1C1C00
07F000
ENDCHAR
STARTCHAR 32B3
ENCODING 12979
SWIDTH 1312 0
DWIDTH 21 0
BBX 17 17 2 -3
BITMAP
07F000
1C1C00
300600
600300
400100
DE3D80
D62580
8C2580
8E1980
C22580
D22580
DE3D80
400100
600300
300600
1C1C00
07F000
ENDCHAR
STARTCHAR 32B4
ENCODING 12980
SWIDTH 1312 0
DWIDTH 21 0
BBX 17 17 2 -3
BITMAP
07F000
1C1C00
300600
600300
400100
DE3D80
D62580
882580
8E3D80
C21580
D22580
DE3D80
400100
600300
300600
1C1C00
07F000
ENDCHAR
STARTCHAR 32B5
ENCODING 12981
SWIDTH 1312 0
DWIDTH 21 0
BBX 17 17 2 -3
BITMAP
07F000
1C1C00
300600
600300
400100
C63D80
C62580
8A2D80
8A3D80
DF3580
C22580
C73D80
400100
600300
300600
1C1C00
07F000
ENDCHAR
STARTCHAR 32B6
ENCODING 12982
SWIDTH 1312 0
DWIDTH 21 0
BBX 17 17 2 -3
BITMAP
07F000
1C1C00
300600
600300
400100
C63180
C67180
8A1180
8A1180
DF1180
C21180
C77D80
400100
600300
300600
1C1C00
07F000
ENDCHAR
STARTCHAR 32B7
ENCODING 12983
SWIDTH 1312 0
DWIDTH 21 0
BBX 17 17 2 -3
BITMAP
07F000
1C1C00
300600
600300
400100
C63D80
C62580
8A0580
8A0980
DF1180
C22580
C73D80
400100
600300
300600
1C1C00
07F000
ENDCHAR
STARTCHAR 32B8
ENCODING 12984
SWIDTH 1312 0
DWIDTH 21 0
BBX 17 17 2 -3
BITMAP
07F000
1C1C00
300600
600300
400100
C67D80
C64980
8A1180
8A1D80
D20580
CE4580
C73980
400100
600300
300600
1C1C00
07F000
ENDCHAR
STARTCHAR 32B9
ENCODING 12985
SWIDTH 1312 0
DWIDTH 21 0
BBX 17 17 2 -3
BITMAP
07F000
1C1C00
300600
600300
400100
C60980
C61980
8A3980
8A2980
DF7D80
C20980
C71D80
400100
600300
300600
1C1C00
07F000
ENDCHAR
STARTCHAR 32BA
ENCODING 12986
SWIDTH 1312 0
DWIDTH 21 0
BBX 17 17 2 -3
BITMAP
07F000
1C1C00
300600
600300
400100
C63D80
C62580
8A2180
8A3D80
D20580
DF0580
C73D80
400100
600300
300600
1C1C00
07F000
ENDCHAR
STARTCHAR 32BB
ENCODING 12987
SWIDTH 1312 0
DWIDTH 21 0
BBX 17 17 2 -3
BITMAP
07F000
1C1C00
300600
600300
400100
C63D80
C62580
8A2180
8A3D80
D22580
CE2580
C73D80
400100
600300
300600
1C1C00
07F000
ENDCHAR
STARTCHAR 32BC
ENCODING 12988
SWIDTH 1312 0
DWIDTH 21 0
BBX 17 17 2 -3
BITMAP
07F000
1C1C00
300600
600300
400100
C63F80
C62580
8A0580
8A0D80
DF0980
DF1980
C71180
400100
600300
300600
1C1C00
07F000
ENDCHAR
STARTCHAR 32BD
ENCODING 12989
SWIDTH 1312 0
DWIDTH 21 0
BBX 17 17 2 -3
BITMAP
07F000
1C1C00
300600
600300
400100
C63D80
C62580
8A2580
8A1980
DF2580
C22580
C73D80
400100
600300
300600
1C1C00
07F000
ENDCHAR
STARTCHAR 32BE
ENCODING 12990
SWIDTH 1312 0
DWIDTH 21 0
BBX 17 17 2 -3
BITMAP
07F000
1C1C00
300600
600300
400100
C63D80
C62580
8A2580
9A3D80
DF0580
C22580
C73D80
400100
600300
300600
1C1C00
07F000
ENDCHAR
STARTCHAR 32BF
ENCODING 12991
SWIDTH 1312 0
DWIDTH 21 0
BBX 17 17 2 -3
BITMAP
07F000
1C1C00
300600
600300
400100
DE3D80
D22580
902D80
9E2D80
C23580
C22580
DE3D80
400100
600300
300600
1C1C00
07F000
ENDCHAR
STARTCHAR 4DC0
ENCODING 19904
SWIDTH 687 0
DWIDTH 11 0
BBX 7 15 2 -2
BITMAP
FE
00
00
FE
00
00
FE
00
FE
00
00
FE
00
00
FE
ENDCHAR
STARTCHAR 4DC1
ENCODING 19905
SWIDTH 687 0
DWIDTH 11 0
BBX 7 15 2 -2
BITMAP
EE
00
00
EE
00
00
EE
00
EE
00
00
EE
00
00
EE
ENDCHAR
STARTCHAR 4DC2
ENCODING 19906
SWIDTH 687 0
DWIDTH 11 0
BBX 7 15 2 -2
BITMAP
EE
00
00
FE
00
00
EE
00
EE
00
00
EE
00
00
FE
ENDCHAR
STARTCHAR 4DC3
ENCODING 19907
SWIDTH 687 0
DWIDTH 11 0
BBX 7 15 2 -2
BITMAP
FE
00
00
EE
00
00
EE
00
EE
00
00
FE
00
00
EE
ENDCHAR
STARTCHAR 4DC4
ENCODING 19908
SWIDTH 687 0
DWIDTH 11 0
BBX 7 15 2 -2
BITMAP
EE
00
00
FE
00
00
EE
00
FE
00
00
FE
00
00
FE
ENDCHAR
STARTCHAR 4DC5
ENCODING 19909
SWIDTH 687 0
DWIDTH 11 0
BBX 7 15 2 -2
BITMAP
FE
00
00
FE
00
00
FE
00
EE
00
00
FE
00
00
EE
ENDCHAR
STARTCHAR 4DC6
ENCODING 19910
SWIDTH 687 0
DWIDTH 11 0
BBX 7 15 2 -2
BITMAP
EE
00
00
EE
00
00
EE
00
EE
00
00
FE
00
00
EE
ENDCHAR
STARTCHAR 4DC7
ENCODING 19911
SWIDTH 687 0
DWIDTH 11 0
BBX 7 15 2 -2
BITMAP
EE
00
00
FE
00
00
EE
00
EE
00
00
EE
00
00
EE
ENDCHAR
STARTCHAR 4DC8
ENCODING 19912
SWIDTH 687 0
DWIDTH 11 0
BBX 7 15 2 -2
BITMAP
FE
00
00
FE
00
00
EE
00
FE
00
00
FE
00
00
FE
ENDCHAR
STARTCHAR 4DC9
ENCODING 19913
SWIDTH 687 0
DWIDTH 11 0
BBX 7 15 2 -2
BITMAP
FE
00
00
FE
00
00
FE
00
EE
00
00
FE
00
00
FE
ENDCHAR
STARTCHAR 4DCA
ENCODING 19914
SWIDTH 687 0
DWIDTH 11 0
BBX 7 15 2 -2
BITMAP
EE
00
00
EE
00
00
EE
00
FE
00
00
FE
00
00
FE
ENDCHAR
STARTCHAR 4DCB
ENCODING 19915
SWIDTH 687 0
DWIDTH 11 0
BBX 7 15 2 -2
BITMAP
FE
00
00
FE
00
00
FE
00
EE
00
00
EE
00
00
EE
ENDCHAR
STARTCHAR 4DCC
ENCODING 19916
SWIDTH 687 0
DWIDTH 11 0
BBX 7 15 2 -2
BITMAP
FE
00
00
FE
00
00
FE
00
FE
00
00
EE
00
00
FE
ENDCHAR
STARTCHAR 4DCD
ENCODING 19917
SWIDTH 687 0
DWIDTH 11 0
BBX 7 15 2 -2
BITMAP
FE
00
00
EE
00
00
FE
00
FE
00
00
FE
00
00
FE
ENDCHAR
STARTCHAR 4DCE
ENCODING 19918
SWIDTH 687 0
DWIDTH 11 0
BBX 7 15 2 -2
BITMAP
EE
00
00
EE
00
00
EE
00
FE
00
00
EE
00
00
EE
ENDCHAR
STARTCHAR 4DCF
ENCODING 19919
SWIDTH 687 0
DWIDTH 11 0
BBX 7 15 2 -2
BITMAP
EE
00
00
EE
00
00
FE
00
EE
00
00
EE
00
00
EE
ENDCHAR
STARTCHAR 4DD0
ENCODING 19920
SWIDTH 687 0
DWIDTH 11 0
BBX 7 15 2 -2
BITMAP
EE
00
00
FE
00
00
FE
00
EE
00
00
EE
00
00
FE
ENDCHAR
STARTCHAR 4DD1
ENCODING 19921
SWIDTH 687 0
DWIDTH 11 0
BBX 7 15 2 -2
BITMAP
FE
00
00
EE
00
00
EE
00
FE
00
00
FE
00
00
EE
ENDCHAR
STARTCHAR 4DD2
ENCODING 19922
SWIDTH 687 0
DWIDTH 11 0
BBX 7 15 2 -2
BITMAP
EE
00
00
EE
00
00
EE
00
EE
00
00
FE
00
00
FE
ENDCHAR
STARTCHAR 4DD3
ENCODING 19923
SWIDTH 687 0
DWIDTH 11 0
BBX 7 15 2 -2
BITMAP
FE
00
00
FE
00
00
EE
00
EE
00
00
EE
00
00
EE
ENDCHAR
STARTCHAR 4DD4
ENCODING 19924
SWIDTH 687 0
DWIDTH 11 0
BBX 7 15 2 -2
BITMAP
FE
00
00
EE
00
00
FE
00
EE
00
00
EE
00
00
FE
ENDCHAR
STARTCHAR 4DD5
ENCODING 19925
SWIDTH 687 0
DWIDTH 11 0
BBX 7 15 2 -2
BITMAP
FE
00
00
EE
00
00
EE
00
FE
00
00
EE
00
00
FE
ENDCHAR
STARTCHAR 4DD6
ENCODING 19926
SWIDTH 687 0
DWIDTH 11 0
BBX 7 15 2 -2
BITMAP
FE
00
00
EE
00
00
EE
00
EE
00
00
EE
00
00
EE
ENDCHAR
STARTCHAR 4DD7
ENCODING 19927
SWIDTH 687 0
DWIDTH 11 0
BBX 7 15 2 -2
BITMAP
EE
00
00
EE
00
00
EE
00
EE
00
00
EE
00
00
FE
ENDCHAR
STARTCHAR 4DD8
ENCODING 19928
SWIDTH 687 0
DWIDTH 11 0
BBX 7 15 2 -2
BITMAP
FE
00
00
FE
00
00
FE
00
EE
00
00
EE
00
00
FE
ENDCHAR
STARTCHAR 4DD9
ENCODING 19929
SWIDTH 687 0
DWIDTH 11 0
BBX 7 15 2 -2
BITMAP
FE
00
00
EE
00
00
EE
00
FE
00
00
FE
00
00
FE
ENDCHAR
STARTCHAR 4DDA
ENCODING 19930
SWIDTH 687 0
DWIDTH 11 0
BBX 7 15 2 -2
BITMAP
FE
00
00
EE
00
00
EE
00
EE
00
00
EE
00
00
FE
ENDCHAR
STARTCHAR 4DDB
ENCODING 19931
SWIDTH 687 0
DWIDTH 11 0
BBX 7 15 2 -2
BITMAP
EE
00
00
FE
00
00
FE
00
FE
00
00
FE
00
00
EE
ENDCHAR
STARTCHAR 4DDC
ENCODING 19932
SWIDTH 687 0
DWIDTH 11 0
BBX 7 15 2 -2
BITMAP
EE
00
00
FE
00
00
EE
00
EE
00
00
FE
00
00
EE
ENDCHAR
STARTCHAR 4DDD
ENCODING 19933
SWIDTH 687 0
DWIDTH 11 0
BBX 7 15 2 -2
BITMAP
FE
00
00
EE
00
00
FE
00
FE
00
00
EE
00
00
FE
ENDCHAR
STARTCHAR 4DDE
ENCODING 19934
SWIDTH 687 0
DWIDTH 11 0
BBX 7 15 2 -2
BITMAP
EE
00
00
FE
00
00
FE
00
FE
00
00
EE
00
00
EE
ENDCHAR
STARTCHAR 4DDF
ENCODING 19935
SWIDTH 687 0
DWIDTH 11 0
BBX 7 15 2 -2
BITMAP
EE
00
00
EE
00
00
FE
00
FE
00
00
FE
00
00
EE
ENDCHAR
STARTCHAR 4DE0
ENCODING 19936
SWIDTH 687 0
DWIDTH 11 0
BBX 7 15 2 -2
BITMAP
FE
00
00
FE
00
00
FE
00
FE
00
00
EE
00
00
EE
ENDCHAR
STARTCHAR 4DE1
ENCODING 19937
SWIDTH 687 0
DWIDTH 11 0
BBX 7 15 2 -2
BITMAP
EE
00
00
EE
00
00
FE
00
FE
00
00
FE
00
00
FE
ENDCHAR
STARTCHAR 4DE2
ENCODING 19938
SWIDTH 687 0
DWIDTH 11 0
BBX 7 15 2 -2
BITMAP
FE
00
00
EE
00
00
FE
00
EE
00
00
EE
00
00
EE
ENDCHAR
STARTCHAR 4DE3
ENCODING 19939
SWIDTH 687 0
DWIDTH 11 0
BBX 7 15 2 -2
BITMAP
EE
00
00
EE
00
00
EE
00
FE
00
00
EE
00
00
FE
ENDCHAR
STARTCHAR 4DE4
ENCODING 19940
SWIDTH 687 0
DWIDTH 11 0
BBX 7 15 2 -2
BITMAP
FE
00
00
FE
00
00
EE
00
FE
00
00
EE
00
00
FE
ENDCHAR
STARTCHAR 4DE5
ENCODING 19941
SWIDTH 687 0
DWIDTH 11 0
BBX 7 15 2 -2
BITMAP
FE
00
00
EE
00
00
FE
00
EE
00
00
FE
00
00
FE
ENDCHAR
STARTCHAR 4DE6
ENCODING 19942
SWIDTH 687 0
DWIDTH 11 0
BBX 7 15 2 -2
BITMAP
EE
00
00
FE
00
00
EE
00
FE
00
00
EE
00
00
EE
ENDCHAR
STARTCHAR 4DE7
ENCODING 19943
SWIDTH 687 0
DWIDTH 11 0
BBX 7 15 2 -2
BITMAP
EE
00
00
EE
00
00
FE
00
EE
00
00
FE
00
00
EE
ENDCHAR
STARTCHAR 4DE8
ENCODING 19944
SWIDTH 687 0
DWIDTH 11 0
BBX 7 15 2 -2
BITMAP
FE
00
00
EE
00
00
EE
00
EE
00
00
FE
00
00
FE
ENDCHAR
STARTCHAR 4DE9
ENCODING 19945
SWIDTH 687 0
DWIDTH 11 0
BBX 7 15 2 -2
BITMAP
FE
00
00
FE
00
00
EE
00
EE
00
00
EE
00
00
FE
ENDCHAR
STARTCHAR 4DEA
ENCODING 19946
SWIDTH 687 0
DWIDTH 11 0
BBX 7 15 2 -2
BITMAP
EE
00
00
FE
00
00
FE
00
FE
00
00
FE
00
00
FE
ENDCHAR
STARTCHAR 4DEB
ENCODING 19947
SWIDTH 687 0
DWIDTH 11 0
BBX 7 15 2 -2
BITMAP
FE
00
00
FE
00
00
FE
00
FE
00
00
FE
00
00
EE
ENDCHAR
STARTCHAR 4DEC
ENCODING 19948
SWIDTH 687 0
DWIDTH 11 0
BBX 7 15 2 -2
BITMAP
EE
00
00
FE
00
00
FE
00
EE
00
00
EE
00
00
EE
ENDCHAR
STARTCHAR 4DED
ENCODING 19949
SWIDTH 687 0
DWIDTH 11 0
BBX 7 15 2 -2
BITMAP
EE
00
00
EE
00
00
EE
00
FE
00
00
FE
00
00
EE
ENDCHAR
STARTCHAR 4DEE
ENCODING 19950
SWIDTH 687 0
DWIDTH 11 0
BBX 7 15 2 -2
BITMAP
EE
00
00
FE
00
00
FE
00
EE
00
00
FE
00
00
EE
ENDCHAR
STARTCHAR 4DEF
ENCODING 19951
SWIDTH 687 0
DWIDTH 11 0
BBX 7 15 2 -2
BITMAP
EE
00
00
FE
00
00
EE
00
FE
00
00
FE
00
00
EE
ENDCHAR
STARTCHAR 4DF0
ENCODING 19952
SWIDTH 687 0
DWIDTH 11 0
BBX 7 15 2 -2
BITMAP
EE
00
00
FE
00
00
FE
00
FE
00
00
EE
00
00
FE
ENDCHAR
STARTCHAR 4DF1
ENCODING 19953
SWIDTH 687 0
DWIDTH 11 0
BBX 7 15 2 -2
BITMAP
FE
00
00
EE
00
00
FE
00
FE
00
00
FE
00
00
EE
ENDCHAR
STARTCHAR 4DF2
ENCODING 19954
SWIDTH 687 0
DWIDTH 11 0
BBX 7 15 2 -2
BITMAP
EE
00
00
EE
00
00
FE
00
EE
00
00
EE
00
00
FE
ENDCHAR
STARTCHAR 4DF3
ENCODING 19955
SWIDTH 687 0
DWIDTH 11 0
BBX 7 15 2 -2
BITMAP
FE
00
00
EE
00
00
EE
00
FE
00
00
EE
00
00
EE
ENDCHAR
STARTCHAR 4DF4
ENCODING 19956
SWIDTH 687 0
DWIDTH 11 0
BBX 7 15 2 -2
BITMAP
FE
00
00
FE
00
00
EE
00
FE
00
00
EE
00
00
EE
ENDCHAR
STARTCHAR 4DF5
ENCODING 19957
SWIDTH 687 0
DWIDTH 11 0
BBX 7 15 2 -2
BITMAP
EE
00
00
EE
00
00
FE
00
EE
00
00
FE
00
00
FE
ENDCHAR
STARTCHAR 4DF6
ENCODING 19958
SWIDTH 687 0
DWIDTH 11 0
BBX 7 15 2 -2
BITMAP
EE
00
00
EE
00
00
FE
00
FE
00
00
EE
00
00
FE
ENDCHAR
STARTCHAR 4DF7
ENCODING 19959
SWIDTH 687 0
DWIDTH 11 0
BBX 7 15 2 -2
BITMAP
FE
00
00
EE
00
00
FE
00
FE
00
00
EE
00
00
EE
ENDCHAR
STARTCHAR 4DF8
ENCODING 19960
SWIDTH 687 0
DWIDTH 11 0
BBX 7 15 2 -2
BITMAP
FE
00
00
FE
00
00
EE
00
FE
00
00
FE
00
00
EE
ENDCHAR
STARTCHAR 4DF9
ENCODING 19961
SWIDTH 687 0
DWIDTH 11 0
BBX 7 15 2 -2
BITMAP
EE
00
00
FE
00
00
FE
00
EE
00
00
FE
00
00
FE
ENDCHAR
STARTCHAR 4DFA
ENCODING 19962
SWIDTH 687 0
DWIDTH 11 0
BBX 7 15 2 -2
BITMAP
FE
00
00
FE
00
00
EE
00
EE
00
00
FE
00
00
EE
ENDCHAR
STARTCHAR 4DFB
ENCODING 19963
SWIDTH 687 0
DWIDTH 11 0
BBX 7 15 2 -2
BITMAP
EE
00
00
FE
00
00
EE
00
EE
00
00
FE
00
00
FE
ENDCHAR
STARTCHAR 4DFC
ENCODING 19964
SWIDTH 687 0
DWIDTH 11 0
BBX 7 15 2 -2
BITMAP
FE
00
00
FE
00
00
EE
00
EE
00
00
FE
00
00
FE
ENDCHAR
STARTCHAR 4DFD
ENCODING 19965
SWIDTH 687 0
DWIDTH 11 0
BBX 7 15 2 -2
BITMAP
EE
00
00
EE
00
00
FE
00
FE
00
00
EE
00
00
EE
ENDCHAR
STARTCHAR 4DFE
ENCODING 19966
SWIDTH 687 0
DWIDTH 11 0
BBX 7 15 2 -2
BITMAP
EE
00
00
FE
00
00
EE
00
FE
00
00
EE
00
00
FE
ENDCHAR
STARTCHAR 4DFF
ENCODING 19967
SWIDTH 687 0
DWIDTH 11 0
BBX 7 15 2 -2
BITMAP
FE
00
00
EE
00
00
FE
00
EE
00
00
FE
00
00
EE
ENDCHAR
STARTCHAR A640
ENCODING 42560
SWIDTH 687 0
DWIDTH 11 0
BBX 8 17 2 -4
BITMAP
FF
FF
C6
0E
0C
1C
18
38
30
70
E0
FC
FE
02
72
DE
CE
ENDCHAR
STARTCHAR A641
ENCODING 42561
SWIDTH 687 0
DWIDTH 11 0
BBX 8 13 2 -4
BITMAP
FF
FF
C6
0C
18
30
60
FC
FE
02
72
DE
CE
ENDCHAR
STARTCHAR A642
ENCODING 42562
SWIDTH 687 0
DWIDTH 11 0
BBX 8 17 2 -4
BITMAP
FF
FF
C6
0E
1C
1C
7C
7C
70
60
E0
FC
FE
02
72
DE
CE
ENDCHAR
STARTCHAR A643
ENCODING 42563
SWIDTH 687 0
DWIDTH 11 0
BBX 8 13 2 -4
BITMAP
FF
FF
CE
1C
7C
7C
60
FC
FE
02
72
DE
CE
ENDCHAR
STARTCHAR A644
ENCODING 42564
SWIDTH 687 0
DWIDTH 11 0
BBX 8 13 1 0
BITMAP
DE
FF
C3
03
07
1E
3C
78
E0
C0
C3
FF
7B
ENDCHAR
STARTCHAR A645
ENCODING 42565
SWIDTH 687 0
DWIDTH 11 0
BBX 7 9 2 0
BITMAP
FC
FE
C6
0E
7C
E0
86
FE
7E
ENDCHAR
STARTCHAR A646
ENCODING 42566
SWIDTH 625 0
DWIDTH 10 0
BBX 8 13 1 0
BITMAP
F8
F8
18
18
18
18
18
18
18
18
18
1F
0F
ENDCHAR
STARTCHAR A647
ENCODING 42567
SWIDTH 625 0
DWIDTH 10 0
BBX 8 9 1 0
BITMAP
F8
F8
18
18
18
18
18
1F
0F
ENDCHAR
STARTCHAR A648
ENCODING 42568
SWIDTH 687 0
DWIDTH 11 0
BBX 9 13 1 0
BITMAP
3E00
3E00
0800
3E00
3E00
0800
3E00
7700
6300
6300
6300
F780
F780
ENDCHAR
STARTCHAR A649
ENCODING 42569
SWIDTH 687 0
DWIDTH 11 0
BBX 9 9 1 0
BITMAP
3E00
3E00
3E00
0800
3E00
7700
6300
F780
F780
ENDCHAR
STARTCHAR A64A
ENCODING 42570
SWIDTH 687 0
DWIDTH 11 0
BBX 9 13 1 0
BITMAP
F180
F380
3300
3B00
1A00
1E00
3F00
6D80
6D80
6180
6180
3F00
1E00
ENDCHAR
STARTCHAR A64B
ENCODING 42571
SWIDTH 687 0
DWIDTH 11 0
BBX 6 13 3 0
BITMAP
0C
0C
CC
CC
D8
78
70
70
58
C8
C8
F8
70
ENDCHAR
STARTCHAR A64C
ENCODING 42572
SWIDTH 687 0
DWIDTH 11 0
BBX 9 13 1 0
BITMAP
6700
E780
C180
C180
C180
C180
C180
C180
C180
D980
D980
FF80
7700
ENDCHAR
STARTCHAR A64D
ENCODING 42573
SWIDTH 687 0
DWIDTH 11 0
BBX 9 9 1 0
BITMAP
7700
F700
C180
C180
C180
C180
C980
FF80
7700
ENDCHAR
STARTCHAR A64E
ENCODING 42574
SWIDTH 750 0
DWIDTH 12 0
BBX 9 13 1 0
BITMAP
F000
F800
1800
1800
1800
1E00
1F00
1980
1980
1980
1980
3F80
3F00
ENDCHAR
STARTCHAR A64F
ENCODING 42575
SWIDTH 750 0
DWIDTH 12 0
BBX 9 9 1 0
BITMAP
F000
F800
1800
1F00
1F80
1980
1980
3F80
3F00
ENDCHAR
STARTCHAR A650
ENCODING 42576
SWIDTH 750 0
DWIDTH 12 0
BBX 10 13 1 0
BITMAP
F1C0
F1C0
B180
3180
3180
3D80
3D80
3780
3780
3780
3780
7DC0
7DC0
ENDCHAR
STARTCHAR A651
ENCODING 42577
SWIDTH 750 0
DWIDTH 12 0
BBX 10 9 1 0
BITMAP
F9C0
F9C0
B180
3D80
3F80
3380
3380
7FC0
7DC0
ENDCHAR
STARTCHAR A652
ENCODING 42578
SWIDTH 687 0
DWIDTH 11 0
BBX 9 13 1 0
BITMAP
EE00
EE00
6600
7F00
6700
6600
6700
6780
6680
6680
6680
EF80
EF00
ENDCHAR
STARTCHAR A653
ENCODING 42579
SWIDTH 687 0
DWIDTH 11 0
BBX 9 13 1 0
BITMAP
EE00
EE00
6600
6600
7F00
6700
6600
6700
6780
6680
6680
EF80
EF00
ENDCHAR
STARTCHAR A654
ENCODING 42580
SWIDTH 687 0
DWIDTH 11 0
BBX 9 13 1 0
BITMAP
7B80
FF80
CD80
CD80
CD80
CD80
CF80
CF80
CD80
CD80
CD80
FF80
7B80
ENDCHAR
STARTCHAR A655
ENCODING 42581
SWIDTH 687 0
DWIDTH 11 0
BBX 9 9 1 0
BITMAP
7B80
FF80
CD80
CD80
CF80
CF80
CD80
FF80
7B80
ENDCHAR
STARTCHAR A656
ENCODING 42582
SWIDTH 750 0
DWIDTH 12 0
BBX 10 13 1 0
BITMAP
E700
E700
C700
C700
C500
C500
FD80
FD80
CF80
CD80
C880
DDC0
DDC0
ENDCHAR
STARTCHAR A657
ENCODING 42583
SWIDTH 750 0
DWIDTH 12 0
BBX 10 9 1 0
BITMAP
E700
EF80
6980
6180
7F80
7F80
6980
EFC0
EFC0
ENDCHAR
STARTCHAR A658
ENCODING 42584
SWIDTH 687 0
DWIDTH 11 0
BBX 9 13 1 0
BITMAP
1C00
1C00
1C00
1400
3600
3600
3600
3E00
7F00
6300
6300
FF80
FF80
ENDCHAR
STARTCHAR A659
ENCODING 42585
SWIDTH 687 0
DWIDTH 11 0
BBX 9 9 1 0
BITMAP
1C00
1C00
1400
3600
3E00
3E00
6300
FF80
FF80
ENDCHAR
STARTCHAR A65A
ENCODING 42586
SWIDTH 625 0
DWIDTH 10 0
BBX 10 13 0 0
BITMAP
7F80
7F80
3300
3300
1E00
3F00
6100
7F80
7F80
6D80
4D80
CCC0
CCC0
ENDCHAR
STARTCHAR A65B
ENCODING 42587
SWIDTH 625 0
DWIDTH 10 0
BBX 10 9 0 0
BITMAP
7F80
3F00
3300
1E00
3F00
7F80
7F80
CDC0
CCC0
ENDCHAR
STARTCHAR A65C
ENCODING 42588
SWIDTH 750 0
DWIDTH 12 0
BBX 10 13 1 0
BITMAP
E600
E700
C700
C700
C500
C500
C500
FF80
CD80
CD80
CD80
DFC0
DFC0
ENDCHAR
STARTCHAR A65D
ENCODING 42589
SWIDTH 750 0
DWIDTH 12 0
BBX 10 9 1 0
BITMAP
E200
E700
C700
C500
C580
FF80
CD80
DFC0
DFC0
ENDCHAR
STARTCHAR A65E
ENCODING 42590
SWIDTH 687 0
DWIDTH 11 0
BBX 10 17 0 -4
BITMAP
0C00
1E00
1E00
3E00
2F00
2F00
2D00
2D00
6D80
6D80
CDC0
CDC0
0C00
0C00
0C00
1F00
1F00
ENDCHAR
STARTCHAR A65F
ENCODING 42591
SWIDTH 687 0
DWIDTH 11 0
BBX 10 13 0 -4
BITMAP
1C00
1E00
3E00
2F00
2F00
6D00
6D80
CDC0
CDC0
0C00
0C00
1F00
1F00
ENDCHAR
STARTCHAR A660
ENCODING 42592
SWIDTH 687 0
DWIDTH 11 0
BBX 9 15 1 -2
BITMAP
F780
F780
6300
6300
6300
6300
6300
6300
6300
6300
6300
FF80
FF80
C000
C000
ENDCHAR
STARTCHAR A661
ENCODING 42593
SWIDTH 687 0
DWIDTH 11 0
BBX 9 11 1 -2
BITMAP
F780
F780
6300
6300
6300
6300
6300
FF80
FF80
C000
C000
ENDCHAR
STARTCHAR A662
ENCODING 42594
SWIDTH 750 0
DWIDTH 12 0
BBX 10 15 1 -2
BITMAP
FFC0
FFC0
66C0
6600
6600
6600
6600
6600
6600
6600
6600
FF00
FF00
C300
C300
ENDCHAR
STARTCHAR A663
ENCODING 42595
SWIDTH 750 0
DWIDTH 12 0
BBX 10 11 1 -2
BITMAP
FFC0
FFC0
66C0
6600
6600
6600
6600
FF00
FF00
C300
C300
ENDCHAR
STARTCHAR A664
ENCODING 42596
SWIDTH 750 0
DWIDTH 12 0
BBX 11 13 0 0
BITMAP
7FE0
7FE0
3660
3600
3600
3600
3600
3600
3600
3600
3600
E700
E700
ENDCHAR
STARTCHAR A665
ENCODING 42597
SWIDTH 750 0
DWIDTH 12 0
BBX 11 9 0 0
BITMAP
7FE0
7FE0
3660
3600
3600
3600
3600
E700
E700
ENDCHAR
STARTCHAR A666
ENCODING 42598
SWIDTH 625 0
DWIDTH 10 0
BBX 10 13 0 0
BITMAP
C3C0
E3C0
6740
6700
6700
5F00
5B00
5B00
5B00
4300
4300
E700
E700
ENDCHAR
STARTCHAR A667
ENCODING 42599
SWIDTH 625 0
DWIDTH 10 0
BBX 10 9 0 0
BITMAP
E7C0
E7C0
6740
7700
7F00
7B00
7B00
FF00
EF00
ENDCHAR
STARTCHAR A668
ENCODING 42600
SWIDTH 625 0
DWIDTH 10 0
BBX 8 13 1 0
BITMAP
3C
7E
C3
C3
C3
DB
DB
DB
C3
C3
C3
7E
3C
ENDCHAR
STARTCHAR A669
ENCODING 42601
SWIDTH 625 0
DWIDTH 10 0
BBX 8 9 1 0
BITMAP
3C
7E
C3
DB
DB
DB
C3
7E
3C
ENDCHAR
STARTCHAR A66A
ENCODING 42602
SWIDTH 625 0
DWIDTH 10 0
BBX 8 13 1 0
BITMAP
3C
7E
C3
C3
C3
DB
DB
DB
C3
C3
C3
7E
3C
ENDCHAR
STARTCHAR A66B
ENCODING 42603
SWIDTH 625 0
DWIDTH 10 0
BBX 8 9 1 0
BITMAP
3C
7E
C3
DB
DB
DB
C3
7E
3C
ENDCHAR
STARTCHAR A66C
ENCODING 42604
SWIDTH 687 0
DWIDTH 11 0
BBX 9 13 1 0
BITMAP
7700
FF80
D980
D980
D980
FB80
FB80
FB80
D980
D980
D980
FF80
7700
ENDCHAR
STARTCHAR A66D
ENCODING 42605
SWIDTH 687 0
DWIDTH 11 0
BBX 9 9 1 0
BITMAP
7700
FF80
D980
FB80
FB80
FB80
D980
FF80
7700
ENDCHAR
STARTCHAR A66E
ENCODING 42606
SWIDTH 687 0
DWIDTH 11 0
BBX 10 17 1 -4
BITMAP
7F00
5480
5480
7E80
7C80
5480
FFC0
AA40
FF40
FE40
AA40
7F80
5480
7E80
7C80
5480
7F00
ENDCHAR
STARTCHAR A66F
ENCODING 42607
SWIDTH 0 0
DWIDTH 0 0
BBX 6 3 -8 10
BITMAP
FC
FC
CC
ENDCHAR
STARTCHAR A670
ENCODING 42608
SWIDTH 0 0
DWIDTH 0 0
BBX 22 23 -16 -7
BITMAP
005000
0A32C0
067180
0E0180
580200
700030
300030
500048
000000
000000
A0003C
400018
A0001C
000000
000000
500048
700030
700030
580040
0E0380
065180
0A22C0
005000
ENDCHAR
STARTCHAR A671
ENCODING 42609
SWIDTH 0 0
DWIDTH 0 0
BBX 19 20 -15 -6
BITMAP
03F800
0E0600
180100
F000E0
000000
000000
000000
000000
000000
000000
000000
000000
000000
000000
000000
000000
F000E0
180100
0E0600
03F800
ENDCHAR
STARTCHAR A672
ENCODING 42610
SWIDTH 0 0
DWIDTH 0 0
BBX 23 23 -16 -7
BITMAP
001000
003800
001000
000000
000000
000000
E0000E
000000
000000
000000
000000
E0000E
000000
000000
000000
000000
E0000E
000000
000000
000000
021080
021080
021080
ENDCHAR
STARTCHAR A673
ENCODING 42611
SWIDTH 687 0
DWIDTH 11 0
BBX 7 9 2 3
BITMAP
10
30
FE
EC
4C
EC
FE
30
10
ENDCHAR
STARTCHAR A674
ENCODING 42612
SWIDTH 0 0
DWIDTH 0 0
BBX 3 4 -7 10
BITMAP
60
A0
C0
E0
ENDCHAR
STARTCHAR A675
ENCODING 42613
SWIDTH 0 0
DWIDTH 0 0
BBX 3 4 -7 10
BITMAP
A0
A0
E0
A0
ENDCHAR
STARTCHAR A676
ENCODING 42614
SWIDTH 0 0
DWIDTH 0 0
BBX 3 5 -7 10
BITMAP
A0
C0
40
40
E0
ENDCHAR
STARTCHAR A677
ENCODING 42615
SWIDTH 0 0
DWIDTH 0 0
BBX 4 5 -7 10
BITMAP
B0
A0
60
40
C0
ENDCHAR
STARTCHAR A678
ENCODING 42616
SWIDTH 0 0
DWIDTH 0 0
BBX 3 4 -7 10
BITMAP
C0
60
60
60
ENDCHAR
STARTCHAR A679
ENCODING 42617
SWIDTH 0 0
DWIDTH 0 0
BBX 4 4 -7 10
BITMAP
90
D0
D0
D0
ENDCHAR
STARTCHAR A67A
ENCODING 42618
SWIDTH 0 0
DWIDTH 0 0
BBX 3 4 -7 10
BITMAP
80
E0
A0
E0
ENDCHAR
STARTCHAR A67B
ENCODING 42619
SWIDTH 0 0
DWIDTH 0 0
BBX 4 4 -7 10
BITMAP
F0
D0
70
60
ENDCHAR
STARTCHAR A67C
ENCODING 42620
SWIDTH 0 0
DWIDTH 0 0
BBX 8 3 -9 10
BITMAP
C3
FE
7C
ENDCHAR
STARTCHAR A67D
ENCODING 42621
SWIDTH 0 0
DWIDTH 0 0
BBX 4 2 -7 10
BITMAP
B0
F0
ENDCHAR
STARTCHAR A67E
ENCODING 42622
SWIDTH 687 0
DWIDTH 11 0
BBX 8 3 1 10
BITMAP
C3
7F
3E
ENDCHAR
STARTCHAR A67F
ENCODING 42623
SWIDTH 687 0
DWIDTH 11 0
BBX 4 2 3 10
BITMAP
D0
F0
ENDCHAR
STARTCHAR A680
ENCODING 42624
SWIDTH 687 0
DWIDTH 11 0
BBX 9 17 1 -2
BITMAP
6000
6000
7F80
7F80
6300
6300
6300
6300
6300
6300
6300
6300
6300
FF80
FF80
C180
C180
ENDCHAR
STARTCHAR A681
ENCODING 42625
SWIDTH 687 0
DWIDTH 11 0
BBX 9 14 1 -2
BITMAP
6000
6000
6000
7F80
7F80
6300
6300
6300
6300
6300
FF80
FF80
C180
C180
ENDCHAR
STARTCHAR A682
ENCODING 42626
SWIDTH 687 0
DWIDTH 11 0
BBX 7 17 2 -4
BITMAP
76
7E
C6
C0
C0
C0
E0
70
38
1C
0E
06
06
06
C6
FC
DC
ENDCHAR
STARTCHAR A683
ENCODING 42627
SWIDTH 687 0
DWIDTH 11 0
BBX 7 17 2 -4
BITMAP
7E
7E
C6
C0
C0
C0
E0
70
38
1C
0E
06
06
06
C6
FC
FC
ENDCHAR
STARTCHAR A684
ENCODING 42628
SWIDTH 562 0
DWIDTH 9 0
BBX 9 13 0 0
BITMAP
E580
D500
D500
1500
1700
1700
3F00
1F00
1700
1500
D500
D500
6580
ENDCHAR
STARTCHAR A685
ENCODING 42629
SWIDTH 625 0
DWIDTH 10 0
BBX 9 9 1 0
BITMAP
E580
B500
3500
7F00
7F00
3700
3500
B500
E580
ENDCHAR
STARTCHAR A686
ENCODING 42630
SWIDTH 687 0
DWIDTH 11 0
BBX 10 13 0 0
BITMAP
ECC0
ECC0
6CC0
6CC0
6CC0
6CC0
6CC0
7FC0
33C0
00C0
00C0
03C0
03C0
ENDCHAR
STARTCHAR A687
ENCODING 42631
SWIDTH 687 0
DWIDTH 11 0
BBX 10 9 0 0
BITMAP
ECC0
ECC0
6CC0
6CC0
7FC0
3FC0
00C0
03C0
03C0
ENDCHAR
STARTCHAR A688
ENCODING 42632
SWIDTH 687 0
DWIDTH 11 0
BBX 10 16 1 -3
BITMAP
7F80
7F80
6300
6300
6300
6300
6300
6300
6300
6300
6300
FF00
FF80
C0C0
C080
01C0
ENDCHAR
STARTCHAR A689
ENCODING 42633
SWIDTH 687 0
DWIDTH 11 0
BBX 10 12 1 -3
BITMAP
7F80
7F80
6300
6300
6300
6300
6300
FF00
FF80
C0C0
C080
01C0
ENDCHAR
STARTCHAR A68A
ENCODING 42634
SWIDTH 687 0
DWIDTH 11 0
BBX 8 17 1 -4
BITMAP
FF
FF
DB
18
18
18
1E
1B
1B
1B
1B
3F
3F
03
03
07
06
ENDCHAR
STARTCHAR A68B
ENCODING 42635
SWIDTH 687 0
DWIDTH 11 0
BBX 8 13 1 -4
BITMAP
FF
FF
DB
18
1E
1B
1B
3F
3F
03
03
07
06
ENDCHAR
STARTCHAR A68C
ENCODING 42636
SWIDTH 750 0
DWIDTH 12 0
BBX 8 13 2 0
BITMAP
FF
FF
DB
18
18
18
18
18
18
18
18
1F
0F
ENDCHAR
STARTCHAR A68D
ENCODING 42637
SWIDTH 750 0
DWIDTH 12 0
BBX 8 9 2 0
BITMAP
FF
FF
DB
18
18
18
18
1F
0F
ENDCHAR
STARTCHAR A68E
ENCODING 42638
SWIDTH 687 0
DWIDTH 11 0
BBX 9 17 1 -4
BITMAP
F780
F780
6300
6300
6300
6300
6300
6300
6300
6300
6300
FF80
FF80
0080
7E80
4080
7F00
ENDCHAR
STARTCHAR A68F
ENCODING 42639
SWIDTH 687 0
DWIDTH 11 0
BBX 9 13 1 -4
BITMAP
F780
F780
6300
6300
6300
6300
6300
FF80
FF80
0080
7E80
4080
7F80
ENDCHAR
STARTCHAR A690
ENCODING 42640
SWIDTH 750 0
DWIDTH 12 0
BBX 8 17 2 -4
BITMAP
FF
FF
DB
18
18
18
18
18
18
18
18
3C
7C
C0
C0
78
38
ENDCHAR
STARTCHAR A691
ENCODING 42641
SWIDTH 750 0
DWIDTH 12 0
BBX 8 13 2 -4
BITMAP
FF
FF
DB
18
18
18
18
3C
7C
C0
C0
78
78
ENDCHAR
STARTCHAR A692
ENCODING 42642
SWIDTH 687 0
DWIDTH 11 0
BBX 9 13 1 0
BITMAP
FB80
FB80
EB00
6300
6300
6300
7300
3F00
1F00
0300
0300
0780
0780
ENDCHAR
STARTCHAR A693
ENCODING 42643
SWIDTH 687 0
DWIDTH 11 0
BBX 9 9 1 0
BITMAP
FB80
FB80
EB00
6300
3F00
1F00
0300
0780
0780
ENDCHAR
STARTCHAR A694
ENCODING 42644
SWIDTH 687 0
DWIDTH 11 0
BBX 9 13 1 0
BITMAP
3000
7000
6000
6000
6000
7C00
7E00
6300
6300
6300
6300
F780
F780
ENDCHAR
STARTCHAR A695
ENCODING 42645
SWIDTH 687 0
DWIDTH 11 0
BBX 9 13 1 0
BITMAP
3000
7000
6000
6000
6E00
7F00
6300
6300
6300
6300
6300
F780
F780
ENDCHAR
STARTCHAR A696
ENCODING 42646
SWIDTH 625 0
DWIDTH 10 0
BBX 10 17 0 -4
BITMAP
ECC0
ECC0
6CC0
6CC0
6CC0
6CC0
6CC0
6CC0
6CC0
6CC0
6CC0
FFC0
FFC0
0040
3FC0
2040
3F80
ENDCHAR
STARTCHAR A697
ENCODING 42647
SWIDTH 625 0
DWIDTH 10 0
BBX 10 13 0 -4
BITMAP
ECC0
ECC0
6CC0
6CC0
6CC0
6CC0
6CC0
FFC0
FFC0
0040
3FC0
2040
3FC0
ENDCHAR
STARTCHAR A698
ENCODING 42648
SWIDTH 625 0
DWIDTH 10 0
BBX 8 13 1 0
BITMAP
7E
FF
DB
DB
DB
DB
DB
DB
DB
DB
DB
FF
7E
ENDCHAR
STARTCHAR A699
ENCODING 42649
SWIDTH 625 0
DWIDTH 10 0
BBX 8 9 1 0
BITMAP
7E
FF
DB
DB
DB
DB
DB
FF
7E
ENDCHAR
STARTCHAR A69A
ENCODING 42650
SWIDTH 625 0
DWIDTH 10 0
BBX 8 13 1 0
BITMAP
3C
7E
DB
DB
DB
DB
FF
FF
DB
DB
DB
7E
3C
ENDCHAR
STARTCHAR A69B
ENCODING 42651
SWIDTH 625 0
DWIDTH 10 0
BBX 8 9 1 0
BITMAP
3C
7E
DA
FF
FF
DA
DA
7E
3C
ENDCHAR
STARTCHAR A69C
ENCODING 42652
SWIDTH 687 0
DWIDTH 11 0
BBX 6 6 2 6
BITMAP
F0
A0
3C
3C
7C
7C
ENDCHAR
STARTCHAR A69D
ENCODING 42653
SWIDTH 687 0
DWIDTH 11 0
BBX 6 7 2 6
BITMAP
C0
C0
C0
FC
FC
FC
FC
ENDCHAR
STARTCHAR A69E
ENCODING 42654
SWIDTH 0 0
DWIDTH 0 0
BBX 3 7 -6 10
BITMAP
40
40
E0
E0
E0
40
C0
ENDCHAR
STARTCHAR A69F
ENCODING 42655
SWIDTH 0 0
DWIDTH 0 0
BBX 4 4 -7 10
BITMAP
B0
D0
C0
E0
ENDCHAR
STARTCHAR A700
ENCODING 42752
SWIDTH 687 0
DWIDTH 11 0
BBX 5 6 3 -1
BITMAP
78
C0
80
80
C0
78
ENDCHAR
STARTCHAR A701
ENCODING 42753
SWIDTH 687 0
DWIDTH 11 0
BBX 5 8 3 -3
BITMAP
78
C0
80
80
80
78
00
F8
ENDCHAR
STARTCHAR A702
ENCODING 42754
SWIDTH 687 0
DWIDTH 11 0
BBX 5 6 3 6
BITMAP
78
C0
80
80
C0
78
ENDCHAR
STARTCHAR A703
ENCODING 42755
SWIDTH 687 0
DWIDTH 11 0
BBX 5 8 3 4
BITMAP
78
C0
80
80
80
78
00
F8
ENDCHAR
STARTCHAR A704
ENCODING 42756
SWIDTH 687 0
DWIDTH 11 0
BBX 6 6 2 6
BITMAP
F8
0C
04
04
0C
F8
ENDCHAR
STARTCHAR A705
ENCODING 42757
SWIDTH 687 0
DWIDTH 11 0
BBX 6 8 2 4
BITMAP
F8
0C
04
04
0C
F8
00
FC
ENDCHAR
STARTCHAR A706
ENCODING 42758
SWIDTH 687 0
DWIDTH 11 0
BBX 6 6 2 -1
BITMAP
F8
0C
04
04
0C
F8
ENDCHAR
STARTCHAR A707
ENCODING 42759
SWIDTH 687 0
DWIDTH 11 0
BBX 6 8 2 -3
BITMAP
F8
0C
04
04
0C
F8
00
FC
ENDCHAR
STARTCHAR A708
ENCODING 42760
SWIDTH 687 0
DWIDTH 11 0
BBX 6 12 2 0
BITMAP
6C
EC
6C
0C
0C
0C
0C
0C
0C
0C
0C
0C
ENDCHAR
STARTCHAR A709
ENCODING 42761
SWIDTH 687 0
DWIDTH 11 0
BBX 6 12 2 0
BITMAP
0C
0C
0C
EC
6C
0C
0C
0C
0C
0C
0C
0C
ENDCHAR
STARTCHAR A70A
ENCODING 42762
SWIDTH 687 0
DWIDTH 11 0
BBX 6 12 2 0
BITMAP
0C
0C
0C
0C
0C
6C
EC
0C
0C
0C
0C
0C
ENDCHAR
STARTCHAR A70B
ENCODING 42763
SWIDTH 687 0
DWIDTH 11 0
BBX 6 12 2 0
BITMAP
0C
0C
0C
0C
0C
0C
0C
6C
EC
4C
0C
0C
ENDCHAR
STARTCHAR A70C
ENCODING 42764
SWIDTH 687 0
DWIDTH 11 0
BBX 6 12 2 0
BITMAP
0C
0C
0C
0C
0C
0C
0C
0C
0C
4C
EC
6C
ENDCHAR
STARTCHAR A70D
ENCODING 42765
SWIDTH 687 0
DWIDTH 11 0
BBX 6 12 2 0
BITMAP
CC
DC
CC
C0
C0
C0
C0
C0
C0
C0
C0
C0
ENDCHAR
STARTCHAR A70E
ENCODING 42766
SWIDTH 687 0
DWIDTH 11 0
BBX 6 12 2 0
BITMAP
C0
C0
C0
DC
CC
C0
C0
C0
C0
C0
C0
C0
ENDCHAR
STARTCHAR A70F
ENCODING 42767
SWIDTH 687 0
DWIDTH 11 0
BBX 6 12 2 0
BITMAP
C0
C0
C0
C0
C0
CC
DC
C0
C0
C0
C0
C0
ENDCHAR
STARTCHAR A710
ENCODING 42768
SWIDTH 687 0
DWIDTH 11 0
BBX 6 12 2 0
BITMAP
C0
C0
C0
C0
C0
C0
C0
CC
DC
C8
C0
C0
ENDCHAR
STARTCHAR A711
ENCODING 42769
SWIDTH 687 0
DWIDTH 11 0
BBX 6 12 2 0
BITMAP
C0
C0
C0
C0
C0
C0
C0
C0
C0
C8
DC
CC
ENDCHAR
STARTCHAR A712
ENCODING 42770
SWIDTH 687 0
DWIDTH 11 0
BBX 6 12 2 0
BITMAP
FC
FC
C0
C0
C0
C0
C0
C0
C0
C0
C0
C0
ENDCHAR
STARTCHAR A713
ENCODING 42771
SWIDTH 687 0
DWIDTH 11 0
BBX 6 12 2 0
BITMAP
C0
C0
C0
FC
C0
C0
C0
C0
C0
C0
C0
C0
ENDCHAR
STARTCHAR A714
ENCODING 42772
SWIDTH 687 0
DWIDTH 11 0
BBX 6 12 2 0
BITMAP
C0
C0
C0
C0
C0
FC
FC
C0
C0
C0
C0
C0
ENDCHAR
STARTCHAR A715
ENCODING 42773
SWIDTH 687 0
DWIDTH 11 0
BBX 6 12 2 0
BITMAP
C0
C0
C0
C0
C0
C0
C0
C0
FC
C0
C0
C0
ENDCHAR
STARTCHAR A716
ENCODING 42774
SWIDTH 687 0
DWIDTH 11 0
BBX 6 12 2 0
BITMAP
C0
C0
C0
C0
C0
C0
C0
C0
C0
C0
FC
FC
ENDCHAR
STARTCHAR A717
ENCODING 42775
SWIDTH 687 0
DWIDTH 11 0
BBX 4 6 3 6
BITMAP
10
10
D0
D0
10
10
ENDCHAR
STARTCHAR A718
ENCODING 42776
SWIDTH 687 0
DWIDTH 11 0
BBX 5 5 2 6
BITMAP
C0
C8
10
20
60
ENDCHAR
STARTCHAR A719
ENCODING 42777
SWIDTH 687 0
DWIDTH 11 0
BBX 6 5 2 8
BITMAP
30
30
00
00
FC
ENDCHAR
STARTCHAR A71A
ENCODING 42778
SWIDTH 687 0
DWIDTH 11 0
BBX 6 4 2 8
BITMAP
04
04
04
FC
ENDCHAR
STARTCHAR A71B
ENCODING 42779
SWIDTH 687 0
DWIDTH 11 0
BBX 5 10 3 4
BITMAP
20
70
A8
20
20
20
20
20
20
20
ENDCHAR
STARTCHAR A71C
ENCODING 42780
SWIDTH 687 0
DWIDTH 11 0
BBX 5 10 3 4
BITMAP
20
20
20
20
20
20
20
A8
70
20
ENDCHAR
STARTCHAR A71D
ENCODING 42781
SWIDTH 687 0
DWIDTH 11 0
BBX 2 8 4 5
BITMAP
40
40
40
40
40
00
C0
C0
ENDCHAR
STARTCHAR A71E
ENCODING 42782
SWIDTH 687 0
DWIDTH 11 0
BBX 2 8 4 5
BITMAP
C0
C0
00
40
40
40
40
40
ENDCHAR
STARTCHAR A71F
ENCODING 42783
SWIDTH 687 0
DWIDTH 11 0
BBX 2 9 4 -2
BITMAP
C0
C0
00
00
40
40
40
40
40
ENDCHAR
STARTCHAR A720
ENCODING 42784
SWIDTH 687 0
DWIDTH 11 0
BBX 7 5 2 8
BITMAP
FE
FE
D8
D8
D8
ENDCHAR
STARTCHAR A721
ENCODING 42785
SWIDTH 687 0
DWIDTH 11 0
BBX 7 5 2 0
BITMAP
D8
D8
D8
FE
FE
ENDCHAR
STARTCHAR A722
ENCODING 42786
SWIDTH 687 0
DWIDTH 11 0
BBX 4 13 3 0
BITMAP
E0
F0
30
30
30
E0
C0
E0
F0
30
30
F0
E0
ENDCHAR
STARTCHAR A723
ENCODING 42787
SWIDTH 687 0
DWIDTH 11 0
BBX 3 9 4 0
BITMAP
C0
C0
40
C0
80
C0
60
C0
C0
ENDCHAR
STARTCHAR A724
ENCODING 42788
SWIDTH 687 0
DWIDTH 11 0
BBX 4 8 4 5
BITMAP
30
70
C0
C0
C0
E0
70
30
ENDCHAR
STARTCHAR A725
ENCODING 42789
SWIDTH 625 0
DWIDTH 10 0
BBX 3 6 4 3
BITMAP
60
E0
80
C0
E0
60
ENDCHAR
STARTCHAR A726
ENCODING 42790
SWIDTH 687 0
DWIDTH 11 0
BBX 9 17 1 -4
BITMAP
F780
F780
6300
6300
6300
6300
7F00
7F00
6300
6300
6300
F300
F300
0300
0300
0E00
0C00
ENDCHAR
STARTCHAR A727
ENCODING 42791
SWIDTH 687 0
DWIDTH 11 0
BBX 8 17 1 -4
BITMAP
E0
E0
60
60
6E
7F
63
63
63
63
63
F3
F3
03
03
06
04
ENDCHAR
STARTCHAR A72A
ENCODING 42794
SWIDTH 687 0
DWIDTH 11 0
BBX 8 13 1 0
BITMAP
7B
7F
C3
C0
C0
78
78
E0
C0
C0
C3
7E
3C
ENDCHAR
STARTCHAR A72B
ENCODING 42795
SWIDTH 625 0
DWIDTH 10 0
BBX 8 13 1 0
BITMAP
7B
FF
C3
C0
C0
78
78
C0
C0
C0
C3
7E
3C
ENDCHAR
STARTCHAR A72C
ENCODING 42796
SWIDTH 625 0
DWIDTH 10 0
BBX 7 17 1 -4
BITMAP
0E
0E
1E
1E
36
36
66
66
C6
FE
FE
06
06
06
06
1C
18
ENDCHAR
STARTCHAR A72D
ENCODING 42797
SWIDTH 625 0
DWIDTH 10 0
BBX 7 13 1 -4
BITMAP
0E
1E
1E
36
66
E6
FE
FE
06
06
06
1E
1C
ENDCHAR
STARTCHAR A72E
ENCODING 42798
SWIDTH 625 0
DWIDTH 10 0
BBX 9 17 1 -4
BITMAP
0E00
0E00
1E00
1E00
3600
3600
6600
6600
C600
FE00
FE00
0600
0780
0700
0700
1C00
1800
ENDCHAR
STARTCHAR A72F
ENCODING 42799
SWIDTH 625 0
DWIDTH 10 0
BBX 9 13 1 -4
BITMAP
0E00
1E00
1E00
3600
6600
E600
FE00
FE00
0600
0780
0700
1F00
1C00
ENDCHAR
STARTCHAR A730
ENCODING 42800
SWIDTH 687 0
DWIDTH 11 0
BBX 8 9 2 0
BITMAP
FF
FF
63
7C
7C
60
60
F0
F0
ENDCHAR
STARTCHAR A731
ENCODING 42801
SWIDTH 687 0
DWIDTH 11 0
BBX 7 9 2 0
BITMAP
76
FE
86
E0
7C
0E
C2
FE
DC
ENDCHAR
STARTCHAR A732
ENCODING 42802
SWIDTH 750 0
DWIDTH 12 0
BBX 10 13 1 0
BITMAP
3300
3300
3300
3F00
3F00
3F00
7F80
6D80
7F80
6D80
4C80
EDC0
EDC0
ENDCHAR
STARTCHAR A733
ENCODING 42803
SWIDTH 687 0
DWIDTH 11 0
BBX 10 9 0 0
BITMAP
7F00
7F80
4D80
3F80
7F80
4980
C980
7FC0
7FC0
ENDCHAR
STARTCHAR A734
ENCODING 42804
SWIDTH 750 0
DWIDTH 12 0
BBX 10 13 1 0
BITMAP
3780
37C0
3CC0
3CC0
3CC0
2CC0
6CC0
7CC0
6CC0
6CC0
4CC0
EFC0
EF80
ENDCHAR
STARTCHAR A735
ENCODING 42805
SWIDTH 625 0
DWIDTH 10 0
BBX 9 9 0 0
BITMAP
7F00
7F80
4D80
3D80
7D80
4D80
CD80
7F80
7F00
ENDCHAR
STARTCHAR A736
ENCODING 42806
SWIDTH 750 0
DWIDTH 12 0
BBX 10 13 1 0
BITMAP
31C0
31C0
38C0
38C0
38C0
2CC0
6CC0
7CC0
6CC0
6CC0
4CC0
EFC0
E780
ENDCHAR
STARTCHAR A737
ENCODING 42807
SWIDTH 687 0
DWIDTH 11 0
BBX 10 9 0 0
BITMAP
3980
7D80
4D80
3D80
7D80
4D80
CD80
7FC0
77C0
ENDCHAR
STARTCHAR A73E
ENCODING 42814
SWIDTH 687 0
DWIDTH 11 0
BBX 8 13 2 0
BITMAP
DC
FE
C3
03
03
1B
1B
1B
03
03
C3
FE
3C
ENDCHAR
STARTCHAR A73F
ENCODING 42815
SWIDTH 687 0
DWIDTH 11 0
BBX 8 9 2 0
BITMAP
DE
FE
C3
1B
1B
1B
C3
FE
3C
ENDCHAR
STARTCHAR A740
ENCODING 42816
SWIDTH 687 0
DWIDTH 11 0
BBX 9 13 1 0
BITMAP
6380
FB80
FE00
6600
6E00
6C00
7C00
7C00
6C00
6600
6600
6300
6300
ENDCHAR
STARTCHAR A741
ENCODING 42817
SWIDTH 687 0
DWIDTH 11 0
BBX 9 13 1 0
BITMAP
E000
E000
F800
F800
6380
6780
6E00
7C00
7800
7C00
6600
F780
F380
ENDCHAR
STARTCHAR A742
ENCODING 42818
SWIDTH 687 0
DWIDTH 11 0
BBX 8 13 2 0
BITMAP
C7
C7
CC
CC
D8
D8
F8
F8
DE
CC
DC
F6
C6
ENDCHAR
STARTCHAR A743
ENCODING 42819
SWIDTH 625 0
DWIDTH 10 0
BBX 9 13 1 0
BITMAP
E000
E000
6000
6000
6380
6780
6C00
7C00
7B00
7E00
6E00
FF80
F380
ENDCHAR
STARTCHAR A744
ENCODING 42820
SWIDTH 687 0
DWIDTH 11 0
BBX 9 13 1 0
BITMAP
6380
FB80
FE00
6600
6E00
6C00
7C00
7C00
6F00
6600
6E00
7B00
6300
ENDCHAR
STARTCHAR A745
ENCODING 42821
SWIDTH 687 0
DWIDTH 11 0
BBX 9 13 1 0
BITMAP
E000
E000
F800
F800
6380
6780
6E00
7C00
7B00
7E00
6E00
FF80
F380
ENDCHAR
STARTCHAR A748
ENCODING 42824
SWIDTH 687 0
DWIDTH 11 0
BBX 8 13 1 0
BITMAP
78
78
F8
F8
60
60
60
60
60
60
63
7F
7F
ENDCHAR
STARTCHAR A749
ENCODING 42825
SWIDTH 687 0
DWIDTH 11 0
BBX 7 13 2 0
BITMAP
F8
F8
7C
7C
18
18
18
18
18
18
18
FE
FE
ENDCHAR
STARTCHAR A74A
ENCODING 42826
SWIDTH 625 0
DWIDTH 10 0
BBX 10 13 0 0
BITMAP
1E00
3F00
6180
6180
6180
6180
FFC0
FFC0
6180
6180
6180
3F00
1E00
ENDCHAR
STARTCHAR A74B
ENCODING 42827
SWIDTH 625 0
DWIDTH 10 0
BBX 10 9 0 0
BITMAP
1E00
3F00
6180
FFC0
FFC0
6180
6180
3F00
1E00
ENDCHAR
STARTCHAR A74E
ENCODING 42830
SWIDTH 625 0
DWIDTH 10 0
BBX 8 13 1 0
BITMAP
7E
FF
DB
DB
DB
DB
DB
DB
DB
DB
DB
FF
7E
ENDCHAR
STARTCHAR A74F
ENCODING 42831
SWIDTH 625 0
DWIDTH 10 0
BBX 8 9 1 0
BITMAP
7E
FF
DB
DB
DB
DB
DB
FF
7E
ENDCHAR
STARTCHAR A750
ENCODING 42832
SWIDTH 625 0
DWIDTH 10 0
BBX 8 13 1 0
BITMAP
7E
7E
63
63
63
63
7E
7C
60
F8
F8
78
78
ENDCHAR
STARTCHAR A751
ENCODING 42833
SWIDTH 687 0
DWIDTH 11 0
BBX 9 13 1 -4
BITMAP
EF00
FF00
6180
6180
6180
6180
6180
7F80
6F00
6000
F800
F000
F000
ENDCHAR
STARTCHAR A75A
ENCODING 42842
SWIDTH 687 0
DWIDTH 11 0
BBX 8 13 2 0
BITMAP
78
FC
CE
06
06
06
0E
3C
38
18
0C
0F
07
ENDCHAR
STARTCHAR A75B
ENCODING 42843
SWIDTH 687 0
DWIDTH 11 0
BBX 8 9 2 0
BITMAP
7C
FE
C6
06
3E
38
1C
0F
07
ENDCHAR
STARTCHAR A760
ENCODING 42848
SWIDTH 750 0
DWIDTH 12 0
BBX 10 17 1 -4
BITMAP
CCC0
CDC0
6D80
6D80
6D80
6D80
7F80
3F00
3300
3300
3300
3300
3300
0300
0200
0E00
0E00
ENDCHAR
STARTCHAR A761
ENCODING 42849
SWIDTH 750 0
DWIDTH 12 0
BBX 10 13 1 -4
BITMAP
CCC0
EDC0
6D80
6D80
7F80
3300
3300
3300
3300
0300
0300
0E00
0E00
ENDCHAR
STARTCHAR A764
ENCODING 42852
SWIDTH 625 0
DWIDTH 10 0
BBX 9 13 0 0
BITMAP
7800
7800
3000
FC00
3F00
3F80
3180
3180
3180
3F00
3E00
7800
7800
ENDCHAR
STARTCHAR A765
ENCODING 42853
SWIDTH 687 0
DWIDTH 11 0
BBX 9 17 1 -4
BITMAP
E000
E000
6000
F800
6F00
7F00
6180
6180
6180
6180
6180
7F80
6F00
6000
6000
F000
F000
ENDCHAR
STARTCHAR A766
ENCODING 42854
SWIDTH 625 0
DWIDTH 10 0
BBX 9 13 0 0
BITMAP
7800
7800
3000
3F00
3F80
3180
3180
3180
3F00
3E00
FC00
7800
7800
ENDCHAR
STARTCHAR A767
ENCODING 42855
SWIDTH 687 0
DWIDTH 11 0
BBX 9 17 1 -4
BITMAP
E000
E000
6000
6000
6F00
7F00
6180
6180
6180
6180
6180
7F80
6F00
6000
F800
F000
F000
ENDCHAR
STARTCHAR A779
ENCODING 42873
SWIDTH 687 0
DWIDTH 11 0
BBX 8 13 1 0
BITMAP
FC
FE
23
63
63
63
63
63
63
63
63
3E
1C
ENDCHAR
STARTCHAR A77A
ENCODING 42874
SWIDTH 625 0
DWIDTH 10 0
BBX 8 13 1 0
BITMAP
20
38
1C
0E
06
7F
7F
E7
C3
C3
C3
7E
3C
ENDCHAR
STARTCHAR A77B
ENCODING 42875
SWIDTH 687 0
DWIDTH 11 0
BBX 8 17 2 -4
BITMAP
F6
FE
33
30
30
30
30
30
30
30
30
3E
3E
30
30
30
30
ENDCHAR
STARTCHAR A77C
ENCODING 42876
SWIDTH 687 0
DWIDTH 11 0
BBX 8 13 2 -4
BITMAP
F6
FE
33
30
30
30
30
3E
3E
30
30
30
30
ENDCHAR
STARTCHAR A77D
ENCODING 42877
SWIDTH 625 0
DWIDTH 10 0
BBX 7 13 1 0
BITMAP
FE
FE
DC
30
30
38
3C
6E
C6
C6
C6
FE
7C
ENDCHAR
STARTCHAR A77E
ENCODING 42878
SWIDTH 687 0
DWIDTH 11 0
BBX 8 13 2 0
BITMAP
3C
7E
C3
C3
C3
E6
7C
1C
0C
1C
3B
FF
FF
ENDCHAR
STARTCHAR A77F
ENCODING 42879
SWIDTH 625 0
DWIDTH 10 0
BBX 8 13 1 -4
BITMAP
3C
7E
C3
C3
C3
E6
7C
1C
0C
0C
3B
FF
FF
ENDCHAR
STARTCHAR A780
ENCODING 42880
SWIDTH 687 0
DWIDTH 11 0
BBX 7 13 2 0
BITMAP
FE
FE
CC
0C
0C
0C
0C
0C
0C
0C
0C
1E
1E
ENDCHAR
STARTCHAR A781
ENCODING 42881
SWIDTH 687 0
DWIDTH 11 0
BBX 7 13 2 -4
BITMAP
FE
FE
30
30
30
30
30
30
30
30
30
3E
3E
ENDCHAR
STARTCHAR A782
ENCODING 42882
SWIDTH 687 0
DWIDTH 11 0
BBX 10 17 1 -4
BITMAP
EE00
FF00
6300
6300
6300
6300
6300
6300
6300
6300
6300
63C0
61C0
6000
6000
6000
6000
ENDCHAR
STARTCHAR A783
ENCODING 42883
SWIDTH 687 0
DWIDTH 11 0
BBX 10 13 1 -4
BITMAP
EE00
FF00
6300
6300
6300
6300
6300
63C0
61C0
6000
6000
6000
6000
ENDCHAR
STARTCHAR A784
ENCODING 42884
SWIDTH 687 0
DWIDTH 11 0
BBX 8 17 2 -4
BITMAP
F7
FF
33
30
30
30
30
30
30
30
30
30
30
30
30
30
30
ENDCHAR
STARTCHAR A785
ENCODING 42885
SWIDTH 687 0
DWIDTH 11 0
BBX 8 13 2 -4
BITMAP
F7
FF
33
30
30
30
30
30
30
30
30
30
30
ENDCHAR
STARTCHAR A786
ENCODING 42886
SWIDTH 625 0
DWIDTH 10 0
BBX 7 13 1 0
BITMAP
FE
FE
40
C0
C0
C0
C0
C0
C0
C0
C6
7E
3C
ENDCHAR
STARTCHAR A787
ENCODING 42887
SWIDTH 625 0
DWIDTH 10 0
BBX 7 9 1 0
BITMAP
FE
FE
C0
C0
C0
C0
C6
7E
3C
ENDCHAR
STARTCHAR A788
ENCODING 42888
SWIDTH 687 0
DWIDTH 11 0
BBX 5 3 3 -4
BITMAP
70
D0
88
ENDCHAR
STARTCHAR A789
ENCODING 42889
SWIDTH 687 0
DWIDTH 11 0
BBX 3 8 4 0
BITMAP
E0
E0
E0
00
00
E0
E0
E0
ENDCHAR
STARTCHAR A78A
ENCODING 42890
SWIDTH 625 0
DWIDTH 10 0
BBX 4 5 3 3
BITMAP
F0
F0
00
F0
F0
ENDCHAR
STARTCHAR A78B
ENCODING 42891
SWIDTH 625 0
DWIDTH 10 0
BBX 2 7 4 6
BITMAP
C0
C0
C0
C0
C0
C0
C0
ENDCHAR
STARTCHAR A78C
ENCODING 42892
SWIDTH 625 0
DWIDTH 10 0
BBX 2 4 4 9
BITMAP
C0
C0
C0
C0
ENDCHAR
STARTCHAR A78D
ENCODING 42893
SWIDTH 687 0
DWIDTH 11 0
BBX 9 13 1 0
BITMAP
F780
F780
6300
6300
6300
6300
7F00
7F00
0300
0300
0300
0780
0780
ENDCHAR
STARTCHAR A78E
ENCODING 42894
SWIDTH 625 0
DWIDTH 10 0
BBX 7 17 1 -4
BITMAP
F8
F8
18
18
18
78
78
7E
7E
18
18
18
18
18
18
1E
0E
ENDCHAR
STARTCHAR A78F
ENCODING 42895
SWIDTH 687 0
DWIDTH 11 0
BBX 3 3 4 6
BITMAP
E0
E0
E0
ENDCHAR
STARTCHAR A790
ENCODING 42896
SWIDTH 687 0
DWIDTH 11 0
BBX 9 15 1 -2
BITMAP
E780
F780
7300
7300
7B00
7B00
6B00
6F00
6F00
6700
6700
F780
F380
0180
0180
ENDCHAR
STARTCHAR A791
ENCODING 42897
SWIDTH 687 0
DWIDTH 11 0
BBX 9 11 1 -2
BITMAP
EE00
FF00
6300
6300
6300
6300
6300
F780
F780
0180
0180
ENDCHAR
STARTCHAR A792
ENCODING 42898
SWIDTH 687 0
DWIDTH 11 0
BBX 9 13 0 0
BITMAP
3D80
3F80
6180
6000
6000
6000
F800
6000
6000
6000
6380
3F00
1E00
ENDCHAR
STARTCHAR A793
ENCODING 42899
SWIDTH 687 0
DWIDTH 11 0
BBX 9 9 0 0
BITMAP
3D80
3F80
6180
6000
F800
6000
6180
3F00
1E00
ENDCHAR
STARTCHAR A794
ENCODING 42900
SWIDTH 687 0
DWIDTH 11 0
BBX 8 13 1 -4
BITMAP
7B
7F
C3
C0
C0
C0
C3
FF
7B
03
03
0E
0C
ENDCHAR
STARTCHAR A795
ENCODING 42901
SWIDTH 687 0
DWIDTH 11 0
BBX 9 17 1 -4
BITMAP
E000
E000
6000
6000
6E00
7F00
6300
6300
6300
6300
6300
F780
F780
0180
0180
0380
0300
ENDCHAR
STARTCHAR A798
ENCODING 42904
SWIDTH 687 0
DWIDTH 11 0
BBX 8 13 1 0
BITMAP
7F
7F
33
F8
F8
3C
3C
30
30
30
30
78
78
ENDCHAR
STARTCHAR A799
ENCODING 42905
SWIDTH 687 0
DWIDTH 11 0
BBX 8 13 2 0
BITMAP
1E
3E
37
30
30
FE
FE
30
F8
F8
30
FC
FC
ENDCHAR
STARTCHAR A79A
ENCODING 42906
SWIDTH 687 0
DWIDTH 11 0
BBX 9 13 1 0
BITMAP
7B80
FF80
C300
C300
C300
7300
7300
E300
C300
C300
C300
FF80
7B80
ENDCHAR
STARTCHAR A79B
ENCODING 42907
SWIDTH 687 0
DWIDTH 11 0
BBX 9 9 1 0
BITMAP
3B80
7F80
6300
7B00
7B00
6300
C300
7F80
3B80
ENDCHAR
STARTCHAR A79C
ENCODING 42908
SWIDTH 625 0
DWIDTH 10 0
BBX 8 13 1 0
BITMAP
3C
7E
C3
C3
C3
73
73
E3
C3
C3
C3
7E
3C
ENDCHAR
STARTCHAR A79D
ENCODING 42909
SWIDTH 625 0
DWIDTH 10 0
BBX 7 9 2 0
BITMAP
78
FC
C6
E6
E6
C6
86
FC
78
ENDCHAR
STARTCHAR A79E
ENCODING 42910
SWIDTH 687 0
DWIDTH 11 0
BBX 9 13 1 0
BITMAP
F780
F780
6300
6300
6300
3B00
3B00
6300
6300
6300
6300
7F80
3B80
ENDCHAR
STARTCHAR A79F
ENCODING 42911
SWIDTH 687 0
DWIDTH 11 0
BBX 9 9 1 0
BITMAP
E700
E700
6300
7B00
3B00
6300
6300
7F80
3B80
ENDCHAR
STARTCHAR A7A0
ENCODING 42912
SWIDTH 687 0
DWIDTH 11 0
BBX 10 13 0 0
BITMAP
1E00
3F00
6300
6000
6000
61C0
7FC0
FFC0
6300
6300
6300
7F00
3B00
ENDCHAR
STARTCHAR A7A1
ENCODING 42913
SWIDTH 625 0
DWIDTH 10 0
BBX 9 13 0 -4
BITMAP
3B80
7F80
6300
6780
7F00
E300
6300
7F00
3B00
0300
6300
7E00
3C00
ENDCHAR
STARTCHAR A7A2
ENCODING 42914
SWIDTH 687 0
DWIDTH 11 0
BBX 9 13 1 0
BITMAP
6380
6380
6600
6600
6C00
6C80
7F80
FC00
6C00
6600
6600
6300
6300
ENDCHAR
STARTCHAR A7A3
ENCODING 42915
SWIDTH 625 0
DWIDTH 10 0
BBX 9 13 1 0
BITMAP
E000
E000
6000
6000
6380
6780
7F00
FC00
7800
7C00
6600
F780
F380
ENDCHAR
STARTCHAR A7A4
ENCODING 42916
SWIDTH 687 0
DWIDTH 11 0
BBX 9 13 1 0
BITMAP
E780
F780
7300
7300
7B00
7B80
7F00
EF00
6F00
6700
6700
F700
F300
ENDCHAR
STARTCHAR A7A5
ENCODING 42917
SWIDTH 687 0
DWIDTH 11 0
BBX 9 9 1 0
BITMAP
EE00
FF00
6300
6380
7F00
E300
6300
F780
F780
ENDCHAR
STARTCHAR A7A6
ENCODING 42918
SWIDTH 687 0
DWIDTH 11 0
BBX 9 13 1 0
BITMAP
FE00
FE00
6380
7F80
FF00
E300
7E00
7E00
6C00
6600
6600
F380
F380
ENDCHAR
STARTCHAR A7A7
ENCODING 42919
SWIDTH 687 0
DWIDTH 11 0
BBX 9 9 1 0
BITMAP
7B00
7F00
1B00
1B80
7F00
F800
1800
7C00
7C00
ENDCHAR
STARTCHAR A7A8
ENCODING 42920
SWIDTH 687 0
DWIDTH 11 0
BBX 9 13 1 0
BITMAP
3B00
7F00
6300
6000
6000
3B80
7F00
FE00
0700
0300
6300
7F00
7E00
ENDCHAR
STARTCHAR A7A9
ENCODING 42921
SWIDTH 687 0
DWIDTH 11 0
BBX 9 9 1 0
BITMAP
3F00
7F00
6300
7380
7F00
F700
6100
7F00
7E00
ENDCHAR
STARTCHAR A7AA
ENCODING 42922
SWIDTH 687 0
DWIDTH 11 0
BBX 10 13 0 0
BITMAP
73C0
F3C0
B180
3180
3180
3180
3F80
3F80
3180
3180
3180
7BC0
7BC0
ENDCHAR
STARTCHAR A7AB
ENCODING 42923
SWIDTH 625 0
DWIDTH 10 0
BBX 8 13 1 0
BITMAP
FC
FE
C6
06
06
1E
1E
07
03
03
C3
7E
3C
ENDCHAR
STARTCHAR A7AC
ENCODING 42924
SWIDTH 625 0
DWIDTH 10 0
BBX 8 17 1 -4
BITMAP
77
FF
C6
C6
C6
C6
C6
C6
C6
C6
C6
FE
76
06
C6
FC
78
ENDCHAR
STARTCHAR A7AD
ENCODING 42925
SWIDTH 750 0
DWIDTH 12 0
BBX 9 13 1 0
BITMAP
7800
7800
3000
3000
3000
F000
F000
F800
F800
3000
3180
7F80
7F80
ENDCHAR
STARTCHAR A7AE
ENCODING 42926
SWIDTH 750 0
DWIDTH 12 0
BBX 8 13 2 0
BITMAP
FF
FF
DB
18
18
18
18
18
18
18
DB
FF
FF
ENDCHAR
STARTCHAR A7AF
ENCODING 42927
SWIDTH 625 0
DWIDTH 10 0
BBX 8 9 1 0
BITMAP
3C
7E
C3
C3
C3
DB
CF
7E
3F
ENDCHAR
STARTCHAR A7B0
ENCODING 42928
SWIDTH 687 0
DWIDTH 11 0
BBX 8 13 1 0
BITMAP
63
63
33
33
1B
1B
1F
1F
1B
33
33
E3
E3
ENDCHAR
STARTCHAR A7B1
ENCODING 42929
SWIDTH 750 0
DWIDTH 12 0
BBX 8 13 2 0
BITMAP
7C
7C
18
18
18
18
18
18
18
18
DB
FF
FF
ENDCHAR
STARTCHAR A7B2
ENCODING 42930
SWIDTH 625 0
DWIDTH 10 0
BBX 8 13 2 0
BITMAP
3C
3C
0C
0C
0C
0C
0C
0C
7C
FC
8E
FB
78
ENDCHAR
STARTCHAR A7B3
ENCODING 42931
SWIDTH 687 0
DWIDTH 11 0
BBX 9 17 1 -4
BITMAP
F780
F780
7700
3600
3600
1400
1C00
1C00
0800
1C00
1C00
1400
3600
3600
7700
F780
F780
ENDCHAR
STARTCHAR A7B4
ENCODING 42932
SWIDTH 625 0
DWIDTH 10 0
BBX 8 17 1 -4
BITMAP
FC
FE
63
63
63
63
7E
7E
63
63
63
7E
7C
60
60
F0
F0
ENDCHAR
STARTCHAR A7B5
ENCODING 42933
SWIDTH 625 0
DWIDTH 10 0
BBX 8 17 1 -4
BITMAP
3C
3E
63
63
63
67
6E
6E
63
63
63
7F
6E
60
60
F0
F0
ENDCHAR
STARTCHAR A7B6
ENCODING 42934
SWIDTH 625 0
DWIDTH 10 0
BBX 8 13 1 0
BITMAP
62
42
C3
C3
DB
DB
DB
DB
DB
DB
DB
7E
66
ENDCHAR
STARTCHAR A7B7
ENCODING 42935
SWIDTH 625 0
DWIDTH 10 0
BBX 8 9 1 0
BITMAP
42
C3
C3
DB
DB
DB
DB
FF
66
ENDCHAR
STARTCHAR A7B8
ENCODING 42936
SWIDTH 687 0
DWIDTH 11 0
BBX 9 15 1 -1
BITMAP
0200
F780
F780
6700
6700
6700
6B00
6B00
6B00
7300
7300
7300
3E00
3C00
6000
ENDCHAR
STARTCHAR A7B9
ENCODING 42937
SWIDTH 687 0
DWIDTH 11 0
BBX 9 11 1 -1
BITMAP
0300
E700
E700
6700
6F00
6B00
7B00
7300
7F80
3B80
6000
ENDCHAR
STARTCHAR A7BA
ENCODING 42938
SWIDTH 687 0
DWIDTH 11 0
BBX 9 14 1 0
BITMAP
8000
9800
9C00
1C00
1C00
3400
3600
3600
3E00
7E00
6300
6300
F780
F780
ENDCHAR
STARTCHAR A7BB
ENCODING 42939
SWIDTH 687 0
DWIDTH 11 0
BBX 8 13 2 0
BITMAP
10
10
10
00
7C
FE
C6
3E
FE
C6
C6
FF
77
ENDCHAR
STARTCHAR A7BC
ENCODING 42940
SWIDTH 687 0
DWIDTH 11 0
BBX 9 14 0 0
BITMAP
8000
BF80
BF80
0600
0600
0600
0600
0600
0600
0600
0600
0600
3F80
3F80
ENDCHAR
STARTCHAR A7BD
ENCODING 42941
SWIDTH 687 0
DWIDTH 11 0
BBX 7 13 2 0
BITMAP
30
30
20
00
F0
F0
30
30
30
30
30
FE
FE
ENDCHAR
STARTCHAR A7BE
ENCODING 42942
SWIDTH 687 0
DWIDTH 11 0
BBX 11 14 -1 0
BITMAP
8000
BDE0
BDE0
18C0
18C0
18C0
18C0
18C0
18C0
18C0
18C0
18C0
0F80
0700
ENDCHAR
STARTCHAR A7BF
ENCODING 42943
SWIDTH 687 0
DWIDTH 11 0
BBX 9 13 1 0
BITMAP
0800
0800
0800
0000
E700
E700
6300
6300
6300
6300
6300
7F80
3B80
ENDCHAR
STARTCHAR A7C0
ENCODING 42944
SWIDTH 625 0
DWIDTH 10 0
BBX 8 18 1 -3
BITMAP
18
18
3C
7E
E7
C3
C3
C3
C3
C3
C3
C3
C3
E7
7E
3C
18
18
ENDCHAR
STARTCHAR A7C1
ENCODING 42945
SWIDTH 625 0
DWIDTH 10 0
BBX 8 14 1 -3
BITMAP
18
18
3C
7E
E7
C3
C3
C3
C3
E7
7E
3C
18
18
ENDCHAR
STARTCHAR A7C4
ENCODING 42948
SWIDTH 687 0
DWIDTH 11 0
BBX 8 17 1 -4
BITMAP
7B
7F
C3
C0
C0
C0
C0
C0
C0
C3
C3
7F
7B
03
03
0E
0C
ENDCHAR
STARTCHAR A7C5
ENCODING 42949
SWIDTH 687 0
DWIDTH 11 0
BBX 7 17 2 -4
BITMAP
76
FE
C6
C0
C0
70
3C
1C
06
C6
C6
FE
DC
C0
C0
60
20
ENDCHAR
STARTCHAR A7C6
ENCODING 42950
SWIDTH 687 0
DWIDTH 11 0
BBX 7 17 2 -4
BITMAP
FE
FE
CE
0C
1C
18
38
30
70
60
E6
FE
FE
06
06
0E
0C
ENDCHAR
STARTCHAR A7C7
ENCODING 42951
SWIDTH 687 0
DWIDTH 11 0
BBX 8 13 1 0
BITMAP
FC
FE
63
63
63
63
7F
7F
63
63
63
FE
FC
ENDCHAR
STARTCHAR A7C8
ENCODING 42952
SWIDTH 687 0
DWIDTH 11 0
BBX 9 13 1 0
BITMAP
0700
0700
0300
0300
3B00
7F00
6300
E300
FF00
E300
6300
7F80
3B80
ENDCHAR
STARTCHAR A7C9
ENCODING 42953
SWIDTH 687 0
DWIDTH 11 0
BBX 9 13 1 0
BITMAP
3B00
7F00
6300
6000
6000
3800
FF80
0E00
0700
0300
6300
7F00
7E00
ENDCHAR
STARTCHAR A7CA
ENCODING 42954
SWIDTH 687 0
DWIDTH 11 0
BBX 9 9 1 0
BITMAP
3F00
7F00
6300
FF80
FF80
0700
6100
7F00
7E00
ENDCHAR
STARTCHAR A7CB
ENCODING 42955
SWIDTH 687 0
DWIDTH 11 0
BBX 8 13 1 0
BITMAP
E3
FF
1C
0C
1C
1E
36
36
36
36
36
3E
1C
ENDCHAR
STARTCHAR A7CC
ENCODING 42956
SWIDTH 687 0
DWIDTH 11 0
BBX 7 15 2 -1
BITMAP
04
76
FE
CE
C8
C8
70
7C
1C
2E
26
E6
FE
FC
C0
ENDCHAR
STARTCHAR A7CD
ENCODING 42957
SWIDTH 687 0
DWIDTH 11 0
BBX 7 11 2 -1
BITMAP
06
7E
FE
CE
F8
7C
3E
E2
FE
FC
C0
ENDCHAR
STARTCHAR A7CE
ENCODING 42958
SWIDTH 687 0
DWIDTH 11 0
BBX 7 13 2 0
BITMAP
3C
7E
C6
C0
C0
E0
60
30
18
18
18
7C
7C
ENDCHAR
STARTCHAR A7CF
ENCODING 42959
SWIDTH 687 0
DWIDTH 11 0
BBX 7 9 2 0
BITMAP
7C
FE
C6
C0
60
30
30
7C
7C
ENDCHAR
STARTCHAR A7DA
ENCODING 42970
SWIDTH 687 0
DWIDTH 11 0
BBX 9 13 1 0
BITMAP
3E00
3E00
1800
1800
1800
1800
1C00
3C00
3600
3600
6600
F780
F780
ENDCHAR
STARTCHAR A7DB
ENCODING 42971
SWIDTH 687 0
DWIDTH 11 0
BBX 9 13 1 0
BITMAP
7000
7800
1800
1800
0C00
1C00
1C00
1600
3600
3600
7700
F780
F780
ENDCHAR
STARTCHAR A7DC
ENCODING 42972
SWIDTH 687 0
DWIDTH 11 0
BBX 9 13 1 0
BITMAP
3E00
3E00
1800
3E00
3E00
1800
1800
3C00
3400
3600
6600
F780
F780
ENDCHAR
STARTCHAR A7F1
ENCODING 42993
SWIDTH 625 0
DWIDTH 10 0
BBX 6 8 2 5
BITMAP
7C
CC
80
60
38
08
C8
B8
ENDCHAR
STARTCHAR A7F2
ENCODING 42994
SWIDTH 625 0
DWIDTH 10 0
BBX 6 9 2 5
BITMAP
7C
FC
C0
C0
C0
C0
CC
F8
78
ENDCHAR
STARTCHAR A7F3
ENCODING 42995
SWIDTH 625 0
DWIDTH 10 0
BBX 6 9 2 6
BITMAP
FC
FC
CC
F0
F0
C0
C0
E0
E0
ENDCHAR
STARTCHAR A7F4
ENCODING 42996
SWIDTH 625 0
DWIDTH 10 0
BBX 6 9 2 5
BITMAP
78
FC
CC
CC
CC
DC
DC
CC
7C
ENDCHAR
STARTCHAR A7F5
ENCODING 42997
SWIDTH 625 0
DWIDTH 10 0
BBX 6 13 2 0
BITMAP
3C
3C
18
18
18
D8
F8
F8
18
18
18
3C
3C
ENDCHAR
STARTCHAR A7F6
ENCODING 42998
SWIDTH 625 0
DWIDTH 10 0
BBX 6 9 2 0
BITMAP
3C
3C
18
F8
F8
D8
18
3C
3C
ENDCHAR
STARTCHAR A7F7
ENCODING 42999
SWIDTH 687 0
DWIDTH 11 0
BBX 9 6 1 1
BITMAP
C180
C180
FF80
FF80
C180
C180
ENDCHAR
STARTCHAR A7F8
ENCODING 43000
SWIDTH 687 0
DWIDTH 11 0
BBX 7 6 2 5
BITMAP
EE
FE
7C
44
44
EE
ENDCHAR
STARTCHAR A7F9
ENCODING 43001
SWIDTH 625 0
DWIDTH 10 0
BBX 6 6 2 5
BITMAP
D8
AC
BC
A0
AC
D8
ENDCHAR
STARTCHAR A7FA
ENCODING 43002
SWIDTH 750 0
DWIDTH 12 0
BBX 10 9 1 0
BITMAP
EDC0
EDC0
6D80
6D80
6D80
6D80
6D80
FFC0
FFC0
ENDCHAR
STARTCHAR A7FB
ENCODING 43003
SWIDTH 687 0
DWIDTH 11 0
BBX 7 13 2 0
BITMAP
FE
FE
CC
0C
0C
3C
3C
0C
0C
0C
0C
1E
1E
ENDCHAR
STARTCHAR A7FC
ENCODING 43004
SWIDTH 625 0
DWIDTH 10 0
BBX 8 13 1 0
BITMAP
3F
7F
C6
C6
C6
C6
7E
3E
06
06
06
0F
0F
ENDCHAR
STARTCHAR A7FD
ENCODING 43005
SWIDTH 750 0
DWIDTH 12 0
BBX 10 13 1 0
BITMAP
E1C0
E1C0
C180
C180
CD80
CD80
DD80
DD80
D380
F380
F380
E1C0
E1C0
ENDCHAR
STARTCHAR A7FE
ENCODING 43006
SWIDTH 687 0
DWIDTH 11 0
BBX 7 16 2 0
BITMAP
FE
FE
30
30
30
30
30
30
30
30
30
30
30
30
FE
FE
ENDCHAR
STARTCHAR A7FF
ENCODING 43007
SWIDTH 750 0
DWIDTH 12 0
BBX 10 13 1 0
BITMAP
26C0
26C0
6680
7680
7E80
7E80
7F80
5F80
5F80
5B80
5980
5900
D900
ENDCHAR
STARTCHAR A92E
ENCODING 43310
SWIDTH 687 0
DWIDTH 11 0
BBX 7 3 2 3
BITMAP
30
7C
C6
ENDCHAR
STARTCHAR AB30
ENCODING 43824
SWIDTH 750 0
DWIDTH 12 0
BBX 10 9 1 0
BITMAP
3B80
7F80
6300
6300
FFC0
6300
6300
7F80
3B80
ENDCHAR
STARTCHAR AB31
ENCODING 43825
SWIDTH 625 0
DWIDTH 10 0
BBX 9 9 0 0
BITMAP
7700
7F80
4D80
3F80
7F80
4D80
CD80
7F80
7700
ENDCHAR
STARTCHAR AB32
ENCODING 43826
SWIDTH 625 0
DWIDTH 10 0
BBX 8 9 1 0
BITMAP
0C
3E
C7
C6
D8
E0
E1
7E
38
ENDCHAR
STARTCHAR AB33
ENCODING 43827
SWIDTH 625 0
DWIDTH 10 0
BBX 10 9 0 0
BITMAP
1E00
3F00
6300
7F80
7F80
6000
FFC0
7F00
3E00
ENDCHAR
STARTCHAR AB35
ENCODING 43829
SWIDTH 687 0
DWIDTH 11 0
BBX 8 13 2 0
BITMAP
1E
3E
33
30
30
FE
FE
30
30
30
30
30
30
ENDCHAR
STARTCHAR AB36
ENCODING 43830
SWIDTH 687 0
DWIDTH 11 0
BBX 8 13 2 -4
BITMAP
77
FF
C6
C6
C6
C6
C6
C6
7E
36
FE
DF
79
ENDCHAR
STARTCHAR AB37
ENCODING 43831
SWIDTH 687 0
DWIDTH 11 0
BBX 9 13 1 0
BITMAP
7C00
7C00
0D00
0D80
0D80
0C80
7F80
7F00
CC00
6C00
2C00
7F00
7F00
ENDCHAR
STARTCHAR AB38
ENCODING 43832
SWIDTH 687 0
DWIDTH 11 0
BBX 7 13 2 0
BITMAP
F8
F8
18
18
7A
7E
7C
5E
5C
18
18
FE
FE
ENDCHAR
STARTCHAR AB39
ENCODING 43833
SWIDTH 687 0
DWIDTH 11 0
BBX 7 13 2 0
BITMAP
F8
F8
18
18
38
5C
5C
5C
38
18
18
FE
FE
ENDCHAR
STARTCHAR AB3A
ENCODING 43834
SWIDTH 687 0
DWIDTH 11 0
BBX 10 9 1 0
BITMAP
FB00
FF80
6D80
6D80
6D80
6FC0
6D80
EF80
EF00
ENDCHAR
STARTCHAR AB3B
ENCODING 43835
SWIDTH 687 0
DWIDTH 11 0
BBX 9 9 1 0
BITMAP
EE00
FF00
6300
6300
6F80
6F80
7B00
FB00
EE00
ENDCHAR
STARTCHAR AB3C
ENCODING 43836
SWIDTH 687 0
DWIDTH 11 0
BBX 9 13 1 -4
BITMAP
EE00
FF00
6300
6300
6300
6300
6300
F300
F300
0F00
0B00
0F80
0E00
ENDCHAR
STARTCHAR AB3D
ENCODING 43837
SWIDTH 625 0
DWIDTH 10 0
BBX 7 9 1 0
BITMAP
0C
3E
C6
C2
C2
C2
E4
F8
30
ENDCHAR
STARTCHAR AB3E
ENCODING 43838
SWIDTH 625 0
DWIDTH 10 0
BBX 7 11 1 -1
BITMAP
02
0C
3E
CE
CA
D2
D2
E4
F8
70
40
ENDCHAR
STARTCHAR AB3F
ENCODING 43839
SWIDTH 625 0
DWIDTH 10 0
BBX 8 10 1 0
BITMAP
3F
7E
67
0F
1B
13
F3
FE
DE
40
ENDCHAR
STARTCHAR AB40
ENCODING 43840
SWIDTH 625 0
DWIDTH 10 0
BBX 8 9 1 0
BITMAP
6E
FF
DB
DF
DF
DB
DB
FF
6E
ENDCHAR
STARTCHAR AB41
ENCODING 43841
SWIDTH 625 0
DWIDTH 10 0
BBX 8 9 1 0
BITMAP
77
FF
DB
FF
FF
DF
DB
FF
76
ENDCHAR
STARTCHAR AB42
ENCODING 43842
SWIDTH 687 0
DWIDTH 11 0
BBX 9 9 1 0
BITMAP
7700
FF80
D980
FF80
FF80
D980
D980
FF80
7700
ENDCHAR
STARTCHAR AB43
ENCODING 43843
SWIDTH 687 0
DWIDTH 11 0
BBX 9 9 1 0
BITMAP
6F00
FF80
D980
D980
D980
D980
D980
FF80
7700
ENDCHAR
STARTCHAR AB44
ENCODING 43844
SWIDTH 687 0
DWIDTH 11 0
BBX 9 9 1 0
BITMAP
6F80
FF80
DB80
DB80
DF80
DD80
DD80
FF80
7F00
ENDCHAR
STARTCHAR AB45
ENCODING 43845
SWIDTH 750 0
DWIDTH 12 0
BBX 8 9 2 0
BITMAP
18
18
18
18
7E
E7
C3
C3
C3
ENDCHAR
STARTCHAR AB46
ENCODING 43846
SWIDTH 687 0
DWIDTH 11 0
BBX 9 13 1 -4
BITMAP
FE00
FF00
6300
6300
7F00
7E00
6C00
F400
F600
0600
0200
0380
0380
ENDCHAR
STARTCHAR AB47
ENCODING 43847
SWIDTH 625 0
DWIDTH 10 0
BBX 5 9 2 0
BITMAP
E8
F8
60
60
60
60
60
F8
F8
ENDCHAR
STARTCHAR AB49
ENCODING 43849
SWIDTH 687 0
DWIDTH 11 0
BBX 9 9 1 0
BITMAP
7B00
7F80
1980
1800
7C00
FC00
D800
F800
7000
ENDCHAR
STARTCHAR AB4B
ENCODING 43851
SWIDTH 687 0
DWIDTH 11 0
BBX 7 9 2 0
BITMAP
FC
FC
CC
0C
0C
0C
0C
1E
1E
ENDCHAR
STARTCHAR AB4C
ENCODING 43852
SWIDTH 687 0
DWIDTH 11 0
BBX 7 9 1 0
BITMAP
F8
F8
D8
18
1E
1A
1A
1E
0E
ENDCHAR
STARTCHAR AB4D
ENCODING 43853
SWIDTH 625 0
DWIDTH 10 0
BBX 6 13 2 0
BITMAP
1C
1C
30
30
30
30
30
30
30
30
30
E0
E0
ENDCHAR
STARTCHAR AB4E
ENCODING 43854
SWIDTH 687 0
DWIDTH 11 0
BBX 9 9 1 0
BITMAP
E000
E000
6000
6300
6300
6300
6300
7F80
3B80
ENDCHAR
STARTCHAR AB4F
ENCODING 43855
SWIDTH 687 0
DWIDTH 11 0
BBX 9 9 1 0
BITMAP
E000
E000
6000
6300
FF80
6300
6300
7F80
3B80
ENDCHAR
STARTCHAR AB52
ENCODING 43858
SWIDTH 687 0
DWIDTH 11 0
BBX 10 9 0 0
BITMAP
E380
F380
3180
3180
3180
3180
3180
3FC0
1DC0
ENDCHAR
STARTCHAR AB53
ENCODING 43859
SWIDTH 687 0
DWIDTH 11 0
BBX 9 13 1 -4
BITMAP
F780
F780
3600
3600
1C00
1C00
0800
1C00
1C00
3600
3600
F780
F780
ENDCHAR
STARTCHAR AB5B
ENCODING 43867
SWIDTH 625 0
DWIDTH 10 0
BBX 7 9 1 0
BITMAP
C6
C6
7E
3C
00
3C
7E
C6
C6
ENDCHAR
STARTCHAR AB5C
ENCODING 43868
SWIDTH 687 0
DWIDTH 11 0
BBX 6 10 2 3
BITMAP
C0
40
58
6C
44
44
44
E4
0C
08
ENDCHAR
STARTCHAR AB5D
ENCODING 43869
SWIDTH 687 0
DWIDTH 11 0
BBX 5 8 3 5
BITMAP
E0
28
28
F8
A0
A0
20
F8
ENDCHAR
STARTCHAR AB5E
ENCODING 43870
SWIDTH 687 0
DWIDTH 11 0
BBX 5 8 3 5
BITMAP
E0
20
20
68
30
20
20
F8
ENDCHAR
STARTCHAR AB5F
ENCODING 43871
SWIDTH 625 0
DWIDTH 10 0
BBX 6 6 2 5
BITMAP
8C
C4
44
44
6C
74
ENDCHAR
STARTCHAR AB60
ENCODING 43872
SWIDTH 687 0
DWIDTH 11 0
BBX 9 9 1 0
BITMAP
FC00
FC00
6C00
6F00
6F80
6C80
6C80
EF80
EF80
ENDCHAR
STARTCHAR AB61
ENCODING 43873
SWIDTH 687 0
DWIDTH 11 0
BBX 9 9 1 0
BITMAP
EF00
FF80
7980
7F80
7F80
7800
7980
FF80
EF00
ENDCHAR
STARTCHAR AB62
ENCODING 43874
SWIDTH 687 0
DWIDTH 11 0
BBX 9 9 1 0
BITMAP
7F00
7F80
CD80
0F80
0F80
0C00
CD80
FF80
DF00
ENDCHAR
STARTCHAR AB63
ENCODING 43875
SWIDTH 687 0
DWIDTH 11 0
BBX 10 9 0 0
BITMAP
E780
EFC0
6CC0
6CC0
6CC0
6CC0
6CC0
7FC0
3B80
ENDCHAR
STARTCHAR AB64
ENCODING 43876
SWIDTH 625 0
DWIDTH 10 0
BBX 8 9 1 0
BITMAP
77
FF
C6
C6
C6
C6
C6
FF
77
ENDCHAR
STARTCHAR AB65
ENCODING 43877
SWIDTH 687 0
DWIDTH 11 0
BBX 7 9 2 0
BITMAP
38
7C
C6
C6
C6
C6
EE
EE
EE
ENDCHAR
STARTCHAR AB66
ENCODING 43878
SWIDTH 687 0
DWIDTH 11 0
BBX 10 17 1 -4
BITMAP
1800
1800
1800
1800
7F00
FF00
DB00
DA00
DA00
DC00
DD00
FF00
7F00
0100
0100
01C0
00C0
ENDCHAR
STARTCHAR AB67
ENCODING 43879
SWIDTH 625 0
DWIDTH 10 0
BBX 9 17 0 -4
BITMAP
3000
3000
3000
3000
FF80
FF80
3480
3600
3300
3180
3580
3F80
1F00
0400
0400
0600
0200
ENDCHAR
STARTCHAR AB68
ENCODING 43880
SWIDTH 750 0
DWIDTH 12 0
BBX 8 9 2 0
BITMAP
3F
3F
0C
1D
3F
2F
CC
FF
EF
ENDCHAR
STARTCHAR AB69
ENCODING 43881
SWIDTH 687 0
DWIDTH 11 0
BBX 7 6 2 5
BITMAP
6C
6C
6C
54
44
C6
ENDCHAR
STARTCHAR AB6A
ENCODING 43882
SWIDTH 687 0
DWIDTH 11 0
BBX 4 4 4 3
BITMAP
30
F0
F0
30
ENDCHAR
STARTCHAR AB6B
ENCODING 43883
SWIDTH 687 0
DWIDTH 11 0
BBX 4 4 3 3
BITMAP
C0
F0
F0
C0
ENDCHAR
STARTCHAR E0A0
ENCODING 57504
SWIDTH 687 0
DWIDTH 11 0
BBX 9 14 1 -2
BITMAP
C000
C780
C780
C780
C300
C300
C300
C300
C200
C600
FC00
D800
C000
C000
ENDCHAR
STARTCHAR E0A1
ENCODING 57505
SWIDTH 687 0
DWIDTH 11 0
BBX 7 15 2 -2
BITMAP
E0
40
40
40
40
48
F8
00
26
34
34
2C
2C
24
34
ENDCHAR
STARTCHAR E0A2
ENCODING 57506
SWIDTH 687 0
DWIDTH 11 0
BBX 8 14 1 -2
BITMAP
7E
66
43
C3
C3
FF
FF
E7
E7
E7
E7
E7
FF
FF
ENDCHAR
STARTCHAR E0A3
ENCODING 57507
SWIDTH 687 0
DWIDTH 11 0
BBX 7 15 2 -2
BITMAP
68
D8
80
80
80
98
70
00
66
74
74
6C
6C
6C
64
ENDCHAR
STARTCHAR E0AE
ENCODING 57518
SWIDTH 687 0
DWIDTH 11 0
BBX 11 2 0 -5
BITMAP
FFE0
FFE0
ENDCHAR
STARTCHAR E0AF
ENCODING 57519
SWIDTH 687 0
DWIDTH 11 0
BBX 11 2 0 14
BITMAP
FFE0
FFE0
ENDCHAR
STARTCHAR E0B0
ENCODING 57520
SWIDTH 687 0
DWIDTH 11 0
BBX 10 19 0 -5
BITMAP
8000
C000
E000
F000
F800
FC00
FE00
FF00
FF80
FFC0
FFC0
FF80
FE00
FC00
F800
F000
E000
C000
8000
ENDCHAR
STARTCHAR E0B1
ENCODING 57521
SWIDTH 687 0
DWIDTH 11 0
BBX 11 19 -1 -5
BITMAP
C000
6000
3000
1800
0C00
0600
0300
0180
00C0
0060
0060
01C0
0300
0600
0C00
1800
3000
6000
C000
ENDCHAR
STARTCHAR E0B2
ENCODING 57522
SWIDTH 687 0
DWIDTH 11 0
BBX 11 20 0 -5
BITMAP
0020
00E0
01E0
03E0
07E0
0FE0
1FE0
3FE0
7FE0
FFE0
7FE0
3FE0
1FE0
0FE0
07E0
03E0
01E0
00E0
0060
0020
ENDCHAR
STARTCHAR E0B3
ENCODING 57523
SWIDTH 687 0
DWIDTH 11 0
BBX 12 20 0 -5
BITMAP
0030
00E0
0180
0300
0600
0C00
1800
3000
6000
C000
6000
3000
1800
0C00
0600
0300
0180
00C0
0060
0020
ENDCHAR
STARTCHAR E0B4
ENCODING 57524
SWIDTH 687 0
DWIDTH 11 0
BBX 11 20 0 -5
BITMAP
E000
FC00
FE00
FF00
FF80
FF80
FFC0
FFC0
FFE0
FFE0
FFE0
FFE0
FFC0
FFC0
FFC0
FF80
FF00
FE00
FC00
E000
ENDCHAR
STARTCHAR E0B5
ENCODING 57525
SWIDTH 687 0
DWIDTH 11 0
BBX 11 19 0 -4
BITMAP
F000
1C00
0600
0300
0180
00C0
00C0
0040
0040
0060
0040
0040
00C0
00C0
0180
0300
0600
1C00
F000
ENDCHAR
STARTCHAR E0B6
ENCODING 57526
SWIDTH 687 0
DWIDTH 11 0
BBX 11 20 0 -5
BITMAP
01E0
07E0
0FE0
1FE0
3FE0
7FE0
7FE0
FFE0
FFE0
FFE0
FFE0
FFE0
FFE0
7FE0
7FE0
3FE0
1FE0
0FE0
07E0
01E0
ENDCHAR
STARTCHAR E0B7
ENCODING 57527
SWIDTH 687 0
DWIDTH 11 0
BBX 11 19 0 -4
BITMAP
01E0
0600
1800
3000
2000
6000
4000
C000
C000
C000
C000
C000
4000
6000
6000
3000
1800
0700
01E0
ENDCHAR
STARTCHAR E0B8
ENCODING 57528
SWIDTH 687 0
DWIDTH 11 0
BBX 11 20 0 -5
BITMAP
8000
8000
C000
C000
E000
E000
F000
F000
F800
F800
FC00
FC00
FE00
FE00
FF00
FF00
FF80
FF80
FFC0
FFE0
ENDCHAR
STARTCHAR E0B9
ENCODING 57529
SWIDTH 687 0
DWIDTH 11 0
BBX 12 20 -1 -5
BITMAP
C000
C000
6000
6000
3000
3000
1800
0800
0C00
0400
0600
0200
0300
0100
0180
0080
00C0
0040
0060
0030
ENDCHAR
STARTCHAR E0BA
ENCODING 57530
SWIDTH 687 0
DWIDTH 11 0
BBX 11 20 0 -5
BITMAP
0020
0020
0060
0060
00E0
01E0
01E0
03E0
03E0
07E0
07E0
0FE0
0FE0
1FE0
1FE0
3FE0
3FE0
7FE0
7FE0
FFE0
ENDCHAR
STARTCHAR E0BB
ENCODING 57531
SWIDTH 687 0
DWIDTH 11 0
BBX 11 20 -1 -5
BITMAP
0020
0060
0060
00C0
0080
0180
0100
0300
0200
0600
0400
0C00
0800
1800
1000
3000
6000
6000
C000
C000
ENDCHAR
STARTCHAR E0BC
ENCODING 57532
SWIDTH 687 0
DWIDTH 11 0
BBX 10 19 0 -5
BITMAP
FFC0
FFC0
FF80
FF00
FF00
FE00
FE00
FC00
FC00
F800
F800
F000
F000
E000
E000
C000
C000
8000
8000
ENDCHAR
STARTCHAR E0BD
ENCODING 57533
SWIDTH 687 0
DWIDTH 11 0
BBX 12 20 0 -5
BITMAP
0030
0060
0060
00C0
00C0
0180
0180
0300
0200
0600
0400
0C00
0800
1800
1000
3000
2000
6000
4000
C000
ENDCHAR
STARTCHAR E0BE
ENCODING 57534
SWIDTH 687 0
DWIDTH 11 0
BBX 11 20 0 -5
BITMAP
FFE0
7FE0
3FE0
3FE0
1FE0
1FE0
0FE0
0FE0
07E0
07E0
03E0
03E0
01E0
01E0
00E0
00E0
0060
0060
0020
0020
ENDCHAR
STARTCHAR E0BF
ENCODING 57535
SWIDTH 687 0
DWIDTH 11 0
BBX 12 21 0 -5
BITMAP
C000
C000
6000
2000
3000
1000
1800
0800
0C00
0400
0600
0200
0300
0100
0180
00C0
00C0
0060
0060
0030
0020
ENDCHAR
STARTCHAR E5FA
ENCODING 58874
SWIDTH 687 0
DWIDTH 11 0
BBX 14 11 0 0
BITMAP
FE00
FF00
FFFC
FFFC
F7FC
F5EC
F5EC
F7EC
F1FC
FFFC
FFFC
ENDCHAR
STARTCHAR E5FB
ENCODING 58875
SWIDTH 687 0
DWIDTH 11 0
BBX 14 11 0 0
BITMAP
FC00
FF00
FDFC
FCFC
F27C
E33C
E2BC
F23C
FA7C
FDFC
FFFC
ENDCHAR
STARTCHAR E5FC
ENCODING 58876
SWIDTH 687 0
DWIDTH 11 0
BBX 14 11 0 0
BITMAP
FE00
FFFC
FFFC
F87C
F03C
E31C
F7BC
E31C
F87C
F97C
FFFC
ENDCHAR
STARTCHAR E5FD
ENCODING 58877
SWIDTH 687 0
DWIDTH 11 0
BBX 14 11 0 0
BITMAP
FE00
FF00
FFFC
F33C
F01C
E01C
EFDC
EB5C
EB5C
FCFC
FFFC
ENDCHAR
STARTCHAR E5FE
ENCODING 58878
SWIDTH 687 0
DWIDTH 11 0
BBX 14 11 0 0
BITMAP
F800
FC00
FFE0
C000
BFFC
BFF8
BFF8
FFF8
FFF0
FFF0
FFF0
ENDCHAR
STARTCHAR E5FF
ENCODING 58879
SWIDTH 687 0
DWIDTH 11 0
BBX 14 11 0 0
BITMAP
FE00
FFFC
FFFC
FFFC
FFFC
FFFC
FFFC
FFFC
FFFC
FFFC
FFFC
ENDCHAR
STARTCHAR E600
ENCODING 58880
SWIDTH 687 0
DWIDTH 11 0
BBX 11 15 0 -2
BITMAP
0020
0040
0080
0100
0100
0200
0E00
0A00
0A00
0800
1000
1000
2000
4000
C000
ENDCHAR
STARTCHAR E601
ENCODING 58881
SWIDTH 687 0
DWIDTH 11 0
BBX 14 13 0 -1
BITMAP
F800
0000
0000
7E00
0000
0000
1EF8
1EF8
0000
1F7C
0000
0000
7E00
ENDCHAR
STARTCHAR E602
ENCODING 58882
SWIDTH 687 0
DWIDTH 11 0
BBX 9 13 1 -2
BITMAP
8000
C000
F000
F800
FC00
FF00
FF80
FE00
FC00
F800
F000
C000
8000
ENDCHAR
STARTCHAR E603
ENCODING 58883
SWIDTH 687 0
DWIDTH 11 0
BBX 12 14 0 -1
BITMAP
07E0
1830
2030
4020
8040
8780
4000
2200
1C00
1800
2800
4800
7000
6000
ENDCHAR
STARTCHAR E604
ENCODING 58884
SWIDTH 687 0
DWIDTH 11 0
BBX 14 14 0 -1
BITMAP
0040
0370
01FC
0BC0
0780
0F40
0F80
3F80
1F00
1F80
3F00
FF00
3FC0
3F00
ENDCHAR
STARTCHAR E605
ENCODING 58885
SWIDTH 687 0
DWIDTH 11 0
BBX 14 14 0 -2
BITMAP
0778
0F9C
1FEC
3F74
7F08
7E78
7DFC
7BB4
C3AC
3658
BF98
EF68
4CF0
2100
ENDCHAR
STARTCHAR E606
ENCODING 58886
SWIDTH 687 0
DWIDTH 11 0
BBX 14 14 0 -2
BITMAP
0700
0FC0
17C0
09C0
7FD0
FFD8
FF9C
F03C
EFFC
EFF8
6FF8
0FC0
0F40
0FC0
ENDCHAR
STARTCHAR E607
ENCODING 58887
SWIDTH 687 0
DWIDTH 11 0
BBX 9 14 1 -2
BITMAP
C180
C380
C300
C000
C000
DF00
FF80
E180
0180
0180
8180
C180
C180
8180
ENDCHAR
STARTCHAR E608
ENCODING 58888
SWIDTH 687 0
DWIDTH 11 0
BBX 14 9 0 1
BITMAP
7DE0
7FF8
FFF8
BDFC
F7F8
BFF0
6FF0
3630
2630
ENDCHAR
STARTCHAR E609
ENCODING 58889
SWIDTH 687 0
DWIDTH 11 0
BBX 12 13 0 -2
BITMAP
1040
1DC0
1FC0
1FC0
1FC0
1FC0
1FC0
FFF0
7FE0
3FC0
1F80
0F00
0600
ENDCHAR
STARTCHAR E60A
ENCODING 58890
SWIDTH 687 0
DWIDTH 11 0
BBX 8 14 2 -1
BITMAP
38
44
44
70
BC
FC
FC
FC
BC
AC
EC
CE
CB
E6
ENDCHAR
STARTCHAR E60B
ENCODING 58891
SWIDTH 687 0
DWIDTH 11 0
BBX 13 15 0 -2
BITMAP
1840
3870
6030
6030
6030
6030
6030
E018
E038
6030
6030
6030
6030
3870
0800
ENDCHAR
STARTCHAR E60C
ENCODING 58892
SWIDTH 687 0
DWIDTH 11 0
BBX 14 11 0 0
BITMAP
1878
18F8
19C0
19C0
19E0
18F8
183C
180C
191C
F9F8
E1F0
ENDCHAR
STARTCHAR E60D
ENCODING 58893
SWIDTH 687 0
DWIDTH 11 0
BBX 14 12 0 -1
BITMAP
FFC0
8000
BFFC
A004
A034
A074
A034
A604
2F24
3F74
3FFC
3FFC
ENDCHAR
STARTCHAR E60E
ENCODING 58894
SWIDTH 687 0
DWIDTH 11 0
BBX 14 11 0 0
BITMAP
0840
1860
3870
7038
E01C
8004
C00C
7038
3870
1860
0840
ENDCHAR
STARTCHAR E60F
ENCODING 58895
SWIDTH 687 0
DWIDTH 11 0
BBX 14 3 0 3
BITMAP
4FE0
BFF4
F87C
ENDCHAR
STARTCHAR E610
ENCODING 58896
SWIDTH 687 0
DWIDTH 11 0
BBX 6 14 2 -2
BITMAP
40
40
20
7C
FC
FC
7C
7C
7C
7C
78
38
38
38
ENDCHAR
STARTCHAR E611
ENCODING 58897
SWIDTH 687 0
DWIDTH 11 0
BBX 12 14 0 -2
BITMAP
76E0
3FC0
7FE0
7FE0
7FE0
FFF0
7FE0
3FC0
3FE0
FFE0
7FE0
7FC0
1F80
0600
ENDCHAR
STARTCHAR E612
ENCODING 58898
SWIDTH 687 0
DWIDTH 11 0
BBX 13 15 0 -2
BITMAP
FFF8
FFF8
0000
0000
0000
FFE0
FFE0
0000
0000
FFF8
FFF8
0000
0000
FF00
FF00
ENDCHAR
STARTCHAR E613
ENCODING 58899
SWIDTH 687 0
DWIDTH 11 0
BBX 14 12 0 0
BITMAP
FE00
FE00
FFFC
FFFC
FFFC
FFFC
FFFC
FFFC
FFFC
FFFC
FFFC
FFFC
ENDCHAR
STARTCHAR E614
ENCODING 58900
SWIDTH 687 0
DWIDTH 11 0
BBX 14 15 0 -2
BITMAP
0E30
0E30
0E70
0C70
7FFC
7FFC
1CE0
1CE0
1CE0
FFF8
FFF8
38C0
39C0
39C0
31C0
ENDCHAR
STARTCHAR E615
ENCODING 58901
SWIDTH 687 0
DWIDTH 11 0
BBX 14 13 0 -1
BITMAP
0CE0
0FE0
1FE0
7FFC
F87C
7038
3038
303C
787C
7FFC
5FF0
0FE0
0EE0
ENDCHAR
STARTCHAR E616
ENCODING 58902
SWIDTH 687 0
DWIDTH 11 0
BBX 14 5 0 3
BITMAP
FFFC
AAA4
AAB4
A8B4
5F48
ENDCHAR
STARTCHAR E617
ENCODING 58903
SWIDTH 687 0
DWIDTH 11 0
BBX 13 14 0 -1
BITMAP
0200
0F80
1FC0
3FE0
FFF8
FFF8
FDF8
F8F8
F078
F078
F078
F078
F078
C018
ENDCHAR
STARTCHAR E618
ENCODING 58904
SWIDTH 687 0
DWIDTH 11 0
BBX 14 11 0 0
BITMAP
0840
1860
3870
7038
E01C
8004
C00C
7018
3870
1860
0840
ENDCHAR
STARTCHAR E619
ENCODING 58905
SWIDTH 687 0
DWIDTH 11 0
BBX 14 14 0 -2
BITMAP
F000
FC00
FF00
0F80
E3C0
F9E0
FCF0
3E70
0F38
0738
639C
F39C
F39C
619C
ENDCHAR
STARTCHAR E61A
ENCODING 58906
SWIDTH 687 0
DWIDTH 11 0
BBX 14 13 0 -1
BITMAP
0E00
3F30
73D0
7E60
F2E0
FFC0
FE7C
FC1C
E0F8
41E0
6100
3F00
0700
ENDCHAR
STARTCHAR E61B
ENCODING 58907
SWIDTH 687 0
DWIDTH 11 0
BBX 14 11 0 0
BITMAP
09C0
0EE4
7038
4FC4
7FFC
7FF8
BFF8
9FF0
DFE0
6FE0
0FC0
ENDCHAR
STARTCHAR E61C
ENCODING 58908
SWIDTH 687 0
DWIDTH 11 0
BBX 8 14 1 -1
BITMAP
03
04
04
04
08
08
08
0C
AC
98
88
88
8C
80
ENDCHAR
STARTCHAR E61D
ENCODING 58909
SWIDTH 687 0
DWIDTH 11 0
BBX 13 14 0 -1
BITMAP
0600
0F80
3FE0
F0F0
E078
C278
CFE8
CF48
C7E8
E078
E078
78E0
1FC0
0700
ENDCHAR
STARTCHAR E61E
ENCODING 58910
SWIDTH 687 0
DWIDTH 11 0
BBX 13 14 0 -1
BITMAP
0600
0F80
3FC0
F0F0
E078
E038
C778
CFF8
CFF8
C078
E070
70E0
1F80
0700
ENDCHAR
STARTCHAR E61F
ENCODING 58911
SWIDTH 687 0
DWIDTH 11 0
BBX 14 10 0 0
BITMAP
EC00
6E00
3600
3B7C
1F80
1BBC
3FDC
36E0
6E60
FC30
ENDCHAR
STARTCHAR E620
ENCODING 58912
SWIDTH 687 0
DWIDTH 11 0
BBX 14 15 0 -2
BITMAP
0008
001C
0F3C
3FD8
7E20
7E20
FE30
FE30
FFF0
FFF0
FFF0
7FE0
7FE0
3FC0
0F00
ENDCHAR
STARTCHAR E621
ENCODING 58913
SWIDTH 687 0
DWIDTH 11 0
BBX 1 13 5 0
BITMAP
80
00
80
00
80
00
80
00
80
00
80
00
80
ENDCHAR
STARTCHAR E622
ENCODING 58914
SWIDTH 687 0
DWIDTH 11 0
BBX 11 14 0 -2
BITMAP
F3E0
F3C0
F780
FF80
FF00
FE00
7E00
7E00
7F00
7F00
3780
33C0
33C0
11E0
ENDCHAR
STARTCHAR E623
ENCODING 58915
SWIDTH 687 0
DWIDTH 11 0
BBX 13 13 0 -1
BITMAP
0200
0300
0300
0780
0FE0
FFF8
3FF0
1FE0
1FE0
1FE0
1FE0
1CE0
1020
ENDCHAR
STARTCHAR E624
ENCODING 58916
SWIDTH 687 0
DWIDTH 11 0
BBX 14 13 0 -1
BITMAP
0780
0FC0
0FC0
0FC0
0FC0
0780
0000
7878
FCFC
FCFC
FCFC
FCFC
7878
ENDCHAR
STARTCHAR E625
ENCODING 58917
SWIDTH 687 0
DWIDTH 11 0
BBX 14 13 0 -1
BITMAP
1860
37A0
2120
2320
3FE0
5878
8B44
9B64
78B8
27E0
2320
2320
1CE0
ENDCHAR
STARTCHAR E626
ENCODING 58918
SWIDTH 687 0
DWIDTH 11 0
BBX 10 15 0 -2
BITMAP
0E00
FFC0
EDC0
CE80
B480
9C40
8840
8040
8040
8040
8040
80C0
8080
4080
7F80
ENDCHAR
STARTCHAR E627
ENCODING 58919
SWIDTH 687 0
DWIDTH 11 0
BBX 10 15 0 -2
BITMAP
0C00
FFC0
FF80
7780
7F80
7780
7F80
FFC0
7F80
7F80
7F80
7F80
7F80
3F80
4000
ENDCHAR
STARTCHAR E628
ENCODING 58920
SWIDTH 687 0
DWIDTH 11 0
BBX 14 9 0 1
BITMAP
FCF8
318C
318C
31E0
30F8
301C
318C
318C
30F8
ENDCHAR
STARTCHAR E629
ENCODING 58921
SWIDTH 687 0
DWIDTH 11 0
BBX 13 14 0 -2
BITMAP
27E0
3700
3EE0
3A20
3BE0
0000
FFF0
FDD0
DFE0
D6F0
D678
DDF8
FFF8
0360
ENDCHAR
STARTCHAR E62A
ENCODING 58922
SWIDTH 687 0
DWIDTH 11 0
BBX 14 14 0 -2
BITMAP
FFFC
FFFC
FFFC
FFFC
FFFC
FFFC
0000
FFFC
FFFC
FFFC
FFFC
FFFC
FFFC
FFFC
ENDCHAR
STARTCHAR E62B
ENCODING 58923
SWIDTH 687 0
DWIDTH 11 0
BBX 14 13 0 -1
BITMAP
FCFC
FC7C
78F8
79F0
7BE0
7FC0
7F80
7F00
7E00
7C00
7800
7000
6000
ENDCHAR
STARTCHAR E62C
ENCODING 58924
SWIDTH 687 0
DWIDTH 11 0
BBX 14 14 0 -1
BITMAP
FEFC
FF7C
FFBC
E05C
FFEC
FF74
FEF8
FDFC
FBF8
F7F4
EFEC
DFFC
BFFC
7FFC
ENDCHAR
STARTCHAR E62D
ENCODING 58925
SWIDTH 687 0
DWIDTH 11 0
BBX 9 14 1 -2
BITMAP
0800
1800
3800
7C00
7E00
FF00
FF00
FF80
FF80
FF80
FF80
7F00
6E00
1800
ENDCHAR
STARTCHAR E62E
ENCODING 58926
SWIDTH 687 0
DWIDTH 11 0
BBX 13 14 0 -1
BITMAP
0200
0500
0280
79B0
8688
9848
2050
4250
A040
9040
CC58
8398
08E0
0700
ENDCHAR
STARTCHAR E62F
ENCODING 58927
SWIDTH 687 0
DWIDTH 11 0
BBX 14 13 0 -2
BITMAP
0F80
1FF0
3FF0
79F8
81F8
83F8
C3F8
63FC
73FC
7FF8
3FF0
3FE0
07C0
ENDCHAR
STARTCHAR E630
ENCODING 58928
SWIDTH 687 0
DWIDTH 11 0
BBX 14 8 0 1
BITMAP
0030
0788
0004
2788
4010
C000
6780
3000
ENDCHAR
STARTCHAR E631
ENCODING 58929
SWIDTH 687 0
DWIDTH 11 0
BBX 9 13 1 -1
BITMAP
F000
9000
9000
F800
1C00
0F80
0780
0780
0F80
1800
F000
9000
F000
ENDCHAR
STARTCHAR E632
ENCODING 58930
SWIDTH 687 0
DWIDTH 11 0
BBX 14 14 0 -1
BITMAP
1FC0
3E30
7D38
73F8
F3FC
FCFC
F0FC
E7FC
E7FC
7018
7F78
3FF0
1FE0
0300
ENDCHAR
STARTCHAR E633
ENCODING 58931
SWIDTH 687 0
DWIDTH 11 0
BBX 13 13 0 -2
BITMAP
0080
0080
0080
0700
1FF8
7FF8
FFF0
FE00
FE00
FF00
3F80
3FC0
0040
ENDCHAR
STARTCHAR E634
ENCODING 58932
SWIDTH 687 0
DWIDTH 11 0
BBX 14 14 0 -2
BITMAP
FFF8
FFF0
FFE0
FFC0
FF80
FF00
FE00
FF00
FF80
FFC0
FFE0
FFF0
FFF8
FFFC
ENDCHAR
STARTCHAR E635
ENCODING 58933
SWIDTH 687 0
DWIDTH 11 0
BBX 12 14 0 -2
BITMAP
0180
0300
0200
3FE0
7FE0
FFC0
FFC0
FFC0
FFE0
FFE0
7FF0
7FE0
3FC0
1080
ENDCHAR
STARTCHAR E636
ENCODING 58934
SWIDTH 687 0
DWIDTH 11 0
BBX 10 13 1 -2
BITMAP
2100
3300
3300
3300
3300
3300
3300
F3C0
73C0
7380
3F00
1E00
0C00
ENDCHAR
STARTCHAR E637
ENCODING 58935
SWIDTH 687 0
DWIDTH 11 0
BBX 14 5 0 3
BITMAP
2764
646C
536C
70D4
8FC4
ENDCHAR
STARTCHAR E638
ENCODING 58936
SWIDTH 687 0
DWIDTH 11 0
BBX 14 11 0 0
BITMAP
0110
0728
0F28
FF54
FF54
FF54
FF54
FF54
0F28
0728
0310
ENDCHAR
STARTCHAR E639
ENCODING 58937
SWIDTH 687 0
DWIDTH 11 0
BBX 12 14 0 -2
BITMAP
0FE0
1E30
2C60
0CE0
0980
1FC0
1CC0
30C0
2180
6600
5C00
E000
8000
8000
ENDCHAR
STARTCHAR E63A
ENCODING 58938
SWIDTH 687 0
DWIDTH 11 0
BBX 14 13 0 -1
BITMAP
1020
3870
7CF8
FCF8
FB7C
F7AC
EFDC
6F98
2F50
0EC0
0FC0
0780
0300
ENDCHAR
STARTCHAR E63B
ENCODING 58939
SWIDTH 687 0
DWIDTH 11 0
BBX 14 13 0 -1
BITMAP
0380
0600
0600
0780
0C00
1C00
1C00
3800
7FF8
DFCC
8FC4
FFCC
1FF8
ENDCHAR
STARTCHAR E63C
ENCODING 58940
SWIDTH 687 0
DWIDTH 11 0
BBX 14 8 0 1
BITMAP
6380
EFC0
EC60
6C00
6C00
6E00
67FC
63FC
ENDCHAR
STARTCHAR E63D
ENCODING 58941
SWIDTH 687 0
DWIDTH 11 0
BBX 14 11 0 0
BITMAP
3FF0
FFFC
FFFC
FFFC
FEFC
3E00
0000
81E4
E1FC
FE18
3E00
ENDCHAR
STARTCHAR E63E
ENCODING 58942
SWIDTH 687 0
DWIDTH 11 0
BBX 14 13 0 -1
BITMAP
0300
0120
0B30
0F78
277C
7300
0300
03BC
F9BC
F99C
FD9C
FDD0
F1C0
ENDCHAR
STARTCHAR E63F
ENCODING 58943
SWIDTH 687 0
DWIDTH 11 0
BBX 14 13 0 -1
BITMAP
0018
003C
0038
0078
00F0
00E0
61E0
F3C0
FB80
7F80
3F00
1E00
0E00
ENDCHAR
STARTCHAR E640
ENCODING 58944
SWIDTH 687 0
DWIDTH 11 0
BBX 14 15 0 -2
BITMAP
3FF0
FFFC
C00C
C00C
C00C
C00C
C00C
C00C
C00C
C00C
C00C
C00C
C00C
FFFC
3FF0
ENDCHAR
STARTCHAR E641
ENCODING 58945
SWIDTH 687 0
DWIDTH 11 0
BBX 14 13 0 -1
BITMAP
0FC0
3070
6218
4208
C24C
8284
8304
8004
C008
4008
6010
3820
0FC0
ENDCHAR
STARTCHAR E642
ENCODING 58946
SWIDTH 687 0
DWIDTH 11 0
BBX 14 15 0 -2
BITMAP
0300
1FE0
3FF0
0078
3038
6C1C
FC1C
FC1C
EE1C
EA18
7330
7800
3FF0
1FE0
0300
ENDCHAR
STARTCHAR E643
ENCODING 58947
SWIDTH 687 0
DWIDTH 11 0
BBX 14 7 0 2
BITMAP
0040
00E0
1DF0
3EB8
7F1C
F388
6180
ENDCHAR
STARTCHAR E644
ENCODING 58948
SWIDTH 687 0
DWIDTH 11 0
BBX 13 14 0 -2
BITMAP
0180
07E0
0C30
0818
0818
1808
0818
0C10
0FF0
1FC0
3800
7000
6000
C000
ENDCHAR
STARTCHAR E645
ENCODING 58949
SWIDTH 687 0
DWIDTH 11 0
BBX 14 10 0 0
BITMAP
001C
003C
0030
0060
7878
F878
C0C0
C1C0
FF80
7F00
ENDCHAR
STARTCHAR E646
ENCODING 58950
SWIDTH 687 0
DWIDTH 11 0
BBX 14 13 0 -1
BITMAP
0F00
3F80
7F80
7100
F110
E110
E7BC
E110
F010
7100
7F80
3F80
0F00
ENDCHAR
STARTCHAR E647
ENCODING 58951
SWIDTH 687 0
DWIDTH 11 0
BBX 12 13 0 -2
BITMAP
0F00
1FC0
7FE0
FFF0
F6F0
E670
CFB0
EF30
F6F0
FFF0
7FE0
3FC0
0F00
ENDCHAR
STARTCHAR E648
ENCODING 58952
SWIDTH 687 0
DWIDTH 11 0
BBX 14 13 0 -1
BITMAP
0F00
3FC0
7F98
7018
F07C
E028
E028
E07C
F030
7830
7F80
3F80
0F00
ENDCHAR
STARTCHAR E649
ENCODING 58953
SWIDTH 687 0
DWIDTH 11 0
BBX 11 15 0 -2
BITMAP
0300
1FE0
3FE0
7820
F000
F000
F000
E000
F000
F000
F000
7820
3FE0
1FE0
0300
ENDCHAR
STARTCHAR E64A
ENCODING 58954
SWIDTH 687 0
DWIDTH 11 0
BBX 14 13 0 -1
BITMAP
FFFC
FFFC
FFFC
C20C
FFFC
C20C
FFFC
C20C
FFFC
C20C
FFFC
FFFC
FFFC
ENDCHAR
STARTCHAR E64B
ENCODING 58955
SWIDTH 687 0
DWIDTH 11 0
BBX 14 13 0 -1
BITMAP
0E00
3F80
7F80
7100
F000
E3E8
E3B8
E3BC
F040
7100
7F80
3F80
0F00
ENDCHAR
STARTCHAR E64C
ENCODING 58956
SWIDTH 687 0
DWIDTH 11 0
BBX 14 15 0 -2
BITMAP
0100
0680
1840
3FE0
6FF0
67F8
63FC
E1FC
E0FC
E07C
603C
201C
1010
0810
07F0
ENDCHAR
STARTCHAR E64D
ENCODING 58957
SWIDTH 687 0
DWIDTH 11 0
BBX 14 14 0 -2
BITMAP
FFF8
FFFC
FFFC
FFFC
7FF0
800C
FFFC
FFFC
7FF0
0004
FFFC
FFFC
FFF8
0200
ENDCHAR
STARTCHAR E64E
ENCODING 58958
SWIDTH 687 0
DWIDTH 11 0
BBX 13 15 0 -2
BITMAP
FFF8
FFF8
0000
0000
0000
FE00
FE00
0000
0000
FFF8
FFF8
0000
0000
FFC0
FFC0
ENDCHAR
STARTCHAR E64F
ENCODING 58959
SWIDTH 687 0
DWIDTH 11 0
BBX 13 11 1 0
BITMAP
0700
0F80
3FE0
F8F8
F8F8
7DF0
3FE0
4010
3FE0
3FE0
0F80
ENDCHAR
STARTCHAR E650
ENCODING 58960
SWIDTH 687 0
DWIDTH 11 0
BBX 14 9 0 1
BITMAP
0300
1F00
1F18
3F9C
FFF8
FFF0
F7E0
6FC0
3F80
ENDCHAR
STARTCHAR E651
ENCODING 58961
SWIDTH 687 0
DWIDTH 11 0
BBX 13 13 0 -1
BITMAP
FF80
FFE0
E1F0
E070
E078
E078
E078
E078
E078
E070
E1F0
FFE0
FFC0
ENDCHAR
STARTCHAR E652
ENCODING 58962
SWIDTH 687 0
DWIDTH 11 0
BBX 13 14 0 -1
BITMAP
1C00
1C00
3C00
3F30
7FF8
7FF0
7FF0
FFE0
FFC0
FF80
FF00
FC00
F800
4000
ENDCHAR
STARTCHAR E653
ENCODING 58963
SWIDTH 687 0
DWIDTH 11 0
BBX 9 14 1 -2
BITMAP
1800
3800
3800
4000
5C00
CE00
C700
F380
FB80
8380
CF80
FF00
7600
1800
ENDCHAR
STARTCHAR E654
ENCODING 58964
SWIDTH 687 0
DWIDTH 11 0
BBX 14 11 0 0
BITMAP
0200
0300
0780
0480
0CC0
1CE0
1CE0
3FF0
3CF0
7CF8
FFFC
ENDCHAR
STARTCHAR E655
ENCODING 58965
SWIDTH 687 0
DWIDTH 11 0
BBX 14 12 0 -1
BITMAP
1FE0
1EF0
3870
2398
6FD8
EFDC
6FDC
6FD8
2318
3870
1EF0
1FE0
ENDCHAR
STARTCHAR E656
ENCODING 58966
SWIDTH 687 0
DWIDTH 11 0
BBX 8 13 1 -2
BITMAP
08
18
1C
3E
7E
7F
7F
3C
89
66
3C
1C
18
ENDCHAR
STARTCHAR E657
ENCODING 58967
SWIDTH 687 0
DWIDTH 11 0
BBX 10 14 0 -1
BITMAP
2000
2000
7400
6E80
7D80
5BC0
77C0
AFC0
5FC0
3FC0
7FC0
7F80
1E00
0400
ENDCHAR
STARTCHAR E658
ENCODING 58968
SWIDTH 687 0
DWIDTH 11 0
BBX 14 13 0 -1
BITMAP
17C0
6030
F838
7C18
FC1C
F81C
F01C
FF1C
FE38
7C78
7FF8
3FF0
0FE0
ENDCHAR
STARTCHAR E659
ENCODING 58969
SWIDTH 687 0
DWIDTH 11 0
BBX 13 11 0 0
BITMAP
0800
0800
0C00
1C60
1E60
26A0
2730
3FD0
4318
4380
E7C0
ENDCHAR
STARTCHAR E65A
ENCODING 58970
SWIDTH 687 0
DWIDTH 11 0
BBX 14 13 0 -1
BITMAP
0300
0780
0FC0
1DE0
3AF0
7678
EE3C
7638
3A70
1CE0
0FC0
0780
0300
ENDCHAR
STARTCHAR E65B
ENCODING 58971
SWIDTH 687 0
DWIDTH 11 0
BBX 14 13 0 0
BITMAP
0FC0
3FF0
7FF8
6018
E01C
E01C
E01C
E01C
E01C
5878
6878
3070
1860
ENDCHAR
STARTCHAR E65C
ENCODING 58972
SWIDTH 687 0
DWIDTH 11 0
BBX 13 14 0 -2
BITMAP
2020
2020
6060
7070
7070
7FF0
FFF0
FFF8
7FF0
3FE0
1FC0
0F80
0700
0200
ENDCHAR
STARTCHAR E65D
ENCODING 58973
SWIDTH 687 0
DWIDTH 11 0
BBX 14 14 0 -2
BITMAP
0300
0780
0BC0
1CE0
3CF0
7F78
FF9C
FF9C
7FF8
3CF0
1CE0
0FC0
0780
0300
ENDCHAR
STARTCHAR E65E
ENCODING 58974
SWIDTH 687 0
DWIDTH 11 0
BBX 13 5 1 3
BITMAP
0E70
5AD8
D788
1B98
1EF0
ENDCHAR
STARTCHAR E65F
ENCODING 58975
SWIDTH 687 0
DWIDTH 11 0
BBX 14 13 0 -1
BITMAP
0CE0
0FC0
5FE8
FFFC
7FFC
6798
7FE8
7FF8
7FF8
7CE8
6B18
3FF8
1FE0
ENDCHAR
STARTCHAR E660
ENCODING 58976
SWIDTH 687 0
DWIDTH 11 0
BBX 14 10 0 1
BITMAP
0038
000C
1F84
1FEC
3DB8
67F8
FFE0
FFE0
FFC0
CCC0
ENDCHAR
STARTCHAR E661
ENCODING 58977
SWIDTH 687 0
DWIDTH 11 0
BBX 14 8 0 2
BITMAP
3FE0
1FE0
1FC0
CF9C
E338
2210
2310
2730
ENDCHAR
STARTCHAR E662
ENCODING 58978
SWIDTH 687 0
DWIDTH 11 0
BBX 13 13 0 0
BITMAP
0700
0F00
55D0
E938
C8B0
5090
6050
6030
C030
FFF8
5050
0F80
0700
ENDCHAR
STARTCHAR E663
ENCODING 58979
SWIDTH 687 0
DWIDTH 11 0
BBX 9 13 1 -2
BITMAP
1000
3000
7000
F000
E780
D700
B680
7580
F380
F780
E700
C600
8400
ENDCHAR
STARTCHAR E664
ENCODING 58980
SWIDTH 687 0
DWIDTH 11 0
BBX 11 14 0 -1
BITMAP
E000
E0C0
61C0
7380
3F00
3F00
38C0
3820
3C60
3B80
7000
7000
7000
3000
ENDCHAR
STARTCHAR E665
ENCODING 58981
SWIDTH 687 0
DWIDTH 11 0
BBX 14 13 0 -1
BITMAP
47FC
E7FC
E7FC
07FC
0000
47FC
E7FC
E7FC
07FC
07FC
E7FC
E7FC
47FC
ENDCHAR
STARTCHAR E666
ENCODING 58982
SWIDTH 687 0
DWIDTH 11 0
BBX 14 14 0 -2
BITMAP
F87C
9FE4
8204
C70C
CF8C
5FC8
7FE8
5FF8
4FC8
C78C
C30C
8204
9FE4
F87C
ENDCHAR
STARTCHAR E667
ENCODING 58983
SWIDTH 687 0
DWIDTH 11 0
BBX 14 13 0 -1
BITMAP
1FE0
1FE0
3FF0
3870
7078
7038
E03C
7038
7078
3870
3FF0
1FE0
1FE0
ENDCHAR
STARTCHAR E668
ENCODING 58984
SWIDTH 687 0
DWIDTH 11 0
BBX 14 11 0 0
BITMAP
0010
0330
1FE0
39D0
6B98
CF0C
CE0C
7C38
1BE0
3300
6000
ENDCHAR
STARTCHAR E669
ENCODING 58985
SWIDTH 687 0
DWIDTH 11 0
BBX 14 13 0 -1
BITMAP
FFFC
FFFC
FFFC
F3FC
F5BC
F5BC
F5BC
EEBC
EEBC
FFFC
FFFC
FFFC
FFFC
ENDCHAR
STARTCHAR E66A
ENCODING 58986
SWIDTH 687 0
DWIDTH 11 0
BBX 14 13 0 -1
BITMAP
0FC0
3030
6218
4308
C004
8704
8304
8304
C304
4308
6798
3830
0FC0
ENDCHAR
STARTCHAR E66B
ENCODING 58987
SWIDTH 687 0
DWIDTH 11 0
BBX 14 13 0 -1
BITMAP
0FC0
3078
603C
4038
C78C
8F84
8FC4
8FC4
CF84
4308
6018
3870
0FC0
ENDCHAR
STARTCHAR E66C
ENCODING 58988
SWIDTH 687 0
DWIDTH 11 0
BBX 14 14 0 -2
BITMAP
0180
0080
00C8
0048
0068
1F38
3FFC
7FF8
7FC8
FFFC
FFF8
7FE0
7FC0
7BC0
ENDCHAR
STARTCHAR E66D
ENCODING 58989
SWIDTH 687 0
DWIDTH 11 0
BBX 9 14 1 -2
BITMAP
0380
0380
0380
0380
0380
0380
0380
0380
0380
0380
C780
FF00
FE00
3800
ENDCHAR
STARTCHAR E66E
ENCODING 58990
SWIDTH 687 0
DWIDTH 11 0
BBX 10 14 0 -1
BITMAP
3F00
2900
6100
8300
4300
2100
3F80
7F80
7B00
7FC0
7340
3280
1200
0E00
ENDCHAR
STARTCHAR E66F
ENCODING 58991
SWIDTH 687 0
DWIDTH 11 0
BBX 14 13 0 -1
BITMAP
0004
007C
FFF8
7FC0
12F0
3FF0
1040
5550
7DF0
5550
5550
7DF0
5550
ENDCHAR
STARTCHAR E670
ENCODING 58992
SWIDTH 687 0
DWIDTH 11 0
BBX 14 14 0 -2
BITMAP
1E00
1B80
2F30
7F30
7330
6330
EF38
E738
E778
F378
C778
FF78
3F7C
0100
ENDCHAR
STARTCHAR E671
ENCODING 58993
SWIDTH 687 0
DWIDTH 11 0
BBX 14 14 0 -2
BITMAP
2A00
2AC0
2AD0
2AE0
2AF0
2A80
2BF0
2FF8
2FF8
3800
FFFC
FFFC
2000
2000
ENDCHAR
STARTCHAR E672
ENCODING 58994
SWIDTH 687 0
DWIDTH 11 0
BBX 12 14 0 -2
BITMAP
0F00
1F80
39C0
30C0
30C0
30C0
FFF0
FFF0
FFF0
FFF0
FFF0
FFF0
FFF0
FFF0
ENDCHAR
STARTCHAR E673
ENCODING 58995
SWIDTH 687 0
DWIDTH 11 0
BBX 14 13 0 -1
BITMAP
6018
F03C
F87C
FCFC
FFFC
FFFC
EFDC
E79C
E01C
E01C
E01C
E01C
E01C
ENDCHAR
STARTCHAR E674
ENCODING 58996
SWIDTH 687 0
DWIDTH 11 0
BBX 5 13 3 -2
BITMAP
30
78
F8
F8
F8
F8
F8
E0
70
20
20
20
20
ENDCHAR
STARTCHAR E675
ENCODING 58997
SWIDTH 687 0
DWIDTH 11 0
BBX 14 9 0 1
BITMAP
3FF8
2004
64C4
4D24
C704
4504
65F4
2004
3FF8
ENDCHAR
STARTCHAR E676
ENCODING 58998
SWIDTH 687 0
DWIDTH 11 0
BBX 12 15 0 -2
BITMAP
FE00
8300
8280
8240
83C0
8040
8000
83C0
8420
8490
89D0
8890
8410
8620
F9C0
ENDCHAR
STARTCHAR E677
ENCODING 58999
SWIDTH 687 0
DWIDTH 11 0
BBX 14 10 0 0
BITMAP
0300
3FF0
FFFC
7038
4000
4308
7FF8
3FF0
1FE0
0300
ENDCHAR
STARTCHAR E678
ENCODING 59000
SWIDTH 687 0
DWIDTH 11 0
BBX 12 13 0 -1
BITMAP
FFC0
FFE0
C0E0
C0F0
FFF0
FFE0
FFF0
FFF0
FFE0
FFF0
FFF0
FFE0
FFC0
ENDCHAR
STARTCHAR E679
ENCODING 59001
SWIDTH 687 0
DWIDTH 11 0
BBX 14 13 0 -1
BITMAP
0380
0480
0840
0840
3CF0
3CF0
3870
7878
7878
7078
F038
F03C
7038
ENDCHAR
STARTCHAR E67A
ENCODING 59002
SWIDTH 687 0
DWIDTH 11 0
BBX 14 12 0 0
BITMAP
FFFC
FFFC
FFFC
F7FC
83CC
019C
003C
007C
FDFC
EDFC
FEFC
008C
ENDCHAR
STARTCHAR E67B
ENCODING 59003
SWIDTH 687 0
DWIDTH 11 0
BBX 14 14 0 -2
BITMAP
7FFC
FFFC
C10C
FFFC
C10C
FFFC
C10C
FFFC
E70C
C3FC
C3FC
E7FC
FFFC
3FF8
ENDCHAR
STARTCHAR E67C
ENCODING 59004
SWIDTH 687 0
DWIDTH 11 0
BBX 14 12 0 -1
BITMAP
6018
4008
D1CC
9BE4
8064
83E4
8264
9A64
9BE4
C00C
4008
6018
ENDCHAR
STARTCHAR E67D
ENCODING 59005
SWIDTH 687 0
DWIDTH 11 0
BBX 14 13 0 -1
BITMAP
0700
0700
0700
0700
0200
0700
0700
0CF8
0F7C
183C
7800
B000
E000
ENDCHAR
STARTCHAR E67E
ENCODING 59006
SWIDTH 687 0
DWIDTH 11 0
BBX 13 14 0 -2
BITMAP
21C0
F3E0
77E0
6FF0
7FF0
7FF8
3FE8
0DE0
0B90
0A90
0990
0920
09A0
1000
ENDCHAR
STARTCHAR E67F
ENCODING 59007
SWIDTH 687 0
DWIDTH 11 0
BBX 14 13 0 -1
BITMAP
FFFC
FFFC
FFFC
C1FC
CCFC
CCBC
C13C
C71C
CF8C
CFCC
FF1C
FFFC
FFFC
ENDCHAR
STARTCHAR E680
ENCODING 59008
SWIDTH 687 0
DWIDTH 11 0
BBX 14 13 0 -1
BITMAP
7078
9FC8
9FC8
7078
0080
0100
0200
0400
0800
F07C
9044
9FC4
F07C
ENDCHAR
STARTCHAR E681
ENCODING 59009
SWIDTH 687 0
DWIDTH 11 0
BBX 14 13 0 -1
BITMAP
FFC0
FFC0
FFC0
FFC0
0000
0FFC
0FFC
0FFC
0000
003C
003C
003C
003C
ENDCHAR
STARTCHAR E682
ENCODING 59010
SWIDTH 687 0
DWIDTH 11 0
BBX 12 14 0 -1
BITMAP
30C0
30C0
1080
1F80
7FE0
CF90
8710
8610
B6D0
C630
7660
3FC0
1F80
0F00
ENDCHAR
STARTCHAR E683
ENCODING 59011
SWIDTH 687 0
DWIDTH 11 0
BBX 14 13 0 0
BITMAP
C000
E000
F800
7E00
1F00
0F80
0780
1F80
7E00
F800
F000
C3FC
03FC
ENDCHAR
STARTCHAR E684
ENCODING 59012
SWIDTH 687 0
DWIDTH 11 0
BBX 12 14 0 -2
BITMAP
0600
0D00
0D00
1C80
1C80
3840
7840
7820
F820
F810
7010
30E0
3F00
1000
ENDCHAR
STARTCHAR E685
ENCODING 59013
SWIDTH 687 0
DWIDTH 11 0
BBX 13 14 0 -1
BITMAP
4010
6030
BFF0
C738
92D8
B8C8
98C8
C218
BDF0
4710
32A0
10C0
0A80
0700
ENDCHAR
STARTCHAR E686
ENCODING 59014
SWIDTH 687 0
DWIDTH 11 0
BBX 14 8 0 1
BITMAP
2FD0
7FF8
D7AC
54A8
53E8
17A0
1780
0780
ENDCHAR
STARTCHAR E687
ENCODING 59015
SWIDTH 687 0
DWIDTH 11 0
BBX 14 13 0 -1
BITMAP
FFFC
FFFC
FFFC
FFFC
FFFC
FFFC
FFFC
E084
E6BC
E084
E1BC
E484
FFFC
ENDCHAR
STARTCHAR E688
ENCODING 59016
SWIDTH 687 0
DWIDTH 11 0
BBX 14 14 0 -2
BITMAP
F878
F8FC
F8FC
F8FC
F8FC
F878
F800
F800
F800
F800
F800
F800
F800
7800
ENDCHAR
STARTCHAR E689
ENCODING 59017
SWIDTH 687 0
DWIDTH 11 0
BBX 10 14 0 -2
BITMAP
FF80
FB80
FBC0
F3C0
E1C0
E1C0
C3C0
C780
8700
8F80
1F80
1FC0
3FC0
7FC0
ENDCHAR
STARTCHAR E68A
ENCODING 59018
SWIDTH 687 0
DWIDTH 11 0
BBX 14 11 0 0
BITMAP
0FC0
3FF0
7818
F3F4
E3FC
E33C
E3FC
7BE8
1FF0
0338
0318
ENDCHAR
STARTCHAR E68B
ENCODING 59019
SWIDTH 687 0
DWIDTH 11 0
BBX 14 14 0 -1
BITMAP
0FC0
1FE0
3030
3FD8
7FD8
ECDC
CFCC
4CDC
7EF8
3E78
3878
1FF0
0FC0
0100
ENDCHAR
STARTCHAR E68C
ENCODING 59020
SWIDTH 687 0
DWIDTH 11 0
BBX 14 10 0 1
BITMAP
3F80
7FF8
7FFC
7FFC
FFFC
FFFC
FFF8
7FC0
1E00
0C00
ENDCHAR
STARTCHAR E68D
ENCODING 59021
SWIDTH 687 0
DWIDTH 11 0
BBX 14 13 0 -2
BITMAP
0FC0
1FF0
3FF8
7E00
FE00
FFFC
F800
FFFC
F000
7000
7FF8
3FF0
0FE0
ENDCHAR
STARTCHAR E68E
ENCODING 59022
SWIDTH 687 0
DWIDTH 11 0
BBX 9 13 1 -2
BITMAP
0180
FF80
FF80
FF00
C080
1F80
FF80
FF00
F880
0780
FF80
FF80
FE00
ENDCHAR
STARTCHAR E68F
ENCODING 59023
SWIDTH 687 0
DWIDTH 11 0
BBX 14 13 0 -1
BITMAP
1F00
3F80
60C0
C060
C060
C060
C060
E0E0
71C0
3FE0
1F78
003C
0018
ENDCHAR
STARTCHAR E690
ENCODING 59024
SWIDTH 687 0
DWIDTH 11 0
BBX 14 13 0 -1
BITMAP
3800
FBFC
FBFC
3800
0000
0070
FF7C
FF7C
0070
0600
F7FC
F7FC
0700
ENDCHAR
STARTCHAR E691
ENCODING 59025
SWIDTH 687 0
DWIDTH 11 0
BBX 8 14 1 -2
BITMAP
18
18
3E
66
63
60
78
1E
07
C3
67
7E
18
18
ENDCHAR
STARTCHAR E692
ENCODING 59026
SWIDTH 687 0
DWIDTH 11 0
BBX 14 14 0 -1
BITMAP
7FF8
FFFC
F07C
E09C
C11C
E11C
F03C
FFFC
FFFC
FFFC
FFFC
FFFC
FFFC
7FF8
ENDCHAR
STARTCHAR E693
ENCODING 59027
SWIDTH 687 0
DWIDTH 11 0
BBX 8 15 1 -2
BITMAP
18
7E
FF
FF
FF
7F
7E
3E
3C
3C
00
3C
00
00
3C
ENDCHAR
STARTCHAR E694
ENCODING 59028
SWIDTH 687 0
DWIDTH 11 0
BBX 14 14 0 -1
BITMAP
0780
1FE0
3FF8
7FE4
7FC4
F804
E004
E024
C024
40C4
6308
3C18
1FF0
0FC0
ENDCHAR
STARTCHAR E695
ENCODING 59029
SWIDTH 687 0
DWIDTH 11 0
BBX 14 14 0 -1
BITMAP
2010
6858
FFFC
7878
F03C
7878
3870
3870
1860
0CC0
0CC0
0480
0500
0100
ENDCHAR
STARTCHAR E696
ENCODING 59030
SWIDTH 687 0
DWIDTH 11 0
BBX 14 14 0 -1
BITMAP
0FE0
3FF0
7FF8
7878
FB7C
FBFC
F87C
FF3C
FB3C
7878
7FF8
3FF0
1FE0
0300
ENDCHAR
STARTCHAR E697
ENCODING 59031
SWIDTH 687 0
DWIDTH 11 0
BBX 12 14 0 -1
BITMAP
07C0
1C60
3830
6330
C7F0
CC60
C020
6330
FE20
DC60
C1C0
6380
7E00
1800
ENDCHAR
STARTCHAR E698
ENCODING 59032
SWIDTH 687 0
DWIDTH 11 0
BBX 14 15 0 -2
BITMAP
1800
7E00
FE00
FF00
F000
F000
77FC
37FC
07FC
07FC
07FC
07FC
07FC
07FC
07FC
ENDCHAR
STARTCHAR E699
ENCODING 59033
SWIDTH 687 0
DWIDTH 11 0
BBX 13 12 1 0
BITMAP
0080
A040
5060
2860
1E70
0F70
07F0
03F0
83F0
7FF8
3FF8
0700
ENDCHAR
STARTCHAR E69A
ENCODING 59034
SWIDTH 687 0
DWIDTH 11 0
BBX 13 14 0 -2
BITMAP
C000
F000
F808
FE38
7FF8
1FF8
0FF8
0BE0
0E80
0F80
0F80
0780
0380
0080
ENDCHAR
STARTCHAR E69B
ENCODING 59035
SWIDTH 687 0
DWIDTH 11 0
BBX 14 8 0 1
BITMAP
F8CC
A078
2F30
2538
2648
76C4
0400
0F00
ENDCHAR
STARTCHAR E69C
ENCODING 59036
SWIDTH 687 0
DWIDTH 11 0
BBX 14 13 0 -1
BITMAP
7FF8
FFFC
C00C
C00C
C0CC
C98C
CF0C
C70C
C60C
C00C
C00C
FFFC
7FF8
ENDCHAR
STARTCHAR E69D
ENCODING 59037
SWIDTH 687 0
DWIDTH 11 0
BBX 14 13 0 -1
BITMAP
FFFC
FFFC
FFFC
FFFC
FFFC
FFFC
E084
FBBC
FB9C
FB84
FBE4
FBE4
FFFC
ENDCHAR
STARTCHAR E69E
ENCODING 59038
SWIDTH 687 0
DWIDTH 11 0
BBX 12 14 0 -1
BITMAP
06F0
36E0
34E0
9080
C700
1FC0
3FC0
7F80
7E00
7C00
39C0
39C0
1F80
0600
ENDCHAR
STARTCHAR E69F
ENCODING 59039
SWIDTH 687 0
DWIDTH 11 0
BBX 14 14 0 -1
BITMAP
0700
1FE0
3FF0
77F8
73F8
F0FC
F03C
F01C
F07C
F0FC
73F8
77F8
3FF0
0FC0
ENDCHAR
STARTCHAR E6A0
ENCODING 59040
SWIDTH 687 0
DWIDTH 11 0
BBX 13 11 0 -1
BITMAP
ECD8
77B8
3FF0
3B70
1FE0
1CE0
0FC0
0780
0780
0300
0300
ENDCHAR
STARTCHAR E6A1
ENCODING 59041
SWIDTH 687 0
DWIDTH 11 0
BBX 14 15 0 -2
BITMAP
F87C
FCFC
FFFC
FFFC
FFFC
FFFC
FFFC
FFFC
F54C
F54C
F86C
FA8C
FAB4
FFFC
FFFC
ENDCHAR
STARTCHAR E6A2
ENCODING 59042
SWIDTH 687 0
DWIDTH 11 0
BBX 14 8 0 1
BITMAP
9930
D978
5D78
5F48
7748
6678
66CC
26CC
ENDCHAR
STARTCHAR E6A3
ENCODING 59043
SWIDTH 687 0
DWIDTH 11 0
BBX 13 14 0 -2
BITMAP
0F00
1FC0
78F0
6F68
DFB8
D778
D9F8
DFF8
DFF8
AF68
79F0
3FC0
0F00
0200
ENDCHAR
STARTCHAR E6A4
ENCODING 59044
SWIDTH 687 0
DWIDTH 11 0
BBX 14 13 0 0
BITMAP
0600
0E00
0E00
0DF8
19FC
FD00
F0E0
7470
3D20
09F0
0FB0
0F30
1C10
ENDCHAR
STARTCHAR E6A5
ENCODING 59045
SWIDTH 687 0
DWIDTH 11 0
BBX 14 13 0 -1
BITMAP
1F00
FFFC
FF04
FFF4
ABF4
EBF4
E304
D3F4
D7F4
FF04
FFF4
FFFC
1F00
ENDCHAR
STARTCHAR E6A6
ENCODING 59046
SWIDTH 687 0
DWIDTH 11 0
BBX 14 13 0 -1
BITMAP
0F00
FFFC
FF04
FFF4
D7F4
C704
EFF4
C704
D7F4
9BF4
FF04
FFFC
1F00
ENDCHAR
STARTCHAR E6A7
ENCODING 59047
SWIDTH 687 0
DWIDTH 11 0
BBX 13 14 0 -2
BITMAP
0200
0F00
3F80
3F80
1F00
3F00
7E00
7F00
7F80
FF80
FFB8
FFE0
7F80
1E00
ENDCHAR
STARTCHAR E6A8
ENCODING 59048
SWIDTH 687 0
DWIDTH 11 0
BBX 5 15 3 -2
BITMAP
30
38
30
70
70
70
70
70
60
60
00
00
E0
E0
40
ENDCHAR
STARTCHAR E6A9
ENCODING 59049
SWIDTH 687 0
DWIDTH 11 0
BBX 14 13 0 -1
BITMAP
0008
0038
F7FC
EFEC
C1CC
C38C
C30C
C70C
CE0C
DFDC
FFBC
3000
4000
ENDCHAR
STARTCHAR E6AA
ENCODING 59050
SWIDTH 687 0
DWIDTH 11 0
BBX 12 15 0 -2
BITMAP
FBF0
FBF0
FBF0
FBF0
FBF0
FBF0
FBF0
FBF0
FFF0
FFF0
F5F0
F1F0
F0F0
FFF0
FFF0
ENDCHAR
STARTCHAR E6AB
ENCODING 59051
SWIDTH 687 0
DWIDTH 11 0
BBX 14 13 0 -1
BITMAP
1FE0
3FE0
3FF0
7FF0
4DA8
EB8C
CCEC
CEE8
B5E8
7FF0
3FF0
3FE0
1FE0
ENDCHAR
STARTCHAR E6AC
ENCODING 59052
SWIDTH 687 0
DWIDTH 11 0
BBX 14 13 0 -1
BITMAP
F87C
7878
7878
7CF8
3CF0
3CF0
3FF0
1EE0
1EE0
1F60
0F40
0FC0
0780
ENDCHAR
STARTCHAR E6AD
ENCODING 59053
SWIDTH 687 0
DWIDTH 11 0
BBX 14 12 0 -1
BITMAP
FE00
8200
FFFC
FFFC
FFFC
FFFC
FFFC
FFFC
FFFC
FFFC
FFFC
FFFC
ENDCHAR
STARTCHAR E6AE
ENCODING 59054
SWIDTH 687 0
DWIDTH 11 0
BBX 12 13 0 -2
BITMAP
3040
7860
B870
FC70
DC70
AE70
AF70
A770
A3B0
A3F0
A1D0
60E0
20C0
ENDCHAR
STARTCHAR E6AF
ENCODING 59055
SWIDTH 687 0
DWIDTH 11 0
BBX 11 15 0 -2
BITMAP
0800
3800
1B40
1BC0
1FC0
1F80
6080
8040
B140
BAA0
B3A0
8140
4040
2080
1F00
ENDCHAR
STARTCHAR E6B0
ENCODING 59056
SWIDTH 687 0
DWIDTH 11 0
BBX 14 15 0 -2
BITMAP
0300
1CE0
3C10
7E08
FFC8
B344
D764
E664
CCF4
EC94
ED98
7408
3C10
1F20
07C0
ENDCHAR
STARTCHAR E6B1
ENCODING 59057
SWIDTH 687 0
DWIDTH 11 0
BBX 9 13 1 -1
BITMAP
6000
9000
9000
1000
0800
1800
1800
3800
3400
2400
6400
6280
C380
ENDCHAR
STARTCHAR E6B2
ENCODING 59058
SWIDTH 687 0
DWIDTH 11 0
BBX 14 15 0 -2
BITMAP
E01C
E01C
C00C
DFCC
DFCC
C30C
C30C
C30C
C30C
C30C
C30C
C30C
C30C
E01C
E01C
ENDCHAR
STARTCHAR E6B3
ENCODING 59059
SWIDTH 687 0
DWIDTH 11 0
BBX 11 14 0 -2
BITMAP
1F00
3180
2180
2480
64C0
64C0
4E40
4E40
FFE0
F1E0
F9E0
3B80
1F00
0400
ENDCHAR
STARTCHAR E6B4
ENCODING 59060
SWIDTH 687 0
DWIDTH 11 0
BBX 12 15 0 -2
BITMAP
FF80
0000
CFC0
FBA0
0000
C070
F0F0
BFE0
EEE0
0000
BF00
F000
0000
C000
F000
ENDCHAR
STARTCHAR E6B5
ENCODING 59061
SWIDTH 687 0
DWIDTH 11 0
BBX 12 13 0 -1
BITMAP
00C0
00C0
80E0
86F0
66F0
BFB0
67F0
1DF0
1F70
0020
01E0
03E0
0180
ENDCHAR
STARTCHAR E6B6
ENCODING 59062
SWIDTH 687 0
DWIDTH 11 0
BBX 14 11 0 0
BITMAP
3FF0
2010
0180
00C0
FC70
001C
0038
FCE0
0180
2010
3FF0
ENDCHAR
STARTCHAR E6B7
ENCODING 59063
SWIDTH 687 0
DWIDTH 11 0
BBX 13 13 0 -2
BITMAP
4610
3520
1FC0
FFF8
0400
0500
0500
0500
0700
0D80
1DC0
3560
2530
ENDCHAR
STARTCHAR E6B8
ENCODING 59064
SWIDTH 687 0
DWIDTH 11 0
BBX 14 14 0 -2
BITMAP
FFF8
FFFC
FFFC
FFFC
FFFC
FFFC
CCCC
A554
BDDC
BE44
BF74
A884
8CCC
7FF8
ENDCHAR
STARTCHAR E700
ENCODING 59136
SWIDTH 687 0
DWIDTH 11 0
BBX 12 11 1 0
BITMAP
3C60
C7A0
D170
80D0
44F0
84B0
DCD0
ACE0
E5A0
01C0
0700
ENDCHAR
STARTCHAR E701
ENCODING 59137
SWIDTH 687 0
DWIDTH 11 0
BBX 13 13 0 -1
BITMAP
1FC0
7FF0
F8F0
F8F8
F278
F278
E738
E738
C818
E038
F770
7FF0
3FC0
ENDCHAR
STARTCHAR E702
ENCODING 59138
SWIDTH 687 0
DWIDTH 11 0
BBX 13 13 0 -1
BITMAP
0200
0700
0780
19C0
39E0
7CF0
FD38
FD30
7DE0
39C0
0F80
0700
0200
ENDCHAR
STARTCHAR E703
ENCODING 59139
SWIDTH 687 0
DWIDTH 11 0
BBX 10 9 0 1
BITMAP
FFC0
7FC0
7FC0
71C0
7180
7380
7F80
3F80
3F80
ENDCHAR
STARTCHAR E704
ENCODING 59140
SWIDTH 687 0
DWIDTH 11 0
BBX 13 13 0 -1
BITMAP
C000
B800
8400
4200
4100
2100
4080
5080
5040
2830
0030
0010
0008
ENDCHAR
STARTCHAR E705
ENCODING 59141
SWIDTH 687 0
DWIDTH 11 0
BBX 13 13 0 -1
BITMAP
FFF8
FFF8
FFF8
F7F8
FF78
EAB8
E218
EAF8
DD38
FFF8
FFF8
FFF8
FFF8
ENDCHAR
STARTCHAR E706
ENCODING 59142
SWIDTH 687 0
DWIDTH 11 0
BBX 10 11 0 0
BITMAP
3F80
C0C0
F1C0
FFC0
3F80
E0C0
FFC0
3F80
E0C0
FFC0
7F80
ENDCHAR
STARTCHAR E707
ENCODING 59143
SWIDTH 687 0
DWIDTH 11 0
BBX 12 9 0 0
BITMAP
71C0
FFF0
30C0
2080
79E0
FFE0
36C0
1F80
0F00
ENDCHAR
STARTCHAR E708
ENCODING 59144
SWIDTH 687 0
DWIDTH 11 0
BBX 12 9 0 0
BITMAP
0080
03C0
07C0
0FE0
1FE0
3DF0
FFF0
EFF0
C070
ENDCHAR
STARTCHAR E709
ENCODING 59145
SWIDTH 687 0
DWIDTH 11 0
BBX 12 11 0 -1
BITMAP
0F80
3FC0
7FE0
6070
C030
C030
C030
E070
59F0
78E0
38C0
ENDCHAR
STARTCHAR E70A
ENCODING 59146
SWIDTH 687 0
DWIDTH 11 0
BBX 13 13 0 -1
BITMAP
0FF8
3808
6008
4F08
D888
9048
9048
9008
D888
4FE8
6038
3898
0F88
ENDCHAR
STARTCHAR E70B
ENCODING 59147
SWIDTH 687 0
DWIDTH 11 0
BBX 13 13 0 -1
BITMAP
0F00
36C0
5FE0
BF90
9990
DDE8
CCF8
EEE8
EAB0
A670
5760
2740
1F80
ENDCHAR
STARTCHAR E70C
ENCODING 59148
SWIDTH 687 0
DWIDTH 11 0
BBX 13 13 0 -1
BITMAP
0040
00F0
01F8
C3F8
F7B8
FF38
DE38
FF38
F7B8
E3F8
01F8
00F8
0060
ENDCHAR
STARTCHAR E70D
ENCODING 59149
SWIDTH 687 0
DWIDTH 11 0
BBX 8 15 1 -2
BITMAP
0E
0B
09
12
12
22
2C
3C
38
78
B8
F0
F0
F0
60
ENDCHAR
STARTCHAR E70E
ENCODING 59150
SWIDTH 687 0
DWIDTH 11 0
BBX 10 11 0 0
BITMAP
1C00
3F00
3F00
BF40
FF40
FF40
FF40
BF40
3F00
1200
1200
ENDCHAR
STARTCHAR E70F
ENCODING 59151
SWIDTH 687 0
DWIDTH 11 0
BBX 12 13 0 -1
BITMAP
0010
0BF0
FBF0
FBF0
FBF0
FBF0
0000
FBF0
FBF0
FBF0
FBF0
1BF0
0030
ENDCHAR
STARTCHAR E710
ENCODING 59152
SWIDTH 687 0
DWIDTH 11 0
BBX 10 13 0 -1
BITMAP
0100
0100
0480
06C0
0340
1C80
0700
1900
8F40
8040
BF40
8040
FFC0
ENDCHAR
STARTCHAR E711
ENCODING 59153
SWIDTH 687 0
DWIDTH 11 0
BBX 10 12 0 -1
BITMAP
0200
0600
0000
7FC0
FF80
FF80
FF00
FF80
FFC0
7FC0
7F80
3F00
ENDCHAR
STARTCHAR E712
ENCODING 59154
SWIDTH 687 0
DWIDTH 11 0
BBX 10 13 0 -1
BITMAP
0800
1E00
1A00
1E00
1A00
2100
2180
4180
4180
6180
F1C0
FF80
2100
ENDCHAR
STARTCHAR E713
ENCODING 59155
SWIDTH 687 0
DWIDTH 11 0
BBX 12 5 0 3
BITMAP
3040
78E0
FDF0
7EE0
3F40
ENDCHAR
STARTCHAR E714
ENCODING 59156
SWIDTH 687 0
DWIDTH 11 0
BBX 12 13 0 -1
BITMAP
0400
1F00
60C0
4020
8020
8010
8010
8010
A030
5020
4C40
2380
1F00
ENDCHAR
STARTCHAR E715
ENCODING 59157
SWIDTH 687 0
DWIDTH 11 0
BBX 13 13 0 -1
BITMAP
0D80
05E0
1870
0030
6018
A018
4018
6018
0018
7030
3870
1FE0
0F80
ENDCHAR
STARTCHAR E716
ENCODING 59158
SWIDTH 687 0
DWIDTH 11 0
BBX 13 13 0 -1
BITMAP
0200
0F80
1AC0
6230
C218
EDB8
B8E8
EDB8
C618
6230
1AC0
0F80
0200
ENDCHAR
STARTCHAR E717
ENCODING 59159
SWIDTH 687 0
DWIDTH 11 0
BBX 13 13 0 -1
BITMAP
0F00
1FC0
1040
3040
3060
3040
19C0
0980
0000
6100
8D20
BFF8
F9D8
ENDCHAR
STARTCHAR E718
ENCODING 59160
SWIDTH 687 0
DWIDTH 11 0
BBX 11 12 0 0
BITMAP
1F00
7FC0
7FE0
FFE0
BFE0
FFE0
FFE0
FFE0
FFE0
7FC0
1F00
0400
ENDCHAR
STARTCHAR E719
ENCODING 59161
SWIDTH 687 0
DWIDTH 11 0
BBX 12 9 0 1
BITMAP
0080
0080
CDB0
BDB0
BDB0
0600
0B00
0B00
0200
ENDCHAR
STARTCHAR E71A
ENCODING 59162
SWIDTH 687 0
DWIDTH 11 0
BBX 10 12 0 0
BITMAP
0E00
FF00
7F00
FFC0
FBC0
FF40
F740
FF40
EB40
FF40
1140
2140
ENDCHAR
STARTCHAR E71B
ENCODING 59163
SWIDTH 687 0
DWIDTH 11 0
BBX 13 13 0 -1
BITMAP
FFF8
FFF8
FDF8
F878
F278
F2F8
C0F8
C398
F038
F8F8
FFF8
FFF8
FFF8
ENDCHAR
STARTCHAR E71C
ENCODING 59164
SWIDTH 687 0
DWIDTH 11 0
BBX 12 13 0 -1
BITMAP
0600
3FC0
FBF0
F9F0
F9F0
F6F0
F6E0
6060
6F60
7FE0
3FC0
1F00
0600
ENDCHAR
STARTCHAR E71D
ENCODING 59165
SWIDTH 687 0
DWIDTH 11 0
BBX 10 13 0 -1
BITMAP
06C0
06C0
0600
3EC0
7EC0
E6C0
C6C0
C6C0
FEC0
3EC0
00C0
0180
0100
ENDCHAR
STARTCHAR E71E
ENCODING 59166
SWIDTH 687 0
DWIDTH 11 0
BBX 13 5 0 3
BITMAP
FFF8
9108
B568
B168
5E90
ENDCHAR
STARTCHAR E71F
ENCODING 59167
SWIDTH 687 0
DWIDTH 11 0
BBX 12 4 0 4
BITMAP
F010
8EF0
8EA0
7000
ENDCHAR
STARTCHAR E720
ENCODING 59168
SWIDTH 687 0
DWIDTH 11 0
BBX 12 13 0 -1
BITMAP
0600
3F80
FFF0
FFF0
E1F0
F060
EFE0
78E0
7760
7DE0
3FC0
1F00
0600
ENDCHAR
STARTCHAR E721
ENCODING 59169
SWIDTH 687 0
DWIDTH 11 0
BBX 11 13 0 -1
BITMAP
0600
1F80
79C0
F0E0
F9E0
FFE0
CF60
C660
8620
76C0
7FC0
1F00
0600
ENDCHAR
STARTCHAR E722
ENCODING 59170
SWIDTH 687 0
DWIDTH 11 0
BBX 10 13 0 -1
BITMAP
FFC0
8440
5E80
3F00
5280
6D80
C4C0
C4C0
FBC0
9280
5E80
3100
0E00
ENDCHAR
STARTCHAR E723
ENCODING 59171
SWIDTH 687 0
DWIDTH 11 0
BBX 12 12 0 -1
BITMAP
1FC0
3FE0
7DF0
F9F0
FAF0
FAF0
F5F0
F670
6F70
7FE0
3FC0
0F80
ENDCHAR
STARTCHAR E724
ENCODING 59172
SWIDTH 687 0
DWIDTH 11 0
BBX 9 13 1 -1
BITMAP
3C00
DB80
DB00
AD00
9900
8100
8180
8100
8100
8100
8100
4200
BD00
ENDCHAR
STARTCHAR E725
ENCODING 59173
SWIDTH 687 0
DWIDTH 11 0
BBX 9 13 1 -1
BITMAP
E000
9000
9300
6480
6680
6300
6300
6F00
7E00
7000
9000
9000
E000
ENDCHAR
STARTCHAR E726
ENCODING 59174
SWIDTH 687 0
DWIDTH 11 0
BBX 10 12 0 0
BITMAP
6400
9F80
6480
6080
6080
6080
6080
6080
6080
9140
9140
6080
ENDCHAR
STARTCHAR E727
ENCODING 59175
SWIDTH 687 0
DWIDTH 11 0
BBX 11 13 0 -1
BITMAP
6000
9000
9000
6000
7000
7800
7EE0
6F20
60E0
6000
9000
9000
6000
ENDCHAR
STARTCHAR E728
ENCODING 59176
SWIDTH 687 0
DWIDTH 11 0
BBX 11 11 0 0
BITMAP
4200
A780
A7C0
4240
4040
4040
4040
4040
48E0
7CA0
08E0
ENDCHAR
STARTCHAR E729
ENCODING 59177
SWIDTH 687 0
DWIDTH 11 0
BBX 11 7 0 2
BITMAP
0400
1F00
1100
F1E0
1100
1F00
0400
ENDCHAR
STARTCHAR E72A
ENCODING 59178
SWIDTH 687 0
DWIDTH 11 0
BBX 13 13 0 -1
BITMAP
0200
0700
0D80
1880
3020
6730
C718
6730
3020
1880
0D80
0700
0200
ENDCHAR
STARTCHAR E72B
ENCODING 59179
SWIDTH 687 0
DWIDTH 11 0
BBX 8 15 1 -3
BITMAP
03
07
07
0E
1E
1E
3C
3C
38
30
70
60
80
80
80
ENDCHAR
STARTCHAR E72C
ENCODING 59180
SWIDTH 687 0
DWIDTH 11 0
BBX 13 13 0 -1
BITMAP
F008
7E18
3F38
1FF0
1FF0
1FF0
7FF0
77E0
FAC0
EF80
C7C0
83E0
00F0
ENDCHAR
STARTCHAR E72D
ENCODING 59181
SWIDTH 687 0
DWIDTH 11 0
BBX 11 11 0 0
BITMAP
0080
4080
C7C0
C7C0
C3C0
E0C0
7860
7E60
7E60
4040
6000
ENDCHAR
STARTCHAR E72E
ENCODING 59182
SWIDTH 687 0
DWIDTH 11 0
BBX 8 13 1 -1
BITMAP
60
50
66
29
69
F6
90
F6
69
29
66
90
60
ENDCHAR
STARTCHAR E72F
ENCODING 59183
SWIDTH 687 0
DWIDTH 11 0
BBX 12 13 0 -1
BITMAP
0400
0E00
0F30
0BF0
1920
F060
E0C0
7840
1960
1BE0
1460
1C00
1800
ENDCHAR
STARTCHAR E730
ENCODING 59184
SWIDTH 687 0
DWIDTH 11 0
BBX 13 13 0 -1
BITMAP
1C00
0C00
0170
7B70
FF78
FF78
DF58
8F58
FF78
0000
7F70
3F60
1F40
ENDCHAR
STARTCHAR E731
ENCODING 59185
SWIDTH 687 0
DWIDTH 11 0
BBX 12 8 0 2
BITMAP
7FE0
43E0
81F0
91F0
81F0
81F0
67E0
1980
ENDCHAR
STARTCHAR E732
ENCODING 59186
SWIDTH 687 0
DWIDTH 11 0
BBX 11 11 0 0
BITMAP
0400
0600
0600
0F00
0F00
1F80
1F80
39C0
3980
79E0
C020
ENDCHAR
STARTCHAR E733
ENCODING 59187
SWIDTH 687 0
DWIDTH 11 0
BBX 12 6 0 3
BITMAP
79E0
8F30
B6D0
8610
8F30
71E0
ENDCHAR
STARTCHAR E734
ENCODING 59188
SWIDTH 687 0
DWIDTH 11 0
BBX 10 13 0 -1
BITMAP
0C00
3300
4C80
FE80
DF40
F740
AD80
BE80
5300
3E00
1E00
1E00
1E00
ENDCHAR
STARTCHAR E735
ENCODING 59189
SWIDTH 687 0
DWIDTH 11 0
BBX 8 11 1 -1
BITMAP
3C
3C
7E
66
66
67
E7
80
24
3C
08
ENDCHAR
STARTCHAR E736
ENCODING 59190
SWIDTH 687 0
DWIDTH 11 0
BBX 11 12 0 -1
BITMAP
FFE0
FFE0
C060
CFE0
C060
4040
7E40
6EC0
60C0
7BC0
7FC0
0E00
ENDCHAR
STARTCHAR E737
ENCODING 59191
SWIDTH 687 0
DWIDTH 11 0
BBX 8 12 1 0
BITMAP
07
FF
FF
F8
07
FF
FF
F8
0F
FF
FF
F8
ENDCHAR
STARTCHAR E738
ENCODING 59192
SWIDTH 687 0
DWIDTH 11 0
BBX 9 12 1 0
BITMAP
0400
0800
1400
2800
2800
0400
4280
3C80
3C00
3C00
8100
7F00
ENDCHAR
STARTCHAR E739
ENCODING 59193
SWIDTH 687 0
DWIDTH 11 0
BBX 12 12 0 -1
BITMAP
02F0
0FE0
1DF0
3AF0
77F0
5BB0
BF70
EEB0
7FF0
F7D0
0FF0
3800
ENDCHAR
STARTCHAR E73A
ENCODING 59194
SWIDTH 687 0
DWIDTH 11 0
BBX 8 13 1 -1
BITMAP
FF
FF
FF
FF
FF
FF
D3
FD
BD
FD
D3
FF
FF
ENDCHAR
STARTCHAR E73B
ENCODING 59195
SWIDTH 687 0
DWIDTH 11 0
BBX 12 13 0 -1
BITMAP
0080
01F0
03F0
17C0
0F80
1E00
7F00
1E00
3F00
3E00
FE00
3F80
3F00
ENDCHAR
STARTCHAR E73C
ENCODING 59196
SWIDTH 687 0
DWIDTH 11 0
BBX 12 13 0 -1
BITMAP
0F00
1780
1F80
3FE0
FFF0
FFF0
FF70
FFF0
FFF0
7FE0
1F80
1E80
0F00
ENDCHAR
STARTCHAR E73D
ENCODING 59197
SWIDTH 687 0
DWIDTH 11 0
BBX 13 7 0 2
BITMAP
1FC0
7FF0
E518
DB58
CB38
5FF0
3FC0
ENDCHAR
STARTCHAR E73E
ENCODING 59198
SWIDTH 687 0
DWIDTH 11 0
BBX 13 8 0 1
BITMAP
FFF8
8008
B648
BE48
AAE8
A248
8008
FFF8
ENDCHAR
STARTCHAR E73F
ENCODING 59199
SWIDTH 687 0
DWIDTH 11 0
BBX 13 13 0 -1
BITMAP
3000
C800
D4F0
A518
A5E8
A548
A6D0
A860
B1C0
9A40
4480
2500
1E00
ENDCHAR
STARTCHAR E740
ENCODING 59200
SWIDTH 687 0
DWIDTH 11 0
BBX 11 13 0 -1
BITMAP
0400
1F00
7BC0
E0E0
CA60
DB60
DB60
DB60
DB60
DB60
5B40
1F00
0400
ENDCHAR
STARTCHAR E741
ENCODING 59201
SWIDTH 687 0
DWIDTH 11 0
BBX 12 12 0 -1
BITMAP
F000
7800
2800
2E00
2300
1180
1180
08C0
04A0
0270
07A0
0340
ENDCHAR
STARTCHAR E742
ENCODING 59202
SWIDTH 687 0
DWIDTH 11 0
BBX 11 12 0 -1
BITMAP
0400
0E00
3F80
7FC0
FFE0
FFE0
FFE0
E320
C020
65C0
3F80
1F00
ENDCHAR
STARTCHAR E743
ENCODING 59203
SWIDTH 687 0
DWIDTH 11 0
BBX 12 11 0 0
BITMAP
1F80
3FE0
3FE0
5FF0
FF70
EFF0
FF70
FAF0
7EE0
3DE0
1F80
ENDCHAR
STARTCHAR E744
ENCODING 59204
SWIDTH 687 0
DWIDTH 11 0
BBX 12 13 0 -1
BITMAP
0060
0190
1FD0
2FF0
58E0
3070
7FF0
7FF0
F000
F8E0
BFE0
9FC0
E200
ENDCHAR
STARTCHAR E745
ENCODING 59205
SWIDTH 687 0
DWIDTH 11 0
BBX 12 11 0 -1
BITMAP
1F00
E0C0
F020
F820
F020
E030
FE60
F8E0
79E0
7FC0
1F80
ENDCHAR
STARTCHAR E746
ENCODING 59206
SWIDTH 687 0
DWIDTH 11 0
BBX 13 13 0 -1
BITMAP
0F80
3FC0
78E0
7070
E078
E038
E038
E038
E030
7070
78E0
3FE0
0F80
ENDCHAR
STARTCHAR E747
ENCODING 59207
SWIDTH 687 0
DWIDTH 11 0
BBX 12 10 0 1
BITMAP
3FC0
7FE0
7FE0
74E0
F6E0
F1F0
76E0
70E0
7FE0
7FE0
ENDCHAR
STARTCHAR E748
ENCODING 59208
SWIDTH 687 0
DWIDTH 11 0
BBX 13 12 0 -1
BITMAP
1FC0
3FE0
7FB0
BF70
FEF0
FDF8
F9F0
B7F0
EFF0
5FE0
3740
0F80
ENDCHAR
STARTCHAR E749
ENCODING 59209
SWIDTH 687 0
DWIDTH 11 0
BBX 11 13 0 -1
BITMAP
FFE0
FFE0
C060
C060
FE60
F060
7060
6E40
6EC0
60C0
7FC0
7FC0
0E00
ENDCHAR
STARTCHAR E74A
ENCODING 59210
SWIDTH 687 0
DWIDTH 11 0
BBX 9 13 0 -1
BITMAP
3E00
3E00
0000
FF80
7F80
4080
7C80
7180
7D80
6D80
6180
7F80
1E00
ENDCHAR
STARTCHAR E74B
ENCODING 59211
SWIDTH 687 0
DWIDTH 11 0
BBX 13 9 0 1
BITMAP
0F00
3100
4100
8200
8D40
6EF0
3EC8
5F00
6000
ENDCHAR
STARTCHAR E74C
ENCODING 59212
SWIDTH 687 0
DWIDTH 11 0
BBX 9 12 1 0
BITMAP
FF80
4300
8080
C180
F680
A080
4100
C180
E580
DA80
6300
1C00
ENDCHAR
STARTCHAR E74D
ENCODING 59213
SWIDTH 687 0
DWIDTH 11 0
BBX 13 11 -1 0
BITMAP
0E00
3160
4DE0
41C0
81E0
8038
4018
4030
21C0
3F00
0700
ENDCHAR
STARTCHAR E74E
ENCODING 59214
SWIDTH 687 0
DWIDTH 11 0
BBX 11 9 0 1
BITMAP
0080
33C0
3600
3700
33C0
30E0
3060
F7E0
E7C0
ENDCHAR
STARTCHAR E74F
ENCODING 59215
SWIDTH 687 0
DWIDTH 11 0
BBX 7 13 2 -1
BITMAP
08
08
28
E8
28
28
28
28
28
2E
2C
20
20
ENDCHAR
STARTCHAR E750
ENCODING 59216
SWIDTH 687 0
DWIDTH 11 0
BBX 12 11 0 0
BITMAP
5200
9100
88D0
8820
8C00
C730
61C0
7000
3820
1FC0
0200
ENDCHAR
STARTCHAR E751
ENCODING 59217
SWIDTH 687 0
DWIDTH 11 0
BBX 13 11 0 0
BITMAP
0980
1740
6898
1FE0
6018
3FF0
FFF0
9FE0
5FE0
0FC0
0780
ENDCHAR
STARTCHAR E752
ENCODING 59218
SWIDTH 687 0
DWIDTH 11 0
BBX 10 11 0 0
BITMAP
C0C0
F3C0
DFC0
DEC0
FBC0
E0C0
FBC0
DEC0
DFC0
F3C0
C0C0
ENDCHAR
STARTCHAR E753
ENCODING 59219
SWIDTH 687 0
DWIDTH 11 0
BBX 9 10 1 1
BITMAP
7E00
F780
E780
EB80
EB80
C380
DD00
FF00
3C00
0800
ENDCHAR
STARTCHAR E754
ENCODING 59220
SWIDTH 687 0
DWIDTH 11 0
BBX 13 12 0 0
BITMAP
0F80
0FC0
1FC0
1FC0
1FE0
3FE0
3DE0
3CF0
7FF0
7FF0
7B78
F9F8
ENDCHAR
STARTCHAR E755
ENCODING 59221
SWIDTH 687 0
DWIDTH 11 0
BBX 12 11 0 0
BITMAP
7FE0
FFF0
FFF0
FF70
EB30
F130
F830
FE30
F010
FFF0
7FF0
ENDCHAR
STARTCHAR E756
ENCODING 59222
SWIDTH 687 0
DWIDTH 11 0
BBX 11 11 0 0
BITMAP
0400
0700
7F60
E060
C060
C060
C060
C060
3F60
1FE0
1380
ENDCHAR
STARTCHAR E757
ENCODING 59223
SWIDTH 687 0
DWIDTH 11 0
BBX 12 13 0 -1
BITMAP
0600
3F80
7FE0
7EA0
F5F0
ED70
E5F0
D5F0
FBF0
FBE0
67E0
3FC0
0F00
ENDCHAR
STARTCHAR E758
ENCODING 59224
SWIDTH 687 0
DWIDTH 11 0
BBX 12 6 0 3
BITMAP
6020
A010
AF50
BF50
B030
8950
ENDCHAR
STARTCHAR E759
ENCODING 59225
SWIDTH 687 0
DWIDTH 11 0
BBX 12 7 0 2
BITMAP
08C0
1680
3F70
5BB0
6D40
DCF0
7800
ENDCHAR
STARTCHAR E75A
ENCODING 59226
SWIDTH 687 0
DWIDTH 11 0
BBX 12 13 0 -1
BITMAP
FFF0
FFF0
C630
C630
C630
C630
C630
C630
C7F0
C7F0
C7F0
FFF0
FFF0
ENDCHAR
STARTCHAR E75B
ENCODING 59227
SWIDTH 687 0
DWIDTH 11 0
BBX 9 11 1 0
BITMAP
7F00
7E00
8080
FF80
FF80
B380
DB80
FF80
FF80
FF80
7F00
ENDCHAR
STARTCHAR E75C
ENCODING 59228
SWIDTH 687 0
DWIDTH 11 0
BBX 10 9 0 1
BITMAP
07C0
03C0
1FC0
1FC0
FF40
7F00
1B00
1800
0800
ENDCHAR
STARTCHAR E75D
ENCODING 59229
SWIDTH 687 0
DWIDTH 11 0
BBX 12 5 0 3
BITMAP
3170
57A0
7DA0
AAD0
C000
ENDCHAR
STARTCHAR E75E
ENCODING 59230
SWIDTH 687 0
DWIDTH 11 0
BBX 7 13 2 -1
BITMAP
EE
EE
EE
EE
28
C2
00
EE
EE
EE
C6
C6
C6
ENDCHAR
STARTCHAR E75F
ENCODING 59231
SWIDTH 687 0
DWIDTH 11 0
BBX 8 9 1 0
BITMAP
08
1C
7E
FE
EC
03
E7
7F
7E
ENDCHAR
STARTCHAR E760
ENCODING 59232
SWIDTH 687 0
DWIDTH 11 0
BBX 11 13 0 -1
BITMAP
0400
1B00
60C0
8020
8060
81E0
87E0
84E0
85E0
86E0
47C0
3700
0C00
ENDCHAR
STARTCHAR E761
ENCODING 59233
SWIDTH 687 0
DWIDTH 11 0
BBX 10 13 0 -1
BITMAP
FC00
FF00
FF00
FF00
FF00
FF00
FF00
FEC0
01C0
FFC0
FFC0
FF80
FF00
ENDCHAR
STARTCHAR E762
ENCODING 59234
SWIDTH 687 0
DWIDTH 11 0
BBX 13 13 0 -1
BITMAP
7FF0
FFF8
FFF8
8718
B3F8
BB18
8268
BA08
BA78
8218
FFF8
FFF8
7FF0
ENDCHAR
STARTCHAR E763
ENCODING 59235
SWIDTH 687 0
DWIDTH 11 0
BBX 7 15 2 -3
BITMAP
04
08
08
FC
EE
FE
BE
74
50
74
7C
7C
78
78
78
ENDCHAR
STARTCHAR E764
ENCODING 59236
SWIDTH 687 0
DWIDTH 11 0
BBX 12 11 0 0
BITMAP
2DC0
2240
2400
3F80
D860
9290
6890
2840
2440
2240
39C0
ENDCHAR
STARTCHAR E765
ENCODING 59237
SWIDTH 687 0
DWIDTH 11 0
BBX 13 11 0 0
BITMAP
0008
0098
1FB8
61F8
5EF8
B170
AD70
AD60
DF80
6640
3F80
ENDCHAR
STARTCHAR E766
ENCODING 59238
SWIDTH 687 0
DWIDTH 11 0
BBX 13 10 0 0
BITMAP
0300
01C0
3FE0
0E30
1DD8
3DD8
6DD8
CE30
07F0
03C0
ENDCHAR
STARTCHAR E767
ENCODING 59239
SWIDTH 687 0
DWIDTH 11 0
BBX 10 13 0 -1
BITMAP
0E00
3100
3900
7580
C340
A340
B6C0
4D40
C680
2B40
2A80
1B00
0E00
ENDCHAR
STARTCHAR E768
ENCODING 59240
SWIDTH 687 0
DWIDTH 11 0
BBX 12 13 0 -1
BITMAP
0F00
30C0
4020
7E20
D590
9490
A490
A690
9A90
8FE0
4020
2040
1F80
ENDCHAR
STARTCHAR E769
ENCODING 59241
SWIDTH 687 0
DWIDTH 11 0
BBX 13 13 0 -1
BITMAP
0F80
3FE0
7FF0
7EF0
F678
ECB8
D458
D458
D458
6C70
36F0
1FC0
0F80
ENDCHAR
STARTCHAR E76A
ENCODING 59242
SWIDTH 687 0
DWIDTH 11 0
BBX 10 10 0 0
BITMAP
1E00
3F80
0D80
76C0
DFC0
D3C0
DA80
6000
3F00
1C00
ENDCHAR
STARTCHAR E76B
ENCODING 59243
SWIDTH 687 0
DWIDTH 11 0
BBX 13 13 0 -1
BITMAP
0F00
37C0
7CE0
EFF0
FFB8
FFB8
BFF8
FEF8
DFD8
7FF0
7FB0
3FE0
0F80
ENDCHAR
STARTCHAR E76C
ENCODING 59244
SWIDTH 687 0
DWIDTH 11 0
BBX 8 13 1 -1
BITMAP
10
38
7C
7E
FF
FE
FC
FC
FE
FF
7F
3C
18
ENDCHAR
STARTCHAR E76D
ENCODING 59245
SWIDTH 687 0
DWIDTH 11 0
BBX 12 11 0 0
BITMAP
0700
39C0
C630
F9F0
7FE0
9F90
7060
1F80
E670
39C0
0700
ENDCHAR
STARTCHAR E76E
ENCODING 59246
SWIDTH 687 0
DWIDTH 11 0
BBX 12 13 0 -1
BITMAP
3780
FEE0
FFF0
EFB0
EBB0
EFE0
EBA0
7FC0
6FF0
37C0
0F80
0380
0300
ENDCHAR
STARTCHAR E76F
ENCODING 59247
SWIDTH 687 0
DWIDTH 11 0
BBX 13 11 0 0
BITMAP
0700
1EC0
77F0
7FF8
FFF8
FBB8
FFF8
FEF8
7FF0
3FE0
0FC0
ENDCHAR
STARTCHAR E770
ENCODING 59248
SWIDTH 687 0
DWIDTH 11 0
BBX 10 13 0 -1
BITMAP
0C00
3F00
5F80
F380
BDC0
BD40
BDC0
F280
7D80
3F00
0000
3E00
2000
ENDCHAR
STARTCHAR E771
ENCODING 59249
SWIDTH 687 0
DWIDTH 11 0
BBX 11 12 0 -1
BITMAP
0E00
3F80
60E0
CE60
DFE0
9FE0
DFE0
CE60
C0E0
71C0
1F00
0C00
ENDCHAR
STARTCHAR E772
ENCODING 59250
SWIDTH 687 0
DWIDTH 11 0
BBX 13 13 0 -1
BITMAP
09E0
79F8
F9F8
F8F0
FCF0
FC70
7E20
7E00
7F00
3F80
1F00
1F00
0C00
ENDCHAR
STARTCHAR E773
ENCODING 59251
SWIDTH 687 0
DWIDTH 11 0
BBX 10 13 0 -1
BITMAP
0E00
1E00
2E00
D480
8E40
9F40
3F00
3F00
3B40
3F00
3F00
4F00
3000
ENDCHAR
STARTCHAR E774
ENCODING 59252
SWIDTH 687 0
DWIDTH 11 0
BBX 9 13 1 -1
BITMAP
2000
7000
3800
1C00
3E00
6700
E300
F180
8180
F180
E300
6F00
3C00
ENDCHAR
STARTCHAR E775
ENCODING 59253
SWIDTH 687 0
DWIDTH 11 0
BBX 11 6 1 3
BITMAP
2400
6E80
9FE0
5FC0
3B80
4000
ENDCHAR
STARTCHAR E776
ENCODING 59254
SWIDTH 687 0
DWIDTH 11 0
BBX 11 13 0 -1
BITMAP
0400
1F00
7FC0
FFE0
E6E0
E6E0
EAE0
ECE0
ECE0
FFE0
7FC0
1F00
0400
ENDCHAR
STARTCHAR E777
ENCODING 59255
SWIDTH 687 0
DWIDTH 11 0
BBX 13 9 0 1
BITMAP
FC00
6C00
3600
3FF8
1B00
3FB8
37C0
6CC0
FC60
ENDCHAR
STARTCHAR E778
ENCODING 59256
SWIDTH 687 0
DWIDTH 11 0
BBX 13 6 0 3
BITMAP
FDF8
FBF0
1000
33C0
6000
FB00
ENDCHAR
STARTCHAR E779
ENCODING 59257
SWIDTH 687 0
DWIDTH 11 0
BBX 11 11 0 0
BITMAP
50C0
ED20
FFA0
FF60
6560
5280
2280
1100
3300
1D00
0300
ENDCHAR
STARTCHAR E77A
ENCODING 59258
SWIDTH 687 0
DWIDTH 11 0
BBX 12 9 0 1
BITMAP
3FC0
FFF0
FFF0
FFF0
FC70
1C00
C3F0
FCF0
3C00
ENDCHAR
STARTCHAR E77B
ENCODING 59259
SWIDTH 687 0
DWIDTH 11 0
BBX 10 13 0 -1
BITMAP
7F80
FFC0
CCC0
CDC0
CFC0
C1C0
DCC0
FCC0
FCC0
CCC0
DCC0
FFC0
FFC0
ENDCHAR
STARTCHAR E77C
ENCODING 59260
SWIDTH 687 0
DWIDTH 11 0
BBX 13 13 0 -1
BITMAP
0F80
3FE0
7FF0
7FF0
DFF8
FFF8
F4B8
D3F8
FFF8
7FF0
7FF0
3FE0
0F80
ENDCHAR
STARTCHAR E77D
ENCODING 59261
SWIDTH 687 0
DWIDTH 11 0
BBX 10 12 0 -1
BITMAP
1F00
3080
40C0
8C40
9040
9040
8880
8700
4000
4000
2000
1800
ENDCHAR
STARTCHAR E77E
ENCODING 59262
SWIDTH 687 0
DWIDTH 11 0
BBX 13 13 0 -1
BITMAP
0780
1B60
2BA0
5B70
AFA8
9FC8
77B8
EB70
EB10
7CF0
3FF0
3020
1FC0
ENDCHAR
STARTCHAR E77F
ENCODING 59263
SWIDTH 687 0
DWIDTH 11 0
BBX 12 5 0 3
BITMAP
1E30
3E70
6760
67E0
E7C0
ENDCHAR
STARTCHAR E780
ENCODING 59264
SWIDTH 687 0
DWIDTH 11 0
BBX 10 11 0 0
BITMAP
0400
0C00
1C00
3C00
7C80
77C0
F3C0
F9C0
D8C0
C0C0
4080
ENDCHAR
STARTCHAR E781
ENCODING 59265
SWIDTH 687 0
DWIDTH 11 0
BBX 13 13 0 -1
BITMAP
FFF8
FFF8
FFF8
FFF8
FFF8
FFF8
FD18
FD78
FD18
FDC8
F148
F398
FFF8
ENDCHAR
STARTCHAR E782
ENCODING 59266
SWIDTH 687 0
DWIDTH 11 0
BBX 10 13 0 -1
BITMAP
0080
01C0
01C0
F9C0
FDC0
7FC0
7EC0
1F80
0700
0700
0F00
0E00
0400
ENDCHAR
STARTCHAR E783
ENCODING 59267
SWIDTH 687 0
DWIDTH 11 0
BBX 11 13 0 -1
BITMAP
0380
F480
B640
E340
C0E0
BFE0
FCA0
F6C0
ADC0
A5C0
5640
7FC0
3E80
ENDCHAR
STARTCHAR E784
ENCODING 59268
SWIDTH 687 0
DWIDTH 11 0
BBX 11 13 0 -1
BITMAP
0400
1F00
7BC0
F1E0
F160
F160
E3E0
C0E0
8020
EFE0
7FC0
1F00
0400
ENDCHAR
STARTCHAR E785
ENCODING 59269
SWIDTH 687 0
DWIDTH 11 0
BBX 13 13 0 -1
BITMAP
0820
1C70
1EF0
6FE0
F7C0
7BC0
3DE0
1EF0
3F78
7FB0
F3C0
61C0
0080
ENDCHAR
STARTCHAR E786
ENCODING 59270
SWIDTH 687 0
DWIDTH 11 0
BBX 12 10 1 0
BITMAP
3F00
5580
C040
D130
D390
C070
C7C0
4400
0C00
1000
ENDCHAR
STARTCHAR E787
ENCODING 59271
SWIDTH 687 0
DWIDTH 11 0
BBX 9 13 1 -1
BITMAP
4000
4000
6800
7900
7B00
F700
AF00
DF00
BF80
7F80
FF80
7E00
1800
ENDCHAR
STARTCHAR E788
ENCODING 59272
SWIDTH 687 0
DWIDTH 11 0
BBX 13 13 0 -1
BITMAP
0780
1FE0
3FF0
7A70
7778
F7F8
F7F8
F7F8
7778
7B70
3CF0
3FE0
0F80
ENDCHAR
STARTCHAR E789
ENCODING 59273
SWIDTH 687 0
DWIDTH 11 0
BBX 12 5 0 3
BITMAP
0FE0
7B90
9720
7EC0
0B00
ENDCHAR
STARTCHAR E78A
ENCODING 59274
SWIDTH 687 0
DWIDTH 11 0
BBX 11 11 0 -1
BITMAP
0400
7E00
7FC0
7F80
7EC0
F9E0
73E0
37C0
6FC0
6FC0
0600
ENDCHAR
STARTCHAR E78B
ENCODING 59275
SWIDTH 687 0
DWIDTH 11 0
BBX 13 8 0 2
BITMAP
07E0
7FF8
7FE8
FFF8
7F00
7F80
7680
7780
ENDCHAR
STARTCHAR E78C
ENCODING 59276
SWIDTH 687 0
DWIDTH 11 0
BBX 13 13 0 -1
BITMAP
0F80
3FE0
7FF0
78F0
F078
0738
0738
0738
F078
78F0
7FF0
3FE0
0F80
ENDCHAR
STARTCHAR E78D
ENCODING 59277
SWIDTH 687 0
DWIDTH 11 0
BBX 13 13 0 -1
BITMAP
3FE0
7FF0
FFF8
F538
EF78
EEF8
EEF8
EEF8
EFF8
FF78
FFF8
7FF0
3FE0
ENDCHAR
STARTCHAR E78E
ENCODING 59278
SWIDTH 687 0
DWIDTH 11 0
BBX 12 11 0 0
BITMAP
1E60
7FE0
7FF0
6DF0
6DE0
FFC0
FFE0
FFF0
FFE0
3FE0
11E0
ENDCHAR
STARTCHAR E78F
ENCODING 59279
SWIDTH 687 0
DWIDTH 11 0
BBX 4 11 3 0
BITMAP
20
50
F0
F0
60
60
60
60
60
A0
40
ENDCHAR
STARTCHAR E790
ENCODING 59280
SWIDTH 687 0
DWIDTH 11 0
BBX 12 13 0 -1
BITMAP
0D80
38C0
6060
4030
C510
9550
A590
95D0
C310
4020
2060
1DC0
0500
ENDCHAR
STARTCHAR E791
ENCODING 59281
SWIDTH 687 0
DWIDTH 11 0
BBX 11 10 0 0
BITMAP
0FC0
1EE0
3C20
7FC0
79C0
F1C0
99C0
9EC0
DC40
7F80
ENDCHAR
STARTCHAR E792
ENCODING 59282
SWIDTH 687 0
DWIDTH 11 0
BBX 12 5 0 3
BITMAP
0780
1F80
3FA0
7FB0
FFF0
ENDCHAR
STARTCHAR E793
ENCODING 59283
SWIDTH 687 0
DWIDTH 11 0
BBX 12 11 0 0
BITMAP
0DC0
3FC0
36E0
7760
F3F0
E3B0
F3F0
7760
76E0
3EC0
0DC0
ENDCHAR
STARTCHAR E794
ENCODING 59284
SWIDTH 687 0
DWIDTH 11 0
BBX 13 12 0 0
BITMAP
0600
0500
0700
0F80
0F80
1FC0
1FC0
3FE0
37E0
5DF0
BFB0
FFE8
ENDCHAR
STARTCHAR E795
ENCODING 59285
SWIDTH 687 0
DWIDTH 11 0
BBX 11 9 0 1
BITMAP
FFE0
DFE0
CFE0
E7E0
CFE0
D8E0
FFE0
FFE0
FFE0
ENDCHAR
STARTCHAR E796
ENCODING 59286
SWIDTH 687 0
DWIDTH 11 0
BBX 12 11 0 0
BITMAP
3F80
3280
2140
5830
8030
C060
E060
60C0
1D80
0F80
0300
ENDCHAR
STARTCHAR E797
ENCODING 59287
SWIDTH 687 0
DWIDTH 11 0
BBX 13 11 0 -1
BITMAP
0F80
3060
6030
4010
8018
F8F8
0500
0200
0200
0200
0200
ENDCHAR
STARTCHAR E798
ENCODING 59288
SWIDTH 687 0
DWIDTH 11 0
BBX 13 13 0 -1
BITMAP
0300
0780
1F80
2FE0
37F0
7BD8
FDF8
FEF8
7F68
1FB8
1BC8
0F40
07E0
ENDCHAR
STARTCHAR E799
ENCODING 59289
SWIDTH 687 0
DWIDTH 11 0
BBX 13 12 0 -1
BITMAP
2060
78F8
7FF8
7FF0
1FE0
07C0
1F00
3FC0
7FF0
FFF0
F1F0
3020
ENDCHAR
STARTCHAR E79A
ENCODING 59290
SWIDTH 687 0
DWIDTH 11 0
BBX 13 13 0 -1
BITMAP
0F80
3FC0
78C0
7010
E000
C628
C700
C728
E000
6010
78C0
3FE0
0F80
ENDCHAR
STARTCHAR E79B
ENCODING 59291
SWIDTH 687 0
DWIDTH 11 0
BBX 12 11 0 0
BITMAP
C070
8030
8E30
8FF0
8FF0
8FF0
8FF0
8F90
C710
C210
C030
ENDCHAR
STARTCHAR E79C
ENCODING 59292
SWIDTH 687 0
DWIDTH 11 0
BBX 13 13 0 -1
BITMAP
7FF0
FFF8
FFF8
8FF8
B3F8
B528
B338
B298
86D8
FFF8
FFF8
FFF8
7FF0
ENDCHAR
STARTCHAR E79D
ENCODING 59293
SWIDTH 687 0
DWIDTH 11 0
BBX 13 12 0 0
BITMAP
0E00
0700
0B00
2F60
5790
AB48
5EB0
2B40
1F80
0200
0D80
0800
ENDCHAR
STARTCHAR E79E
ENCODING 59294
SWIDTH 687 0
DWIDTH 11 0
BBX 13 11 0 0
BITMAP
1FC0
3FE0
7FF0
BFF0
FFF8
8000
BFF0
BFF0
7FF0
3FE0
1F80
ENDCHAR
STARTCHAR E79F
ENCODING 59295
SWIDTH 687 0
DWIDTH 11 0
BBX 13 11 0 0
BITMAP
4000
C230
5FC8
1C50
3860
4FE0
46C0
A340
9E80
F720
0020
ENDCHAR
STARTCHAR E7A0
ENCODING 59296
SWIDTH 687 0
DWIDTH 11 0
BBX 13 13 0 -1
BITMAP
0F80
3FE0
7FF0
7FF0
CF18
CF18
C018
C018
E038
7FF0
7FF0
3FE0
0F80
ENDCHAR
STARTCHAR E7A1
ENCODING 59297
SWIDTH 687 0
DWIDTH 11 0
BBX 12 13 0 -1
BITMAP
2EC0
3FC0
4E40
94A0
ACD0
9ED0
C630
FFF0
FFE0
7FE0
7FE0
3F80
2200
ENDCHAR
STARTCHAR E7A2
ENCODING 59298
SWIDTH 687 0
DWIDTH 11 0
BBX 12 8 0 1
BITMAP
3FC0
7FE0
FFF0
FFF0
DFB0
FFF0
FFF0
1F80
ENDCHAR
STARTCHAR E7A3
ENCODING 59299
SWIDTH 687 0
DWIDTH 11 0
BBX 12 13 0 -1
BITMAP
0600
1F80
7FC0
E0F0
C070
CEF0
CFD0
CFD0
C6F0
E0F0
7FC0
1F80
0600
ENDCHAR
STARTCHAR E7A4
ENCODING 59300
SWIDTH 687 0
DWIDTH 11 0
BBX 7 14 2 -1
BITMAP
30
78
7C
FC
FC
FE
FE
FE
FC
7C
78
38
10
10
ENDCHAR
STARTCHAR E7A5
ENCODING 59301
SWIDTH 687 0
DWIDTH 11 0
BBX 13 12 0 0
BITMAP
8000
4800
2400
1380
2960
16A0
0950
14A8
1A50
0D20
06B0
0140
ENDCHAR
STARTCHAR E7A6
ENCODING 59302
SWIDTH 687 0
DWIDTH 11 0
BBX 13 2 0 5
BITMAP
F5F8
E450
ENDCHAR
STARTCHAR E7A7
ENCODING 59303
SWIDTH 687 0
DWIDTH 11 0
BBX 13 13 0 -1
BITMAP
0200
0700
0F80
1FC0
39E0
74F0
EC78
7470
38E0
1DC0
0F80
0700
0200
ENDCHAR
STARTCHAR E7A8
ENCODING 59304
SWIDTH 687 0
DWIDTH 11 0
BBX 12 12 0 0
BITMAP
3FC0
74C0
6060
FFB0
D9D0
9F30
99B0
FDF0
FDE0
70C0
3FC0
1F00
ENDCHAR
STARTCHAR E7A9
ENCODING 59305
SWIDTH 687 0
DWIDTH 11 0
BBX 12 13 0 -1
BITMAP
0600
1980
6060
8020
8710
8F90
8F90
8F90
8710
8020
4020
3080
0F00
ENDCHAR
STARTCHAR E7AA
ENCODING 59306
SWIDTH 687 0
DWIDTH 11 0
BBX 10 10 0 0
BITMAP
FFC0
FFC0
F3C0
EFC0
E7C0
FDC0
EDC0
FBC0
FFC0
FFC0
ENDCHAR
STARTCHAR E7AB
ENCODING 59307
SWIDTH 687 0
DWIDTH 11 0
BBX 12 11 0 0
BITMAP
0200
0600
0700
0F00
1080
1EC0
38C0
36E0
7420
7BF0
FFF0
ENDCHAR
STARTCHAR E7AC
ENCODING 59308
SWIDTH 687 0
DWIDTH 11 0
BBX 13 13 0 -1
BITMAP
0C00
1FC0
3FE0
7DF0
C3F0
83F0
C3F0
67F8
77F8
7FF0
3FE0
1FC0
0380
ENDCHAR
STARTCHAR E7AD
ENCODING 59309
SWIDTH 687 0
DWIDTH 11 0
BBX 13 7 0 2
BITMAP
F6E0
6F40
AF30
4160
0010
6028
1FC0
ENDCHAR
STARTCHAR E7AE
ENCODING 59310
SWIDTH 687 0
DWIDTH 11 0
BBX 13 13 0 -1
BITMAP
0F80
1FC0
7FE0
7070
E030
E038
C038
0038
0C30
CC70
CDE0
33C0
0380
ENDCHAR
STARTCHAR E7AF
ENCODING 59311
SWIDTH 687 0
DWIDTH 11 0
BBX 11 7 0 2
BITMAP
FFE0
B1E0
B860
B8E0
B9E0
83E0
FFE0
ENDCHAR
STARTCHAR E7B0
ENCODING 59312
SWIDTH 687 0
DWIDTH 11 0
BBX 13 9 0 1
BITMAP
0E00
3A00
3E20
7F38
FFE0
FFC0
FF80
9F00
7C00
ENDCHAR
STARTCHAR E7B1
ENCODING 59313
SWIDTH 687 0
DWIDTH 11 0
BBX 13 8 0 1
BITMAP
C318
8708
8008
8008
87F8
87F8
87C8
C108
ENDCHAR
STARTCHAR E7B2
ENCODING 59314
SWIDTH 687 0
DWIDTH 11 0
BBX 11 12 0 -1
BITMAP
0E00
3F80
61E0
CE60
DFE0
9FE0
DFA0
CE60
C0E0
71C0
1F00
0E00
ENDCHAR
STARTCHAR E7B3
ENCODING 59315
SWIDTH 687 0
DWIDTH 11 0
BBX 13 13 0 -1
BITMAP
0F80
3FC0
7FE0
69B0
FFF0
C038
A058
D098
E9F0
69F0
79E0
39C0
0F80
ENDCHAR
STARTCHAR E7B4
ENCODING 59316
SWIDTH 687 0
DWIDTH 11 0
BBX 13 13 0 -1
BITMAP
FFF8
FFF8
FFF8
FFB8
FFF8
F5B8
F5B8
F1B8
EEB8
EEB8
FFF8
FFF8
FFF8
ENDCHAR
STARTCHAR E7B5
ENCODING 59317
SWIDTH 687 0
DWIDTH 11 0
BBX 11 11 0 0
BITMAP
7D80
7FC0
FFE0
EDE0
EDE0
6BE0
FFE0
7FE0
7FE0
7FE0
4300
ENDCHAR
STARTCHAR E7B6
ENCODING 59318
SWIDTH 687 0
DWIDTH 11 0
BBX 11 7 1 2
BITMAP
3300
3B80
3B80
7F80
EEE0
EEE0
EEE0
ENDCHAR
STARTCHAR E7B7
ENCODING 59319
SWIDTH 687 0
DWIDTH 11 0
BBX 11 13 0 -1
BITMAP
0E00
3F80
75C0
75E0
CFE0
FFE0
CE60
F5E0
75C0
3FC0
1F80
0700
0400
ENDCHAR
STARTCHAR E7B8
ENCODING 59320
SWIDTH 687 0
DWIDTH 11 0
BBX 13 13 0 -1
BITMAP
7FF0
FFF8
FFF8
E3F8
EDF8
ED38
E378
EF98
EE38
FFF8
FFF8
FFF8
7FE0
ENDCHAR
STARTCHAR E7B9
ENCODING 59321
SWIDTH 687 0
DWIDTH 11 0
BBX 13 13 0 -1
BITMAP
0F80
3040
6020
4010
9E28
A528
A148
A4C8
9C88
4090
6130
3140
0E80
ENDCHAR
STARTCHAR E7BA
ENCODING 59322
SWIDTH 687 0
DWIDTH 11 0
BBX 13 11 0 0
BITMAP
19C0
2640
2640
1FC0
69F0
9688
6990
1FE0
2640
2640
19C0
ENDCHAR
STARTCHAR E7BB
ENCODING 59323
SWIDTH 687 0
DWIDTH 11 0
BBX 12 11 0 0
BITMAP
1F80
31E0
7860
F070
9C70
C610
F010
EC30
03F0
0170
0080
ENDCHAR
STARTCHAR E7BC
ENCODING 59324
SWIDTH 687 0
DWIDTH 11 0
BBX 13 13 0 -1
BITMAP
C7C0
FBF0
FDF0
1C38
0E38
0EF0
0EF0
0EF0
0E38
1C38
FDF0
F3E0
C7C0
ENDCHAR
STARTCHAR E7BD
ENCODING 59325
SWIDTH 687 0
DWIDTH 11 0
BBX 12 11 0 0
BITMAP
F380
FFE0
FFE0
EBF0
EB70
66F0
7FE0
7FE0
7FC0
FF00
1F00
ENDCHAR
STARTCHAR E7BE
ENCODING 59326
SWIDTH 687 0
DWIDTH 11 0
BBX 12 11 0 0
BITMAP
3780
3FC0
FFF0
E4F0
6DF0
66F0
7FF0
FFF0
FF80
7C00
3C00
ENDCHAR
STARTCHAR E7BF
ENCODING 59327
SWIDTH 687 0
DWIDTH 11 0
BBX 12 13 0 -1
BITMAP
0F00
30C0
4720
8810
97D0
E7F0
AFF0
DFF0
DFF0
6F50
BF60
7FC0
0F00
ENDCHAR
STARTCHAR E7C0
ENCODING 59328
SWIDTH 687 0
DWIDTH 11 0
BBX 13 13 0 -1
BITMAP
0200
1FC0
3FA0
7F70
B0D0
A258
E068
E028
F038
6C30
7E30
3A60
0F80
ENDCHAR
STARTCHAR E7C1
ENCODING 59329
SWIDTH 687 0
DWIDTH 11 0
BBX 12 11 0 0
BITMAP
FFF0
FFF0
FFF0
F4E0
4D20
4B20
72E0
7FE0
7FE0
1F80
0600
ENDCHAR
STARTCHAR E7C2
ENCODING 59330
SWIDTH 687 0
DWIDTH 11 0
BBX 13 7 0 2
BITMAP
F270
9A80
8AC0
9A70
FA18
0A98
1CF0
ENDCHAR
STARTCHAR E7C3
ENCODING 59331
SWIDTH 687 0
DWIDTH 11 0
BBX 12 7 0 2
BITMAP
D000
0000
FFF0
F960
F160
DF20
23B0
ENDCHAR
STARTCHAR E7C4
ENCODING 59332
SWIDTH 687 0
DWIDTH 11 0
BBX 11 12 0 -1
BITMAP
0020
FF60
FEA0
FFE0
FD60
FFC0
FEC0
FF80
FF00
FE00
FC00
FC00
ENDCHAR
STARTCHAR E7C5
ENCODING 59333
SWIDTH 687 0
DWIDTH 11 0
BBX 12 12 0 0
BITMAP
7FF0
7DF0
39E0
3BC0
7FA0
BF10
BF20
7C40
39F0
32B0
3B00
0600
ENDCHAR
STARTCHAR E7C6
ENCODING 59334
SWIDTH 687 0
DWIDTH 11 0
BBX 13 13 0 -1
BITMAP
0F80
3FE0
7FE0
7FF0
CDF0
DCF8
D5F8
DCF8
FFF0
7970
7FE0
3FC0
0F80
ENDCHAR
STARTCHAR E7C7
ENCODING 59335
SWIDTH 687 0
DWIDTH 11 0
BBX 8 15 1 -2
BITMAP
08
08
18
18
1C
1C
2C
3E
3E
3E
7E
5F
7F
FF
7E
ENDCHAR
STARTCHAR E7C8
ENCODING 59336
SWIDTH 687 0
DWIDTH 11 0
BBX 13 13 0 -1
BITMAP
FFF8
FFF8
EFF8
FFF8
F3F8
EFF8
EFF8
ECF8
FD78
FF78
F4F8
FFF8
FFF8
ENDCHAR
STARTCHAR E7C9
ENCODING 59337
SWIDTH 687 0
DWIDTH 11 0
BBX 11 13 0 -1
BITMAP
0E00
3F80
7FC0
7FC0
F9C0
F1E0
F1C0
F3C0
F7C0
7780
7A00
3C40
1F00
ENDCHAR
STARTCHAR E7CA
ENCODING 59338
SWIDTH 687 0
DWIDTH 11 0
BBX 11 13 0 -1
BITMAP
0F80
3FE0
7FE0
7FC0
0000
FF80
FFC0
FF80
0000
7FC0
7FE0
3FE0
0F80
ENDCHAR
STARTCHAR E7CB
ENCODING 59339
SWIDTH 687 0
DWIDTH 11 0
BBX 11 11 0 0
BITMAP
0C00
0200
7180
8D40
B140
4540
4100
A140
D8A0
1740
0C00
ENDCHAR
STARTCHAR E7CC
ENCODING 59340
SWIDTH 687 0
DWIDTH 11 0
BBX 9 13 1 -1
BITMAP
FF80
FF80
FF80
FF80
B780
B680
B480
B680
AB80
FF80
FF80
FF80
FF80
ENDCHAR
STARTCHAR E7CD
ENCODING 59341
SWIDTH 687 0
DWIDTH 11 0
BBX 9 13 1 -1
BITMAP
0800
1800
3800
7C00
7C00
3C00
FE00
FF00
DF80
FF00
4D00
7E00
1800
ENDCHAR
STARTCHAR E7CE
ENCODING 59342
SWIDTH 687 0
DWIDTH 11 0
BBX 12 12 0 -1
BITMAP
7FF0
BFF0
DFF0
EF70
F6F0
F9F0
F9E0
F6D0
EF30
DFB0
BFD0
7FE0
ENDCHAR
STARTCHAR E7CF
ENCODING 59343
SWIDTH 687 0
DWIDTH 11 0
BBX 11 11 0 0
BITMAP
1F00
3F80
7E40
F2E0
FBE0
E1E0
EFE0
F7E0
7EC0
3FC0
1F00
ENDCHAR
STARTCHAR E7D0
ENCODING 59344
SWIDTH 687 0
DWIDTH 11 0
BBX 13 13 0 -1
BITMAP
2A80
2AC0
5FE0
F070
E738
6FE0
CFF8
6FE0
E738
7060
FDF8
7FE0
2AC0
ENDCHAR
STARTCHAR E7D1
ENCODING 59345
SWIDTH 687 0
DWIDTH 11 0
BBX 12 9 0 1
BITMAP
0180
0E40
0830
3A10
6910
A910
AF30
91C0
7C00
ENDCHAR
STARTCHAR E7D2
ENCODING 59346
SWIDTH 687 0
DWIDTH 11 0
BBX 13 11 0 0
BITMAP
1FC0
3DE0
3060
4730
4FB0
CFB8
CFB0
4F30
3260
39E0
1FC0
ENDCHAR
STARTCHAR E7D3
ENCODING 59347
SWIDTH 687 0
DWIDTH 11 0
BBX 12 7 0 2
BITMAP
7810
8520
84C0
FC40
80C0
8520
7A10
ENDCHAR
STARTCHAR E7D4
ENCODING 59348
SWIDTH 687 0
DWIDTH 11 0
BBX 12 12 0 -1
BITMAP
FFF0
FFF0
FE30
FCF0
FCF0
F830
F830
FCF0
FCF0
FCF0
FCF0
FCE0
ENDCHAR
STARTCHAR E7D5
ENCODING 59349
SWIDTH 687 0
DWIDTH 11 0
BBX 13 13 0 -1
BITMAP
0700
1FC0
3DE0
7DF0
F9F0
F878
F078
F0F8
FCF8
7DF0
7DF0
3FE0
0F80
ENDCHAR
STARTCHAR E7D6
ENCODING 59350
SWIDTH 687 0
DWIDTH 11 0
BBX 12 8 0 1
BITMAP
0FF0
1F80
3760
7E80
EF60
0780
0C00
1000
ENDCHAR
STARTCHAR E7D7
ENCODING 59351
SWIDTH 687 0
DWIDTH 11 0
BBX 11 12 0 -1
BITMAP
8000
C000
E020
F8C0
7DC0
3F80
3F80
3F80
1F00
1C00
3000
4000
ENDCHAR
STARTCHAR E7D8
ENCODING 59352
SWIDTH 687 0
DWIDTH 11 0
BBX 13 13 0 -1
BITMAP
0F80
3160
4310
8310
8508
8208
8608
8608
8408
8410
4410
2020
1FC0
ENDCHAR
STARTCHAR E7D9
ENCODING 59353
SWIDTH 687 0
DWIDTH 11 0
BBX 13 13 0 -1
BITMAP
0700
1FC0
3FE0
7C70
FDB8
FDB8
FDF8
C5F8
DDF8
D9F0
E3F0
FFC0
7F80
ENDCHAR
STARTCHAR E7DA
ENCODING 59354
SWIDTH 687 0
DWIDTH 11 0
BBX 9 13 1 -1
BITMAP
7F00
FF00
FF80
FF00
7F00
F700
FF80
FF00
7700
7000
F000
F000
7000
ENDCHAR
STARTCHAR E7DB
ENCODING 59355
SWIDTH 687 0
DWIDTH 11 0
BBX 13 13 0 -1
BITMAP
B360
FFF0
E078
E078
E7F0
E018
E018
CF30
CCF0
C9F8
F838
FFF0
FFF8
ENDCHAR
STARTCHAR E7DC
ENCODING 59356
SWIDTH 687 0
DWIDTH 11 0
BBX 11 11 0 0
BITMAP
C000
6000
7800
D000
D000
7000
7000
7800
3C00
1B00
0FE0
ENDCHAR
STARTCHAR E7DD
ENCODING 59357
SWIDTH 687 0
DWIDTH 11 0
BBX 10 13 0 -1
BITMAP
03C0
0780
0F00
1E00
3C00
7800
F3C0
6780
0F00
1E00
0F00
0780
03C0
ENDCHAR
STARTCHAR E7DE
ENCODING 59358
SWIDTH 687 0
DWIDTH 11 0
BBX 13 13 0 -1
BITMAP
7FF0
C018
C018
E798
E6D8
E6D8
E0F8
E6F8
E6F8
E7F8
E7F8
C1F8
7FF0
ENDCHAR
STARTCHAR E7DF
ENCODING 59359
SWIDTH 687 0
DWIDTH 11 0
BBX 11 12 0 0
BITMAP
1FC0
1FC0
3F80
3F00
7F40
FFE0
FFE0
FFC0
FF00
7F80
7F80
3980
ENDCHAR
STARTCHAR E7E0
ENCODING 59360
SWIDTH 687 0
DWIDTH 11 0
BBX 8 12 1 -1
BITMAP
7F
3F
1F
1F
F8
F8
FC
FE
FF
70
30
10
ENDCHAR
STARTCHAR E7E1
ENCODING 59361
SWIDTH 687 0
DWIDTH 11 0
BBX 13 13 0 -1
BITMAP
0F00
1FC0
0000
7FE0
FFD0
FFB8
FFB8
FF78
FEF0
7DF0
7DE0
3BC0
0780
ENDCHAR
STARTCHAR E7E2
ENCODING 59362
SWIDTH 687 0
DWIDTH 11 0
BBX 13 7 0 2
BITMAP
F880
0460
77B0
6BD8
77B0
0420
7FF8
ENDCHAR
STARTCHAR E7E3
ENCODING 59363
SWIDTH 687 0
DWIDTH 11 0
BBX 13 13 0 -1
BITMAP
0F80
38E0
6030
4F90
DFF8
DFF8
EF08
B708
DBD8
4D90
6670
33E0
0F80
ENDCHAR
STARTCHAR E7E4
ENCODING 59364
SWIDTH 687 0
DWIDTH 11 0
BBX 11 13 0 -1
BITMAP
0400
1A00
2180
C060
C040
B180
8E20
93E0
E120
8620
64C0
1500
0E00
ENDCHAR
STARTCHAR E7E5
ENCODING 59365
SWIDTH 687 0
DWIDTH 11 0
BBX 11 13 0 -1
BITMAP
1C00
3F00
FFE0
7DE0
FDE0
FF80
FFC0
FFC0
F5C0
EF80
7F80
7F00
1E00
ENDCHAR
STARTCHAR E7E6
ENCODING 59366
SWIDTH 687 0
DWIDTH 11 0
BBX 12 13 0 -1
BITMAP
1E00
7F80
7BC0
F7E0
F9F0
5FF0
2FF0
5FE0
BFC0
FE80
FF00
AC00
7000
ENDCHAR
STARTCHAR E7E7
ENCODING 59367
SWIDTH 687 0
DWIDTH 11 0
BBX 13 9 0 0
BITMAP
0040
2060
39E0
D7C0
E9C0
7FC0
3D80
0F60
0018
ENDCHAR
STARTCHAR E7E8
ENCODING 59368
SWIDTH 687 0
DWIDTH 11 0
BBX 12 9 0 1
BITMAP
0200
0F80
3FE0
FFD0
9F30
C450
3180
0E00
0C00
ENDCHAR
STARTCHAR E7E9
ENCODING 59369
SWIDTH 687 0
DWIDTH 11 0
BBX 13 13 0 -1
BITMAP
7000
8800
F400
B400
4800
3730
3AF8
2948
2630
2730
2948
1D48
0730
ENDCHAR
STARTCHAR E7EA
ENCODING 59370
SWIDTH 687 0
DWIDTH 11 0
BBX 13 13 0 -1
BITMAP
0F80
3FC0
7FE0
6030
E030
C030
C030
C078
E3D8
7198
7BD8
3878
1830
ENDCHAR
STARTCHAR E7EB
ENCODING 59371
SWIDTH 687 0
DWIDTH 11 0
BBX 13 12 0 -1
BITMAP
2020
6060
7070
7070
FFF0
FFF8
FFF0
FFF0
7FE0
1FC0
0F00
0600
ENDCHAR
STARTCHAR E7EC
ENCODING 59372
SWIDTH 687 0
DWIDTH 11 0
BBX 13 13 0 -1
BITMAP
0200
0F00
3E00
F830
E0F8
E3F8
E7B8
E738
E038
F8F8
7FF0
1FC0
0700
ENDCHAR
STARTCHAR E7ED
ENCODING 59373
SWIDTH 687 0
DWIDTH 11 0
BBX 9 13 1 -1
BITMAP
8000
8000
8000
9480
9480
9480
9480
9480
1400
1400
1400
1400
1400
ENDCHAR
STARTCHAR E7EE
ENCODING 59374
SWIDTH 687 0
DWIDTH 11 0
BBX 11 11 0 0
BITMAP
1900
1F00
7FA0
FFE0
7FE0
5AE0
4B60
7FE0
57E0
7FC0
1F80
ENDCHAR
STARTCHAR E7EF
ENCODING 59375
SWIDTH 687 0
DWIDTH 11 0
BBX 12 11 0 0
BITMAP
1F00
3F00
3FD0
6460
FD40
ED60
7FE0
7FF0
FFE0
7FE0
19C0
ENDCHAR
STARTCHAR E7F0
ENCODING 59376
SWIDTH 687 0
DWIDTH 11 0
BBX 12 13 0 -1
BITMAP
0F80
3FC0
7F80
7080
E000
E000
E3F0
E3F0
E070
7070
7FE0
3FC0
0F80
ENDCHAR
STARTCHAR E7F1
ENCODING 59377
SWIDTH 687 0
DWIDTH 11 0
BBX 12 9 0 1
BITMAP
0F00
3F80
31C0
7CE0
FCE0
C030
C070
FFE0
3FC0
ENDCHAR
STARTCHAR E7F2
ENCODING 59378
SWIDTH 687 0
DWIDTH 11 0
BBX 13 9 0 1
BITMAP
0030
0008
1F88
1FF8
7BF0
7FE0
FFC0
FFC0
CC80
ENDCHAR
STARTCHAR E7F3
ENCODING 59379
SWIDTH 687 0
DWIDTH 11 0
BBX 12 13 0 -1
BITMAP
0200
0600
2FC0
7C60
3020
33D0
6460
E420
7360
3870
1FC0
1F80
0080
ENDCHAR
STARTCHAR E7F4
ENCODING 59380
SWIDTH 687 0
DWIDTH 11 0
BBX 12 12 0 0
BITMAP
0600
0F00
FAE0
C960
5120
60A0
6060
C020
FFF0
50A0
0F00
0600
ENDCHAR
STARTCHAR E7F5
ENCODING 59381
SWIDTH 687 0
DWIDTH 11 0
BBX 13 6 0 2
BITMAP
9D90
0B60
7DC0
7D28
1010
2000
ENDCHAR
STARTCHAR E7F6
ENCODING 59382
SWIDTH 687 0
DWIDTH 11 0
BBX 13 11 0 0
BITMAP
0100
06C0
0A30
32A8
D208
5210
5560
C980
DA80
5B80
2400
ENDCHAR
STARTCHAR E7F7
ENCODING 59383
SWIDTH 687 0
DWIDTH 11 0
BBX 12 3 0 4
BITMAP
9F90
BFD0
F0F0
ENDCHAR
STARTCHAR E7F8
ENCODING 59384
SWIDTH 687 0
DWIDTH 11 0
BBX 13 9 0 1
BITMAP
0700
1FC0
3DE0
79F0
79F0
7FF0
7DF0
FFF8
7FF0
ENDCHAR
STARTCHAR E7F9
ENCODING 59385
SWIDTH 687 0
DWIDTH 11 0
BBX 13 10 0 0
BITMAP
FFF8
FFF8
F618
EA18
80C8
EB38
D618
FFF8
FFF8
7FF8
ENDCHAR
STARTCHAR E7FA
ENCODING 59386
SWIDTH 687 0
DWIDTH 11 0
BBX 13 13 0 -1
BITMAP
F078
FDF8
FFF8
FFF8
7FF0
7FF0
3FE0
7FF0
7FF0
FFF8
FFF8
FDF8
F0F8
ENDCHAR
STARTCHAR E7FB
ENCODING 59387
SWIDTH 687 0
DWIDTH 11 0
BBX 11 13 0 -1
BITMAP
0400
0400
2E80
3180
0000
9CA0
DCE0
DEA0
0000
2080
3F80
0400
0400
ENDCHAR
STARTCHAR E7FC
ENCODING 59388
SWIDTH 687 0
DWIDTH 11 0
BBX 12 13 0 -1
BITMAP
3E00
7F00
7F80
FF80
F000
7040
6040
20E0
21F0
1FE0
1FE0
0F40
0FC0
ENDCHAR
STARTCHAR E7FD
ENCODING 59389
SWIDTH 687 0
DWIDTH 11 0
BBX 8 13 1 -1
BITMAP
40
70
4C
44
BA
82
FD
F3
FD
FD
FF
FE
7C
ENDCHAR
STARTCHAR E7FE
ENCODING 59390
SWIDTH 687 0
DWIDTH 11 0
BBX 11 13 0 -1
BITMAP
0E00
3F00
7FC0
E6E0
E6E0
E0E0
E0E0
E6E0
E6E0
E6E0
7FC0
1F00
0C00
ENDCHAR
STARTCHAR E7FF
ENCODING 59391
SWIDTH 687 0
DWIDTH 11 0
BBX 13 3 0 4
BITMAP
FFF8
E490
E490
ENDCHAR
STARTCHAR E800
ENCODING 59392
SWIDTH 687 0
DWIDTH 11 0
BBX 12 13 0 -1
BITMAP
0C00
1F80
3E60
7CE0
FAF0
77F0
AFF0
5F70
7960
BF60
3F40
1F80
0300
ENDCHAR
STARTCHAR E801
ENCODING 59393
SWIDTH 687 0
DWIDTH 11 0
BBX 12 13 0 -1
BITMAP
0600
0900
1080
2940
7FE0
FFF0
FFF0
3FE0
3B80
1FB0
1F80
0E00
0200
ENDCHAR
STARTCHAR E802
ENCODING 59394
SWIDTH 687 0
DWIDTH 11 0
BBX 13 13 0 -1
BITMAP
0F80
3040
47A0
47D0
87E8
BFE8
BFE8
BFE8
BFE8
5FD0
4F90
3060
0F80
ENDCHAR
STARTCHAR E803
ENCODING 59395
SWIDTH 687 0
DWIDTH 11 0
BBX 9 12 1 -1
BITMAP
0400
7A00
7F00
EE00
DB00
B300
9F00
F700
FF80
FF80
2400
C000
ENDCHAR
STARTCHAR E804
ENCODING 59396
SWIDTH 687 0
DWIDTH 11 0
BBX 11 11 0 0
BITMAP
1FE0
3C60
7C60
FC60
FC60
FFE0
C460
C460
64C0
3F80
1F00
ENDCHAR
STARTCHAR E805
ENCODING 59397
SWIDTH 687 0
DWIDTH 11 0
BBX 13 13 0 -1
BITMAP
1FC0
3060
6230
4A90
9258
B9E8
8908
9558
CD98
5B90
6A30
39E0
0F80
ENDCHAR
STARTCHAR E806
ENCODING 59398
SWIDTH 687 0
DWIDTH 11 0
BBX 13 13 0 -1
BITMAP
0600
0F00
0F80
0F80
7FE0
F8F0
F8F8
F8F8
7FF0
1FC0
0F80
0F80
0700
ENDCHAR
STARTCHAR E807
ENCODING 59399
SWIDTH 687 0
DWIDTH 11 0
BBX 12 13 0 -1
BITMAP
0FF0
0810
0410
05A0
05A0
6670
9990
E670
A810
B010
81E0
8600
7800
ENDCHAR
STARTCHAR E808
ENCODING 59400
SWIDTH 687 0
DWIDTH 11 0
BBX 13 13 0 -1
BITMAP
0400
1F00
7B80
F1C0
FFE0
3FF0
0998
0FB8
0FE0
03C0
0F80
1E00
0C00
ENDCHAR
STARTCHAR E809
ENCODING 59401
SWIDTH 687 0
DWIDTH 11 0
BBX 11 13 0 -1
BITMAP
0400
1F00
7BC0
EEE0
F9E0
E0E0
E0E0
E0E0
F9E0
EEE0
7BC0
1F00
0400
ENDCHAR
STARTCHAR E80A
ENCODING 59402
SWIDTH 687 0
DWIDTH 11 0
BBX 13 13 0 -1
BITMAP
FFF8
FFF8
7FF8
7FF8
FFF8
F078
F078
F078
FFF8
FFE0
FFF0
FFF8
FFF8
ENDCHAR
STARTCHAR E80B
ENCODING 59403
SWIDTH 687 0
DWIDTH 11 0
BBX 12 13 0 -1
BITMAP
0600
1F40
3FE0
7BF0
E9F0
F8F0
D0F0
D8F0
D9F0
5CF0
7FE0
3FC0
0F00
ENDCHAR
STARTCHAR E80C
ENCODING 59404
SWIDTH 687 0
DWIDTH 11 0
BBX 11 13 0 -1
BITMAP
0400
0E00
3500
64C0
C460
CE60
BFA0
FFE0
8C60
64C0
3580
1F00
0400
ENDCHAR
STARTCHAR E80D
ENCODING 59405
SWIDTH 687 0
DWIDTH 11 0
BBX 13 12 0 -1
BITMAP
0700
0F80
0F80
0F80
0F80
0700
78F0
F9F0
FDF8
FDF8
F9F0
3060
ENDCHAR
STARTCHAR E80E
ENCODING 59406
SWIDTH 687 0
DWIDTH 11 0
BBX 13 13 0 -1
BITMAP
0F80
3FE0
7070
77F0
F7F8
F0F8
FE78
FF78
FF78
6070
70E0
3FC0
0F80
ENDCHAR
STARTCHAR E80F
ENCODING 59407
SWIDTH 687 0
DWIDTH 11 0
BBX 10 13 0 -1
BITMAP
00C0
9E00
3F80
C080
0000
0000
0000
0000
0040
6180
3F00
C000
4000
ENDCHAR
STARTCHAR E810
ENCODING 59408
SWIDTH 687 0
DWIDTH 11 0
BBX 13 11 0 0
BITMAP
7FF0
FFF8
FBF8
FBF8
FFF8
FFF8
FFF8
F7B8
FFD8
CF38
FFF8
ENDCHAR
STARTCHAR E811
ENCODING 59409
SWIDTH 687 0
DWIDTH 11 0
BBX 13 11 0 0
BITMAP
FFF8
FDF8
FDF8
FDF8
FDF8
FDF8
FAF8
E238
CF18
DFD8
FFF8
ENDCHAR
STARTCHAR E812
ENCODING 59410
SWIDTH 687 0
DWIDTH 11 0
BBX 13 12 0 0
BITMAP
0060
0060
00E0
0CE0
0FE0
1FF0
1F70
3DF0
3AF0
7E70
7FF8
FFF8
ENDCHAR
STARTCHAR E813
ENCODING 59411
SWIDTH 687 0
DWIDTH 11 0
BBX 7 13 1 -1
BITMAP
C0
C0
C0
C0
C0
C6
CC
D8
F0
F8
CC
CE
C6
ENDCHAR
STARTCHAR E814
ENCODING 59412
SWIDTH 687 0
DWIDTH 11 0
BBX 11 11 0 0
BITMAP
1F00
3B80
7BC0
F0E0
FBE0
F5E0
E1E0
E6E0
4EC0
3F80
1F00
ENDCHAR
STARTCHAR E815
ENCODING 59413
SWIDTH 687 0
DWIDTH 11 0
BBX 13 13 0 -1
BITMAP
0738
0770
0770
07E0
87E0
87C0
53C0
73C0
7BE0
7BE0
4B70
0970
0138
ENDCHAR
STARTCHAR E816
ENCODING 59414
SWIDTH 687 0
DWIDTH 11 0
BBX 13 13 0 -1
BITMAP
0F80
3AC0
6FA0
7EF0
EFB8
FDE8
B8F8
F9E8
BFF8
7F70
7FE0
3540
0F80
ENDCHAR
STARTCHAR E817
ENCODING 59415
SWIDTH 687 0
DWIDTH 11 0
BBX 13 13 0 -1
BITMAP
FFF8
FFF8
FFF8
E678
E4F8
E1F8
E1F8
E4F8
E678
E778
FFF8
FFF8
FFF8
ENDCHAR
STARTCHAR E818
ENCODING 59416
SWIDTH 687 0
DWIDTH 11 0
BBX 10 13 0 -1
BITMAP
FFC0
FF80
FF00
FE00
FE00
FC00
F800
F600
E700
CF80
9F80
3FC0
7FC0
ENDCHAR
STARTCHAR E819
ENCODING 59417
SWIDTH 687 0
DWIDTH 11 0
BBX 12 13 0 -1
BITMAP
0500
2640
52A0
3FC0
1B80
97B0
79E0
D790
1A80
3FC0
12A0
2640
0500
ENDCHAR
STARTCHAR E81A
ENCODING 59418
SWIDTH 687 0
DWIDTH 11 0
BBX 12 3 0 4
BITMAP
E100
FDF0
3FF0
ENDCHAR
STARTCHAR E81B
ENCODING 59419
SWIDTH 687 0
DWIDTH 11 0
BBX 10 10 0 0
BITMAP
FFC0
FF80
FF00
FE00
FC00
FC00
FE00
FF00
FF80
FFC0
ENDCHAR
STARTCHAR E81C
ENCODING 59420
SWIDTH 687 0
DWIDTH 11 0
BBX 9 9 1 1
BITMAP
3000
7800
FC00
FE00
7F00
3F80
1F80
0F00
0600
ENDCHAR
STARTCHAR E81D
ENCODING 59421
SWIDTH 687 0
DWIDTH 11 0
BBX 13 13 0 -1
BITMAP
0200
0F80
3DE0
79F0
6530
6430
EAB0
E038
EAB8
7270
77E0
3FC0
1FC0
ENDCHAR
STARTCHAR E81E
ENCODING 59422
SWIDTH 687 0
DWIDTH 11 0
BBX 12 9 0 1
BITMAP
2000
3800
FE00
3780
23F0
3780
FE00
3800
2000
ENDCHAR
STARTCHAR E81F
ENCODING 59423
SWIDTH 687 0
DWIDTH 11 0
BBX 12 5 0 3
BITMAP
EC70
E7A0
D630
A740
4380
ENDCHAR
STARTCHAR E820
ENCODING 59424
SWIDTH 687 0
DWIDTH 11 0
BBX 12 13 0 -1
BITMAP
FFF0
FFF0
DFF0
DFF0
FFF0
CA30
C830
C9B0
C9B0
C9B0
C9B0
FFF0
FFF0
ENDCHAR
STARTCHAR E821
ENCODING 59425
SWIDTH 687 0
DWIDTH 11 0
BBX 9 13 1 -1
BITMAP
3E00
FF80
FF80
7E00
0080
0F80
7F00
F880
8F80
7F00
F880
CF80
3E00
ENDCHAR
STARTCHAR E822
ENCODING 59426
SWIDTH 687 0
DWIDTH 11 0
BBX 11 12 0 -1
BITMAP
3F00
7380
79C0
C8C0
E1E0
E1C0
FFC0
7FC0
2D80
2D00
0C00
0400
ENDCHAR
STARTCHAR E823
ENCODING 59427
SWIDTH 687 0
DWIDTH 11 0
BBX 13 8 0 1
BITMAP
7660
E270
FFF8
C708
0F80
0380
1DC0
0080
ENDCHAR
STARTCHAR E824
ENCODING 59428
SWIDTH 687 0
DWIDTH 11 0
BBX 13 11 0 0
BITMAP
8000
8000
80E0
8110
8108
8308
8118
8190
FCE0
0000
FFF8
ENDCHAR
STARTCHAR E825
ENCODING 59429
SWIDTH 687 0
DWIDTH 11 0
BBX 11 13 0 -1
BITMAP
C000
F000
F800
F800
F800
F800
F800
F800
F9E0
F9E0
79E0
79E0
19E0
ENDCHAR
STARTCHAR E826
ENCODING 59430
SWIDTH 687 0
DWIDTH 11 0
BBX 11 12 1 -1
BITMAP
0060
0060
3F60
7C80
7C40
FCC0
FFC0
FFC0
7FC0
7F80
3F00
4000
ENDCHAR
STARTCHAR E827
ENCODING 59431
SWIDTH 687 0
DWIDTH 11 0
BBX 7 16 2 -3
BITMAP
32
CC
32
CC
32
CC
32
CC
28
28
7C
7C
0C
30
78
30
ENDCHAR
STARTCHAR E828
ENCODING 59432
SWIDTH 687 0
DWIDTH 11 0
BBX 13 9 0 1
BITMAP
0008
0030
0060
00E0
01E0
0FC0
1FC0
E180
C100
ENDCHAR
STARTCHAR E829
ENCODING 59433
SWIDTH 687 0
DWIDTH 11 0
BBX 13 9 0 1
BITMAP
C0D8
E3D0
FFC0
CCC8
C1D8
4798
0638
06F0
03C0
ENDCHAR
STARTCHAR E82A
ENCODING 59434
SWIDTH 687 0
DWIDTH 11 0
BBX 12 11 0 0
BITMAP
0080
01C0
03C0
0DE0
13E0
4FE0
87F0
5FF0
2F90
0700
0600
ENDCHAR
STARTCHAR E82B
ENCODING 59435
SWIDTH 687 0
DWIDTH 11 0
BBX 13 13 0 -1
BITMAP
0F80
3A40
5FA0
AFD0
DFA8
FF68
FFE8
EB78
F6A8
EF50
52E0
2F40
1F80
ENDCHAR
STARTCHAR E82C
ENCODING 59436
SWIDTH 687 0
DWIDTH 11 0
BBX 10 12 0 -1
BITMAP
C000
C0C0
C1C0
E380
E700
A700
6E00
7E00
7C00
6800
1000
6000
ENDCHAR
STARTCHAR E82D
ENCODING 59437
SWIDTH 687 0
DWIDTH 11 0
BBX 12 11 0 -1
BITMAP
F0F0
F0F0
F9F0
F9F0
F9F0
FFF0
EFF0
EF70
E770
E070
E070
ENDCHAR
STARTCHAR E82E
ENCODING 59438
SWIDTH 687 0
DWIDTH 11 0
BBX 12 13 0 -1
BITMAP
1800
6800
3600
1FC0
0BE0
1DB0
1A40
3500
6F00
BA00
DE00
F600
3C00
ENDCHAR
STARTCHAR E82F
ENCODING 59439
SWIDTH 687 0
DWIDTH 11 0
BBX 13 13 0 -1
BITMAP
FFF8
FFF8
F3F8
F3F8
F278
9278
9278
9248
9248
9248
9248
FFF8
FFF8
ENDCHAR
STARTCHAR E830
ENCODING 59440
SWIDTH 687 0
DWIDTH 11 0
BBX 13 13 0 -1
BITMAP
1DC0
4630
8510
8908
8F88
9888
A950
6630
3FE0
2040
2040
1080
0F00
ENDCHAR
STARTCHAR E831
ENCODING 59441
SWIDTH 687 0
DWIDTH 11 0
BBX 13 13 0 -1
BITMAP
FFF8
FFF8
FFF8
CF98
EFB8
EAB8
EAB8
EFB8
EDB8
CF98
FFF8
FFF8
FFF8
ENDCHAR
STARTCHAR E832
ENCODING 59442
SWIDTH 687 0
DWIDTH 11 0
BBX 11 13 0 -1
BITMAP
0400
1F00
7FC0
BFE0
FFE0
FFE0
FFE0
FFE0
FFE0
FFE0
7FC0
1500
0E00
ENDCHAR
STARTCHAR E833
ENCODING 59443
SWIDTH 687 0
DWIDTH 11 0
BBX 11 12 0 0
BITMAP
6000
7FE0
7DE0
7FC0
7F80
39C0
1F60
3FE0
7EE0
7FE0
FC60
0020
ENDCHAR
STARTCHAR E834
ENCODING 59444
SWIDTH 687 0
DWIDTH 11 0
BBX 12 11 0 0
BITMAP
0300
0380
0200
0200
0E00
0E00
FE00
E1E0
00F0
00F0
00E0
ENDCHAR
STARTCHAR E835
ENCODING 59445
SWIDTH 687 0
DWIDTH 11 0
BBX 12 5 1 3
BITMAP
1F80
FBF0
2F40
0380
0800
ENDCHAR
STARTCHAR E836
ENCODING 59446
SWIDTH 687 0
DWIDTH 11 0
BBX 12 9 0 1
BITMAP
0200
3C00
FFE0
BFF0
B330
B330
3330
3330
3330
ENDCHAR
STARTCHAR E837
ENCODING 59447
SWIDTH 687 0
DWIDTH 11 0
BBX 12 13 0 -1
BITMAP
C4C0
CDE0
EDC0
FCE0
F5E0
FFE0
FFF0
FFE0
DDE0
DDF0
DFF0
FFF0
FFE0
ENDCHAR
STARTCHAR E838
ENCODING 59448
SWIDTH 687 0
DWIDTH 11 0
BBX 9 13 1 -1
BITMAP
0600
4000
FF80
3180
3180
3180
3180
3180
3180
0000
0180
0180
0180
ENDCHAR
STARTCHAR E839
ENCODING 59449
SWIDTH 687 0
DWIDTH 11 0
BBX 8 7 1 2
BITMAP
0E
11
11
D1
31
70
C0
ENDCHAR
STARTCHAR E83A
ENCODING 59450
SWIDTH 687 0
DWIDTH 11 0
BBX 11 12 0 0
BITMAP
3080
F8C0
B8E0
DCE0
BEE0
AEE0
A7E0
A7E0
A3A0
A3E0
6180
2000
ENDCHAR
STARTCHAR E83B
ENCODING 59451
SWIDTH 687 0
DWIDTH 11 0
BBX 13 13 0 -1
BITMAP
0100
01C0
1FC0
7FD0
FFB0
7FF8
07F8
03F8
13F8
16F0
1DE0
01C0
0100
ENDCHAR
STARTCHAR E83C
ENCODING 59452
SWIDTH 687 0
DWIDTH 11 0
BBX 13 11 0 0
BITMAP
0200
0200
1200
0000
0700
F578
0500
0000
1200
0200
0200
ENDCHAR
STARTCHAR E83D
ENCODING 59453
SWIDTH 687 0
DWIDTH 11 0
BBX 12 13 0 -1
BITMAP
0030
0030
07F0
0840
CFC0
97C0
FF50
E8B0
47A0
00C0
0FA0
05E0
01C0
ENDCHAR
STARTCHAR E83E
ENCODING 59454
SWIDTH 687 0
DWIDTH 11 0
BBX 13 13 0 -1
BITMAP
0F80
3FC0
7FE0
7FF0
F770
F378
F578
F778
F6F8
7F70
7FA0
3FC0
0F80
ENDCHAR
STARTCHAR E83F
ENCODING 59455
SWIDTH 687 0
DWIDTH 11 0
BBX 12 13 0 -1
BITMAP
0400
3F80
FFF0
E1F0
E0E0
C6E0
CFE0
6F60
6260
70E0
3FC0
1F00
0400
ENDCHAR
STARTCHAR E840
ENCODING 59456
SWIDTH 687 0
DWIDTH 11 0
BBX 13 13 0 -1
BITMAP
0700
1BC0
1FE0
FFF0
7FF0
FCE8
FF68
FFE8
BFF0
7FD0
5FA0
3240
0F80
ENDCHAR
STARTCHAR E841
ENCODING 59457
SWIDTH 687 0
DWIDTH 11 0
BBX 13 9 0 1
BITMAP
0200
3FE0
FFF8
6030
0000
4710
3FE0
3FE0
0F80
ENDCHAR
STARTCHAR E842
ENCODING 59458
SWIDTH 687 0
DWIDTH 11 0
BBX 12 11 0 0
BITMAP
0600
27C0
FCF0
FFB0
FFB0
AFF0
FFF0
CFF0
FFF0
1FC0
0600
ENDCHAR
STARTCHAR E843
ENCODING 59459
SWIDTH 687 0
DWIDTH 11 0
BBX 12 11 0 0
BITMAP
1280
1B80
3FA0
01A0
10E0
F070
30C0
7880
0BE0
1C80
16C0
ENDCHAR
STARTCHAR E844
ENCODING 59460
SWIDTH 687 0
DWIDTH 11 0
BBX 10 12 0 -1
BITMAP
1E00
3F00
FFC0
D2C0
C0C0
C4C0
CCC0
CCC0
CCC0
7F80
3F00
0C00
ENDCHAR
STARTCHAR E845
ENCODING 59461
SWIDTH 687 0
DWIDTH 11 0
BBX 11 13 0 -1
BITMAP
0400
1F00
7FC0
FFE0
FFE0
FEE0
FDE0
E7E0
DFE0
FFE0
7FC0
1F00
0400
ENDCHAR
STARTCHAR E846
ENCODING 59462
SWIDTH 687 0
DWIDTH 11 0
BBX 11 13 0 -1
BITMAP
0400
1F00
7FC0
FEE0
FCE0
F4E0
E0E0
E5E0
E7E0
EFE0
7FC0
1F00
0400
ENDCHAR
STARTCHAR E847
ENCODING 59463
SWIDTH 687 0
DWIDTH 11 0
BBX 13 13 0 -1
BITMAP
0600
1C00
3DE0
7FF0
6F78
6C18
E818
E398
6798
7FB0
3DF0
19E0
0980
ENDCHAR
STARTCHAR E848
ENCODING 59464
SWIDTH 687 0
DWIDTH 11 0
BBX 13 13 0 -1
BITMAP
1FC0
E020
BFD0
8008
9FE8
91E8
99E8
9CE8
9A68
9B68
DFE8
4010
3FF0
ENDCHAR
STARTCHAR E849
ENCODING 59465
SWIDTH 687 0
DWIDTH 11 0
BBX 13 12 0 0
BITMAP
C000
0000
0FF0
1BF8
13F8
13F8
1FB8
1F08
1E08
1F08
1FB0
0FE0
ENDCHAR
STARTCHAR E84A
ENCODING 59466
SWIDTH 687 0
DWIDTH 11 0
BBX 12 13 0 -1
BITMAP
0600
0700
78E0
3240
CF30
C0B0
EDB0
ED80
FD30
DCB0
5DA0
0D80
0500
ENDCHAR
STARTCHAR E84B
ENCODING 59467
SWIDTH 687 0
DWIDTH 11 0
BBX 13 10 0 0
BITMAP
0400
0A00
1380
1140
2340
22A0
44A0
4850
8828
FFF8
ENDCHAR
STARTCHAR E84C
ENCODING 59468
SWIDTH 687 0
DWIDTH 11 0
BBX 13 13 0 -1
BITMAP
0F80
2FE0
5FF0
BEF0
7DF8
F8F8
F8F8
F8F8
6B78
BFF0
7FF0
2D60
1F80
ENDCHAR
STARTCHAR E84D
ENCODING 59469
SWIDTH 687 0
DWIDTH 11 0
BBX 12 13 0 -1
BITMAP
0700
18C0
6020
8010
C030
DA70
EFB0
DA70
C030
8010
4020
3040
0F80
ENDCHAR
STARTCHAR E84E
ENCODING 59470
SWIDTH 687 0
DWIDTH 11 0
BBX 13 11 0 0
BITMAP
FFF0
FFF8
FFF8
B7F8
8718
0378
0078
43F8
EFF8
FDF8
DDF8
ENDCHAR
STARTCHAR E84F
ENCODING 59471
SWIDTH 687 0
DWIDTH 11 0
BBX 12 7 0 2
BITMAP
7FE0
7B60
7FE0
7DE0
C570
97B0
F870
ENDCHAR
STARTCHAR E850
ENCODING 59472
SWIDTH 687 0
DWIDTH 11 0
BBX 11 10 0 0
BITMAP
C0C0
8C40
9F40
B340
B120
B340
9F40
8C40
8040
40C0
ENDCHAR
STARTCHAR E851
ENCODING 59473
SWIDTH 687 0
DWIDTH 11 0
BBX 13 7 0 2
BITMAP
0180
03C0
A5B0
D5F0
FDF8
4280
0180
ENDCHAR
STARTCHAR E852
ENCODING 59474
SWIDTH 687 0
DWIDTH 11 0
BBX 13 13 0 -1
BITMAP
0030
0038
1FB0
7F40
7EA0
F160
EEE0
EEE0
E6E0
E2E0
5F40
3F80
1F00
ENDCHAR
STARTCHAR E853
ENCODING 59475
SWIDTH 687 0
DWIDTH 11 0
BBX 13 5 0 3
BITMAP
0F00
20E0
4058
BE90
D658
ENDCHAR
STARTCHAR E854
ENCODING 59476
SWIDTH 687 0
DWIDTH 11 0
BBX 13 12 0 -1
BITMAP
0700
0F80
18C0
18C0
0880
3000
7090
C198
CD98
CD98
7CF0
3060
ENDCHAR
STARTCHAR E855
ENCODING 59477
SWIDTH 687 0
DWIDTH 11 0
BBX 13 5 0 3
BITMAP
3F00
E000
DEE0
6818
3F00
ENDCHAR
STARTCHAR E856
ENCODING 59478
SWIDTH 687 0
DWIDTH 11 0
BBX 13 11 0 0
BITMAP
FFE0
FFE0
E0E0
0000
E0E0
E0E0
E0E0
0000
FFE0
FFE0
FFF8
ENDCHAR
STARTCHAR E857
ENCODING 59479
SWIDTH 687 0
DWIDTH 11 0
BBX 13 7 0 2
BITMAP
0F00
3FF8
7FF8
9FF8
F980
9040
6000
ENDCHAR
STARTCHAR E858
ENCODING 59480
SWIDTH 687 0
DWIDTH 11 0
BBX 12 12 0 -1
BITMAP
00C0
00E0
0170
03B0
07C0
0280
0F80
1E80
3900
6000
C000
4000
ENDCHAR
STARTCHAR E859
ENCODING 59481
SWIDTH 687 0
DWIDTH 11 0
BBX 13 2 0 4
BITMAP
FF58
C9E8
ENDCHAR
STARTCHAR E85A
ENCODING 59482
SWIDTH 687 0
DWIDTH 11 0
BBX 8 16 1 -3
BITMAP
1C
7F
C3
00
3C
7E
7F
FF
FF
7F
7E
18
80
E3
3E
08
ENDCHAR
STARTCHAR E85B
ENCODING 59483
SWIDTH 687 0
DWIDTH 11 0
BBX 13 6 0 2
BITMAP
0C00
EC58
A250
BF48
C050
8080
ENDCHAR
STARTCHAR E85C
ENCODING 59484
SWIDTH 687 0
DWIDTH 11 0
BBX 8 12 1 0
BITMAP
30
9C
EE
F7
F7
F7
F7
F7
F7
F0
30
10
ENDCHAR
STARTCHAR E85D
ENCODING 59485
SWIDTH 687 0
DWIDTH 11 0
BBX 8 13 1 -1
BITMAP
01
21
21
A5
85
A5
81
A5
A1
A5
84
84
80
ENDCHAR
STARTCHAR E85E
ENCODING 59486
SWIDTH 687 0
DWIDTH 11 0
BBX 13 13 0 -1
BITMAP
FFF0
FFC0
FFC0
FF98
FB98
8108
9D38
9D38
9938
8178
0678
3FF8
7FF8
ENDCHAR
STARTCHAR E85F
ENCODING 59487
SWIDTH 687 0
DWIDTH 11 0
BBX 12 12 0 -1
BITMAP
0100
0390
0770
0DE0
17C0
2FC0
3F00
FC00
0E00
0380
1A80
1780
ENDCHAR
STARTCHAR E860
ENCODING 59488
SWIDTH 687 0
DWIDTH 11 0
BBX 12 9 0 1
BITMAP
F000
7A00
3E40
3B80
24C0
3350
1C00
0200
0080
ENDCHAR
STARTCHAR E861
ENCODING 59489
SWIDTH 687 0
DWIDTH 11 0
BBX 13 3 0 4
BITMAP
6000
9FA8
C800
ENDCHAR
STARTCHAR E862
ENCODING 59490
SWIDTH 687 0
DWIDTH 11 0
BBX 11 11 0 0
BITMAP
7800
FFC0
FFC0
E7E0
EDE0
FFC0
7FC0
7FE0
7FE0
1FC0
0700
ENDCHAR
STARTCHAR E863
ENCODING 59491
SWIDTH 687 0
DWIDTH 11 0
BBX 11 8 0 1
BITMAP
0C00
1FE0
FBE0
FF40
6FC0
7CC0
0F80
0200
ENDCHAR
STARTCHAR E864
ENCODING 59492
SWIDTH 687 0
DWIDTH 11 0
BBX 13 13 0 -1
BITMAP
FFF8
FFF8
DED8
D298
FFF8
D298
F398
D298
D298
D298
D298
FFF8
FFF8
ENDCHAR
STARTCHAR E865
ENCODING 59493
SWIDTH 687 0
DWIDTH 11 0
BBX 13 13 0 -1
BITMAP
FF78
FF78
FF78
FF78
0F78
0F78
0F78
0F78
0F78
FF78
FF78
FF78
FF78
ENDCHAR
STARTCHAR E866
ENCODING 59494
SWIDTH 687 0
DWIDTH 11 0
BBX 13 13 0 -1
BITMAP
1F80
2240
5DA0
9890
AE88
AD88
9BC8
A750
BD70
8EF0
4F10
3360
0F80
ENDCHAR
STARTCHAR E867
ENCODING 59495
SWIDTH 687 0
DWIDTH 11 0
BBX 10 11 0 -1
BITMAP
FFC0
FFC0
FFC0
F780
FB80
FD00
FE00
FF00
FF80
7E00
3C00
ENDCHAR
STARTCHAR E868
ENCODING 59496
SWIDTH 687 0
DWIDTH 11 0
BBX 13 13 0 -1
BITMAP
0F80
1FC0
7FF0
63F0
DDF8
DE78
DDD8
F3D8
FDD8
7E30
7FF0
3FE0
0F80
ENDCHAR
STARTCHAR E869
ENCODING 59497
SWIDTH 687 0
DWIDTH 11 0
BBX 8 12 1 0
BITMAP
1C
2B
76
14
64
74
F4
F4
7C
FC
FC
3C
ENDCHAR
STARTCHAR E86A
ENCODING 59498
SWIDTH 687 0
DWIDTH 11 0
BBX 13 13 0 -1
BITMAP
0F80
3560
4910
8888
9FC8
8CC8
8868
88D8
0D48
7E90
0010
3020
0FC0
ENDCHAR
STARTCHAR E86B
ENCODING 59499
SWIDTH 687 0
DWIDTH 11 0
BBX 12 13 0 -1
BITMAP
0700
1FC0
7FE0
7FB0
FEF0
FFF0
FBF0
FFF0
F7F0
6FF0
7FE0
3FC0
0F00
ENDCHAR
STARTCHAR E86C
ENCODING 59500
SWIDTH 687 0
DWIDTH 11 0
BBX 12 9 0 1
BITMAP
3FF0
37F0
7BF0
79F0
7CF0
79E0
F7E0
CC60
FFE0
ENDCHAR
STARTCHAR E86D
ENCODING 59501
SWIDTH 687 0
DWIDTH 11 0
BBX 13 13 0 -1
BITMAP
FFF8
FFF8
FFF8
E3F8
EDF8
ED38
E378
EF78
EF78
FFF8
FFF8
FFF8
FFF8
ENDCHAR
STARTCHAR E86E
ENCODING 59502
SWIDTH 687 0
DWIDTH 11 0
BBX 10 13 0 -1
BITMAP
0400
0C00
0E00
1A00
3900
3900
7880
7880
F0C0
F040
71C0
3F00
3800
ENDCHAR
STARTCHAR E86F
ENCODING 59503
SWIDTH 687 0
DWIDTH 11 0
BBX 13 13 0 -1
BITMAP
0F80
3FC0
7C60
7D70
FF70
F2F8
FB78
FB78
FBF0
7BF0
71E0
3FC0
0F80
ENDCHAR
STARTCHAR E870
ENCODING 59504
SWIDTH 687 0
DWIDTH 11 0
BBX 13 13 0 -1
BITMAP
0F80
1FC0
7DF0
75F0
F078
F078
F078
E038
FFF8
6030
7FF0
38E0
0F80
ENDCHAR
STARTCHAR E871
ENCODING 59505
SWIDTH 687 0
DWIDTH 11 0
BBX 13 13 0 -1
BITMAP
0F80
3FE0
70F0
6070
CF18
DF98
DF98
C018
FFF8
7FF0
7FF0
3FE0
0F80
ENDCHAR
STARTCHAR E872
ENCODING 59506
SWIDTH 687 0
DWIDTH 11 0
BBX 12 13 0 -1
BITMAP
1000
6FD0
89B0
9750
A8A0
5760
5750
5770
A8B0
9750
2890
4320
BCC0
ENDCHAR
STARTCHAR E873
ENCODING 59507
SWIDTH 687 0
DWIDTH 11 0
BBX 12 13 0 -1
BITMAP
0700
0700
70E0
70E0
8710
C630
D8B0
1980
CF10
C030
59B0
1D80
0F00
ENDCHAR
STARTCHAR E874
ENCODING 59508
SWIDTH 687 0
DWIDTH 11 0
BBX 9 13 1 -1
BITMAP
6300
7F00
BD00
7780
4100
8100
FE80
FF80
8080
8480
ED80
8080
FF80
ENDCHAR
STARTCHAR E875
ENCODING 59509
SWIDTH 687 0
DWIDTH 11 0
BBX 13 7 0 2
BITMAP
0060
0FB0
2018
4FB0
8000
4F00
2000
ENDCHAR
STARTCHAR E876
ENCODING 59510
SWIDTH 687 0
DWIDTH 11 0
BBX 12 11 0 0
BITMAP
03E0
0420
0120
07F0
07F0
07E0
7C00
5400
4400
FE00
FE00
ENDCHAR
STARTCHAR E877
ENCODING 59511
SWIDTH 687 0
DWIDTH 11 0
BBX 12 11 0 0
BITMAP
1C80
7F80
FF80
E7A0
E7B0
FFA0
FFA0
FFA0
FFA0
7FF0
17C0
ENDCHAR
STARTCHAR E878
ENCODING 59512
SWIDTH 687 0
DWIDTH 11 0
BBX 13 11 0 0
BITMAP
00E0
03E0
07F8
0FF8
3FF8
3FF8
3FF0
FFF8
FFF8
7FC0
0E00
ENDCHAR
STARTCHAR E879
ENCODING 59513
SWIDTH 687 0
DWIDTH 11 0
BBX 12 4 0 3
BITMAP
3EC0
D5B0
7960
1100
ENDCHAR
STARTCHAR E87A
ENCODING 59514
SWIDTH 687 0
DWIDTH 11 0
BBX 8 11 1 0
BITMAP
FF
00
FF
FF
FF
FF
FC
F0
F0
C0
C0
ENDCHAR
STARTCHAR E87B
ENCODING 59515
SWIDTH 687 0
DWIDTH 11 0
BBX 10 12 1 -1
BITMAP
0800
1800
3200
6080
C080
80C0
8040
8040
8040
C080
6300
3E00
ENDCHAR
STARTCHAR E87C
ENCODING 59516
SWIDTH 687 0
DWIDTH 11 0
BBX 13 13 0 -1
BITMAP
7E00
FFF8
FFF8
FFF0
EEA0
6AA0
3270
7FF8
7FF8
E1F8
FFF8
FFF0
7F80
ENDCHAR
STARTCHAR E87D
ENCODING 59517
SWIDTH 687 0
DWIDTH 11 0
BBX 13 9 0 1
BITMAP
7FF8
FFF8
E978
ED38
FD78
ED78
E3B8
FDF8
FFF0
ENDCHAR
STARTCHAR E87E
ENCODING 59518
SWIDTH 687 0
DWIDTH 11 0
BBX 11 11 0 0
BITMAP
FFE0
8020
8B20
8F20
9D20
9FA0
8F20
8920
8420
8620
FEE0
ENDCHAR
STARTCHAR E87F
ENCODING 59519
SWIDTH 687 0
DWIDTH 11 0
BBX 13 13 0 -1
BITMAP
0F80
3040
6620
4510
A9E8
B028
9648
8648
B068
79D0
6620
3040
0F80
ENDCHAR
STARTCHAR E880
ENCODING 59520
SWIDTH 687 0
DWIDTH 11 0
BBX 9 9 1 1
BITMAP
7E00
6F00
E700
E380
E380
F300
7B00
7E00
0600
ENDCHAR
STARTCHAR E881
ENCODING 59521
SWIDTH 687 0
DWIDTH 11 0
BBX 13 11 0 0
BITMAP
0F80
3FE0
7830
E7E8
E7F8
E638
E7F8
77F0
1FF0
0630
0638
ENDCHAR
STARTCHAR E882
ENCODING 59522
SWIDTH 687 0
DWIDTH 11 0
BBX 12 13 0 -1
BITMAP
C600
EE00
EE00
EE00
EE00
FFF0
FFF0
FFF0
FE30
FE30
FFF0
FFF0
FFF0
ENDCHAR
STARTCHAR E883
ENCODING 59523
SWIDTH 687 0
DWIDTH 11 0
BBX 13 13 0 -1
BITMAP
0F00
3FC0
7FE0
01F0
FF70
07B8
F838
FFB8
FFF0
FFF0
7FE0
3FC0
0F80
ENDCHAR
STARTCHAR E884
ENCODING 59524
SWIDTH 687 0
DWIDTH 11 0
BBX 13 6 0 2
BITMAP
7EE8
FEF8
7FE0
7FE0
60C0
60C0
ENDCHAR
STARTCHAR E885
ENCODING 59525
SWIDTH 687 0
DWIDTH 11 0
BBX 12 9 0 1
BITMAP
0200
0700
0F80
1F40
3E60
7CF0
F8F0
78E0
2040
ENDCHAR
STARTCHAR E886
ENCODING 59526
SWIDTH 687 0
DWIDTH 11 0
BBX 12 12 0 -1
BITMAP
1C00
23F0
1510
3D10
5910
89F0
D910
7D10
1D10
23F0
1600
1800
ENDCHAR
STARTCHAR E887
ENCODING 59527
SWIDTH 687 0
DWIDTH 11 0
BBX 13 13 0 -1
BITMAP
0F00
39C0
56E0
6950
B0D0
E038
E068
E058
A070
79D0
5660
2DC0
1F80
ENDCHAR
STARTCHAR E888
ENCODING 59528
SWIDTH 687 0
DWIDTH 11 0
BBX 13 9 0 1
BITMAP
0200
0700
0300
18C0
18E0
18E0
E738
E738
C210
ENDCHAR
STARTCHAR E889
ENCODING 59529
SWIDTH 687 0
DWIDTH 11 0
BBX 10 13 0 -1
BITMAP
7000
9FC0
F7C0
B040
D7C0
F7C0
F040
F7C0
F040
F040
F040
F040
0FC0
ENDCHAR
STARTCHAR E88A
ENCODING 59530
SWIDTH 687 0
DWIDTH 11 0
BBX 12 12 0 -1
BITMAP
1F80
0FC0
7FE0
FC10
D7E0
FF00
FFF0
73E0
7FE0
7DE0
07C0
1F00
ENDCHAR
STARTCHAR E88B
ENCODING 59531
SWIDTH 687 0
DWIDTH 11 0
BBX 12 13 0 -1
BITMAP
FFF0
FFF0
FFF0
FFF0
FFF0
FFF0
FFF0
FFF0
FFF0
FFF0
FFE0
F7F0
FFF0
ENDCHAR
STARTCHAR E88C
ENCODING 59532
SWIDTH 687 0
DWIDTH 11 0
BBX 12 13 0 -1
BITMAP
0600
1900
1080
2080
2080
2F80
2060
91B0
9990
9910
8210
8430
79E0
ENDCHAR
STARTCHAR E88D
ENCODING 59533
SWIDTH 687 0
DWIDTH 11 0
BBX 8 12 1 -1
BITMAP
7C
BA
FF
FE
BD
56
7E
EE
9A
6F
3B
14
ENDCHAR
STARTCHAR E88E
ENCODING 59534
SWIDTH 687 0
DWIDTH 11 0
BBX 11 13 0 -1
BITMAP
F800
F800
F800
F800
07C0
07E0
07E0
07E0
07C0
F800
F800
F800
F800
ENDCHAR
STARTCHAR E88F
ENCODING 59535
SWIDTH 687 0
DWIDTH 11 0
BBX 11 11 0 1
BITMAP
3A00
FF00
FF80
EEC0
E6E0
EDE0
7FC0
7FC0
7FE0
7FE0
1980
ENDCHAR
STARTCHAR E890
ENCODING 59536
SWIDTH 687 0
DWIDTH 11 0
BBX 12 10 0 0
BITMAP
0060
01C0
23E0
CFB0
BB00
6C30
1870
33F0
E3F0
0FF0
ENDCHAR
STARTCHAR E891
ENCODING 59537
SWIDTH 687 0
DWIDTH 11 0
BBX 13 13 0 -1
BITMAP
0F00
1FC0
7FE0
7FF0
FFF0
FE78
FC38
F818
F080
61C0
43E0
07E0
0F80
ENDCHAR
STARTCHAR E892
ENCODING 59538
SWIDTH 687 0
DWIDTH 11 0
BBX 10 13 0 -1
BITMAP
7F00
7D80
7BC0
7BC0
70C0
61C0
6380
4700
4F00
8F80
9F80
9FC0
6000
ENDCHAR
STARTCHAR E893
ENCODING 59539
SWIDTH 687 0
DWIDTH 11 0
BBX 11 11 0 0
BITMAP
CC60
CC60
0000
0000
0000
CC60
CC60
0000
0000
CC60
CC60
ENDCHAR
STARTCHAR E894
ENCODING 59540
SWIDTH 687 0
DWIDTH 11 0
BBX 13 13 0 -1
BITMAP
0700
1FC0
7060
6030
CF90
DFD8
DF98
CF18
8710
6230
7070
3FE0
0F80
ENDCHAR
STARTCHAR E895
ENCODING 59541
SWIDTH 687 0
DWIDTH 11 0
BBX 13 13 0 -1
BITMAP
0F80
1FC0
7FF0
71F0
FBF8
FBF8
F9F8
FAF8
FB78
7FF0
7FF0
3FE0
0F80
ENDCHAR
STARTCHAR E896
ENCODING 59542
SWIDTH 687 0
DWIDTH 11 0
BBX 12 11 0 0
BITMAP
1DC0
FFE0
FFB0
ECA0
E7A0
EBA0
FFA0
FFA0
FF80
7F80
3F00
ENDCHAR
STARTCHAR E897
ENCODING 59543
SWIDTH 687 0
DWIDTH 11 0
BBX 13 13 0 -1
BITMAP
0800
1F80
7FC0
7FE0
FFE0
F010
7010
F018
7038
7018
3CF0
1FE0
07C0
ENDCHAR
STARTCHAR E898
ENCODING 59544
SWIDTH 687 0
DWIDTH 11 0
BBX 12 9 0 1
BITMAP
7B00
7FE0
7FF0
7FF0
D7F0
FFF0
FFE0
7F80
1C00
ENDCHAR
STARTCHAR E899
ENCODING 59545
SWIDTH 687 0
DWIDTH 11 0
BBX 13 13 0 -1
BITMAP
FFF8
FFF8
F8F8
F078
E738
F3F8
F878
FF38
E738
F078
FCF8
FFF8
FFF8
ENDCHAR
STARTCHAR E89A
ENCODING 59546
SWIDTH 687 0
DWIDTH 11 0
BBX 8 13 1 -1
BITMAP
0C
1C
3C
38
78
73
F7
EF
0E
1E
1C
3C
18
ENDCHAR
STARTCHAR E89B
ENCODING 59547
SWIDTH 687 0
DWIDTH 11 0
BBX 13 7 0 2
BITMAP
01C0
07E0
07E0
EEE0
FDE8
FF30
77C0
ENDCHAR
STARTCHAR E89C
ENCODING 59548
SWIDTH 687 0
DWIDTH 11 0
BBX 12 6 0 2
BITMAP
FD00
D510
3510
DF90
0020
3FC0
ENDCHAR
STARTCHAR E89D
ENCODING 59549
SWIDTH 687 0
DWIDTH 11 0
BBX 12 13 0 -1
BITMAP
FFE0
FFC0
FF90
FD90
FC30
FE70
C7F0
BE70
8DB0
E430
B5F0
CE70
FFF0
ENDCHAR
STARTCHAR E89E
ENCODING 59550
SWIDTH 687 0
DWIDTH 11 0
BBX 13 13 0 -1
BITMAP
0F80
3FC0
79E0
7B70
FD50
FA38
F638
F6B8
F7F0
67F0
7FE0
3FC0
0F80
ENDCHAR
STARTCHAR E89F
ENCODING 59551
SWIDTH 687 0
DWIDTH 11 0
BBX 12 11 0 0
BITMAP
0600
0500
0900
0C80
16C0
3B40
2D20
35A0
D290
8A90
FBB0
ENDCHAR
STARTCHAR E8A0
ENCODING 59552
SWIDTH 687 0
DWIDTH 11 0
BBX 11 12 0 0
BITMAP
1E00
3B80
EEE0
FBE0
FFE0
FF60
EEE0
FBE0
EEE0
3F80
1E00
0400
ENDCHAR
STARTCHAR E8A1
ENCODING 59553
SWIDTH 687 0
DWIDTH 11 0
BBX 13 13 0 -1
BITMAP
0600
1FC0
3C00
7000
F000
E1F0
E1F8
F0F8
F010
7800
7E00
3FC0
0F80
ENDCHAR
STARTCHAR E8A2
ENCODING 59554
SWIDTH 687 0
DWIDTH 11 0
BBX 12 13 0 -1
BITMAP
0600
1F80
3FE0
7FE0
E730
DEF0
E3B0
DA30
E730
7FE0
7FE0
3FC0
0F00
ENDCHAR
STARTCHAR E8A3
ENCODING 59555
SWIDTH 687 0
DWIDTH 11 0
BBX 13 11 0 0
BITMAP
3FC0
3FE0
5FF0
DFF8
FFF0
7FB0
3FE0
1F40
0F80
0700
0200
ENDCHAR
STARTCHAR E8A4
ENCODING 59556
SWIDTH 687 0
DWIDTH 11 0
BBX 13 13 0 -1
BITMAP
0980
1D80
0D80
0180
FDB8
FDB8
0000
CDF0
DDF8
DDF0
1C00
1D80
1D80
ENDCHAR
STARTCHAR E8A5
ENCODING 59557
SWIDTH 687 0
DWIDTH 11 0
BBX 13 13 0 -1
BITMAP
0F80
3060
6030
4090
8108
8208
8008
8308
8408
4810
6030
3060
0F80
ENDCHAR
STARTCHAR E8A6
ENCODING 59558
SWIDTH 687 0
DWIDTH 11 0
BBX 8 13 1 -1
BITMAP
3E
7E
7F
FF
70
60
22
06
07
FF
7F
7E
3E
ENDCHAR
STARTCHAR E8A7
ENCODING 59559
SWIDTH 687 0
DWIDTH 11 0
BBX 13 12 0 -1
BITMAP
0FC0
1FF0
1FF8
3FF0
3FE0
1FC0
7FE0
7FE0
FFC0
7FC0
1F80
0200
ENDCHAR
STARTCHAR E8A8
ENCODING 59560
SWIDTH 687 0
DWIDTH 11 0
BBX 12 12 0 0
BITMAP
0880
C640
3920
0490
0350
00A0
00A0
0050
0050
0020
0020
0020
ENDCHAR
STARTCHAR E8A9
ENCODING 59561
SWIDTH 687 0
DWIDTH 11 0
BBX 13 13 0 -1
BITMAP
0F80
3040
4220
5A90
8AD0
AB48
9688
9308
8F50
5390
4F20
3640
0F80
ENDCHAR
STARTCHAR E8AA
ENCODING 59562
SWIDTH 687 0
DWIDTH 11 0
BBX 12 13 0 -1
BITMAP
0600
0D00
1480
3BC0
6F60
FBF0
9B90
DBD0
7D60
3EC0
1980
0900
0600
ENDCHAR
STARTCHAR E8AB
ENCODING 59563
SWIDTH 687 0
DWIDTH 11 0
BBX 12 3 0 4
BITMAP
EFA0
6FD0
4000
ENDCHAR
STARTCHAR E8AC
ENCODING 59564
SWIDTH 687 0
DWIDTH 11 0
BBX 13 13 0 -1
BITMAP
0F80
3FF0
7FF0
7F90
F808
E008
C068
C048
C098
4710
7820
5FC0
2F80
ENDCHAR
STARTCHAR E8AD
ENCODING 59565
SWIDTH 687 0
DWIDTH 11 0
BBX 13 11 0 0
BITMAP
4800
4EF0
4EF0
4EF0
FF98
FD98
0000
FFF8
FFF0
3CD0
F9F0
ENDCHAR
STARTCHAR E8AE
ENCODING 59566
SWIDTH 687 0
DWIDTH 11 0
BBX 13 13 0 -1
BITMAP
7FF0
8910
FF08
D0F8
D108
E200
A4F8
9480
9880
E870
8808
8408
7EF8
ENDCHAR
STARTCHAR E8AF
ENCODING 59567
SWIDTH 687 0
DWIDTH 11 0
BBX 13 5 0 3
BITMAP
4000
9D10
F530
4988
0600
ENDCHAR
STARTCHAR E8B0
ENCODING 59568
SWIDTH 687 0
DWIDTH 11 0
BBX 12 11 0 0
BITMAP
FFC0
FFC0
FFC0
FFC0
0000
FFC0
FEE0
01F0
FF90
FFF0
7EE0
ENDCHAR
STARTCHAR E8B1
ENCODING 59569
SWIDTH 687 0
DWIDTH 11 0
BBX 11 13 0 -1
BITMAP
0A80
0840
0020
2000
0000
4000
0000
8000
0000
0000
C000
0100
1200
ENDCHAR
STARTCHAR E8B2
ENCODING 59570
SWIDTH 687 0
DWIDTH 11 0
BBX 13 3 0 4
BITMAP
FEF0
D7B8
FFF8
ENDCHAR
STARTCHAR E8B3
ENCODING 59571
SWIDTH 687 0
DWIDTH 11 0
BBX 10 12 0 -1
BITMAP
FF40
FFC0
F1C0
E4C0
E4C0
73C0
7CC0
64C0
60C0
71C0
7FC0
7FC0
ENDCHAR
STARTCHAR E8B4
ENCODING 59572
SWIDTH 687 0
DWIDTH 11 0
BBX 13 7 0 2
BITMAP
0200
8708
E730
7FF0
7FF0
3FE0
3FE0
ENDCHAR
STARTCHAR E8B5
ENCODING 59573
SWIDTH 687 0
DWIDTH 11 0
BBX 13 9 0 1
BITMAP
FFA0
F8F8
C7F8
1F80
0000
FFC0
FE38
E1F8
7FF8
ENDCHAR
STARTCHAR E8B6
ENCODING 59574
SWIDTH 687 0
DWIDTH 11 0
BBX 12 13 0 -1
BITMAP
0400
0C00
1C00
1C00
3C00
7FF0
FE10
FE20
0220
0240
0280
0300
0200
ENDCHAR
STARTCHAR E8B7
ENCODING 59575
SWIDTH 687 0
DWIDTH 11 0
BBX 10 13 0 -1
BITMAP
0700
1FC0
38C0
6240
CFC0
98C0
C040
E640
BC40
99C0
C380
7E00
3C00
ENDCHAR
STARTCHAR E8B8
ENCODING 59576
SWIDTH 687 0
DWIDTH 11 0
BBX 13 13 0 -1
BITMAP
0F80
3FE0
7FF0
6770
EFB8
EFB8
F5F8
EFB8
EFB8
6770
7FF0
3FE0
0F80
ENDCHAR
STARTCHAR E8B9
ENCODING 59577
SWIDTH 687 0
DWIDTH 11 0
BBX 13 13 0 -1
BITMAP
0F00
1CC0
7BE0
77F0
F7F0
FBF8
FDF8
FEF8
FF78
7F70
7EE0
39E0
0F80
ENDCHAR
STARTCHAR E8BA
ENCODING 59578
SWIDTH 687 0
DWIDTH 11 0
BBX 12 8 0 1
BITMAP
0700
0F80
01F0
00E0
7800
BC40
0F80
0700
ENDCHAR
STARTCHAR E8BB
ENCODING 59579
SWIDTH 687 0
DWIDTH 11 0
BBX 11 13 0 -1
BITMAP
0780
1CC0
1060
0020
3320
6320
4060
CCC0
CC80
C000
4180
7300
1E00
ENDCHAR
STARTCHAR E8BC
ENCODING 59580
SWIDTH 687 0
DWIDTH 11 0
BBX 11 12 0 0
BITMAP
1B00
7BC0
FBE0
FB60
9B20
1BC0
1BC0
1B40
1B00
1B00
1B00
0A00
ENDCHAR
STARTCHAR E8BD
ENCODING 59581
SWIDTH 687 0
DWIDTH 11 0
BBX 10 11 0 0
BITMAP
8000
E000
F840
FDC0
3FC0
0FC0
1F00
1C00
1E00
1E00
0600
ENDCHAR
STARTCHAR E8BE
ENCODING 59582
SWIDTH 687 0
DWIDTH 11 0
BBX 12 7 0 2
BITMAP
F890
4F60
4840
4AA0
4E90
6890
0F00
ENDCHAR
STARTCHAR E8BF
ENCODING 59583
SWIDTH 687 0
DWIDTH 11 0
BBX 13 10 0 0
BITMAP
0E80
1580
1540
2540
2B20
3AE0
7620
87D0
8910
F8F8
ENDCHAR
STARTCHAR E8C0
ENCODING 59584
SWIDTH 687 0
DWIDTH 11 0
BBX 12 13 0 -1
BITMAP
7FE0
FFE0
F8F0
FEF0
FDF0
FEF0
F8F0
FFF0
FFF0
FFF0
7DF0
75F0
7FF0
ENDCHAR
STARTCHAR E8C1
ENCODING 59585
SWIDTH 687 0
DWIDTH 11 0
BBX 10 9 0 1
BITMAP
F000
6E00
B7C0
BD80
5F00
6E00
7400
5800
3000
ENDCHAR
STARTCHAR E8C2
ENCODING 59586
SWIDTH 687 0
DWIDTH 11 0
BBX 13 13 0 -1
BITMAP
38E0
7FF0
FFD8
AFE8
9FC8
BDF0
78F0
77F0
E078
F0B8
E078
4630
39E0
ENDCHAR
STARTCHAR E8C3
ENCODING 59587
SWIDTH 687 0
DWIDTH 11 0
BBX 13 9 0 1
BITMAP
0110
01F0
79F0
43F0
4FF0
5FE0
3FC0
48E0
C038
ENDCHAR
STARTCHAR E8C4
ENCODING 59588
SWIDTH 687 0
DWIDTH 11 0
BBX 13 7 0 2
BITMAP
0438
1F38
3FF8
D770
7F80
BEC0
77C0
ENDCHAR
STARTCHAR E8C5
ENCODING 59589
SWIDTH 687 0
DWIDTH 11 0
BBX 9 12 1 -1
BITMAP
7F00
1400
1400
3E00
7F00
FF80
7F00
7F00
3E00
3E00
3E00
3C00
ENDCHAR
STARTCHAR E8C6
ENCODING 59590
SWIDTH 687 0
DWIDTH 11 0
BBX 13 8 0 1
BITMAP
0980
0700
8D88
7070
F8F8
0F80
0700
0880
ENDCHAR
STARTCHAR E8C7
ENCODING 59591
SWIDTH 687 0
DWIDTH 11 0
BBX 13 11 0 0
BITMAP
0600
0E00
38C0
63B0
C338
3060
7DE0
C718
7070
18C0
0700
ENDCHAR
STARTCHAR E8C8
ENCODING 59592
SWIDTH 687 0
DWIDTH 11 0
BBX 12 13 0 -1
BITMAP
3FC0
7FF0
FDF0
FAF0
EDB0
F8F0
EFF0
DBD0
EBD0
C7F0
FCF0
7FF0
3FE0
ENDCHAR
STARTCHAR E8C9
ENCODING 59593
SWIDTH 687 0
DWIDTH 11 0
BBX 12 13 0 -1
BITMAP
F010
4820
2840
2480
1300
0B00
0900
0480
0A80
1240
2120
4090
C0F0
ENDCHAR
STARTCHAR E8CA
ENCODING 59594
SWIDTH 687 0
DWIDTH 11 0
BBX 13 13 0 -1
BITMAP
FFF8
FFF8
FFF8
FFF8
FFF8
FFF8
E118
F378
F338
F388
F348
F318
FFF8
ENDCHAR
STARTCHAR E8CB
ENCODING 59595
SWIDTH 687 0
DWIDTH 11 0
BBX 10 13 0 -1
BITMAP
0800
1E00
0700
6180
FB00
DE00
DE00
DE40
DE00
BE40
BFC0
2F00
0C00
ENDCHAR
STARTCHAR E8CC
ENCODING 59596
SWIDTH 687 0
DWIDTH 11 0
BBX 11 13 0 -1
BITMAP
F1E0
0000
F1E0
F1E0
F1E0
F1E0
F1E0
F1E0
F1E0
F1E0
7BC0
3FC0
1F00
ENDCHAR
STARTCHAR E8CD
ENCODING 59597
SWIDTH 687 0
DWIDTH 11 0
BBX 13 13 0 -1
BITMAP
0700
28C0
4020
8890
9990
8988
8988
8988
8FD0
8E10
4020
2040
1F80
ENDCHAR
STARTCHAR E8CE
ENCODING 59598
SWIDTH 687 0
DWIDTH 11 0
BBX 12 3 0 4
BITMAP
27F0
EFB0
DBF0
ENDCHAR
STARTCHAR E8CF
ENCODING 59599
SWIDTH 687 0
DWIDTH 11 0
BBX 12 10 0 0
BITMAP
0600
EF70
79E0
7FE0
1F80
1980
1F80
1F80
0F00
0600
ENDCHAR
STARTCHAR E8D0
ENCODING 59600
SWIDTH 687 0
DWIDTH 11 0
BBX 12 11 0 -1
BITMAP
E070
F0F0
F0F0
79E0
79E0
3FC0
3FC0
3FC0
1F80
1F80
0F00
ENDCHAR
STARTCHAR E8D1
ENCODING 59601
SWIDTH 687 0
DWIDTH 11 0
BBX 8 9 1 1
BITMAP
08
79
9A
9A
1A
1C
1C
18
18
ENDCHAR
STARTCHAR E8D2
ENCODING 59602
SWIDTH 687 0
DWIDTH 11 0
BBX 12 12 0 -1
BITMAP
FFF0
7FF0
76E0
3FE0
1FC0
1DC0
0F80
0F80
0700
0700
0200
0200
ENDCHAR
STARTCHAR E8D3
ENCODING 59603
SWIDTH 687 0
DWIDTH 11 0
BBX 12 11 0 0
BITMAP
0200
0200
0700
0F00
0F80
1FC0
1FC0
3FE0
7FE0
7FF0
FFF0
ENDCHAR
STARTCHAR E8D4
ENCODING 59604
SWIDTH 687 0
DWIDTH 11 0
BBX 13 13 0 -1
BITMAP
FFF0
FFF8
FFF8
3840
9848
9318
9318
C738
C648
EA48
F1F8
FFF8
FFF0
ENDCHAR
STARTCHAR E8D5
ENCODING 59605
SWIDTH 687 0
DWIDTH 11 0
BBX 13 13 0 -1
BITMAP
0F80
3FE0
7FF0
7FF0
FEF8
EAF8
EA38
FED8
F6B8
7FF0
7FF0
3FE0
0F80
ENDCHAR
STARTCHAR E8D6
ENCODING 59606
SWIDTH 687 0
DWIDTH 11 0
BBX 12 11 0 -1
BITMAP
0070
07E0
F7E0
F7C0
7F80
7F00
3F00
3E00
3C00
1800
1800
ENDCHAR
STARTCHAR E8D7
ENCODING 59607
SWIDTH 687 0
DWIDTH 11 0
BBX 12 11 0 0
BITMAP
0780
FF70
7FF0
7FE0
3FC0
3FC0
1B80
0F80
0F00
0700
0600
ENDCHAR
STARTCHAR E8D8
ENCODING 59608
SWIDTH 687 0
DWIDTH 11 0
BBX 12 11 0 0
BITMAP
E030
6070
7060
18E0
18C0
1CC0
0D80
0F80
0700
0600
0200
ENDCHAR
STARTCHAR E8D9
ENCODING 59609
SWIDTH 687 0
DWIDTH 11 0
BBX 12 11 0 0
BITMAP
0200
0200
0700
0F80
8F80
C310
6220
3240
1880
0D00
0600
ENDCHAR
STARTCHAR E8DA
ENCODING 59610
SWIDTH 687 0
DWIDTH 11 0
BBX 13 13 0 -1
BITMAP
0040
00F0
01F8
43F8
E7B8
7E38
3C38
7E38
FF38
47F8
03F8
00F8
0060
ENDCHAR
STARTCHAR E8DB
ENCODING 59611
SWIDTH 687 0
DWIDTH 11 0
BBX 13 13 0 -1
BITMAP
7CF8
BF08
C088
C7E8
C818
C818
C818
C818
C818
A818
8818
8FE8
7DF8
ENDCHAR
STARTCHAR E8DC
ENCODING 59612
SWIDTH 687 0
DWIDTH 11 0
BBX 13 11 0 0
BITMAP
F8F8
9DD0
8DB0
4F20
2740
2240
1280
1080
0900
0A00
0600
ENDCHAR
STARTCHAR E8DD
ENCODING 59613
SWIDTH 687 0
DWIDTH 11 0
BBX 12 11 0 0
BITMAP
7FE0
7FE0
7FE0
7FE0
FFE0
FFE0
EEE0
F1E0
FFE0
FFF0
FFF0
ENDCHAR
STARTCHAR E8DE
ENCODING 59614
SWIDTH 687 0
DWIDTH 11 0
BBX 12 10 0 0
BITMAP
FDF0
7DF0
7BE0
3BC0
37C0
0780
0F80
0F00
0700
0600
ENDCHAR
STARTCHAR E8DF
ENCODING 59615
SWIDTH 687 0
DWIDTH 11 0
BBX 12 11 0 0
BITMAP
E070
7270
77E0
3EE0
1FC0
1FC0
0F80
0F00
0700
0600
0200
ENDCHAR
STARTCHAR E8E0
ENCODING 59616
SWIDTH 687 0
DWIDTH 11 0
BBX 13 13 0 -1
BITMAP
F8F8
FDF8
FFF8
FFF8
FFF8
FFF8
FFF8
EA98
EA98
EED8
F518
F568
FFF8
ENDCHAR
STARTCHAR E8E1
ENCODING 59617
SWIDTH 687 0
DWIDTH 11 0
BBX 13 13 0 -1
BITMAP
FFF8
FFF8
FFF8
FFF8
EDB8
E578
F978
F478
F4F8
FFF8
FFF8
FFF8
FFF8
ENDCHAR
STARTCHAR E8E2
ENCODING 59618
SWIDTH 687 0
DWIDTH 11 0
BBX 13 9 0 0
BITMAP
4710
CF98
CD98
CD98
CD98
CD98
6730
7FF0
3FE0
ENDCHAR
STARTCHAR E8E3
ENCODING 59619
SWIDTH 687 0
DWIDTH 11 0
BBX 11 12 0 0
BITMAP
1B00
7BC0
7EE0
DFA0
EEE0
FBE0
FBE0
FBE0
6AC0
7BE0
1B00
0200
ENDCHAR
STARTCHAR E8E4
ENCODING 59620
SWIDTH 687 0
DWIDTH 11 0
BBX 11 11 0 0
BITMAP
77C0
FFC0
FFE0
E5E0
67C0
7FC0
7FE0
7FE0
7F80
7F00
0F00
ENDCHAR
STARTCHAR E8E5
ENCODING 59621
SWIDTH 687 0
DWIDTH 11 0
BBX 13 13 0 -1
BITMAP
FDF8
FDF8
FDF8
FDF8
FDF8
FDF8
0000
FDF8
FDF8
FDF8
FDF8
FDF8
FDF8
ENDCHAR
STARTCHAR E8E6
ENCODING 59622
SWIDTH 687 0
DWIDTH 11 0
BBX 13 7 0 2
BITMAP
FFF8
AAC8
ADA8
95A8
9498
FFF8
0100
ENDCHAR
STARTCHAR E8E7
ENCODING 59623
SWIDTH 687 0
DWIDTH 11 0
BBX 12 11 0 0
BITMAP
1FC0
3FC0
3FE0
7660
F2F0
F9F0
F2F0
7660
3FE0
3FC0
1FC0
ENDCHAR
STARTCHAR E8E8
ENCODING 59624
SWIDTH 687 0
DWIDTH 11 0
BBX 12 12 0 0
BITMAP
0100
7EC0
BFF0
F6A0
FB60
F5E0
F7E0
CF60
F6E0
DEE0
AFC0
7F80
ENDCHAR
STARTCHAR E8E9
ENCODING 59625
SWIDTH 687 0
DWIDTH 11 0
BBX 13 13 0 -1
BITMAP
7FF0
FFF8
FFF8
D9D8
EBD8
E618
E6D8
EAD8
D918
FFF8
FFF8
FFF8
7FF0
ENDCHAR
STARTCHAR E8EA
ENCODING 59626
SWIDTH 687 0
DWIDTH 11 0
BBX 13 5 0 3
BITMAP
2020
4C48
3A48
6F40
8AE0
ENDCHAR
STARTCHAR E8EB
ENCODING 59627
SWIDTH 687 0
DWIDTH 11 0
BBX 13 11 0 0
BITMAP
CB00
7B00
3480
2780
28C0
0000
3340
3740
2D40
2D40
2178
ENDCHAR
STARTCHAR E8EC
ENCODING 59628
SWIDTH 687 0
DWIDTH 11 0
BBX 13 13 0 -1
BITMAP
0F80
3FE0
7FF0
7BF0
F7F8
F7F8
FEF8
EFF8
FF78
7FB0
70F0
3FE0
0F80
ENDCHAR
STARTCHAR E8ED
ENCODING 59629
SWIDTH 687 0
DWIDTH 11 0
BBX 13 11 0 0
BITMAP
F078
F0F8
F0F8
F0F0
30E0
0080
0380
0780
0F80
0F80
0F80
ENDCHAR
STARTCHAR E8EE
ENCODING 59630
SWIDTH 687 0
DWIDTH 11 0
BBX 12 10 0 0
BITMAP
8160
F760
5760
5F40
4000
01B0
5FF0
7AA0
F7A0
4000
ENDCHAR
STARTCHAR E8EF
ENCODING 59631
SWIDTH 687 0
DWIDTH 11 0
BBX 13 12 0 0
BITMAP
0030
FFE8
EFD8
C198
C398
C718
CE18
DC18
DFB8
BF78
6000
8000
ENDCHAR
STARTCHAR EE00
ENCODING 60928
SWIDTH 687 0
DWIDTH 11 0
BBX 8 11 3 0
BITMAP
FF
C0
C0
C0
C0
C0
C0
C0
C0
C0
FF
ENDCHAR
STARTCHAR EE01
ENCODING 60929
SWIDTH 687 0
DWIDTH 11 0
BBX 11 11 0 0
BITMAP
FFE0
0000
0000
0000
0000
0000
0000
0000
0000
0000
FFE0
ENDCHAR
STARTCHAR EE02
ENCODING 60930
SWIDTH 687 0
DWIDTH 11 0
BBX 8 11 0 0
BITMAP
FF
03
03
03
03
03
03
03
03
03
FF
ENDCHAR
STARTCHAR EE03
ENCODING 60931
SWIDTH 687 0
DWIDTH 11 0
BBX 8 11 3 0
BITMAP
FF
C0
DF
DF
DF
DF
DF
DF
DF
C0
FF
ENDCHAR
STARTCHAR EE04
ENCODING 60932
SWIDTH 687 0
DWIDTH 11 0
BBX 11 11 0 0
BITMAP
FFE0
0000
FFE0
FFE0
FFE0
FFE0
FFE0
FFE0
FFE0
0000
FFE0
ENDCHAR
STARTCHAR EE05
ENCODING 60933
SWIDTH 687 0
DWIDTH 11 0
BBX 8 11 0 0
BITMAP
FF
03
FB
FB
FB
FB
FB
FB
FB
03
FF
ENDCHAR
STARTCHAR EE06
ENCODING 60934
SWIDTH 1312 0
DWIDTH 21 0
BBX 5 1 8 9
BITMAP
F8
ENDCHAR
STARTCHAR EE07
ENCODING 60935
SWIDTH 1312 0
DWIDTH 21 0
BBX 6 9 10 2
BITMAP
E0
30
08
0C
04
04
04
04
04
ENDCHAR
STARTCHAR EE08
ENCODING 60936
SWIDTH 1312 0
DWIDTH 21 0
BBX 7 9 9 -1
BITMAP
02
02
02
02
02
06
04
18
F0
ENDCHAR
STARTCHAR EE09
ENCODING 60937
SWIDTH 1312 0
DWIDTH 21 0
BBX 12 6 5 -1
BITMAP
8010
8010
C020
6060
30C0
1F00
ENDCHAR
STARTCHAR EE0A
ENCODING 60938
SWIDTH 1312 0
DWIDTH 21 0
BBX 7 9 5 -1
BITMAP
80
80
80
80
80
C0
40
30
1E
ENDCHAR
STARTCHAR EE0B
ENCODING 60939
SWIDTH 1312 0
DWIDTH 21 0
BBX 6 9 5 2
BITMAP
1C
30
40
C0
80
80
80
80
80
ENDCHAR
STARTCHAR F880
ENCODING 63616
SWIDTH 687 0
DWIDTH 11 0
BBX 7 12 2 0
BITMAP
FE
92
AE
D2
A6
CA
92
AE
D2
A6
CA
FE
ENDCHAR
STARTCHAR F881
ENCODING 63617
SWIDTH 1312 0
DWIDTH 21 0
BBX 13 11 4 0
BITMAP
1040
0A80
0A80
0D80
1AC0
EFB8
0D80
1AC0
0D80
0880
1040
ENDCHAR
STARTCHAR F882
ENCODING 63618
SWIDTH 687 0
DWIDTH 11 0
BBX 8 16 1 0
BITMAP
21
21
42
00
F7
F7
61
61
61
61
61
61
61
6D
FF
F6
ENDCHAR
STARTCHAR F883
ENCODING 63619
SWIDTH 687 0
DWIDTH 11 0
BBX 10 16 0 -4
BITMAP
1040
10C0
2080
0000
71C0
71C0
30C0
30C0
30C0
30C0
F8C0
F8C0
00C0
0CC0
0780
0300
ENDCHAR
STARTCHAR F891
ENCODING 63633
SWIDTH 0 0
DWIDTH 0 0
BBX 5 5 -8 9
BITMAP
70
F8
20
20
20
ENDCHAR
STARTCHAR F892
ENCODING 63634
SWIDTH 0 0
DWIDTH 0 0
BBX 5 5 -8 9
BITMAP
70
F8
20
20
20
ENDCHAR
STARTCHAR F896
ENCODING 63638
SWIDTH 0 0
DWIDTH 0 0
BBX 2 19 -2 -4
BITMAP
40
C0
00
00
00
00
00
00
00
00
00
00
00
00
00
00
00
C0
40
ENDCHAR
STARTCHAR F897
ENCODING 63639
SWIDTH 0 0
DWIDTH 0 0
BBX 2 19 0 -4
BITMAP
80
C0
00
00
00
00
00
00
00
00
00
00
00
00
00
00
00
C0
80
ENDCHAR
STARTCHAR F898
ENCODING 63640
SWIDTH 0 0
DWIDTH 0 0
BBX 2 23 -2 -7
BITMAP
40
C0
00
00
00
00
00
00
00
00
00
00
00
00
00
00
00
00
00
00
00
00
C0
ENDCHAR
STARTCHAR F899
ENCODING 63641
SWIDTH 0 0
DWIDTH 0 0
BBX 2 23 0 -7
BITMAP
80
C0
00
00
00
00
00
00
00
00
00
00
00
00
00
00
00
00
00
00
00
00
C0
ENDCHAR
STARTCHAR F89A
ENCODING 63642
SWIDTH 0 0
DWIDTH 0 0
BBX 42 1 -21 0
BITMAP
FFFFFFFFFFC0
ENDCHAR
STARTCHAR F89B
ENCODING 63643
SWIDTH 0 0
DWIDTH 0 0
BBX 2 4 -2 -2
BITMAP
80
C0
C0
80
ENDCHAR
STARTCHAR F89C
ENCODING 63644
SWIDTH 0 0
DWIDTH 0 0
BBX 2 4 0 -2
BITMAP
40
C0
C0
40
ENDCHAR
STARTCHAR F89D
ENCODING 63645
SWIDTH 687 0
DWIDTH 11 0
BBX 0 0 0 0
BITMAP
ENDCHAR
STARTCHAR F89E
ENCODING 63646
SWIDTH 687 0
DWIDTH 11 0
BBX 0 0 0 0
BITMAP
ENDCHAR
STARTCHAR F89F
ENCODING 63647
SWIDTH 687 0
DWIDTH 11 0
BBX 10 20 1 -5
BITMAP
0800
0800
F800
0800
0F80
0800
0800
0F80
0800
0800
F800
0800
0800
0800
0800
0FC0
0800
0800
F800
0F80
ENDCHAR
STARTCHAR FB00
ENCODING 64256
SWIDTH 625 0
DWIDTH 10 0
BBX 8 13 1 0
BITMAP
33
77
7F
66
66
FF
FF
66
66
66
66
FF
FF
ENDCHAR
STARTCHAR FB01
ENCODING 64257
SWIDTH 625 0
DWIDTH 10 0
BBX 8 13 1 0
BITMAP
3C
7C
60
60
FE
FE
66
66
66
66
66
FF
FF
ENDCHAR
STARTCHAR FB02
ENCODING 64258
SWIDTH 625 0
DWIDTH 10 0
BBX 8 13 1 0
BITMAP
3E
7E
66
66
66
FE
FE
66
66
66
66
FF
FF
ENDCHAR
STARTCHAR FB03
ENCODING 64259
SWIDTH 687 0
DWIDTH 11 0
BBX 9 13 1 0
BITMAP
3600
7E00
4800
4800
FF00
FF00
4900
4900
4900
4900
4900
FF80
FF80
ENDCHAR
STARTCHAR FB04
ENCODING 64260
SWIDTH 687 0
DWIDTH 11 0
BBX 9 13 1 0
BITMAP
3F00
7F00
4900
4900
4900
FD00
FD00
4900
4900
4900
4900
FF80
FF80
ENDCHAR
STARTCHAR FB05
ENCODING 64261
SWIDTH 687 0
DWIDTH 11 0
BBX 9 13 2 0
BITMAP
3C00
7C00
6C00
6C00
6F00
6F00
6C00
6C00
6C00
6C00
6D80
EF00
E700
ENDCHAR
STARTCHAR FB06
ENCODING 64262
SWIDTH 625 0
DWIDTH 10 0
BBX 9 13 1 0
BITMAP
1E00
3E00
2600
3600
FF00
FF00
9600
C600
6600
3600
B780
F780
F300
ENDCHAR
STARTCHAR FB29
ENCODING 64297
SWIDTH 687 0
DWIDTH 11 0
BBX 7 4 2 5
BITMAP
30
30
30
FE
ENDCHAR
STARTCHAR FEFF
ENCODING 65279
SWIDTH 0 0
DWIDTH 0 0
BBX 0 0 0 0
BITMAP
ENDCHAR
STARTCHAR FFFC
ENCODING 65532
SWIDTH 1312 0
DWIDTH 21 0
BBX 17 17 2 -3
BITMAP
EF7380
800080
800080
800080
000000
BBCC80
A94480
A94480
29C400
A94480
A95480
BBDC80
000000
800080
800080
800080
EF7380
ENDCHAR
STARTCHAR FFFD
ENCODING 65533
SWIDTH 687 0
DWIDTH 11 0
BBX 8 13 1 0
BITMAP
08
1C
3C
22
5A
7B
F3
7F
66
36
1C
18
08
ENDCHAR
ENDFONT
